solid OpenSCAD_Model
  facet normal 0.999229036240723 0 0.039259815759068846
    outer loop
      vertex 25.815716042803068 21 11.6
      vertex 25.831443195922095 21 11.199717223575982
      vertex 25.831443195922095 24 11.199717223575982
    endloop
  endfacet
  facet normal 0 1 0
    outer loop
      vertex 25.815716042803068 21 11.6
      vertex 30.51571604280307 21 11.6
      vertex 25.831443195922095 21 11.199717223575982
    endloop
  endfacet
  facet normal 0 1 0
    outer loop
      vertex 25.831443195922095 21 11.199717223575982
      vertex 30.51571604280307 21 11.6
      vertex 25.925578925929596 21 10.404368456589646
    endloop
  endfacet
  facet normal 0.999229036240723 0 0.039259815759068846
    outer loop
      vertex 25.815716042803068 21 11.6
      vertex 25.831443195922095 24 11.199717223575982
      vertex 25.815716042803068 24 11.6
    endloop
  endfacet
  facet normal 0.9930684569549262 0 0.11753739745783845
    outer loop
      vertex 25.831443195922095 21 11.199717223575982
      vertex 25.925578925929596 21 10.404368456589646
      vertex 25.925578925929596 24 10.404368456589646
    endloop
  endfacet
  facet normal 0 1 0
    outer loop
      vertex 25.925578925929596 21 10.404368456589646
      vertex 30.51571604280307 21 11.6
      vertex 26.0818268119437 21 9.618857288669766
    endloop
  endfacet
  facet normal 0 1 0
    outer loop
      vertex 30.51571604280307 21 11.6
      vertex 26.299223533789437 21 8.848026657375536
      vertex 26.0818268119437 21 9.618857288669766
    endloop
  endfacet
  facet normal 0.9930684569549262 0 0.11753739745783845
    outer loop
      vertex 25.831443195922095 21 11.199717223575982
      vertex 25.925578925929596 24 10.404368456589646
      vertex 25.831443195922095 24 11.199717223575982
    endloop
  endfacet
  facet normal 0.9807852804032305 0 0.19509032201612828
    outer loop
      vertex 25.925578925929596 21 10.404368456589646
      vertex 26.0818268119437 24 9.618857288669766
      vertex 25.925578925929596 24 10.404368456589646
    endloop
  endfacet
  facet normal 0.9807852804032305 0 0.19509032201612828
    outer loop
      vertex 25.925578925929596 21 10.404368456589646
      vertex 26.0818268119437 21 9.618857288669766
      vertex 26.0818268119437 24 9.618857288669766
    endloop
  endfacet
  facet normal 0.9624552364536465 0 0.27144044986507726
    outer loop
      vertex 26.0818268119437 21 9.618857288669766
      vertex 26.299223533789437 21 8.848026657375536
      vertex 26.299223533789437 24 8.848026657375536
    endloop
  endfacet
  facet normal 0 1 0
    outer loop
      vertex 30.51571604280307 21 11.6
      vertex 26.576428768384876 21 8.096628989876084
      vertex 26.299223533789437 21 8.848026657375536
    endloop
  endfacet
  facet normal 0 1 0
    outer loop
      vertex 30.51571604280307 21 11.6
      vertex 26.91173345327865 21 7.3692969026566235
      vertex 26.576428768384876 21 8.096628989876084
    endloop
  endfacet
  facet normal 0.9624552364536465 0 0.27144044986507726
    outer loop
      vertex 26.0818268119437 21 9.618857288669766
      vertex 26.299223533789437 24 8.848026657375536
      vertex 26.0818268119437 24 9.618857288669766
    endloop
  endfacet
  facet normal 0.9381913359224854 0 0.3461170570774897
    outer loop
      vertex 26.299223533789437 21 8.848026657375536
      vertex 26.576428768384876 21 8.096628989876084
      vertex 26.576428768384876 24 8.096628989876084
    endloop
  endfacet
  facet normal 0.9381913359224854 0 0.3461170570774897
    outer loop
      vertex 26.299223533789437 21 8.848026657375536
      vertex 26.576428768384876 24 8.096628989876084
      vertex 26.299223533789437 24 8.848026657375536
    endloop
  endfacet
  facet normal 0 1 0
    outer loop
      vertex 30.51571604280307 21 11.6
      vertex 27.30307032358826 21 6.6705146398973225
      vertex 26.91173345327865 21 7.3692969026566235
    endloop
  endfacet
  facet normal 0 1 0
    outer loop
      vertex 30.51571604280307 21 11.6
      vertex 27.748026657375537 21 6.004590426616774
      vertex 27.30307032358826 21 6.6705146398973225
    endloop
  endfacet
  facet normal 0 1 0
    outer loop
      vertex 30.51571604280307 21 11.6
      vertex 30.5169546644678 21 11.568474973496853
      vertex 30.670514639897323 21 3.30307032358826
    endloop
  endfacet
  facet normal 0 1 0
    outer loop
      vertex 30.5169546644678 21 11.568474973496853
      vertex 30.567714126726745 21 11.13961044227873
      vertex 30.670514639897323 21 3.30307032358826
    endloop
  endfacet
  facet normal 0 1 0
    outer loop
      vertex 30.567714126726745 21 11.13961044227873
      vertex 30.651965437812784 21 10.716050498792521
      vertex 30.670514639897323 21 3.30307032358826
    endloop
  endfacet
  facet normal 0 1 0
    outer loop
      vertex 30.651965437812784 21 10.716050498792521
      vertex 30.76918916037666 21 10.30040653093779
      vertex 30.670514639897323 21 3.30307032358826
    endloop
  endfacet
  facet normal 0 1 0
    outer loop
      vertex 41.48428395719693 21 11.6
      vertex 43.200000000000045 21 11.6
      vertex 41.4830453355322 21 11.568474973496853
    endloop
  endfacet
  facet normal 0 1 0
    outer loop
      vertex 41.4830453355322 21 11.568474973496853
      vertex 41.99540957338323 21 3.7480266573755365
      vertex 41.43228587327326 21 11.13961044227873
    endloop
  endfacet
  facet normal 0 1 0
    outer loop
      vertex 41.43228587327326 21 11.13961044227873
      vertex 41.99540957338323 21 3.7480266573755365
      vertex 41.34803456218722 21 10.716050498792521
    endloop
  endfacet
  facet normal 0 1 0
    outer loop
      vertex 41.34803456218722 21 10.716050498792521
      vertex 41.99540957338323 21 3.7480266573755365
      vertex 41.230810839623345 21 10.30040653093779
    endloop
  endfacet
  facet normal 0 1 0
    outer loop
      vertex 41.4830453355322 21 11.568474973496853
      vertex 43.200000000000045 21 11.6
      vertex 41.99540957338323 21 3.7480266573755365
    endloop
  endfacet
  facet normal 0.9081431738250803 0 0.41865973753743024
    outer loop
      vertex 26.576428768384876 21 8.096628989876084
      vertex 26.91173345327865 21 7.3692969026566235
      vertex 26.91173345327865 24 7.3692969026566235
    endloop
  endfacet
  facet normal 0.9081431738250803 0 0.41865973753743024
    outer loop
      vertex 26.576428768384876 21 8.096628989876084
      vertex 26.91173345327865 24 7.3692969026566235
      vertex 26.576428768384876 24 8.096628989876084
    endloop
  endfacet
  facet normal 0.8724960070727988 0 0.48862124149695196
    outer loop
      vertex 26.91173345327865 21 7.3692969026566235
      vertex 27.30307032358826 24 6.6705146398973225
      vertex 26.91173345327865 24 7.3692969026566235
    endloop
  endfacet
  facet normal 0.8724960070727988 0 0.48862124149695196
    outer loop
      vertex 26.91173345327865 21 7.3692969026566235
      vertex 27.30307032358826 21 6.6705146398973225
      vertex 27.30307032358826 24 6.6705146398973225
    endloop
  endfacet
  facet normal 0.8314696123025448 0 0.5555702330196028
    outer loop
      vertex 27.30307032358826 21 6.6705146398973225
      vertex 27.748026657375537 21 6.004590426616774
      vertex 27.748026657375537 24 6.004590426616774
    endloop
  endfacet
  facet normal 0.8314696123025448 0 0.5555702330196028
    outer loop
      vertex 27.30307032358826 21 6.6705146398973225
      vertex 27.748026657375537 24 6.004590426616774
      vertex 27.30307032358826 24 6.6705146398973225
    endloop
  endfacet
  facet normal 0 1 0
    outer loop
      vertex 30.51571604280307 21 11.6
      vertex 28.243859150879686 21 5.375629907032127
      vertex 27.748026657375537 21 6.004590426616774
    endloop
  endfacet
  facet normal 0 1 0
    outer loop
      vertex 30.51571604280307 21 11.6
      vertex 28.787510831897215 21 4.787510831897215
      vertex 28.243859150879686 21 5.375629907032127
    endloop
  endfacet
  facet normal 0 1 0
    outer loop
      vertex 30.76918916037666 21 10.30040653093779
      vertex 30.918662571187927 21 9.895241121992006
      vertex 30.670514639897323 21 3.30307032358826
    endloop
  endfacet
  facet normal 0 1 0
    outer loop
      vertex 30.918662571187927 21 9.895241121992006
      vertex 31.099464116963976 21 9.503052251432493
      vertex 30.670514639897323 21 3.30307032358826
    endloop
  endfacet
  facet normal 0 1 0
    outer loop
      vertex 30.51571604280307 21 11.6
      vertex 29.375629907032128 21 4.243859150879685
      vertex 28.787510831897215 21 4.787510831897215
    endloop
  endfacet
  facet normal 0 1 0
    outer loop
      vertex 30.51571604280307 21 11.6
      vertex 30.004590426616772 21 3.7480266573755365
      vertex 29.375629907032128 21 4.243859150879685
    endloop
  endfacet
  facet normal 0 1 0
    outer loop
      vertex 30.51571604280307 21 11.6
      vertex 30.670514639897323 21 3.30307032358826
      vertex 30.004590426616772 21 3.7480266573755365
    endloop
  endfacet
  facet normal 0.7853169308807442 0 0.6190939493098351
    outer loop
      vertex 27.748026657375537 21 6.004590426616774
      vertex 28.243859150879686 21 5.375629907032127
      vertex 28.243859150879686 24 5.375629907032127
    endloop
  endfacet
  facet normal 0.7853169308807442 0 0.6190939493098351
    outer loop
      vertex 27.748026657375537 21 6.004590426616774
      vertex 28.243859150879686 24 5.375629907032127
      vertex 27.748026657375537 24 6.004590426616774
    endloop
  endfacet
  facet normal 0 1 0
    outer loop
      vertex 31.099464116963976 21 9.503052251432493
      vertex 31.36929690265662 21 2.9117334532786483
      vertex 30.670514639897323 21 3.30307032358826
    endloop
  endfacet
  facet normal 0.7343225094356866 0 0.6788007455329407
    outer loop
      vertex 28.243859150879686 21 5.375629907032127
      vertex 28.787510831897215 24 4.787510831897215
      vertex 28.243859150879686 24 5.375629907032127
    endloop
  endfacet
  facet normal 0.7343225094356866 0 0.6788007455329407
    outer loop
      vertex 28.243859150879686 21 5.375629907032127
      vertex 28.787510831897215 21 4.787510831897215
      vertex 28.787510831897215 24 4.787510831897215
    endloop
  endfacet
  facet normal 0.6788007455329408 0 0.7343225094356867
    outer loop
      vertex 28.787510831897215 21 4.787510831897215
      vertex 29.375629907032128 21 4.243859150879685
      vertex 29.375629907032128 24 4.243859150879685
    endloop
  endfacet
  facet normal 0.6788007455329408 0 0.7343225094356867
    outer loop
      vertex 28.787510831897215 21 4.787510831897215
      vertex 29.375629907032128 24 4.243859150879685
      vertex 28.787510831897215 24 4.787510831897215
    endloop
  endfacet
  facet normal 0.619093949309836 0 0.7853169308807433
    outer loop
      vertex 29.375629907032128 21 4.243859150879685
      vertex 30.004590426616772 24 3.7480266573755365
      vertex 29.375629907032128 24 4.243859150879685
    endloop
  endfacet
  facet normal 0 1 0
    outer loop
      vertex 31.099464116963976 21 9.503052251432493
      vertex 31.310479096052493 21 9.126257894062283
      vertex 31.36929690265662 21 2.9117334532786483
    endloop
  endfacet
  facet normal 0 1 0
    outer loop
      vertex 31.310479096052493 21 9.126257894062283
      vertex 31.550406530937792 21 8.767181112391398
      vertex 31.36929690265662 21 2.9117334532786483
    endloop
  endfacet
  facet normal 0 1 0
    outer loop
      vertex 31.550406530937792 21 8.767181112391398
      vertex 31.81776718919983 21 8.428035734183991
      vertex 31.36929690265662 21 2.9117334532786483
    endloop
  endfacet
  facet normal 0 1 0
    outer loop
      vertex 31.81776718919983 21 8.428035734183991
      vertex 32.110912703473986 21 8.11091270347399
      vertex 32.09662898987609 21 2.5764287683848757
    endloop
  endfacet
  facet normal 0 1 0
    outer loop
      vertex 32.110912703473986 21 8.11091270347399
      vertex 32.42803573418399 21 7.817767189199831
      vertex 32.09662898987609 21 2.5764287683848757
    endloop
  endfacet
  facet normal 0 1 0
    outer loop
      vertex 32.42803573418399 21 7.817767189199831
      vertex 32.7671811123914 21 7.55040653093779
      vertex 32.848026657375534 21 2.2992235337894353
    endloop
  endfacet
  facet normal 0 1 0
    outer loop
      vertex 32.7671811123914 21 7.55040653093779
      vertex 33.126257894062284 21 7.310479096052495
      vertex 32.848026657375534 21 2.2992235337894353
    endloop
  endfacet
  facet normal 0 1 0
    outer loop
      vertex 33.126257894062284 21 7.310479096052495
      vertex 33.50305225143249 21 7.099464116963978
      vertex 33.618857288669766 21 2.0818268119436993
    endloop
  endfacet
  facet normal 0 1 0
    outer loop
      vertex 33.50305225143249 21 7.099464116963978
      vertex 33.89524112199201 21 6.918662571187925
      vertex 33.618857288669766 21 2.0818268119436993
    endloop
  endfacet
  facet normal 0 1 0
    outer loop
      vertex 33.89524112199201 21 6.918662571187925
      vertex 34.300406530937785 21 6.769189160376658
      vertex 34.404368456589644 21 1.925578925929596
    endloop
  endfacet
  facet normal 0 1 0
    outer loop
      vertex 31.81776718919983 21 8.428035734183991
      vertex 32.09662898987609 21 2.5764287683848757
      vertex 31.36929690265662 21 2.9117334532786483
    endloop
  endfacet
  facet normal 0 1 0
    outer loop
      vertex 32.42803573418399 21 7.817767189199831
      vertex 32.848026657375534 21 2.2992235337894353
      vertex 32.09662898987609 21 2.5764287683848757
    endloop
  endfacet
  facet normal 0 1 0
    outer loop
      vertex 34.300406530937785 21 6.769189160376658
      vertex 34.71605049879253 21 6.65196543781278
      vertex 34.404368456589644 21 1.925578925929596
    endloop
  endfacet
  facet normal 0 1 0
    outer loop
      vertex 34.71605049879253 21 6.65196543781278
      vertex 35.13961044227873 21 6.567714126726743
      vertex 35.19971722357598 21 1.8314431959220947
    endloop
  endfacet
  facet normal 0 1 0
    outer loop
      vertex 36.86038955772127 21 6.567714126726743
      vertex 37.595631543410356 21 1.925578925929596
      vertex 36.431525026503145 21 6.516954664467797
    endloop
  endfacet
  facet normal 0 1 0
    outer loop
      vertex 36.86038955772127 21 6.567714126726743
      vertex 37.28394950120747 21 6.65196543781278
      vertex 37.595631543410356 21 1.925578925929596
    endloop
  endfacet
  facet normal 0 1 0
    outer loop
      vertex 35.13961044227873 21 6.567714126726743
      vertex 35.568474973496855 21 6.516954664467797
      vertex 35.19971722357598 21 1.8314431959220947
    endloop
  endfacet
  facet normal 0 1 0
    outer loop
      vertex 35.568474973496855 21 6.516954664467797
      vertex 36 21 6.500000000000002
      vertex 36 21 1.8000000000000007
    endloop
  endfacet
  facet normal 0 1 0
    outer loop
      vertex 36 21 6.500000000000002
      vertex 36.431525026503145 21 6.516954664467797
      vertex 36.80028277642402 21 1.8314431959220947
    endloop
  endfacet
  facet normal 0.619093949309836 0 0.7853169308807433
    outer loop
      vertex 29.375629907032128 21 4.243859150879685
      vertex 30.004590426616772 21 3.7480266573755365
      vertex 30.004590426616772 24 3.7480266573755365
    endloop
  endfacet
  facet normal 0.5555702330195997 0 0.8314696123025469
    outer loop
      vertex 30.004590426616772 21 3.7480266573755365
      vertex 30.670514639897323 21 3.30307032358826
      vertex 30.670514639897323 24 3.30307032358826
    endloop
  endfacet
  facet normal 0.4886212414969567 0 0.872496007072796
    outer loop
      vertex 30.670514639897323 21 3.30307032358826
      vertex 31.36929690265662 21 2.9117334532786483
      vertex 31.36929690265662 24 2.9117334532786483
    endloop
  endfacet
  facet normal 0.5555702330195997 0 0.8314696123025469
    outer loop
      vertex 30.004590426616772 21 3.7480266573755365
      vertex 30.670514639897323 24 3.30307032358826
      vertex 30.004590426616772 24 3.7480266573755365
    endloop
  endfacet
  facet normal 0.4886212414969567 0 0.872496007072796
    outer loop
      vertex 30.670514639897323 21 3.30307032358826
      vertex 31.36929690265662 24 2.9117334532786483
      vertex 30.670514639897323 24 3.30307032358826
    endloop
  endfacet
  facet normal 0 1 0
    outer loop
      vertex 33.126257894062284 21 7.310479096052495
      vertex 33.618857288669766 21 2.0818268119436993
      vertex 32.848026657375534 21 2.2992235337894353
    endloop
  endfacet
  facet normal 0 1 0
    outer loop
      vertex 33.89524112199201 21 6.918662571187925
      vertex 34.404368456589644 21 1.925578925929596
      vertex 33.618857288669766 21 2.0818268119436993
    endloop
  endfacet
  facet normal 0.41865973753742597 0 0.9081431738250824
    outer loop
      vertex 31.36929690265662 21 2.9117334532786483
      vertex 32.09662898987609 21 2.5764287683848757
      vertex 32.09662898987609 24 2.5764287683848757
    endloop
  endfacet
  facet normal 0.3461170570774938 0 0.9381913359224838
    outer loop
      vertex 32.09662898987609 21 2.5764287683848757
      vertex 32.848026657375534 21 2.2992235337894353
      vertex 32.848026657375534 24 2.2992235337894353
    endloop
  endfacet
  facet normal 0.2714404498650746 0 0.9624552364536471
    outer loop
      vertex 32.848026657375534 21 2.2992235337894353
      vertex 33.618857288669766 21 2.0818268119436993
      vertex 33.618857288669766 24 2.0818268119436993
    endloop
  endfacet
  facet normal 0.41865973753742597 0 0.9081431738250824
    outer loop
      vertex 31.36929690265662 21 2.9117334532786483
      vertex 32.09662898987609 24 2.5764287683848757
      vertex 31.36929690265662 24 2.9117334532786483
    endloop
  endfacet
  facet normal 0.3461170570774938 0 0.9381913359224838
    outer loop
      vertex 32.09662898987609 21 2.5764287683848757
      vertex 32.848026657375534 24 2.2992235337894353
      vertex 32.09662898987609 24 2.5764287683848757
    endloop
  endfacet
  facet normal 0.2714404498650746 0 0.9624552364536471
    outer loop
      vertex 32.848026657375534 21 2.2992235337894353
      vertex 33.618857288669766 24 2.0818268119436993
      vertex 32.848026657375534 24 2.2992235337894353
    endloop
  endfacet
  facet normal 0.19509032201612866 0 0.9807852804032303
    outer loop
      vertex 33.618857288669766 21 2.0818268119436993
      vertex 34.404368456589644 24 1.925578925929596
      vertex 33.618857288669766 24 2.0818268119436993
    endloop
  endfacet
  facet normal 0 1 0
    outer loop
      vertex 34.71605049879253 21 6.65196543781278
      vertex 35.19971722357598 21 1.8314431959220947
      vertex 34.404368456589644 21 1.925578925929596
    endloop
  endfacet
  facet normal 0 1 0
    outer loop
      vertex 35.568474973496855 21 6.516954664467797
      vertex 36 21 1.8000000000000007
      vertex 35.19971722357598 21 1.8314431959220947
    endloop
  endfacet
  facet normal 0 1 0
    outer loop
      vertex 36 21 6.500000000000002
      vertex 36.80028277642402 21 1.8314431959220947
      vertex 36 21 1.8000000000000007
    endloop
  endfacet
  facet normal 0 1 0
    outer loop
      vertex 36.431525026503145 21 6.516954664467797
      vertex 37.595631543410356 21 1.925578925929596
      vertex 36.80028277642402 21 1.8314431959220947
    endloop
  endfacet
  facet normal 0.19509032201612866 0 0.9807852804032303
    outer loop
      vertex 33.618857288669766 21 2.0818268119436993
      vertex 34.404368456589644 21 1.925578925929596
      vertex 34.404368456589644 24 1.925578925929596
    endloop
  endfacet
  facet normal 0.11753739745783845 0 0.9930684569549262
    outer loop
      vertex 34.404368456589644 21 1.925578925929596
      vertex 35.19971722357598 21 1.8314431959220947
      vertex 35.19971722357598 24 1.8314431959220947
    endloop
  endfacet
  facet normal 0.03925981575906774 0 0.9992290362407229
    outer loop
      vertex 35.19971722357598 21 1.8314431959220947
      vertex 36 21 1.8000000000000007
      vertex 36 24 1.8000000000000007
    endloop
  endfacet
  facet normal -0.03925981575906774 0 0.9992290362407229
    outer loop
      vertex 36.80028277642402 21 1.8314431959220947
      vertex 36.80028277642402 24 1.8314431959220947
      vertex 36 21 1.8000000000000007
    endloop
  endfacet
  facet normal -0.11753739745783845 0 0.9930684569549262
    outer loop
      vertex 36.80028277642402 21 1.8314431959220947
      vertex 37.595631543410356 21 1.925578925929596
      vertex 37.595631543410356 24 1.925578925929596
    endloop
  endfacet
  facet normal 0.11753739745783845 0 0.9930684569549262
    outer loop
      vertex 34.404368456589644 21 1.925578925929596
      vertex 35.19971722357598 24 1.8314431959220947
      vertex 34.404368456589644 24 1.925578925929596
    endloop
  endfacet
  facet normal 0.03925981575906774 0 0.9992290362407229
    outer loop
      vertex 35.19971722357598 21 1.8314431959220947
      vertex 36 24 1.8000000000000007
      vertex 35.19971722357598 24 1.8314431959220947
    endloop
  endfacet
  facet normal -0.03925981575906774 0 0.9992290362407229
    outer loop
      vertex 36 21 1.8000000000000007
      vertex 36.80028277642402 24 1.8314431959220947
      vertex 36 24 1.8000000000000007
    endloop
  endfacet
  facet normal -0.11753739745783845 0 0.9930684569549262
    outer loop
      vertex 36.80028277642402 21 1.8314431959220947
      vertex 37.595631543410356 24 1.925578925929596
      vertex 36.80028277642402 24 1.8314431959220947
    endloop
  endfacet
  facet normal 0 1 0
    outer loop
      vertex 40.44959346906221 21 8.767181112391398
      vertex 40.63070309734338 21 2.9117334532786483
      vertex 40.182232810800166 21 8.428035734183991
    endloop
  endfacet
  facet normal 0 1 0
    outer loop
      vertex 39.889087296526014 21 8.110912703473987
      vertex 39.90337101012391 21 2.5764287683848757
      vertex 39.57196426581601 21 7.817767189199831
    endloop
  endfacet
  facet normal 0 1 0
    outer loop
      vertex 40.182232810800166 21 8.428035734183991
      vertex 40.63070309734338 21 2.9117334532786483
      vertex 39.889087296526014 21 8.110912703473987
    endloop
  endfacet
  facet normal 0 1 0
    outer loop
      vertex 41.230810839623345 21 10.30040653093779
      vertex 41.32948536010268 21 3.30307032358826
      vertex 41.08133742881208 21 9.895241121992006
    endloop
  endfacet
  facet normal 0 1 0
    outer loop
      vertex 41.08133742881208 21 9.895241121992006
      vertex 41.32948536010268 21 3.30307032358826
      vertex 40.90053588303603 21 9.503052251432493
    endloop
  endfacet
  facet normal 0 1 0
    outer loop
      vertex 40.90053588303603 21 9.503052251432493
      vertex 41.32948536010268 21 3.30307032358826
      vertex 40.6895209039475 21 9.126257894062283
    endloop
  endfacet
  facet normal 0 1 0
    outer loop
      vertex 40.44959346906221 21 8.767181112391398
      vertex 40.6895209039475 21 9.126257894062283
      vertex 41.32948536010268 21 3.30307032358826
    endloop
  endfacet
  facet normal 0 1 0
    outer loop
      vertex 43.200000000000045 21 11.6
      vertex 42.62437009296787 21 4.243859150879685
      vertex 41.99540957338323 21 3.7480266573755365
    endloop
  endfacet
  facet normal 0 1 0
    outer loop
      vertex 43.200000000000045 21 11.6
      vertex 43.200000000000045 21 4.775965963654322
      vertex 42.62437009296787 21 4.243859150879685
    endloop
  endfacet
  facet normal 0 1 0
    outer loop
      vertex 38.873742105937716 21 7.310479096052494
      vertex 39.151973342624466 21 2.2992235337894353
      vertex 38.49694774856751 21 7.099464116963978
    endloop
  endfacet
  facet normal 0 1 0
    outer loop
      vertex 38.10475887800799 21 6.918662571187925
      vertex 38.381142711330234 21 2.0818268119436993
      vertex 37.699593469062215 21 6.769189160376658
    endloop
  endfacet
  facet normal 0 1 0
    outer loop
      vertex 37.28394950120747 21 6.65196543781278
      vertex 37.699593469062215 21 6.769189160376658
      vertex 38.381142711330234 21 2.0818268119436993
    endloop
  endfacet
  facet normal 0 1 0
    outer loop
      vertex 38.10475887800799 21 6.918662571187925
      vertex 38.49694774856751 21 7.099464116963978
      vertex 39.151973342624466 21 2.2992235337894353
    endloop
  endfacet
  facet normal 0 1 0
    outer loop
      vertex 38.873742105937716 21 7.310479096052494
      vertex 39.2328188876086 21 7.55040653093779
      vertex 39.90337101012391 21 2.5764287683848757
    endloop
  endfacet
  facet normal 0 1 0
    outer loop
      vertex 39.57196426581601 21 7.817767189199831
      vertex 39.90337101012391 21 2.5764287683848757
      vertex 39.2328188876086 21 7.55040653093779
    endloop
  endfacet
  facet normal 0 1 0
    outer loop
      vertex 39.889087296526014 21 8.110912703473987
      vertex 40.63070309734338 21 2.9117334532786483
      vertex 39.90337101012391 21 2.5764287683848757
    endloop
  endfacet
  facet normal 0 1 0
    outer loop
      vertex 38.873742105937716 21 7.310479096052494
      vertex 39.90337101012391 21 2.5764287683848757
      vertex 39.151973342624466 21 2.2992235337894353
    endloop
  endfacet
  facet normal 0 1 0
    outer loop
      vertex 41.230810839623345 21 10.30040653093779
      vertex 41.99540957338323 21 3.7480266573755365
      vertex 41.32948536010268 21 3.30307032358826
    endloop
  endfacet
  facet normal 0 1 0
    outer loop
      vertex 40.44959346906221 21 8.767181112391398
      vertex 41.32948536010268 21 3.30307032358826
      vertex 40.63070309734338 21 2.9117334532786483
    endloop
  endfacet
  facet normal -0.6788007455329405 0 0.7343225094356867
    outer loop
      vertex 43.200000000000045 21 4.775965963654322
      vertex 43.200000000000045 24 4.775965963654322
      vertex 42.62437009296787 21 4.243859150879685
    endloop
  endfacet
  facet normal -0.619093949309836 0 0.7853169308807433
    outer loop
      vertex 41.99540957338323 21 3.7480266573755365
      vertex 42.62437009296787 21 4.243859150879685
      vertex 42.62437009296787 24 4.243859150879685
    endloop
  endfacet
  facet normal -0.6788007455329405 0 0.7343225094356867
    outer loop
      vertex 43.200000000000045 24 4.775965963654322
      vertex 42.62437009296787 24 4.243859150879685
      vertex 42.62437009296787 21 4.243859150879685
    endloop
  endfacet
  facet normal 0 1 0
    outer loop
      vertex 37.28394950120747 21 6.65196543781278
      vertex 38.381142711330234 21 2.0818268119436993
      vertex 37.595631543410356 21 1.925578925929596
    endloop
  endfacet
  facet normal 0 1 0
    outer loop
      vertex 38.10475887800799 21 6.918662571187925
      vertex 39.151973342624466 21 2.2992235337894353
      vertex 38.381142711330234 21 2.0818268119436993
    endloop
  endfacet
  facet normal -0.19509032201612866 0 0.9807852804032303
    outer loop
      vertex 37.595631543410356 21 1.925578925929596
      vertex 38.381142711330234 21 2.0818268119436993
      vertex 38.381142711330234 24 2.0818268119436993
    endloop
  endfacet
  facet normal -0.2714404498650746 0 0.9624552364536471
    outer loop
      vertex 39.151973342624466 21 2.2992235337894353
      vertex 39.151973342624466 24 2.2992235337894353
      vertex 38.381142711330234 21 2.0818268119436993
    endloop
  endfacet
  facet normal -0.41865973753742597 0 0.9081431738250824
    outer loop
      vertex 40.63070309734338 21 2.9117334532786483
      vertex 40.63070309734338 24 2.9117334532786483
      vertex 39.90337101012391 21 2.5764287683848757
    endloop
  endfacet
  facet normal -0.3461170570774938 0 0.9381913359224838
    outer loop
      vertex 39.90337101012391 21 2.5764287683848757
      vertex 39.90337101012391 24 2.5764287683848757
      vertex 39.151973342624466 21 2.2992235337894353
    endloop
  endfacet
  facet normal -0.2714404498650746 0 0.9624552364536471
    outer loop
      vertex 39.151973342624466 24 2.2992235337894353
      vertex 38.381142711330234 24 2.0818268119436993
      vertex 38.381142711330234 21 2.0818268119436993
    endloop
  endfacet
  facet normal -0.41865973753742597 0 0.9081431738250824
    outer loop
      vertex 40.63070309734338 24 2.9117334532786483
      vertex 39.90337101012391 24 2.5764287683848757
      vertex 39.90337101012391 21 2.5764287683848757
    endloop
  endfacet
  facet normal -0.3461170570774938 0 0.9381913359224838
    outer loop
      vertex 39.151973342624466 21 2.2992235337894353
      vertex 39.90337101012391 24 2.5764287683848757
      vertex 39.151973342624466 24 2.2992235337894353
    endloop
  endfacet
  facet normal -0.5555702330196018 0 0.8314696123025456
    outer loop
      vertex 41.99540957338323 21 3.7480266573755365
      vertex 41.99540957338323 24 3.7480266573755365
      vertex 41.32948536010268 21 3.30307032358826
    endloop
  endfacet
  facet normal -0.48862124149695485 0 0.8724960070727972
    outer loop
      vertex 41.32948536010268 21 3.30307032358826
      vertex 41.32948536010268 24 3.30307032358826
      vertex 40.63070309734338 21 2.9117334532786483
    endloop
  endfacet
  facet normal -0.48862124149695485 0 0.8724960070727972
    outer loop
      vertex 40.63070309734338 21 2.9117334532786483
      vertex 41.32948536010268 24 3.30307032358826
      vertex 40.63070309734338 24 2.9117334532786483
    endloop
  endfacet
  facet normal -0.5555702330196018 0 0.8314696123025456
    outer loop
      vertex 41.99540957338323 24 3.7480266573755365
      vertex 41.32948536010268 24 3.30307032358826
      vertex 41.32948536010268 21 3.30307032358826
    endloop
  endfacet
  facet normal -0.619093949309836 0 0.7853169308807433
    outer loop
      vertex 41.99540957338323 21 3.7480266573755365
      vertex 42.62437009296787 24 4.243859150879685
      vertex 41.99540957338323 24 3.7480266573755365
    endloop
  endfacet
  facet normal -0.19509032201612866 0 0.9807852804032303
    outer loop
      vertex 37.595631543410356 21 1.925578925929596
      vertex 38.381142711330234 24 2.0818268119436993
      vertex 37.595631543410356 24 1.925578925929596
    endloop
  endfacet
  facet normal -1 0 0
    outer loop
      vertex 43.200000000000045 21 11.6
      vertex 43.200000000000045 24 11.6
      vertex 43.200000000000045 21 4.775965963654322
    endloop
  endfacet
  facet normal -1 0 0
    outer loop
      vertex 43.200000000000045 24 11.6
      vertex 43.200000000000045 24 4.775965963654322
      vertex 43.200000000000045 21 4.775965963654322
    endloop
  endfacet
  facet normal 0.4886212414969546 0.8724960070727973 0
    outer loop
      vertex 10.111752439982887 2.5505117205980437 11.6
      vertex 10.22821615044277 2.4852889088797747 11.6
      vertex 10.111752439982887 2.5505117205980437 0
    endloop
  endfacet
  facet normal 0.5555702330196023 0.8314696123025452 0
    outer loop
      vertex 10.000765071102796 2.6246711095625894 11.6
      vertex 10.111752439982887 2.5505117205980437 11.6
      vertex 10.000765071102796 2.6246711095625894 0
    endloop
  endfacet
  facet normal 0.7343225094356837 0.6788007455329438 0
    outer loop
      vertex 9.707309858479947 2.895938317838688 11.6
      vertex 9.79791847198287 2.797918471982869 11.6
      vertex 9.707309858479947 2.895938317838688 0
    endloop
  endfacet
  facet normal 0.7853169308807454 0.6190939493098334 0
    outer loop
      vertex 9.707309858479947 2.895938317838688 11.6
      vertex 9.62467110956259 3.0007650711027956 0
      vertex 9.62467110956259 3.0007650711027956 11.6
    endloop
  endfacet
  facet normal 0.6190939493098337 0.785316930880745 0
    outer loop
      vertex 10.000765071102796 2.6246711095625894 11.6
      vertex 9.895938317838688 2.7073098584799475 0
      vertex 9.895938317838688 2.7073098584799475 11.6
    endloop
  endfacet
  facet normal 0.6788007455329416 0.7343225094356856 0
    outer loop
      vertex 9.895938317838688 2.7073098584799475 11.6
      vertex 9.79791847198287 2.797918471982869 0
      vertex 9.79791847198287 2.797918471982869 11.6
    endloop
  endfacet
  facet normal 0.34611705707749185 0.9381913359224845 0
    outer loop
      vertex 10.349438164979347 2.4294047947308126 11.6
      vertex 10.474671109562589 2.383203922298239 11.6
      vertex 10.349438164979347 2.4294047947308126 0
    endloop
  endfacet
  facet normal 0.2714404498650704 0.9624552364536484 0
    outer loop
      vertex 10.474671109562589 2.383203922298239 11.6
      vertex 10.603142881444962 2.34697113532395 11.6
      vertex 10.474671109562589 2.383203922298239 0
    endloop
  endfacet
  facet normal 0.418659737537431 0.90814317382508 0
    outer loop
      vertex 10.349438164979347 2.4294047947308126 11.6
      vertex 10.22821615044277 2.4852889088797747 0
      vertex 10.22821615044277 2.4852889088797747 11.6
    endloop
  endfacet
  facet normal 0.1950903220161327 0.9807852804032295 0
    outer loop
      vertex 10.734061409431607 2.320929820988266 11.6
      vertex 10.603142881444962 2.34697113532395 0
      vertex 10.603142881444962 2.34697113532395 11.6
    endloop
  endfacet
  facet normal 0.11753739745783785 0.9930684569549262 0
    outer loop
      vertex 10.734061409431607 2.320929820988266 11.6
      vertex 10.866619537262663 2.3052405326536825 11.6
      vertex 10.734061409431607 2.320929820988266 0
    endloop
  endfacet
  facet normal 0.03925981575906979 0.9992290362407229 0
    outer loop
      vertex 10.866619537262663 2.3052405326536825 11.6
      vertex 11 2.3 11.6
      vertex 10.866619537262663 2.3052405326536825 0
    endloop
  endfacet
  facet normal -0.03925981575906979 0.9992290362407229 0
    outer loop
      vertex 11 2.3 11.6
      vertex 11.133380462737337 2.3052405326536825 11.6
      vertex 11 2.3 0
    endloop
  endfacet
  facet normal -0.11753739745783785 0.9930684569549262 0
    outer loop
      vertex 11.133380462737337 2.3052405326536825 11.6
      vertex 11.265938590568393 2.320929820988266 11.6
      vertex 11.133380462737337 2.3052405326536825 0
    endloop
  endfacet
  facet normal -0.1950903220161327 0.9807852804032295 0
    outer loop
      vertex 11.265938590568393 2.320929820988266 11.6
      vertex 11.396857118555038 2.34697113532395 11.6
      vertex 11.265938590568393 2.320929820988266 0
    endloop
  endfacet
  facet normal -0.2714404498650704 0.9624552364536484 0
    outer loop
      vertex 11.396857118555038 2.34697113532395 11.6
      vertex 11.525328890437411 2.383203922298239 11.6
      vertex 11.396857118555038 2.34697113532395 0
    endloop
  endfacet
  facet normal -0.34611705707749185 0.9381913359224845 0
    outer loop
      vertex 11.525328890437411 2.383203922298239 11.6
      vertex 11.650561835020653 2.4294047947308126 11.6
      vertex 11.525328890437411 2.383203922298239 0
    endloop
  endfacet
  facet normal -0.418659737537431 0.90814317382508 0
    outer loop
      vertex 11.650561835020653 2.4294047947308126 11.6
      vertex 11.77178384955723 2.4852889088797747 11.6
      vertex 11.650561835020653 2.4294047947308126 0
    endloop
  endfacet
  facet normal -0.4886212414969546 0.8724960070727973 0
    outer loop
      vertex 11.77178384955723 2.4852889088797747 11.6
      vertex 11.888247560017113 2.5505117205980437 11.6
      vertex 11.77178384955723 2.4852889088797747 0
    endloop
  endfacet
  facet normal -0.5555702330196023 0.8314696123025452 0
    outer loop
      vertex 11.888247560017113 2.5505117205980437 11.6
      vertex 11.999234928897204 2.6246711095625894 11.6
      vertex 11.888247560017113 2.5505117205980437 0
    endloop
  endfacet
  facet normal -0.6190939493098337 0.785316930880745 0
    outer loop
      vertex 11.999234928897204 2.6246711095625894 11.6
      vertex 12.104061682161312 2.7073098584799475 11.6
      vertex 11.999234928897204 2.6246711095625894 0
    endloop
  endfacet
  facet normal -0.6788007455329416 0.7343225094356856 0
    outer loop
      vertex 12.104061682161312 2.7073098584799475 11.6
      vertex 12.20208152801713 2.797918471982869 11.6
      vertex 12.104061682161312 2.7073098584799475 0
    endloop
  endfacet
  facet normal -0.7343225094356837 0.6788007455329438 0
    outer loop
      vertex 12.20208152801713 2.797918471982869 11.6
      vertex 12.292690141520053 2.895938317838688 11.6
      vertex 12.20208152801713 2.797918471982869 0
    endloop
  endfacet
  facet normal -0.7853169308807454 0.6190939493098334 0
    outer loop
      vertex 12.292690141520053 2.895938317838688 11.6
      vertex 12.37532889043741 3.0007650711027956 11.6
      vertex 12.292690141520053 2.895938317838688 0
    endloop
  endfacet
  facet normal 0.9624552364536451 0.27144044986508226 0
    outer loop
      vertex 9.34697113532395 3.6031428814449606 11.6
      vertex 9.38320392229824 3.4746711095625895 11.6
      vertex 9.34697113532395 3.6031428814449606 0
    endloop
  endfacet
  facet normal 0.9807852804032304 0.19509032201612825 0
    outer loop
      vertex 9.34697113532395 3.6031428814449606 11.6
      vertex 9.320929820988265 3.7340614094316074 0
      vertex 9.320929820988265 3.7340614094316074 11.6
    endloop
  endfacet
  facet normal 0.9930684569549267 0.11753739745783381 0
    outer loop
      vertex 9.320929820988265 3.7340614094316074 11.6
      vertex 9.305240532653682 3.8666195372626637 0
      vertex 9.305240532653682 3.8666195372626637 11.6
    endloop
  endfacet
  facet normal 0.9992290362407231 0.039259815759063406 0
    outer loop
      vertex 9.305240532653682 3.8666195372626637 11.6
      vertex 9.3 4 0
      vertex 9.3 4 11.6
    endloop
  endfacet
  facet normal 0.9992290362407231 -0.039259815759063406 0
    outer loop
      vertex 9.3 4 11.6
      vertex 9.305240532653682 4.133380462737336 0
      vertex 9.305240532653682 4.133380462737336 11.6
    endloop
  endfacet
  facet normal 0.9930684569549267 -0.11753739745783381 0
    outer loop
      vertex 9.305240532653682 4.133380462737336 11.6
      vertex 9.320929820988265 4.265938590568393 0
      vertex 9.320929820988265 4.265938590568393 11.6
    endloop
  endfacet
  facet normal 0.9807852804032304 -0.19509032201612825 0
    outer loop
      vertex 9.320929820988265 4.265938590568393 11.6
      vertex 9.34697113532395 4.396857118555039 0
      vertex 9.34697113532395 4.396857118555039 11.6
    endloop
  endfacet
  facet normal 0.9624552364536452 -0.27144044986508137 0
    outer loop
      vertex 9.34697113532395 4.396857118555039 11.6
      vertex 9.38320392229824 4.525328890437411 0
      vertex 9.38320392229824 4.525328890437411 11.6
    endloop
  endfacet
  facet normal 0.8314696123025472 0.5555702330195993 0
    outer loop
      vertex 9.550511720598044 3.111752439982887 11.6
      vertex 9.62467110956259 3.0007650711027956 11.6
      vertex 9.550511720598044 3.111752439982887 0
    endloop
  endfacet
  facet normal 0.8724960070727928 0.48862124149696257 0
    outer loop
      vertex 9.550511720598044 3.111752439982887 11.6
      vertex 9.485288908879774 3.2282161504427704 0
      vertex 9.485288908879774 3.2282161504427704 11.6
    endloop
  endfacet
  facet normal 0.9081431738250844 0.41865973753742175 0
    outer loop
      vertex 9.485288908879774 3.2282161504427704 11.6
      vertex 9.429404794730813 3.3494381649793477 0
      vertex 9.429404794730813 3.3494381649793477 11.6
    endloop
  endfacet
  facet normal 0.9381913359224852 0.34611705707748996 0
    outer loop
      vertex 9.429404794730813 3.3494381649793477 11.6
      vertex 9.38320392229824 3.4746711095625895 0
      vertex 9.38320392229824 3.4746711095625895 11.6
    endloop
  endfacet
  facet normal -0.8314696123025472 0.5555702330195993 0
    outer loop
      vertex 12.37532889043741 3.0007650711027956 11.6
      vertex 12.449488279401956 3.111752439982887 11.6
      vertex 12.37532889043741 3.0007650711027956 0
    endloop
  endfacet
  facet normal -0.8724960070727928 0.48862124149696257 0
    outer loop
      vertex 12.449488279401956 3.111752439982887 11.6
      vertex 12.514711091120226 3.2282161504427704 11.6
      vertex 12.449488279401956 3.111752439982887 0
    endloop
  endfacet
  facet normal 0.9381913359224848 -0.34611705707749113 0
    outer loop
      vertex 9.38320392229824 4.525328890437411 11.6
      vertex 9.429404794730813 4.650561835020652 0
      vertex 9.429404794730813 4.650561835020652 11.6
    endloop
  endfacet
  facet normal 0.9081431738250837 -0.4186597375374229 0
    outer loop
      vertex 9.429404794730813 4.650561835020652 11.6
      vertex 9.485288908879774 4.771783849557229 0
      vertex 9.485288908879774 4.771783849557229 11.6
    endloop
  endfacet
  facet normal 0.8724960070727945 -0.48862124149695974 0
    outer loop
      vertex 9.485288908879774 4.771783849557229 11.6
      vertex 9.550511720598044 4.888247560017113 0
      vertex 9.550511720598044 4.888247560017113 11.6
    endloop
  endfacet
  facet normal 0.8314696123025452 -0.5555702330196023 0
    outer loop
      vertex 9.550511720598044 4.888247560017113 11.6
      vertex 9.62467110956259 4.999234928897204 0
      vertex 9.62467110956259 4.999234928897204 11.6
    endloop
  endfacet
  facet normal 0.7853169308807467 -0.6190939493098317 0
    outer loop
      vertex 9.62467110956259 4.999234928897204 11.6
      vertex 9.707309858479947 5.104061682161312 0
      vertex 9.707309858479947 5.104061682161312 11.6
    endloop
  endfacet
  facet normal 0.7343225094356837 -0.6788007455329438 0
    outer loop
      vertex 9.707309858479947 5.104061682161312 11.6
      vertex 9.79791847198287 5.202081528017131 0
      vertex 9.79791847198287 5.202081528017131 11.6
    endloop
  endfacet
  facet normal 0.6788007455329435 -0.7343225094356839 0
    outer loop
      vertex 9.79791847198287 5.202081528017131 11.6
      vertex 9.895938317838688 5.292690141520053 0
      vertex 9.895938317838688 5.292690141520053 11.6
    endloop
  endfacet
  facet normal 0.6190939493098317 -0.7853169308807467 0
    outer loop
      vertex 9.895938317838688 5.292690141520053 11.6
      vertex 10.000765071102796 5.375328890437411 0
      vertex 10.000765071102796 5.375328890437411 11.6
    endloop
  endfacet
  facet normal 0.5555702330196023 -0.8314696123025452 0
    outer loop
      vertex 10.000765071102796 5.375328890437411 11.6
      vertex 10.111752439982887 5.449488279401956 0
      vertex 10.111752439982887 5.449488279401956 11.6
    endloop
  endfacet
  facet normal 0.4886212414969546 -0.8724960070727973 0
    outer loop
      vertex 10.111752439982887 5.449488279401956 11.6
      vertex 10.22821615044277 5.514711091120225 0
      vertex 10.22821615044277 5.514711091120225 11.6
    endloop
  endfacet
  facet normal 0.418659737537431 -0.90814317382508 0
    outer loop
      vertex 10.22821615044277 5.514711091120225 11.6
      vertex 10.349438164979347 5.570595205269187 0
      vertex 10.349438164979347 5.570595205269187 11.6
    endloop
  endfacet
  facet normal 0.3461170570774889 -0.9381913359224857 0
    outer loop
      vertex 10.349438164979347 5.570595205269187 11.6
      vertex 10.474671109562589 5.6167960777017605 0
      vertex 10.474671109562589 5.6167960777017605 11.6
    endloop
  endfacet
  facet normal 0.2714404498650735 -0.9624552364536475 0
    outer loop
      vertex 10.474671109562589 5.6167960777017605 11.6
      vertex 10.603142881444962 5.65302886467605 0
      vertex 10.603142881444962 5.65302886467605 11.6
    endloop
  endfacet
  facet normal 0.19509032201613594 -0.980785280403229 0
    outer loop
      vertex 10.603142881444962 5.65302886467605 11.6
      vertex 10.734061409431607 5.679070179011735 0
      vertex 10.734061409431607 5.679070179011735 11.6
    endloop
  endfacet
  facet normal 0.11753739745783459 -0.9930684569549266 0
    outer loop
      vertex 10.734061409431607 5.679070179011735 11.6
      vertex 10.866619537262663 5.6947594673463175 0
      vertex 10.866619537262663 5.6947594673463175 11.6
    endloop
  endfacet
  facet normal -0.8724960070727945 -0.48862124149695974 0
    outer loop
      vertex 12.449488279401956 4.888247560017113 11.6
      vertex 12.514711091120226 4.771783849557229 0
      vertex 12.514711091120226 4.771783849557229 11.6
    endloop
  endfacet
  facet normal -0.8314696123025452 -0.5555702330196023 0
    outer loop
      vertex 12.449488279401956 4.888247560017113 11.6
      vertex 12.37532889043741 4.999234928897204 11.6
      vertex 12.449488279401956 4.888247560017113 0
    endloop
  endfacet
  facet normal -0.7853169308807467 -0.6190939493098317 0
    outer loop
      vertex 12.37532889043741 4.999234928897204 11.6
      vertex 12.292690141520053 5.104061682161312 11.6
      vertex 12.37532889043741 4.999234928897204 0
    endloop
  endfacet
  facet normal -0.7343225094356837 -0.6788007455329438 0
    outer loop
      vertex 12.292690141520053 5.104061682161312 11.6
      vertex 12.20208152801713 5.202081528017131 11.6
      vertex 12.292690141520053 5.104061682161312 0
    endloop
  endfacet
  facet normal -0.6788007455329435 -0.7343225094356839 0
    outer loop
      vertex 12.20208152801713 5.202081528017131 11.6
      vertex 12.104061682161312 5.292690141520053 11.6
      vertex 12.20208152801713 5.202081528017131 0
    endloop
  endfacet
  facet normal -0.3461170570774889 -0.9381913359224857 0
    outer loop
      vertex 11.525328890437411 5.6167960777017605 11.6
      vertex 11.650561835020653 5.570595205269187 0
      vertex 11.650561835020653 5.570595205269187 11.6
    endloop
  endfacet
  facet normal 0.03925981575906979 -0.9992290362407229 0
    outer loop
      vertex 10.866619537262663 5.6947594673463175 11.6
      vertex 11 5.7 0
      vertex 11 5.7 11.6
    endloop
  endfacet
  facet normal -0.03925981575906979 -0.9992290362407229 0
    outer loop
      vertex 11 5.7 11.6
      vertex 11.133380462737337 5.6947594673463175 0
      vertex 11.133380462737337 5.6947594673463175 11.6
    endloop
  endfacet
  facet normal -0.11753739745783459 -0.9930684569549266 0
    outer loop
      vertex 11.133380462737337 5.6947594673463175 11.6
      vertex 11.265938590568393 5.679070179011735 0
      vertex 11.265938590568393 5.679070179011735 11.6
    endloop
  endfacet
  facet normal -0.19509032201613594 -0.980785280403229 0
    outer loop
      vertex 11.265938590568393 5.679070179011735 11.6
      vertex 11.396857118555038 5.65302886467605 0
      vertex 11.396857118555038 5.65302886467605 11.6
    endloop
  endfacet
  facet normal -0.2714404498650735 -0.9624552364536475 0
    outer loop
      vertex 11.525328890437411 5.6167960777017605 11.6
      vertex 11.396857118555038 5.65302886467605 11.6
      vertex 11.525328890437411 5.6167960777017605 0
    endloop
  endfacet
  facet normal -0.6190939493098317 -0.7853169308807467 0
    outer loop
      vertex 12.104061682161312 5.292690141520053 11.6
      vertex 11.999234928897204 5.375328890437411 11.6
      vertex 12.104061682161312 5.292690141520053 0
    endloop
  endfacet
  facet normal -0.5555702330196023 -0.8314696123025452 0
    outer loop
      vertex 11.999234928897204 5.375328890437411 11.6
      vertex 11.888247560017113 5.449488279401956 11.6
      vertex 11.999234928897204 5.375328890437411 0
    endloop
  endfacet
  facet normal -0.4886212414969546 -0.8724960070727973 0
    outer loop
      vertex 11.77178384955723 5.514711091120225 11.6
      vertex 11.888247560017113 5.449488279401956 0
      vertex 11.888247560017113 5.449488279401956 11.6
    endloop
  endfacet
  facet normal -0.418659737537431 -0.90814317382508 0
    outer loop
      vertex 11.650561835020653 5.570595205269187 11.6
      vertex 11.77178384955723 5.514711091120225 0
      vertex 11.77178384955723 5.514711091120225 11.6
    endloop
  endfacet
  facet normal 0.5555702330196023 0.8314696123025452 0
    outer loop
      vertex 10.111752439982887 2.5505117205980437 11.6
      vertex 10.111752439982887 2.5505117205980437 0
      vertex 10.000765071102796 2.6246711095625894 0
    endloop
  endfacet
  facet normal 0.7853169308807454 0.6190939493098334 0
    outer loop
      vertex 9.707309858479947 2.895938317838688 11.6
      vertex 9.707309858479947 2.895938317838688 0
      vertex 9.62467110956259 3.0007650711027956 0
    endloop
  endfacet
  facet normal 0.6788007455329416 0.7343225094356856 0
    outer loop
      vertex 9.895938317838688 2.7073098584799475 11.6
      vertex 9.895938317838688 2.7073098584799475 0
      vertex 9.79791847198287 2.797918471982869 0
    endloop
  endfacet
  facet normal 0.6190939493098337 0.785316930880745 0
    outer loop
      vertex 10.000765071102796 2.6246711095625894 11.6
      vertex 10.000765071102796 2.6246711095625894 0
      vertex 9.895938317838688 2.7073098584799475 0
    endloop
  endfacet
  facet normal 0.7343225094356837 0.6788007455329438 0
    outer loop
      vertex 9.79791847198287 2.797918471982869 11.6
      vertex 9.79791847198287 2.797918471982869 0
      vertex 9.707309858479947 2.895938317838688 0
    endloop
  endfacet
  facet normal 0.34611705707749185 0.9381913359224845 0
    outer loop
      vertex 10.474671109562589 2.383203922298239 11.6
      vertex 10.474671109562589 2.383203922298239 0
      vertex 10.349438164979347 2.4294047947308126 0
    endloop
  endfacet
  facet normal 0.4886212414969546 0.8724960070727973 0
    outer loop
      vertex 10.22821615044277 2.4852889088797747 11.6
      vertex 10.22821615044277 2.4852889088797747 0
      vertex 10.111752439982887 2.5505117205980437 0
    endloop
  endfacet
  facet normal 0.418659737537431 0.90814317382508 0
    outer loop
      vertex 10.349438164979347 2.4294047947308126 11.6
      vertex 10.349438164979347 2.4294047947308126 0
      vertex 10.22821615044277 2.4852889088797747 0
    endloop
  endfacet
  facet normal 0.1950903220161327 0.9807852804032295 0
    outer loop
      vertex 10.734061409431607 2.320929820988266 11.6
      vertex 10.734061409431607 2.320929820988266 0
      vertex 10.603142881444962 2.34697113532395 0
    endloop
  endfacet
  facet normal 0.2714404498650704 0.9624552364536484 0
    outer loop
      vertex 10.603142881444962 2.34697113532395 11.6
      vertex 10.603142881444962 2.34697113532395 0
      vertex 10.474671109562589 2.383203922298239 0
    endloop
  endfacet
  facet normal 0.11753739745783785 0.9930684569549262 0
    outer loop
      vertex 10.866619537262663 2.3052405326536825 11.6
      vertex 10.866619537262663 2.3052405326536825 0
      vertex 10.734061409431607 2.320929820988266 0
    endloop
  endfacet
  facet normal 0.03925981575906979 0.9992290362407229 0
    outer loop
      vertex 11 2.3 11.6
      vertex 11 2.3 0
      vertex 10.866619537262663 2.3052405326536825 0
    endloop
  endfacet
  facet normal -0.03925981575906979 0.9992290362407229 0
    outer loop
      vertex 11.133380462737337 2.3052405326536825 11.6
      vertex 11.133380462737337 2.3052405326536825 0
      vertex 11 2.3 0
    endloop
  endfacet
  facet normal -0.11753739745783785 0.9930684569549262 0
    outer loop
      vertex 11.265938590568393 2.320929820988266 11.6
      vertex 11.265938590568393 2.320929820988266 0
      vertex 11.133380462737337 2.3052405326536825 0
    endloop
  endfacet
  facet normal -0.1950903220161327 0.9807852804032295 0
    outer loop
      vertex 11.396857118555038 2.34697113532395 11.6
      vertex 11.396857118555038 2.34697113532395 0
      vertex 11.265938590568393 2.320929820988266 0
    endloop
  endfacet
  facet normal -0.2714404498650704 0.9624552364536484 0
    outer loop
      vertex 11.525328890437411 2.383203922298239 11.6
      vertex 11.525328890437411 2.383203922298239 0
      vertex 11.396857118555038 2.34697113532395 0
    endloop
  endfacet
  facet normal -0.34611705707749185 0.9381913359224845 0
    outer loop
      vertex 11.650561835020653 2.4294047947308126 11.6
      vertex 11.650561835020653 2.4294047947308126 0
      vertex 11.525328890437411 2.383203922298239 0
    endloop
  endfacet
  facet normal -0.418659737537431 0.90814317382508 0
    outer loop
      vertex 11.77178384955723 2.4852889088797747 11.6
      vertex 11.77178384955723 2.4852889088797747 0
      vertex 11.650561835020653 2.4294047947308126 0
    endloop
  endfacet
  facet normal -0.4886212414969546 0.8724960070727973 0
    outer loop
      vertex 11.888247560017113 2.5505117205980437 11.6
      vertex 11.888247560017113 2.5505117205980437 0
      vertex 11.77178384955723 2.4852889088797747 0
    endloop
  endfacet
  facet normal -0.5555702330196023 0.8314696123025452 0
    outer loop
      vertex 11.999234928897204 2.6246711095625894 11.6
      vertex 11.999234928897204 2.6246711095625894 0
      vertex 11.888247560017113 2.5505117205980437 0
    endloop
  endfacet
  facet normal -0.6190939493098337 0.785316930880745 0
    outer loop
      vertex 12.104061682161312 2.7073098584799475 11.6
      vertex 12.104061682161312 2.7073098584799475 0
      vertex 11.999234928897204 2.6246711095625894 0
    endloop
  endfacet
  facet normal -0.6788007455329416 0.7343225094356856 0
    outer loop
      vertex 12.20208152801713 2.797918471982869 11.6
      vertex 12.20208152801713 2.797918471982869 0
      vertex 12.104061682161312 2.7073098584799475 0
    endloop
  endfacet
  facet normal -0.7343225094356837 0.6788007455329438 0
    outer loop
      vertex 12.292690141520053 2.895938317838688 11.6
      vertex 12.292690141520053 2.895938317838688 0
      vertex 12.20208152801713 2.797918471982869 0
    endloop
  endfacet
  facet normal -0.7853169308807454 0.6190939493098334 0
    outer loop
      vertex 12.37532889043741 3.0007650711027956 11.6
      vertex 12.37532889043741 3.0007650711027956 0
      vertex 12.292690141520053 2.895938317838688 0
    endloop
  endfacet
  facet normal 0.9624552364536451 0.27144044986508226 0
    outer loop
      vertex 9.38320392229824 3.4746711095625895 11.6
      vertex 9.38320392229824 3.4746711095625895 0
      vertex 9.34697113532395 3.6031428814449606 0
    endloop
  endfacet
  facet normal 0.9807852804032304 0.19509032201612825 0
    outer loop
      vertex 9.34697113532395 3.6031428814449606 11.6
      vertex 9.34697113532395 3.6031428814449606 0
      vertex 9.320929820988265 3.7340614094316074 0
    endloop
  endfacet
  facet normal 0.9930684569549267 0.11753739745783381 0
    outer loop
      vertex 9.320929820988265 3.7340614094316074 11.6
      vertex 9.320929820988265 3.7340614094316074 0
      vertex 9.305240532653682 3.8666195372626637 0
    endloop
  endfacet
  facet normal 0.9992290362407231 0.039259815759063406 0
    outer loop
      vertex 9.305240532653682 3.8666195372626637 11.6
      vertex 9.305240532653682 3.8666195372626637 0
      vertex 9.3 4 0
    endloop
  endfacet
  facet normal 0.9992290362407231 -0.039259815759063406 0
    outer loop
      vertex 9.3 4 11.6
      vertex 9.3 4 0
      vertex 9.305240532653682 4.133380462737336 0
    endloop
  endfacet
  facet normal 0.9930684569549267 -0.11753739745783381 0
    outer loop
      vertex 9.305240532653682 4.133380462737336 11.6
      vertex 9.305240532653682 4.133380462737336 0
      vertex 9.320929820988265 4.265938590568393 0
    endloop
  endfacet
  facet normal 0.9807852804032304 -0.19509032201612825 0
    outer loop
      vertex 9.320929820988265 4.265938590568393 11.6
      vertex 9.320929820988265 4.265938590568393 0
      vertex 9.34697113532395 4.396857118555039 0
    endloop
  endfacet
  facet normal 0.9624552364536452 -0.27144044986508137 0
    outer loop
      vertex 9.34697113532395 4.396857118555039 11.6
      vertex 9.34697113532395 4.396857118555039 0
      vertex 9.38320392229824 4.525328890437411 0
    endloop
  endfacet
  facet normal 0.8724960070727928 0.48862124149696257 0
    outer loop
      vertex 9.550511720598044 3.111752439982887 11.6
      vertex 9.550511720598044 3.111752439982887 0
      vertex 9.485288908879774 3.2282161504427704 0
    endloop
  endfacet
  facet normal 0.8314696123025472 0.5555702330195993 0
    outer loop
      vertex 9.62467110956259 3.0007650711027956 11.6
      vertex 9.62467110956259 3.0007650711027956 0
      vertex 9.550511720598044 3.111752439982887 0
    endloop
  endfacet
  facet normal 0.9081431738250844 0.41865973753742175 0
    outer loop
      vertex 9.485288908879774 3.2282161504427704 11.6
      vertex 9.485288908879774 3.2282161504427704 0
      vertex 9.429404794730813 3.3494381649793477 0
    endloop
  endfacet
  facet normal 0.9381913359224852 0.34611705707748996 0
    outer loop
      vertex 9.429404794730813 3.3494381649793477 11.6
      vertex 9.429404794730813 3.3494381649793477 0
      vertex 9.38320392229824 3.4746711095625895 0
    endloop
  endfacet
  facet normal -0.8314696123025472 0.5555702330195993 0
    outer loop
      vertex 12.449488279401956 3.111752439982887 11.6
      vertex 12.449488279401956 3.111752439982887 0
      vertex 12.37532889043741 3.0007650711027956 0
    endloop
  endfacet
  facet normal -0.8724960070727928 0.48862124149696257 0
    outer loop
      vertex 12.514711091120226 3.2282161504427704 11.6
      vertex 12.514711091120226 3.2282161504427704 0
      vertex 12.449488279401956 3.111752439982887 0
    endloop
  endfacet
  facet normal 0.9381913359224848 -0.34611705707749113 0
    outer loop
      vertex 9.38320392229824 4.525328890437411 11.6
      vertex 9.38320392229824 4.525328890437411 0
      vertex 9.429404794730813 4.650561835020652 0
    endloop
  endfacet
  facet normal 0.9081431738250837 -0.4186597375374229 0
    outer loop
      vertex 9.429404794730813 4.650561835020652 11.6
      vertex 9.429404794730813 4.650561835020652 0
      vertex 9.485288908879774 4.771783849557229 0
    endloop
  endfacet
  facet normal 0.8724960070727945 -0.48862124149695974 0
    outer loop
      vertex 9.485288908879774 4.771783849557229 11.6
      vertex 9.485288908879774 4.771783849557229 0
      vertex 9.550511720598044 4.888247560017113 0
    endloop
  endfacet
  facet normal 0.8314696123025452 -0.5555702330196023 0
    outer loop
      vertex 9.550511720598044 4.888247560017113 11.6
      vertex 9.550511720598044 4.888247560017113 0
      vertex 9.62467110956259 4.999234928897204 0
    endloop
  endfacet
  facet normal 0.7853169308807467 -0.6190939493098317 0
    outer loop
      vertex 9.62467110956259 4.999234928897204 11.6
      vertex 9.62467110956259 4.999234928897204 0
      vertex 9.707309858479947 5.104061682161312 0
    endloop
  endfacet
  facet normal 0.7343225094356837 -0.6788007455329438 0
    outer loop
      vertex 9.707309858479947 5.104061682161312 11.6
      vertex 9.707309858479947 5.104061682161312 0
      vertex 9.79791847198287 5.202081528017131 0
    endloop
  endfacet
  facet normal 0.6788007455329435 -0.7343225094356839 0
    outer loop
      vertex 9.79791847198287 5.202081528017131 11.6
      vertex 9.79791847198287 5.202081528017131 0
      vertex 9.895938317838688 5.292690141520053 0
    endloop
  endfacet
  facet normal 0.6190939493098317 -0.7853169308807467 0
    outer loop
      vertex 9.895938317838688 5.292690141520053 11.6
      vertex 9.895938317838688 5.292690141520053 0
      vertex 10.000765071102796 5.375328890437411 0
    endloop
  endfacet
  facet normal 0.5555702330196023 -0.8314696123025452 0
    outer loop
      vertex 10.000765071102796 5.375328890437411 11.6
      vertex 10.000765071102796 5.375328890437411 0
      vertex 10.111752439982887 5.449488279401956 0
    endloop
  endfacet
  facet normal 0.4886212414969546 -0.8724960070727973 0
    outer loop
      vertex 10.111752439982887 5.449488279401956 11.6
      vertex 10.111752439982887 5.449488279401956 0
      vertex 10.22821615044277 5.514711091120225 0
    endloop
  endfacet
  facet normal 0.418659737537431 -0.90814317382508 0
    outer loop
      vertex 10.22821615044277 5.514711091120225 11.6
      vertex 10.22821615044277 5.514711091120225 0
      vertex 10.349438164979347 5.570595205269187 0
    endloop
  endfacet
  facet normal 0.3461170570774889 -0.9381913359224857 0
    outer loop
      vertex 10.349438164979347 5.570595205269187 11.6
      vertex 10.349438164979347 5.570595205269187 0
      vertex 10.474671109562589 5.6167960777017605 0
    endloop
  endfacet
  facet normal 0.2714404498650735 -0.9624552364536475 0
    outer loop
      vertex 10.474671109562589 5.6167960777017605 11.6
      vertex 10.474671109562589 5.6167960777017605 0
      vertex 10.603142881444962 5.65302886467605 0
    endloop
  endfacet
  facet normal 0.19509032201613594 -0.980785280403229 0
    outer loop
      vertex 10.603142881444962 5.65302886467605 11.6
      vertex 10.603142881444962 5.65302886467605 0
      vertex 10.734061409431607 5.679070179011735 0
    endloop
  endfacet
  facet normal 0.11753739745783459 -0.9930684569549266 0
    outer loop
      vertex 10.734061409431607 5.679070179011735 11.6
      vertex 10.734061409431607 5.679070179011735 0
      vertex 10.866619537262663 5.6947594673463175 0
    endloop
  endfacet
  facet normal 0.03925981575906979 -0.9992290362407229 0
    outer loop
      vertex 10.866619537262663 5.6947594673463175 11.6
      vertex 10.866619537262663 5.6947594673463175 0
      vertex 11 5.7 0
    endloop
  endfacet
  facet normal -0.8724960070727945 -0.48862124149695974 0
    outer loop
      vertex 12.449488279401956 4.888247560017113 11.6
      vertex 12.449488279401956 4.888247560017113 0
      vertex 12.514711091120226 4.771783849557229 0
    endloop
  endfacet
  facet normal -0.8314696123025452 -0.5555702330196023 0
    outer loop
      vertex 12.37532889043741 4.999234928897204 11.6
      vertex 12.37532889043741 4.999234928897204 0
      vertex 12.449488279401956 4.888247560017113 0
    endloop
  endfacet
  facet normal -0.7343225094356837 -0.6788007455329438 0
    outer loop
      vertex 12.20208152801713 5.202081528017131 11.6
      vertex 12.20208152801713 5.202081528017131 0
      vertex 12.292690141520053 5.104061682161312 0
    endloop
  endfacet
  facet normal -0.7853169308807467 -0.6190939493098317 0
    outer loop
      vertex 12.292690141520053 5.104061682161312 11.6
      vertex 12.292690141520053 5.104061682161312 0
      vertex 12.37532889043741 4.999234928897204 0
    endloop
  endfacet
  facet normal -0.3461170570774889 -0.9381913359224857 0
    outer loop
      vertex 11.525328890437411 5.6167960777017605 11.6
      vertex 11.525328890437411 5.6167960777017605 0
      vertex 11.650561835020653 5.570595205269187 0
    endloop
  endfacet
  facet normal -0.418659737537431 -0.90814317382508 0
    outer loop
      vertex 11.650561835020653 5.570595205269187 11.6
      vertex 11.650561835020653 5.570595205269187 0
      vertex 11.77178384955723 5.514711091120225 0
    endloop
  endfacet
  facet normal -0.03925981575906979 -0.9992290362407229 0
    outer loop
      vertex 11 5.7 11.6
      vertex 11 5.7 0
      vertex 11.133380462737337 5.6947594673463175 0
    endloop
  endfacet
  facet normal -0.11753739745783459 -0.9930684569549266 0
    outer loop
      vertex 11.133380462737337 5.6947594673463175 11.6
      vertex 11.133380462737337 5.6947594673463175 0
      vertex 11.265938590568393 5.679070179011735 0
    endloop
  endfacet
  facet normal -0.19509032201613594 -0.980785280403229 0
    outer loop
      vertex 11.265938590568393 5.679070179011735 11.6
      vertex 11.265938590568393 5.679070179011735 0
      vertex 11.396857118555038 5.65302886467605 0
    endloop
  endfacet
  facet normal -0.2714404498650735 -0.9624552364536475 0
    outer loop
      vertex 11.396857118555038 5.65302886467605 11.6
      vertex 11.396857118555038 5.65302886467605 0
      vertex 11.525328890437411 5.6167960777017605 0
    endloop
  endfacet
  facet normal -0.5555702330196023 -0.8314696123025452 0
    outer loop
      vertex 11.888247560017113 5.449488279401956 11.6
      vertex 11.888247560017113 5.449488279401956 0
      vertex 11.999234928897204 5.375328890437411 0
    endloop
  endfacet
  facet normal -0.6190939493098317 -0.7853169308807467 0
    outer loop
      vertex 11.999234928897204 5.375328890437411 11.6
      vertex 11.999234928897204 5.375328890437411 0
      vertex 12.104061682161312 5.292690141520053 0
    endloop
  endfacet
  facet normal -0.4886212414969546 -0.8724960070727973 0
    outer loop
      vertex 11.77178384955723 5.514711091120225 11.6
      vertex 11.77178384955723 5.514711091120225 0
      vertex 11.888247560017113 5.449488279401956 0
    endloop
  endfacet
  facet normal -0.6788007455329435 -0.7343225094356839 0
    outer loop
      vertex 12.104061682161312 5.292690141520053 11.6
      vertex 12.104061682161312 5.292690141520053 0
      vertex 12.20208152801713 5.202081528017131 0
    endloop
  endfacet
  facet normal -0.9081431738250844 0.41865973753742175 0
    outer loop
      vertex 12.514711091120226 3.2282161504427704 11.6
      vertex 12.570595205269187 3.3494381649793477 11.6
      vertex 12.514711091120226 3.2282161504427704 0
    endloop
  endfacet
  facet normal -0.9381913359224852 0.34611705707748996 0
    outer loop
      vertex 12.570595205269187 3.3494381649793477 11.6
      vertex 12.61679607770176 3.4746711095625895 11.6
      vertex 12.570595205269187 3.3494381649793477 0
    endloop
  endfacet
  facet normal -0.9624552364536451 0.27144044986508226 0
    outer loop
      vertex 12.61679607770176 3.4746711095625895 11.6
      vertex 12.65302886467605 3.6031428814449606 11.6
      vertex 12.61679607770176 3.4746711095625895 0
    endloop
  endfacet
  facet normal -0.9807852804032304 0.19509032201612825 0
    outer loop
      vertex 12.65302886467605 3.6031428814449606 11.6
      vertex 12.679070179011735 3.7340614094316074 11.6
      vertex 12.65302886467605 3.6031428814449606 0
    endloop
  endfacet
  facet normal -0.9930684569549267 0.11753739745783381 0
    outer loop
      vertex 12.679070179011735 3.7340614094316074 11.6
      vertex 12.694759467346318 3.8666195372626637 11.6
      vertex 12.679070179011735 3.7340614094316074 0
    endloop
  endfacet
  facet normal -0.9992290362407231 0.039259815759063406 0
    outer loop
      vertex 12.694759467346318 3.8666195372626637 11.6
      vertex 12.7 4 11.6
      vertex 12.694759467346318 3.8666195372626637 0
    endloop
  endfacet
  facet normal -0.9992290362407231 -0.039259815759063406 0
    outer loop
      vertex 12.7 4 11.6
      vertex 12.694759467346318 4.133380462737336 11.6
      vertex 12.7 4 0
    endloop
  endfacet
  facet normal -0.9930684569549267 -0.11753739745783381 0
    outer loop
      vertex 12.694759467346318 4.133380462737336 11.6
      vertex 12.679070179011735 4.265938590568393 11.6
      vertex 12.694759467346318 4.133380462737336 0
    endloop
  endfacet
  facet normal -0.9807852804032304 -0.19509032201612825 0
    outer loop
      vertex 12.679070179011735 4.265938590568393 11.6
      vertex 12.65302886467605 4.396857118555039 11.6
      vertex 12.679070179011735 4.265938590568393 0
    endloop
  endfacet
  facet normal -0.9624552364536452 -0.27144044986508137 0
    outer loop
      vertex 12.65302886467605 4.396857118555039 11.6
      vertex 12.61679607770176 4.525328890437411 11.6
      vertex 12.65302886467605 4.396857118555039 0
    endloop
  endfacet
  facet normal -0.9381913359224848 -0.34611705707749113 0
    outer loop
      vertex 12.61679607770176 4.525328890437411 11.6
      vertex 12.570595205269187 4.650561835020652 11.6
      vertex 12.61679607770176 4.525328890437411 0
    endloop
  endfacet
  facet normal -0.9081431738250837 -0.4186597375374229 0
    outer loop
      vertex 12.570595205269187 4.650561835020652 11.6
      vertex 12.514711091120226 4.771783849557229 11.6
      vertex 12.570595205269187 4.650561835020652 0
    endloop
  endfacet
  facet normal -0.9081431738250844 0.41865973753742175 0
    outer loop
      vertex 12.570595205269187 3.3494381649793477 11.6
      vertex 12.570595205269187 3.3494381649793477 0
      vertex 12.514711091120226 3.2282161504427704 0
    endloop
  endfacet
  facet normal -0.9381913359224852 0.34611705707748996 0
    outer loop
      vertex 12.61679607770176 3.4746711095625895 11.6
      vertex 12.61679607770176 3.4746711095625895 0
      vertex 12.570595205269187 3.3494381649793477 0
    endloop
  endfacet
  facet normal -0.9624552364536451 0.27144044986508226 0
    outer loop
      vertex 12.65302886467605 3.6031428814449606 11.6
      vertex 12.65302886467605 3.6031428814449606 0
      vertex 12.61679607770176 3.4746711095625895 0
    endloop
  endfacet
  facet normal -0.9807852804032304 0.19509032201612825 0
    outer loop
      vertex 12.679070179011735 3.7340614094316074 11.6
      vertex 12.679070179011735 3.7340614094316074 0
      vertex 12.65302886467605 3.6031428814449606 0
    endloop
  endfacet
  facet normal -0.9930684569549267 0.11753739745783381 0
    outer loop
      vertex 12.694759467346318 3.8666195372626637 11.6
      vertex 12.694759467346318 3.8666195372626637 0
      vertex 12.679070179011735 3.7340614094316074 0
    endloop
  endfacet
  facet normal -0.9992290362407231 0.039259815759063406 0
    outer loop
      vertex 12.7 4 11.6
      vertex 12.7 4 0
      vertex 12.694759467346318 3.8666195372626637 0
    endloop
  endfacet
  facet normal -0.9992290362407231 -0.039259815759063406 0
    outer loop
      vertex 12.694759467346318 4.133380462737336 11.6
      vertex 12.694759467346318 4.133380462737336 0
      vertex 12.7 4 0
    endloop
  endfacet
  facet normal -0.9930684569549267 -0.11753739745783381 0
    outer loop
      vertex 12.679070179011735 4.265938590568393 11.6
      vertex 12.679070179011735 4.265938590568393 0
      vertex 12.694759467346318 4.133380462737336 0
    endloop
  endfacet
  facet normal -0.9807852804032304 -0.19509032201612825 0
    outer loop
      vertex 12.65302886467605 4.396857118555039 11.6
      vertex 12.65302886467605 4.396857118555039 0
      vertex 12.679070179011735 4.265938590568393 0
    endloop
  endfacet
  facet normal -0.9624552364536452 -0.27144044986508137 0
    outer loop
      vertex 12.61679607770176 4.525328890437411 11.6
      vertex 12.61679607770176 4.525328890437411 0
      vertex 12.65302886467605 4.396857118555039 0
    endloop
  endfacet
  facet normal -0.9381913359224848 -0.34611705707749113 0
    outer loop
      vertex 12.570595205269187 4.650561835020652 11.6
      vertex 12.570595205269187 4.650561835020652 0
      vertex 12.61679607770176 4.525328890437411 0
    endloop
  endfacet
  facet normal -0.9081431738250837 -0.4186597375374229 0
    outer loop
      vertex 12.514711091120226 4.771783849557229 11.6
      vertex 12.514711091120226 4.771783849557229 0
      vertex 12.570595205269187 4.650561835020652 0
    endloop
  endfacet
  facet normal 0.9624552364536447 0.2714404498650831 0
    outer loop
      vertex 9.34697113532395 19.60314288144496 11.6
      vertex 9.38320392229824 19.47467110956259 11.6
      vertex 9.34697113532395 19.60314288144496 0
    endloop
  endfacet
  facet normal 0.9807852804032308 0.19509032201612697 0
    outer loop
      vertex 9.34697113532395 19.60314288144496 11.6
      vertex 9.320929820988265 19.734061409431607 0
      vertex 9.320929820988265 19.734061409431607 11.6
    endloop
  endfacet
  facet normal 0.9930684569549267 0.11753739745783302 0
    outer loop
      vertex 9.320929820988265 19.734061409431607 11.6
      vertex 9.305240532653682 19.866619537262665 0
      vertex 9.305240532653682 19.866619537262665 11.6
    endloop
  endfacet
  facet normal 0.9992290362407231 0.03925981575906366 0
    outer loop
      vertex 9.305240532653682 19.866619537262665 11.6
      vertex 9.3 20 0
      vertex 9.3 20 11.6
    endloop
  endfacet
  facet normal 0.9992290362407231 -0.03925981575906366 0
    outer loop
      vertex 9.3 20 11.6
      vertex 9.305240532653682 20.133380462737335 0
      vertex 9.305240532653682 20.133380462737335 11.6
    endloop
  endfacet
  facet normal 0.9930684569549267 -0.11753739745783302 0
    outer loop
      vertex 9.305240532653682 20.133380462737335 11.6
      vertex 9.320929820988265 20.265938590568393 0
      vertex 9.320929820988265 20.265938590568393 11.6
    endloop
  endfacet
  facet normal 0.9807852804032308 -0.19509032201612697 0
    outer loop
      vertex 9.320929820988265 20.265938590568393 11.6
      vertex 9.34697113532395 20.39685711855504 0
      vertex 9.34697113532395 20.39685711855504 11.6
    endloop
  endfacet
  facet normal 0.9624552364536447 -0.2714404498650831 0
    outer loop
      vertex 9.34697113532395 20.39685711855504 11.6
      vertex 9.38320392229824 20.52532889043741 0
      vertex 9.38320392229824 20.52532889043741 11.6
    endloop
  endfacet
  facet normal 0.4886212414969495 0.8724960070728001 0
    outer loop
      vertex 10.111752439982887 18.550511720598042 11.6
      vertex 10.22821615044277 18.485288908879774 11.6
      vertex 10.111752439982887 18.550511720598042 0
    endloop
  endfacet
  facet normal 0.6190939493098317 0.7853169308807467 0
    outer loop
      vertex 9.895938317838688 18.70730985847995 11.6
      vertex 10.000765071102796 18.62467110956259 11.6
      vertex 9.895938317838688 18.70730985847995 0
    endloop
  endfacet
  facet normal 0.5555702330196206 0.8314696123025329 0
    outer loop
      vertex 10.111752439982887 18.550511720598042 11.6
      vertex 10.000765071102796 18.62467110956259 0
      vertex 10.000765071102796 18.62467110956259 11.6
    endloop
  endfacet
  facet normal 0.2714404498650673 0.9624552364536492 0
    outer loop
      vertex 10.603142881444962 18.34697113532395 11.6
      vertex 10.474671109562589 18.38320392229824 0
      vertex 10.474671109562589 18.38320392229824 11.6
    endloop
  endfacet
  facet normal 0.19509032201614235 0.9807852804032277 0
    outer loop
      vertex 10.603142881444962 18.34697113532395 11.6
      vertex 10.734061409431607 18.320929820988265 11.6
      vertex 10.603142881444962 18.34697113532395 0
    endloop
  endfacet
  facet normal 0.11753739745782146 0.9930684569549282 0
    outer loop
      vertex 10.734061409431607 18.320929820988265 11.6
      vertex 10.866619537262663 18.305240532653684 11.6
      vertex 10.734061409431607 18.320929820988265 0
    endloop
  endfacet
  facet normal 0.03925981575907643 0.9992290362407226 0
    outer loop
      vertex 10.866619537262663 18.305240532653684 11.6
      vertex 11 18.3 11.6
      vertex 10.866619537262663 18.305240532653684 0
    endloop
  endfacet
  facet normal 0.4186597375374146 0.9081431738250876 0
    outer loop
      vertex 10.349438164979347 18.429404794730814 11.6
      vertex 10.22821615044277 18.485288908879774 0
      vertex 10.22821615044277 18.485288908879774 11.6
    endloop
  endfacet
  facet normal 0.3461170570775006 0.9381913359224813 0
    outer loop
      vertex 10.349438164979347 18.429404794730814 11.6
      vertex 10.474671109562589 18.38320392229824 11.6
      vertex 10.349438164979347 18.429404794730814 0
    endloop
  endfacet
  facet normal 0.7343225094356868 0.6788007455329405 0
    outer loop
      vertex 9.707309858479947 18.895938317838688 11.6
      vertex 9.79791847198287 18.797918471982868 11.6
      vertex 9.707309858479947 18.895938317838688 0
    endloop
  endfacet
  facet normal 0.7853169308807416 0.6190939493098382 0
    outer loop
      vertex 9.707309858479947 18.895938317838688 11.6
      vertex 9.62467110956259 19.000765071102794 0
      vertex 9.62467110956259 19.000765071102794 11.6
    endloop
  endfacet
  facet normal 0.8314696123025492 0.5555702330195962 0
    outer loop
      vertex 9.550511720598044 19.111752439982887 11.6
      vertex 9.62467110956259 19.000765071102794 11.6
      vertex 9.550511720598044 19.111752439982887 0
    endloop
  endfacet
  facet normal 0.6788007455329327 0.7343225094356939 0
    outer loop
      vertex 9.895938317838688 18.70730985847995 11.6
      vertex 9.79791847198287 18.797918471982868 0
      vertex 9.79791847198287 18.797918471982868 11.6
    endloop
  endfacet
  facet normal 0.8724960070727913 0.4886212414969654 0
    outer loop
      vertex 9.550511720598044 19.111752439982887 11.6
      vertex 9.485288908879774 19.22821615044277 0
      vertex 9.485288908879774 19.22821615044277 11.6
    endloop
  endfacet
  facet normal 0.9081431738250848 0.4186597375374204 0
    outer loop
      vertex 9.485288908879774 19.22821615044277 11.6
      vertex 9.429404794730813 19.349438164979347 0
      vertex 9.429404794730813 19.349438164979347 11.6
    endloop
  endfacet
  facet normal 0.9381913359224857 0.3461170570774889 0
    outer loop
      vertex 9.429404794730813 19.349438164979347 11.6
      vertex 9.38320392229824 19.47467110956259 0
      vertex 9.38320392229824 19.47467110956259 11.6
    endloop
  endfacet
  facet normal -0.03925981575907643 0.9992290362407226 0
    outer loop
      vertex 11 18.3 11.6
      vertex 11.133380462737337 18.305240532653684 11.6
      vertex 11 18.3 0
    endloop
  endfacet
  facet normal -0.11753739745782146 0.9930684569549282 0
    outer loop
      vertex 11.133380462737337 18.305240532653684 11.6
      vertex 11.265938590568393 18.320929820988265 11.6
      vertex 11.133380462737337 18.305240532653684 0
    endloop
  endfacet
  facet normal -0.19509032201614235 0.9807852804032277 0
    outer loop
      vertex 11.265938590568393 18.320929820988265 11.6
      vertex 11.396857118555038 18.34697113532395 11.6
      vertex 11.265938590568393 18.320929820988265 0
    endloop
  endfacet
  facet normal -0.2714404498650673 0.9624552364536492 0
    outer loop
      vertex 11.396857118555038 18.34697113532395 11.6
      vertex 11.525328890437411 18.38320392229824 11.6
      vertex 11.396857118555038 18.34697113532395 0
    endloop
  endfacet
  facet normal -0.3461170570775006 0.9381913359224813 0
    outer loop
      vertex 11.525328890437411 18.38320392229824 11.6
      vertex 11.650561835020653 18.429404794730814 11.6
      vertex 11.525328890437411 18.38320392229824 0
    endloop
  endfacet
  facet normal -0.4186597375374146 0.9081431738250876 0
    outer loop
      vertex 11.650561835020653 18.429404794730814 11.6
      vertex 11.77178384955723 18.485288908879774 11.6
      vertex 11.650561835020653 18.429404794730814 0
    endloop
  endfacet
  facet normal -0.4886212414969495 0.8724960070728001 0
    outer loop
      vertex 11.77178384955723 18.485288908879774 11.6
      vertex 11.888247560017113 18.550511720598042 11.6
      vertex 11.77178384955723 18.485288908879774 0
    endloop
  endfacet
  facet normal -0.5555702330196206 0.8314696123025329 0
    outer loop
      vertex 11.888247560017113 18.550511720598042 11.6
      vertex 11.999234928897204 18.62467110956259 11.6
      vertex 11.888247560017113 18.550511720598042 0
    endloop
  endfacet
  facet normal -0.6190939493098317 0.7853169308807467 0
    outer loop
      vertex 11.999234928897204 18.62467110956259 11.6
      vertex 12.104061682161312 18.70730985847995 11.6
      vertex 11.999234928897204 18.62467110956259 0
    endloop
  endfacet
  facet normal -0.6788007455329327 0.7343225094356939 0
    outer loop
      vertex 12.104061682161312 18.70730985847995 11.6
      vertex 12.20208152801713 18.797918471982868 11.6
      vertex 12.104061682161312 18.70730985847995 0
    endloop
  endfacet
  facet normal -0.7343225094356868 0.6788007455329405 0
    outer loop
      vertex 12.20208152801713 18.797918471982868 11.6
      vertex 12.292690141520053 18.895938317838688 11.6
      vertex 12.20208152801713 18.797918471982868 0
    endloop
  endfacet
  facet normal -0.7853169308807416 0.6190939493098382 0
    outer loop
      vertex 12.292690141520053 18.895938317838688 11.6
      vertex 12.37532889043741 19.000765071102794 11.6
      vertex 12.292690141520053 18.895938317838688 0
    endloop
  endfacet
  facet normal -0.8314696123025492 0.5555702330195962 0
    outer loop
      vertex 12.37532889043741 19.000765071102794 11.6
      vertex 12.449488279401956 19.111752439982887 11.6
      vertex 12.37532889043741 19.000765071102794 0
    endloop
  endfacet
  facet normal -0.8724960070727913 0.4886212414969654 0
    outer loop
      vertex 12.449488279401956 19.111752439982887 11.6
      vertex 12.514711091120226 19.22821615044277 11.6
      vertex 12.449488279401956 19.111752439982887 0
    endloop
  endfacet
  facet normal 0.9381913359224857 -0.3461170570774889 0
    outer loop
      vertex 9.38320392229824 20.52532889043741 11.6
      vertex 9.429404794730813 20.650561835020653 0
      vertex 9.429404794730813 20.650561835020653 11.6
    endloop
  endfacet
  facet normal 0.9081431738250848 -0.4186597375374204 0
    outer loop
      vertex 9.429404794730813 20.650561835020653 11.6
      vertex 9.485288908879774 20.77178384955723 0
      vertex 9.485288908879774 20.77178384955723 11.6
    endloop
  endfacet
  facet normal 0.8724960070727913 -0.4886212414969654 0
    outer loop
      vertex 9.485288908879774 20.77178384955723 11.6
      vertex 9.550511720598044 20.888247560017113 0
      vertex 9.550511720598044 20.888247560017113 11.6
    endloop
  endfacet
  facet normal 0.8314696123025492 -0.5555702330195962 0
    outer loop
      vertex 9.550511720598044 20.888247560017113 11.6
      vertex 9.62467110956259 20.999234928897206 0
      vertex 9.62467110956259 20.999234928897206 11.6
    endloop
  endfacet
  facet normal -0.8724960070727913 -0.4886212414969654 0
    outer loop
      vertex 12.449488279401956 20.888247560017113 11.6
      vertex 12.514711091120226 20.77178384955723 0
      vertex 12.514711091120226 20.77178384955723 11.6
    endloop
  endfacet
  facet normal -0.8314696123025492 -0.5555702330195962 0
    outer loop
      vertex 12.449488279401956 20.888247560017113 11.6
      vertex 12.37532889043741 20.999234928897206 11.6
      vertex 12.449488279401956 20.888247560017113 0
    endloop
  endfacet
  facet normal 0.7853169308807416 -0.6190939493098382 0
    outer loop
      vertex 9.62467110956259 20.999234928897206 11.6
      vertex 9.707309858479947 21.104061682161312 0
      vertex 9.707309858479947 21.104061682161312 11.6
    endloop
  endfacet
  facet normal 0.7343225094356868 -0.6788007455329405 0
    outer loop
      vertex 9.707309858479947 21.104061682161312 11.6
      vertex 9.79791847198287 21.202081528017132 0
      vertex 9.79791847198287 21.202081528017132 11.6
    endloop
  endfacet
  facet normal 0.6788007455329327 -0.7343225094356939 0
    outer loop
      vertex 9.79791847198287 21.202081528017132 11.6
      vertex 9.895938317838688 21.29269014152005 0
      vertex 9.895938317838688 21.29269014152005 11.6
    endloop
  endfacet
  facet normal 0.6190939493098317 -0.7853169308807467 0
    outer loop
      vertex 9.895938317838688 21.29269014152005 11.6
      vertex 10.000765071102796 21.37532889043741 0
      vertex 10.000765071102796 21.37532889043741 11.6
    endloop
  endfacet
  facet normal 0.5555702330196206 -0.8314696123025329 0
    outer loop
      vertex 10.000765071102796 21.37532889043741 11.6
      vertex 10.111752439982887 21.449488279401958 0
      vertex 10.111752439982887 21.449488279401958 11.6
    endloop
  endfacet
  facet normal 0.4886212414969495 -0.8724960070728001 0
    outer loop
      vertex 10.111752439982887 21.449488279401958 11.6
      vertex 10.22821615044277 21.514711091120226 0
      vertex 10.22821615044277 21.514711091120226 11.6
    endloop
  endfacet
  facet normal 0.4186597375374146 -0.9081431738250876 0
    outer loop
      vertex 10.22821615044277 21.514711091120226 11.6
      vertex 10.349438164979347 21.570595205269186 0
      vertex 10.349438164979347 21.570595205269186 11.6
    endloop
  endfacet
  facet normal 0.3461170570775006 -0.9381913359224813 0
    outer loop
      vertex 10.349438164979347 21.570595205269186 11.6
      vertex 10.474671109562589 21.61679607770176 0
      vertex 10.474671109562589 21.61679607770176 11.6
    endloop
  endfacet
  facet normal 0.2714404498650673 -0.9624552364536492 0
    outer loop
      vertex 10.474671109562589 21.61679607770176 11.6
      vertex 10.603142881444962 21.65302886467605 0
      vertex 10.603142881444962 21.65302886467605 11.6
    endloop
  endfacet
  facet normal 0.19509032201614235 -0.9807852804032277 0
    outer loop
      vertex 10.603142881444962 21.65302886467605 11.6
      vertex 10.734061409431607 21.679070179011735 0
      vertex 10.734061409431607 21.679070179011735 11.6
    endloop
  endfacet
  facet normal 0.11753739745782146 -0.9930684569549282 0
    outer loop
      vertex 10.734061409431607 21.679070179011735 11.6
      vertex 10.866619537262663 21.694759467346316 0
      vertex 10.866619537262663 21.694759467346316 11.6
    endloop
  endfacet
  facet normal 0.03925981575907643 -0.9992290362407226 0
    outer loop
      vertex 10.866619537262663 21.694759467346316 11.6
      vertex 11 21.7 0
      vertex 11 21.7 11.6
    endloop
  endfacet
  facet normal -0.03925981575907643 -0.9992290362407226 0
    outer loop
      vertex 11 21.7 11.6
      vertex 11.133380462737337 21.694759467346316 0
      vertex 11.133380462737337 21.694759467346316 11.6
    endloop
  endfacet
  facet normal -0.11753739745782146 -0.9930684569549282 0
    outer loop
      vertex 11.133380462737337 21.694759467346316 11.6
      vertex 11.265938590568393 21.679070179011735 0
      vertex 11.265938590568393 21.679070179011735 11.6
    endloop
  endfacet
  facet normal -0.2714404498650673 -0.9624552364536492 0
    outer loop
      vertex 11.396857118555038 21.65302886467605 11.6
      vertex 11.525328890437411 21.61679607770176 0
      vertex 11.525328890437411 21.61679607770176 11.6
    endloop
  endfacet
  facet normal -0.19509032201614235 -0.9807852804032277 0
    outer loop
      vertex 11.265938590568393 21.679070179011735 11.6
      vertex 11.396857118555038 21.65302886467605 0
      vertex 11.396857118555038 21.65302886467605 11.6
    endloop
  endfacet
  facet normal -0.3461170570775006 -0.9381913359224813 0
    outer loop
      vertex 11.525328890437411 21.61679607770176 11.6
      vertex 11.650561835020653 21.570595205269186 0
      vertex 11.650561835020653 21.570595205269186 11.6
    endloop
  endfacet
  facet normal -0.6190939493098317 -0.7853169308807467 0
    outer loop
      vertex 12.104061682161312 21.29269014152005 11.6
      vertex 11.999234928897204 21.37532889043741 11.6
      vertex 12.104061682161312 21.29269014152005 0
    endloop
  endfacet
  facet normal -0.7343225094356868 -0.6788007455329405 0
    outer loop
      vertex 12.292690141520053 21.104061682161312 11.6
      vertex 12.20208152801713 21.202081528017132 11.6
      vertex 12.292690141520053 21.104061682161312 0
    endloop
  endfacet
  facet normal -0.7853169308807416 -0.6190939493098382 0
    outer loop
      vertex 12.37532889043741 20.999234928897206 11.6
      vertex 12.292690141520053 21.104061682161312 11.6
      vertex 12.37532889043741 20.999234928897206 0
    endloop
  endfacet
  facet normal -0.6788007455329327 -0.7343225094356939 0
    outer loop
      vertex 12.104061682161312 21.29269014152005 11.6
      vertex 12.20208152801713 21.202081528017132 0
      vertex 12.20208152801713 21.202081528017132 11.6
    endloop
  endfacet
  facet normal -0.4186597375374146 -0.9081431738250876 0
    outer loop
      vertex 11.650561835020653 21.570595205269186 11.6
      vertex 11.77178384955723 21.514711091120226 0
      vertex 11.77178384955723 21.514711091120226 11.6
    endloop
  endfacet
  facet normal -0.4886212414969495 -0.8724960070728001 0
    outer loop
      vertex 11.888247560017113 21.449488279401958 11.6
      vertex 11.77178384955723 21.514711091120226 11.6
      vertex 11.888247560017113 21.449488279401958 0
    endloop
  endfacet
  facet normal -0.5555702330196206 -0.8314696123025329 0
    outer loop
      vertex 11.888247560017113 21.449488279401958 11.6
      vertex 11.999234928897204 21.37532889043741 0
      vertex 11.999234928897204 21.37532889043741 11.6
    endloop
  endfacet
  facet normal 0.9624552364536447 0.2714404498650831 0
    outer loop
      vertex 9.38320392229824 19.47467110956259 11.6
      vertex 9.38320392229824 19.47467110956259 0
      vertex 9.34697113532395 19.60314288144496 0
    endloop
  endfacet
  facet normal 0.9807852804032308 0.19509032201612697 0
    outer loop
      vertex 9.34697113532395 19.60314288144496 11.6
      vertex 9.34697113532395 19.60314288144496 0
      vertex 9.320929820988265 19.734061409431607 0
    endloop
  endfacet
  facet normal 0.9930684569549267 0.11753739745783302 0
    outer loop
      vertex 9.320929820988265 19.734061409431607 11.6
      vertex 9.320929820988265 19.734061409431607 0
      vertex 9.305240532653682 19.866619537262665 0
    endloop
  endfacet
  facet normal 0.9992290362407231 0.03925981575906366 0
    outer loop
      vertex 9.305240532653682 19.866619537262665 11.6
      vertex 9.305240532653682 19.866619537262665 0
      vertex 9.3 20 0
    endloop
  endfacet
  facet normal 0.9992290362407231 -0.03925981575906366 0
    outer loop
      vertex 9.3 20 11.6
      vertex 9.3 20 0
      vertex 9.305240532653682 20.133380462737335 0
    endloop
  endfacet
  facet normal 0.9930684569549267 -0.11753739745783302 0
    outer loop
      vertex 9.305240532653682 20.133380462737335 11.6
      vertex 9.305240532653682 20.133380462737335 0
      vertex 9.320929820988265 20.265938590568393 0
    endloop
  endfacet
  facet normal 0.9807852804032308 -0.19509032201612697 0
    outer loop
      vertex 9.320929820988265 20.265938590568393 11.6
      vertex 9.320929820988265 20.265938590568393 0
      vertex 9.34697113532395 20.39685711855504 0
    endloop
  endfacet
  facet normal 0.9624552364536447 -0.2714404498650831 0
    outer loop
      vertex 9.34697113532395 20.39685711855504 11.6
      vertex 9.34697113532395 20.39685711855504 0
      vertex 9.38320392229824 20.52532889043741 0
    endloop
  endfacet
  facet normal 0.6788007455329327 0.7343225094356939 0
    outer loop
      vertex 9.895938317838688 18.70730985847995 11.6
      vertex 9.895938317838688 18.70730985847995 0
      vertex 9.79791847198287 18.797918471982868 0
    endloop
  endfacet
  facet normal 0.6190939493098317 0.7853169308807467 0
    outer loop
      vertex 10.000765071102796 18.62467110956259 11.6
      vertex 10.000765071102796 18.62467110956259 0
      vertex 9.895938317838688 18.70730985847995 0
    endloop
  endfacet
  facet normal 0.5555702330196206 0.8314696123025329 0
    outer loop
      vertex 10.111752439982887 18.550511720598042 11.6
      vertex 10.111752439982887 18.550511720598042 0
      vertex 10.000765071102796 18.62467110956259 0
    endloop
  endfacet
  facet normal 0.2714404498650673 0.9624552364536492 0
    outer loop
      vertex 10.603142881444962 18.34697113532395 11.6
      vertex 10.603142881444962 18.34697113532395 0
      vertex 10.474671109562589 18.38320392229824 0
    endloop
  endfacet
  facet normal 0.19509032201614235 0.9807852804032277 0
    outer loop
      vertex 10.734061409431607 18.320929820988265 11.6
      vertex 10.734061409431607 18.320929820988265 0
      vertex 10.603142881444962 18.34697113532395 0
    endloop
  endfacet
  facet normal 0.11753739745782146 0.9930684569549282 0
    outer loop
      vertex 10.866619537262663 18.305240532653684 11.6
      vertex 10.866619537262663 18.305240532653684 0
      vertex 10.734061409431607 18.320929820988265 0
    endloop
  endfacet
  facet normal 0.4186597375374146 0.9081431738250876 0
    outer loop
      vertex 10.349438164979347 18.429404794730814 11.6
      vertex 10.349438164979347 18.429404794730814 0
      vertex 10.22821615044277 18.485288908879774 0
    endloop
  endfacet
  facet normal 0.4886212414969495 0.8724960070728001 0
    outer loop
      vertex 10.22821615044277 18.485288908879774 11.6
      vertex 10.22821615044277 18.485288908879774 0
      vertex 10.111752439982887 18.550511720598042 0
    endloop
  endfacet
  facet normal 0.3461170570775006 0.9381913359224813 0
    outer loop
      vertex 10.474671109562589 18.38320392229824 11.6
      vertex 10.474671109562589 18.38320392229824 0
      vertex 10.349438164979347 18.429404794730814 0
    endloop
  endfacet
  facet normal 0.7853169308807416 0.6190939493098382 0
    outer loop
      vertex 9.707309858479947 18.895938317838688 11.6
      vertex 9.707309858479947 18.895938317838688 0
      vertex 9.62467110956259 19.000765071102794 0
    endloop
  endfacet
  facet normal 0.8314696123025492 0.5555702330195962 0
    outer loop
      vertex 9.62467110956259 19.000765071102794 11.6
      vertex 9.62467110956259 19.000765071102794 0
      vertex 9.550511720598044 19.111752439982887 0
    endloop
  endfacet
  facet normal 0.7343225094356868 0.6788007455329405 0
    outer loop
      vertex 9.79791847198287 18.797918471982868 11.6
      vertex 9.79791847198287 18.797918471982868 0
      vertex 9.707309858479947 18.895938317838688 0
    endloop
  endfacet
  facet normal 0.8724960070727913 0.4886212414969654 0
    outer loop
      vertex 9.550511720598044 19.111752439982887 11.6
      vertex 9.550511720598044 19.111752439982887 0
      vertex 9.485288908879774 19.22821615044277 0
    endloop
  endfacet
  facet normal 0.9081431738250848 0.4186597375374204 0
    outer loop
      vertex 9.485288908879774 19.22821615044277 11.6
      vertex 9.485288908879774 19.22821615044277 0
      vertex 9.429404794730813 19.349438164979347 0
    endloop
  endfacet
  facet normal 0.9381913359224857 0.3461170570774889 0
    outer loop
      vertex 9.429404794730813 19.349438164979347 11.6
      vertex 9.429404794730813 19.349438164979347 0
      vertex 9.38320392229824 19.47467110956259 0
    endloop
  endfacet
  facet normal 0.03925981575907643 0.9992290362407226 0
    outer loop
      vertex 11 18.3 11.6
      vertex 11 18.3 0
      vertex 10.866619537262663 18.305240532653684 0
    endloop
  endfacet
  facet normal -0.03925981575907643 0.9992290362407226 0
    outer loop
      vertex 11.133380462737337 18.305240532653684 11.6
      vertex 11.133380462737337 18.305240532653684 0
      vertex 11 18.3 0
    endloop
  endfacet
  facet normal -0.11753739745782146 0.9930684569549282 0
    outer loop
      vertex 11.265938590568393 18.320929820988265 11.6
      vertex 11.265938590568393 18.320929820988265 0
      vertex 11.133380462737337 18.305240532653684 0
    endloop
  endfacet
  facet normal -0.19509032201614235 0.9807852804032277 0
    outer loop
      vertex 11.396857118555038 18.34697113532395 11.6
      vertex 11.396857118555038 18.34697113532395 0
      vertex 11.265938590568393 18.320929820988265 0
    endloop
  endfacet
  facet normal -0.2714404498650673 0.9624552364536492 0
    outer loop
      vertex 11.525328890437411 18.38320392229824 11.6
      vertex 11.525328890437411 18.38320392229824 0
      vertex 11.396857118555038 18.34697113532395 0
    endloop
  endfacet
  facet normal -0.3461170570775006 0.9381913359224813 0
    outer loop
      vertex 11.650561835020653 18.429404794730814 11.6
      vertex 11.650561835020653 18.429404794730814 0
      vertex 11.525328890437411 18.38320392229824 0
    endloop
  endfacet
  facet normal -0.4186597375374146 0.9081431738250876 0
    outer loop
      vertex 11.77178384955723 18.485288908879774 11.6
      vertex 11.77178384955723 18.485288908879774 0
      vertex 11.650561835020653 18.429404794730814 0
    endloop
  endfacet
  facet normal -0.4886212414969495 0.8724960070728001 0
    outer loop
      vertex 11.888247560017113 18.550511720598042 11.6
      vertex 11.888247560017113 18.550511720598042 0
      vertex 11.77178384955723 18.485288908879774 0
    endloop
  endfacet
  facet normal -0.5555702330196206 0.8314696123025329 0
    outer loop
      vertex 11.999234928897204 18.62467110956259 11.6
      vertex 11.999234928897204 18.62467110956259 0
      vertex 11.888247560017113 18.550511720598042 0
    endloop
  endfacet
  facet normal -0.6190939493098317 0.7853169308807467 0
    outer loop
      vertex 12.104061682161312 18.70730985847995 11.6
      vertex 12.104061682161312 18.70730985847995 0
      vertex 11.999234928897204 18.62467110956259 0
    endloop
  endfacet
  facet normal -0.6788007455329327 0.7343225094356939 0
    outer loop
      vertex 12.20208152801713 18.797918471982868 11.6
      vertex 12.20208152801713 18.797918471982868 0
      vertex 12.104061682161312 18.70730985847995 0
    endloop
  endfacet
  facet normal -0.7343225094356868 0.6788007455329405 0
    outer loop
      vertex 12.292690141520053 18.895938317838688 11.6
      vertex 12.292690141520053 18.895938317838688 0
      vertex 12.20208152801713 18.797918471982868 0
    endloop
  endfacet
  facet normal -0.7853169308807416 0.6190939493098382 0
    outer loop
      vertex 12.37532889043741 19.000765071102794 11.6
      vertex 12.37532889043741 19.000765071102794 0
      vertex 12.292690141520053 18.895938317838688 0
    endloop
  endfacet
  facet normal -0.8314696123025492 0.5555702330195962 0
    outer loop
      vertex 12.449488279401956 19.111752439982887 11.6
      vertex 12.449488279401956 19.111752439982887 0
      vertex 12.37532889043741 19.000765071102794 0
    endloop
  endfacet
  facet normal -0.8724960070727913 0.4886212414969654 0
    outer loop
      vertex 12.514711091120226 19.22821615044277 11.6
      vertex 12.514711091120226 19.22821615044277 0
      vertex 12.449488279401956 19.111752439982887 0
    endloop
  endfacet
  facet normal 0.9381913359224857 -0.3461170570774889 0
    outer loop
      vertex 9.38320392229824 20.52532889043741 11.6
      vertex 9.38320392229824 20.52532889043741 0
      vertex 9.429404794730813 20.650561835020653 0
    endloop
  endfacet
  facet normal 0.9081431738250848 -0.4186597375374204 0
    outer loop
      vertex 9.429404794730813 20.650561835020653 11.6
      vertex 9.429404794730813 20.650561835020653 0
      vertex 9.485288908879774 20.77178384955723 0
    endloop
  endfacet
  facet normal 0.8724960070727913 -0.4886212414969654 0
    outer loop
      vertex 9.485288908879774 20.77178384955723 11.6
      vertex 9.485288908879774 20.77178384955723 0
      vertex 9.550511720598044 20.888247560017113 0
    endloop
  endfacet
  facet normal 0.8314696123025492 -0.5555702330195962 0
    outer loop
      vertex 9.550511720598044 20.888247560017113 11.6
      vertex 9.550511720598044 20.888247560017113 0
      vertex 9.62467110956259 20.999234928897206 0
    endloop
  endfacet
  facet normal -0.8724960070727913 -0.4886212414969654 0
    outer loop
      vertex 12.449488279401956 20.888247560017113 11.6
      vertex 12.449488279401956 20.888247560017113 0
      vertex 12.514711091120226 20.77178384955723 0
    endloop
  endfacet
  facet normal -0.8314696123025492 -0.5555702330195962 0
    outer loop
      vertex 12.37532889043741 20.999234928897206 11.6
      vertex 12.37532889043741 20.999234928897206 0
      vertex 12.449488279401956 20.888247560017113 0
    endloop
  endfacet
  facet normal 0.7853169308807416 -0.6190939493098382 0
    outer loop
      vertex 9.62467110956259 20.999234928897206 11.6
      vertex 9.62467110956259 20.999234928897206 0
      vertex 9.707309858479947 21.104061682161312 0
    endloop
  endfacet
  facet normal 0.7343225094356868 -0.6788007455329405 0
    outer loop
      vertex 9.707309858479947 21.104061682161312 11.6
      vertex 9.707309858479947 21.104061682161312 0
      vertex 9.79791847198287 21.202081528017132 0
    endloop
  endfacet
  facet normal 0.6788007455329327 -0.7343225094356939 0
    outer loop
      vertex 9.79791847198287 21.202081528017132 11.6
      vertex 9.79791847198287 21.202081528017132 0
      vertex 9.895938317838688 21.29269014152005 0
    endloop
  endfacet
  facet normal 0.6190939493098317 -0.7853169308807467 0
    outer loop
      vertex 9.895938317838688 21.29269014152005 11.6
      vertex 9.895938317838688 21.29269014152005 0
      vertex 10.000765071102796 21.37532889043741 0
    endloop
  endfacet
  facet normal 0.5555702330196206 -0.8314696123025329 0
    outer loop
      vertex 10.000765071102796 21.37532889043741 11.6
      vertex 10.000765071102796 21.37532889043741 0
      vertex 10.111752439982887 21.449488279401958 0
    endloop
  endfacet
  facet normal 0.4886212414969495 -0.8724960070728001 0
    outer loop
      vertex 10.111752439982887 21.449488279401958 11.6
      vertex 10.111752439982887 21.449488279401958 0
      vertex 10.22821615044277 21.514711091120226 0
    endloop
  endfacet
  facet normal 0.4186597375374146 -0.9081431738250876 0
    outer loop
      vertex 10.22821615044277 21.514711091120226 11.6
      vertex 10.22821615044277 21.514711091120226 0
      vertex 10.349438164979347 21.570595205269186 0
    endloop
  endfacet
  facet normal 0.3461170570775006 -0.9381913359224813 0
    outer loop
      vertex 10.349438164979347 21.570595205269186 11.6
      vertex 10.349438164979347 21.570595205269186 0
      vertex 10.474671109562589 21.61679607770176 0
    endloop
  endfacet
  facet normal 0.2714404498650673 -0.9624552364536492 0
    outer loop
      vertex 10.474671109562589 21.61679607770176 11.6
      vertex 10.474671109562589 21.61679607770176 0
      vertex 10.603142881444962 21.65302886467605 0
    endloop
  endfacet
  facet normal 0.19509032201614235 -0.9807852804032277 0
    outer loop
      vertex 10.603142881444962 21.65302886467605 11.6
      vertex 10.603142881444962 21.65302886467605 0
      vertex 10.734061409431607 21.679070179011735 0
    endloop
  endfacet
  facet normal 0.11753739745782146 -0.9930684569549282 0
    outer loop
      vertex 10.734061409431607 21.679070179011735 11.6
      vertex 10.734061409431607 21.679070179011735 0
      vertex 10.866619537262663 21.694759467346316 0
    endloop
  endfacet
  facet normal 0.03925981575907643 -0.9992290362407226 0
    outer loop
      vertex 10.866619537262663 21.694759467346316 11.6
      vertex 10.866619537262663 21.694759467346316 0
      vertex 11 21.7 0
    endloop
  endfacet
  facet normal -0.03925981575907643 -0.9992290362407226 0
    outer loop
      vertex 11 21.7 11.6
      vertex 11 21.7 0
      vertex 11.133380462737337 21.694759467346316 0
    endloop
  endfacet
  facet normal -0.11753739745782146 -0.9930684569549282 0
    outer loop
      vertex 11.133380462737337 21.694759467346316 11.6
      vertex 11.133380462737337 21.694759467346316 0
      vertex 11.265938590568393 21.679070179011735 0
    endloop
  endfacet
  facet normal -0.19509032201614235 -0.9807852804032277 0
    outer loop
      vertex 11.265938590568393 21.679070179011735 11.6
      vertex 11.265938590568393 21.679070179011735 0
      vertex 11.396857118555038 21.65302886467605 0
    endloop
  endfacet
  facet normal -0.4186597375374146 -0.9081431738250876 0
    outer loop
      vertex 11.650561835020653 21.570595205269186 11.6
      vertex 11.650561835020653 21.570595205269186 0
      vertex 11.77178384955723 21.514711091120226 0
    endloop
  endfacet
  facet normal -0.2714404498650673 -0.9624552364536492 0
    outer loop
      vertex 11.396857118555038 21.65302886467605 11.6
      vertex 11.396857118555038 21.65302886467605 0
      vertex 11.525328890437411 21.61679607770176 0
    endloop
  endfacet
  facet normal -0.3461170570775006 -0.9381913359224813 0
    outer loop
      vertex 11.525328890437411 21.61679607770176 11.6
      vertex 11.525328890437411 21.61679607770176 0
      vertex 11.650561835020653 21.570595205269186 0
    endloop
  endfacet
  facet normal -0.6190939493098317 -0.7853169308807467 0
    outer loop
      vertex 11.999234928897204 21.37532889043741 11.6
      vertex 11.999234928897204 21.37532889043741 0
      vertex 12.104061682161312 21.29269014152005 0
    endloop
  endfacet
  facet normal -0.7343225094356868 -0.6788007455329405 0
    outer loop
      vertex 12.20208152801713 21.202081528017132 11.6
      vertex 12.20208152801713 21.202081528017132 0
      vertex 12.292690141520053 21.104061682161312 0
    endloop
  endfacet
  facet normal -0.7853169308807416 -0.6190939493098382 0
    outer loop
      vertex 12.292690141520053 21.104061682161312 11.6
      vertex 12.292690141520053 21.104061682161312 0
      vertex 12.37532889043741 20.999234928897206 0
    endloop
  endfacet
  facet normal -0.6788007455329327 -0.7343225094356939 0
    outer loop
      vertex 12.104061682161312 21.29269014152005 11.6
      vertex 12.104061682161312 21.29269014152005 0
      vertex 12.20208152801713 21.202081528017132 0
    endloop
  endfacet
  facet normal -0.4886212414969495 -0.8724960070728001 0
    outer loop
      vertex 11.77178384955723 21.514711091120226 11.6
      vertex 11.77178384955723 21.514711091120226 0
      vertex 11.888247560017113 21.449488279401958 0
    endloop
  endfacet
  facet normal -0.5555702330196206 -0.8314696123025329 0
    outer loop
      vertex 11.888247560017113 21.449488279401958 11.6
      vertex 11.888247560017113 21.449488279401958 0
      vertex 11.999234928897204 21.37532889043741 0
    endloop
  endfacet
  facet normal -0.9081431738250848 0.4186597375374204 0
    outer loop
      vertex 12.514711091120226 19.22821615044277 11.6
      vertex 12.570595205269187 19.349438164979347 11.6
      vertex 12.514711091120226 19.22821615044277 0
    endloop
  endfacet
  facet normal -0.9381913359224857 0.3461170570774889 0
    outer loop
      vertex 12.570595205269187 19.349438164979347 11.6
      vertex 12.61679607770176 19.47467110956259 11.6
      vertex 12.570595205269187 19.349438164979347 0
    endloop
  endfacet
  facet normal -0.9624552364536447 0.2714404498650831 0
    outer loop
      vertex 12.61679607770176 19.47467110956259 11.6
      vertex 12.65302886467605 19.60314288144496 11.6
      vertex 12.61679607770176 19.47467110956259 0
    endloop
  endfacet
  facet normal -0.9807852804032308 0.19509032201612697 0
    outer loop
      vertex 12.65302886467605 19.60314288144496 11.6
      vertex 12.679070179011735 19.734061409431607 11.6
      vertex 12.65302886467605 19.60314288144496 0
    endloop
  endfacet
  facet normal -0.9930684569549267 0.11753739745783302 0
    outer loop
      vertex 12.679070179011735 19.734061409431607 11.6
      vertex 12.694759467346318 19.866619537262665 11.6
      vertex 12.679070179011735 19.734061409431607 0
    endloop
  endfacet
  facet normal -0.9992290362407231 0.03925981575906366 0
    outer loop
      vertex 12.694759467346318 19.866619537262665 11.6
      vertex 12.7 20 11.6
      vertex 12.694759467346318 19.866619537262665 0
    endloop
  endfacet
  facet normal -0.9992290362407231 -0.03925981575906366 0
    outer loop
      vertex 12.7 20 11.6
      vertex 12.694759467346318 20.133380462737335 11.6
      vertex 12.7 20 0
    endloop
  endfacet
  facet normal -0.9930684569549267 -0.11753739745783302 0
    outer loop
      vertex 12.694759467346318 20.133380462737335 11.6
      vertex 12.679070179011735 20.265938590568393 11.6
      vertex 12.694759467346318 20.133380462737335 0
    endloop
  endfacet
  facet normal -0.9807852804032308 -0.19509032201612697 0
    outer loop
      vertex 12.679070179011735 20.265938590568393 11.6
      vertex 12.65302886467605 20.39685711855504 11.6
      vertex 12.679070179011735 20.265938590568393 0
    endloop
  endfacet
  facet normal -0.9624552364536447 -0.2714404498650831 0
    outer loop
      vertex 12.65302886467605 20.39685711855504 11.6
      vertex 12.61679607770176 20.52532889043741 11.6
      vertex 12.65302886467605 20.39685711855504 0
    endloop
  endfacet
  facet normal -0.9381913359224857 -0.3461170570774889 0
    outer loop
      vertex 12.61679607770176 20.52532889043741 11.6
      vertex 12.570595205269187 20.650561835020653 11.6
      vertex 12.61679607770176 20.52532889043741 0
    endloop
  endfacet
  facet normal -0.9081431738250848 -0.4186597375374204 0
    outer loop
      vertex 12.570595205269187 20.650561835020653 11.6
      vertex 12.514711091120226 20.77178384955723 11.6
      vertex 12.570595205269187 20.650561835020653 0
    endloop
  endfacet
  facet normal -0.9081431738250848 0.4186597375374204 0
    outer loop
      vertex 12.570595205269187 19.349438164979347 11.6
      vertex 12.570595205269187 19.349438164979347 0
      vertex 12.514711091120226 19.22821615044277 0
    endloop
  endfacet
  facet normal -0.9381913359224857 0.3461170570774889 0
    outer loop
      vertex 12.61679607770176 19.47467110956259 11.6
      vertex 12.61679607770176 19.47467110956259 0
      vertex 12.570595205269187 19.349438164979347 0
    endloop
  endfacet
  facet normal -0.9624552364536447 0.2714404498650831 0
    outer loop
      vertex 12.65302886467605 19.60314288144496 11.6
      vertex 12.65302886467605 19.60314288144496 0
      vertex 12.61679607770176 19.47467110956259 0
    endloop
  endfacet
  facet normal -0.9807852804032308 0.19509032201612697 0
    outer loop
      vertex 12.679070179011735 19.734061409431607 11.6
      vertex 12.679070179011735 19.734061409431607 0
      vertex 12.65302886467605 19.60314288144496 0
    endloop
  endfacet
  facet normal -0.9930684569549267 0.11753739745783302 0
    outer loop
      vertex 12.694759467346318 19.866619537262665 11.6
      vertex 12.694759467346318 19.866619537262665 0
      vertex 12.679070179011735 19.734061409431607 0
    endloop
  endfacet
  facet normal -0.9992290362407231 0.03925981575906366 0
    outer loop
      vertex 12.7 20 11.6
      vertex 12.7 20 0
      vertex 12.694759467346318 19.866619537262665 0
    endloop
  endfacet
  facet normal -0.9930684569549267 -0.11753739745783302 0
    outer loop
      vertex 12.679070179011735 20.265938590568393 11.6
      vertex 12.679070179011735 20.265938590568393 0
      vertex 12.694759467346318 20.133380462737335 0
    endloop
  endfacet
  facet normal -0.9992290362407231 -0.03925981575906366 0
    outer loop
      vertex 12.694759467346318 20.133380462737335 11.6
      vertex 12.694759467346318 20.133380462737335 0
      vertex 12.7 20 0
    endloop
  endfacet
  facet normal -0.9807852804032308 -0.19509032201612697 0
    outer loop
      vertex 12.65302886467605 20.39685711855504 11.6
      vertex 12.65302886467605 20.39685711855504 0
      vertex 12.679070179011735 20.265938590568393 0
    endloop
  endfacet
  facet normal -0.9624552364536447 -0.2714404498650831 0
    outer loop
      vertex 12.61679607770176 20.52532889043741 11.6
      vertex 12.61679607770176 20.52532889043741 0
      vertex 12.65302886467605 20.39685711855504 0
    endloop
  endfacet
  facet normal -0.9381913359224857 -0.3461170570774889 0
    outer loop
      vertex 12.570595205269187 20.650561835020653 11.6
      vertex 12.570595205269187 20.650561835020653 0
      vertex 12.61679607770176 20.52532889043741 0
    endloop
  endfacet
  facet normal -0.9081431738250848 -0.4186597375374204 0
    outer loop
      vertex 12.514711091120226 20.77178384955723 11.6
      vertex 12.514711091120226 20.77178384955723 0
      vertex 12.570595205269187 20.650561835020653 0
    endloop
  endfacet
  facet normal 0.4186597375374204 0.9081431738250848 0
    outer loop
      vertex 27.22821615044277 10.485288908879774 11.6
      vertex 27.349438164979347 10.429404794730813 11.6
      vertex 27.22821615044277 10.485288908879774 0
    endloop
  endfacet
  facet normal 0.2714404498650831 0.9624552364536447 0
    outer loop
      vertex 27.47467110956259 10.38320392229824 11.6
      vertex 27.60314288144496 10.34697113532395 11.6
      vertex 27.47467110956259 10.38320392229824 0
    endloop
  endfacet
  facet normal 0.3461170570774889 0.9381913359224857 0
    outer loop
      vertex 27.47467110956259 10.38320392229824 11.6
      vertex 27.349438164979347 10.429404794730813 0
      vertex 27.349438164979347 10.429404794730813 11.6
    endloop
  endfacet
  facet normal 0.19509032201612697 0.9807852804032308 0
    outer loop
      vertex 27.60314288144496 10.34697113532395 11.6
      vertex 27.734061409431607 10.320929820988265 11.6
      vertex 27.60314288144496 10.34697113532395 0
    endloop
  endfacet
  facet normal 0.03925981575906366 0.9992290362407231 0
    outer loop
      vertex 27.866619537262665 10.305240532653682 11.6
      vertex 28 10.3 11.6
      vertex 27.866619537262665 10.305240532653682 0
    endloop
  endfacet
  facet normal -0.03925981575906366 0.9992290362407231 0
    outer loop
      vertex 28 10.3 11.6
      vertex 28.133380462737335 10.305240532653682 11.6
      vertex 28 10.3 0
    endloop
  endfacet
  facet normal 0.11753739745783302 0.9930684569549267 0
    outer loop
      vertex 27.734061409431607 10.320929820988265 11.6
      vertex 27.866619537262665 10.305240532653682 11.6
      vertex 27.734061409431607 10.320929820988265 0
    endloop
  endfacet
  facet normal 0.8724960070728001 0.4886212414969495 0
    outer loop
      vertex 26.550511720598042 11.111752439982887 11.6
      vertex 26.485288908879774 11.22821615044277 0
      vertex 26.485288908879774 11.22821615044277 11.6
    endloop
  endfacet
  facet normal 0.9081431738250876 0.4186597375374146 0
    outer loop
      vertex 26.485288908879774 11.22821615044277 11.6
      vertex 26.429404794730814 11.349438164979347 0
      vertex 26.429404794730814 11.349438164979347 11.6
    endloop
  endfacet
  facet normal 0.9381913359224813 0.3461170570775006 0
    outer loop
      vertex 26.429404794730814 11.349438164979347 11.6
      vertex 26.38320392229824 11.474671109562589 0
      vertex 26.38320392229824 11.474671109562589 11.6
    endloop
  endfacet
  facet normal 0.9624552364536492 0.2714404498650673 0
    outer loop
      vertex 26.34697113532395 11.603142881444962 11.6
      vertex 26.38320392229824 11.474671109562589 11.6
      vertex 26.34697113532395 11.603142881444962 0
    endloop
  endfacet
  facet normal 0.9807852804032277 0.19509032201614235 0
    outer loop
      vertex 26.34697113532395 11.603142881444962 11.6
      vertex 26.320929820988265 11.734061409431607 0
      vertex 26.320929820988265 11.734061409431607 11.6
    endloop
  endfacet
  facet normal 0.9930684569549282 0.11753739745782146 0
    outer loop
      vertex 26.320929820988265 11.734061409431607 11.6
      vertex 26.305240532653684 11.866619537262663 0
      vertex 26.305240532653684 11.866619537262663 11.6
    endloop
  endfacet
  facet normal 0.9992290362407226 0.03925981575907643 0
    outer loop
      vertex 26.305240532653684 11.866619537262663 11.6
      vertex 26.3 12 0
      vertex 26.3 12 11.6
    endloop
  endfacet
  facet normal 0.6190939493098382 0.7853169308807416 0
    outer loop
      vertex 26.895938317838688 10.707309858479947 11.6
      vertex 27.000765071102794 10.62467110956259 11.6
      vertex 26.895938317838688 10.707309858479947 0
    endloop
  endfacet
  facet normal 0.7343225094356939 0.6788007455329327 0
    outer loop
      vertex 26.797918471982868 10.79791847198287 11.6
      vertex 26.70730985847995 10.895938317838688 0
      vertex 26.70730985847995 10.895938317838688 11.6
    endloop
  endfacet
  facet normal 0.6788007455329405 0.7343225094356868 0
    outer loop
      vertex 26.895938317838688 10.707309858479947 11.6
      vertex 26.797918471982868 10.79791847198287 0
      vertex 26.797918471982868 10.79791847198287 11.6
    endloop
  endfacet
  facet normal 0.5555702330195962 0.8314696123025492 0
    outer loop
      vertex 27.111752439982887 10.550511720598044 11.6
      vertex 27.000765071102794 10.62467110956259 0
      vertex 27.000765071102794 10.62467110956259 11.6
    endloop
  endfacet
  facet normal 0.4886212414969654 0.8724960070727913 0
    outer loop
      vertex 27.22821615044277 10.485288908879774 11.6
      vertex 27.111752439982887 10.550511720598044 0
      vertex 27.111752439982887 10.550511720598044 11.6
    endloop
  endfacet
  facet normal 0.7853169308807467 0.6190939493098317 0
    outer loop
      vertex 26.70730985847995 10.895938317838688 11.6
      vertex 26.62467110956259 11.000765071102796 0
      vertex 26.62467110956259 11.000765071102796 11.6
    endloop
  endfacet
  facet normal 0.8314696123025329 0.5555702330196206 0
    outer loop
      vertex 26.550511720598042 11.111752439982887 11.6
      vertex 26.62467110956259 11.000765071102796 11.6
      vertex 26.550511720598042 11.111752439982887 0
    endloop
  endfacet
  facet normal -0.11753739745783302 0.9930684569549267 0
    outer loop
      vertex 28.133380462737335 10.305240532653682 11.6
      vertex 28.265938590568393 10.320929820988265 11.6
      vertex 28.133380462737335 10.305240532653682 0
    endloop
  endfacet
  facet normal -0.19509032201612697 0.9807852804032308 0
    outer loop
      vertex 28.265938590568393 10.320929820988265 11.6
      vertex 28.39685711855504 10.34697113532395 11.6
      vertex 28.265938590568393 10.320929820988265 0
    endloop
  endfacet
  facet normal -0.2714404498650831 0.9624552364536447 0
    outer loop
      vertex 28.39685711855504 10.34697113532395 11.6
      vertex 28.52532889043741 10.38320392229824 11.6
      vertex 28.39685711855504 10.34697113532395 0
    endloop
  endfacet
  facet normal -0.3461170570774889 0.9381913359224857 0
    outer loop
      vertex 28.52532889043741 10.38320392229824 11.6
      vertex 28.650561835020653 10.429404794730813 11.6
      vertex 28.52532889043741 10.38320392229824 0
    endloop
  endfacet
  facet normal -0.4186597375374204 0.9081431738250848 0
    outer loop
      vertex 28.650561835020653 10.429404794730813 11.6
      vertex 28.77178384955723 10.485288908879774 11.6
      vertex 28.650561835020653 10.429404794730813 0
    endloop
  endfacet
  facet normal -0.4886212414969654 0.8724960070727913 0
    outer loop
      vertex 28.77178384955723 10.485288908879774 11.6
      vertex 28.888247560017113 10.550511720598044 11.6
      vertex 28.77178384955723 10.485288908879774 0
    endloop
  endfacet
  facet normal -0.5555702330195962 0.8314696123025492 0
    outer loop
      vertex 28.888247560017113 10.550511720598044 11.6
      vertex 28.999234928897206 10.62467110956259 11.6
      vertex 28.888247560017113 10.550511720598044 0
    endloop
  endfacet
  facet normal -0.6190939493098382 0.7853169308807416 0
    outer loop
      vertex 28.999234928897206 10.62467110956259 11.6
      vertex 29.104061682161312 10.707309858479947 11.6
      vertex 28.999234928897206 10.62467110956259 0
    endloop
  endfacet
  facet normal -0.6788007455329405 0.7343225094356868 0
    outer loop
      vertex 29.104061682161312 10.707309858479947 11.6
      vertex 29.202081528017132 10.79791847198287 11.6
      vertex 29.104061682161312 10.707309858479947 0
    endloop
  endfacet
  facet normal -0.7343225094356939 0.6788007455329327 0
    outer loop
      vertex 29.202081528017132 10.79791847198287 11.6
      vertex 29.29269014152005 10.895938317838688 11.6
      vertex 29.202081528017132 10.79791847198287 0
    endloop
  endfacet
  facet normal -0.7853169308807467 0.6190939493098317 0
    outer loop
      vertex 29.29269014152005 10.895938317838688 11.6
      vertex 29.37532889043741 11.000765071102796 11.6
      vertex 29.29269014152005 10.895938317838688 0
    endloop
  endfacet
  facet normal -0.8314696123025329 0.5555702330196206 0
    outer loop
      vertex 29.37532889043741 11.000765071102796 11.6
      vertex 29.449488279401958 11.111752439982887 11.6
      vertex 29.37532889043741 11.000765071102796 0
    endloop
  endfacet
  facet normal -0.8724960070728001 0.4886212414969495 0
    outer loop
      vertex 29.449488279401958 11.111752439982887 11.6
      vertex 29.514711091120226 11.22821615044277 11.6
      vertex 29.449488279401958 11.111752439982887 0
    endloop
  endfacet
  facet normal -0.9081431738250876 0.4186597375374146 0
    outer loop
      vertex 29.514711091120226 11.22821615044277 11.6
      vertex 29.570595205269186 11.349438164979347 11.6
      vertex 29.514711091120226 11.22821615044277 0
    endloop
  endfacet
  facet normal -0.9381913359224813 0.3461170570775006 0
    outer loop
      vertex 29.570595205269186 11.349438164979347 11.6
      vertex 29.61679607770176 11.474671109562589 11.6
      vertex 29.570595205269186 11.349438164979347 0
    endloop
  endfacet
  facet normal -0.9624552364536492 0.2714404498650673 0
    outer loop
      vertex 29.61679607770176 11.474671109562589 11.6
      vertex 29.65302886467605 11.603142881444962 11.6
      vertex 29.61679607770176 11.474671109562589 0
    endloop
  endfacet
  facet normal -0.9807852804032277 0.19509032201614235 0
    outer loop
      vertex 29.65302886467605 11.603142881444962 11.6
      vertex 29.679070179011735 11.734061409431607 11.6
      vertex 29.65302886467605 11.603142881444962 0
    endloop
  endfacet
  facet normal -0.9930684569549282 0.11753739745782146 0
    outer loop
      vertex 29.679070179011735 11.734061409431607 11.6
      vertex 29.694759467346316 11.866619537262663 11.6
      vertex 29.679070179011735 11.734061409431607 0
    endloop
  endfacet
  facet normal -0.9992290362407226 0.03925981575907643 0
    outer loop
      vertex 29.694759467346316 11.866619537262663 11.6
      vertex 29.7 12 11.6
      vertex 29.694759467346316 11.866619537262663 0
    endloop
  endfacet
  facet normal 0.4186597375374204 0.9081431738250848 0
    outer loop
      vertex 27.349438164979347 10.429404794730813 11.6
      vertex 27.349438164979347 10.429404794730813 0
      vertex 27.22821615044277 10.485288908879774 0
    endloop
  endfacet
  facet normal 0.3461170570774889 0.9381913359224857 0
    outer loop
      vertex 27.47467110956259 10.38320392229824 11.6
      vertex 27.47467110956259 10.38320392229824 0
      vertex 27.349438164979347 10.429404794730813 0
    endloop
  endfacet
  facet normal 0.2714404498650831 0.9624552364536447 0
    outer loop
      vertex 27.60314288144496 10.34697113532395 11.6
      vertex 27.60314288144496 10.34697113532395 0
      vertex 27.47467110956259 10.38320392229824 0
    endloop
  endfacet
  facet normal 0.19509032201612697 0.9807852804032308 0
    outer loop
      vertex 27.734061409431607 10.320929820988265 11.6
      vertex 27.734061409431607 10.320929820988265 0
      vertex 27.60314288144496 10.34697113532395 0
    endloop
  endfacet
  facet normal 0.11753739745783302 0.9930684569549267 0
    outer loop
      vertex 27.866619537262665 10.305240532653682 11.6
      vertex 27.866619537262665 10.305240532653682 0
      vertex 27.734061409431607 10.320929820988265 0
    endloop
  endfacet
  facet normal 0.03925981575906366 0.9992290362407231 0
    outer loop
      vertex 28 10.3 11.6
      vertex 28 10.3 0
      vertex 27.866619537262665 10.305240532653682 0
    endloop
  endfacet
  facet normal -0.03925981575906366 0.9992290362407231 0
    outer loop
      vertex 28.133380462737335 10.305240532653682 11.6
      vertex 28.133380462737335 10.305240532653682 0
      vertex 28 10.3 0
    endloop
  endfacet
  facet normal 0.8724960070728001 0.4886212414969495 0
    outer loop
      vertex 26.550511720598042 11.111752439982887 11.6
      vertex 26.550511720598042 11.111752439982887 0
      vertex 26.485288908879774 11.22821615044277 0
    endloop
  endfacet
  facet normal 0.9081431738250876 0.4186597375374146 0
    outer loop
      vertex 26.485288908879774 11.22821615044277 11.6
      vertex 26.485288908879774 11.22821615044277 0
      vertex 26.429404794730814 11.349438164979347 0
    endloop
  endfacet
  facet normal 0.9381913359224813 0.3461170570775006 0
    outer loop
      vertex 26.429404794730814 11.349438164979347 11.6
      vertex 26.429404794730814 11.349438164979347 0
      vertex 26.38320392229824 11.474671109562589 0
    endloop
  endfacet
  facet normal 0.9624552364536492 0.2714404498650673 0
    outer loop
      vertex 26.38320392229824 11.474671109562589 11.6
      vertex 26.38320392229824 11.474671109562589 0
      vertex 26.34697113532395 11.603142881444962 0
    endloop
  endfacet
  facet normal 0.9807852804032277 0.19509032201614235 0
    outer loop
      vertex 26.34697113532395 11.603142881444962 11.6
      vertex 26.34697113532395 11.603142881444962 0
      vertex 26.320929820988265 11.734061409431607 0
    endloop
  endfacet
  facet normal 0.9930684569549282 0.11753739745782146 0
    outer loop
      vertex 26.320929820988265 11.734061409431607 11.6
      vertex 26.320929820988265 11.734061409431607 0
      vertex 26.305240532653684 11.866619537262663 0
    endloop
  endfacet
  facet normal 0.9992290362407226 0.03925981575907643 0
    outer loop
      vertex 26.305240532653684 11.866619537262663 11.6
      vertex 26.305240532653684 11.866619537262663 0
      vertex 26.3 12 0
    endloop
  endfacet
  facet normal 0.6788007455329405 0.7343225094356868 0
    outer loop
      vertex 26.895938317838688 10.707309858479947 11.6
      vertex 26.895938317838688 10.707309858479947 0
      vertex 26.797918471982868 10.79791847198287 0
    endloop
  endfacet
  facet normal 0.7343225094356939 0.6788007455329327 0
    outer loop
      vertex 26.797918471982868 10.79791847198287 11.6
      vertex 26.797918471982868 10.79791847198287 0
      vertex 26.70730985847995 10.895938317838688 0
    endloop
  endfacet
  facet normal 0.5555702330195962 0.8314696123025492 0
    outer loop
      vertex 27.111752439982887 10.550511720598044 11.6
      vertex 27.111752439982887 10.550511720598044 0
      vertex 27.000765071102794 10.62467110956259 0
    endloop
  endfacet
  facet normal 0.6190939493098382 0.7853169308807416 0
    outer loop
      vertex 27.000765071102794 10.62467110956259 11.6
      vertex 27.000765071102794 10.62467110956259 0
      vertex 26.895938317838688 10.707309858479947 0
    endloop
  endfacet
  facet normal 0.4886212414969654 0.8724960070727913 0
    outer loop
      vertex 27.22821615044277 10.485288908879774 11.6
      vertex 27.22821615044277 10.485288908879774 0
      vertex 27.111752439982887 10.550511720598044 0
    endloop
  endfacet
  facet normal 0.7853169308807467 0.6190939493098317 0
    outer loop
      vertex 26.70730985847995 10.895938317838688 11.6
      vertex 26.70730985847995 10.895938317838688 0
      vertex 26.62467110956259 11.000765071102796 0
    endloop
  endfacet
  facet normal 0.8314696123025329 0.5555702330196206 0
    outer loop
      vertex 26.62467110956259 11.000765071102796 11.6
      vertex 26.62467110956259 11.000765071102796 0
      vertex 26.550511720598042 11.111752439982887 0
    endloop
  endfacet
  facet normal -0.11753739745783302 0.9930684569549267 0
    outer loop
      vertex 28.265938590568393 10.320929820988265 11.6
      vertex 28.265938590568393 10.320929820988265 0
      vertex 28.133380462737335 10.305240532653682 0
    endloop
  endfacet
  facet normal -0.19509032201612697 0.9807852804032308 0
    outer loop
      vertex 28.39685711855504 10.34697113532395 11.6
      vertex 28.39685711855504 10.34697113532395 0
      vertex 28.265938590568393 10.320929820988265 0
    endloop
  endfacet
  facet normal -0.2714404498650831 0.9624552364536447 0
    outer loop
      vertex 28.52532889043741 10.38320392229824 11.6
      vertex 28.52532889043741 10.38320392229824 0
      vertex 28.39685711855504 10.34697113532395 0
    endloop
  endfacet
  facet normal -0.3461170570774889 0.9381913359224857 0
    outer loop
      vertex 28.650561835020653 10.429404794730813 11.6
      vertex 28.650561835020653 10.429404794730813 0
      vertex 28.52532889043741 10.38320392229824 0
    endloop
  endfacet
  facet normal -0.4186597375374204 0.9081431738250848 0
    outer loop
      vertex 28.77178384955723 10.485288908879774 11.6
      vertex 28.77178384955723 10.485288908879774 0
      vertex 28.650561835020653 10.429404794730813 0
    endloop
  endfacet
  facet normal -0.4886212414969654 0.8724960070727913 0
    outer loop
      vertex 28.888247560017113 10.550511720598044 11.6
      vertex 28.888247560017113 10.550511720598044 0
      vertex 28.77178384955723 10.485288908879774 0
    endloop
  endfacet
  facet normal -0.5555702330195962 0.8314696123025492 0
    outer loop
      vertex 28.999234928897206 10.62467110956259 11.6
      vertex 28.999234928897206 10.62467110956259 0
      vertex 28.888247560017113 10.550511720598044 0
    endloop
  endfacet
  facet normal -0.6190939493098382 0.7853169308807416 0
    outer loop
      vertex 29.104061682161312 10.707309858479947 11.6
      vertex 29.104061682161312 10.707309858479947 0
      vertex 28.999234928897206 10.62467110956259 0
    endloop
  endfacet
  facet normal -0.6788007455329405 0.7343225094356868 0
    outer loop
      vertex 29.202081528017132 10.79791847198287 11.6
      vertex 29.202081528017132 10.79791847198287 0
      vertex 29.104061682161312 10.707309858479947 0
    endloop
  endfacet
  facet normal -0.7343225094356939 0.6788007455329327 0
    outer loop
      vertex 29.29269014152005 10.895938317838688 11.6
      vertex 29.29269014152005 10.895938317838688 0
      vertex 29.202081528017132 10.79791847198287 0
    endloop
  endfacet
  facet normal -0.7853169308807467 0.6190939493098317 0
    outer loop
      vertex 29.37532889043741 11.000765071102796 11.6
      vertex 29.37532889043741 11.000765071102796 0
      vertex 29.29269014152005 10.895938317838688 0
    endloop
  endfacet
  facet normal -0.8314696123025329 0.5555702330196206 0
    outer loop
      vertex 29.449488279401958 11.111752439982887 11.6
      vertex 29.449488279401958 11.111752439982887 0
      vertex 29.37532889043741 11.000765071102796 0
    endloop
  endfacet
  facet normal -0.8724960070728001 0.4886212414969495 0
    outer loop
      vertex 29.514711091120226 11.22821615044277 11.6
      vertex 29.514711091120226 11.22821615044277 0
      vertex 29.449488279401958 11.111752439982887 0
    endloop
  endfacet
  facet normal -0.9081431738250876 0.4186597375374146 0
    outer loop
      vertex 29.570595205269186 11.349438164979347 11.6
      vertex 29.570595205269186 11.349438164979347 0
      vertex 29.514711091120226 11.22821615044277 0
    endloop
  endfacet
  facet normal -0.9381913359224813 0.3461170570775006 0
    outer loop
      vertex 29.61679607770176 11.474671109562589 11.6
      vertex 29.61679607770176 11.474671109562589 0
      vertex 29.570595205269186 11.349438164979347 0
    endloop
  endfacet
  facet normal -0.9624552364536492 0.2714404498650673 0
    outer loop
      vertex 29.65302886467605 11.603142881444962 11.6
      vertex 29.65302886467605 11.603142881444962 0
      vertex 29.61679607770176 11.474671109562589 0
    endloop
  endfacet
  facet normal -0.9807852804032277 0.19509032201614235 0
    outer loop
      vertex 29.679070179011735 11.734061409431607 11.6
      vertex 29.679070179011735 11.734061409431607 0
      vertex 29.65302886467605 11.603142881444962 0
    endloop
  endfacet
  facet normal -0.9930684569549282 0.11753739745782146 0
    outer loop
      vertex 29.694759467346316 11.866619537262663 11.6
      vertex 29.694759467346316 11.866619537262663 0
      vertex 29.679070179011735 11.734061409431607 0
    endloop
  endfacet
  facet normal -0.9992290362407226 0.03925981575907643 0
    outer loop
      vertex 29.7 12 11.6
      vertex 29.7 12 0
      vertex 29.694759467346316 11.866619537262663 0
    endloop
  endfacet
  facet normal 0.9992290362407226 -0.03925981575907643 0
    outer loop
      vertex 26.3 12 11.6
      vertex 26.305240532653684 12.133380462737337 0
      vertex 26.305240532653684 12.133380462737337 11.6
    endloop
  endfacet
  facet normal 0.9930684569549282 -0.11753739745782146 0
    outer loop
      vertex 26.305240532653684 12.133380462737337 11.6
      vertex 26.320929820988265 12.265938590568393 0
      vertex 26.320929820988265 12.265938590568393 11.6
    endloop
  endfacet
  facet normal 0.9807852804032277 -0.19509032201614235 0
    outer loop
      vertex 26.320929820988265 12.265938590568393 11.6
      vertex 26.34697113532395 12.396857118555038 0
      vertex 26.34697113532395 12.396857118555038 11.6
    endloop
  endfacet
  facet normal 0.9624552364536492 -0.2714404498650673 0
    outer loop
      vertex 26.34697113532395 12.396857118555038 11.6
      vertex 26.38320392229824 12.525328890437411 0
      vertex 26.38320392229824 12.525328890437411 11.6
    endloop
  endfacet
  facet normal 0.9381913359224813 -0.3461170570775006 0
    outer loop
      vertex 26.38320392229824 12.525328890437411 11.6
      vertex 26.429404794730814 12.650561835020653 0
      vertex 26.429404794730814 12.650561835020653 11.6
    endloop
  endfacet
  facet normal 0.9081431738250876 -0.4186597375374146 0
    outer loop
      vertex 26.429404794730814 12.650561835020653 11.6
      vertex 26.485288908879774 12.77178384955723 0
      vertex 26.485288908879774 12.77178384955723 11.6
    endloop
  endfacet
  facet normal 0.8724960070728001 -0.4886212414969495 0
    outer loop
      vertex 26.485288908879774 12.77178384955723 11.6
      vertex 26.550511720598042 12.888247560017113 0
      vertex 26.550511720598042 12.888247560017113 11.6
    endloop
  endfacet
  facet normal 0.8314696123025329 -0.5555702330196206 0
    outer loop
      vertex 26.550511720598042 12.888247560017113 11.6
      vertex 26.62467110956259 12.999234928897204 0
      vertex 26.62467110956259 12.999234928897204 11.6
    endloop
  endfacet
  facet normal 0.7853169308807467 -0.6190939493098317 0
    outer loop
      vertex 26.62467110956259 12.999234928897204 11.6
      vertex 26.70730985847995 13.104061682161312 0
      vertex 26.70730985847995 13.104061682161312 11.6
    endloop
  endfacet
  facet normal 0.7343225094356939 -0.6788007455329327 0
    outer loop
      vertex 26.70730985847995 13.104061682161312 11.6
      vertex 26.797918471982868 13.20208152801713 0
      vertex 26.797918471982868 13.20208152801713 11.6
    endloop
  endfacet
  facet normal 0.6788007455329405 -0.7343225094356868 0
    outer loop
      vertex 26.797918471982868 13.20208152801713 11.6
      vertex 26.895938317838688 13.292690141520053 0
      vertex 26.895938317838688 13.292690141520053 11.6
    endloop
  endfacet
  facet normal 0.6190939493098382 -0.7853169308807416 0
    outer loop
      vertex 26.895938317838688 13.292690141520053 11.6
      vertex 27.000765071102794 13.37532889043741 0
      vertex 27.000765071102794 13.37532889043741 11.6
    endloop
  endfacet
  facet normal 0.5555702330195962 -0.8314696123025492 0
    outer loop
      vertex 27.000765071102794 13.37532889043741 11.6
      vertex 27.111752439982887 13.449488279401956 0
      vertex 27.111752439982887 13.449488279401956 11.6
    endloop
  endfacet
  facet normal 0.4886212414969654 -0.8724960070727913 0
    outer loop
      vertex 27.111752439982887 13.449488279401956 11.6
      vertex 27.22821615044277 13.514711091120226 0
      vertex 27.22821615044277 13.514711091120226 11.6
    endloop
  endfacet
  facet normal 0.4186597375374204 -0.9081431738250848 0
    outer loop
      vertex 27.22821615044277 13.514711091120226 11.6
      vertex 27.349438164979347 13.570595205269187 0
      vertex 27.349438164979347 13.570595205269187 11.6
    endloop
  endfacet
  facet normal 0.3461170570774889 -0.9381913359224857 0
    outer loop
      vertex 27.349438164979347 13.570595205269187 11.6
      vertex 27.47467110956259 13.61679607770176 0
      vertex 27.47467110956259 13.61679607770176 11.6
    endloop
  endfacet
  facet normal 0.2714404498650831 -0.9624552364536447 0
    outer loop
      vertex 27.47467110956259 13.61679607770176 11.6
      vertex 27.60314288144496 13.65302886467605 0
      vertex 27.60314288144496 13.65302886467605 11.6
    endloop
  endfacet
  facet normal 0.19509032201612697 -0.9807852804032308 0
    outer loop
      vertex 27.60314288144496 13.65302886467605 11.6
      vertex 27.734061409431607 13.679070179011735 0
      vertex 27.734061409431607 13.679070179011735 11.6
    endloop
  endfacet
  facet normal 0.11753739745783302 -0.9930684569549267 0
    outer loop
      vertex 27.734061409431607 13.679070179011735 11.6
      vertex 27.866619537262665 13.694759467346318 0
      vertex 27.866619537262665 13.694759467346318 11.6
    endloop
  endfacet
  facet normal 0.03925981575906366 -0.9992290362407231 0
    outer loop
      vertex 27.866619537262665 13.694759467346318 11.6
      vertex 28 13.7 0
      vertex 28 13.7 11.6
    endloop
  endfacet
  facet normal -0.03925981575906366 -0.9992290362407231 0
    outer loop
      vertex 28 13.7 11.6
      vertex 28.133380462737335 13.694759467346318 0
      vertex 28.133380462737335 13.694759467346318 11.6
    endloop
  endfacet
  facet normal -0.9807852804032277 -0.19509032201614235 0
    outer loop
      vertex 29.679070179011735 12.265938590568393 11.6
      vertex 29.65302886467605 12.396857118555038 11.6
      vertex 29.679070179011735 12.265938590568393 0
    endloop
  endfacet
  facet normal -0.9624552364536492 -0.2714404498650673 0
    outer loop
      vertex 29.65302886467605 12.396857118555038 11.6
      vertex 29.61679607770176 12.525328890437411 11.6
      vertex 29.65302886467605 12.396857118555038 0
    endloop
  endfacet
  facet normal -0.9381913359224813 -0.3461170570775006 0
    outer loop
      vertex 29.61679607770176 12.525328890437411 11.6
      vertex 29.570595205269186 12.650561835020653 11.6
      vertex 29.61679607770176 12.525328890437411 0
    endloop
  endfacet
  facet normal -0.9081431738250876 -0.4186597375374146 0
    outer loop
      vertex 29.570595205269186 12.650561835020653 11.6
      vertex 29.514711091120226 12.77178384955723 11.6
      vertex 29.570595205269186 12.650561835020653 0
    endloop
  endfacet
  facet normal -0.4886212414969654 -0.8724960070727913 0
    outer loop
      vertex 28.888247560017113 13.449488279401956 11.6
      vertex 28.77178384955723 13.514711091120226 11.6
      vertex 28.888247560017113 13.449488279401956 0
    endloop
  endfacet
  facet normal -0.8314696123025329 -0.5555702330196206 0
    outer loop
      vertex 29.449488279401958 12.888247560017113 11.6
      vertex 29.37532889043741 12.999234928897204 11.6
      vertex 29.449488279401958 12.888247560017113 0
    endloop
  endfacet
  facet normal -0.8724960070728001 -0.4886212414969495 0
    outer loop
      vertex 29.449488279401958 12.888247560017113 11.6
      vertex 29.514711091120226 12.77178384955723 0
      vertex 29.514711091120226 12.77178384955723 11.6
    endloop
  endfacet
  facet normal -0.7853169308807467 -0.6190939493098317 0
    outer loop
      vertex 29.29269014152005 13.104061682161312 11.6
      vertex 29.37532889043741 12.999234928897204 0
      vertex 29.37532889043741 12.999234928897204 11.6
    endloop
  endfacet
  facet normal -0.7343225094356939 -0.6788007455329327 0
    outer loop
      vertex 29.29269014152005 13.104061682161312 11.6
      vertex 29.202081528017132 13.20208152801713 11.6
      vertex 29.29269014152005 13.104061682161312 0
    endloop
  endfacet
  facet normal -0.6788007455329405 -0.7343225094356868 0
    outer loop
      vertex 29.202081528017132 13.20208152801713 11.6
      vertex 29.104061682161312 13.292690141520053 11.6
      vertex 29.202081528017132 13.20208152801713 0
    endloop
  endfacet
  facet normal -0.5555702330195962 -0.8314696123025492 0
    outer loop
      vertex 28.888247560017113 13.449488279401956 11.6
      vertex 28.999234928897206 13.37532889043741 0
      vertex 28.999234928897206 13.37532889043741 11.6
    endloop
  endfacet
  facet normal -0.6190939493098382 -0.7853169308807416 0
    outer loop
      vertex 29.104061682161312 13.292690141520053 11.6
      vertex 28.999234928897206 13.37532889043741 11.6
      vertex 29.104061682161312 13.292690141520053 0
    endloop
  endfacet
  facet normal -0.9992290362407226 -0.03925981575907643 0
    outer loop
      vertex 29.7 12 11.6
      vertex 29.694759467346316 12.133380462737337 11.6
      vertex 29.7 12 0
    endloop
  endfacet
  facet normal -0.9930684569549282 -0.11753739745782146 0
    outer loop
      vertex 29.679070179011735 12.265938590568393 11.6
      vertex 29.694759467346316 12.133380462737337 0
      vertex 29.694759467346316 12.133380462737337 11.6
    endloop
  endfacet
  facet normal -0.11753739745783302 -0.9930684569549267 0
    outer loop
      vertex 28.265938590568393 13.679070179011735 11.6
      vertex 28.133380462737335 13.694759467346318 11.6
      vertex 28.265938590568393 13.679070179011735 0
    endloop
  endfacet
  facet normal -0.19509032201612697 -0.9807852804032308 0
    outer loop
      vertex 28.265938590568393 13.679070179011735 11.6
      vertex 28.39685711855504 13.65302886467605 0
      vertex 28.39685711855504 13.65302886467605 11.6
    endloop
  endfacet
  facet normal -0.2714404498650831 -0.9624552364536447 0
    outer loop
      vertex 28.39685711855504 13.65302886467605 11.6
      vertex 28.52532889043741 13.61679607770176 0
      vertex 28.52532889043741 13.61679607770176 11.6
    endloop
  endfacet
  facet normal -0.3461170570774889 -0.9381913359224857 0
    outer loop
      vertex 28.650561835020653 13.570595205269187 11.6
      vertex 28.52532889043741 13.61679607770176 11.6
      vertex 28.650561835020653 13.570595205269187 0
    endloop
  endfacet
  facet normal -0.4186597375374204 -0.9081431738250848 0
    outer loop
      vertex 28.650561835020653 13.570595205269187 11.6
      vertex 28.77178384955723 13.514711091120226 0
      vertex 28.77178384955723 13.514711091120226 11.6
    endloop
  endfacet
  facet normal 0.9992290362407226 -0.03925981575907643 0
    outer loop
      vertex 26.3 12 11.6
      vertex 26.3 12 0
      vertex 26.305240532653684 12.133380462737337 0
    endloop
  endfacet
  facet normal 0.9930684569549282 -0.11753739745782146 0
    outer loop
      vertex 26.305240532653684 12.133380462737337 11.6
      vertex 26.305240532653684 12.133380462737337 0
      vertex 26.320929820988265 12.265938590568393 0
    endloop
  endfacet
  facet normal 0.9807852804032277 -0.19509032201614235 0
    outer loop
      vertex 26.320929820988265 12.265938590568393 11.6
      vertex 26.320929820988265 12.265938590568393 0
      vertex 26.34697113532395 12.396857118555038 0
    endloop
  endfacet
  facet normal 0.9624552364536492 -0.2714404498650673 0
    outer loop
      vertex 26.34697113532395 12.396857118555038 11.6
      vertex 26.34697113532395 12.396857118555038 0
      vertex 26.38320392229824 12.525328890437411 0
    endloop
  endfacet
  facet normal 0.9381913359224813 -0.3461170570775006 0
    outer loop
      vertex 26.38320392229824 12.525328890437411 11.6
      vertex 26.38320392229824 12.525328890437411 0
      vertex 26.429404794730814 12.650561835020653 0
    endloop
  endfacet
  facet normal 0.9081431738250876 -0.4186597375374146 0
    outer loop
      vertex 26.429404794730814 12.650561835020653 11.6
      vertex 26.429404794730814 12.650561835020653 0
      vertex 26.485288908879774 12.77178384955723 0
    endloop
  endfacet
  facet normal 0.8724960070728001 -0.4886212414969495 0
    outer loop
      vertex 26.485288908879774 12.77178384955723 11.6
      vertex 26.485288908879774 12.77178384955723 0
      vertex 26.550511720598042 12.888247560017113 0
    endloop
  endfacet
  facet normal 0.8314696123025329 -0.5555702330196206 0
    outer loop
      vertex 26.550511720598042 12.888247560017113 11.6
      vertex 26.550511720598042 12.888247560017113 0
      vertex 26.62467110956259 12.999234928897204 0
    endloop
  endfacet
  facet normal 0.7853169308807467 -0.6190939493098317 0
    outer loop
      vertex 26.62467110956259 12.999234928897204 11.6
      vertex 26.62467110956259 12.999234928897204 0
      vertex 26.70730985847995 13.104061682161312 0
    endloop
  endfacet
  facet normal 0.7343225094356939 -0.6788007455329327 0
    outer loop
      vertex 26.70730985847995 13.104061682161312 11.6
      vertex 26.70730985847995 13.104061682161312 0
      vertex 26.797918471982868 13.20208152801713 0
    endloop
  endfacet
  facet normal 0.6788007455329405 -0.7343225094356868 0
    outer loop
      vertex 26.797918471982868 13.20208152801713 11.6
      vertex 26.797918471982868 13.20208152801713 0
      vertex 26.895938317838688 13.292690141520053 0
    endloop
  endfacet
  facet normal 0.6190939493098382 -0.7853169308807416 0
    outer loop
      vertex 26.895938317838688 13.292690141520053 11.6
      vertex 26.895938317838688 13.292690141520053 0
      vertex 27.000765071102794 13.37532889043741 0
    endloop
  endfacet
  facet normal 0.5555702330195962 -0.8314696123025492 0
    outer loop
      vertex 27.000765071102794 13.37532889043741 11.6
      vertex 27.000765071102794 13.37532889043741 0
      vertex 27.111752439982887 13.449488279401956 0
    endloop
  endfacet
  facet normal 0.4886212414969654 -0.8724960070727913 0
    outer loop
      vertex 27.111752439982887 13.449488279401956 11.6
      vertex 27.111752439982887 13.449488279401956 0
      vertex 27.22821615044277 13.514711091120226 0
    endloop
  endfacet
  facet normal 0.4186597375374204 -0.9081431738250848 0
    outer loop
      vertex 27.22821615044277 13.514711091120226 11.6
      vertex 27.22821615044277 13.514711091120226 0
      vertex 27.349438164979347 13.570595205269187 0
    endloop
  endfacet
  facet normal 0.3461170570774889 -0.9381913359224857 0
    outer loop
      vertex 27.349438164979347 13.570595205269187 11.6
      vertex 27.349438164979347 13.570595205269187 0
      vertex 27.47467110956259 13.61679607770176 0
    endloop
  endfacet
  facet normal 0.2714404498650831 -0.9624552364536447 0
    outer loop
      vertex 27.47467110956259 13.61679607770176 11.6
      vertex 27.47467110956259 13.61679607770176 0
      vertex 27.60314288144496 13.65302886467605 0
    endloop
  endfacet
  facet normal 0.19509032201612697 -0.9807852804032308 0
    outer loop
      vertex 27.60314288144496 13.65302886467605 11.6
      vertex 27.60314288144496 13.65302886467605 0
      vertex 27.734061409431607 13.679070179011735 0
    endloop
  endfacet
  facet normal 0.11753739745783302 -0.9930684569549267 0
    outer loop
      vertex 27.734061409431607 13.679070179011735 11.6
      vertex 27.734061409431607 13.679070179011735 0
      vertex 27.866619537262665 13.694759467346318 0
    endloop
  endfacet
  facet normal 0.03925981575906366 -0.9992290362407231 0
    outer loop
      vertex 27.866619537262665 13.694759467346318 11.6
      vertex 27.866619537262665 13.694759467346318 0
      vertex 28 13.7 0
    endloop
  endfacet
  facet normal -0.03925981575906366 -0.9992290362407231 0
    outer loop
      vertex 28 13.7 11.6
      vertex 28 13.7 0
      vertex 28.133380462737335 13.694759467346318 0
    endloop
  endfacet
  facet normal -0.9930684569549282 -0.11753739745782146 0
    outer loop
      vertex 29.679070179011735 12.265938590568393 11.6
      vertex 29.679070179011735 12.265938590568393 0
      vertex 29.694759467346316 12.133380462737337 0
    endloop
  endfacet
  facet normal -0.9807852804032277 -0.19509032201614235 0
    outer loop
      vertex 29.65302886467605 12.396857118555038 11.6
      vertex 29.65302886467605 12.396857118555038 0
      vertex 29.679070179011735 12.265938590568393 0
    endloop
  endfacet
  facet normal -0.9624552364536492 -0.2714404498650673 0
    outer loop
      vertex 29.61679607770176 12.525328890437411 11.6
      vertex 29.61679607770176 12.525328890437411 0
      vertex 29.65302886467605 12.396857118555038 0
    endloop
  endfacet
  facet normal -0.9381913359224813 -0.3461170570775006 0
    outer loop
      vertex 29.570595205269186 12.650561835020653 11.6
      vertex 29.570595205269186 12.650561835020653 0
      vertex 29.61679607770176 12.525328890437411 0
    endloop
  endfacet
  facet normal -0.9081431738250876 -0.4186597375374146 0
    outer loop
      vertex 29.514711091120226 12.77178384955723 11.6
      vertex 29.514711091120226 12.77178384955723 0
      vertex 29.570595205269186 12.650561835020653 0
    endloop
  endfacet
  facet normal -0.4886212414969654 -0.8724960070727913 0
    outer loop
      vertex 28.77178384955723 13.514711091120226 11.6
      vertex 28.77178384955723 13.514711091120226 0
      vertex 28.888247560017113 13.449488279401956 0
    endloop
  endfacet
  facet normal -0.8724960070728001 -0.4886212414969495 0
    outer loop
      vertex 29.449488279401958 12.888247560017113 11.6
      vertex 29.449488279401958 12.888247560017113 0
      vertex 29.514711091120226 12.77178384955723 0
    endloop
  endfacet
  facet normal -0.8314696123025329 -0.5555702330196206 0
    outer loop
      vertex 29.37532889043741 12.999234928897204 11.6
      vertex 29.37532889043741 12.999234928897204 0
      vertex 29.449488279401958 12.888247560017113 0
    endloop
  endfacet
  facet normal -0.7853169308807467 -0.6190939493098317 0
    outer loop
      vertex 29.29269014152005 13.104061682161312 11.6
      vertex 29.29269014152005 13.104061682161312 0
      vertex 29.37532889043741 12.999234928897204 0
    endloop
  endfacet
  facet normal -0.7343225094356939 -0.6788007455329327 0
    outer loop
      vertex 29.202081528017132 13.20208152801713 11.6
      vertex 29.202081528017132 13.20208152801713 0
      vertex 29.29269014152005 13.104061682161312 0
    endloop
  endfacet
  facet normal -0.6788007455329405 -0.7343225094356868 0
    outer loop
      vertex 29.104061682161312 13.292690141520053 11.6
      vertex 29.104061682161312 13.292690141520053 0
      vertex 29.202081528017132 13.20208152801713 0
    endloop
  endfacet
  facet normal -0.6190939493098382 -0.7853169308807416 0
    outer loop
      vertex 28.999234928897206 13.37532889043741 11.6
      vertex 28.999234928897206 13.37532889043741 0
      vertex 29.104061682161312 13.292690141520053 0
    endloop
  endfacet
  facet normal -0.5555702330195962 -0.8314696123025492 0
    outer loop
      vertex 28.888247560017113 13.449488279401956 11.6
      vertex 28.888247560017113 13.449488279401956 0
      vertex 28.999234928897206 13.37532889043741 0
    endloop
  endfacet
  facet normal -0.9992290362407226 -0.03925981575907643 0
    outer loop
      vertex 29.694759467346316 12.133380462737337 11.6
      vertex 29.694759467346316 12.133380462737337 0
      vertex 29.7 12 0
    endloop
  endfacet
  facet normal -0.19509032201612697 -0.9807852804032308 0
    outer loop
      vertex 28.265938590568393 13.679070179011735 11.6
      vertex 28.265938590568393 13.679070179011735 0
      vertex 28.39685711855504 13.65302886467605 0
    endloop
  endfacet
  facet normal -0.2714404498650831 -0.9624552364536447 0
    outer loop
      vertex 28.39685711855504 13.65302886467605 11.6
      vertex 28.39685711855504 13.65302886467605 0
      vertex 28.52532889043741 13.61679607770176 0
    endloop
  endfacet
  facet normal -0.11753739745783302 -0.9930684569549267 0
    outer loop
      vertex 28.133380462737335 13.694759467346318 11.6
      vertex 28.133380462737335 13.694759467346318 0
      vertex 28.265938590568393 13.679070179011735 0
    endloop
  endfacet
  facet normal -0.4186597375374204 -0.9081431738250848 0
    outer loop
      vertex 28.650561835020653 13.570595205269187 11.6
      vertex 28.650561835020653 13.570595205269187 0
      vertex 28.77178384955723 13.514711091120226 0
    endloop
  endfacet
  facet normal -0.3461170570774889 -0.9381913359224857 0
    outer loop
      vertex 28.52532889043741 13.61679607770176 11.6
      vertex 28.52532889043741 13.61679607770176 0
      vertex 28.650561835020653 13.570595205269187 0
    endloop
  endfacet
  facet normal 0.4186597375374204 0.9081431738250848 0
    outer loop
      vertex 43.22821615044277 10.485288908879774 11.6
      vertex 43.34943816497935 10.429404794730813 11.6
      vertex 43.22821615044277 10.485288908879774 0
    endloop
  endfacet
  facet normal 0.2714404498650901 0.9624552364536427 0
    outer loop
      vertex 43.47467110956259 10.38320392229824 11.6
      vertex 43.60314288144496 10.34697113532395 11.6
      vertex 43.47467110956259 10.38320392229824 0
    endloop
  endfacet
  facet normal 0.3461170570774803 0.9381913359224888 0
    outer loop
      vertex 43.34943816497935 10.429404794730813 11.6
      vertex 43.47467110956259 10.38320392229824 11.6
      vertex 43.34943816497935 10.429404794730813 0
    endloop
  endfacet
  facet normal 0.19509032201612186 0.9807852804032317 0
    outer loop
      vertex 43.60314288144496 10.34697113532395 11.6
      vertex 43.73406140943161 10.320929820988265 11.6
      vertex 43.60314288144496 10.34697113532395 0
    endloop
  endfacet
  facet normal 0.6190939493098123 0.785316930880762 0
    outer loop
      vertex 42.895938317838684 10.707309858479947 11.6
      vertex 43.0007650711028 10.62467110956259 11.6
      vertex 42.895938317838684 10.707309858479947 0
    endloop
  endfacet
  facet normal 0.7343225094356806 0.6788007455329471 0
    outer loop
      vertex 42.79791847198287 10.79791847198287 11.6
      vertex 42.707309858479945 10.895938317838688 0
      vertex 42.707309858479945 10.895938317838688 11.6
    endloop
  endfacet
  facet normal 0.6788007455329537 0.7343225094356746 0
    outer loop
      vertex 42.895938317838684 10.707309858479947 11.6
      vertex 42.79791847198287 10.79791847198287 0
      vertex 42.79791847198287 10.79791847198287 11.6
    endloop
  endfacet
  facet normal 0.8314696123025452 0.5555702330196023 0
    outer loop
      vertex 42.550511720598045 11.111752439982887 11.6
      vertex 42.62467110956259 11.000765071102796 11.6
      vertex 42.550511720598045 11.111752439982887 0
    endloop
  endfacet
  facet normal 0.8724960070727887 0.48862124149696984 0
    outer loop
      vertex 42.550511720598045 11.111752439982887 11.6
      vertex 42.485288908879774 11.22821615044277 0
      vertex 42.485288908879774 11.22821615044277 11.6
    endloop
  endfacet
  facet normal 0.7853169308807596 0.6190939493098154 0
    outer loop
      vertex 42.707309858479945 10.895938317838688 11.6
      vertex 42.62467110956259 11.000765071102796 0
      vertex 42.62467110956259 11.000765071102796 11.6
    endloop
  endfacet
  facet normal 0.4886212414969654 0.8724960070727913 0
    outer loop
      vertex 43.22821615044277 10.485288908879774 11.6
      vertex 43.11175243998289 10.550511720598044 0
      vertex 43.11175243998289 10.550511720598044 11.6
    endloop
  endfacet
  facet normal 0.5555702330196085 0.8314696123025411 0
    outer loop
      vertex 43.11175243998289 10.550511720598044 11.6
      vertex 43.0007650711028 10.62467110956259 0
      vertex 43.0007650711028 10.62467110956259 11.6
    endloop
  endfacet
  facet normal 0.9081431738250876 0.4186597375374146 0
    outer loop
      vertex 42.485288908879774 11.22821615044277 11.6
      vertex 42.429404794730814 11.349438164979347 0
      vertex 42.429404794730814 11.349438164979347 11.6
    endloop
  endfacet
  facet normal 0.9381913359224726 0.34611705707752405 0
    outer loop
      vertex 42.429404794730814 11.349438164979347 11.6
      vertex 42.383203922298236 11.474671109562589 0
      vertex 42.383203922298236 11.474671109562589 11.6
    endloop
  endfacet
  facet normal 0.9624552364536492 0.2714404498650673 0
    outer loop
      vertex 42.34697113532395 11.603142881444962 11.6
      vertex 42.383203922298236 11.474671109562589 11.6
      vertex 42.34697113532395 11.603142881444962 0
    endloop
  endfacet
  facet normal 0.9807852804032378 0.1950903220160911 0
    outer loop
      vertex 42.34697113532395 11.603142881444962 11.6
      vertex 42.32092982098827 11.734061409431607 0
      vertex 42.32092982098827 11.734061409431607 11.6
    endloop
  endfacet
  facet normal 0.9930684569549251 0.1175373974578477 0
    outer loop
      vertex 42.32092982098827 11.734061409431607 11.6
      vertex 42.305240532653684 11.866619537262663 0
      vertex 42.305240532653684 11.866619537262663 11.6
    endloop
  endfacet
  facet normal 0.9992290362407216 0.039259815759103006 0
    outer loop
      vertex 42.305240532653684 11.866619537262663 11.6
      vertex 42.3 12 0
      vertex 42.3 12 11.6
    endloop
  endfacet
  facet normal 0.03925981575906366 0.9992290362407231 0
    outer loop
      vertex 43.866619537262665 10.305240532653682 11.6
      vertex 44 10.3 11.6
      vertex 43.866619537262665 10.305240532653682 0
    endloop
  endfacet
  facet normal -0.03925981575906366 0.9992290362407231 0
    outer loop
      vertex 44 10.3 11.6
      vertex 44.133380462737335 10.305240532653682 11.6
      vertex 44 10.3 0
    endloop
  endfacet
  facet normal 0.11753739745783615 0.9930684569549264 0
    outer loop
      vertex 43.73406140943161 10.320929820988265 11.6
      vertex 43.866619537262665 10.305240532653682 11.6
      vertex 43.73406140943161 10.320929820988265 0
    endloop
  endfacet
  facet normal -0.11753739745783615 0.9930684569549264 0
    outer loop
      vertex 44.133380462737335 10.305240532653682 11.6
      vertex 44.26593859056839 10.320929820988265 11.6
      vertex 44.133380462737335 10.305240532653682 0
    endloop
  endfacet
  facet normal -0.19509032201612186 0.9807852804032317 0
    outer loop
      vertex 44.26593859056839 10.320929820988265 11.6
      vertex 44.39685711855504 10.34697113532395 11.6
      vertex 44.26593859056839 10.320929820988265 0
    endloop
  endfacet
  facet normal -0.2714404498650901 0.9624552364536427 0
    outer loop
      vertex 44.39685711855504 10.34697113532395 11.6
      vertex 44.52532889043741 10.38320392229824 11.6
      vertex 44.39685711855504 10.34697113532395 0
    endloop
  endfacet
  facet normal -0.3461170570774803 0.9381913359224888 0
    outer loop
      vertex 44.52532889043741 10.38320392229824 11.6
      vertex 44.65056183502065 10.429404794730813 11.6
      vertex 44.52532889043741 10.38320392229824 0
    endloop
  endfacet
  facet normal -0.4186597375374204 0.9081431738250848 0
    outer loop
      vertex 44.65056183502065 10.429404794730813 11.6
      vertex 44.77178384955723 10.485288908879774 11.6
      vertex 44.65056183502065 10.429404794730813 0
    endloop
  endfacet
  facet normal -0.4886212414969654 0.8724960070727913 0
    outer loop
      vertex 44.77178384955723 10.485288908879774 11.6
      vertex 44.88824756001711 10.550511720598044 11.6
      vertex 44.77178384955723 10.485288908879774 0
    endloop
  endfacet
  facet normal -0.5555702330196085 0.8314696123025411 0
    outer loop
      vertex 44.88824756001711 10.550511720598044 11.6
      vertex 44.9992349288972 10.62467110956259 11.6
      vertex 44.88824756001711 10.550511720598044 0
    endloop
  endfacet
  facet normal -0.6190939493098123 0.785316930880762 0
    outer loop
      vertex 44.9992349288972 10.62467110956259 11.6
      vertex 45.104061682161316 10.707309858479947 11.6
      vertex 44.9992349288972 10.62467110956259 0
    endloop
  endfacet
  facet normal -0.6788007455329537 0.7343225094356746 0
    outer loop
      vertex 45.104061682161316 10.707309858479947 11.6
      vertex 45.20208152801713 10.79791847198287 11.6
      vertex 45.104061682161316 10.707309858479947 0
    endloop
  endfacet
  facet normal -0.7343225094356806 0.6788007455329471 0
    outer loop
      vertex 45.20208152801713 10.79791847198287 11.6
      vertex 45.292690141520055 10.895938317838688 11.6
      vertex 45.20208152801713 10.79791847198287 0
    endloop
  endfacet
  facet normal -0.7853169308807596 0.6190939493098154 0
    outer loop
      vertex 45.292690141520055 10.895938317838688 11.6
      vertex 45.37532889043741 11.000765071102796 11.6
      vertex 45.292690141520055 10.895938317838688 0
    endloop
  endfacet
  facet normal -0.8314696123025452 0.5555702330196023 0
    outer loop
      vertex 45.37532889043741 11.000765071102796 11.6
      vertex 45.449488279401955 11.111752439982887 11.6
      vertex 45.37532889043741 11.000765071102796 0
    endloop
  endfacet
  facet normal -0.8724960070727887 0.48862124149696984 0
    outer loop
      vertex 45.449488279401955 11.111752439982887 11.6
      vertex 45.514711091120226 11.22821615044277 11.6
      vertex 45.449488279401955 11.111752439982887 0
    endloop
  endfacet
  facet normal -0.9081431738250876 0.4186597375374146 0
    outer loop
      vertex 45.514711091120226 11.22821615044277 11.6
      vertex 45.570595205269186 11.349438164979347 11.6
      vertex 45.514711091120226 11.22821615044277 0
    endloop
  endfacet
  facet normal -0.9381913359224726 0.34611705707752405 0
    outer loop
      vertex 45.570595205269186 11.349438164979347 11.6
      vertex 45.616796077701764 11.474671109562589 11.6
      vertex 45.570595205269186 11.349438164979347 0
    endloop
  endfacet
  facet normal -0.9624552364536492 0.2714404498650673 0
    outer loop
      vertex 45.616796077701764 11.474671109562589 11.6
      vertex 45.65302886467605 11.603142881444962 11.6
      vertex 45.616796077701764 11.474671109562589 0
    endloop
  endfacet
  facet normal -0.9807852804032378 0.1950903220160911 0
    outer loop
      vertex 45.65302886467605 11.603142881444962 11.6
      vertex 45.67907017901173 11.734061409431607 11.6
      vertex 45.65302886467605 11.603142881444962 0
    endloop
  endfacet
  facet normal -0.9930684569549251 0.1175373974578477 0
    outer loop
      vertex 45.67907017901173 11.734061409431607 11.6
      vertex 45.694759467346316 11.866619537262663 11.6
      vertex 45.67907017901173 11.734061409431607 0
    endloop
  endfacet
  facet normal -0.9992290362407216 0.039259815759103006 0
    outer loop
      vertex 45.694759467346316 11.866619537262663 11.6
      vertex 45.7 12 11.6
      vertex 45.694759467346316 11.866619537262663 0
    endloop
  endfacet
  facet normal 0.4186597375374204 0.9081431738250848 0
    outer loop
      vertex 43.34943816497935 10.429404794730813 11.6
      vertex 43.34943816497935 10.429404794730813 0
      vertex 43.22821615044277 10.485288908879774 0
    endloop
  endfacet
  facet normal 0.3461170570774803 0.9381913359224888 0
    outer loop
      vertex 43.47467110956259 10.38320392229824 11.6
      vertex 43.47467110956259 10.38320392229824 0
      vertex 43.34943816497935 10.429404794730813 0
    endloop
  endfacet
  facet normal 0.2714404498650901 0.9624552364536427 0
    outer loop
      vertex 43.60314288144496 10.34697113532395 11.6
      vertex 43.60314288144496 10.34697113532395 0
      vertex 43.47467110956259 10.38320392229824 0
    endloop
  endfacet
  facet normal 0.19509032201612186 0.9807852804032317 0
    outer loop
      vertex 43.73406140943161 10.320929820988265 11.6
      vertex 43.73406140943161 10.320929820988265 0
      vertex 43.60314288144496 10.34697113532395 0
    endloop
  endfacet
  facet normal 0.6190939493098123 0.785316930880762 0
    outer loop
      vertex 43.0007650711028 10.62467110956259 11.6
      vertex 43.0007650711028 10.62467110956259 0
      vertex 42.895938317838684 10.707309858479947 0
    endloop
  endfacet
  facet normal 0.7343225094356806 0.6788007455329471 0
    outer loop
      vertex 42.79791847198287 10.79791847198287 11.6
      vertex 42.79791847198287 10.79791847198287 0
      vertex 42.707309858479945 10.895938317838688 0
    endloop
  endfacet
  facet normal 0.6788007455329537 0.7343225094356746 0
    outer loop
      vertex 42.895938317838684 10.707309858479947 11.6
      vertex 42.895938317838684 10.707309858479947 0
      vertex 42.79791847198287 10.79791847198287 0
    endloop
  endfacet
  facet normal 0.8724960070727887 0.48862124149696984 0
    outer loop
      vertex 42.550511720598045 11.111752439982887 11.6
      vertex 42.550511720598045 11.111752439982887 0
      vertex 42.485288908879774 11.22821615044277 0
    endloop
  endfacet
  facet normal 0.7853169308807596 0.6190939493098154 0
    outer loop
      vertex 42.707309858479945 10.895938317838688 11.6
      vertex 42.707309858479945 10.895938317838688 0
      vertex 42.62467110956259 11.000765071102796 0
    endloop
  endfacet
  facet normal 0.8314696123025452 0.5555702330196023 0
    outer loop
      vertex 42.62467110956259 11.000765071102796 11.6
      vertex 42.62467110956259 11.000765071102796 0
      vertex 42.550511720598045 11.111752439982887 0
    endloop
  endfacet
  facet normal 0.5555702330196085 0.8314696123025411 0
    outer loop
      vertex 43.11175243998289 10.550511720598044 11.6
      vertex 43.11175243998289 10.550511720598044 0
      vertex 43.0007650711028 10.62467110956259 0
    endloop
  endfacet
  facet normal 0.4886212414969654 0.8724960070727913 0
    outer loop
      vertex 43.22821615044277 10.485288908879774 11.6
      vertex 43.22821615044277 10.485288908879774 0
      vertex 43.11175243998289 10.550511720598044 0
    endloop
  endfacet
  facet normal 0.9081431738250876 0.4186597375374146 0
    outer loop
      vertex 42.485288908879774 11.22821615044277 11.6
      vertex 42.485288908879774 11.22821615044277 0
      vertex 42.429404794730814 11.349438164979347 0
    endloop
  endfacet
  facet normal 0.9381913359224726 0.34611705707752405 0
    outer loop
      vertex 42.429404794730814 11.349438164979347 11.6
      vertex 42.429404794730814 11.349438164979347 0
      vertex 42.383203922298236 11.474671109562589 0
    endloop
  endfacet
  facet normal 0.9624552364536492 0.2714404498650673 0
    outer loop
      vertex 42.383203922298236 11.474671109562589 11.6
      vertex 42.383203922298236 11.474671109562589 0
      vertex 42.34697113532395 11.603142881444962 0
    endloop
  endfacet
  facet normal 0.9807852804032378 0.1950903220160911 0
    outer loop
      vertex 42.34697113532395 11.603142881444962 11.6
      vertex 42.34697113532395 11.603142881444962 0
      vertex 42.32092982098827 11.734061409431607 0
    endloop
  endfacet
  facet normal 0.9930684569549251 0.1175373974578477 0
    outer loop
      vertex 42.32092982098827 11.734061409431607 11.6
      vertex 42.32092982098827 11.734061409431607 0
      vertex 42.305240532653684 11.866619537262663 0
    endloop
  endfacet
  facet normal 0.9992290362407216 0.039259815759103006 0
    outer loop
      vertex 42.305240532653684 11.866619537262663 11.6
      vertex 42.305240532653684 11.866619537262663 0
      vertex 42.3 12 0
    endloop
  endfacet
  facet normal 0.11753739745783615 0.9930684569549264 0
    outer loop
      vertex 43.866619537262665 10.305240532653682 11.6
      vertex 43.866619537262665 10.305240532653682 0
      vertex 43.73406140943161 10.320929820988265 0
    endloop
  endfacet
  facet normal 0.03925981575906366 0.9992290362407231 0
    outer loop
      vertex 44 10.3 11.6
      vertex 44 10.3 0
      vertex 43.866619537262665 10.305240532653682 0
    endloop
  endfacet
  facet normal -0.03925981575906366 0.9992290362407231 0
    outer loop
      vertex 44.133380462737335 10.305240532653682 11.6
      vertex 44.133380462737335 10.305240532653682 0
      vertex 44 10.3 0
    endloop
  endfacet
  facet normal -0.11753739745783615 0.9930684569549264 0
    outer loop
      vertex 44.26593859056839 10.320929820988265 11.6
      vertex 44.26593859056839 10.320929820988265 0
      vertex 44.133380462737335 10.305240532653682 0
    endloop
  endfacet
  facet normal -0.19509032201612186 0.9807852804032317 0
    outer loop
      vertex 44.39685711855504 10.34697113532395 11.6
      vertex 44.39685711855504 10.34697113532395 0
      vertex 44.26593859056839 10.320929820988265 0
    endloop
  endfacet
  facet normal -0.2714404498650901 0.9624552364536427 0
    outer loop
      vertex 44.52532889043741 10.38320392229824 11.6
      vertex 44.52532889043741 10.38320392229824 0
      vertex 44.39685711855504 10.34697113532395 0
    endloop
  endfacet
  facet normal -0.3461170570774803 0.9381913359224888 0
    outer loop
      vertex 44.65056183502065 10.429404794730813 11.6
      vertex 44.65056183502065 10.429404794730813 0
      vertex 44.52532889043741 10.38320392229824 0
    endloop
  endfacet
  facet normal -0.4186597375374204 0.9081431738250848 0
    outer loop
      vertex 44.77178384955723 10.485288908879774 11.6
      vertex 44.77178384955723 10.485288908879774 0
      vertex 44.65056183502065 10.429404794730813 0
    endloop
  endfacet
  facet normal -0.4886212414969654 0.8724960070727913 0
    outer loop
      vertex 44.88824756001711 10.550511720598044 11.6
      vertex 44.88824756001711 10.550511720598044 0
      vertex 44.77178384955723 10.485288908879774 0
    endloop
  endfacet
  facet normal -0.5555702330196085 0.8314696123025411 0
    outer loop
      vertex 44.9992349288972 10.62467110956259 11.6
      vertex 44.9992349288972 10.62467110956259 0
      vertex 44.88824756001711 10.550511720598044 0
    endloop
  endfacet
  facet normal -0.6190939493098123 0.785316930880762 0
    outer loop
      vertex 45.104061682161316 10.707309858479947 11.6
      vertex 45.104061682161316 10.707309858479947 0
      vertex 44.9992349288972 10.62467110956259 0
    endloop
  endfacet
  facet normal -0.6788007455329537 0.7343225094356746 0
    outer loop
      vertex 45.20208152801713 10.79791847198287 11.6
      vertex 45.20208152801713 10.79791847198287 0
      vertex 45.104061682161316 10.707309858479947 0
    endloop
  endfacet
  facet normal -0.7343225094356806 0.6788007455329471 0
    outer loop
      vertex 45.292690141520055 10.895938317838688 11.6
      vertex 45.292690141520055 10.895938317838688 0
      vertex 45.20208152801713 10.79791847198287 0
    endloop
  endfacet
  facet normal -0.7853169308807596 0.6190939493098154 0
    outer loop
      vertex 45.37532889043741 11.000765071102796 11.6
      vertex 45.37532889043741 11.000765071102796 0
      vertex 45.292690141520055 10.895938317838688 0
    endloop
  endfacet
  facet normal -0.8314696123025452 0.5555702330196023 0
    outer loop
      vertex 45.449488279401955 11.111752439982887 11.6
      vertex 45.449488279401955 11.111752439982887 0
      vertex 45.37532889043741 11.000765071102796 0
    endloop
  endfacet
  facet normal -0.8724960070727887 0.48862124149696984 0
    outer loop
      vertex 45.514711091120226 11.22821615044277 11.6
      vertex 45.514711091120226 11.22821615044277 0
      vertex 45.449488279401955 11.111752439982887 0
    endloop
  endfacet
  facet normal -0.9081431738250876 0.4186597375374146 0
    outer loop
      vertex 45.570595205269186 11.349438164979347 11.6
      vertex 45.570595205269186 11.349438164979347 0
      vertex 45.514711091120226 11.22821615044277 0
    endloop
  endfacet
  facet normal -0.9381913359224726 0.34611705707752405 0
    outer loop
      vertex 45.616796077701764 11.474671109562589 11.6
      vertex 45.616796077701764 11.474671109562589 0
      vertex 45.570595205269186 11.349438164979347 0
    endloop
  endfacet
  facet normal -0.9624552364536492 0.2714404498650673 0
    outer loop
      vertex 45.65302886467605 11.603142881444962 11.6
      vertex 45.65302886467605 11.603142881444962 0
      vertex 45.616796077701764 11.474671109562589 0
    endloop
  endfacet
  facet normal -0.9807852804032378 0.1950903220160911 0
    outer loop
      vertex 45.67907017901173 11.734061409431607 11.6
      vertex 45.67907017901173 11.734061409431607 0
      vertex 45.65302886467605 11.603142881444962 0
    endloop
  endfacet
  facet normal -0.9930684569549251 0.1175373974578477 0
    outer loop
      vertex 45.694759467346316 11.866619537262663 11.6
      vertex 45.694759467346316 11.866619537262663 0
      vertex 45.67907017901173 11.734061409431607 0
    endloop
  endfacet
  facet normal -0.9992290362407216 0.039259815759103006 0
    outer loop
      vertex 45.7 12 11.6
      vertex 45.7 12 0
      vertex 45.694759467346316 11.866619537262663 0
    endloop
  endfacet
  facet normal 0.9992290362407216 -0.039259815759103006 0
    outer loop
      vertex 42.3 12 11.6
      vertex 42.305240532653684 12.133380462737337 0
      vertex 42.305240532653684 12.133380462737337 11.6
    endloop
  endfacet
  facet normal 0.9930684569549251 -0.1175373974578477 0
    outer loop
      vertex 42.305240532653684 12.133380462737337 11.6
      vertex 42.32092982098827 12.265938590568393 0
      vertex 42.32092982098827 12.265938590568393 11.6
    endloop
  endfacet
  facet normal 0.9807852804032378 -0.1950903220160911 0
    outer loop
      vertex 42.32092982098827 12.265938590568393 11.6
      vertex 42.34697113532395 12.396857118555038 0
      vertex 42.34697113532395 12.396857118555038 11.6
    endloop
  endfacet
  facet normal 0.9624552364536492 -0.2714404498650673 0
    outer loop
      vertex 42.34697113532395 12.396857118555038 11.6
      vertex 42.383203922298236 12.525328890437411 0
      vertex 42.383203922298236 12.525328890437411 11.6
    endloop
  endfacet
  facet normal 0.9381913359224726 -0.34611705707752405 0
    outer loop
      vertex 42.383203922298236 12.525328890437411 11.6
      vertex 42.429404794730814 12.650561835020653 0
      vertex 42.429404794730814 12.650561835020653 11.6
    endloop
  endfacet
  facet normal 0.9081431738250876 -0.4186597375374146 0
    outer loop
      vertex 42.429404794730814 12.650561835020653 11.6
      vertex 42.485288908879774 12.77178384955723 0
      vertex 42.485288908879774 12.77178384955723 11.6
    endloop
  endfacet
  facet normal 0.8724960070727887 -0.48862124149696984 0
    outer loop
      vertex 42.485288908879774 12.77178384955723 11.6
      vertex 42.550511720598045 12.888247560017113 0
      vertex 42.550511720598045 12.888247560017113 11.6
    endloop
  endfacet
  facet normal 0.8314696123025452 -0.5555702330196023 0
    outer loop
      vertex 42.550511720598045 12.888247560017113 11.6
      vertex 42.62467110956259 12.999234928897204 0
      vertex 42.62467110956259 12.999234928897204 11.6
    endloop
  endfacet
  facet normal 0.7853169308807596 -0.6190939493098154 0
    outer loop
      vertex 42.62467110956259 12.999234928897204 11.6
      vertex 42.707309858479945 13.104061682161312 0
      vertex 42.707309858479945 13.104061682161312 11.6
    endloop
  endfacet
  facet normal 0.7343225094356806 -0.6788007455329471 0
    outer loop
      vertex 42.707309858479945 13.104061682161312 11.6
      vertex 42.79791847198287 13.20208152801713 0
      vertex 42.79791847198287 13.20208152801713 11.6
    endloop
  endfacet
  facet normal 0.6788007455329537 -0.7343225094356746 0
    outer loop
      vertex 42.79791847198287 13.20208152801713 11.6
      vertex 42.895938317838684 13.292690141520053 0
      vertex 42.895938317838684 13.292690141520053 11.6
    endloop
  endfacet
  facet normal 0.6190939493098123 -0.785316930880762 0
    outer loop
      vertex 42.895938317838684 13.292690141520053 11.6
      vertex 43.0007650711028 13.37532889043741 0
      vertex 43.0007650711028 13.37532889043741 11.6
    endloop
  endfacet
  facet normal 0.5555702330196085 -0.8314696123025411 0
    outer loop
      vertex 43.0007650711028 13.37532889043741 11.6
      vertex 43.11175243998289 13.449488279401956 0
      vertex 43.11175243998289 13.449488279401956 11.6
    endloop
  endfacet
  facet normal 0.4886212414969654 -0.8724960070727913 0
    outer loop
      vertex 43.11175243998289 13.449488279401956 11.6
      vertex 43.22821615044277 13.514711091120226 0
      vertex 43.22821615044277 13.514711091120226 11.6
    endloop
  endfacet
  facet normal 0.4186597375374204 -0.9081431738250848 0
    outer loop
      vertex 43.22821615044277 13.514711091120226 11.6
      vertex 43.34943816497935 13.570595205269187 0
      vertex 43.34943816497935 13.570595205269187 11.6
    endloop
  endfacet
  facet normal 0.3461170570774803 -0.9381913359224888 0
    outer loop
      vertex 43.34943816497935 13.570595205269187 11.6
      vertex 43.47467110956259 13.61679607770176 0
      vertex 43.47467110956259 13.61679607770176 11.6
    endloop
  endfacet
  facet normal 0.2714404498650901 -0.9624552364536427 0
    outer loop
      vertex 43.47467110956259 13.61679607770176 11.6
      vertex 43.60314288144496 13.65302886467605 0
      vertex 43.60314288144496 13.65302886467605 11.6
    endloop
  endfacet
  facet normal 0.19509032201612186 -0.9807852804032317 0
    outer loop
      vertex 43.60314288144496 13.65302886467605 11.6
      vertex 43.73406140943161 13.679070179011735 0
      vertex 43.73406140943161 13.679070179011735 11.6
    endloop
  endfacet
  facet normal -0.4886212414969654 -0.8724960070727913 0
    outer loop
      vertex 44.88824756001711 13.449488279401956 11.6
      vertex 44.77178384955723 13.514711091120226 11.6
      vertex 44.88824756001711 13.449488279401956 0
    endloop
  endfacet
  facet normal -0.7343225094356806 -0.6788007455329471 0
    outer loop
      vertex 45.292690141520055 13.104061682161312 11.6
      vertex 45.20208152801713 13.20208152801713 11.6
      vertex 45.292690141520055 13.104061682161312 0
    endloop
  endfacet
  facet normal -0.6788007455329537 -0.7343225094356746 0
    outer loop
      vertex 45.104061682161316 13.292690141520053 11.6
      vertex 45.20208152801713 13.20208152801713 0
      vertex 45.20208152801713 13.20208152801713 11.6
    endloop
  endfacet
  facet normal -0.5555702330196085 -0.8314696123025411 0
    outer loop
      vertex 44.88824756001711 13.449488279401956 11.6
      vertex 44.9992349288972 13.37532889043741 0
      vertex 44.9992349288972 13.37532889043741 11.6
    endloop
  endfacet
  facet normal -0.6190939493098123 -0.785316930880762 0
    outer loop
      vertex 45.104061682161316 13.292690141520053 11.6
      vertex 44.9992349288972 13.37532889043741 11.6
      vertex 45.104061682161316 13.292690141520053 0
    endloop
  endfacet
  facet normal -0.9992290362407216 -0.039259815759103006 0
    outer loop
      vertex 45.7 12 11.6
      vertex 45.694759467346316 12.133380462737337 11.6
      vertex 45.7 12 0
    endloop
  endfacet
  facet normal -0.9930684569549251 -0.1175373974578477 0
    outer loop
      vertex 45.694759467346316 12.133380462737337 11.6
      vertex 45.67907017901173 12.265938590568393 11.6
      vertex 45.694759467346316 12.133380462737337 0
    endloop
  endfacet
  facet normal -0.9807852804032378 -0.1950903220160911 0
    outer loop
      vertex 45.67907017901173 12.265938590568393 11.6
      vertex 45.65302886467605 12.396857118555038 11.6
      vertex 45.67907017901173 12.265938590568393 0
    endloop
  endfacet
  facet normal -0.9624552364536492 -0.2714404498650673 0
    outer loop
      vertex 45.65302886467605 12.396857118555038 11.6
      vertex 45.616796077701764 12.525328890437411 11.6
      vertex 45.65302886467605 12.396857118555038 0
    endloop
  endfacet
  facet normal -0.9381913359224726 -0.34611705707752405 0
    outer loop
      vertex 45.616796077701764 12.525328890437411 11.6
      vertex 45.570595205269186 12.650561835020653 11.6
      vertex 45.616796077701764 12.525328890437411 0
    endloop
  endfacet
  facet normal -0.9081431738250876 -0.4186597375374146 0
    outer loop
      vertex 45.570595205269186 12.650561835020653 11.6
      vertex 45.514711091120226 12.77178384955723 11.6
      vertex 45.570595205269186 12.650561835020653 0
    endloop
  endfacet
  facet normal -0.8724960070727887 -0.48862124149696984 0
    outer loop
      vertex 45.449488279401955 12.888247560017113 11.6
      vertex 45.514711091120226 12.77178384955723 0
      vertex 45.514711091120226 12.77178384955723 11.6
    endloop
  endfacet
  facet normal -0.8314696123025452 -0.5555702330196023 0
    outer loop
      vertex 45.449488279401955 12.888247560017113 11.6
      vertex 45.37532889043741 12.999234928897204 11.6
      vertex 45.449488279401955 12.888247560017113 0
    endloop
  endfacet
  facet normal -0.7853169308807596 -0.6190939493098154 0
    outer loop
      vertex 45.292690141520055 13.104061682161312 11.6
      vertex 45.37532889043741 12.999234928897204 0
      vertex 45.37532889043741 12.999234928897204 11.6
    endloop
  endfacet
  facet normal 0.11753739745783615 -0.9930684569549264 0
    outer loop
      vertex 43.73406140943161 13.679070179011735 11.6
      vertex 43.866619537262665 13.694759467346318 0
      vertex 43.866619537262665 13.694759467346318 11.6
    endloop
  endfacet
  facet normal 0.03925981575906366 -0.9992290362407231 0
    outer loop
      vertex 43.866619537262665 13.694759467346318 11.6
      vertex 44 13.7 0
      vertex 44 13.7 11.6
    endloop
  endfacet
  facet normal -0.03925981575906366 -0.9992290362407231 0
    outer loop
      vertex 44 13.7 11.6
      vertex 44.133380462737335 13.694759467346318 0
      vertex 44.133380462737335 13.694759467346318 11.6
    endloop
  endfacet
  facet normal -0.11753739745783615 -0.9930684569549264 0
    outer loop
      vertex 44.133380462737335 13.694759467346318 11.6
      vertex 44.26593859056839 13.679070179011735 0
      vertex 44.26593859056839 13.679070179011735 11.6
    endloop
  endfacet
  facet normal -0.19509032201612186 -0.9807852804032317 0
    outer loop
      vertex 44.26593859056839 13.679070179011735 11.6
      vertex 44.39685711855504 13.65302886467605 0
      vertex 44.39685711855504 13.65302886467605 11.6
    endloop
  endfacet
  facet normal -0.2714404498650901 -0.9624552364536427 0
    outer loop
      vertex 44.39685711855504 13.65302886467605 11.6
      vertex 44.52532889043741 13.61679607770176 0
      vertex 44.52532889043741 13.61679607770176 11.6
    endloop
  endfacet
  facet normal -0.3461170570774803 -0.9381913359224888 0
    outer loop
      vertex 44.52532889043741 13.61679607770176 11.6
      vertex 44.65056183502065 13.570595205269187 0
      vertex 44.65056183502065 13.570595205269187 11.6
    endloop
  endfacet
  facet normal -0.4186597375374204 -0.9081431738250848 0
    outer loop
      vertex 44.65056183502065 13.570595205269187 11.6
      vertex 44.77178384955723 13.514711091120226 0
      vertex 44.77178384955723 13.514711091120226 11.6
    endloop
  endfacet
  facet normal 0.9992290362407216 -0.039259815759103006 0
    outer loop
      vertex 42.3 12 11.6
      vertex 42.3 12 0
      vertex 42.305240532653684 12.133380462737337 0
    endloop
  endfacet
  facet normal 0.9930684569549251 -0.1175373974578477 0
    outer loop
      vertex 42.305240532653684 12.133380462737337 11.6
      vertex 42.305240532653684 12.133380462737337 0
      vertex 42.32092982098827 12.265938590568393 0
    endloop
  endfacet
  facet normal 0.9807852804032378 -0.1950903220160911 0
    outer loop
      vertex 42.32092982098827 12.265938590568393 11.6
      vertex 42.32092982098827 12.265938590568393 0
      vertex 42.34697113532395 12.396857118555038 0
    endloop
  endfacet
  facet normal 0.9624552364536492 -0.2714404498650673 0
    outer loop
      vertex 42.34697113532395 12.396857118555038 11.6
      vertex 42.34697113532395 12.396857118555038 0
      vertex 42.383203922298236 12.525328890437411 0
    endloop
  endfacet
  facet normal 0.9381913359224726 -0.34611705707752405 0
    outer loop
      vertex 42.383203922298236 12.525328890437411 11.6
      vertex 42.383203922298236 12.525328890437411 0
      vertex 42.429404794730814 12.650561835020653 0
    endloop
  endfacet
  facet normal 0.9081431738250876 -0.4186597375374146 0
    outer loop
      vertex 42.429404794730814 12.650561835020653 11.6
      vertex 42.429404794730814 12.650561835020653 0
      vertex 42.485288908879774 12.77178384955723 0
    endloop
  endfacet
  facet normal 0.8724960070727887 -0.48862124149696984 0
    outer loop
      vertex 42.485288908879774 12.77178384955723 11.6
      vertex 42.485288908879774 12.77178384955723 0
      vertex 42.550511720598045 12.888247560017113 0
    endloop
  endfacet
  facet normal 0.8314696123025452 -0.5555702330196023 0
    outer loop
      vertex 42.550511720598045 12.888247560017113 11.6
      vertex 42.550511720598045 12.888247560017113 0
      vertex 42.62467110956259 12.999234928897204 0
    endloop
  endfacet
  facet normal 0.7853169308807596 -0.6190939493098154 0
    outer loop
      vertex 42.62467110956259 12.999234928897204 11.6
      vertex 42.62467110956259 12.999234928897204 0
      vertex 42.707309858479945 13.104061682161312 0
    endloop
  endfacet
  facet normal 0.7343225094356806 -0.6788007455329471 0
    outer loop
      vertex 42.707309858479945 13.104061682161312 11.6
      vertex 42.707309858479945 13.104061682161312 0
      vertex 42.79791847198287 13.20208152801713 0
    endloop
  endfacet
  facet normal 0.6788007455329537 -0.7343225094356746 0
    outer loop
      vertex 42.79791847198287 13.20208152801713 11.6
      vertex 42.79791847198287 13.20208152801713 0
      vertex 42.895938317838684 13.292690141520053 0
    endloop
  endfacet
  facet normal 0.6190939493098123 -0.785316930880762 0
    outer loop
      vertex 42.895938317838684 13.292690141520053 11.6
      vertex 42.895938317838684 13.292690141520053 0
      vertex 43.0007650711028 13.37532889043741 0
    endloop
  endfacet
  facet normal 0.5555702330196085 -0.8314696123025411 0
    outer loop
      vertex 43.0007650711028 13.37532889043741 11.6
      vertex 43.0007650711028 13.37532889043741 0
      vertex 43.11175243998289 13.449488279401956 0
    endloop
  endfacet
  facet normal 0.4886212414969654 -0.8724960070727913 0
    outer loop
      vertex 43.11175243998289 13.449488279401956 11.6
      vertex 43.11175243998289 13.449488279401956 0
      vertex 43.22821615044277 13.514711091120226 0
    endloop
  endfacet
  facet normal 0.4186597375374204 -0.9081431738250848 0
    outer loop
      vertex 43.22821615044277 13.514711091120226 11.6
      vertex 43.22821615044277 13.514711091120226 0
      vertex 43.34943816497935 13.570595205269187 0
    endloop
  endfacet
  facet normal 0.3461170570774803 -0.9381913359224888 0
    outer loop
      vertex 43.34943816497935 13.570595205269187 11.6
      vertex 43.34943816497935 13.570595205269187 0
      vertex 43.47467110956259 13.61679607770176 0
    endloop
  endfacet
  facet normal 0.2714404498650901 -0.9624552364536427 0
    outer loop
      vertex 43.47467110956259 13.61679607770176 11.6
      vertex 43.47467110956259 13.61679607770176 0
      vertex 43.60314288144496 13.65302886467605 0
    endloop
  endfacet
  facet normal 0.19509032201612186 -0.9807852804032317 0
    outer loop
      vertex 43.60314288144496 13.65302886467605 11.6
      vertex 43.60314288144496 13.65302886467605 0
      vertex 43.73406140943161 13.679070179011735 0
    endloop
  endfacet
  facet normal -0.4886212414969654 -0.8724960070727913 0
    outer loop
      vertex 44.77178384955723 13.514711091120226 11.6
      vertex 44.77178384955723 13.514711091120226 0
      vertex 44.88824756001711 13.449488279401956 0
    endloop
  endfacet
  facet normal -0.7343225094356806 -0.6788007455329471 0
    outer loop
      vertex 45.20208152801713 13.20208152801713 11.6
      vertex 45.20208152801713 13.20208152801713 0
      vertex 45.292690141520055 13.104061682161312 0
    endloop
  endfacet
  facet normal -0.6788007455329537 -0.7343225094356746 0
    outer loop
      vertex 45.104061682161316 13.292690141520053 11.6
      vertex 45.104061682161316 13.292690141520053 0
      vertex 45.20208152801713 13.20208152801713 0
    endloop
  endfacet
  facet normal -0.6190939493098123 -0.785316930880762 0
    outer loop
      vertex 44.9992349288972 13.37532889043741 11.6
      vertex 44.9992349288972 13.37532889043741 0
      vertex 45.104061682161316 13.292690141520053 0
    endloop
  endfacet
  facet normal -0.5555702330196085 -0.8314696123025411 0
    outer loop
      vertex 44.88824756001711 13.449488279401956 11.6
      vertex 44.88824756001711 13.449488279401956 0
      vertex 44.9992349288972 13.37532889043741 0
    endloop
  endfacet
  facet normal -0.9992290362407216 -0.039259815759103006 0
    outer loop
      vertex 45.694759467346316 12.133380462737337 11.6
      vertex 45.694759467346316 12.133380462737337 0
      vertex 45.7 12 0
    endloop
  endfacet
  facet normal -0.9930684569549251 -0.1175373974578477 0
    outer loop
      vertex 45.67907017901173 12.265938590568393 11.6
      vertex 45.67907017901173 12.265938590568393 0
      vertex 45.694759467346316 12.133380462737337 0
    endloop
  endfacet
  facet normal -0.9807852804032378 -0.1950903220160911 0
    outer loop
      vertex 45.65302886467605 12.396857118555038 11.6
      vertex 45.65302886467605 12.396857118555038 0
      vertex 45.67907017901173 12.265938590568393 0
    endloop
  endfacet
  facet normal -0.9624552364536492 -0.2714404498650673 0
    outer loop
      vertex 45.616796077701764 12.525328890437411 11.6
      vertex 45.616796077701764 12.525328890437411 0
      vertex 45.65302886467605 12.396857118555038 0
    endloop
  endfacet
  facet normal -0.9381913359224726 -0.34611705707752405 0
    outer loop
      vertex 45.570595205269186 12.650561835020653 11.6
      vertex 45.570595205269186 12.650561835020653 0
      vertex 45.616796077701764 12.525328890437411 0
    endloop
  endfacet
  facet normal -0.9081431738250876 -0.4186597375374146 0
    outer loop
      vertex 45.514711091120226 12.77178384955723 11.6
      vertex 45.514711091120226 12.77178384955723 0
      vertex 45.570595205269186 12.650561835020653 0
    endloop
  endfacet
  facet normal -0.8724960070727887 -0.48862124149696984 0
    outer loop
      vertex 45.449488279401955 12.888247560017113 11.6
      vertex 45.449488279401955 12.888247560017113 0
      vertex 45.514711091120226 12.77178384955723 0
    endloop
  endfacet
  facet normal -0.8314696123025452 -0.5555702330196023 0
    outer loop
      vertex 45.37532889043741 12.999234928897204 11.6
      vertex 45.37532889043741 12.999234928897204 0
      vertex 45.449488279401955 12.888247560017113 0
    endloop
  endfacet
  facet normal -0.7853169308807596 -0.6190939493098154 0
    outer loop
      vertex 45.292690141520055 13.104061682161312 11.6
      vertex 45.292690141520055 13.104061682161312 0
      vertex 45.37532889043741 12.999234928897204 0
    endloop
  endfacet
  facet normal 0.11753739745783615 -0.9930684569549264 0
    outer loop
      vertex 43.73406140943161 13.679070179011735 11.6
      vertex 43.73406140943161 13.679070179011735 0
      vertex 43.866619537262665 13.694759467346318 0
    endloop
  endfacet
  facet normal 0.03925981575906366 -0.9992290362407231 0
    outer loop
      vertex 43.866619537262665 13.694759467346318 11.6
      vertex 43.866619537262665 13.694759467346318 0
      vertex 44 13.7 0
    endloop
  endfacet
  facet normal -0.03925981575906366 -0.9992290362407231 0
    outer loop
      vertex 44 13.7 11.6
      vertex 44 13.7 0
      vertex 44.133380462737335 13.694759467346318 0
    endloop
  endfacet
  facet normal -0.19509032201612186 -0.9807852804032317 0
    outer loop
      vertex 44.26593859056839 13.679070179011735 11.6
      vertex 44.26593859056839 13.679070179011735 0
      vertex 44.39685711855504 13.65302886467605 0
    endloop
  endfacet
  facet normal -0.2714404498650901 -0.9624552364536427 0
    outer loop
      vertex 44.39685711855504 13.65302886467605 11.6
      vertex 44.39685711855504 13.65302886467605 0
      vertex 44.52532889043741 13.61679607770176 0
    endloop
  endfacet
  facet normal -0.11753739745783615 -0.9930684569549264 0
    outer loop
      vertex 44.133380462737335 13.694759467346318 11.6
      vertex 44.133380462737335 13.694759467346318 0
      vertex 44.26593859056839 13.679070179011735 0
    endloop
  endfacet
  facet normal -0.4186597375374204 -0.9081431738250848 0
    outer loop
      vertex 44.65056183502065 13.570595205269187 11.6
      vertex 44.65056183502065 13.570595205269187 0
      vertex 44.77178384955723 13.514711091120226 0
    endloop
  endfacet
  facet normal -0.3461170570774803 -0.9381913359224888 0
    outer loop
      vertex 44.52532889043741 13.61679607770176 11.6
      vertex 44.52532889043741 13.61679607770176 0
      vertex 44.65056183502065 13.570595205269187 0
    endloop
  endfacet
  facet normal -1 0 0
    outer loop
      vertex 0 0 11.6
      vertex 0 8.022528801195186 11.6
      vertex 0 8.049246637619449 11.374262139839077
    endloop
  endfacet
  facet normal -1 0 0
    outer loop
      vertex 0 0 11.6
      vertex 0 8.049246637619449 11.374262139839077
      vertex 0 8.110520318409293 11.066218544576378
    endloop
  endfacet
  facet normal -1 0 0
    outer loop
      vertex 0 0 11.6
      vertex 0 8.110520318409293 11.066218544576378
      vertex 0 8.195773934819385 10.76393202250021
    endloop
  endfacet
  facet normal -1 0 0
    outer loop
      vertex 0 0 11.6
      vertex 0 8.195773934819385 10.76393202250021
      vertex 0 8.304481869954852 10.469266270539642
    endloop
  endfacet
  facet normal -1 0 0
    outer loop
      vertex 0 15.977471198804814 11.6
      vertex 0 24 11.6
      vertex 0 15.950753362380551 11.374262139839077
    endloop
  endfacet
  facet normal -1 0 0
    outer loop
      vertex 0 0 11.6
      vertex 0 8.304481869954852 10.469266270539642
      vertex 0 0 0
    endloop
  endfacet
  facet normal -1 0 0
    outer loop
      vertex 0 8.304481869954852 10.469266270539642
      vertex 0 8.435973903246529 10.184038001041813
      vertex 0 0 0
    endloop
  endfacet
  facet normal -1 0 0
    outer loop
      vertex 0 8.435973903246529 10.184038001041813
      vertex 0 8.589439342583631 9.910005741136205
      vertex 0 0 0
    endloop
  endfacet
  facet normal -1 0 0
    outer loop
      vertex 0 8.589439342583631 9.910005741136205
      vertex 0 8.76393202250021 9.648858990830107
      vertex 0 0 0
    endloop
  endfacet
  facet normal -1 0 0
    outer loop
      vertex 0 8.76393202250021 9.648858990830107
      vertex 0 8.958376137599876 9.402207806679264
      vertex 0 0 0
    endloop
  endfacet
  facet normal 0 -1 0
    outer loop
      vertex 0 0 11.6
      vertex 0 0 0
      vertex 25.833333333333332 0 11.6
    endloop
  endfacet
  facet normal -1 0 0
    outer loop
      vertex 0 8.958376137599876 9.402207806679264
      vertex 0 9.17157287525381 9.17157287525381
      vertex 0 0 0
    endloop
  endfacet
  facet normal -1 0 0
    outer loop
      vertex 0 9.17157287525381 9.17157287525381
      vertex 0 9.402207806679264 8.958376137599876
      vertex 0 0 0
    endloop
  endfacet
  facet normal -1 0 0
    outer loop
      vertex 0 9.402207806679264 8.958376137599876
      vertex 0 9.648858990830107 8.76393202250021
      vertex 0 0 0
    endloop
  endfacet
  facet normal -1 0 0
    outer loop
      vertex 0 9.648858990830107 8.76393202250021
      vertex 0 9.910005741136205 8.589439342583631
      vertex 0 0 0
    endloop
  endfacet
  facet normal -1 0 0
    outer loop
      vertex 0 9.910005741136205 8.589439342583631
      vertex 0 10.184038001041813 8.435973903246529
      vertex 0 0 0
    endloop
  endfacet
  facet normal -1 0 0
    outer loop
      vertex 0 10.184038001041813 8.435973903246529
      vertex 0 10.469266270539642 8.304481869954852
      vertex 0 0 0
    endloop
  endfacet
  facet normal -1 0 0
    outer loop
      vertex 0 10.469266270539642 8.304481869954852
      vertex 0 10.76393202250021 8.195773934819385
      vertex 0 0 0
    endloop
  endfacet
  facet normal -1 0 0
    outer loop
      vertex 0 10.76393202250021 8.195773934819385
      vertex 0 11.066218544576378 8.110520318409293
      vertex 0 0 0
    endloop
  endfacet
  facet normal -1 0 0
    outer loop
      vertex 0 11.066218544576378 8.110520318409293
      vertex 0 11.374262139839077 8.049246637619449
      vertex 0 0 0
    endloop
  endfacet
  facet normal -1 0 0
    outer loop
      vertex 0 11.374262139839077 8.049246637619449
      vertex 0 11.68616361708862 8.012330665067488
      vertex 0 0 0
    endloop
  endfacet
  facet normal -1 0 0
    outer loop
      vertex 0 11.68616361708862 8.012330665067488
      vertex 0 12 8
      vertex 0 0 0
    endloop
  endfacet
  facet normal -1 0 0
    outer loop
      vertex 0 12 8
      vertex 0 12.31383638291138 8.012330665067488
      vertex 0 0 0
    endloop
  endfacet
  facet normal -1 0 0
    outer loop
      vertex 0 12.625737860160923 8.049246637619449
      vertex 0 12.933781455423622 8.110520318409293
      vertex 0 0 0
    endloop
  endfacet
  facet normal -1 0 0
    outer loop
      vertex 0 12.31383638291138 8.012330665067488
      vertex 0 12.625737860160923 8.049246637619449
      vertex 0 0 0
    endloop
  endfacet
  facet normal -1 0 0
    outer loop
      vertex 0 13.23606797749979 8.195773934819385
      vertex 0 0 0
      vertex 0 12.933781455423622 8.110520318409293
    endloop
  endfacet
  facet normal 0 0 -1
    outer loop
      vertex 0 0 0
      vertex 9.34697113532395 3.6031428814449606 0
      vertex 9.38320392229824 3.4746711095625895 0
    endloop
  endfacet
  facet normal 0 0 -1
    outer loop
      vertex 0 0 0
      vertex 9.320929820988265 3.7340614094316074 0
      vertex 9.34697113532395 3.6031428814449606 0
    endloop
  endfacet
  facet normal 0 0 -1
    outer loop
      vertex 0 0 0
      vertex 9.305240532653682 3.8666195372626637 0
      vertex 9.320929820988265 3.7340614094316074 0
    endloop
  endfacet
  facet normal 0 0 -1
    outer loop
      vertex 0 0 0
      vertex 9.3 4 0
      vertex 9.305240532653682 3.8666195372626637 0
    endloop
  endfacet
  facet normal 0 0 -1
    outer loop
      vertex 0 0 0
      vertex 9.305240532653682 4.133380462737336 0
      vertex 9.3 4 0
    endloop
  endfacet
  facet normal 0 0 -1
    outer loop
      vertex 0 0 0
      vertex 9.320929820988265 4.265938590568393 0
      vertex 9.305240532653682 4.133380462737336 0
    endloop
  endfacet
  facet normal 0 0 -1
    outer loop
      vertex 0 0 0
      vertex 9.34697113532395 4.396857118555039 0
      vertex 9.320929820988265 4.265938590568393 0
    endloop
  endfacet
  facet normal 0 0 -1
    outer loop
      vertex 0 0 0
      vertex 9.38320392229824 4.525328890437411 0
      vertex 9.34697113532395 4.396857118555039 0
    endloop
  endfacet
  facet normal 0 0 -1
    outer loop
      vertex 0 0 0
      vertex 9.895938317838688 2.7073098584799475 0
      vertex 10.000765071102796 2.6246711095625894 0
    endloop
  endfacet
  facet normal 0 0 -1
    outer loop
      vertex 0 0 0
      vertex 9.79791847198287 2.797918471982869 0
      vertex 9.895938317838688 2.7073098584799475 0
    endloop
  endfacet
  facet normal 0 0 -1
    outer loop
      vertex 0 0 0
      vertex 10.111752439982887 2.5505117205980437 0
      vertex 10.22821615044277 2.4852889088797747 0
    endloop
  endfacet
  facet normal 0 0 -1
    outer loop
      vertex 0 0 0
      vertex 10.474671109562589 2.383203922298239 0
      vertex 10.603142881444962 2.34697113532395 0
    endloop
  endfacet
  facet normal 0 0 -1
    outer loop
      vertex 0 0 0
      vertex 10.22821615044277 2.4852889088797747 0
      vertex 10.349438164979347 2.4294047947308126 0
    endloop
  endfacet
  facet normal 0 0 -1
    outer loop
      vertex 0 0 0
      vertex 10.349438164979347 2.4294047947308126 0
      vertex 10.474671109562589 2.383203922298239 0
    endloop
  endfacet
  facet normal 0 0 -1
    outer loop
      vertex 0 0 0
      vertex 10.000765071102796 2.6246711095625894 0
      vertex 10.111752439982887 2.5505117205980437 0
    endloop
  endfacet
  facet normal 0 0 -1
    outer loop
      vertex 0 0 0
      vertex 9.62467110956259 3.0007650711027956 0
      vertex 9.707309858479947 2.895938317838688 0
    endloop
  endfacet
  facet normal 0 0 -1
    outer loop
      vertex 0 0 0
      vertex 9.550511720598044 3.111752439982887 0
      vertex 9.62467110956259 3.0007650711027956 0
    endloop
  endfacet
  facet normal 0 0 -1
    outer loop
      vertex 0 0 0
      vertex 9.707309858479947 2.895938317838688 0
      vertex 9.79791847198287 2.797918471982869 0
    endloop
  endfacet
  facet normal 0 0 -1
    outer loop
      vertex 0 0 0
      vertex 9.485288908879774 3.2282161504427704 0
      vertex 9.550511720598044 3.111752439982887 0
    endloop
  endfacet
  facet normal 0 0 -1
    outer loop
      vertex 0 0 0
      vertex 9.429404794730813 3.3494381649793477 0
      vertex 9.485288908879774 3.2282161504427704 0
    endloop
  endfacet
  facet normal 0 0 -1
    outer loop
      vertex 0 0 0
      vertex 10.603142881444962 2.34697113532395 0
      vertex 10.734061409431607 2.320929820988266 0
    endloop
  endfacet
  facet normal 0 0 -1
    outer loop
      vertex 0 0 0
      vertex 10.734061409431607 2.320929820988266 0
      vertex 10.866619537262663 2.3052405326536825 0
    endloop
  endfacet
  facet normal 0 0 -1
    outer loop
      vertex 0 0 0
      vertex 10.866619537262663 2.3052405326536825 0
      vertex 11 2.3 0
    endloop
  endfacet
  facet normal 0 0 -1
    outer loop
      vertex 0 0 0
      vertex 11 2.3 0
      vertex 11.133380462737337 2.3052405326536825 0
    endloop
  endfacet
  facet normal 0 0 -1
    outer loop
      vertex 0 0 0
      vertex 11.133380462737337 2.3052405326536825 0
      vertex 11.265938590568393 2.320929820988266 0
    endloop
  endfacet
  facet normal 0 0 -1
    outer loop
      vertex 0 0 0
      vertex 11.265938590568393 2.320929820988266 0
      vertex 11.396857118555038 2.34697113532395 0
    endloop
  endfacet
  facet normal 0 0 -1
    outer loop
      vertex 0 0 0
      vertex 9.38320392229824 3.4746711095625895 0
      vertex 9.429404794730813 3.3494381649793477 0
    endloop
  endfacet
  facet normal 0 0 -1
    outer loop
      vertex 0 0 0
      vertex 9.429404794730813 4.650561835020652 0
      vertex 9.38320392229824 4.525328890437411 0
    endloop
  endfacet
  facet normal 0 0 -1
    outer loop
      vertex 0 0 0
      vertex 9.485288908879774 4.771783849557229 0
      vertex 9.429404794730813 4.650561835020652 0
    endloop
  endfacet
  facet normal 0 0 -1
    outer loop
      vertex 0 0 0
      vertex 9.550511720598044 4.888247560017113 0
      vertex 9.485288908879774 4.771783849557229 0
    endloop
  endfacet
  facet normal 0 0 -1
    outer loop
      vertex 0 0 0
      vertex 9.62467110956259 4.999234928897204 0
      vertex 9.550511720598044 4.888247560017113 0
    endloop
  endfacet
  facet normal 0 0 -1
    outer loop
      vertex 0 0 0
      vertex 9.707309858479947 5.104061682161312 0
      vertex 9.62467110956259 4.999234928897204 0
    endloop
  endfacet
  facet normal 0 0 -1
    outer loop
      vertex 0 0 0
      vertex 9.79791847198287 5.202081528017131 0
      vertex 9.707309858479947 5.104061682161312 0
    endloop
  endfacet
  facet normal 0 0 -1
    outer loop
      vertex 0 0 0
      vertex 9.895938317838688 5.292690141520053 0
      vertex 9.79791847198287 5.202081528017131 0
    endloop
  endfacet
  facet normal 0 0 -1
    outer loop
      vertex 0 0 0
      vertex 9.895938317838688 18.70730985847995 0
      vertex 9.895938317838688 5.292690141520053 0
    endloop
  endfacet
  facet normal 0 0 -1
    outer loop
      vertex 9.895938317838688 5.292690141520053 0
      vertex 10.000765071102796 18.62467110956259 0
      vertex 10.000765071102796 5.375328890437411 0
    endloop
  endfacet
  facet normal 0 0 -1
    outer loop
      vertex 10.000765071102796 5.375328890437411 0
      vertex 10.111752439982887 18.550511720598042 0
      vertex 10.111752439982887 5.449488279401956 0
    endloop
  endfacet
  facet normal 0 0 -1
    outer loop
      vertex 10.111752439982887 5.449488279401956 0
      vertex 10.22821615044277 18.485288908879774 0
      vertex 10.22821615044277 5.514711091120225 0
    endloop
  endfacet
  facet normal 0 0 -1
    outer loop
      vertex 10.22821615044277 5.514711091120225 0
      vertex 10.349438164979347 18.429404794730814 0
      vertex 10.349438164979347 5.570595205269187 0
    endloop
  endfacet
  facet normal 0 0 -1
    outer loop
      vertex 10.349438164979347 5.570595205269187 0
      vertex 10.474671109562589 18.38320392229824 0
      vertex 10.474671109562589 5.6167960777017605 0
    endloop
  endfacet
  facet normal 0 0 -1
    outer loop
      vertex 10.474671109562589 5.6167960777017605 0
      vertex 10.603142881444962 18.34697113532395 0
      vertex 10.603142881444962 5.65302886467605 0
    endloop
  endfacet
  facet normal 0 0 -1
    outer loop
      vertex 10.603142881444962 5.65302886467605 0
      vertex 10.734061409431607 18.320929820988265 0
      vertex 10.734061409431607 5.679070179011735 0
    endloop
  endfacet
  facet normal 0 0 -1
    outer loop
      vertex 10.734061409431607 5.679070179011735 0
      vertex 10.866619537262663 18.305240532653684 0
      vertex 10.866619537262663 5.6947594673463175 0
    endloop
  endfacet
  facet normal 0 0 -1
    outer loop
      vertex 10.866619537262663 5.6947594673463175 0
      vertex 11 18.3 0
      vertex 11 5.7 0
    endloop
  endfacet
  facet normal 0 0 -1
    outer loop
      vertex 11 5.7 0
      vertex 11.133380462737337 18.305240532653684 0
      vertex 11.133380462737337 5.6947594673463175 0
    endloop
  endfacet
  facet normal 0 0 -1
    outer loop
      vertex 11.133380462737337 5.6947594673463175 0
      vertex 11.265938590568393 18.320929820988265 0
      vertex 11.265938590568393 5.679070179011735 0
    endloop
  endfacet
  facet normal 0 0 -1
    outer loop
      vertex 11.265938590568393 5.679070179011735 0
      vertex 11.396857118555038 18.34697113532395 0
      vertex 11.396857118555038 5.65302886467605 0
    endloop
  endfacet
  facet normal 0 0 -1
    outer loop
      vertex 11.525328890437411 5.6167960777017605 0
      vertex 11.396857118555038 5.65302886467605 0
      vertex 11.525328890437411 18.38320392229824 0
    endloop
  endfacet
  facet normal 0 0 -1
    outer loop
      vertex 12.37532889043741 3.0007650711027956 0
      vertex 12.449488279401956 3.111752439982887 0
      vertex 27.866619537262665 10.305240532653682 0
    endloop
  endfacet
  facet normal 0 0 -1
    outer loop
      vertex 12.449488279401956 3.111752439982887 0
      vertex 12.514711091120226 3.2282161504427704 0
      vertex 27.734061409431607 10.320929820988265 0
    endloop
  endfacet
  facet normal 0 0 -1
    outer loop
      vertex 12.514711091120226 3.2282161504427704 0
      vertex 12.570595205269187 3.3494381649793477 0
      vertex 27.60314288144496 10.34697113532395 0
    endloop
  endfacet
  facet normal 0 0 -1
    outer loop
      vertex 12.570595205269187 3.3494381649793477 0
      vertex 12.61679607770176 3.4746711095625895 0
      vertex 27.47467110956259 10.38320392229824 0
    endloop
  endfacet
  facet normal 0 0 -1
    outer loop
      vertex 12.61679607770176 3.4746711095625895 0
      vertex 12.65302886467605 3.6031428814449606 0
      vertex 27.349438164979347 10.429404794730813 0
    endloop
  endfacet
  facet normal 0 0 -1
    outer loop
      vertex 12.65302886467605 3.6031428814449606 0
      vertex 12.679070179011735 3.7340614094316074 0
      vertex 27.22821615044277 10.485288908879774 0
    endloop
  endfacet
  facet normal 0 0 -1
    outer loop
      vertex 0 0 0
      vertex 11.396857118555038 2.34697113532395 0
      vertex 50 0 0
    endloop
  endfacet
  facet normal 0 0 -1
    outer loop
      vertex 11.396857118555038 2.34697113532395 0
      vertex 11.525328890437411 2.383203922298239 0
      vertex 50 0 0
    endloop
  endfacet
  facet normal 0 0 -1
    outer loop
      vertex 11.525328890437411 2.383203922298239 0
      vertex 11.650561835020653 2.4294047947308126 0
      vertex 50 0 0
    endloop
  endfacet
  facet normal 0 0 -1
    outer loop
      vertex 11.650561835020653 2.4294047947308126 0
      vertex 11.77178384955723 2.4852889088797747 0
      vertex 50 0 0
    endloop
  endfacet
  facet normal 0 0 -1
    outer loop
      vertex 11.77178384955723 2.4852889088797747 0
      vertex 11.888247560017113 2.5505117205980437 0
      vertex 50 0 0
    endloop
  endfacet
  facet normal 0 0 -1
    outer loop
      vertex 11.888247560017113 2.5505117205980437 0
      vertex 11.999234928897204 2.6246711095625894 0
      vertex 50 0 0
    endloop
  endfacet
  facet normal 0 0 -1
    outer loop
      vertex 11.999234928897204 2.6246711095625894 0
      vertex 12.104061682161312 2.7073098584799475 0
      vertex 50 0 0
    endloop
  endfacet
  facet normal 0 0 -1
    outer loop
      vertex 12.104061682161312 2.7073098584799475 0
      vertex 12.20208152801713 2.797918471982869 0
      vertex 50 0 0
    endloop
  endfacet
  facet normal 0 0 -1
    outer loop
      vertex 12.20208152801713 2.797918471982869 0
      vertex 12.292690141520053 2.895938317838688 0
      vertex 50 0 0
    endloop
  endfacet
  facet normal 0 0 -1
    outer loop
      vertex 12.292690141520053 2.895938317838688 0
      vertex 12.37532889043741 3.0007650711027956 0
      vertex 50 0 0
    endloop
  endfacet
  facet normal 0 0 -1
    outer loop
      vertex 12.449488279401956 4.888247560017113 0
      vertex 26.485288908879774 11.22821615044277 0
      vertex 12.514711091120226 4.771783849557229 0
    endloop
  endfacet
  facet normal 0 0 -1
    outer loop
      vertex 12.37532889043741 4.999234928897204 0
      vertex 12.292690141520053 5.104061682161312 0
      vertex 26.485288908879774 11.22821615044277 0
    endloop
  endfacet
  facet normal 0 0 -1
    outer loop
      vertex 12.449488279401956 4.888247560017113 0
      vertex 12.37532889043741 4.999234928897204 0
      vertex 26.485288908879774 11.22821615044277 0
    endloop
  endfacet
  facet normal 0 0 -1
    outer loop
      vertex 11.525328890437411 5.6167960777017605 0
      vertex 26.485288908879774 11.22821615044277 0
      vertex 11.650561835020653 5.570595205269187 0
    endloop
  endfacet
  facet normal 0 0 -1
    outer loop
      vertex 11.999234928897204 5.375328890437411 0
      vertex 11.888247560017113 5.449488279401956 0
      vertex 26.485288908879774 11.22821615044277 0
    endloop
  endfacet
  facet normal 0 0 -1
    outer loop
      vertex 11.77178384955723 5.514711091120225 0
      vertex 26.485288908879774 11.22821615044277 0
      vertex 11.888247560017113 5.449488279401956 0
    endloop
  endfacet
  facet normal 0 0 -1
    outer loop
      vertex 11.650561835020653 5.570595205269187 0
      vertex 26.485288908879774 11.22821615044277 0
      vertex 11.77178384955723 5.514711091120225 0
    endloop
  endfacet
  facet normal 0 0 -1
    outer loop
      vertex 12.104061682161312 5.292690141520053 0
      vertex 11.999234928897204 5.375328890437411 0
      vertex 26.485288908879774 11.22821615044277 0
    endloop
  endfacet
  facet normal 0 0 -1
    outer loop
      vertex 12.20208152801713 5.202081528017131 0
      vertex 12.104061682161312 5.292690141520053 0
      vertex 26.485288908879774 11.22821615044277 0
    endloop
  endfacet
  facet normal 0 0 -1
    outer loop
      vertex 12.292690141520053 5.104061682161312 0
      vertex 12.20208152801713 5.202081528017131 0
      vertex 26.485288908879774 11.22821615044277 0
    endloop
  endfacet
  facet normal 0 0 -1
    outer loop
      vertex 12.679070179011735 3.7340614094316074 0
      vertex 12.694759467346318 3.8666195372626637 0
      vertex 27.111752439982887 10.550511720598044 0
    endloop
  endfacet
  facet normal 0 0 -1
    outer loop
      vertex 12.694759467346318 3.8666195372626637 0
      vertex 12.7 4 0
      vertex 27.000765071102794 10.62467110956259 0
    endloop
  endfacet
  facet normal 0 0 -1
    outer loop
      vertex 12.7 4 0
      vertex 12.694759467346318 4.133380462737336 0
      vertex 26.895938317838688 10.707309858479947 0
    endloop
  endfacet
  facet normal 0 0 -1
    outer loop
      vertex 12.679070179011735 4.265938590568393 0
      vertex 12.65302886467605 4.396857118555039 0
      vertex 26.70730985847995 10.895938317838688 0
    endloop
  endfacet
  facet normal 0 0 -1
    outer loop
      vertex 12.694759467346318 4.133380462737336 0
      vertex 12.679070179011735 4.265938590568393 0
      vertex 26.797918471982868 10.79791847198287 0
    endloop
  endfacet
  facet normal 0 0 -1
    outer loop
      vertex 12.65302886467605 4.396857118555039 0
      vertex 12.61679607770176 4.525328890437411 0
      vertex 26.62467110956259 11.000765071102796 0
    endloop
  endfacet
  facet normal 0 0 -1
    outer loop
      vertex 12.61679607770176 4.525328890437411 0
      vertex 12.570595205269187 4.650561835020652 0
      vertex 26.550511720598042 11.111752439982887 0
    endloop
  endfacet
  facet normal 0 0 -1
    outer loop
      vertex 12.570595205269187 4.650561835020652 0
      vertex 12.514711091120226 4.771783849557229 0
      vertex 26.485288908879774 11.22821615044277 0
    endloop
  endfacet
  facet normal 0 0 -1
    outer loop
      vertex 11.525328890437411 5.6167960777017605 0
      vertex 11.650561835020653 18.429404794730814 0
      vertex 26.485288908879774 11.22821615044277 0
    endloop
  endfacet
  facet normal 0 0 -1
    outer loop
      vertex 12.570595205269187 4.650561835020652 0
      vertex 26.485288908879774 11.22821615044277 0
      vertex 26.550511720598042 11.111752439982887 0
    endloop
  endfacet
  facet normal 0 0 -1
    outer loop
      vertex 12.514711091120226 3.2282161504427704 0
      vertex 27.60314288144496 10.34697113532395 0
      vertex 27.734061409431607 10.320929820988265 0
    endloop
  endfacet
  facet normal 0 0 -1
    outer loop
      vertex 12.570595205269187 3.3494381649793477 0
      vertex 27.47467110956259 10.38320392229824 0
      vertex 27.60314288144496 10.34697113532395 0
    endloop
  endfacet
  facet normal 0 0 -1
    outer loop
      vertex 12.65302886467605 3.6031428814449606 0
      vertex 27.22821615044277 10.485288908879774 0
      vertex 27.349438164979347 10.429404794730813 0
    endloop
  endfacet
  facet normal 0 0 -1
    outer loop
      vertex 12.61679607770176 3.4746711095625895 0
      vertex 27.349438164979347 10.429404794730813 0
      vertex 27.47467110956259 10.38320392229824 0
    endloop
  endfacet
  facet normal 0 0 -1
    outer loop
      vertex 12.37532889043741 3.0007650711027956 0
      vertex 27.866619537262665 10.305240532653682 0
      vertex 28 10.3 0
    endloop
  endfacet
  facet normal 0 0 -1
    outer loop
      vertex 12.449488279401956 3.111752439982887 0
      vertex 27.734061409431607 10.320929820988265 0
      vertex 27.866619537262665 10.305240532653682 0
    endloop
  endfacet
  facet normal 0 0 -1
    outer loop
      vertex 12.7 4 0
      vertex 26.895938317838688 10.707309858479947 0
      vertex 27.000765071102794 10.62467110956259 0
    endloop
  endfacet
  facet normal 0 0 -1
    outer loop
      vertex 12.694759467346318 4.133380462737336 0
      vertex 26.797918471982868 10.79791847198287 0
      vertex 26.895938317838688 10.707309858479947 0
    endloop
  endfacet
  facet normal 0 0 -1
    outer loop
      vertex 12.679070179011735 3.7340614094316074 0
      vertex 27.111752439982887 10.550511720598044 0
      vertex 27.22821615044277 10.485288908879774 0
    endloop
  endfacet
  facet normal 0 0 -1
    outer loop
      vertex 12.694759467346318 3.8666195372626637 0
      vertex 27.000765071102794 10.62467110956259 0
      vertex 27.111752439982887 10.550511720598044 0
    endloop
  endfacet
  facet normal 0 0 -1
    outer loop
      vertex 12.679070179011735 4.265938590568393 0
      vertex 26.70730985847995 10.895938317838688 0
      vertex 26.797918471982868 10.79791847198287 0
    endloop
  endfacet
  facet normal 0 0 -1
    outer loop
      vertex 12.65302886467605 4.396857118555039 0
      vertex 26.62467110956259 11.000765071102796 0
      vertex 26.70730985847995 10.895938317838688 0
    endloop
  endfacet
  facet normal 0 0 -1
    outer loop
      vertex 12.61679607770176 4.525328890437411 0
      vertex 26.550511720598042 11.111752439982887 0
      vertex 26.62467110956259 11.000765071102796 0
    endloop
  endfacet
  facet normal -1 0 0
    outer loop
      vertex 0 14.82842712474619 9.17157287525381
      vertex 0 15.041623862400124 9.402207806679264
      vertex 0 24 0
    endloop
  endfacet
  facet normal -1 0 0
    outer loop
      vertex 0 14.82842712474619 9.17157287525381
      vertex 0 24 0
      vertex 0 14.597792193320736 8.958376137599876
    endloop
  endfacet
  facet normal -1 0 0
    outer loop
      vertex 0 13.23606797749979 8.195773934819385
      vertex 0 13.530733729460358 8.304481869954852
      vertex 0 24 0
    endloop
  endfacet
  facet normal -1 0 0
    outer loop
      vertex 0 13.815961998958187 8.435973903246529
      vertex 0 24 0
      vertex 0 13.530733729460358 8.304481869954852
    endloop
  endfacet
  facet normal -1 0 0
    outer loop
      vertex 0 14.351141009169893 8.76393202250021
      vertex 0 24 0
      vertex 0 14.089994258863795 8.589439342583631
    endloop
  endfacet
  facet normal -1 0 0
    outer loop
      vertex 0 14.597792193320736 8.958376137599876
      vertex 0 24 0
      vertex 0 14.351141009169893 8.76393202250021
    endloop
  endfacet
  facet normal -1 0 0
    outer loop
      vertex 0 14.089994258863795 8.589439342583631
      vertex 0 24 0
      vertex 0 13.815961998958187 8.435973903246529
    endloop
  endfacet
  facet normal -1 0 0
    outer loop
      vertex 0 15.950753362380551 11.374262139839077
      vertex 0 24 0
      vertex 0 15.889479681590707 11.066218544576378
    endloop
  endfacet
  facet normal -1 0 0
    outer loop
      vertex 0 15.889479681590707 11.066218544576378
      vertex 0 24 0
      vertex 0 15.804226065180615 10.76393202250021
    endloop
  endfacet
  facet normal -1 0 0
    outer loop
      vertex 0 15.804226065180615 10.76393202250021
      vertex 0 24 0
      vertex 0 15.695518130045148 10.469266270539642
    endloop
  endfacet
  facet normal -1 0 0
    outer loop
      vertex 0 15.695518130045148 10.469266270539642
      vertex 0 24 0
      vertex 0 15.564026096753471 10.184038001041813
    endloop
  endfacet
  facet normal -1 0 0
    outer loop
      vertex 0 15.564026096753471 10.184038001041813
      vertex 0 24 0
      vertex 0 15.410560657416369 9.910005741136205
    endloop
  endfacet
  facet normal -1 0 0
    outer loop
      vertex 0 15.410560657416369 9.910005741136205
      vertex 0 24 0
      vertex 0 15.23606797749979 9.648858990830107
    endloop
  endfacet
  facet normal -1 0 0
    outer loop
      vertex 0 15.23606797749979 9.648858990830107
      vertex 0 24 0
      vertex 0 15.041623862400124 9.402207806679264
    endloop
  endfacet
  facet normal -1 0 0
    outer loop
      vertex 0 15.950753362380551 11.374262139839077
      vertex 0 24 11.6
      vertex 0 24 0
    endloop
  endfacet
  facet normal 0 1 0
    outer loop
      vertex 0 24 11.6
      vertex 25.815716042803068 24 11.6
      vertex 0 24 0
    endloop
  endfacet
  facet normal -1 0 0
    outer loop
      vertex 0 13.23606797749979 8.195773934819385
      vertex 0 24 0
      vertex 0 0 0
    endloop
  endfacet
  facet normal 0 0 -1
    outer loop
      vertex 0 0 0
      vertex 0 24 0
      vertex 9.38320392229824 19.47467110956259 0
    endloop
  endfacet
  facet normal 0 0 -1
    outer loop
      vertex 0 0 0
      vertex 9.79791847198287 18.797918471982868 0
      vertex 9.895938317838688 18.70730985847995 0
    endloop
  endfacet
  facet normal 0 0 -1
    outer loop
      vertex 0 0 0
      vertex 9.62467110956259 19.000765071102794 0
      vertex 9.707309858479947 18.895938317838688 0
    endloop
  endfacet
  facet normal 0 0 -1
    outer loop
      vertex 0 0 0
      vertex 9.550511720598044 19.111752439982887 0
      vertex 9.62467110956259 19.000765071102794 0
    endloop
  endfacet
  facet normal 0 0 -1
    outer loop
      vertex 0 0 0
      vertex 9.707309858479947 18.895938317838688 0
      vertex 9.79791847198287 18.797918471982868 0
    endloop
  endfacet
  facet normal 0 0 -1
    outer loop
      vertex 0 0 0
      vertex 9.485288908879774 19.22821615044277 0
      vertex 9.550511720598044 19.111752439982887 0
    endloop
  endfacet
  facet normal 0 0 -1
    outer loop
      vertex 0 0 0
      vertex 9.429404794730813 19.349438164979347 0
      vertex 9.485288908879774 19.22821615044277 0
    endloop
  endfacet
  facet normal 0 0 -1
    outer loop
      vertex 0 0 0
      vertex 9.38320392229824 19.47467110956259 0
      vertex 9.429404794730813 19.349438164979347 0
    endloop
  endfacet
  facet normal 0 0 -1
    outer loop
      vertex 9.895938317838688 5.292690141520053 0
      vertex 9.895938317838688 18.70730985847995 0
      vertex 10.000765071102796 18.62467110956259 0
    endloop
  endfacet
  facet normal 0 0 -1
    outer loop
      vertex 10.000765071102796 5.375328890437411 0
      vertex 10.000765071102796 18.62467110956259 0
      vertex 10.111752439982887 18.550511720598042 0
    endloop
  endfacet
  facet normal 0 0 -1
    outer loop
      vertex 10.111752439982887 5.449488279401956 0
      vertex 10.111752439982887 18.550511720598042 0
      vertex 10.22821615044277 18.485288908879774 0
    endloop
  endfacet
  facet normal 0 0 -1
    outer loop
      vertex 10.22821615044277 5.514711091120225 0
      vertex 10.22821615044277 18.485288908879774 0
      vertex 10.349438164979347 18.429404794730814 0
    endloop
  endfacet
  facet normal 0 0 -1
    outer loop
      vertex 10.349438164979347 5.570595205269187 0
      vertex 10.349438164979347 18.429404794730814 0
      vertex 10.474671109562589 18.38320392229824 0
    endloop
  endfacet
  facet normal 0 0 -1
    outer loop
      vertex 10.474671109562589 5.6167960777017605 0
      vertex 10.474671109562589 18.38320392229824 0
      vertex 10.603142881444962 18.34697113532395 0
    endloop
  endfacet
  facet normal 0 0 -1
    outer loop
      vertex 10.603142881444962 5.65302886467605 0
      vertex 10.603142881444962 18.34697113532395 0
      vertex 10.734061409431607 18.320929820988265 0
    endloop
  endfacet
  facet normal 0 0 -1
    outer loop
      vertex 10.734061409431607 5.679070179011735 0
      vertex 10.734061409431607 18.320929820988265 0
      vertex 10.866619537262663 18.305240532653684 0
    endloop
  endfacet
  facet normal 0 0 -1
    outer loop
      vertex 10.866619537262663 5.6947594673463175 0
      vertex 10.866619537262663 18.305240532653684 0
      vertex 11 18.3 0
    endloop
  endfacet
  facet normal 0 0 -1
    outer loop
      vertex 11 5.7 0
      vertex 11 18.3 0
      vertex 11.133380462737337 18.305240532653684 0
    endloop
  endfacet
  facet normal 0 0 -1
    outer loop
      vertex 11.133380462737337 5.6947594673463175 0
      vertex 11.133380462737337 18.305240532653684 0
      vertex 11.265938590568393 18.320929820988265 0
    endloop
  endfacet
  facet normal 0 0 -1
    outer loop
      vertex 11.265938590568393 5.679070179011735 0
      vertex 11.265938590568393 18.320929820988265 0
      vertex 11.396857118555038 18.34697113532395 0
    endloop
  endfacet
  facet normal 0 0 -1
    outer loop
      vertex 11.396857118555038 5.65302886467605 0
      vertex 11.396857118555038 18.34697113532395 0
      vertex 11.525328890437411 18.38320392229824 0
    endloop
  endfacet
  facet normal 0 0 -1
    outer loop
      vertex 11.525328890437411 5.6167960777017605 0
      vertex 11.525328890437411 18.38320392229824 0
      vertex 11.650561835020653 18.429404794730814 0
    endloop
  endfacet
  facet normal 0 0 -1
    outer loop
      vertex 0 24 0
      vertex 9.34697113532395 19.60314288144496 0
      vertex 9.38320392229824 19.47467110956259 0
    endloop
  endfacet
  facet normal 0 0 -1
    outer loop
      vertex 0 24 0
      vertex 9.320929820988265 19.734061409431607 0
      vertex 9.34697113532395 19.60314288144496 0
    endloop
  endfacet
  facet normal 0 0 -1
    outer loop
      vertex 0 24 0
      vertex 9.305240532653682 19.866619537262665 0
      vertex 9.320929820988265 19.734061409431607 0
    endloop
  endfacet
  facet normal 0 0 -1
    outer loop
      vertex 0 24 0
      vertex 9.3 20 0
      vertex 9.305240532653682 19.866619537262665 0
    endloop
  endfacet
  facet normal 0 0 -1
    outer loop
      vertex 0 24 0
      vertex 9.305240532653682 20.133380462737335 0
      vertex 9.3 20 0
    endloop
  endfacet
  facet normal 0 0 -1
    outer loop
      vertex 0 24 0
      vertex 9.320929820988265 20.265938590568393 0
      vertex 9.305240532653682 20.133380462737335 0
    endloop
  endfacet
  facet normal 0 0 -1
    outer loop
      vertex 0 24 0
      vertex 9.34697113532395 20.39685711855504 0
      vertex 9.320929820988265 20.265938590568393 0
    endloop
  endfacet
  facet normal 0 0 -1
    outer loop
      vertex 0 24 0
      vertex 9.38320392229824 20.52532889043741 0
      vertex 9.34697113532395 20.39685711855504 0
    endloop
  endfacet
  facet normal 0 0 -1
    outer loop
      vertex 0 24 0
      vertex 9.429404794730813 20.650561835020653 0
      vertex 9.38320392229824 20.52532889043741 0
    endloop
  endfacet
  facet normal 0 0 -1
    outer loop
      vertex 0 24 0
      vertex 9.485288908879774 20.77178384955723 0
      vertex 9.429404794730813 20.650561835020653 0
    endloop
  endfacet
  facet normal 0 0 -1
    outer loop
      vertex 0 24 0
      vertex 9.550511720598044 20.888247560017113 0
      vertex 9.485288908879774 20.77178384955723 0
    endloop
  endfacet
  facet normal 0 0 -1
    outer loop
      vertex 0 24 0
      vertex 9.62467110956259 20.999234928897206 0
      vertex 9.550511720598044 20.888247560017113 0
    endloop
  endfacet
  facet normal 0 0 -1
    outer loop
      vertex 0 24 0
      vertex 9.707309858479947 21.104061682161312 0
      vertex 9.62467110956259 20.999234928897206 0
    endloop
  endfacet
  facet normal 0 0 -1
    outer loop
      vertex 0 24 0
      vertex 9.79791847198287 21.202081528017132 0
      vertex 9.707309858479947 21.104061682161312 0
    endloop
  endfacet
  facet normal 0 0 -1
    outer loop
      vertex 0 24 0
      vertex 9.895938317838688 21.29269014152005 0
      vertex 9.79791847198287 21.202081528017132 0
    endloop
  endfacet
  facet normal 0 0 -1
    outer loop
      vertex 0 24 0
      vertex 10.000765071102796 21.37532889043741 0
      vertex 9.895938317838688 21.29269014152005 0
    endloop
  endfacet
  facet normal 0 0 -1
    outer loop
      vertex 0 24 0
      vertex 10.111752439982887 21.449488279401958 0
      vertex 10.000765071102796 21.37532889043741 0
    endloop
  endfacet
  facet normal 0 0 -1
    outer loop
      vertex 0 24 0
      vertex 10.22821615044277 21.514711091120226 0
      vertex 10.111752439982887 21.449488279401958 0
    endloop
  endfacet
  facet normal 0 0 -1
    outer loop
      vertex 0 24 0
      vertex 10.349438164979347 21.570595205269186 0
      vertex 10.22821615044277 21.514711091120226 0
    endloop
  endfacet
  facet normal 0 0 -1
    outer loop
      vertex 0 24 0
      vertex 10.474671109562589 21.61679607770176 0
      vertex 10.349438164979347 21.570595205269186 0
    endloop
  endfacet
  facet normal 0 0 -1
    outer loop
      vertex 0 24 0
      vertex 10.603142881444962 21.65302886467605 0
      vertex 10.474671109562589 21.61679607770176 0
    endloop
  endfacet
  facet normal 0 0 -1
    outer loop
      vertex 0 24 0
      vertex 10.734061409431607 21.679070179011735 0
      vertex 10.603142881444962 21.65302886467605 0
    endloop
  endfacet
  facet normal 0 0 -1
    outer loop
      vertex 0 24 0
      vertex 10.866619537262663 21.694759467346316 0
      vertex 10.734061409431607 21.679070179011735 0
    endloop
  endfacet
  facet normal 0 0 -1
    outer loop
      vertex 0 24 0
      vertex 11 21.7 0
      vertex 10.866619537262663 21.694759467346316 0
    endloop
  endfacet
  facet normal 0 0 -1
    outer loop
      vertex 0 24 0
      vertex 11.133380462737337 21.694759467346316 0
      vertex 11 21.7 0
    endloop
  endfacet
  facet normal 0 0 -1
    outer loop
      vertex 0 24 0
      vertex 11.265938590568393 21.679070179011735 0
      vertex 11.133380462737337 21.694759467346316 0
    endloop
  endfacet
  facet normal 0 0 -1
    outer loop
      vertex 0 24 0
      vertex 11.396857118555038 21.65302886467605 0
      vertex 11.265938590568393 21.679070179011735 0
    endloop
  endfacet
  facet normal 0 1 0
    outer loop
      vertex 0 24 0
      vertex 25.815716042803068 24 11.6
      vertex 25.831443195922095 24 11.199717223575982
    endloop
  endfacet
  facet normal 0 1 0
    outer loop
      vertex 0 24 0
      vertex 25.831443195922095 24 11.199717223575982
      vertex 25.925578925929596 24 10.404368456589646
    endloop
  endfacet
  facet normal 0 1 0
    outer loop
      vertex 0 24 0
      vertex 25.925578925929596 24 10.404368456589646
      vertex 26.0818268119437 24 9.618857288669766
    endloop
  endfacet
  facet normal 0 1 0
    outer loop
      vertex 0 24 0
      vertex 26.0818268119437 24 9.618857288669766
      vertex 26.299223533789437 24 8.848026657375536
    endloop
  endfacet
  facet normal 0 1 0
    outer loop
      vertex 0 24 0
      vertex 26.299223533789437 24 8.848026657375536
      vertex 26.576428768384876 24 8.096628989876084
    endloop
  endfacet
  facet normal 0 1 0
    outer loop
      vertex 0 24 0
      vertex 26.576428768384876 24 8.096628989876084
      vertex 26.91173345327865 24 7.3692969026566235
    endloop
  endfacet
  facet normal 0 1 0
    outer loop
      vertex 0 24 0
      vertex 26.91173345327865 24 7.3692969026566235
      vertex 27.30307032358826 24 6.6705146398973225
    endloop
  endfacet
  facet normal 0 1 0
    outer loop
      vertex 0 24 0
      vertex 27.30307032358826 24 6.6705146398973225
      vertex 27.748026657375537 24 6.004590426616774
    endloop
  endfacet
  facet normal 0 0 -1
    outer loop
      vertex 11.650561835020653 18.429404794730814 0
      vertex 11.77178384955723 18.485288908879774 0
      vertex 26.38320392229824 11.474671109562589 0
    endloop
  endfacet
  facet normal 0 0 -1
    outer loop
      vertex 11.77178384955723 18.485288908879774 0
      vertex 11.888247560017113 18.550511720598042 0
      vertex 26.34697113532395 11.603142881444962 0
    endloop
  endfacet
  facet normal 0 0 -1
    outer loop
      vertex 11.888247560017113 18.550511720598042 0
      vertex 11.999234928897204 18.62467110956259 0
      vertex 26.320929820988265 11.734061409431607 0
    endloop
  endfacet
  facet normal 0 0 -1
    outer loop
      vertex 11.999234928897204 18.62467110956259 0
      vertex 12.104061682161312 18.70730985847995 0
      vertex 26.305240532653684 11.866619537262663 0
    endloop
  endfacet
  facet normal 0 0 -1
    outer loop
      vertex 12.104061682161312 18.70730985847995 0
      vertex 12.20208152801713 18.797918471982868 0
      vertex 26.3 12 0
    endloop
  endfacet
  facet normal 0 0 -1
    outer loop
      vertex 12.20208152801713 18.797918471982868 0
      vertex 12.292690141520053 18.895938317838688 0
      vertex 26.305240532653684 12.133380462737337 0
    endloop
  endfacet
  facet normal 0 0 -1
    outer loop
      vertex 12.292690141520053 18.895938317838688 0
      vertex 12.37532889043741 19.000765071102794 0
      vertex 26.320929820988265 12.265938590568393 0
    endloop
  endfacet
  facet normal 0 0 -1
    outer loop
      vertex 12.37532889043741 19.000765071102794 0
      vertex 12.449488279401956 19.111752439982887 0
      vertex 26.34697113532395 12.396857118555038 0
    endloop
  endfacet
  facet normal 0 0 -1
    outer loop
      vertex 12.449488279401956 19.111752439982887 0
      vertex 12.514711091120226 19.22821615044277 0
      vertex 26.38320392229824 12.525328890437411 0
    endloop
  endfacet
  facet normal 0 0 -1
    outer loop
      vertex 12.514711091120226 19.22821615044277 0
      vertex 12.570595205269187 19.349438164979347 0
      vertex 26.485288908879774 12.77178384955723 0
    endloop
  endfacet
  facet normal 0 0 -1
    outer loop
      vertex 12.570595205269187 19.349438164979347 0
      vertex 12.61679607770176 19.47467110956259 0
      vertex 26.550511720598042 12.888247560017113 0
    endloop
  endfacet
  facet normal 0 0 -1
    outer loop
      vertex 12.61679607770176 19.47467110956259 0
      vertex 12.65302886467605 19.60314288144496 0
      vertex 26.62467110956259 12.999234928897204 0
    endloop
  endfacet
  facet normal 0 0 -1
    outer loop
      vertex 12.65302886467605 19.60314288144496 0
      vertex 12.679070179011735 19.734061409431607 0
      vertex 26.70730985847995 13.104061682161312 0
    endloop
  endfacet
  facet normal 0 0 -1
    outer loop
      vertex 12.679070179011735 19.734061409431607 0
      vertex 12.694759467346318 19.866619537262665 0
      vertex 26.797918471982868 13.20208152801713 0
    endloop
  endfacet
  facet normal 0 0 -1
    outer loop
      vertex 12.694759467346318 19.866619537262665 0
      vertex 12.7 20 0
      vertex 26.895938317838688 13.292690141520053 0
    endloop
  endfacet
  facet normal 0 0 -1
    outer loop
      vertex 12.7 20 0
      vertex 12.694759467346318 20.133380462737335 0
      vertex 27.000765071102794 13.37532889043741 0
    endloop
  endfacet
  facet normal 0 0 -1
    outer loop
      vertex 12.694759467346318 20.133380462737335 0
      vertex 12.679070179011735 20.265938590568393 0
      vertex 27.111752439982887 13.449488279401956 0
    endloop
  endfacet
  facet normal 0 0 -1
    outer loop
      vertex 11.650561835020653 18.429404794730814 0
      vertex 26.429404794730814 11.349438164979347 0
      vertex 26.485288908879774 11.22821615044277 0
    endloop
  endfacet
  facet normal 0 0 -1
    outer loop
      vertex 11.650561835020653 18.429404794730814 0
      vertex 26.38320392229824 11.474671109562589 0
      vertex 26.429404794730814 11.349438164979347 0
    endloop
  endfacet
  facet normal 0 0 -1
    outer loop
      vertex 11.77178384955723 18.485288908879774 0
      vertex 26.34697113532395 11.603142881444962 0
      vertex 26.38320392229824 11.474671109562589 0
    endloop
  endfacet
  facet normal 0 0 -1
    outer loop
      vertex 11.888247560017113 18.550511720598042 0
      vertex 26.320929820988265 11.734061409431607 0
      vertex 26.34697113532395 11.603142881444962 0
    endloop
  endfacet
  facet normal 0 0 -1
    outer loop
      vertex 11.999234928897204 18.62467110956259 0
      vertex 26.305240532653684 11.866619537262663 0
      vertex 26.320929820988265 11.734061409431607 0
    endloop
  endfacet
  facet normal 0 0 -1
    outer loop
      vertex 12.104061682161312 18.70730985847995 0
      vertex 26.3 12 0
      vertex 26.305240532653684 11.866619537262663 0
    endloop
  endfacet
  facet normal 0 0 -1
    outer loop
      vertex 12.20208152801713 18.797918471982868 0
      vertex 26.305240532653684 12.133380462737337 0
      vertex 26.3 12 0
    endloop
  endfacet
  facet normal 0 0 -1
    outer loop
      vertex 12.292690141520053 18.895938317838688 0
      vertex 26.320929820988265 12.265938590568393 0
      vertex 26.305240532653684 12.133380462737337 0
    endloop
  endfacet
  facet normal 0 0 -1
    outer loop
      vertex 12.37532889043741 19.000765071102794 0
      vertex 26.34697113532395 12.396857118555038 0
      vertex 26.320929820988265 12.265938590568393 0
    endloop
  endfacet
  facet normal 0 0 -1
    outer loop
      vertex 12.449488279401956 19.111752439982887 0
      vertex 26.38320392229824 12.525328890437411 0
      vertex 26.34697113532395 12.396857118555038 0
    endloop
  endfacet
  facet normal 0 0 -1
    outer loop
      vertex 12.514711091120226 19.22821615044277 0
      vertex 26.429404794730814 12.650561835020653 0
      vertex 26.38320392229824 12.525328890437411 0
    endloop
  endfacet
  facet normal 0 0 -1
    outer loop
      vertex 12.514711091120226 19.22821615044277 0
      vertex 26.485288908879774 12.77178384955723 0
      vertex 26.429404794730814 12.650561835020653 0
    endloop
  endfacet
  facet normal 0 0 -1
    outer loop
      vertex 12.570595205269187 19.349438164979347 0
      vertex 26.550511720598042 12.888247560017113 0
      vertex 26.485288908879774 12.77178384955723 0
    endloop
  endfacet
  facet normal 0 0 -1
    outer loop
      vertex 12.61679607770176 19.47467110956259 0
      vertex 26.62467110956259 12.999234928897204 0
      vertex 26.550511720598042 12.888247560017113 0
    endloop
  endfacet
  facet normal 0 0 -1
    outer loop
      vertex 12.65302886467605 19.60314288144496 0
      vertex 26.70730985847995 13.104061682161312 0
      vertex 26.62467110956259 12.999234928897204 0
    endloop
  endfacet
  facet normal 0 0 -1
    outer loop
      vertex 12.679070179011735 19.734061409431607 0
      vertex 26.797918471982868 13.20208152801713 0
      vertex 26.70730985847995 13.104061682161312 0
    endloop
  endfacet
  facet normal 0 0 -1
    outer loop
      vertex 12.694759467346318 19.866619537262665 0
      vertex 26.895938317838688 13.292690141520053 0
      vertex 26.797918471982868 13.20208152801713 0
    endloop
  endfacet
  facet normal 0 0 -1
    outer loop
      vertex 12.7 20 0
      vertex 27.000765071102794 13.37532889043741 0
      vertex 26.895938317838688 13.292690141520053 0
    endloop
  endfacet
  facet normal 0 0 -1
    outer loop
      vertex 12.694759467346318 20.133380462737335 0
      vertex 27.111752439982887 13.449488279401956 0
      vertex 27.000765071102794 13.37532889043741 0
    endloop
  endfacet
  facet normal 0 0 -1
    outer loop
      vertex 12.679070179011735 20.265938590568393 0
      vertex 27.22821615044277 13.514711091120226 0
      vertex 27.111752439982887 13.449488279401956 0
    endloop
  endfacet
  facet normal 0 0 -1
    outer loop
      vertex 12.65302886467605 20.39685711855504 0
      vertex 27.349438164979347 13.570595205269187 0
      vertex 27.22821615044277 13.514711091120226 0
    endloop
  endfacet
  facet normal 0 0 -1
    outer loop
      vertex 12.61679607770176 20.52532889043741 0
      vertex 27.47467110956259 13.61679607770176 0
      vertex 27.349438164979347 13.570595205269187 0
    endloop
  endfacet
  facet normal 0 0 -1
    outer loop
      vertex 12.570595205269187 20.650561835020653 0
      vertex 27.60314288144496 13.65302886467605 0
      vertex 27.47467110956259 13.61679607770176 0
    endloop
  endfacet
  facet normal 0 0 -1
    outer loop
      vertex 12.514711091120226 20.77178384955723 0
      vertex 27.734061409431607 13.679070179011735 0
      vertex 27.60314288144496 13.65302886467605 0
    endloop
  endfacet
  facet normal 0 0 -1
    outer loop
      vertex 12.449488279401956 20.888247560017113 0
      vertex 27.866619537262665 13.694759467346318 0
      vertex 27.734061409431607 13.679070179011735 0
    endloop
  endfacet
  facet normal 0 0 -1
    outer loop
      vertex 12.37532889043741 20.999234928897206 0
      vertex 28 13.7 0
      vertex 27.866619537262665 13.694759467346318 0
    endloop
  endfacet
  facet normal 0 1 0
    outer loop
      vertex 0 24 0
      vertex 27.748026657375537 24 6.004590426616774
      vertex 28.243859150879686 24 5.375629907032127
    endloop
  endfacet
  facet normal 0 0 -1
    outer loop
      vertex 12.679070179011735 20.265938590568393 0
      vertex 12.65302886467605 20.39685711855504 0
      vertex 27.22821615044277 13.514711091120226 0
    endloop
  endfacet
  facet normal 0 0 -1
    outer loop
      vertex 12.65302886467605 20.39685711855504 0
      vertex 12.61679607770176 20.52532889043741 0
      vertex 27.349438164979347 13.570595205269187 0
    endloop
  endfacet
  facet normal 0 0 -1
    outer loop
      vertex 12.61679607770176 20.52532889043741 0
      vertex 12.570595205269187 20.650561835020653 0
      vertex 27.47467110956259 13.61679607770176 0
    endloop
  endfacet
  facet normal 0 0 -1
    outer loop
      vertex 12.570595205269187 20.650561835020653 0
      vertex 12.514711091120226 20.77178384955723 0
      vertex 27.60314288144496 13.65302886467605 0
    endloop
  endfacet
  facet normal 0 0 -1
    outer loop
      vertex 12.449488279401956 20.888247560017113 0
      vertex 27.734061409431607 13.679070179011735 0
      vertex 12.514711091120226 20.77178384955723 0
    endloop
  endfacet
  facet normal 0 0 -1
    outer loop
      vertex 12.449488279401956 20.888247560017113 0
      vertex 12.37532889043741 20.999234928897206 0
      vertex 27.866619537262665 13.694759467346318 0
    endloop
  endfacet
  facet normal 0 1 0
    outer loop
      vertex 0 24 0
      vertex 28.243859150879686 24 5.375629907032127
      vertex 28.787510831897215 24 4.787510831897215
    endloop
  endfacet
  facet normal 0 1 0
    outer loop
      vertex 0 24 0
      vertex 28.787510831897215 24 4.787510831897215
      vertex 29.375629907032128 24 4.243859150879685
    endloop
  endfacet
  facet normal 0 1 0
    outer loop
      vertex 0 24 0
      vertex 29.375629907032128 24 4.243859150879685
      vertex 30.004590426616772 24 3.7480266573755365
    endloop
  endfacet
  facet normal 0 1 0
    outer loop
      vertex 0 24 0
      vertex 30.004590426616772 24 3.7480266573755365
      vertex 30.670514639897323 24 3.30307032358826
    endloop
  endfacet
  facet normal 0 1 0
    outer loop
      vertex 0 24 0
      vertex 30.670514639897323 24 3.30307032358826
      vertex 31.36929690265662 24 2.9117334532786483
    endloop
  endfacet
  facet normal 0 1 0
    outer loop
      vertex 0 24 0
      vertex 31.36929690265662 24 2.9117334532786483
      vertex 32.09662898987609 24 2.5764287683848757
    endloop
  endfacet
  facet normal 0 1 0
    outer loop
      vertex 0 24 0
      vertex 32.09662898987609 24 2.5764287683848757
      vertex 32.848026657375534 24 2.2992235337894353
    endloop
  endfacet
  facet normal 0 0 -1
    outer loop
      vertex 0 24 0
      vertex 50 24 0
      vertex 11.396857118555038 21.65302886467605 0
    endloop
  endfacet
  facet normal 0 1 0
    outer loop
      vertex 0 24 0
      vertex 32.848026657375534 24 2.2992235337894353
      vertex 33.618857288669766 24 2.0818268119436993
    endloop
  endfacet
  facet normal 0 1 0
    outer loop
      vertex 0 24 0
      vertex 33.618857288669766 24 2.0818268119436993
      vertex 34.404368456589644 24 1.925578925929596
    endloop
  endfacet
  facet normal 0 0 -1
    outer loop
      vertex 12.37532889043741 20.999234928897206 0
      vertex 12.292690141520053 21.104061682161312 0
      vertex 50 24 0
    endloop
  endfacet
  facet normal 0 0 -1
    outer loop
      vertex 12.292690141520053 21.104061682161312 0
      vertex 12.20208152801713 21.202081528017132 0
      vertex 50 24 0
    endloop
  endfacet
  facet normal 0 0 -1
    outer loop
      vertex 11.525328890437411 21.61679607770176 0
      vertex 50 24 0
      vertex 11.650561835020653 21.570595205269186 0
    endloop
  endfacet
  facet normal 0 0 -1
    outer loop
      vertex 11.396857118555038 21.65302886467605 0
      vertex 50 24 0
      vertex 11.525328890437411 21.61679607770176 0
    endloop
  endfacet
  facet normal 0 0 -1
    outer loop
      vertex 11.650561835020653 21.570595205269186 0
      vertex 50 24 0
      vertex 11.77178384955723 21.514711091120226 0
    endloop
  endfacet
  facet normal 0 0 -1
    outer loop
      vertex 11.888247560017113 21.449488279401958 0
      vertex 11.77178384955723 21.514711091120226 0
      vertex 50 24 0
    endloop
  endfacet
  facet normal 0 0 -1
    outer loop
      vertex 12.104061682161312 21.29269014152005 0
      vertex 50 24 0
      vertex 12.20208152801713 21.202081528017132 0
    endloop
  endfacet
  facet normal 0 0 -1
    outer loop
      vertex 12.104061682161312 21.29269014152005 0
      vertex 11.999234928897204 21.37532889043741 0
      vertex 50 24 0
    endloop
  endfacet
  facet normal 0 0 -1
    outer loop
      vertex 11.888247560017113 21.449488279401958 0
      vertex 50 24 0
      vertex 11.999234928897204 21.37532889043741 0
    endloop
  endfacet
  facet normal 0 -1 0
    outer loop
      vertex 25.833333333333332 0 11.6
      vertex 32.04924663761945 0 11.374262139839077
      vertex 32.022528801195186 0 11.6
    endloop
  endfacet
  facet normal 0 -1 0
    outer loop
      vertex 25.833333333333332 0 11.6
      vertex 32.11052031840929 0 11.066218544576378
      vertex 32.04924663761945 0 11.374262139839077
    endloop
  endfacet
  facet normal 0 -1 0
    outer loop
      vertex 25.833333333333332 0 11.6
      vertex 32.195773934819385 0 10.76393202250021
      vertex 32.11052031840929 0 11.066218544576378
    endloop
  endfacet
  facet normal 0 -1 0
    outer loop
      vertex 25.833333333333332 0 11.6
      vertex 32.304481869954856 0 10.469266270539642
      vertex 32.195773934819385 0 10.76393202250021
    endloop
  endfacet
  facet normal 0 -1 0
    outer loop
      vertex 25.833333333333332 0 11.6
      vertex 32.43597390324653 0 10.184038001041813
      vertex 32.304481869954856 0 10.469266270539642
    endloop
  endfacet
  facet normal 0 -1 0
    outer loop
      vertex 25.833333333333332 0 11.6
      vertex 32.58943934258363 0 9.910005741136205
      vertex 32.43597390324653 0 10.184038001041813
    endloop
  endfacet
  facet normal 0 -1 0
    outer loop
      vertex 25.833333333333332 0 11.6
      vertex 32.763932022500214 0 9.648858990830107
      vertex 32.58943934258363 0 9.910005741136205
    endloop
  endfacet
  facet normal 0 -1 0
    outer loop
      vertex 25.833333333333332 0 11.6
      vertex 32.95837613759988 0 9.402207806679264
      vertex 32.763932022500214 0 9.648858990830107
    endloop
  endfacet
  facet normal 0 -1 0
    outer loop
      vertex 25.833333333333332 0 11.6
      vertex 33.17157287525381 0 9.17157287525381
      vertex 32.95837613759988 0 9.402207806679264
    endloop
  endfacet
  facet normal 0 -1 0
    outer loop
      vertex 25.833333333333332 0 11.6
      vertex 33.402207806679264 0 8.958376137599876
      vertex 33.17157287525381 0 9.17157287525381
    endloop
  endfacet
  facet normal 0 -1 0
    outer loop
      vertex 25.833333333333332 0 11.6
      vertex 33.64885899083011 0 8.76393202250021
      vertex 33.402207806679264 0 8.958376137599876
    endloop
  endfacet
  facet normal 0 -1 0
    outer loop
      vertex 25.833333333333332 0 11.6
      vertex 33.9100057411362 0 8.589439342583631
      vertex 33.64885899083011 0 8.76393202250021
    endloop
  endfacet
  facet normal 0 -1 0
    outer loop
      vertex 25.833333333333332 0 11.6
      vertex 34.18403800104181 0 8.435973903246529
      vertex 33.9100057411362 0 8.589439342583631
    endloop
  endfacet
  facet normal 0 -1 0
    outer loop
      vertex 25.833333333333332 0 11.6
      vertex 34.46926627053964 0 8.304481869954852
      vertex 34.18403800104181 0 8.435973903246529
    endloop
  endfacet
  facet normal 0 1 0
    outer loop
      vertex 43.200000000000045 24 11.6
      vertex 50 24 11.6
      vertex 43.200000000000045 24 4.775965963654322
    endloop
  endfacet
  facet normal 0 -1 0
    outer loop
      vertex 25.833333333333332 0 11.6
      vertex 50 0 0
      vertex 34.46926627053964 0 8.304481869954852
    endloop
  endfacet
  facet normal 0 -1 0
    outer loop
      vertex 0 0 0
      vertex 50 0 0
      vertex 25.833333333333332 0 11.6
    endloop
  endfacet
  facet normal 0 0 -1
    outer loop
      vertex 12.37532889043741 3.0007650711027956 0
      vertex 28 10.3 0
      vertex 50 0 0
    endloop
  endfacet
  facet normal 0 0 -1
    outer loop
      vertex 28 10.3 0
      vertex 28.133380462737335 10.305240532653682 0
      vertex 50 0 0
    endloop
  endfacet
  facet normal 0 0 -1
    outer loop
      vertex 28.133380462737335 10.305240532653682 0
      vertex 28.265938590568393 10.320929820988265 0
      vertex 50 0 0
    endloop
  endfacet
  facet normal 0 0 -1
    outer loop
      vertex 28.265938590568393 10.320929820988265 0
      vertex 28.39685711855504 10.34697113532395 0
      vertex 50 0 0
    endloop
  endfacet
  facet normal 0 0 -1
    outer loop
      vertex 28.39685711855504 10.34697113532395 0
      vertex 28.52532889043741 10.38320392229824 0
      vertex 50 0 0
    endloop
  endfacet
  facet normal 0 0 -1
    outer loop
      vertex 28.52532889043741 10.38320392229824 0
      vertex 28.650561835020653 10.429404794730813 0
      vertex 50 0 0
    endloop
  endfacet
  facet normal 0 0 -1
    outer loop
      vertex 28.650561835020653 10.429404794730813 0
      vertex 28.77178384955723 10.485288908879774 0
      vertex 50 0 0
    endloop
  endfacet
  facet normal 0 0 -1
    outer loop
      vertex 28.77178384955723 10.485288908879774 0
      vertex 28.888247560017113 10.550511720598044 0
      vertex 50 0 0
    endloop
  endfacet
  facet normal 0 0 -1
    outer loop
      vertex 28.888247560017113 10.550511720598044 0
      vertex 28.999234928897206 10.62467110956259 0
      vertex 50 0 0
    endloop
  endfacet
  facet normal 0 0 -1
    outer loop
      vertex 28.999234928897206 10.62467110956259 0
      vertex 29.104061682161312 10.707309858479947 0
      vertex 50 0 0
    endloop
  endfacet
  facet normal 0 0 -1
    outer loop
      vertex 29.104061682161312 10.707309858479947 0
      vertex 29.202081528017132 10.79791847198287 0
      vertex 50 0 0
    endloop
  endfacet
  facet normal 0 0 -1
    outer loop
      vertex 29.202081528017132 10.79791847198287 0
      vertex 29.29269014152005 10.895938317838688 0
      vertex 50 0 0
    endloop
  endfacet
  facet normal 0 0 -1
    outer loop
      vertex 29.29269014152005 10.895938317838688 0
      vertex 29.37532889043741 11.000765071102796 0
      vertex 50 0 0
    endloop
  endfacet
  facet normal 0 0 -1
    outer loop
      vertex 29.37532889043741 11.000765071102796 0
      vertex 29.449488279401958 11.111752439982887 0
      vertex 50 0 0
    endloop
  endfacet
  facet normal 0 0 -1
    outer loop
      vertex 29.449488279401958 11.111752439982887 0
      vertex 29.514711091120226 11.22821615044277 0
      vertex 50 0 0
    endloop
  endfacet
  facet normal 0 0 -1
    outer loop
      vertex 29.514711091120226 11.22821615044277 0
      vertex 29.570595205269186 11.349438164979347 0
      vertex 50 0 0
    endloop
  endfacet
  facet normal 0 0 -1
    outer loop
      vertex 29.570595205269186 11.349438164979347 0
      vertex 29.61679607770176 11.474671109562589 0
      vertex 50 0 0
    endloop
  endfacet
  facet normal 0 0 -1
    outer loop
      vertex 29.61679607770176 11.474671109562589 0
      vertex 29.65302886467605 11.603142881444962 0
      vertex 50 0 0
    endloop
  endfacet
  facet normal 0 0 -1
    outer loop
      vertex 29.65302886467605 11.603142881444962 0
      vertex 29.679070179011735 11.734061409431607 0
      vertex 42.34697113532395 11.603142881444962 0
    endloop
  endfacet
  facet normal 0 0 -1
    outer loop
      vertex 29.679070179011735 11.734061409431607 0
      vertex 29.694759467346316 11.866619537262663 0
      vertex 42.32092982098827 11.734061409431607 0
    endloop
  endfacet
  facet normal 0 0 -1
    outer loop
      vertex 29.694759467346316 11.866619537262663 0
      vertex 29.7 12 0
      vertex 42.305240532653684 11.866619537262663 0
    endloop
  endfacet
  facet normal 0 -1 0
    outer loop
      vertex 39.977471198804814 0 11.6
      vertex 39.95075336238055 0 11.374262139839077
      vertex 50 0 0
    endloop
  endfacet
  facet normal 0 -1 0
    outer loop
      vertex 39.95075336238055 0 11.374262139839077
      vertex 39.88947968159071 0 11.066218544576378
      vertex 50 0 0
    endloop
  endfacet
  facet normal 0 -1 0
    outer loop
      vertex 39.88947968159071 0 11.066218544576378
      vertex 39.804226065180615 0 10.76393202250021
      vertex 50 0 0
    endloop
  endfacet
  facet normal 0 -1 0
    outer loop
      vertex 39.804226065180615 0 10.76393202250021
      vertex 39.695518130045144 0 10.469266270539642
      vertex 50 0 0
    endloop
  endfacet
  facet normal 0 -1 0
    outer loop
      vertex 39.41056065741637 0 9.910005741136205
      vertex 39.236067977499786 0 9.648858990830107
      vertex 50 0 0
    endloop
  endfacet
  facet normal 0 -1 0
    outer loop
      vertex 39.695518130045144 0 10.469266270539642
      vertex 39.56402609675347 0 10.184038001041813
      vertex 50 0 0
    endloop
  endfacet
  facet normal 0 -1 0
    outer loop
      vertex 39.56402609675347 0 10.184038001041813
      vertex 39.41056065741637 0 9.910005741136205
      vertex 50 0 0
    endloop
  endfacet
  facet normal 0 -1 0
    outer loop
      vertex 39.236067977499786 0 9.648858990830107
      vertex 39.04162386240012 0 9.402207806679264
      vertex 50 0 0
    endloop
  endfacet
  facet normal 0 -1 0
    outer loop
      vertex 38.82842712474619 0 9.17157287525381
      vertex 38.597792193320736 0 8.958376137599876
      vertex 50 0 0
    endloop
  endfacet
  facet normal 0 -1 0
    outer loop
      vertex 39.04162386240012 0 9.402207806679264
      vertex 38.82842712474619 0 9.17157287525381
      vertex 50 0 0
    endloop
  endfacet
  facet normal 0 -1 0
    outer loop
      vertex 34.46926627053964 0 8.304481869954852
      vertex 50 0 0
      vertex 34.763932022500214 0 8.195773934819385
    endloop
  endfacet
  facet normal 0 -1 0
    outer loop
      vertex 34.763932022500214 0 8.195773934819385
      vertex 50 0 0
      vertex 35.06621854457638 0 8.110520318409293
    endloop
  endfacet
  facet normal 0 -1 0
    outer loop
      vertex 35.06621854457638 0 8.110520318409293
      vertex 50 0 0
      vertex 35.374262139839075 0 8.049246637619449
    endloop
  endfacet
  facet normal 0 -1 0
    outer loop
      vertex 35.374262139839075 0 8.049246637619449
      vertex 50 0 0
      vertex 35.68616361708862 0 8.012330665067488
    endloop
  endfacet
  facet normal 0 -1 0
    outer loop
      vertex 35.68616361708862 0 8.012330665067488
      vertex 50 0 0
      vertex 36 0 8
    endloop
  endfacet
  facet normal 0 -1 0
    outer loop
      vertex 38.35114100916989 0 8.76393202250021
      vertex 38.0899942588638 0 8.589439342583631
      vertex 50 0 0
    endloop
  endfacet
  facet normal 0 -1 0
    outer loop
      vertex 37.236067977499786 0 8.195773934819385
      vertex 50 0 0
      vertex 37.53073372946036 0 8.304481869954852
    endloop
  endfacet
  facet normal 0 -1 0
    outer loop
      vertex 37.81596199895819 0 8.435973903246529
      vertex 37.53073372946036 0 8.304481869954852
      vertex 50 0 0
    endloop
  endfacet
  facet normal 0 -1 0
    outer loop
      vertex 38.0899942588638 0 8.589439342583631
      vertex 37.81596199895819 0 8.435973903246529
      vertex 50 0 0
    endloop
  endfacet
  facet normal 0 -1 0
    outer loop
      vertex 36 0 8
      vertex 50 0 0
      vertex 36.31383638291138 0 8.012330665067488
    endloop
  endfacet
  facet normal 0 -1 0
    outer loop
      vertex 36.31383638291138 0 8.012330665067488
      vertex 50 0 0
      vertex 36.625737860160925 0 8.049246637619449
    endloop
  endfacet
  facet normal 0 -1 0
    outer loop
      vertex 36.625737860160925 0 8.049246637619449
      vertex 50 0 0
      vertex 36.93378145542362 0 8.110520318409293
    endloop
  endfacet
  facet normal 0 -1 0
    outer loop
      vertex 37.236067977499786 0 8.195773934819385
      vertex 36.93378145542362 0 8.110520318409293
      vertex 50 0 0
    endloop
  endfacet
  facet normal 0 -1 0
    outer loop
      vertex 38.597792193320736 0 8.958376137599876
      vertex 38.35114100916989 0 8.76393202250021
      vertex 50 0 0
    endloop
  endfacet
  facet normal 0 -1 0
    outer loop
      vertex 39.977471198804814 0 11.6
      vertex 50 0 0
      vertex 50 0 11.6
    endloop
  endfacet
  facet normal 0 0 -1
    outer loop
      vertex 29.65302886467605 11.603142881444962 0
      vertex 43.866619537262665 10.305240532653682 0
      vertex 50 0 0
    endloop
  endfacet
  facet normal 0 0 -1
    outer loop
      vertex 29.65302886467605 11.603142881444962 0
      vertex 42.550511720598045 11.111752439982887 0
      vertex 42.62467110956259 11.000765071102796 0
    endloop
  endfacet
  facet normal 0 0 -1
    outer loop
      vertex 29.65302886467605 11.603142881444962 0
      vertex 43.22821615044277 10.485288908879774 0
      vertex 43.34943816497935 10.429404794730813 0
    endloop
  endfacet
  facet normal 0 0 -1
    outer loop
      vertex 29.65302886467605 11.603142881444962 0
      vertex 43.34943816497935 10.429404794730813 0
      vertex 43.47467110956259 10.38320392229824 0
    endloop
  endfacet
  facet normal 0 0 -1
    outer loop
      vertex 29.65302886467605 11.603142881444962 0
      vertex 43.47467110956259 10.38320392229824 0
      vertex 43.60314288144496 10.34697113532395 0
    endloop
  endfacet
  facet normal 0 0 -1
    outer loop
      vertex 29.65302886467605 11.603142881444962 0
      vertex 43.60314288144496 10.34697113532395 0
      vertex 43.73406140943161 10.320929820988265 0
    endloop
  endfacet
  facet normal 0 0 -1
    outer loop
      vertex 29.65302886467605 11.603142881444962 0
      vertex 42.79791847198287 10.79791847198287 0
      vertex 42.895938317838684 10.707309858479947 0
    endloop
  endfacet
  facet normal 0 0 -1
    outer loop
      vertex 29.65302886467605 11.603142881444962 0
      vertex 43.11175243998289 10.550511720598044 0
      vertex 43.22821615044277 10.485288908879774 0
    endloop
  endfacet
  facet normal 0 0 -1
    outer loop
      vertex 29.65302886467605 11.603142881444962 0
      vertex 43.0007650711028 10.62467110956259 0
      vertex 43.11175243998289 10.550511720598044 0
    endloop
  endfacet
  facet normal 0 0 -1
    outer loop
      vertex 29.65302886467605 11.603142881444962 0
      vertex 42.895938317838684 10.707309858479947 0
      vertex 43.0007650711028 10.62467110956259 0
    endloop
  endfacet
  facet normal 0 0 -1
    outer loop
      vertex 29.65302886467605 11.603142881444962 0
      vertex 42.707309858479945 10.895938317838688 0
      vertex 42.79791847198287 10.79791847198287 0
    endloop
  endfacet
  facet normal 0 0 -1
    outer loop
      vertex 29.65302886467605 11.603142881444962 0
      vertex 42.62467110956259 11.000765071102796 0
      vertex 42.707309858479945 10.895938317838688 0
    endloop
  endfacet
  facet normal 0 0 -1
    outer loop
      vertex 29.65302886467605 11.603142881444962 0
      vertex 42.485288908879774 11.22821615044277 0
      vertex 42.550511720598045 11.111752439982887 0
    endloop
  endfacet
  facet normal 0 0 -1
    outer loop
      vertex 29.65302886467605 11.603142881444962 0
      vertex 42.429404794730814 11.349438164979347 0
      vertex 42.485288908879774 11.22821615044277 0
    endloop
  endfacet
  facet normal 0 0 -1
    outer loop
      vertex 29.65302886467605 11.603142881444962 0
      vertex 42.383203922298236 11.474671109562589 0
      vertex 42.429404794730814 11.349438164979347 0
    endloop
  endfacet
  facet normal 0 0 -1
    outer loop
      vertex 29.65302886467605 11.603142881444962 0
      vertex 42.34697113532395 11.603142881444962 0
      vertex 42.383203922298236 11.474671109562589 0
    endloop
  endfacet
  facet normal 0 0 -1
    outer loop
      vertex 29.679070179011735 11.734061409431607 0
      vertex 42.32092982098827 11.734061409431607 0
      vertex 42.34697113532395 11.603142881444962 0
    endloop
  endfacet
  facet normal 0 0 -1
    outer loop
      vertex 29.694759467346316 11.866619537262663 0
      vertex 42.305240532653684 11.866619537262663 0
      vertex 42.32092982098827 11.734061409431607 0
    endloop
  endfacet
  facet normal 0 0 -1
    outer loop
      vertex 42.305240532653684 11.866619537262663 0
      vertex 29.7 12 0
      vertex 42.3 12 0
    endloop
  endfacet
  facet normal 0 0 -1
    outer loop
      vertex 29.65302886467605 11.603142881444962 0
      vertex 43.73406140943161 10.320929820988265 0
      vertex 43.866619537262665 10.305240532653682 0
    endloop
  endfacet
  facet normal 1 0 0
    outer loop
      vertex 50 0 11.6
      vertex 50 0 0
      vertex 50 24 0
    endloop
  endfacet
  facet normal 0 0 -1
    outer loop
      vertex 50 0 0
      vertex 43.866619537262665 10.305240532653682 0
      vertex 44 10.3 0
    endloop
  endfacet
  facet normal 0 0 -1
    outer loop
      vertex 50 0 0
      vertex 44 10.3 0
      vertex 44.133380462737335 10.305240532653682 0
    endloop
  endfacet
  facet normal 0 0 -1
    outer loop
      vertex 50 0 0
      vertex 44.133380462737335 10.305240532653682 0
      vertex 44.26593859056839 10.320929820988265 0
    endloop
  endfacet
  facet normal 0 0 -1
    outer loop
      vertex 50 0 0
      vertex 44.26593859056839 10.320929820988265 0
      vertex 44.39685711855504 10.34697113532395 0
    endloop
  endfacet
  facet normal 0 0 -1
    outer loop
      vertex 50 0 0
      vertex 44.39685711855504 10.34697113532395 0
      vertex 44.52532889043741 10.38320392229824 0
    endloop
  endfacet
  facet normal 0 0 -1
    outer loop
      vertex 50 0 0
      vertex 44.52532889043741 10.38320392229824 0
      vertex 44.65056183502065 10.429404794730813 0
    endloop
  endfacet
  facet normal 0 0 -1
    outer loop
      vertex 50 0 0
      vertex 44.65056183502065 10.429404794730813 0
      vertex 44.77178384955723 10.485288908879774 0
    endloop
  endfacet
  facet normal 0 0 -1
    outer loop
      vertex 50 0 0
      vertex 44.77178384955723 10.485288908879774 0
      vertex 44.88824756001711 10.550511720598044 0
    endloop
  endfacet
  facet normal 0 0 -1
    outer loop
      vertex 50 0 0
      vertex 44.88824756001711 10.550511720598044 0
      vertex 44.9992349288972 10.62467110956259 0
    endloop
  endfacet
  facet normal 0 0 -1
    outer loop
      vertex 50 0 0
      vertex 44.9992349288972 10.62467110956259 0
      vertex 45.104061682161316 10.707309858479947 0
    endloop
  endfacet
  facet normal 0 0 -1
    outer loop
      vertex 50 0 0
      vertex 45.104061682161316 10.707309858479947 0
      vertex 45.20208152801713 10.79791847198287 0
    endloop
  endfacet
  facet normal 0 0 -1
    outer loop
      vertex 50 0 0
      vertex 45.20208152801713 10.79791847198287 0
      vertex 45.292690141520055 10.895938317838688 0
    endloop
  endfacet
  facet normal 0 0 -1
    outer loop
      vertex 50 0 0
      vertex 45.292690141520055 10.895938317838688 0
      vertex 45.37532889043741 11.000765071102796 0
    endloop
  endfacet
  facet normal 0 0 -1
    outer loop
      vertex 50 0 0
      vertex 45.37532889043741 11.000765071102796 0
      vertex 45.449488279401955 11.111752439982887 0
    endloop
  endfacet
  facet normal 0 0 -1
    outer loop
      vertex 50 0 0
      vertex 45.449488279401955 11.111752439982887 0
      vertex 45.514711091120226 11.22821615044277 0
    endloop
  endfacet
  facet normal 0 0 -1
    outer loop
      vertex 50 0 0
      vertex 45.514711091120226 11.22821615044277 0
      vertex 45.570595205269186 11.349438164979347 0
    endloop
  endfacet
  facet normal 0 0 -1
    outer loop
      vertex 50 0 0
      vertex 45.570595205269186 11.349438164979347 0
      vertex 45.616796077701764 11.474671109562589 0
    endloop
  endfacet
  facet normal 0 0 -1
    outer loop
      vertex 50 0 0
      vertex 45.616796077701764 11.474671109562589 0
      vertex 45.65302886467605 11.603142881444962 0
    endloop
  endfacet
  facet normal 0 0 -1
    outer loop
      vertex 50 0 0
      vertex 45.65302886467605 11.603142881444962 0
      vertex 45.67907017901173 11.734061409431607 0
    endloop
  endfacet
  facet normal 0 0 -1
    outer loop
      vertex 50 0 0
      vertex 45.67907017901173 11.734061409431607 0
      vertex 45.694759467346316 11.866619537262663 0
    endloop
  endfacet
  facet normal 0 0 -1
    outer loop
      vertex 50 0 0
      vertex 45.694759467346316 11.866619537262663 0
      vertex 45.7 12 0
    endloop
  endfacet
  facet normal 0 0 -1
    outer loop
      vertex 50 0 0
      vertex 45.7 12 0
      vertex 45.694759467346316 12.133380462737337 0
    endloop
  endfacet
  facet normal 0 0 -1
    outer loop
      vertex 50 0 0
      vertex 45.694759467346316 12.133380462737337 0
      vertex 45.67907017901173 12.265938590568393 0
    endloop
  endfacet
  facet normal 0 0 -1
    outer loop
      vertex 50 0 0
      vertex 45.67907017901173 12.265938590568393 0
      vertex 45.65302886467605 12.396857118555038 0
    endloop
  endfacet
  facet normal 0 0 -1
    outer loop
      vertex 50 0 0
      vertex 45.65302886467605 12.396857118555038 0
      vertex 45.616796077701764 12.525328890437411 0
    endloop
  endfacet
  facet normal 0 0 -1
    outer loop
      vertex 29.7 12 0
      vertex 29.694759467346316 12.133380462737337 0
      vertex 42.3 12 0
    endloop
  endfacet
  facet normal 0 0 -1
    outer loop
      vertex 29.679070179011735 12.265938590568393 0
      vertex 42.305240532653684 12.133380462737337 0
      vertex 29.694759467346316 12.133380462737337 0
    endloop
  endfacet
  facet normal 0 0 -1
    outer loop
      vertex 29.679070179011735 12.265938590568393 0
      vertex 29.65302886467605 12.396857118555038 0
      vertex 42.32092982098827 12.265938590568393 0
    endloop
  endfacet
  facet normal 0 0 -1
    outer loop
      vertex 29.65302886467605 12.396857118555038 0
      vertex 29.61679607770176 12.525328890437411 0
      vertex 42.34697113532395 12.396857118555038 0
    endloop
  endfacet
  facet normal 0 0 -1
    outer loop
      vertex 29.61679607770176 12.525328890437411 0
      vertex 29.570595205269186 12.650561835020653 0
      vertex 42.383203922298236 12.525328890437411 0
    endloop
  endfacet
  facet normal 0 0 -1
    outer loop
      vertex 29.570595205269186 12.650561835020653 0
      vertex 29.514711091120226 12.77178384955723 0
      vertex 42.429404794730814 12.650561835020653 0
    endloop
  endfacet
  facet normal 0 0 -1
    outer loop
      vertex 28.888247560017113 13.449488279401956 0
      vertex 28.77178384955723 13.514711091120226 0
      vertex 43.11175243998289 13.449488279401956 0
    endloop
  endfacet
  facet normal 0 0 -1
    outer loop
      vertex 29.449488279401958 12.888247560017113 0
      vertex 42.485288908879774 12.77178384955723 0
      vertex 29.514711091120226 12.77178384955723 0
    endloop
  endfacet
  facet normal 0 0 -1
    outer loop
      vertex 29.449488279401958 12.888247560017113 0
      vertex 29.37532889043741 12.999234928897204 0
      vertex 42.550511720598045 12.888247560017113 0
    endloop
  endfacet
  facet normal 0 0 -1
    outer loop
      vertex 29.29269014152005 13.104061682161312 0
      vertex 42.62467110956259 12.999234928897204 0
      vertex 29.37532889043741 12.999234928897204 0
    endloop
  endfacet
  facet normal 0 0 -1
    outer loop
      vertex 29.29269014152005 13.104061682161312 0
      vertex 29.202081528017132 13.20208152801713 0
      vertex 42.707309858479945 13.104061682161312 0
    endloop
  endfacet
  facet normal 0 0 -1
    outer loop
      vertex 29.202081528017132 13.20208152801713 0
      vertex 29.104061682161312 13.292690141520053 0
      vertex 42.79791847198287 13.20208152801713 0
    endloop
  endfacet
  facet normal 0 0 -1
    outer loop
      vertex 29.104061682161312 13.292690141520053 0
      vertex 28.999234928897206 13.37532889043741 0
      vertex 42.895938317838684 13.292690141520053 0
    endloop
  endfacet
  facet normal 0 0 -1
    outer loop
      vertex 28.888247560017113 13.449488279401956 0
      vertex 43.0007650711028 13.37532889043741 0
      vertex 28.999234928897206 13.37532889043741 0
    endloop
  endfacet
  facet normal 0 0 -1
    outer loop
      vertex 28 13.7 0
      vertex 50 24 0
      vertex 28.133380462737335 13.694759467346318 0
    endloop
  endfacet
  facet normal 0 0 -1
    outer loop
      vertex 28.265938590568393 13.679070179011735 0
      vertex 28.133380462737335 13.694759467346318 0
      vertex 50 24 0
    endloop
  endfacet
  facet normal 0 0 -1
    outer loop
      vertex 28.650561835020653 13.570595205269187 0
      vertex 28.52532889043741 13.61679607770176 0
      vertex 50 24 0
    endloop
  endfacet
  facet normal 0 0 -1
    outer loop
      vertex 28.650561835020653 13.570595205269187 0
      vertex 50 24 0
      vertex 28.77178384955723 13.514711091120226 0
    endloop
  endfacet
  facet normal 0 0 -1
    outer loop
      vertex 28.39685711855504 13.65302886467605 0
      vertex 50 24 0
      vertex 28.52532889043741 13.61679607770176 0
    endloop
  endfacet
  facet normal 0 0 -1
    outer loop
      vertex 28.265938590568393 13.679070179011735 0
      vertex 50 24 0
      vertex 28.39685711855504 13.65302886467605 0
    endloop
  endfacet
  facet normal 0 0 -1
    outer loop
      vertex 12.37532889043741 20.999234928897206 0
      vertex 50 24 0
      vertex 28 13.7 0
    endloop
  endfacet
  facet normal 0 1 0
    outer loop
      vertex 0 24 0
      vertex 34.404368456589644 24 1.925578925929596
      vertex 50 24 0
    endloop
  endfacet
  facet normal 1 0 0
    outer loop
      vertex 50 0 11.6
      vertex 50 24 0
      vertex 50 24 11.6
    endloop
  endfacet
  facet normal 0 1 0
    outer loop
      vertex 50 24 11.6
      vertex 50 24 0
      vertex 43.200000000000045 24 4.775965963654322
    endloop
  endfacet
  facet normal 0 0 -1
    outer loop
      vertex 29.694759467346316 12.133380462737337 0
      vertex 42.305240532653684 12.133380462737337 0
      vertex 42.3 12 0
    endloop
  endfacet
  facet normal 0 0 -1
    outer loop
      vertex 29.679070179011735 12.265938590568393 0
      vertex 42.32092982098827 12.265938590568393 0
      vertex 42.305240532653684 12.133380462737337 0
    endloop
  endfacet
  facet normal 0 0 -1
    outer loop
      vertex 29.65302886467605 12.396857118555038 0
      vertex 42.34697113532395 12.396857118555038 0
      vertex 42.32092982098827 12.265938590568393 0
    endloop
  endfacet
  facet normal 0 0 -1
    outer loop
      vertex 29.61679607770176 12.525328890437411 0
      vertex 42.383203922298236 12.525328890437411 0
      vertex 42.34697113532395 12.396857118555038 0
    endloop
  endfacet
  facet normal 0 0 -1
    outer loop
      vertex 29.570595205269186 12.650561835020653 0
      vertex 42.429404794730814 12.650561835020653 0
      vertex 42.383203922298236 12.525328890437411 0
    endloop
  endfacet
  facet normal 0 0 -1
    outer loop
      vertex 29.514711091120226 12.77178384955723 0
      vertex 42.485288908879774 12.77178384955723 0
      vertex 42.429404794730814 12.650561835020653 0
    endloop
  endfacet
  facet normal 0 0 -1
    outer loop
      vertex 29.449488279401958 12.888247560017113 0
      vertex 42.550511720598045 12.888247560017113 0
      vertex 42.485288908879774 12.77178384955723 0
    endloop
  endfacet
  facet normal 0 0 -1
    outer loop
      vertex 29.37532889043741 12.999234928897204 0
      vertex 42.62467110956259 12.999234928897204 0
      vertex 42.550511720598045 12.888247560017113 0
    endloop
  endfacet
  facet normal 0 0 -1
    outer loop
      vertex 29.29269014152005 13.104061682161312 0
      vertex 42.707309858479945 13.104061682161312 0
      vertex 42.62467110956259 12.999234928897204 0
    endloop
  endfacet
  facet normal 0 0 -1
    outer loop
      vertex 29.202081528017132 13.20208152801713 0
      vertex 42.79791847198287 13.20208152801713 0
      vertex 42.707309858479945 13.104061682161312 0
    endloop
  endfacet
  facet normal 0 0 -1
    outer loop
      vertex 29.104061682161312 13.292690141520053 0
      vertex 42.895938317838684 13.292690141520053 0
      vertex 42.79791847198287 13.20208152801713 0
    endloop
  endfacet
  facet normal 0 0 -1
    outer loop
      vertex 28.999234928897206 13.37532889043741 0
      vertex 43.0007650711028 13.37532889043741 0
      vertex 42.895938317838684 13.292690141520053 0
    endloop
  endfacet
  facet normal 0 0 -1
    outer loop
      vertex 28.888247560017113 13.449488279401956 0
      vertex 43.11175243998289 13.449488279401956 0
      vertex 43.0007650711028 13.37532889043741 0
    endloop
  endfacet
  facet normal 0 0 -1
    outer loop
      vertex 28.77178384955723 13.514711091120226 0
      vertex 43.22821615044277 13.514711091120226 0
      vertex 43.11175243998289 13.449488279401956 0
    endloop
  endfacet
  facet normal 0 0 -1
    outer loop
      vertex 28.77178384955723 13.514711091120226 0
      vertex 50 24 0
      vertex 43.22821615044277 13.514711091120226 0
    endloop
  endfacet
  facet normal 0 0 -1
    outer loop
      vertex 50 0 0
      vertex 45.616796077701764 12.525328890437411 0
      vertex 50 24 0
    endloop
  endfacet
  facet normal 0 0 -1
    outer loop
      vertex 43.22821615044277 13.514711091120226 0
      vertex 50 24 0
      vertex 43.34943816497935 13.570595205269187 0
    endloop
  endfacet
  facet normal 0 0 -1
    outer loop
      vertex 43.34943816497935 13.570595205269187 0
      vertex 50 24 0
      vertex 43.47467110956259 13.61679607770176 0
    endloop
  endfacet
  facet normal 0 0 -1
    outer loop
      vertex 43.47467110956259 13.61679607770176 0
      vertex 50 24 0
      vertex 43.60314288144496 13.65302886467605 0
    endloop
  endfacet
  facet normal 0 0 -1
    outer loop
      vertex 43.60314288144496 13.65302886467605 0
      vertex 50 24 0
      vertex 43.73406140943161 13.679070179011735 0
    endloop
  endfacet
  facet normal 0 0 -1
    outer loop
      vertex 43.73406140943161 13.679070179011735 0
      vertex 50 24 0
      vertex 43.866619537262665 13.694759467346318 0
    endloop
  endfacet
  facet normal 0 0 -1
    outer loop
      vertex 43.866619537262665 13.694759467346318 0
      vertex 50 24 0
      vertex 44 13.7 0
    endloop
  endfacet
  facet normal 0 0 -1
    outer loop
      vertex 44 13.7 0
      vertex 50 24 0
      vertex 44.133380462737335 13.694759467346318 0
    endloop
  endfacet
  facet normal 0 0 -1
    outer loop
      vertex 45.292690141520055 13.104061682161312 0
      vertex 45.20208152801713 13.20208152801713 0
      vertex 50 24 0
    endloop
  endfacet
  facet normal 0 0 -1
    outer loop
      vertex 45.104061682161316 13.292690141520053 0
      vertex 50 24 0
      vertex 45.20208152801713 13.20208152801713 0
    endloop
  endfacet
  facet normal 0 0 -1
    outer loop
      vertex 44.52532889043741 13.61679607770176 0
      vertex 50 24 0
      vertex 44.65056183502065 13.570595205269187 0
    endloop
  endfacet
  facet normal 0 0 -1
    outer loop
      vertex 44.65056183502065 13.570595205269187 0
      vertex 50 24 0
      vertex 44.77178384955723 13.514711091120226 0
    endloop
  endfacet
  facet normal 0 0 -1
    outer loop
      vertex 44.133380462737335 13.694759467346318 0
      vertex 50 24 0
      vertex 44.26593859056839 13.679070179011735 0
    endloop
  endfacet
  facet normal 0 0 -1
    outer loop
      vertex 44.26593859056839 13.679070179011735 0
      vertex 50 24 0
      vertex 44.39685711855504 13.65302886467605 0
    endloop
  endfacet
  facet normal 0 0 -1
    outer loop
      vertex 44.39685711855504 13.65302886467605 0
      vertex 50 24 0
      vertex 44.52532889043741 13.61679607770176 0
    endloop
  endfacet
  facet normal 0 0 -1
    outer loop
      vertex 44.88824756001711 13.449488279401956 0
      vertex 50 24 0
      vertex 44.9992349288972 13.37532889043741 0
    endloop
  endfacet
  facet normal 0 0 -1
    outer loop
      vertex 44.88824756001711 13.449488279401956 0
      vertex 44.77178384955723 13.514711091120226 0
      vertex 50 24 0
    endloop
  endfacet
  facet normal 0 0 -1
    outer loop
      vertex 45.104061682161316 13.292690141520053 0
      vertex 44.9992349288972 13.37532889043741 0
      vertex 50 24 0
    endloop
  endfacet
  facet normal 0 0 -1
    outer loop
      vertex 45.616796077701764 12.525328890437411 0
      vertex 45.570595205269186 12.650561835020653 0
      vertex 50 24 0
    endloop
  endfacet
  facet normal 0 0 -1
    outer loop
      vertex 45.570595205269186 12.650561835020653 0
      vertex 45.514711091120226 12.77178384955723 0
      vertex 50 24 0
    endloop
  endfacet
  facet normal 0 0 -1
    outer loop
      vertex 45.449488279401955 12.888247560017113 0
      vertex 50 24 0
      vertex 45.514711091120226 12.77178384955723 0
    endloop
  endfacet
  facet normal 0 0 -1
    outer loop
      vertex 45.449488279401955 12.888247560017113 0
      vertex 45.37532889043741 12.999234928897204 0
      vertex 50 24 0
    endloop
  endfacet
  facet normal 0 0 -1
    outer loop
      vertex 45.292690141520055 13.104061682161312 0
      vertex 50 24 0
      vertex 45.37532889043741 12.999234928897204 0
    endloop
  endfacet
  facet normal 0 1 0
    outer loop
      vertex 34.404368456589644 24 1.925578925929596
      vertex 35.19971722357598 24 1.8314431959220947
      vertex 50 24 0
    endloop
  endfacet
  facet normal 0 1 0
    outer loop
      vertex 35.19971722357598 24 1.8314431959220947
      vertex 36 24 1.8000000000000007
      vertex 50 24 0
    endloop
  endfacet
  facet normal 0 1 0
    outer loop
      vertex 36.80028277642402 24 1.8314431959220947
      vertex 50 24 0
      vertex 36 24 1.8000000000000007
    endloop
  endfacet
  facet normal 0 1 0
    outer loop
      vertex 36.80028277642402 24 1.8314431959220947
      vertex 37.595631543410356 24 1.925578925929596
      vertex 50 24 0
    endloop
  endfacet
  facet normal 0 1 0
    outer loop
      vertex 37.595631543410356 24 1.925578925929596
      vertex 38.381142711330234 24 2.0818268119436993
      vertex 50 24 0
    endloop
  endfacet
  facet normal 0 1 0
    outer loop
      vertex 40.63070309734338 24 2.9117334532786483
      vertex 50 24 0
      vertex 39.90337101012391 24 2.5764287683848757
    endloop
  endfacet
  facet normal 0 1 0
    outer loop
      vertex 39.90337101012391 24 2.5764287683848757
      vertex 50 24 0
      vertex 39.151973342624466 24 2.2992235337894353
    endloop
  endfacet
  facet normal 0 1 0
    outer loop
      vertex 39.151973342624466 24 2.2992235337894353
      vertex 50 24 0
      vertex 38.381142711330234 24 2.0818268119436993
    endloop
  endfacet
  facet normal 0 1 0
    outer loop
      vertex 43.200000000000045 24 4.775965963654322
      vertex 50 24 0
      vertex 42.62437009296787 24 4.243859150879685
    endloop
  endfacet
  facet normal 0 1 0
    outer loop
      vertex 41.99540957338323 24 3.7480266573755365
      vertex 42.62437009296787 24 4.243859150879685
      vertex 50 24 0
    endloop
  endfacet
  facet normal 0 1 0
    outer loop
      vertex 41.99540957338323 24 3.7480266573755365
      vertex 50 24 0
      vertex 41.32948536010268 24 3.30307032358826
    endloop
  endfacet
  facet normal 0 1 0
    outer loop
      vertex 41.32948536010268 24 3.30307032358826
      vertex 50 24 0
      vertex 40.63070309734338 24 2.9117334532786483
    endloop
  endfacet
  facet normal 0 0.9930684569549258 0.11753739745784068
    outer loop
      vertex 0 8.022528801195186 11.6
      vertex 22 8.022528801195186 11.6
      vertex 0 8.049246637619449 11.374262139839077
    endloop
  endfacet
  facet normal 0 0.980785280403231 0.19509032201612603
    outer loop
      vertex 0 8.049246637619449 11.374262139839077
      vertex 22 8.049246637619449 11.374262139839077
      vertex 0 8.110520318409293 11.066218544576378
    endloop
  endfacet
  facet normal 0 0.9624552364536468 0.2714404498650758
    outer loop
      vertex 0 8.110520318409293 11.066218544576378
      vertex 22 8.110520318409293 11.066218544576378
      vertex 0 8.195773934819385 10.76393202250021
    endloop
  endfacet
  facet normal 0 0.9381913359224844 0.34611705707749224
    outer loop
      vertex 0 8.195773934819385 10.76393202250021
      vertex 22 8.195773934819385 10.76393202250021
      vertex 0 8.304481869954852 10.469266270539642
    endloop
  endfacet
  facet normal 0 0.9081431738250803 0.41865973753743047
    outer loop
      vertex 0 8.304481869954852 10.469266270539642
      vertex 22 8.304481869954852 10.469266270539642
      vertex 0 8.435973903246529 10.184038001041813
    endloop
  endfacet
  facet normal 0 0.8724960070727972 0.48862124149695474
    outer loop
      vertex 0 8.435973903246529 10.184038001041813
      vertex 22 8.435973903246529 10.184038001041813
      vertex 0 8.589439342583631 9.910005741136205
    endloop
  endfacet
  facet normal 0 0.8314696123025468 0.5555702330195998
    outer loop
      vertex 0 8.589439342583631 9.910005741136205
      vertex 22 8.589439342583631 9.910005741136205
      vertex 0 8.76393202250021 9.648858990830107
    endloop
  endfacet
  facet normal 0 0.7853169308807454 0.6190939493098334
    outer loop
      vertex 0 8.76393202250021 9.648858990830107
      vertex 22 8.76393202250021 9.648858990830107
      vertex 0 8.958376137599876 9.402207806679264
    endloop
  endfacet
  facet normal 0 0.7343225094356828 0.6788007455329447
    outer loop
      vertex 0 8.958376137599876 9.402207806679264
      vertex 22 8.958376137599876 9.402207806679264
      vertex 0 9.17157287525381 9.17157287525381
    endloop
  endfacet
  facet normal 0 0.6788007455329447 0.7343225094356828
    outer loop
      vertex 0 9.17157287525381 9.17157287525381
      vertex 22 9.17157287525381 9.17157287525381
      vertex 0 9.402207806679264 8.958376137599876
    endloop
  endfacet
  facet normal 0 0.6190939493098334 0.7853169308807454
    outer loop
      vertex 0 9.402207806679264 8.958376137599876
      vertex 22 9.402207806679264 8.958376137599876
      vertex 0 9.648858990830107 8.76393202250021
    endloop
  endfacet
  facet normal 0 0.5555702330195998 0.8314696123025468
    outer loop
      vertex 0 9.648858990830107 8.76393202250021
      vertex 22 9.648858990830107 8.76393202250021
      vertex 0 9.910005741136205 8.589439342583631
    endloop
  endfacet
  facet normal 0 0.48862124149695474 0.8724960070727972
    outer loop
      vertex 0 9.910005741136205 8.589439342583631
      vertex 22 9.910005741136205 8.589439342583631
      vertex 0 10.184038001041813 8.435973903246529
    endloop
  endfacet
  facet normal 0 0.41865973753743047 0.9081431738250803
    outer loop
      vertex 0 10.184038001041813 8.435973903246529
      vertex 22 10.184038001041813 8.435973903246529
      vertex 0 10.469266270539642 8.304481869954852
    endloop
  endfacet
  facet normal 0 0.34611705707749224 0.9381913359224844
    outer loop
      vertex 0 10.469266270539642 8.304481869954852
      vertex 22 10.469266270539642 8.304481869954852
      vertex 0 10.76393202250021 8.195773934819385
    endloop
  endfacet
  facet normal 0 0.2714404498650758 0.9624552364536468
    outer loop
      vertex 0 10.76393202250021 8.195773934819385
      vertex 22 10.76393202250021 8.195773934819385
      vertex 0 11.066218544576378 8.110520318409293
    endloop
  endfacet
  facet normal 0 0.19509032201612603 0.980785280403231
    outer loop
      vertex 0 11.066218544576378 8.110520318409293
      vertex 22 11.066218544576378 8.110520318409293
      vertex 0 11.374262139839077 8.049246637619449
    endloop
  endfacet
  facet normal 0 0.11753739745783834 0.9930684569549262
    outer loop
      vertex 0 11.374262139839077 8.049246637619449
      vertex 22 11.374262139839077 8.049246637619449
      vertex 0 11.68616361708862 8.012330665067488
    endloop
  endfacet
  facet normal 0 0.039259815759067423 0.999229036240723
    outer loop
      vertex 0 11.68616361708862 8.012330665067488
      vertex 22 11.68616361708862 8.012330665067488
      vertex 0 12 8
    endloop
  endfacet
  facet normal 0 0.9930684569549258 0.11753739745784068
    outer loop
      vertex 0 8.049246637619449 11.374262139839077
      vertex 22 8.022528801195186 11.6
      vertex 22 8.049246637619449 11.374262139839077
    endloop
  endfacet
  facet normal 0 0.980785280403231 0.19509032201612603
    outer loop
      vertex 0 8.110520318409293 11.066218544576378
      vertex 22 8.049246637619449 11.374262139839077
      vertex 22 8.110520318409293 11.066218544576378
    endloop
  endfacet
  facet normal 0 0.9624552364536468 0.2714404498650758
    outer loop
      vertex 0 8.195773934819385 10.76393202250021
      vertex 22 8.110520318409293 11.066218544576378
      vertex 22 8.195773934819385 10.76393202250021
    endloop
  endfacet
  facet normal 0 0.9381913359224844 0.34611705707749224
    outer loop
      vertex 0 8.304481869954852 10.469266270539642
      vertex 22 8.195773934819385 10.76393202250021
      vertex 22 8.304481869954852 10.469266270539642
    endloop
  endfacet
  facet normal 0 0.9081431738250803 0.41865973753743047
    outer loop
      vertex 0 8.435973903246529 10.184038001041813
      vertex 22 8.304481869954852 10.469266270539642
      vertex 22 8.435973903246529 10.184038001041813
    endloop
  endfacet
  facet normal 0 0.8724960070727972 0.48862124149695474
    outer loop
      vertex 0 8.589439342583631 9.910005741136205
      vertex 22 8.435973903246529 10.184038001041813
      vertex 22 8.589439342583631 9.910005741136205
    endloop
  endfacet
  facet normal 0 0.8314696123025468 0.5555702330195998
    outer loop
      vertex 0 8.76393202250021 9.648858990830107
      vertex 22 8.589439342583631 9.910005741136205
      vertex 22 8.76393202250021 9.648858990830107
    endloop
  endfacet
  facet normal 0 0.7853169308807454 0.6190939493098334
    outer loop
      vertex 0 8.958376137599876 9.402207806679264
      vertex 22 8.76393202250021 9.648858990830107
      vertex 22 8.958376137599876 9.402207806679264
    endloop
  endfacet
  facet normal 0 0.7343225094356828 0.6788007455329447
    outer loop
      vertex 0 9.17157287525381 9.17157287525381
      vertex 22 8.958376137599876 9.402207806679264
      vertex 22 9.17157287525381 9.17157287525381
    endloop
  endfacet
  facet normal 0 0.6788007455329447 0.7343225094356828
    outer loop
      vertex 0 9.402207806679264 8.958376137599876
      vertex 22 9.17157287525381 9.17157287525381
      vertex 22 9.402207806679264 8.958376137599876
    endloop
  endfacet
  facet normal 0 0.6190939493098334 0.7853169308807454
    outer loop
      vertex 0 9.648858990830107 8.76393202250021
      vertex 22 9.402207806679264 8.958376137599876
      vertex 22 9.648858990830107 8.76393202250021
    endloop
  endfacet
  facet normal 0 0.5555702330195998 0.8314696123025468
    outer loop
      vertex 0 9.910005741136205 8.589439342583631
      vertex 22 9.648858990830107 8.76393202250021
      vertex 22 9.910005741136205 8.589439342583631
    endloop
  endfacet
  facet normal 0 0.48862124149695474 0.8724960070727972
    outer loop
      vertex 0 10.184038001041813 8.435973903246529
      vertex 22 9.910005741136205 8.589439342583631
      vertex 22 10.184038001041813 8.435973903246529
    endloop
  endfacet
  facet normal 0 0.41865973753743047 0.9081431738250803
    outer loop
      vertex 0 10.469266270539642 8.304481869954852
      vertex 22 10.184038001041813 8.435973903246529
      vertex 22 10.469266270539642 8.304481869954852
    endloop
  endfacet
  facet normal 0 0.34611705707749224 0.9381913359224844
    outer loop
      vertex 0 10.76393202250021 8.195773934819385
      vertex 22 10.469266270539642 8.304481869954852
      vertex 22 10.76393202250021 8.195773934819385
    endloop
  endfacet
  facet normal 0 0.2714404498650758 0.9624552364536468
    outer loop
      vertex 0 11.066218544576378 8.110520318409293
      vertex 22 10.76393202250021 8.195773934819385
      vertex 22 11.066218544576378 8.110520318409293
    endloop
  endfacet
  facet normal 0 0.19509032201612603 0.980785280403231
    outer loop
      vertex 0 11.374262139839077 8.049246637619449
      vertex 22 11.066218544576378 8.110520318409293
      vertex 22 11.374262139839077 8.049246637619449
    endloop
  endfacet
  facet normal 0 0.11753739745783834 0.9930684569549262
    outer loop
      vertex 0 11.68616361708862 8.012330665067488
      vertex 22 11.374262139839077 8.049246637619449
      vertex 22 11.68616361708862 8.012330665067488
    endloop
  endfacet
  facet normal 0 0.039259815759067423 0.999229036240723
    outer loop
      vertex 22 11.68616361708862 8.012330665067488
      vertex 22 12 8
      vertex 0 12 8
    endloop
  endfacet
  facet normal -1 0 0
    outer loop
      vertex 22 8.022528801195186 11.6
      vertex 22 15.977471198804814 11.6
      vertex 22 8.049246637619449 11.374262139839077
    endloop
  endfacet
  facet normal -1 0 0
    outer loop
      vertex 22 8.049246637619449 11.374262139839077
      vertex 22 15.950753362380551 11.374262139839077
      vertex 22 8.110520318409293 11.066218544576378
    endloop
  endfacet
  facet normal -1 0 0
    outer loop
      vertex 22 8.110520318409293 11.066218544576378
      vertex 22 15.889479681590707 11.066218544576378
      vertex 22 8.195773934819385 10.76393202250021
    endloop
  endfacet
  facet normal -1 0 0
    outer loop
      vertex 22 8.195773934819385 10.76393202250021
      vertex 22 15.804226065180615 10.76393202250021
      vertex 22 8.304481869954852 10.469266270539642
    endloop
  endfacet
  facet normal -1 0 0
    outer loop
      vertex 22 8.304481869954852 10.469266270539642
      vertex 22 15.695518130045148 10.469266270539642
      vertex 22 8.435973903246529 10.184038001041813
    endloop
  endfacet
  facet normal -1 0 0
    outer loop
      vertex 22 8.435973903246529 10.184038001041813
      vertex 22 15.564026096753471 10.184038001041813
      vertex 22 8.589439342583631 9.910005741136205
    endloop
  endfacet
  facet normal -1 0 0
    outer loop
      vertex 22 8.589439342583631 9.910005741136205
      vertex 22 15.410560657416369 9.910005741136205
      vertex 22 8.76393202250021 9.648858990830107
    endloop
  endfacet
  facet normal -1 0 0
    outer loop
      vertex 22 8.76393202250021 9.648858990830107
      vertex 22 15.23606797749979 9.648858990830107
      vertex 22 8.958376137599876 9.402207806679264
    endloop
  endfacet
  facet normal -1 0 0
    outer loop
      vertex 22 8.958376137599876 9.402207806679264
      vertex 22 15.041623862400124 9.402207806679264
      vertex 22 9.17157287525381 9.17157287525381
    endloop
  endfacet
  facet normal -1 0 0
    outer loop
      vertex 22 9.17157287525381 9.17157287525381
      vertex 22 14.82842712474619 9.17157287525381
      vertex 22 9.402207806679264 8.958376137599876
    endloop
  endfacet
  facet normal -1 0 0
    outer loop
      vertex 22 9.402207806679264 8.958376137599876
      vertex 22 14.597792193320736 8.958376137599876
      vertex 22 9.648858990830107 8.76393202250021
    endloop
  endfacet
  facet normal -1 0 0
    outer loop
      vertex 22 9.648858990830107 8.76393202250021
      vertex 22 14.351141009169893 8.76393202250021
      vertex 22 9.910005741136205 8.589439342583631
    endloop
  endfacet
  facet normal -1 0 0
    outer loop
      vertex 22 9.910005741136205 8.589439342583631
      vertex 22 14.089994258863795 8.589439342583631
      vertex 22 10.184038001041813 8.435973903246529
    endloop
  endfacet
  facet normal -1 0 0
    outer loop
      vertex 22 10.184038001041813 8.435973903246529
      vertex 22 13.815961998958187 8.435973903246529
      vertex 22 10.469266270539642 8.304481869954852
    endloop
  endfacet
  facet normal -1 0 0
    outer loop
      vertex 22 10.469266270539642 8.304481869954852
      vertex 22 13.530733729460358 8.304481869954852
      vertex 22 10.76393202250021 8.195773934819385
    endloop
  endfacet
  facet normal -1 0 0
    outer loop
      vertex 22 10.76393202250021 8.195773934819385
      vertex 22 13.23606797749979 8.195773934819385
      vertex 22 11.066218544576378 8.110520318409293
    endloop
  endfacet
  facet normal -1 0 0
    outer loop
      vertex 22 11.066218544576378 8.110520318409293
      vertex 22 12.933781455423622 8.110520318409293
      vertex 22 11.374262139839077 8.049246637619449
    endloop
  endfacet
  facet normal -1 0 0
    outer loop
      vertex 22 11.374262139839077 8.049246637619449
      vertex 22 12.625737860160923 8.049246637619449
      vertex 22 11.68616361708862 8.012330665067488
    endloop
  endfacet
  facet normal 0 -0.9930684569549258 0.11753739745784068
    outer loop
      vertex 0 15.977471198804814 11.6
      vertex 0 15.950753362380551 11.374262139839077
      vertex 22 15.950753362380551 11.374262139839077
    endloop
  endfacet
  facet normal 0 -0.980785280403231 0.19509032201612603
    outer loop
      vertex 0 15.950753362380551 11.374262139839077
      vertex 0 15.889479681590707 11.066218544576378
      vertex 22 15.889479681590707 11.066218544576378
    endloop
  endfacet
  facet normal 0 -0.9381913359224844 0.34611705707749224
    outer loop
      vertex 0 15.804226065180615 10.76393202250021
      vertex 0 15.695518130045148 10.469266270539642
      vertex 22 15.695518130045148 10.469266270539642
    endloop
  endfacet
  facet normal 0 -0.9624552364536468 0.2714404498650758
    outer loop
      vertex 0 15.889479681590707 11.066218544576378
      vertex 0 15.804226065180615 10.76393202250021
      vertex 22 15.804226065180615 10.76393202250021
    endloop
  endfacet
  facet normal 0 -0.9081431738250803 0.41865973753743047
    outer loop
      vertex 0 15.695518130045148 10.469266270539642
      vertex 0 15.564026096753471 10.184038001041813
      vertex 22 15.564026096753471 10.184038001041813
    endloop
  endfacet
  facet normal 0 -0.8724960070727972 0.48862124149695474
    outer loop
      vertex 0 15.564026096753471 10.184038001041813
      vertex 0 15.410560657416369 9.910005741136205
      vertex 22 15.410560657416369 9.910005741136205
    endloop
  endfacet
  facet normal 0 -0.7343225094356828 0.6788007455329447
    outer loop
      vertex 0 14.82842712474619 9.17157287525381
      vertex 22 14.82842712474619 9.17157287525381
      vertex 0 15.041623862400124 9.402207806679264
    endloop
  endfacet
  facet normal 0 -0.6788007455329447 0.7343225094356828
    outer loop
      vertex 0 14.82842712474619 9.17157287525381
      vertex 0 14.597792193320736 8.958376137599876
      vertex 22 14.597792193320736 8.958376137599876
    endloop
  endfacet
  facet normal 0 -0.039259815759067423 0.999229036240723
    outer loop
      vertex 0 12 8
      vertex 22 12 8
      vertex 0 12.31383638291138 8.012330665067488
    endloop
  endfacet
  facet normal 0 -0.11753739745783834 0.9930684569549262
    outer loop
      vertex 0 12.31383638291138 8.012330665067488
      vertex 22 12.31383638291138 8.012330665067488
      vertex 0 12.625737860160923 8.049246637619449
    endloop
  endfacet
  facet normal 0 -0.19509032201612603 0.980785280403231
    outer loop
      vertex 0 12.625737860160923 8.049246637619449
      vertex 22 12.625737860160923 8.049246637619449
      vertex 0 12.933781455423622 8.110520318409293
    endloop
  endfacet
  facet normal 0 -0.2714404498650758 0.9624552364536468
    outer loop
      vertex 0 13.23606797749979 8.195773934819385
      vertex 0 12.933781455423622 8.110520318409293
      vertex 22 12.933781455423622 8.110520318409293
    endloop
  endfacet
  facet normal 0 -0.34611705707749224 0.9381913359224844
    outer loop
      vertex 0 13.23606797749979 8.195773934819385
      vertex 22 13.23606797749979 8.195773934819385
      vertex 0 13.530733729460358 8.304481869954852
    endloop
  endfacet
  facet normal 0 -0.5555702330195998 0.8314696123025468
    outer loop
      vertex 0 14.351141009169893 8.76393202250021
      vertex 0 14.089994258863795 8.589439342583631
      vertex 22 14.089994258863795 8.589439342583631
    endloop
  endfacet
  facet normal 0 -0.6190939493098334 0.7853169308807454
    outer loop
      vertex 0 14.597792193320736 8.958376137599876
      vertex 0 14.351141009169893 8.76393202250021
      vertex 22 14.351141009169893 8.76393202250021
    endloop
  endfacet
  facet normal 0 -0.41865973753743047 0.9081431738250803
    outer loop
      vertex 0 13.815961998958187 8.435973903246529
      vertex 0 13.530733729460358 8.304481869954852
      vertex 22 13.530733729460358 8.304481869954852
    endloop
  endfacet
  facet normal 0 -0.48862124149695474 0.8724960070727972
    outer loop
      vertex 0 14.089994258863795 8.589439342583631
      vertex 0 13.815961998958187 8.435973903246529
      vertex 22 13.815961998958187 8.435973903246529
    endloop
  endfacet
  facet normal 0 -0.8314696123025468 0.5555702330195998
    outer loop
      vertex 0 15.410560657416369 9.910005741136205
      vertex 0 15.23606797749979 9.648858990830107
      vertex 22 15.23606797749979 9.648858990830107
    endloop
  endfacet
  facet normal 0 -0.7853169308807454 0.6190939493098334
    outer loop
      vertex 0 15.23606797749979 9.648858990830107
      vertex 0 15.041623862400124 9.402207806679264
      vertex 22 15.041623862400124 9.402207806679264
    endloop
  endfacet
  facet normal 0 -0.9930684569549258 0.11753739745784068
    outer loop
      vertex 0 15.977471198804814 11.6
      vertex 22 15.950753362380551 11.374262139839077
      vertex 22 15.977471198804814 11.6
    endloop
  endfacet
  facet normal 0 -0.980785280403231 0.19509032201612603
    outer loop
      vertex 0 15.950753362380551 11.374262139839077
      vertex 22 15.889479681590707 11.066218544576378
      vertex 22 15.950753362380551 11.374262139839077
    endloop
  endfacet
  facet normal 0 -0.9624552364536468 0.2714404498650758
    outer loop
      vertex 0 15.889479681590707 11.066218544576378
      vertex 22 15.804226065180615 10.76393202250021
      vertex 22 15.889479681590707 11.066218544576378
    endloop
  endfacet
  facet normal 0 -0.9381913359224844 0.34611705707749224
    outer loop
      vertex 0 15.804226065180615 10.76393202250021
      vertex 22 15.695518130045148 10.469266270539642
      vertex 22 15.804226065180615 10.76393202250021
    endloop
  endfacet
  facet normal 0 -0.9081431738250803 0.41865973753743047
    outer loop
      vertex 0 15.695518130045148 10.469266270539642
      vertex 22 15.564026096753471 10.184038001041813
      vertex 22 15.695518130045148 10.469266270539642
    endloop
  endfacet
  facet normal 0 -0.8724960070727972 0.48862124149695474
    outer loop
      vertex 0 15.564026096753471 10.184038001041813
      vertex 22 15.410560657416369 9.910005741136205
      vertex 22 15.564026096753471 10.184038001041813
    endloop
  endfacet
  facet normal 0 -0.7343225094356828 0.6788007455329447
    outer loop
      vertex 0 15.041623862400124 9.402207806679264
      vertex 22 14.82842712474619 9.17157287525381
      vertex 22 15.041623862400124 9.402207806679264
    endloop
  endfacet
  facet normal 0 -0.6788007455329447 0.7343225094356828
    outer loop
      vertex 0 14.82842712474619 9.17157287525381
      vertex 22 14.597792193320736 8.958376137599876
      vertex 22 14.82842712474619 9.17157287525381
    endloop
  endfacet
  facet normal 0 -0.039259815759067423 0.999229036240723
    outer loop
      vertex 0 12.31383638291138 8.012330665067488
      vertex 22 12 8
      vertex 22 12.31383638291138 8.012330665067488
    endloop
  endfacet
  facet normal 0 -0.11753739745783834 0.9930684569549262
    outer loop
      vertex 0 12.625737860160923 8.049246637619449
      vertex 22 12.31383638291138 8.012330665067488
      vertex 22 12.625737860160923 8.049246637619449
    endloop
  endfacet
  facet normal 0 -0.34611705707749224 0.9381913359224844
    outer loop
      vertex 0 13.530733729460358 8.304481869954852
      vertex 22 13.23606797749979 8.195773934819385
      vertex 22 13.530733729460358 8.304481869954852
    endloop
  endfacet
  facet normal 0 -0.19509032201612603 0.980785280403231
    outer loop
      vertex 0 12.933781455423622 8.110520318409293
      vertex 22 12.625737860160923 8.049246637619449
      vertex 22 12.933781455423622 8.110520318409293
    endloop
  endfacet
  facet normal 0 -0.2714404498650758 0.9624552364536468
    outer loop
      vertex 0 13.23606797749979 8.195773934819385
      vertex 22 12.933781455423622 8.110520318409293
      vertex 22 13.23606797749979 8.195773934819385
    endloop
  endfacet
  facet normal 0 -0.48862124149695474 0.8724960070727972
    outer loop
      vertex 0 14.089994258863795 8.589439342583631
      vertex 22 13.815961998958187 8.435973903246529
      vertex 22 14.089994258863795 8.589439342583631
    endloop
  endfacet
  facet normal 0 -0.6190939493098334 0.7853169308807454
    outer loop
      vertex 0 14.597792193320736 8.958376137599876
      vertex 22 14.351141009169893 8.76393202250021
      vertex 22 14.597792193320736 8.958376137599876
    endloop
  endfacet
  facet normal 0 -0.5555702330195998 0.8314696123025468
    outer loop
      vertex 0 14.351141009169893 8.76393202250021
      vertex 22 14.089994258863795 8.589439342583631
      vertex 22 14.351141009169893 8.76393202250021
    endloop
  endfacet
  facet normal 0 -0.41865973753743047 0.9081431738250803
    outer loop
      vertex 0 13.815961998958187 8.435973903246529
      vertex 22 13.530733729460358 8.304481869954852
      vertex 22 13.815961998958187 8.435973903246529
    endloop
  endfacet
  facet normal 0 -0.8314696123025468 0.5555702330195998
    outer loop
      vertex 0 15.410560657416369 9.910005741136205
      vertex 22 15.23606797749979 9.648858990830107
      vertex 22 15.410560657416369 9.910005741136205
    endloop
  endfacet
  facet normal 0 -0.7853169308807454 0.6190939493098334
    outer loop
      vertex 0 15.23606797749979 9.648858990830107
      vertex 22 15.041623862400124 9.402207806679264
      vertex 22 15.23606797749979 9.648858990830107
    endloop
  endfacet
  facet normal -1 0 0
    outer loop
      vertex 22 8.049246637619449 11.374262139839077
      vertex 22 15.977471198804814 11.6
      vertex 22 15.950753362380551 11.374262139839077
    endloop
  endfacet
  facet normal -1 0 0
    outer loop
      vertex 22 8.110520318409293 11.066218544576378
      vertex 22 15.950753362380551 11.374262139839077
      vertex 22 15.889479681590707 11.066218544576378
    endloop
  endfacet
  facet normal -1 0 0
    outer loop
      vertex 22 8.195773934819385 10.76393202250021
      vertex 22 15.889479681590707 11.066218544576378
      vertex 22 15.804226065180615 10.76393202250021
    endloop
  endfacet
  facet normal -1 0 0
    outer loop
      vertex 22 8.304481869954852 10.469266270539642
      vertex 22 15.804226065180615 10.76393202250021
      vertex 22 15.695518130045148 10.469266270539642
    endloop
  endfacet
  facet normal -1 0 0
    outer loop
      vertex 22 8.435973903246529 10.184038001041813
      vertex 22 15.695518130045148 10.469266270539642
      vertex 22 15.564026096753471 10.184038001041813
    endloop
  endfacet
  facet normal -1 0 0
    outer loop
      vertex 22 8.589439342583631 9.910005741136205
      vertex 22 15.564026096753471 10.184038001041813
      vertex 22 15.410560657416369 9.910005741136205
    endloop
  endfacet
  facet normal -1 0 0
    outer loop
      vertex 22 8.76393202250021 9.648858990830107
      vertex 22 15.410560657416369 9.910005741136205
      vertex 22 15.23606797749979 9.648858990830107
    endloop
  endfacet
  facet normal -1 0 0
    outer loop
      vertex 22 8.958376137599876 9.402207806679264
      vertex 22 15.23606797749979 9.648858990830107
      vertex 22 15.041623862400124 9.402207806679264
    endloop
  endfacet
  facet normal -1 0 0
    outer loop
      vertex 22 9.17157287525381 9.17157287525381
      vertex 22 15.041623862400124 9.402207806679264
      vertex 22 14.82842712474619 9.17157287525381
    endloop
  endfacet
  facet normal -1 0 0
    outer loop
      vertex 22 9.402207806679264 8.958376137599876
      vertex 22 14.82842712474619 9.17157287525381
      vertex 22 14.597792193320736 8.958376137599876
    endloop
  endfacet
  facet normal -1 0 0
    outer loop
      vertex 22 9.648858990830107 8.76393202250021
      vertex 22 14.597792193320736 8.958376137599876
      vertex 22 14.351141009169893 8.76393202250021
    endloop
  endfacet
  facet normal -1 0 0
    outer loop
      vertex 22 9.910005741136205 8.589439342583631
      vertex 22 14.351141009169893 8.76393202250021
      vertex 22 14.089994258863795 8.589439342583631
    endloop
  endfacet
  facet normal -1 0 0
    outer loop
      vertex 22 10.184038001041813 8.435973903246529
      vertex 22 14.089994258863795 8.589439342583631
      vertex 22 13.815961998958187 8.435973903246529
    endloop
  endfacet
  facet normal -1 0 0
    outer loop
      vertex 22 10.469266270539642 8.304481869954852
      vertex 22 13.815961998958187 8.435973903246529
      vertex 22 13.530733729460358 8.304481869954852
    endloop
  endfacet
  facet normal -1 0 0
    outer loop
      vertex 22 11.68616361708862 8.012330665067488
      vertex 22 12.31383638291138 8.012330665067488
      vertex 22 12 8
    endloop
  endfacet
  facet normal -1 0 0
    outer loop
      vertex 22 11.374262139839077 8.049246637619449
      vertex 22 12.933781455423622 8.110520318409293
      vertex 22 12.625737860160923 8.049246637619449
    endloop
  endfacet
  facet normal -1 0 0
    outer loop
      vertex 22 11.68616361708862 8.012330665067488
      vertex 22 12.625737860160923 8.049246637619449
      vertex 22 12.31383638291138 8.012330665067488
    endloop
  endfacet
  facet normal -1 0 0
    outer loop
      vertex 22 10.76393202250021 8.195773934819385
      vertex 22 13.530733729460358 8.304481869954852
      vertex 22 13.23606797749979 8.195773934819385
    endloop
  endfacet
  facet normal -1 0 0
    outer loop
      vertex 22 11.066218544576378 8.110520318409293
      vertex 22 13.23606797749979 8.195773934819385
      vertex 22 12.933781455423622 8.110520318409293
    endloop
  endfacet
  facet normal 0.9930684569549268 0 0.11753739745783298
    outer loop
      vertex 32.022528801195186 0 11.6
      vertex 32.04924663761945 0 11.374262139839077
      vertex 32.04924663761945 19.5 11.374262139839077
    endloop
  endfacet
  facet normal 0.9807852804032299 0 0.19509032201613147
    outer loop
      vertex 32.04924663761945 0 11.374262139839077
      vertex 32.11052031840929 0 11.066218544576378
      vertex 32.11052031840929 19.5 11.066218544576378
    endloop
  endfacet
  facet normal 0.9624552364536468 0 0.2714404498650758
    outer loop
      vertex 32.11052031840929 0 11.066218544576378
      vertex 32.195773934819385 0 10.76393202250021
      vertex 32.195773934819385 19.5 10.76393202250021
    endloop
  endfacet
  facet normal 0.9381913359224807 0 0.3461170570775022
    outer loop
      vertex 32.195773934819385 0 10.76393202250021
      vertex 32.304481869954856 0 10.469266270539642
      vertex 32.304481869954856 19.5 10.469266270539642
    endloop
  endfacet
  facet normal 0.9081431738250867 0 0.4186597375374165
    outer loop
      vertex 32.304481869954856 0 10.469266270539642
      vertex 32.43597390324653 0 10.184038001041813
      vertex 32.43597390324653 19.5 10.184038001041813
    endloop
  endfacet
  facet normal 0.8724960070727947 0 0.48862124149695907
    outer loop
      vertex 32.43597390324653 0 10.184038001041813
      vertex 32.58943934258363 0 9.910005741136205
      vertex 32.58943934258363 19.5 9.910005741136205
    endloop
  endfacet
  facet normal 0.8314696123025417 0 0.5555702330196077
    outer loop
      vertex 32.58943934258363 0 9.910005741136205
      vertex 32.763932022500214 0 9.648858990830107
      vertex 32.763932022500214 19.5 9.648858990830107
    endloop
  endfacet
  facet normal 0.7853169308807482 0 0.61909394930983
    outer loop
      vertex 32.763932022500214 0 9.648858990830107
      vertex 32.95837613759988 0 9.402207806679264
      vertex 32.95837613759988 19.5 9.402207806679264
    endloop
  endfacet
  facet normal 0.7343225094356884 0 0.6788007455329387
    outer loop
      vertex 32.95837613759988 0 9.402207806679264
      vertex 33.17157287525381 0 9.17157287525381
      vertex 33.17157287525381 19.5 9.17157287525381
    endloop
  endfacet
  facet normal 0.6788007455329419 0 0.7343225094356853
    outer loop
      vertex 33.17157287525381 0 9.17157287525381
      vertex 33.402207806679264 0 8.958376137599876
      vertex 33.402207806679264 19.5 8.958376137599876
    endloop
  endfacet
  facet normal 0.6190939493098334 0 0.7853169308807454
    outer loop
      vertex 33.402207806679264 0 8.958376137599876
      vertex 33.64885899083011 0 8.76393202250021
      vertex 33.64885899083011 19.5 8.76393202250021
    endloop
  endfacet
  facet normal 0.5555702330196024 0 0.831469612302545
    outer loop
      vertex 33.64885899083011 0 8.76393202250021
      vertex 33.9100057411362 0 8.589439342583631
      vertex 33.9100057411362 19.5 8.589439342583631
    endloop
  endfacet
  facet normal 0.48862124149695235 0 0.8724960070727985
    outer loop
      vertex 33.9100057411362 0 8.589439342583631
      vertex 34.18403800104181 0 8.435973903246529
      vertex 34.18403800104181 19.5 8.435973903246529
    endloop
  endfacet
  facet normal 0.41865973753743047 0 0.9081431738250803
    outer loop
      vertex 34.18403800104181 0 8.435973903246529
      vertex 34.46926627053964 0 8.304481869954852
      vertex 34.46926627053964 19.5 8.304481869954852
    endloop
  endfacet
  facet normal 0.3461170570774885 0 0.9381913359224857
    outer loop
      vertex 34.46926627053964 0 8.304481869954852
      vertex 34.763932022500214 0 8.195773934819385
      vertex 34.763932022500214 19.5 8.195773934819385
    endloop
  endfacet
  facet normal 0.2714404498650773 0 0.9624552364536465
    outer loop
      vertex 34.763932022500214 0 8.195773934819385
      vertex 35.06621854457638 0 8.110520318409293
      vertex 35.06621854457638 19.5 8.110520318409293
    endloop
  endfacet
  facet normal 0.1950903220161282 0 0.9807852804032305
    outer loop
      vertex 35.06621854457638 0 8.110520318409293
      vertex 35.374262139839075 0 8.049246637619449
      vertex 35.374262139839075 19.5 8.049246637619449
    endloop
  endfacet
  facet normal 0.117537397457839 0 0.9930684569549261
    outer loop
      vertex 35.374262139839075 0 8.049246637619449
      vertex 35.68616361708862 0 8.012330665067488
      vertex 35.68616361708862 19.5 8.012330665067488
    endloop
  endfacet
  facet normal 0.03925981575906697 0 0.999229036240723
    outer loop
      vertex 35.68616361708862 0 8.012330665067488
      vertex 36 0 8
      vertex 36 19.5 8
    endloop
  endfacet
  facet normal -0.03925981575906697 0 0.999229036240723
    outer loop
      vertex 36 0 8
      vertex 36.31383638291138 0 8.012330665067488
      vertex 36.31383638291138 19.5 8.012330665067488
    endloop
  endfacet
  facet normal -0.117537397457839 0 0.9930684569549261
    outer loop
      vertex 36.31383638291138 0 8.012330665067488
      vertex 36.625737860160925 0 8.049246637619449
      vertex 36.625737860160925 19.5 8.049246637619449
    endloop
  endfacet
  facet normal -0.3461170570774885 0 0.9381913359224857
    outer loop
      vertex 37.236067977499786 0 8.195773934819385
      vertex 37.53073372946036 0 8.304481869954852
      vertex 37.53073372946036 19.5 8.304481869954852
    endloop
  endfacet
  facet normal -0.1950903220161282 0 0.9807852804032305
    outer loop
      vertex 36.625737860160925 0 8.049246637619449
      vertex 36.93378145542362 0 8.110520318409293
      vertex 36.93378145542362 19.5 8.110520318409293
    endloop
  endfacet
  facet normal -0.2714404498650773 0 0.9624552364536465
    outer loop
      vertex 37.236067977499786 0 8.195773934819385
      vertex 37.236067977499786 19.5 8.195773934819385
      vertex 36.93378145542362 0 8.110520318409293
    endloop
  endfacet
  facet normal -0.9930684569549268 0 0.11753739745783298
    outer loop
      vertex 39.977471198804814 0 11.6
      vertex 39.977471198804814 19.5 11.6
      vertex 39.95075336238055 0 11.374262139839077
    endloop
  endfacet
  facet normal -0.9807852804032299 0 0.19509032201613147
    outer loop
      vertex 39.95075336238055 0 11.374262139839077
      vertex 39.95075336238055 19.5 11.374262139839077
      vertex 39.88947968159071 0 11.066218544576378
    endloop
  endfacet
  facet normal -0.9381913359224807 0 0.3461170570775022
    outer loop
      vertex 39.804226065180615 0 10.76393202250021
      vertex 39.804226065180615 19.5 10.76393202250021
      vertex 39.695518130045144 0 10.469266270539642
    endloop
  endfacet
  facet normal -0.9624552364536468 0 0.2714404498650758
    outer loop
      vertex 39.88947968159071 0 11.066218544576378
      vertex 39.88947968159071 19.5 11.066218544576378
      vertex 39.804226065180615 0 10.76393202250021
    endloop
  endfacet
  facet normal -0.9081431738250867 0 0.4186597375374165
    outer loop
      vertex 39.695518130045144 0 10.469266270539642
      vertex 39.695518130045144 19.5 10.469266270539642
      vertex 39.56402609675347 0 10.184038001041813
    endloop
  endfacet
  facet normal -0.8724960070727947 0 0.48862124149695907
    outer loop
      vertex 39.56402609675347 0 10.184038001041813
      vertex 39.56402609675347 19.5 10.184038001041813
      vertex 39.41056065741637 0 9.910005741136205
    endloop
  endfacet
  facet normal -0.7343225094356884 0 0.6788007455329387
    outer loop
      vertex 39.04162386240012 0 9.402207806679264
      vertex 39.04162386240012 19.5 9.402207806679264
      vertex 38.82842712474619 0 9.17157287525381
    endloop
  endfacet
  facet normal -0.6788007455329419 0 0.7343225094356853
    outer loop
      vertex 38.82842712474619 0 9.17157287525381
      vertex 38.82842712474619 19.5 9.17157287525381
      vertex 38.597792193320736 0 8.958376137599876
    endloop
  endfacet
  facet normal -0.8314696123025417 0 0.5555702330196077
    outer loop
      vertex 39.41056065741637 0 9.910005741136205
      vertex 39.41056065741637 19.5 9.910005741136205
      vertex 39.236067977499786 0 9.648858990830107
    endloop
  endfacet
  facet normal -0.7853169308807482 0 0.61909394930983
    outer loop
      vertex 39.236067977499786 0 9.648858990830107
      vertex 39.236067977499786 19.5 9.648858990830107
      vertex 39.04162386240012 0 9.402207806679264
    endloop
  endfacet
  facet normal -0.5555702330196024 0 0.831469612302545
    outer loop
      vertex 38.35114100916989 0 8.76393202250021
      vertex 38.35114100916989 19.5 8.76393202250021
      vertex 38.0899942588638 0 8.589439342583631
    endloop
  endfacet
  facet normal -0.48862124149695235 0 0.8724960070727985
    outer loop
      vertex 38.0899942588638 0 8.589439342583631
      vertex 38.0899942588638 19.5 8.589439342583631
      vertex 37.81596199895819 0 8.435973903246529
    endloop
  endfacet
  facet normal -0.6190939493098334 0 0.7853169308807454
    outer loop
      vertex 38.597792193320736 0 8.958376137599876
      vertex 38.597792193320736 19.5 8.958376137599876
      vertex 38.35114100916989 0 8.76393202250021
    endloop
  endfacet
  facet normal -0.41865973753743047 0 0.9081431738250803
    outer loop
      vertex 37.81596199895819 0 8.435973903246529
      vertex 37.81596199895819 19.5 8.435973903246529
      vertex 37.53073372946036 0 8.304481869954852
    endloop
  endfacet
  facet normal 0.9930684569549268 0 0.11753739745783298
    outer loop
      vertex 32.022528801195186 0 11.6
      vertex 32.04924663761945 19.5 11.374262139839077
      vertex 32.022528801195186 19.5 11.6
    endloop
  endfacet
  facet normal 0.9807852804032299 0 0.19509032201613147
    outer loop
      vertex 32.04924663761945 0 11.374262139839077
      vertex 32.11052031840929 19.5 11.066218544576378
      vertex 32.04924663761945 19.5 11.374262139839077
    endloop
  endfacet
  facet normal 0.9624552364536468 0 0.2714404498650758
    outer loop
      vertex 32.11052031840929 0 11.066218544576378
      vertex 32.195773934819385 19.5 10.76393202250021
      vertex 32.11052031840929 19.5 11.066218544576378
    endloop
  endfacet
  facet normal 0.9381913359224807 0 0.3461170570775022
    outer loop
      vertex 32.195773934819385 0 10.76393202250021
      vertex 32.304481869954856 19.5 10.469266270539642
      vertex 32.195773934819385 19.5 10.76393202250021
    endloop
  endfacet
  facet normal 0.9081431738250867 0 0.4186597375374165
    outer loop
      vertex 32.304481869954856 0 10.469266270539642
      vertex 32.43597390324653 19.5 10.184038001041813
      vertex 32.304481869954856 19.5 10.469266270539642
    endloop
  endfacet
  facet normal 0.8724960070727947 0 0.48862124149695907
    outer loop
      vertex 32.43597390324653 0 10.184038001041813
      vertex 32.58943934258363 19.5 9.910005741136205
      vertex 32.43597390324653 19.5 10.184038001041813
    endloop
  endfacet
  facet normal 0.8314696123025417 0 0.5555702330196077
    outer loop
      vertex 32.58943934258363 0 9.910005741136205
      vertex 32.763932022500214 19.5 9.648858990830107
      vertex 32.58943934258363 19.5 9.910005741136205
    endloop
  endfacet
  facet normal 0.7853169308807482 0 0.61909394930983
    outer loop
      vertex 32.763932022500214 0 9.648858990830107
      vertex 32.95837613759988 19.5 9.402207806679264
      vertex 32.763932022500214 19.5 9.648858990830107
    endloop
  endfacet
  facet normal 0.7343225094356884 0 0.6788007455329387
    outer loop
      vertex 32.95837613759988 0 9.402207806679264
      vertex 33.17157287525381 19.5 9.17157287525381
      vertex 32.95837613759988 19.5 9.402207806679264
    endloop
  endfacet
  facet normal 0.6788007455329419 0 0.7343225094356853
    outer loop
      vertex 33.17157287525381 0 9.17157287525381
      vertex 33.402207806679264 19.5 8.958376137599876
      vertex 33.17157287525381 19.5 9.17157287525381
    endloop
  endfacet
  facet normal 0.6190939493098334 0 0.7853169308807454
    outer loop
      vertex 33.402207806679264 0 8.958376137599876
      vertex 33.64885899083011 19.5 8.76393202250021
      vertex 33.402207806679264 19.5 8.958376137599876
    endloop
  endfacet
  facet normal 0.5555702330196024 0 0.831469612302545
    outer loop
      vertex 33.64885899083011 0 8.76393202250021
      vertex 33.9100057411362 19.5 8.589439342583631
      vertex 33.64885899083011 19.5 8.76393202250021
    endloop
  endfacet
  facet normal 0.48862124149695235 0 0.8724960070727985
    outer loop
      vertex 33.9100057411362 0 8.589439342583631
      vertex 34.18403800104181 19.5 8.435973903246529
      vertex 33.9100057411362 19.5 8.589439342583631
    endloop
  endfacet
  facet normal 0.41865973753743047 0 0.9081431738250803
    outer loop
      vertex 34.18403800104181 0 8.435973903246529
      vertex 34.46926627053964 19.5 8.304481869954852
      vertex 34.18403800104181 19.5 8.435973903246529
    endloop
  endfacet
  facet normal 0.3461170570774885 0 0.9381913359224857
    outer loop
      vertex 34.46926627053964 0 8.304481869954852
      vertex 34.763932022500214 19.5 8.195773934819385
      vertex 34.46926627053964 19.5 8.304481869954852
    endloop
  endfacet
  facet normal 0.2714404498650773 0 0.9624552364536465
    outer loop
      vertex 34.763932022500214 0 8.195773934819385
      vertex 35.06621854457638 19.5 8.110520318409293
      vertex 34.763932022500214 19.5 8.195773934819385
    endloop
  endfacet
  facet normal 0.1950903220161282 0 0.9807852804032305
    outer loop
      vertex 35.06621854457638 0 8.110520318409293
      vertex 35.374262139839075 19.5 8.049246637619449
      vertex 35.06621854457638 19.5 8.110520318409293
    endloop
  endfacet
  facet normal 0.117537397457839 0 0.9930684569549261
    outer loop
      vertex 35.374262139839075 0 8.049246637619449
      vertex 35.68616361708862 19.5 8.012330665067488
      vertex 35.374262139839075 19.5 8.049246637619449
    endloop
  endfacet
  facet normal 0.03925981575906697 0 0.999229036240723
    outer loop
      vertex 35.68616361708862 0 8.012330665067488
      vertex 36 19.5 8
      vertex 35.68616361708862 19.5 8.012330665067488
    endloop
  endfacet
  facet normal -0.03925981575906697 0 0.999229036240723
    outer loop
      vertex 36 0 8
      vertex 36.31383638291138 19.5 8.012330665067488
      vertex 36 19.5 8
    endloop
  endfacet
  facet normal -0.117537397457839 0 0.9930684569549261
    outer loop
      vertex 36.31383638291138 0 8.012330665067488
      vertex 36.625737860160925 19.5 8.049246637619449
      vertex 36.31383638291138 19.5 8.012330665067488
    endloop
  endfacet
  facet normal -0.2714404498650773 0 0.9624552364536465
    outer loop
      vertex 36.93378145542362 0 8.110520318409293
      vertex 37.236067977499786 19.5 8.195773934819385
      vertex 36.93378145542362 19.5 8.110520318409293
    endloop
  endfacet
  facet normal -0.1950903220161282 0 0.9807852804032305
    outer loop
      vertex 36.625737860160925 0 8.049246637619449
      vertex 36.93378145542362 19.5 8.110520318409293
      vertex 36.625737860160925 19.5 8.049246637619449
    endloop
  endfacet
  facet normal -0.3461170570774885 0 0.9381913359224857
    outer loop
      vertex 37.236067977499786 0 8.195773934819385
      vertex 37.53073372946036 19.5 8.304481869954852
      vertex 37.236067977499786 19.5 8.195773934819385
    endloop
  endfacet
  facet normal -0.9930684569549268 0 0.11753739745783298
    outer loop
      vertex 39.95075336238055 0 11.374262139839077
      vertex 39.977471198804814 19.5 11.6
      vertex 39.95075336238055 19.5 11.374262139839077
    endloop
  endfacet
  facet normal -0.9807852804032299 0 0.19509032201613147
    outer loop
      vertex 39.88947968159071 0 11.066218544576378
      vertex 39.95075336238055 19.5 11.374262139839077
      vertex 39.88947968159071 19.5 11.066218544576378
    endloop
  endfacet
  facet normal -0.9624552364536468 0 0.2714404498650758
    outer loop
      vertex 39.804226065180615 0 10.76393202250021
      vertex 39.88947968159071 19.5 11.066218544576378
      vertex 39.804226065180615 19.5 10.76393202250021
    endloop
  endfacet
  facet normal -0.9381913359224807 0 0.3461170570775022
    outer loop
      vertex 39.695518130045144 0 10.469266270539642
      vertex 39.804226065180615 19.5 10.76393202250021
      vertex 39.695518130045144 19.5 10.469266270539642
    endloop
  endfacet
  facet normal -0.9081431738250867 0 0.4186597375374165
    outer loop
      vertex 39.56402609675347 0 10.184038001041813
      vertex 39.695518130045144 19.5 10.469266270539642
      vertex 39.56402609675347 19.5 10.184038001041813
    endloop
  endfacet
  facet normal -0.8724960070727947 0 0.48862124149695907
    outer loop
      vertex 39.41056065741637 0 9.910005741136205
      vertex 39.56402609675347 19.5 10.184038001041813
      vertex 39.41056065741637 19.5 9.910005741136205
    endloop
  endfacet
  facet normal -0.7343225094356884 0 0.6788007455329387
    outer loop
      vertex 38.82842712474619 0 9.17157287525381
      vertex 39.04162386240012 19.5 9.402207806679264
      vertex 38.82842712474619 19.5 9.17157287525381
    endloop
  endfacet
  facet normal -0.6788007455329419 0 0.7343225094356853
    outer loop
      vertex 38.597792193320736 0 8.958376137599876
      vertex 38.82842712474619 19.5 9.17157287525381
      vertex 38.597792193320736 19.5 8.958376137599876
    endloop
  endfacet
  facet normal -0.8314696123025417 0 0.5555702330196077
    outer loop
      vertex 39.236067977499786 0 9.648858990830107
      vertex 39.41056065741637 19.5 9.910005741136205
      vertex 39.236067977499786 19.5 9.648858990830107
    endloop
  endfacet
  facet normal -0.7853169308807482 0 0.61909394930983
    outer loop
      vertex 39.04162386240012 0 9.402207806679264
      vertex 39.236067977499786 19.5 9.648858990830107
      vertex 39.04162386240012 19.5 9.402207806679264
    endloop
  endfacet
  facet normal -0.5555702330196024 0 0.831469612302545
    outer loop
      vertex 38.0899942588638 0 8.589439342583631
      vertex 38.35114100916989 19.5 8.76393202250021
      vertex 38.0899942588638 19.5 8.589439342583631
    endloop
  endfacet
  facet normal -0.6190939493098334 0 0.7853169308807454
    outer loop
      vertex 38.35114100916989 0 8.76393202250021
      vertex 38.597792193320736 19.5 8.958376137599876
      vertex 38.35114100916989 19.5 8.76393202250021
    endloop
  endfacet
  facet normal -0.41865973753743047 0 0.9081431738250803
    outer loop
      vertex 37.53073372946036 0 8.304481869954852
      vertex 37.81596199895819 19.5 8.435973903246529
      vertex 37.53073372946036 19.5 8.304481869954852
    endloop
  endfacet
  facet normal -0.48862124149695235 0 0.8724960070727985
    outer loop
      vertex 37.81596199895819 0 8.435973903246529
      vertex 38.0899942588638 19.5 8.589439342583631
      vertex 37.81596199895819 19.5 8.435973903246529
    endloop
  endfacet
  facet normal 0.7024761797206522 0.7068340466645087 0.08314353493178506
    outer loop
      vertex 30.917518105530117 20.598197937272953 11.6
      vertex 32.04924663761945 19.5 11.374262139839077
      vertex 30.5169546644678 21 11.568474973496853
    endloop
  endfacet
  facet normal 0.7068340466645091 0.7068340466645091 0.027771585330137988
    outer loop
      vertex 30.917518105530117 20.598197937272953 11.6
      vertex 30.5169546644678 21 11.568474973496853
      vertex 30.51571604280307 21 11.6
    endloop
  endfacet
  facet normal 0.7024761797206523 0.7068340466645084 0.0831435349317869
    outer loop
      vertex 30.5169546644678 21 11.568474973496853
      vertex 32.04924663761945 19.5 11.374262139839077
      vertex 30.567714126726745 21 11.13961044227873
    endloop
  endfacet
  facet normal 0.6937873135317808 0.7068340466645083 0.1380028769925841
    outer loop
      vertex 30.567714126726745 21 11.13961044227873
      vertex 32.11052031840929 19.5 11.066218544576378
      vertex 30.651965437812784 21 10.716050498792521
    endloop
  endfacet
  facet normal 0.6808210178472951 0.7068340466645088 0.1920113854260947
    outer loop
      vertex 30.651965437812784 21 10.716050498792521
      vertex 32.195773934819385 19.5 10.76393202250021
      vertex 30.76918916037666 21 10.30040653093779
    endloop
  endfacet
  facet normal 0.7024761797206523 0.7068340466645087 0.0831435349317854
    outer loop
      vertex 30.917518105530117 20.598197937272953 11.6
      vertex 32.022528801195186 19.5 11.6
      vertex 32.04924663761945 19.5 11.374262139839077
    endloop
  endfacet
  facet normal 0.6937873135317809 0.7068340466645086 0.13800287699258193
    outer loop
      vertex 30.567714126726745 21 11.13961044227873
      vertex 32.04924663761945 19.5 11.374262139839077
      vertex 32.11052031840929 19.5 11.066218544576378
    endloop
  endfacet
  facet normal 0.6808210178472944 0.7068340466645081 0.19201138542609897
    outer loop
      vertex 30.651965437812784 21 10.716050498792521
      vertex 32.11052031840929 19.5 11.066218544576378
      vertex 32.195773934819385 19.5 10.76393202250021
    endloop
  endfacet
  facet normal 0.6636572341918143 0.7068340466645086 0.2448360798182056
    outer loop
      vertex 30.76918916037666 21 10.30040653093779
      vertex 32.195773934819385 19.5 10.76393202250021
      vertex 32.304481869954856 19.5 10.469266270539642
    endloop
  endfacet
  facet normal 0.6424017829991244 0.7068340466645097 0.2961512783619542
    outer loop
      vertex 30.918662571187927 21 9.895241121992006
      vertex 32.304481869954856 19.5 10.469266270539642
      vertex 32.43597390324653 19.5 10.184038001041813
    endloop
  endfacet
  facet normal 0.6636572341918158 0.7068340466645094 0.24483607981819897
    outer loop
      vertex 30.76918916037666 21 10.30040653093779
      vertex 32.304481869954856 19.5 10.469266270539642
      vertex 30.918662571187927 21 9.895241121992006
    endloop
  endfacet
  facet normal 0.6171857111939645 0.7068340466645094 0.34564060579433425
    outer loop
      vertex 31.099464116963976 21 9.503052251432493
      vertex 32.43597390324653 19.5 10.184038001041813
      vertex 32.58943934258363 19.5 9.910005741136205
    endloop
  endfacet
  facet normal 0.5881644842442227 0.7068340466645094 0.3929989439548173
    outer loop
      vertex 32.58943934258363 19.5 9.910005741136205
      vertex 32.763932022500214 19.5 9.648858990830107
      vertex 31.310479096052493 21 9.126257894062283
    endloop
  endfacet
  facet normal 0.6424017829991239 0.7068340466645093 0.2961512783619561
    outer loop
      vertex 30.918662571187927 21 9.895241121992006
      vertex 32.43597390324653 19.5 10.184038001041813
      vertex 31.099464116963976 21 9.503052251432493
    endloop
  endfacet
  facet normal 0.6171857111939646 0.7068340466645094 0.3456406057943339
    outer loop
      vertex 31.099464116963976 21 9.503052251432493
      vertex 32.58943934258363 19.5 9.910005741136205
      vertex 31.310479096052493 21 9.126257894062283
    endloop
  endfacet
  facet normal 0.5555170276645829 0.7068340466645097 0.43793431294040086
    outer loop
      vertex 32.763932022500214 19.5 9.648858990830107
      vertex 32.95837613759988 19.5 9.402207806679264
      vertex 31.550406530937792 21 8.767181112391398
    endloop
  endfacet
  facet normal 0.5194446238812291 0.7068340466645093 0.4801696712587777
    outer loop
      vertex 32.95837613759988 19.5 9.402207806679264
      vertex 33.17157287525381 19.5 9.17157287525381
      vertex 31.81776718919983 21 8.428035734183991
    endloop
  endfacet
  facet normal 0.5881644842442236 0.7068340466645096 0.39299894395481566
    outer loop
      vertex 32.763932022500214 19.5 9.648858990830107
      vertex 31.550406530937792 21 8.767181112391398
      vertex 31.310479096052493 21 9.126257894062283
    endloop
  endfacet
  facet normal 0.5555170276645819 0.7068340466645092 0.43793431294040264
    outer loop
      vertex 32.95837613759988 19.5 9.402207806679264
      vertex 31.81776718919983 21 8.428035734183991
      vertex 31.550406530937792 21 8.767181112391398
    endloop
  endfacet
  facet normal 0.5194446238812307 0.7068340466645097 0.48016967125877547
    outer loop
      vertex 33.17157287525381 19.5 9.17157287525381
      vertex 32.110912703473986 21 8.11091270347399
      vertex 31.81776718919983 21 8.428035734183991
    endloop
  endfacet
  facet normal 0.48016967125877486 0.7068340466645089 0.5194446238812325
    outer loop
      vertex 33.402207806679264 19.5 8.958376137599876
      vertex 32.42803573418399 21 7.817767189199831
      vertex 32.110912703473986 21 8.11091270347399
    endloop
  endfacet
  facet normal 0.4801696712587797 0.7068340466645098 0.5194446238812266
    outer loop
      vertex 33.17157287525381 19.5 9.17157287525381
      vertex 33.402207806679264 19.5 8.958376137599876
      vertex 32.110912703473986 21 8.11091270347399
    endloop
  endfacet
  facet normal 0.43793431294040386 0.7068340466645088 0.5555170276645817
    outer loop
      vertex 33.402207806679264 19.5 8.958376137599876
      vertex 33.64885899083011 19.5 8.76393202250021
      vertex 32.42803573418399 21 7.817767189199831
    endloop
  endfacet
  facet normal 0.3929989439548137 0.7068340466645091 0.5881644842442253
    outer loop
      vertex 33.64885899083011 19.5 8.76393202250021
      vertex 33.9100057411362 19.5 8.589439342583631
      vertex 32.7671811123914 21 7.55040653093779
    endloop
  endfacet
  facet normal 0.3456406057943299 0.7068340466645087 0.6171857111939678
    outer loop
      vertex 33.9100057411362 19.5 8.589439342583631
      vertex 34.18403800104181 19.5 8.435973903246529
      vertex 33.126257894062284 21 7.310479096052495
    endloop
  endfacet
  facet normal 0.4379343129404059 0.7068340466645091 0.5555170276645794
    outer loop
      vertex 33.64885899083011 19.5 8.76393202250021
      vertex 32.7671811123914 21 7.55040653093779
      vertex 32.42803573418399 21 7.817767189199831
    endloop
  endfacet
  facet normal -0.7024761797206512 0.7068340466645098 0.0831435349317855
    outer loop
      vertex 39.977471198804814 19.5 11.6
      vertex 41.082481894469886 20.598197937272953 11.6
      vertex 39.95075336238055 19.5 11.374262139839077
    endloop
  endfacet
  facet normal -0.6937873135317797 0.7068340466645099 0.13800287699258168
    outer loop
      vertex 39.95075336238055 19.5 11.374262139839077
      vertex 41.34803456218722 21 10.716050498792521
      vertex 39.88947968159071 19.5 11.066218544576378
    endloop
  endfacet
  facet normal -0.680821017847293 0.7068340466645094 0.19201138542609858
    outer loop
      vertex 39.88947968159071 19.5 11.066218544576378
      vertex 41.230810839623345 21 10.30040653093779
      vertex 39.804226065180615 19.5 10.76393202250021
    endloop
  endfacet
  facet normal -0.6636572341918126 0.7068340466645103 0.24483607981820493
    outer loop
      vertex 39.804226065180615 19.5 10.76393202250021
      vertex 41.08133742881208 21 9.895241121992006
      vertex 39.695518130045144 19.5 10.469266270539642
    endloop
  endfacet
  facet normal -0.642401782999124 0.7068340466645102 0.296151278361954
    outer loop
      vertex 39.695518130045144 19.5 10.469266270539642
      vertex 40.90053588303603 21 9.503052251432493
      vertex 39.56402609675347 19.5 10.184038001041813
    endloop
  endfacet
  facet normal -0.7068340466645138 0.7068340466645074 0.027771585330057632
    outer loop
      vertex 41.082481894469886 20.598197937272953 11.6
      vertex 41.48428395719693 21 11.6
      vertex 41.4830453355322 21 11.568474973496853
    endloop
  endfacet
  facet normal -0.7024761797206512 0.7068340466645093 0.08314353493178821
    outer loop
      vertex 39.95075336238055 19.5 11.374262139839077
      vertex 41.082481894469886 20.598197937272953 11.6
      vertex 41.43228587327326 21 11.13961044227873
    endloop
  endfacet
  facet normal -0.7024761797206521 0.7068340466645087 0.08314353493178685
    outer loop
      vertex 41.082481894469886 20.598197937272953 11.6
      vertex 41.4830453355322 21 11.568474973496853
      vertex 41.43228587327326 21 11.13961044227873
    endloop
  endfacet
  facet normal -0.6937873135317808 0.7068340466645093 0.13800287699257827
    outer loop
      vertex 39.95075336238055 19.5 11.374262139839077
      vertex 41.43228587327326 21 11.13961044227873
      vertex 41.34803456218722 21 10.716050498792521
    endloop
  endfacet
  facet normal -0.6808210178472927 0.7068340466645097 0.19201138542609983
    outer loop
      vertex 39.88947968159071 19.5 11.066218544576378
      vertex 41.34803456218722 21 10.716050498792521
      vertex 41.230810839623345 21 10.30040653093779
    endloop
  endfacet
  facet normal -0.6636572341918157 0.7068340466645096 0.24483607981819894
    outer loop
      vertex 39.804226065180615 19.5 10.76393202250021
      vertex 41.230810839623345 21 10.30040653093779
      vertex 41.08133742881208 21 9.895241121992006
    endloop
  endfacet
  facet normal -0.617185711193965 0.7068340466645088 0.34564060579433453
    outer loop
      vertex 39.56402609675347 19.5 10.184038001041813
      vertex 40.6895209039475 21 9.126257894062283
      vertex 39.41056065741637 19.5 9.910005741136205
    endloop
  endfacet
  facet normal -0.642401782999123 0.7068340466645103 0.29615127836195565
    outer loop
      vertex 39.695518130045144 19.5 10.469266270539642
      vertex 41.08133742881208 21 9.895241121992006
      vertex 40.90053588303603 21 9.503052251432493
    endloop
  endfacet
  facet normal -0.6171857111939592 0.70683404666451 0.34564060579434247
    outer loop
      vertex 39.56402609675347 19.5 10.184038001041813
      vertex 40.90053588303603 21 9.503052251432493
      vertex 40.6895209039475 21 9.126257894062283
    endloop
  endfacet
  facet normal -0.5881644842442225 0.7068340466645097 0.39299894395481716
    outer loop
      vertex 39.41056065741637 19.5 9.910005741136205
      vertex 40.44959346906221 21 8.767181112391398
      vertex 39.236067977499786 19.5 9.648858990830107
    endloop
  endfacet
  facet normal -0.5555170276645837 0.7068340466645086 0.43793431294040147
    outer loop
      vertex 39.236067977499786 19.5 9.648858990830107
      vertex 40.182232810800166 21 8.428035734183991
      vertex 39.04162386240012 19.5 9.402207806679264
    endloop
  endfacet
  facet normal -0.5881644842442271 0.7068340466645087 0.39299894395481216
    outer loop
      vertex 39.41056065741637 19.5 9.910005741136205
      vertex 40.6895209039475 21 9.126257894062283
      vertex 40.44959346906221 21 8.767181112391398
    endloop
  endfacet
  facet normal -0.4801696712587805 0.7068340466645087 0.5194446238812275
    outer loop
      vertex 38.82842712474619 19.5 9.17157287525381
      vertex 39.57196426581601 21 7.817767189199831
      vertex 38.597792193320736 19.5 8.958376137599876
    endloop
  endfacet
  facet normal -0.34564060579432954 0.7068340466645093 0.6171857111939671
    outer loop
      vertex 38.0899942588638 19.5 8.589439342583631
      vertex 38.49694774856751 21 7.099464116963978
      vertex 37.81596199895819 19.5 8.435973903246529
    endloop
  endfacet
  facet normal -0.4379343129404035 0.7068340466645092 0.5555170276645812
    outer loop
      vertex 38.597792193320736 19.5 8.958376137599876
      vertex 39.2328188876086 21 7.55040653093779
      vertex 38.35114100916989 19.5 8.76393202250021
    endloop
  endfacet
  facet normal -0.3929989439548139 0.7068340466645088 0.5881644842442256
    outer loop
      vertex 38.35114100916989 19.5 8.76393202250021
      vertex 38.873742105937716 21 7.310479096052494
      vertex 38.0899942588638 19.5 8.589439342583631
    endloop
  endfacet
  facet normal -0.5194446238812287 0.7068340466645101 0.4801696712587773
    outer loop
      vertex 39.04162386240012 19.5 9.402207806679264
      vertex 39.889087296526014 21 8.110912703473987
      vertex 38.82842712474619 19.5 9.17157287525381
    endloop
  endfacet
  facet normal -0.5194446238812355 0.7068340466645089 0.48016967125877136
    outer loop
      vertex 39.04162386240012 19.5 9.402207806679264
      vertex 40.182232810800166 21 8.428035734183991
      vertex 39.889087296526014 21 8.110912703473987
    endloop
  endfacet
  facet normal -0.555517027664579 0.7068340466645094 0.4379343129404062
    outer loop
      vertex 39.236067977499786 19.5 9.648858990830107
      vertex 40.44959346906221 21 8.767181112391398
      vertex 40.182232810800166 21 8.428035734183991
    endloop
  endfacet
  facet normal -0.48016967125877263 0.7068340466645099 0.5194446238812331
    outer loop
      vertex 38.82842712474619 19.5 9.17157287525381
      vertex 39.889087296526014 21 8.110912703473987
      vertex 39.57196426581601 21 7.817767189199831
    endloop
  endfacet
  facet normal -0.43793431294040613 0.7068340466645088 0.5555170276645797
    outer loop
      vertex 38.597792193320736 19.5 8.958376137599876
      vertex 39.57196426581601 21 7.817767189199831
      vertex 39.2328188876086 21 7.55040653093779
    endloop
  endfacet
  facet normal 0.29615127836196425 0.7068340466645094 0.6424017829991201
    outer loop
      vertex 34.18403800104181 19.5 8.435973903246529
      vertex 34.46926627053964 19.5 8.304481869954852
      vertex 33.50305225143249 21 7.099464116963978
    endloop
  endfacet
  facet normal 0.39299894395481083 0.7068340466645087 0.588164484244228
    outer loop
      vertex 33.9100057411362 19.5 8.589439342583631
      vertex 33.126257894062284 21 7.310479096052495
      vertex 32.7671811123914 21 7.55040653093779
    endloop
  endfacet
  facet normal 0.34564060579433414 0.7068340466645094 0.6171857111939647
    outer loop
      vertex 34.18403800104181 19.5 8.435973903246529
      vertex 33.50305225143249 21 7.099464116963978
      vertex 33.126257894062284 21 7.310479096052495
    endloop
  endfacet
  facet normal 0.2961512783619611 0.7068340466645089 0.6424017829991219
    outer loop
      vertex 34.46926627053964 19.5 8.304481869954852
      vertex 33.89524112199201 21 6.918662571187925
      vertex 33.50305225143249 21 7.099464116963978
    endloop
  endfacet
  facet normal 0.2448360798182014 0.7068340466645097 0.6636572341918147
    outer loop
      vertex 34.763932022500214 19.5 8.195773934819385
      vertex 34.300406530937785 21 6.769189160376658
      vertex 33.89524112199201 21 6.918662571187925
    endloop
  endfacet
  facet normal 0.24483607981819583 0.7068340466645089 0.6636572341918175
    outer loop
      vertex 34.46926627053964 19.5 8.304481869954852
      vertex 34.763932022500214 19.5 8.195773934819385
      vertex 33.89524112199201 21 6.918662571187925
    endloop
  endfacet
  facet normal 0.19201138542609963 0.7068340466645096 0.6808210178472928
    outer loop
      vertex 34.763932022500214 19.5 8.195773934819385
      vertex 35.06621854457638 19.5 8.110520318409293
      vertex 34.300406530937785 21 6.769189160376658
    endloop
  endfacet
  facet normal 0.13800287699257954 0.7068340466645088 0.693787313531781
    outer loop
      vertex 35.06621854457638 19.5 8.110520318409293
      vertex 35.374262139839075 19.5 8.049246637619449
      vertex 34.71605049879253 21 6.65196543781278
    endloop
  endfacet
  facet normal 0.08314353493178982 0.7068340466645093 0.7024761797206511
    outer loop
      vertex 35.374262139839075 19.5 8.049246637619449
      vertex 35.68616361708862 19.5 8.012330665067488
      vertex 35.13961044227873 21 6.567714126726743
    endloop
  endfacet
  facet normal 0.027771585330111603 0.7068340466645091 0.7068340466645101
    outer loop
      vertex 35.68616361708862 19.5 8.012330665067488
      vertex 36 19.5 8
      vertex 35.568474973496855 21 6.516954664467797
    endloop
  endfacet
  facet normal 0.19201138542609414 0.7068340466645089 0.6808210178472951
    outer loop
      vertex 35.06621854457638 19.5 8.110520318409293
      vertex 34.71605049879253 21 6.65196543781278
      vertex 34.300406530937785 21 6.769189160376658
    endloop
  endfacet
  facet normal 0.13800287699258276 0.7068340466645093 0.6937873135317801
    outer loop
      vertex 35.374262139839075 19.5 8.049246637619449
      vertex 35.13961044227873 21 6.567714126726743
      vertex 34.71605049879253 21 6.65196543781278
    endloop
  endfacet
  facet normal 0.08314353493178792 0.7068340466645091 0.7024761797206515
    outer loop
      vertex 35.68616361708862 19.5 8.012330665067488
      vertex 35.568474973496855 21 6.516954664467797
      vertex 35.13961044227873 21 6.567714126726743
    endloop
  endfacet
  facet normal 0.027771585330111998 0.7068340466645092 0.7068340466645101
    outer loop
      vertex 36 19.5 8
      vertex 36 21 6.500000000000002
      vertex 35.568474973496855 21 6.516954664467797
    endloop
  endfacet
  facet normal -0.027771585330111596 0.7068340466645092 0.70683404666451
    outer loop
      vertex 36 19.5 8
      vertex 36.31383638291138 19.5 8.012330665067488
      vertex 36 21 6.500000000000002
    endloop
  endfacet
  facet normal -0.08314353493178984 0.7068340466645091 0.7024761797206514
    outer loop
      vertex 36.31383638291138 19.5 8.012330665067488
      vertex 36.625737860160925 19.5 8.049246637619449
      vertex 36.431525026503145 21 6.516954664467797
    endloop
  endfacet
  facet normal -0.24483607981819555 0.7068340466645098 0.6636572341918168
    outer loop
      vertex 37.236067977499786 19.5 8.195773934819385
      vertex 37.53073372946036 19.5 8.304481869954852
      vertex 37.699593469062215 21 6.769189160376658
    endloop
  endfacet
  facet normal -0.13800287699257946 0.7068340466645093 0.6937873135317806
    outer loop
      vertex 36.625737860160925 19.5 8.049246637619449
      vertex 36.93378145542362 19.5 8.110520318409293
      vertex 36.86038955772127 21 6.567714126726743
    endloop
  endfacet
  facet normal -0.19201138542609986 0.7068340466645087 0.6808210178472935
    outer loop
      vertex 37.236067977499786 19.5 8.195773934819385
      vertex 37.28394950120747 21 6.65196543781278
      vertex 36.93378145542362 19.5 8.110520318409293
    endloop
  endfacet
  facet normal -0.027771585330111998 0.7068340466645091 0.7068340466645101
    outer loop
      vertex 36.31383638291138 19.5 8.012330665067488
      vertex 36.431525026503145 21 6.516954664467797
      vertex 36 21 6.500000000000002
    endloop
  endfacet
  facet normal -0.08314353493178789 0.7068340466645093 0.7024761797206514
    outer loop
      vertex 36.625737860160925 19.5 8.049246637619449
      vertex 36.86038955772127 21 6.567714126726743
      vertex 36.431525026503145 21 6.516954664467797
    endloop
  endfacet
  facet normal -0.13800287699258282 0.7068340466645089 0.6937873135317804
    outer loop
      vertex 36.93378145542362 19.5 8.110520318409293
      vertex 37.28394950120747 21 6.65196543781278
      vertex 36.86038955772127 21 6.567714126726743
    endloop
  endfacet
  facet normal -0.19201138542609397 0.7068340466645094 0.6808210178472945
    outer loop
      vertex 37.236067977499786 19.5 8.195773934819385
      vertex 37.699593469062215 21 6.769189160376658
      vertex 37.28394950120747 21 6.65196543781278
    endloop
  endfacet
  facet normal -0.2961512783619644 0.7068340466645089 0.6424017829991205
    outer loop
      vertex 37.81596199895819 19.5 8.435973903246529
      vertex 38.10475887800799 21 6.918662571187925
      vertex 37.53073372946036 19.5 8.304481869954852
    endloop
  endfacet
  facet normal -0.39299894395481155 0.706834046664509 0.5881644842442268
    outer loop
      vertex 38.35114100916989 19.5 8.76393202250021
      vertex 39.2328188876086 21 7.55040653093779
      vertex 38.873742105937716 21 7.310479096052494
    endloop
  endfacet
  facet normal -0.3456406057943332 0.7068340466645089 0.6171857111939657
    outer loop
      vertex 38.0899942588638 19.5 8.589439342583631
      vertex 38.873742105937716 21 7.310479096052494
      vertex 38.49694774856751 21 7.099464116963978
    endloop
  endfacet
  facet normal -0.24483607981820163 0.7068340466645089 0.6636572341918153
    outer loop
      vertex 37.53073372946036 19.5 8.304481869954852
      vertex 38.10475887800799 21 6.918662571187925
      vertex 37.699593469062215 21 6.769189160376658
    endloop
  endfacet
  facet normal -0.296151278361961 0.7068340466645092 0.6424017829991217
    outer loop
      vertex 37.81596199895819 19.5 8.435973903246529
      vertex 38.49694774856751 21 7.099464116963978
      vertex 38.10475887800799 21 6.918662571187925
    endloop
  endfacet
  facet normal 0 0 1
    outer loop
      vertex 0 0 11.6
      vertex 9.38320392229824 3.4746711095625895 11.6
      vertex 9.34697113532395 3.6031428814449606 11.6
    endloop
  endfacet
  facet normal 0 0 1
    outer loop
      vertex 0 0 11.6
      vertex 9.34697113532395 3.6031428814449606 11.6
      vertex 9.320929820988265 3.7340614094316074 11.6
    endloop
  endfacet
  facet normal 0 0 1
    outer loop
      vertex 0 0 11.6
      vertex 9.320929820988265 3.7340614094316074 11.6
      vertex 9.305240532653682 3.8666195372626637 11.6
    endloop
  endfacet
  facet normal 0 0 1
    outer loop
      vertex 0 0 11.6
      vertex 9.305240532653682 3.8666195372626637 11.6
      vertex 9.3 4 11.6
    endloop
  endfacet
  facet normal 0 0 1
    outer loop
      vertex 0 0 11.6
      vertex 9.3 4 11.6
      vertex 9.305240532653682 4.133380462737336 11.6
    endloop
  endfacet
  facet normal 0 0 1
    outer loop
      vertex 0 0 11.6
      vertex 9.305240532653682 4.133380462737336 11.6
      vertex 0 8.022528801195186 11.6
    endloop
  endfacet
  facet normal 0 0 1
    outer loop
      vertex 9.305240532653682 4.133380462737336 11.6
      vertex 9.320929820988265 4.265938590568393 11.6
      vertex 0 8.022528801195186 11.6
    endloop
  endfacet
  facet normal 0 0 1
    outer loop
      vertex 9.320929820988265 4.265938590568393 11.6
      vertex 9.34697113532395 4.396857118555039 11.6
      vertex 0 8.022528801195186 11.6
    endloop
  endfacet
  facet normal 0 0 1
    outer loop
      vertex 9.34697113532395 4.396857118555039 11.6
      vertex 9.38320392229824 4.525328890437411 11.6
      vertex 0 8.022528801195186 11.6
    endloop
  endfacet
  facet normal 0 0 1
    outer loop
      vertex 0 0 11.6
      vertex 10.000765071102796 2.6246711095625894 11.6
      vertex 9.895938317838688 2.7073098584799475 11.6
    endloop
  endfacet
  facet normal 0 0 1
    outer loop
      vertex 0 0 11.6
      vertex 9.895938317838688 2.7073098584799475 11.6
      vertex 9.79791847198287 2.797918471982869 11.6
    endloop
  endfacet
  facet normal 0 0 1
    outer loop
      vertex 0 0 11.6
      vertex 10.22821615044277 2.4852889088797747 11.6
      vertex 10.111752439982887 2.5505117205980437 11.6
    endloop
  endfacet
  facet normal 0 0 1
    outer loop
      vertex 0 0 11.6
      vertex 10.603142881444962 2.34697113532395 11.6
      vertex 10.474671109562589 2.383203922298239 11.6
    endloop
  endfacet
  facet normal 0 0 1
    outer loop
      vertex 0 0 11.6
      vertex 10.349438164979347 2.4294047947308126 11.6
      vertex 10.22821615044277 2.4852889088797747 11.6
    endloop
  endfacet
  facet normal 0 0 1
    outer loop
      vertex 0 0 11.6
      vertex 10.474671109562589 2.383203922298239 11.6
      vertex 10.349438164979347 2.4294047947308126 11.6
    endloop
  endfacet
  facet normal 0 0 1
    outer loop
      vertex 0 0 11.6
      vertex 10.111752439982887 2.5505117205980437 11.6
      vertex 10.000765071102796 2.6246711095625894 11.6
    endloop
  endfacet
  facet normal 0 0 1
    outer loop
      vertex 0 0 11.6
      vertex 9.707309858479947 2.895938317838688 11.6
      vertex 9.62467110956259 3.0007650711027956 11.6
    endloop
  endfacet
  facet normal 0 0 1
    outer loop
      vertex 0 0 11.6
      vertex 9.62467110956259 3.0007650711027956 11.6
      vertex 9.550511720598044 3.111752439982887 11.6
    endloop
  endfacet
  facet normal 0 0 1
    outer loop
      vertex 0 0 11.6
      vertex 9.79791847198287 2.797918471982869 11.6
      vertex 9.707309858479947 2.895938317838688 11.6
    endloop
  endfacet
  facet normal 0 0 1
    outer loop
      vertex 0 0 11.6
      vertex 9.550511720598044 3.111752439982887 11.6
      vertex 9.485288908879774 3.2282161504427704 11.6
    endloop
  endfacet
  facet normal 0 0 1
    outer loop
      vertex 0 0 11.6
      vertex 9.485288908879774 3.2282161504427704 11.6
      vertex 9.429404794730813 3.3494381649793477 11.6
    endloop
  endfacet
  facet normal 0 0 1
    outer loop
      vertex 0 0 11.6
      vertex 10.734061409431607 2.320929820988266 11.6
      vertex 10.603142881444962 2.34697113532395 11.6
    endloop
  endfacet
  facet normal 0 0 1
    outer loop
      vertex 0 0 11.6
      vertex 10.866619537262663 2.3052405326536825 11.6
      vertex 10.734061409431607 2.320929820988266 11.6
    endloop
  endfacet
  facet normal 0 0 1
    outer loop
      vertex 0 0 11.6
      vertex 11 2.3 11.6
      vertex 10.866619537262663 2.3052405326536825 11.6
    endloop
  endfacet
  facet normal 0 0 1
    outer loop
      vertex 0 0 11.6
      vertex 9.429404794730813 3.3494381649793477 11.6
      vertex 9.38320392229824 3.4746711095625895 11.6
    endloop
  endfacet
  facet normal 0 0 1
    outer loop
      vertex 0 0 11.6
      vertex 25.833333333333332 0 11.6
      vertex 11 2.3 11.6
    endloop
  endfacet
  facet normal 0 0 1
    outer loop
      vertex 9.38320392229824 4.525328890437411 11.6
      vertex 9.429404794730813 4.650561835020652 11.6
      vertex 0 8.022528801195186 11.6
    endloop
  endfacet
  facet normal 0 0 1
    outer loop
      vertex 9.429404794730813 4.650561835020652 11.6
      vertex 9.485288908879774 4.771783849557229 11.6
      vertex 0 8.022528801195186 11.6
    endloop
  endfacet
  facet normal 0 0 1
    outer loop
      vertex 9.485288908879774 4.771783849557229 11.6
      vertex 9.550511720598044 4.888247560017113 11.6
      vertex 0 8.022528801195186 11.6
    endloop
  endfacet
  facet normal 0 0 1
    outer loop
      vertex 9.550511720598044 4.888247560017113 11.6
      vertex 9.62467110956259 4.999234928897204 11.6
      vertex 0 8.022528801195186 11.6
    endloop
  endfacet
  facet normal 0 0 1
    outer loop
      vertex 9.62467110956259 4.999234928897204 11.6
      vertex 9.707309858479947 5.104061682161312 11.6
      vertex 0 8.022528801195186 11.6
    endloop
  endfacet
  facet normal 0 0 1
    outer loop
      vertex 9.707309858479947 5.104061682161312 11.6
      vertex 9.79791847198287 5.202081528017131 11.6
      vertex 0 8.022528801195186 11.6
    endloop
  endfacet
  facet normal 0 0 1
    outer loop
      vertex 9.79791847198287 5.202081528017131 11.6
      vertex 9.895938317838688 5.292690141520053 11.6
      vertex 0 8.022528801195186 11.6
    endloop
  endfacet
  facet normal 0 0 1
    outer loop
      vertex 9.895938317838688 5.292690141520053 11.6
      vertex 10.000765071102796 5.375328890437411 11.6
      vertex 0 8.022528801195186 11.6
    endloop
  endfacet
  facet normal 0 0 1
    outer loop
      vertex 10.000765071102796 5.375328890437411 11.6
      vertex 10.111752439982887 5.449488279401956 11.6
      vertex 0 8.022528801195186 11.6
    endloop
  endfacet
  facet normal 0 0 1
    outer loop
      vertex 10.111752439982887 5.449488279401956 11.6
      vertex 10.22821615044277 5.514711091120225 11.6
      vertex 0 8.022528801195186 11.6
    endloop
  endfacet
  facet normal 0 0 1
    outer loop
      vertex 10.22821615044277 5.514711091120225 11.6
      vertex 10.349438164979347 5.570595205269187 11.6
      vertex 0 8.022528801195186 11.6
    endloop
  endfacet
  facet normal 0 0 1
    outer loop
      vertex 10.349438164979347 5.570595205269187 11.6
      vertex 10.474671109562589 5.6167960777017605 11.6
      vertex 0 8.022528801195186 11.6
    endloop
  endfacet
  facet normal 0 0 1
    outer loop
      vertex 10.474671109562589 5.6167960777017605 11.6
      vertex 10.603142881444962 5.65302886467605 11.6
      vertex 0 8.022528801195186 11.6
    endloop
  endfacet
  facet normal 0 0 1
    outer loop
      vertex 10.603142881444962 5.65302886467605 11.6
      vertex 22 8.022528801195186 11.6
      vertex 0 8.022528801195186 11.6
    endloop
  endfacet
  facet normal 0 0 1
    outer loop
      vertex 12.514711091120226 3.2282161504427704 11.6
      vertex 17.092019000520907 2.2179869516232644 11.6
      vertex 12.570595205269187 3.3494381649793477 11.6
    endloop
  endfacet
  facet normal 0 0 1
    outer loop
      vertex 12.514711091120226 3.2282161504427704 11.6
      vertex 17.23463313526982 2.1522409349774265 11.6
      vertex 17.092019000520907 2.2179869516232644 11.6
    endloop
  endfacet
  facet normal 0 0 1
    outer loop
      vertex 12.570595205269187 3.3494381649793477 11.6
      vertex 17.092019000520907 2.2179869516232644 11.6
      vertex 16.9550028705681 2.2947196712918156 11.6
    endloop
  endfacet
  facet normal 0 0 1
    outer loop
      vertex 12.61679607770176 3.4746711095625895 11.6
      vertex 16.824429495415053 2.381966011250105 11.6
      vertex 16.701103903339632 2.479188068799938 11.6
    endloop
  endfacet
  facet normal 0 0 1
    outer loop
      vertex 12.570595205269187 3.3494381649793477 11.6
      vertex 16.9550028705681 2.2947196712918156 11.6
      vertex 16.824429495415053 2.381966011250105 11.6
    endloop
  endfacet
  facet normal 0 0 1
    outer loop
      vertex 12.61679607770176 3.4746711095625895 11.6
      vertex 16.701103903339632 2.479188068799938 11.6
      vertex 16.585786437626904 2.585786437626905 11.6
    endloop
  endfacet
  facet normal 0 0 1
    outer loop
      vertex 12.65302886467605 3.6031428814449606 11.6
      vertex 16.585786437626904 2.585786437626905 11.6
      vertex 16.47918806879994 2.7011039033396327 11.6
    endloop
  endfacet
  facet normal 0 0 1
    outer loop
      vertex 11 2.3 11.6
      vertex 25.833333333333332 0 11.6
      vertex 11.133380462737337 2.3052405326536825 11.6
    endloop
  endfacet
  facet normal 0 0 1
    outer loop
      vertex 11.133380462737337 2.3052405326536825 11.6
      vertex 25.833333333333332 0 11.6
      vertex 11.265938590568393 2.320929820988266 11.6
    endloop
  endfacet
  facet normal 0 0 1
    outer loop
      vertex 11.265938590568393 2.320929820988266 11.6
      vertex 25.833333333333332 0 11.6
      vertex 11.396857118555038 2.34697113532395 11.6
    endloop
  endfacet
  facet normal 0 0 1
    outer loop
      vertex 11.396857118555038 2.34697113532395 11.6
      vertex 25.833333333333332 0 11.6
      vertex 11.525328890437411 2.383203922298239 11.6
    endloop
  endfacet
  facet normal 0 0 1
    outer loop
      vertex 11.525328890437411 2.383203922298239 11.6
      vertex 25.833333333333332 0 11.6
      vertex 11.650561835020653 2.4294047947308126 11.6
    endloop
  endfacet
  facet normal 0 0 1
    outer loop
      vertex 11.650561835020653 2.4294047947308126 11.6
      vertex 25.833333333333332 0 11.6
      vertex 11.77178384955723 2.4852889088797747 11.6
    endloop
  endfacet
  facet normal 0 0 1
    outer loop
      vertex 11.77178384955723 2.4852889088797747 11.6
      vertex 25.833333333333332 0 11.6
      vertex 11.888247560017113 2.5505117205980437 11.6
    endloop
  endfacet
  facet normal 0 0 1
    outer loop
      vertex 11.888247560017113 2.5505117205980437 11.6
      vertex 25.833333333333332 0 11.6
      vertex 11.999234928897204 2.6246711095625894 11.6
    endloop
  endfacet
  facet normal 0 0 1
    outer loop
      vertex 11.999234928897204 2.6246711095625894 11.6
      vertex 25.833333333333332 0 11.6
      vertex 12.104061682161312 2.7073098584799475 11.6
    endloop
  endfacet
  facet normal 0 0 1
    outer loop
      vertex 12.104061682161312 2.7073098584799475 11.6
      vertex 25.833333333333332 0 11.6
      vertex 12.20208152801713 2.797918471982869 11.6
    endloop
  endfacet
  facet normal 0 0 1
    outer loop
      vertex 12.20208152801713 2.797918471982869 11.6
      vertex 25.833333333333332 0 11.6
      vertex 12.292690141520053 2.895938317838688 11.6
    endloop
  endfacet
  facet normal 0 0 1
    outer loop
      vertex 12.292690141520053 2.895938317838688 11.6
      vertex 25.833333333333332 0 11.6
      vertex 12.37532889043741 3.0007650711027956 11.6
    endloop
  endfacet
  facet normal 0 0 1
    outer loop
      vertex 12.37532889043741 3.0007650711027956 11.6
      vertex 25.833333333333332 0 11.6
      vertex 12.449488279401956 3.111752439982887 11.6
    endloop
  endfacet
  facet normal 0 0 1
    outer loop
      vertex 12.449488279401956 3.111752439982887 11.6
      vertex 25.833333333333332 0 11.6
      vertex 12.514711091120226 3.2282161504427704 11.6
    endloop
  endfacet
  facet normal 0 0 1
    outer loop
      vertex 12.514711091120226 3.2282161504427704 11.6
      vertex 17.381966011250107 2.0978869674096927 11.6
      vertex 17.23463313526982 2.1522409349774265 11.6
    endloop
  endfacet
  facet normal 0 0 1
    outer loop
      vertex 12.514711091120226 3.2282161504427704 11.6
      vertex 17.53310927228819 2.055260159204647 11.6
      vertex 17.381966011250107 2.0978869674096927 11.6
    endloop
  endfacet
  facet normal 0 0 1
    outer loop
      vertex 12.514711091120226 3.2282161504427704 11.6
      vertex 25.833333333333332 0 11.6
      vertex 17.53310927228819 2.055260159204647 11.6
    endloop
  endfacet
  facet normal 0 0 1
    outer loop
      vertex 12.570595205269187 3.3494381649793477 11.6
      vertex 16.824429495415053 2.381966011250105 11.6
      vertex 12.61679607770176 3.4746711095625895 11.6
    endloop
  endfacet
  facet normal 0 0 1
    outer loop
      vertex 12.61679607770176 3.4746711095625895 11.6
      vertex 16.585786437626904 2.585786437626905 11.6
      vertex 12.65302886467605 3.6031428814449606 11.6
    endloop
  endfacet
  facet normal 0 0 1
    outer loop
      vertex 12.65302886467605 3.6031428814449606 11.6
      vertex 16.47918806879994 2.7011039033396327 11.6
      vertex 12.679070179011735 3.7340614094316074 11.6
    endloop
  endfacet
  facet normal 0 0 1
    outer loop
      vertex 12.679070179011735 3.7340614094316074 11.6
      vertex 16.381966011250107 2.8244294954150537 11.6
      vertex 12.694759467346318 3.8666195372626637 11.6
    endloop
  endfacet
  facet normal 0 0 1
    outer loop
      vertex 12.694759467346318 3.8666195372626637 11.6
      vertex 16.294719671291816 2.9550028705681024 11.6
      vertex 12.7 4 11.6
    endloop
  endfacet
  facet normal 0 0 1
    outer loop
      vertex 12.7 4 11.6
      vertex 16.217986951623264 3.0920190005209065 11.6
      vertex 12.694759467346318 4.133380462737336 11.6
    endloop
  endfacet
  facet normal 0 0 1
    outer loop
      vertex 12.694759467346318 4.133380462737336 11.6
      vertex 16.152240934977428 3.2346331352698203 11.6
      vertex 12.679070179011735 4.265938590568393 11.6
    endloop
  endfacet
  facet normal 0 0 1
    outer loop
      vertex 12.679070179011735 4.265938590568393 11.6
      vertex 16.152240934977428 3.2346331352698203 11.6
      vertex 12.65302886467605 4.396857118555039 11.6
    endloop
  endfacet
  facet normal 0 0 1
    outer loop
      vertex 12.679070179011735 3.7340614094316074 11.6
      vertex 16.47918806879994 2.7011039033396327 11.6
      vertex 16.381966011250107 2.8244294954150537 11.6
    endloop
  endfacet
  facet normal 0 0 1
    outer loop
      vertex 12.694759467346318 3.8666195372626637 11.6
      vertex 16.381966011250107 2.8244294954150537 11.6
      vertex 16.294719671291816 2.9550028705681024 11.6
    endloop
  endfacet
  facet normal 0 0 1
    outer loop
      vertex 12.7 4 11.6
      vertex 16.294719671291816 2.9550028705681024 11.6
      vertex 16.217986951623264 3.0920190005209065 11.6
    endloop
  endfacet
  facet normal 0 0 1
    outer loop
      vertex 12.694759467346318 4.133380462737336 11.6
      vertex 16.217986951623264 3.0920190005209065 11.6
      vertex 16.152240934977428 3.2346331352698203 11.6
    endloop
  endfacet
  facet normal 0 0 1
    outer loop
      vertex 12.65302886467605 4.396857118555039 11.6
      vertex 16.152240934977428 3.2346331352698203 11.6
      vertex 16.097886967409693 3.381966011250105 11.6
    endloop
  endfacet
  facet normal 0 0 1
    outer loop
      vertex 12.65302886467605 4.396857118555039 11.6
      vertex 16.097886967409693 3.381966011250105 11.6
      vertex 16.055260159204646 3.5331092722881894 11.6
    endloop
  endfacet
  facet normal 0 0 1
    outer loop
      vertex 12.65302886467605 4.396857118555039 11.6
      vertex 16.055260159204646 3.5331092722881894 11.6
      vertex 16.024623318809724 3.687131069919538 11.6
    endloop
  endfacet
  facet normal 0 0 1
    outer loop
      vertex 12.65302886467605 4.396857118555039 11.6
      vertex 16.024623318809724 3.687131069919538 11.6
      vertex 16.006165332533744 3.84308180854431 11.6
    endloop
  endfacet
  facet normal 0 0 1
    outer loop
      vertex 12.65302886467605 4.396857118555039 11.6
      vertex 16.006165332533744 3.84308180854431 11.6
      vertex 16 4 11.6
    endloop
  endfacet
  facet normal 0 0 1
    outer loop
      vertex 12.65302886467605 4.396857118555039 11.6
      vertex 16 4 11.6
      vertex 16.006165332533744 4.15691819145569 11.6
    endloop
  endfacet
  facet normal 0 0 1
    outer loop
      vertex 12.65302886467605 4.396857118555039 11.6
      vertex 16.006165332533744 4.15691819145569 11.6
      vertex 16.024623318809724 4.3128689300804615 11.6
    endloop
  endfacet
  facet normal 0 0 1
    outer loop
      vertex 12.65302886467605 4.396857118555039 11.6
      vertex 16.024623318809724 4.3128689300804615 11.6
      vertex 16.055260159204646 4.466890727711811 11.6
    endloop
  endfacet
  facet normal 0 0 1
    outer loop
      vertex 12.65302886467605 4.396857118555039 11.6
      vertex 16.055260159204646 4.466890727711811 11.6
      vertex 16.097886967409693 4.618033988749895 11.6
    endloop
  endfacet
  facet normal 0 0 1
    outer loop
      vertex 12.65302886467605 4.396857118555039 11.6
      vertex 16.097886967409693 4.618033988749895 11.6
      vertex 16.152240934977428 4.765366864730179 11.6
    endloop
  endfacet
  facet normal 0 0 1
    outer loop
      vertex 12.65302886467605 4.396857118555039 11.6
      vertex 16.152240934977428 4.765366864730179 11.6
      vertex 16.217986951623264 4.9079809994790935 11.6
    endloop
  endfacet
  facet normal 0 0 1
    outer loop
      vertex 12.65302886467605 4.396857118555039 11.6
      vertex 16.217986951623264 4.9079809994790935 11.6
      vertex 16.294719671291816 5.044997129431898 11.6
    endloop
  endfacet
  facet normal 0 0 1
    outer loop
      vertex 12.65302886467605 4.396857118555039 11.6
      vertex 16.294719671291816 5.044997129431898 11.6
      vertex 16.381966011250107 5.175570504584947 11.6
    endloop
  endfacet
  facet normal 0 0 1
    outer loop
      vertex 12.65302886467605 4.396857118555039 11.6
      vertex 16.381966011250107 5.175570504584947 11.6
      vertex 16.47918806879994 5.298896096660368 11.6
    endloop
  endfacet
  facet normal 0 0 1
    outer loop
      vertex 12.65302886467605 4.396857118555039 11.6
      vertex 16.47918806879994 5.298896096660368 11.6
      vertex 16.585786437626904 5.414213562373095 11.6
    endloop
  endfacet
  facet normal 0 0 1
    outer loop
      vertex 12.65302886467605 4.396857118555039 11.6
      vertex 16.585786437626904 5.414213562373095 11.6
      vertex 16.701103903339632 5.520811931200062 11.6
    endloop
  endfacet
  facet normal 0 0 1
    outer loop
      vertex 12.65302886467605 4.396857118555039 11.6
      vertex 16.701103903339632 5.520811931200062 11.6
      vertex 16.824429495415053 5.618033988749895 11.6
    endloop
  endfacet
  facet normal 0 0 1
    outer loop
      vertex 12.65302886467605 4.396857118555039 11.6
      vertex 16.824429495415053 5.618033988749895 11.6
      vertex 16.9550028705681 5.705280328708184 11.6
    endloop
  endfacet
  facet normal 0 0 1
    outer loop
      vertex 12.65302886467605 4.396857118555039 11.6
      vertex 16.9550028705681 5.705280328708184 11.6
      vertex 17.092019000520907 5.782013048376736 11.6
    endloop
  endfacet
  facet normal 0 0 1
    outer loop
      vertex 12.449488279401956 4.888247560017113 11.6
      vertex 22 8.022528801195186 11.6
      vertex 12.37532889043741 4.999234928897204 11.6
    endloop
  endfacet
  facet normal 0 0 1
    outer loop
      vertex 12.65302886467605 4.396857118555039 11.6
      vertex 17.092019000520907 5.782013048376736 11.6
      vertex 17.23463313526982 5.847759065022574 11.6
    endloop
  endfacet
  facet normal 0 0 1
    outer loop
      vertex 12.65302886467605 4.396857118555039 11.6
      vertex 17.23463313526982 5.847759065022574 11.6
      vertex 17.381966011250107 5.902113032590307 11.6
    endloop
  endfacet
  facet normal 0 0 1
    outer loop
      vertex 12.65302886467605 4.396857118555039 11.6
      vertex 22 8.022528801195186 11.6
      vertex 12.61679607770176 4.525328890437411 11.6
    endloop
  endfacet
  facet normal 0 0 1
    outer loop
      vertex 12.61679607770176 4.525328890437411 11.6
      vertex 22 8.022528801195186 11.6
      vertex 12.570595205269187 4.650561835020652 11.6
    endloop
  endfacet
  facet normal 0 0 1
    outer loop
      vertex 12.570595205269187 4.650561835020652 11.6
      vertex 22 8.022528801195186 11.6
      vertex 12.514711091120226 4.771783849557229 11.6
    endloop
  endfacet
  facet normal 0 0 1
    outer loop
      vertex 12.449488279401956 4.888247560017113 11.6
      vertex 12.514711091120226 4.771783849557229 11.6
      vertex 22 8.022528801195186 11.6
    endloop
  endfacet
  facet normal 0 0 1
    outer loop
      vertex 25.833333333333332 0 11.6
      vertex 17.687131069919538 2.0246233188097245 11.6
      vertex 17.53310927228819 2.055260159204647 11.6
    endloop
  endfacet
  facet normal 0 0 1
    outer loop
      vertex 25.833333333333332 0 11.6
      vertex 17.84308180854431 2.006165332533744 11.6
      vertex 17.687131069919538 2.0246233188097245 11.6
    endloop
  endfacet
  facet normal 0 0 1
    outer loop
      vertex 25.833333333333332 0 11.6
      vertex 18 2 11.6
      vertex 17.84308180854431 2.006165332533744 11.6
    endloop
  endfacet
  facet normal 0 0 1
    outer loop
      vertex 25.833333333333332 0 11.6
      vertex 18.15691819145569 2.006165332533744 11.6
      vertex 18 2 11.6
    endloop
  endfacet
  facet normal 0 0 1
    outer loop
      vertex 25.833333333333332 0 11.6
      vertex 18.312868930080462 2.0246233188097245 11.6
      vertex 18.15691819145569 2.006165332533744 11.6
    endloop
  endfacet
  facet normal 0 0 1
    outer loop
      vertex 25.833333333333332 0 11.6
      vertex 18.46689072771181 2.055260159204647 11.6
      vertex 18.312868930080462 2.0246233188097245 11.6
    endloop
  endfacet
  facet normal 0 0 1
    outer loop
      vertex 25.833333333333332 0 11.6
      vertex 18.618033988749893 2.0978869674096927 11.6
      vertex 18.46689072771181 2.055260159204647 11.6
    endloop
  endfacet
  facet normal 0 0 1
    outer loop
      vertex 25.833333333333332 0 11.6
      vertex 18.76536686473018 2.1522409349774265 11.6
      vertex 18.618033988749893 2.0978869674096927 11.6
    endloop
  endfacet
  facet normal 0 0 1
    outer loop
      vertex 25.833333333333332 0 11.6
      vertex 18.907980999479093 2.2179869516232644 11.6
      vertex 18.76536686473018 2.1522409349774265 11.6
    endloop
  endfacet
  facet normal 0 0 1
    outer loop
      vertex 25.833333333333332 0 11.6
      vertex 19.0449971294319 2.2947196712918156 11.6
      vertex 18.907980999479093 2.2179869516232644 11.6
    endloop
  endfacet
  facet normal 0 0 1
    outer loop
      vertex 25.833333333333332 0 11.6
      vertex 19.175570504584947 2.381966011250105 11.6
      vertex 19.0449971294319 2.2947196712918156 11.6
    endloop
  endfacet
  facet normal 0 0 1
    outer loop
      vertex 25.833333333333332 0 11.6
      vertex 19.298896096660368 2.479188068799938 11.6
      vertex 19.175570504584947 2.381966011250105 11.6
    endloop
  endfacet
  facet normal 0 0 1
    outer loop
      vertex 25.833333333333332 0 11.6
      vertex 19.414213562373096 2.585786437626905 11.6
      vertex 19.298896096660368 2.479188068799938 11.6
    endloop
  endfacet
  facet normal 0 0 1
    outer loop
      vertex 25.833333333333332 0 11.6
      vertex 19.52081193120006 2.7011039033396327 11.6
      vertex 19.414213562373096 2.585786437626905 11.6
    endloop
  endfacet
  facet normal 0 0 1
    outer loop
      vertex 25.833333333333332 0 11.6
      vertex 19.618033988749893 2.8244294954150537 11.6
      vertex 19.52081193120006 2.7011039033396327 11.6
    endloop
  endfacet
  facet normal 0 0 1
    outer loop
      vertex 25.833333333333332 0 11.6
      vertex 19.705280328708184 2.9550028705681024 11.6
      vertex 19.618033988749893 2.8244294954150537 11.6
    endloop
  endfacet
  facet normal 0 0 1
    outer loop
      vertex 25.833333333333332 0 11.6
      vertex 19.782013048376736 3.0920190005209065 11.6
      vertex 19.705280328708184 2.9550028705681024 11.6
    endloop
  endfacet
  facet normal 0 0 1
    outer loop
      vertex 25.833333333333332 0 11.6
      vertex 19.847759065022572 3.2346331352698203 11.6
      vertex 19.782013048376736 3.0920190005209065 11.6
    endloop
  endfacet
  facet normal 0 0 1
    outer loop
      vertex 25.833333333333332 0 11.6
      vertex 19.902113032590307 3.381966011250105 11.6
      vertex 19.847759065022572 3.2346331352698203 11.6
    endloop
  endfacet
  facet normal 0 0 1
    outer loop
      vertex 25.833333333333332 0 11.6
      vertex 19.944739840795354 3.5331092722881894 11.6
      vertex 19.902113032590307 3.381966011250105 11.6
    endloop
  endfacet
  facet normal 0 0 1
    outer loop
      vertex 25.833333333333332 0 11.6
      vertex 19.975376681190276 3.687131069919538 11.6
      vertex 19.944739840795354 3.5331092722881894 11.6
    endloop
  endfacet
  facet normal 0 0 1
    outer loop
      vertex 25.833333333333332 0 11.6
      vertex 19.993834667466256 3.84308180854431 11.6
      vertex 19.975376681190276 3.687131069919538 11.6
    endloop
  endfacet
  facet normal 0 0 1
    outer loop
      vertex 25.833333333333332 0 11.6
      vertex 20 4 11.6
      vertex 19.993834667466256 3.84308180854431 11.6
    endloop
  endfacet
  facet normal 0 0 1
    outer loop
      vertex 22 8.022528801195186 11.6
      vertex 19.993834667466256 4.15691819145569 11.6
      vertex 20 4 11.6
    endloop
  endfacet
  facet normal 0 0 1
    outer loop
      vertex 22 8.022528801195186 11.6
      vertex 19.975376681190276 4.3128689300804615 11.6
      vertex 19.993834667466256 4.15691819145569 11.6
    endloop
  endfacet
  facet normal 0 0 1
    outer loop
      vertex 22 8.022528801195186 11.6
      vertex 19.944739840795354 4.466890727711811 11.6
      vertex 19.975376681190276 4.3128689300804615 11.6
    endloop
  endfacet
  facet normal 0 0 1
    outer loop
      vertex 22 8.022528801195186 11.6
      vertex 19.902113032590307 4.618033988749895 11.6
      vertex 19.944739840795354 4.466890727711811 11.6
    endloop
  endfacet
  facet normal 0 0 1
    outer loop
      vertex 22 8.022528801195186 11.6
      vertex 19.847759065022572 4.765366864730179 11.6
      vertex 19.902113032590307 4.618033988749895 11.6
    endloop
  endfacet
  facet normal 0 0 1
    outer loop
      vertex 22 8.022528801195186 11.6
      vertex 19.705280328708184 5.044997129431898 11.6
      vertex 19.782013048376736 4.9079809994790935 11.6
    endloop
  endfacet
  facet normal 0 0 1
    outer loop
      vertex 22 8.022528801195186 11.6
      vertex 19.782013048376736 4.9079809994790935 11.6
      vertex 19.847759065022572 4.765366864730179 11.6
    endloop
  endfacet
  facet normal 0 0 1
    outer loop
      vertex 22 8.022528801195186 11.6
      vertex 20 4 11.6
      vertex 25.833333333333332 0 11.6
    endloop
  endfacet
  facet normal 0 0 1
    outer loop
      vertex 10.603142881444962 5.65302886467605 11.6
      vertex 10.734061409431607 5.679070179011735 11.6
      vertex 22 8.022528801195186 11.6
    endloop
  endfacet
  facet normal 0 0 1
    outer loop
      vertex 10.734061409431607 5.679070179011735 11.6
      vertex 10.866619537262663 5.6947594673463175 11.6
      vertex 22 8.022528801195186 11.6
    endloop
  endfacet
  facet normal 0 0 1
    outer loop
      vertex 10.866619537262663 5.6947594673463175 11.6
      vertex 11 5.7 11.6
      vertex 22 8.022528801195186 11.6
    endloop
  endfacet
  facet normal 0 0 1
    outer loop
      vertex 11.133380462737337 5.6947594673463175 11.6
      vertex 11.265938590568393 5.679070179011735 11.6
      vertex 22 8.022528801195186 11.6
    endloop
  endfacet
  facet normal 0 0 1
    outer loop
      vertex 11 5.7 11.6
      vertex 11.133380462737337 5.6947594673463175 11.6
      vertex 22 8.022528801195186 11.6
    endloop
  endfacet
  facet normal 0 0 1
    outer loop
      vertex 11.650561835020653 5.570595205269187 11.6
      vertex 11.77178384955723 5.514711091120225 11.6
      vertex 22 8.022528801195186 11.6
    endloop
  endfacet
  facet normal 0 0 1
    outer loop
      vertex 11.77178384955723 5.514711091120225 11.6
      vertex 11.888247560017113 5.449488279401956 11.6
      vertex 22 8.022528801195186 11.6
    endloop
  endfacet
  facet normal 0 0 1
    outer loop
      vertex 12.37532889043741 4.999234928897204 11.6
      vertex 22 8.022528801195186 11.6
      vertex 12.292690141520053 5.104061682161312 11.6
    endloop
  endfacet
  facet normal 0 0 1
    outer loop
      vertex 12.292690141520053 5.104061682161312 11.6
      vertex 22 8.022528801195186 11.6
      vertex 12.20208152801713 5.202081528017131 11.6
    endloop
  endfacet
  facet normal 0 0 1
    outer loop
      vertex 12.20208152801713 5.202081528017131 11.6
      vertex 22 8.022528801195186 11.6
      vertex 12.104061682161312 5.292690141520053 11.6
    endloop
  endfacet
  facet normal 0 0 1
    outer loop
      vertex 12.104061682161312 5.292690141520053 11.6
      vertex 22 8.022528801195186 11.6
      vertex 11.999234928897204 5.375328890437411 11.6
    endloop
  endfacet
  facet normal 0 0 1
    outer loop
      vertex 11.999234928897204 5.375328890437411 11.6
      vertex 22 8.022528801195186 11.6
      vertex 11.888247560017113 5.449488279401956 11.6
    endloop
  endfacet
  facet normal 0 0 1
    outer loop
      vertex 11.265938590568393 5.679070179011735 11.6
      vertex 11.396857118555038 5.65302886467605 11.6
      vertex 22 8.022528801195186 11.6
    endloop
  endfacet
  facet normal 0 0 1
    outer loop
      vertex 11.525328890437411 5.6167960777017605 11.6
      vertex 22 8.022528801195186 11.6
      vertex 11.396857118555038 5.65302886467605 11.6
    endloop
  endfacet
  facet normal 0 0 1
    outer loop
      vertex 11.525328890437411 5.6167960777017605 11.6
      vertex 11.650561835020653 5.570595205269187 11.6
      vertex 22 8.022528801195186 11.6
    endloop
  endfacet
  facet normal 0 0 1
    outer loop
      vertex 12.65302886467605 4.396857118555039 11.6
      vertex 17.381966011250107 5.902113032590307 11.6
      vertex 22 8.022528801195186 11.6
    endloop
  endfacet
  facet normal 0 0 1
    outer loop
      vertex 22 8.022528801195186 11.6
      vertex 17.381966011250107 5.902113032590307 11.6
      vertex 17.53310927228819 5.944739840795354 11.6
    endloop
  endfacet
  facet normal 0 0 1
    outer loop
      vertex 22 8.022528801195186 11.6
      vertex 17.53310927228819 5.944739840795354 11.6
      vertex 17.687131069919538 5.9753766811902755 11.6
    endloop
  endfacet
  facet normal 0 0 1
    outer loop
      vertex 22 8.022528801195186 11.6
      vertex 17.687131069919538 5.9753766811902755 11.6
      vertex 17.84308180854431 5.993834667466256 11.6
    endloop
  endfacet
  facet normal 0 0 1
    outer loop
      vertex 22 8.022528801195186 11.6
      vertex 17.84308180854431 5.993834667466256 11.6
      vertex 18 6 11.6
    endloop
  endfacet
  facet normal 0 0 1
    outer loop
      vertex 22 8.022528801195186 11.6
      vertex 18 6 11.6
      vertex 18.15691819145569 5.993834667466256 11.6
    endloop
  endfacet
  facet normal 0 0 1
    outer loop
      vertex 22 8.022528801195186 11.6
      vertex 18.15691819145569 5.993834667466256 11.6
      vertex 18.312868930080462 5.9753766811902755 11.6
    endloop
  endfacet
  facet normal 0 0 1
    outer loop
      vertex 22 8.022528801195186 11.6
      vertex 19.414213562373096 5.414213562373095 11.6
      vertex 19.52081193120006 5.298896096660368 11.6
    endloop
  endfacet
  facet normal 0 0 1
    outer loop
      vertex 22 8.022528801195186 11.6
      vertex 19.298896096660368 5.520811931200062 11.6
      vertex 19.414213562373096 5.414213562373095 11.6
    endloop
  endfacet
  facet normal 0 0 1
    outer loop
      vertex 22 8.022528801195186 11.6
      vertex 18.76536686473018 5.847759065022574 11.6
      vertex 18.907980999479093 5.782013048376736 11.6
    endloop
  endfacet
  facet normal 0 0 1
    outer loop
      vertex 22 8.022528801195186 11.6
      vertex 18.312868930080462 5.9753766811902755 11.6
      vertex 18.46689072771181 5.944739840795354 11.6
    endloop
  endfacet
  facet normal 0 0 1
    outer loop
      vertex 22 8.022528801195186 11.6
      vertex 18.46689072771181 5.944739840795354 11.6
      vertex 18.618033988749893 5.902113032590307 11.6
    endloop
  endfacet
  facet normal 0 0 1
    outer loop
      vertex 22 8.022528801195186 11.6
      vertex 18.618033988749893 5.902113032590307 11.6
      vertex 18.76536686473018 5.847759065022574 11.6
    endloop
  endfacet
  facet normal 0 0 1
    outer loop
      vertex 22 8.022528801195186 11.6
      vertex 19.0449971294319 5.705280328708184 11.6
      vertex 19.175570504584947 5.618033988749895 11.6
    endloop
  endfacet
  facet normal 0 0 1
    outer loop
      vertex 22 8.022528801195186 11.6
      vertex 18.907980999479093 5.782013048376736 11.6
      vertex 19.0449971294319 5.705280328708184 11.6
    endloop
  endfacet
  facet normal 0 0 1
    outer loop
      vertex 22 8.022528801195186 11.6
      vertex 19.175570504584947 5.618033988749895 11.6
      vertex 19.298896096660368 5.520811931200062 11.6
    endloop
  endfacet
  facet normal 0 0 1
    outer loop
      vertex 22 8.022528801195186 11.6
      vertex 19.618033988749893 5.175570504584947 11.6
      vertex 19.705280328708184 5.044997129431898 11.6
    endloop
  endfacet
  facet normal 0 0 1
    outer loop
      vertex 22 8.022528801195186 11.6
      vertex 19.52081193120006 5.298896096660368 11.6
      vertex 19.618033988749893 5.175570504584947 11.6
    endloop
  endfacet
  facet normal 0 0 1
    outer loop
      vertex 22 8.022528801195186 11.6
      vertex 25.833333333333332 0 11.6
      vertex 26.895938317838688 10.707309858479947 11.6
    endloop
  endfacet
  facet normal 0 0 1
    outer loop
      vertex 22 8.022528801195186 11.6
      vertex 26.485288908879774 11.22821615044277 11.6
      vertex 26.429404794730814 11.349438164979347 11.6
    endloop
  endfacet
  facet normal 0 0 1
    outer loop
      vertex 22 8.022528801195186 11.6
      vertex 26.429404794730814 11.349438164979347 11.6
      vertex 22 15.977471198804814 11.6
    endloop
  endfacet
  facet normal 0 0 1
    outer loop
      vertex 0 15.977471198804814 11.6
      vertex 10.603142881444962 18.34697113532395 11.6
      vertex 10.474671109562589 18.38320392229824 11.6
    endloop
  endfacet
  facet normal 0 0 1
    outer loop
      vertex 0 15.977471198804814 11.6
      vertex 10.474671109562589 18.38320392229824 11.6
      vertex 10.349438164979347 18.429404794730814 11.6
    endloop
  endfacet
  facet normal 0 0 1
    outer loop
      vertex 0 15.977471198804814 11.6
      vertex 10.000765071102796 18.62467110956259 11.6
      vertex 9.895938317838688 18.70730985847995 11.6
    endloop
  endfacet
  facet normal 0 0 1
    outer loop
      vertex 0 15.977471198804814 11.6
      vertex 9.707309858479947 18.895938317838688 11.6
      vertex 9.62467110956259 19.000765071102794 11.6
    endloop
  endfacet
  facet normal 0 0 1
    outer loop
      vertex 0 15.977471198804814 11.6
      vertex 9.79791847198287 18.797918471982868 11.6
      vertex 9.707309858479947 18.895938317838688 11.6
    endloop
  endfacet
  facet normal 0 0 1
    outer loop
      vertex 0 15.977471198804814 11.6
      vertex 9.895938317838688 18.70730985847995 11.6
      vertex 9.79791847198287 18.797918471982868 11.6
    endloop
  endfacet
  facet normal 0 0 1
    outer loop
      vertex 0 15.977471198804814 11.6
      vertex 10.111752439982887 18.550511720598042 11.6
      vertex 10.000765071102796 18.62467110956259 11.6
    endloop
  endfacet
  facet normal 0 0 1
    outer loop
      vertex 0 15.977471198804814 11.6
      vertex 10.22821615044277 18.485288908879774 11.6
      vertex 10.111752439982887 18.550511720598042 11.6
    endloop
  endfacet
  facet normal 0 0 1
    outer loop
      vertex 0 15.977471198804814 11.6
      vertex 10.349438164979347 18.429404794730814 11.6
      vertex 10.22821615044277 18.485288908879774 11.6
    endloop
  endfacet
  facet normal 0 0 1
    outer loop
      vertex 0 15.977471198804814 11.6
      vertex 10.734061409431607 18.320929820988265 11.6
      vertex 10.603142881444962 18.34697113532395 11.6
    endloop
  endfacet
  facet normal 0 0 1
    outer loop
      vertex 0 15.977471198804814 11.6
      vertex 10.866619537262663 18.305240532653684 11.6
      vertex 10.734061409431607 18.320929820988265 11.6
    endloop
  endfacet
  facet normal 0 0 1
    outer loop
      vertex 0 15.977471198804814 11.6
      vertex 11 18.3 11.6
      vertex 10.866619537262663 18.305240532653684 11.6
    endloop
  endfacet
  facet normal 0 0 1
    outer loop
      vertex 0 15.977471198804814 11.6
      vertex 22 15.977471198804814 11.6
      vertex 11 18.3 11.6
    endloop
  endfacet
  facet normal 0 0 1
    outer loop
      vertex 0 15.977471198804814 11.6
      vertex 9.550511720598044 19.111752439982887 11.6
      vertex 0 24 11.6
    endloop
  endfacet
  facet normal 0 0 1
    outer loop
      vertex 0 24 11.6
      vertex 9.38320392229824 19.47467110956259 11.6
      vertex 9.34697113532395 19.60314288144496 11.6
    endloop
  endfacet
  facet normal 0 0 1
    outer loop
      vertex 0 24 11.6
      vertex 9.34697113532395 19.60314288144496 11.6
      vertex 9.320929820988265 19.734061409431607 11.6
    endloop
  endfacet
  facet normal 0 0 1
    outer loop
      vertex 0 24 11.6
      vertex 9.320929820988265 19.734061409431607 11.6
      vertex 9.305240532653682 19.866619537262665 11.6
    endloop
  endfacet
  facet normal 0 0 1
    outer loop
      vertex 0 24 11.6
      vertex 9.305240532653682 19.866619537262665 11.6
      vertex 9.3 20 11.6
    endloop
  endfacet
  facet normal 0 0 1
    outer loop
      vertex 0 24 11.6
      vertex 9.3 20 11.6
      vertex 9.305240532653682 20.133380462737335 11.6
    endloop
  endfacet
  facet normal 0 0 1
    outer loop
      vertex 0 24 11.6
      vertex 9.305240532653682 20.133380462737335 11.6
      vertex 9.320929820988265 20.265938590568393 11.6
    endloop
  endfacet
  facet normal 0 0 1
    outer loop
      vertex 0 24 11.6
      vertex 9.320929820988265 20.265938590568393 11.6
      vertex 9.34697113532395 20.39685711855504 11.6
    endloop
  endfacet
  facet normal 0 0 1
    outer loop
      vertex 0 24 11.6
      vertex 9.34697113532395 20.39685711855504 11.6
      vertex 9.38320392229824 20.52532889043741 11.6
    endloop
  endfacet
  facet normal 0 0 1
    outer loop
      vertex 0 15.977471198804814 11.6
      vertex 9.62467110956259 19.000765071102794 11.6
      vertex 9.550511720598044 19.111752439982887 11.6
    endloop
  endfacet
  facet normal 0 0 1
    outer loop
      vertex 0 24 11.6
      vertex 9.550511720598044 19.111752439982887 11.6
      vertex 9.485288908879774 19.22821615044277 11.6
    endloop
  endfacet
  facet normal 0 0 1
    outer loop
      vertex 0 24 11.6
      vertex 9.485288908879774 19.22821615044277 11.6
      vertex 9.429404794730813 19.349438164979347 11.6
    endloop
  endfacet
  facet normal 0 0 1
    outer loop
      vertex 0 24 11.6
      vertex 9.429404794730813 19.349438164979347 11.6
      vertex 9.38320392229824 19.47467110956259 11.6
    endloop
  endfacet
  facet normal 0 0 1
    outer loop
      vertex 0 24 11.6
      vertex 9.38320392229824 20.52532889043741 11.6
      vertex 9.429404794730813 20.650561835020653 11.6
    endloop
  endfacet
  facet normal 0 0 1
    outer loop
      vertex 0 24 11.6
      vertex 9.429404794730813 20.650561835020653 11.6
      vertex 9.485288908879774 20.77178384955723 11.6
    endloop
  endfacet
  facet normal 0 0 1
    outer loop
      vertex 0 24 11.6
      vertex 9.485288908879774 20.77178384955723 11.6
      vertex 9.550511720598044 20.888247560017113 11.6
    endloop
  endfacet
  facet normal 0 0 1
    outer loop
      vertex 0 24 11.6
      vertex 9.550511720598044 20.888247560017113 11.6
      vertex 9.62467110956259 20.999234928897206 11.6
    endloop
  endfacet
  facet normal 0 0 1
    outer loop
      vertex 0 24 11.6
      vertex 9.62467110956259 20.999234928897206 11.6
      vertex 9.707309858479947 21.104061682161312 11.6
    endloop
  endfacet
  facet normal 0 0 1
    outer loop
      vertex 0 24 11.6
      vertex 9.707309858479947 21.104061682161312 11.6
      vertex 9.79791847198287 21.202081528017132 11.6
    endloop
  endfacet
  facet normal 0 0 1
    outer loop
      vertex 0 24 11.6
      vertex 9.79791847198287 21.202081528017132 11.6
      vertex 9.895938317838688 21.29269014152005 11.6
    endloop
  endfacet
  facet normal 0 0 1
    outer loop
      vertex 0 24 11.6
      vertex 9.895938317838688 21.29269014152005 11.6
      vertex 10.000765071102796 21.37532889043741 11.6
    endloop
  endfacet
  facet normal 0 0 1
    outer loop
      vertex 0 24 11.6
      vertex 10.000765071102796 21.37532889043741 11.6
      vertex 10.111752439982887 21.449488279401958 11.6
    endloop
  endfacet
  facet normal 0 0 1
    outer loop
      vertex 0 24 11.6
      vertex 10.111752439982887 21.449488279401958 11.6
      vertex 10.22821615044277 21.514711091120226 11.6
    endloop
  endfacet
  facet normal 0 0 1
    outer loop
      vertex 0 24 11.6
      vertex 10.22821615044277 21.514711091120226 11.6
      vertex 10.349438164979347 21.570595205269186 11.6
    endloop
  endfacet
  facet normal 0 0 1
    outer loop
      vertex 0 24 11.6
      vertex 10.349438164979347 21.570595205269186 11.6
      vertex 10.474671109562589 21.61679607770176 11.6
    endloop
  endfacet
  facet normal 0 0 1
    outer loop
      vertex 0 24 11.6
      vertex 10.474671109562589 21.61679607770176 11.6
      vertex 10.603142881444962 21.65302886467605 11.6
    endloop
  endfacet
  facet normal 0 0 1
    outer loop
      vertex 0 24 11.6
      vertex 10.603142881444962 21.65302886467605 11.6
      vertex 10.734061409431607 21.679070179011735 11.6
    endloop
  endfacet
  facet normal 0 0 1
    outer loop
      vertex 0 24 11.6
      vertex 10.734061409431607 21.679070179011735 11.6
      vertex 10.866619537262663 21.694759467346316 11.6
    endloop
  endfacet
  facet normal 0 0 1
    outer loop
      vertex 0 24 11.6
      vertex 10.866619537262663 21.694759467346316 11.6
      vertex 11 21.7 11.6
    endloop
  endfacet
  facet normal 0 0 1
    outer loop
      vertex 0 24 11.6
      vertex 11 21.7 11.6
      vertex 11.133380462737337 21.694759467346316 11.6
    endloop
  endfacet
  facet normal 0 0 1
    outer loop
      vertex 0 24 11.6
      vertex 11.133380462737337 21.694759467346316 11.6
      vertex 11.265938590568393 21.679070179011735 11.6
    endloop
  endfacet
  facet normal 0 0 1
    outer loop
      vertex 0 24 11.6
      vertex 11.265938590568393 21.679070179011735 11.6
      vertex 11.396857118555038 21.65302886467605 11.6
    endloop
  endfacet
  facet normal 0 0 1
    outer loop
      vertex 0 24 11.6
      vertex 11.396857118555038 21.65302886467605 11.6
      vertex 25.815716042803068 24 11.6
    endloop
  endfacet
  facet normal 0 0 1
    outer loop
      vertex 11 18.3 11.6
      vertex 22 15.977471198804814 11.6
      vertex 11.133380462737337 18.305240532653684 11.6
    endloop
  endfacet
  facet normal 0 0 1
    outer loop
      vertex 11.133380462737337 18.305240532653684 11.6
      vertex 22 15.977471198804814 11.6
      vertex 11.265938590568393 18.320929820988265 11.6
    endloop
  endfacet
  facet normal 0 0 1
    outer loop
      vertex 11.265938590568393 18.320929820988265 11.6
      vertex 22 15.977471198804814 11.6
      vertex 11.396857118555038 18.34697113532395 11.6
    endloop
  endfacet
  facet normal 0 0 1
    outer loop
      vertex 11.396857118555038 18.34697113532395 11.6
      vertex 22 15.977471198804814 11.6
      vertex 11.525328890437411 18.38320392229824 11.6
    endloop
  endfacet
  facet normal 0 0 1
    outer loop
      vertex 11.525328890437411 18.38320392229824 11.6
      vertex 22 15.977471198804814 11.6
      vertex 11.650561835020653 18.429404794730814 11.6
    endloop
  endfacet
  facet normal 0 0 1
    outer loop
      vertex 11.650561835020653 18.429404794730814 11.6
      vertex 22 15.977471198804814 11.6
      vertex 11.77178384955723 18.485288908879774 11.6
    endloop
  endfacet
  facet normal 0 0 1
    outer loop
      vertex 11.77178384955723 18.485288908879774 11.6
      vertex 22 15.977471198804814 11.6
      vertex 11.888247560017113 18.550511720598042 11.6
    endloop
  endfacet
  facet normal 0 0 1
    outer loop
      vertex 11.888247560017113 18.550511720598042 11.6
      vertex 22 15.977471198804814 11.6
      vertex 11.999234928897204 18.62467110956259 11.6
    endloop
  endfacet
  facet normal 0 0 1
    outer loop
      vertex 11.999234928897204 18.62467110956259 11.6
      vertex 22 15.977471198804814 11.6
      vertex 12.104061682161312 18.70730985847995 11.6
    endloop
  endfacet
  facet normal 0 0 1
    outer loop
      vertex 12.104061682161312 18.70730985847995 11.6
      vertex 22 15.977471198804814 11.6
      vertex 12.20208152801713 18.797918471982868 11.6
    endloop
  endfacet
  facet normal 0 0 1
    outer loop
      vertex 12.20208152801713 18.797918471982868 11.6
      vertex 22 15.977471198804814 11.6
      vertex 12.292690141520053 18.895938317838688 11.6
    endloop
  endfacet
  facet normal 0 0 1
    outer loop
      vertex 12.292690141520053 18.895938317838688 11.6
      vertex 22 15.977471198804814 11.6
      vertex 12.37532889043741 19.000765071102794 11.6
    endloop
  endfacet
  facet normal 0 0 1
    outer loop
      vertex 12.449488279401956 19.111752439982887 11.6
      vertex 22 15.977471198804814 11.6
      vertex 17.53310927228819 18.055260159204646 11.6
    endloop
  endfacet
  facet normal 0 0 1
    outer loop
      vertex 22 15.977471198804814 11.6
      vertex 26.429404794730814 11.349438164979347 11.6
      vertex 26.38320392229824 11.474671109562589 11.6
    endloop
  endfacet
  facet normal 0 0 1
    outer loop
      vertex 22 15.977471198804814 11.6
      vertex 26.38320392229824 11.474671109562589 11.6
      vertex 26.34697113532395 11.603142881444962 11.6
    endloop
  endfacet
  facet normal 0 0 1
    outer loop
      vertex 22 15.977471198804814 11.6
      vertex 26.34697113532395 11.603142881444962 11.6
      vertex 26.320929820988265 11.734061409431607 11.6
    endloop
  endfacet
  facet normal 0 0 1
    outer loop
      vertex 22 15.977471198804814 11.6
      vertex 26.320929820988265 11.734061409431607 11.6
      vertex 26.305240532653684 11.866619537262663 11.6
    endloop
  endfacet
  facet normal 0 0 1
    outer loop
      vertex 22 15.977471198804814 11.6
      vertex 26.305240532653684 11.866619537262663 11.6
      vertex 26.3 12 11.6
    endloop
  endfacet
  facet normal 0 0 1
    outer loop
      vertex 22 15.977471198804814 11.6
      vertex 26.3 12 11.6
      vertex 26.305240532653684 12.133380462737337 11.6
    endloop
  endfacet
  facet normal 0 0 1
    outer loop
      vertex 22 15.977471198804814 11.6
      vertex 26.305240532653684 12.133380462737337 11.6
      vertex 26.320929820988265 12.265938590568393 11.6
    endloop
  endfacet
  facet normal 0 0 1
    outer loop
      vertex 22 15.977471198804814 11.6
      vertex 26.320929820988265 12.265938590568393 11.6
      vertex 26.34697113532395 12.396857118555038 11.6
    endloop
  endfacet
  facet normal 0 0 1
    outer loop
      vertex 22 15.977471198804814 11.6
      vertex 26.34697113532395 12.396857118555038 11.6
      vertex 26.38320392229824 12.525328890437411 11.6
    endloop
  endfacet
  facet normal 0 0 1
    outer loop
      vertex 22 15.977471198804814 11.6
      vertex 26.38320392229824 12.525328890437411 11.6
      vertex 26.429404794730814 12.650561835020653 11.6
    endloop
  endfacet
  facet normal 0 0 1
    outer loop
      vertex 22 15.977471198804814 11.6
      vertex 26.429404794730814 12.650561835020653 11.6
      vertex 26.485288908879774 12.77178384955723 11.6
    endloop
  endfacet
  facet normal 0 0 1
    outer loop
      vertex 22 15.977471198804814 11.6
      vertex 17.687131069919538 18.024623318809724 11.6
      vertex 17.53310927228819 18.055260159204646 11.6
    endloop
  endfacet
  facet normal 0 0 1
    outer loop
      vertex 22 15.977471198804814 11.6
      vertex 17.84308180854431 18.006165332533744 11.6
      vertex 17.687131069919538 18.024623318809724 11.6
    endloop
  endfacet
  facet normal 0 0 1
    outer loop
      vertex 22 15.977471198804814 11.6
      vertex 18 18 11.6
      vertex 17.84308180854431 18.006165332533744 11.6
    endloop
  endfacet
  facet normal 0 0 1
    outer loop
      vertex 22 15.977471198804814 11.6
      vertex 18.15691819145569 18.006165332533744 11.6
      vertex 18 18 11.6
    endloop
  endfacet
  facet normal 0 0 1
    outer loop
      vertex 22 15.977471198804814 11.6
      vertex 18.312868930080462 18.024623318809724 11.6
      vertex 18.15691819145569 18.006165332533744 11.6
    endloop
  endfacet
  facet normal 0 0 1
    outer loop
      vertex 22 15.977471198804814 11.6
      vertex 18.46689072771181 18.055260159204646 11.6
      vertex 18.312868930080462 18.024623318809724 11.6
    endloop
  endfacet
  facet normal 0 0 1
    outer loop
      vertex 22 15.977471198804814 11.6
      vertex 18.618033988749893 18.097886967409693 11.6
      vertex 18.46689072771181 18.055260159204646 11.6
    endloop
  endfacet
  facet normal 0 0 1
    outer loop
      vertex 22 15.977471198804814 11.6
      vertex 18.76536686473018 18.152240934977428 11.6
      vertex 18.618033988749893 18.097886967409693 11.6
    endloop
  endfacet
  facet normal 0 0 1
    outer loop
      vertex 22 15.977471198804814 11.6
      vertex 18.907980999479093 18.217986951623264 11.6
      vertex 18.76536686473018 18.152240934977428 11.6
    endloop
  endfacet
  facet normal 0 0 1
    outer loop
      vertex 22 15.977471198804814 11.6
      vertex 19.0449971294319 18.294719671291816 11.6
      vertex 18.907980999479093 18.217986951623264 11.6
    endloop
  endfacet
  facet normal 0 0 1
    outer loop
      vertex 22 15.977471198804814 11.6
      vertex 19.175570504584947 18.381966011250107 11.6
      vertex 19.0449971294319 18.294719671291816 11.6
    endloop
  endfacet
  facet normal 0 0 1
    outer loop
      vertex 22 15.977471198804814 11.6
      vertex 19.298896096660368 18.47918806879994 11.6
      vertex 19.175570504584947 18.381966011250107 11.6
    endloop
  endfacet
  facet normal 0 0 1
    outer loop
      vertex 22 15.977471198804814 11.6
      vertex 19.414213562373096 18.585786437626904 11.6
      vertex 19.298896096660368 18.47918806879994 11.6
    endloop
  endfacet
  facet normal 0 0 1
    outer loop
      vertex 22 15.977471198804814 11.6
      vertex 19.52081193120006 18.701103903339632 11.6
      vertex 19.414213562373096 18.585786437626904 11.6
    endloop
  endfacet
  facet normal 0 0 1
    outer loop
      vertex 22 15.977471198804814 11.6
      vertex 19.618033988749893 18.824429495415053 11.6
      vertex 19.52081193120006 18.701103903339632 11.6
    endloop
  endfacet
  facet normal 0 0 1
    outer loop
      vertex 22 15.977471198804814 11.6
      vertex 19.705280328708184 18.9550028705681 11.6
      vertex 19.618033988749893 18.824429495415053 11.6
    endloop
  endfacet
  facet normal 0 0 1
    outer loop
      vertex 22 15.977471198804814 11.6
      vertex 26.70730985847995 13.104061682161312 11.6
      vertex 25.815716042803068 21 11.6
    endloop
  endfacet
  facet normal 0 0 1
    outer loop
      vertex 12.37532889043741 19.000765071102794 11.6
      vertex 22 15.977471198804814 11.6
      vertex 12.449488279401956 19.111752439982887 11.6
    endloop
  endfacet
  facet normal 0 0 1
    outer loop
      vertex 12.449488279401956 19.111752439982887 11.6
      vertex 17.092019000520907 18.217986951623264 11.6
      vertex 16.9550028705681 18.294719671291816 11.6
    endloop
  endfacet
  facet normal 0 0 1
    outer loop
      vertex 12.449488279401956 19.111752439982887 11.6
      vertex 17.23463313526982 18.152240934977428 11.6
      vertex 17.092019000520907 18.217986951623264 11.6
    endloop
  endfacet
  facet normal 0 0 1
    outer loop
      vertex 12.449488279401956 19.111752439982887 11.6
      vertex 16.9550028705681 18.294719671291816 11.6
      vertex 16.824429495415053 18.381966011250107 11.6
    endloop
  endfacet
  facet normal 0 0 1
    outer loop
      vertex 12.449488279401956 19.111752439982887 11.6
      vertex 16.824429495415053 18.381966011250107 11.6
      vertex 16.701103903339632 18.47918806879994 11.6
    endloop
  endfacet
  facet normal 0 0 1
    outer loop
      vertex 12.449488279401956 19.111752439982887 11.6
      vertex 16.701103903339632 18.47918806879994 11.6
      vertex 16.585786437626904 18.585786437626904 11.6
    endloop
  endfacet
  facet normal 0 0 1
    outer loop
      vertex 12.449488279401956 19.111752439982887 11.6
      vertex 16.055260159204646 19.53310927228819 11.6
      vertex 16.024623318809724 19.687131069919538 11.6
    endloop
  endfacet
  facet normal 0 0 1
    outer loop
      vertex 12.449488279401956 19.111752439982887 11.6
      vertex 16.585786437626904 18.585786437626904 11.6
      vertex 16.47918806879994 18.701103903339632 11.6
    endloop
  endfacet
  facet normal 0 0 1
    outer loop
      vertex 12.449488279401956 19.111752439982887 11.6
      vertex 16.47918806879994 18.701103903339632 11.6
      vertex 16.381966011250107 18.824429495415053 11.6
    endloop
  endfacet
  facet normal 0 0 1
    outer loop
      vertex 12.449488279401956 19.111752439982887 11.6
      vertex 16.294719671291816 18.9550028705681 11.6
      vertex 16.217986951623264 19.092019000520907 11.6
    endloop
  endfacet
  facet normal 0 0 1
    outer loop
      vertex 12.449488279401956 19.111752439982887 11.6
      vertex 16.381966011250107 18.824429495415053 11.6
      vertex 16.294719671291816 18.9550028705681 11.6
    endloop
  endfacet
  facet normal 0 0 1
    outer loop
      vertex 12.449488279401956 19.111752439982887 11.6
      vertex 16.217986951623264 19.092019000520907 11.6
      vertex 16.152240934977428 19.23463313526982 11.6
    endloop
  endfacet
  facet normal 0 0 1
    outer loop
      vertex 12.449488279401956 19.111752439982887 11.6
      vertex 16.152240934977428 19.23463313526982 11.6
      vertex 16.097886967409693 19.381966011250107 11.6
    endloop
  endfacet
  facet normal 0 0 1
    outer loop
      vertex 12.449488279401956 19.111752439982887 11.6
      vertex 16.097886967409693 19.381966011250107 11.6
      vertex 16.055260159204646 19.53310927228819 11.6
    endloop
  endfacet
  facet normal 0 0 1
    outer loop
      vertex 12.449488279401956 19.111752439982887 11.6
      vertex 16.055260159204646 20.46689072771181 11.6
      vertex 12.514711091120226 19.22821615044277 11.6
    endloop
  endfacet
  facet normal 0 0 1
    outer loop
      vertex 12.514711091120226 19.22821615044277 11.6
      vertex 16.097886967409693 20.618033988749893 11.6
      vertex 12.570595205269187 19.349438164979347 11.6
    endloop
  endfacet
  facet normal 0 0 1
    outer loop
      vertex 12.570595205269187 19.349438164979347 11.6
      vertex 16.097886967409693 20.618033988749893 11.6
      vertex 12.61679607770176 19.47467110956259 11.6
    endloop
  endfacet
  facet normal 0 0 1
    outer loop
      vertex 12.61679607770176 19.47467110956259 11.6
      vertex 16.152240934977428 20.76536686473018 11.6
      vertex 12.65302886467605 19.60314288144496 11.6
    endloop
  endfacet
  facet normal 0 0 1
    outer loop
      vertex 12.65302886467605 19.60314288144496 11.6
      vertex 16.217986951623264 20.907980999479093 11.6
      vertex 12.679070179011735 19.734061409431607 11.6
    endloop
  endfacet
  facet normal 0 0 1
    outer loop
      vertex 12.679070179011735 19.734061409431607 11.6
      vertex 16.217986951623264 20.907980999479093 11.6
      vertex 12.694759467346318 19.866619537262665 11.6
    endloop
  endfacet
  facet normal 0 0 1
    outer loop
      vertex 12.694759467346318 19.866619537262665 11.6
      vertex 16.294719671291816 21.0449971294319 11.6
      vertex 12.7 20 11.6
    endloop
  endfacet
  facet normal 0 0 1
    outer loop
      vertex 12.7 20 11.6
      vertex 16.381966011250107 21.175570504584947 11.6
      vertex 12.694759467346318 20.133380462737335 11.6
    endloop
  endfacet
  facet normal 0 0 1
    outer loop
      vertex 12.694759467346318 20.133380462737335 11.6
      vertex 16.47918806879994 21.298896096660368 11.6
      vertex 12.679070179011735 20.265938590568393 11.6
    endloop
  endfacet
  facet normal 0 0 1
    outer loop
      vertex 12.679070179011735 20.265938590568393 11.6
      vertex 16.585786437626904 21.414213562373096 11.6
      vertex 12.65302886467605 20.39685711855504 11.6
    endloop
  endfacet
  facet normal 0 0 1
    outer loop
      vertex 12.65302886467605 20.39685711855504 11.6
      vertex 16.701103903339632 21.52081193120006 11.6
      vertex 12.61679607770176 20.52532889043741 11.6
    endloop
  endfacet
  facet normal 0 0 1
    outer loop
      vertex 12.61679607770176 20.52532889043741 11.6
      vertex 16.9550028705681 21.705280328708184 11.6
      vertex 12.570595205269187 20.650561835020653 11.6
    endloop
  endfacet
  facet normal 0 0 1
    outer loop
      vertex 12.449488279401956 19.111752439982887 11.6
      vertex 16.024623318809724 19.687131069919538 11.6
      vertex 16.006165332533744 19.84308180854431 11.6
    endloop
  endfacet
  facet normal 0 0 1
    outer loop
      vertex 12.449488279401956 19.111752439982887 11.6
      vertex 16.006165332533744 19.84308180854431 11.6
      vertex 16 20 11.6
    endloop
  endfacet
  facet normal 0 0 1
    outer loop
      vertex 12.449488279401956 19.111752439982887 11.6
      vertex 16 20 11.6
      vertex 16.006165332533744 20.15691819145569 11.6
    endloop
  endfacet
  facet normal 0 0 1
    outer loop
      vertex 12.449488279401956 19.111752439982887 11.6
      vertex 16.006165332533744 20.15691819145569 11.6
      vertex 16.024623318809724 20.312868930080462 11.6
    endloop
  endfacet
  facet normal 0 0 1
    outer loop
      vertex 12.449488279401956 19.111752439982887 11.6
      vertex 16.024623318809724 20.312868930080462 11.6
      vertex 16.055260159204646 20.46689072771181 11.6
    endloop
  endfacet
  facet normal 0 0 1
    outer loop
      vertex 12.514711091120226 19.22821615044277 11.6
      vertex 16.055260159204646 20.46689072771181 11.6
      vertex 16.097886967409693 20.618033988749893 11.6
    endloop
  endfacet
  facet normal 0 0 1
    outer loop
      vertex 12.61679607770176 19.47467110956259 11.6
      vertex 16.097886967409693 20.618033988749893 11.6
      vertex 16.152240934977428 20.76536686473018 11.6
    endloop
  endfacet
  facet normal 0 0 1
    outer loop
      vertex 12.65302886467605 19.60314288144496 11.6
      vertex 16.152240934977428 20.76536686473018 11.6
      vertex 16.217986951623264 20.907980999479093 11.6
    endloop
  endfacet
  facet normal 0 0 1
    outer loop
      vertex 12.694759467346318 19.866619537262665 11.6
      vertex 16.217986951623264 20.907980999479093 11.6
      vertex 16.294719671291816 21.0449971294319 11.6
    endloop
  endfacet
  facet normal 0 0 1
    outer loop
      vertex 12.7 20 11.6
      vertex 16.294719671291816 21.0449971294319 11.6
      vertex 16.381966011250107 21.175570504584947 11.6
    endloop
  endfacet
  facet normal 0 0 1
    outer loop
      vertex 12.694759467346318 20.133380462737335 11.6
      vertex 16.381966011250107 21.175570504584947 11.6
      vertex 16.47918806879994 21.298896096660368 11.6
    endloop
  endfacet
  facet normal 0 0 1
    outer loop
      vertex 12.679070179011735 20.265938590568393 11.6
      vertex 16.47918806879994 21.298896096660368 11.6
      vertex 16.585786437626904 21.414213562373096 11.6
    endloop
  endfacet
  facet normal 0 0 1
    outer loop
      vertex 12.449488279401956 19.111752439982887 11.6
      vertex 17.381966011250107 18.097886967409693 11.6
      vertex 17.23463313526982 18.152240934977428 11.6
    endloop
  endfacet
  facet normal 0 0 1
    outer loop
      vertex 12.449488279401956 19.111752439982887 11.6
      vertex 17.53310927228819 18.055260159204646 11.6
      vertex 17.381966011250107 18.097886967409693 11.6
    endloop
  endfacet
  facet normal 0 0 1
    outer loop
      vertex 12.570595205269187 20.650561835020653 11.6
      vertex 17.23463313526982 21.847759065022572 11.6
      vertex 12.514711091120226 20.77178384955723 11.6
    endloop
  endfacet
  facet normal 0 0 1
    outer loop
      vertex 12.65302886467605 20.39685711855504 11.6
      vertex 16.585786437626904 21.414213562373096 11.6
      vertex 16.701103903339632 21.52081193120006 11.6
    endloop
  endfacet
  facet normal 0 0 1
    outer loop
      vertex 12.61679607770176 20.52532889043741 11.6
      vertex 16.701103903339632 21.52081193120006 11.6
      vertex 16.824429495415053 21.618033988749893 11.6
    endloop
  endfacet
  facet normal 0 0 1
    outer loop
      vertex 12.61679607770176 20.52532889043741 11.6
      vertex 16.824429495415053 21.618033988749893 11.6
      vertex 16.9550028705681 21.705280328708184 11.6
    endloop
  endfacet
  facet normal 0 0 1
    outer loop
      vertex 12.570595205269187 20.650561835020653 11.6
      vertex 16.9550028705681 21.705280328708184 11.6
      vertex 17.092019000520907 21.782013048376736 11.6
    endloop
  endfacet
  facet normal 0 0 1
    outer loop
      vertex 12.570595205269187 20.650561835020653 11.6
      vertex 17.092019000520907 21.782013048376736 11.6
      vertex 17.23463313526982 21.847759065022572 11.6
    endloop
  endfacet
  facet normal 0 0 1
    outer loop
      vertex 12.514711091120226 20.77178384955723 11.6
      vertex 17.23463313526982 21.847759065022572 11.6
      vertex 17.381966011250107 21.902113032590307 11.6
    endloop
  endfacet
  facet normal 0 0 1
    outer loop
      vertex 12.514711091120226 20.77178384955723 11.6
      vertex 17.381966011250107 21.902113032590307 11.6
      vertex 17.53310927228819 21.944739840795354 11.6
    endloop
  endfacet
  facet normal 0 0 1
    outer loop
      vertex 11.525328890437411 21.61679607770176 11.6
      vertex 11.650561835020653 21.570595205269186 11.6
      vertex 25.815716042803068 24 11.6
    endloop
  endfacet
  facet normal 0 0 1
    outer loop
      vertex 11.396857118555038 21.65302886467605 11.6
      vertex 11.525328890437411 21.61679607770176 11.6
      vertex 25.815716042803068 24 11.6
    endloop
  endfacet
  facet normal 0 0 1
    outer loop
      vertex 12.292690141520053 21.104061682161312 11.6
      vertex 25.815716042803068 24 11.6
      vertex 12.20208152801713 21.202081528017132 11.6
    endloop
  endfacet
  facet normal 0 0 1
    outer loop
      vertex 12.449488279401956 20.888247560017113 11.6
      vertex 12.514711091120226 20.77178384955723 11.6
      vertex 25.815716042803068 24 11.6
    endloop
  endfacet
  facet normal 0 0 1
    outer loop
      vertex 12.449488279401956 20.888247560017113 11.6
      vertex 25.815716042803068 24 11.6
      vertex 12.37532889043741 20.999234928897206 11.6
    endloop
  endfacet
  facet normal 0 0 1
    outer loop
      vertex 12.37532889043741 20.999234928897206 11.6
      vertex 25.815716042803068 24 11.6
      vertex 12.292690141520053 21.104061682161312 11.6
    endloop
  endfacet
  facet normal 0 0 1
    outer loop
      vertex 11.888247560017113 21.449488279401958 11.6
      vertex 11.999234928897204 21.37532889043741 11.6
      vertex 25.815716042803068 24 11.6
    endloop
  endfacet
  facet normal 0 0 1
    outer loop
      vertex 12.104061682161312 21.29269014152005 11.6
      vertex 12.20208152801713 21.202081528017132 11.6
      vertex 25.815716042803068 24 11.6
    endloop
  endfacet
  facet normal 0 0 1
    outer loop
      vertex 12.104061682161312 21.29269014152005 11.6
      vertex 25.815716042803068 24 11.6
      vertex 11.999234928897204 21.37532889043741 11.6
    endloop
  endfacet
  facet normal 0 0 1
    outer loop
      vertex 11.888247560017113 21.449488279401958 11.6
      vertex 25.815716042803068 24 11.6
      vertex 11.77178384955723 21.514711091120226 11.6
    endloop
  endfacet
  facet normal 0 0 1
    outer loop
      vertex 11.650561835020653 21.570595205269186 11.6
      vertex 11.77178384955723 21.514711091120226 11.6
      vertex 25.815716042803068 24 11.6
    endloop
  endfacet
  facet normal 0 0 1
    outer loop
      vertex 12.514711091120226 20.77178384955723 11.6
      vertex 17.53310927228819 21.944739840795354 11.6
      vertex 25.815716042803068 24 11.6
    endloop
  endfacet
  facet normal 0 0 1
    outer loop
      vertex 22 15.977471198804814 11.6
      vertex 19.782013048376736 19.092019000520907 11.6
      vertex 19.705280328708184 18.9550028705681 11.6
    endloop
  endfacet
  facet normal 0 0 1
    outer loop
      vertex 22 15.977471198804814 11.6
      vertex 19.847759065022572 19.23463313526982 11.6
      vertex 19.782013048376736 19.092019000520907 11.6
    endloop
  endfacet
  facet normal 0 0 1
    outer loop
      vertex 22 15.977471198804814 11.6
      vertex 19.902113032590307 19.381966011250107 11.6
      vertex 19.847759065022572 19.23463313526982 11.6
    endloop
  endfacet
  facet normal 0 0 1
    outer loop
      vertex 22 15.977471198804814 11.6
      vertex 19.944739840795354 19.53310927228819 11.6
      vertex 19.902113032590307 19.381966011250107 11.6
    endloop
  endfacet
  facet normal 0 0 1
    outer loop
      vertex 22 15.977471198804814 11.6
      vertex 19.975376681190276 19.687131069919538 11.6
      vertex 19.944739840795354 19.53310927228819 11.6
    endloop
  endfacet
  facet normal 0 0 1
    outer loop
      vertex 22 15.977471198804814 11.6
      vertex 19.993834667466256 19.84308180854431 11.6
      vertex 19.975376681190276 19.687131069919538 11.6
    endloop
  endfacet
  facet normal 0 0 1
    outer loop
      vertex 22 15.977471198804814 11.6
      vertex 20 20 11.6
      vertex 19.993834667466256 19.84308180854431 11.6
    endloop
  endfacet
  facet normal 0 0 1
    outer loop
      vertex 22 15.977471198804814 11.6
      vertex 25.815716042803068 24 11.6
      vertex 20 20 11.6
    endloop
  endfacet
  facet normal 0 0 1
    outer loop
      vertex 22 15.977471198804814 11.6
      vertex 25.815716042803068 21 11.6
      vertex 25.815716042803068 24 11.6
    endloop
  endfacet
  facet normal 0 0 1
    outer loop
      vertex 25.815716042803068 24 11.6
      vertex 19.847759065022572 20.76536686473018 11.6
      vertex 19.902113032590307 20.618033988749893 11.6
    endloop
  endfacet
  facet normal 0 0 1
    outer loop
      vertex 25.815716042803068 24 11.6
      vertex 19.782013048376736 20.907980999479093 11.6
      vertex 19.847759065022572 20.76536686473018 11.6
    endloop
  endfacet
  facet normal 0 0 1
    outer loop
      vertex 25.815716042803068 24 11.6
      vertex 19.705280328708184 21.0449971294319 11.6
      vertex 19.782013048376736 20.907980999479093 11.6
    endloop
  endfacet
  facet normal 0 0 1
    outer loop
      vertex 25.815716042803068 24 11.6
      vertex 19.618033988749893 21.175570504584947 11.6
      vertex 19.705280328708184 21.0449971294319 11.6
    endloop
  endfacet
  facet normal 0 0 1
    outer loop
      vertex 25.815716042803068 24 11.6
      vertex 18.907980999479093 21.782013048376736 11.6
      vertex 19.0449971294319 21.705280328708184 11.6
    endloop
  endfacet
  facet normal 0 0 1
    outer loop
      vertex 25.815716042803068 24 11.6
      vertex 19.175570504584947 21.618033988749893 11.6
      vertex 19.298896096660368 21.52081193120006 11.6
    endloop
  endfacet
  facet normal 0 0 1
    outer loop
      vertex 25.815716042803068 24 11.6
      vertex 19.0449971294319 21.705280328708184 11.6
      vertex 19.175570504584947 21.618033988749893 11.6
    endloop
  endfacet
  facet normal 0 0 1
    outer loop
      vertex 25.815716042803068 24 11.6
      vertex 19.52081193120006 21.298896096660368 11.6
      vertex 19.618033988749893 21.175570504584947 11.6
    endloop
  endfacet
  facet normal 0 0 1
    outer loop
      vertex 25.815716042803068 24 11.6
      vertex 19.298896096660368 21.52081193120006 11.6
      vertex 19.414213562373096 21.414213562373096 11.6
    endloop
  endfacet
  facet normal 0 0 1
    outer loop
      vertex 25.815716042803068 24 11.6
      vertex 19.414213562373096 21.414213562373096 11.6
      vertex 19.52081193120006 21.298896096660368 11.6
    endloop
  endfacet
  facet normal 0 0 1
    outer loop
      vertex 25.815716042803068 24 11.6
      vertex 17.53310927228819 21.944739840795354 11.6
      vertex 17.687131069919538 21.975376681190276 11.6
    endloop
  endfacet
  facet normal 0 0 1
    outer loop
      vertex 25.815716042803068 24 11.6
      vertex 17.687131069919538 21.975376681190276 11.6
      vertex 17.84308180854431 21.993834667466256 11.6
    endloop
  endfacet
  facet normal 0 0 1
    outer loop
      vertex 25.815716042803068 24 11.6
      vertex 17.84308180854431 21.993834667466256 11.6
      vertex 18 22 11.6
    endloop
  endfacet
  facet normal 0 0 1
    outer loop
      vertex 25.815716042803068 24 11.6
      vertex 18 22 11.6
      vertex 18.15691819145569 21.993834667466256 11.6
    endloop
  endfacet
  facet normal 0 0 1
    outer loop
      vertex 25.815716042803068 24 11.6
      vertex 18.15691819145569 21.993834667466256 11.6
      vertex 18.312868930080462 21.975376681190276 11.6
    endloop
  endfacet
  facet normal 0 0 1
    outer loop
      vertex 25.815716042803068 24 11.6
      vertex 18.312868930080462 21.975376681190276 11.6
      vertex 18.46689072771181 21.944739840795354 11.6
    endloop
  endfacet
  facet normal 0 0 1
    outer loop
      vertex 25.815716042803068 24 11.6
      vertex 18.618033988749893 21.902113032590307 11.6
      vertex 18.76536686473018 21.847759065022572 11.6
    endloop
  endfacet
  facet normal 0 0 1
    outer loop
      vertex 25.815716042803068 24 11.6
      vertex 18.46689072771181 21.944739840795354 11.6
      vertex 18.618033988749893 21.902113032590307 11.6
    endloop
  endfacet
  facet normal 0 0 1
    outer loop
      vertex 25.815716042803068 24 11.6
      vertex 18.76536686473018 21.847759065022572 11.6
      vertex 18.907980999479093 21.782013048376736 11.6
    endloop
  endfacet
  facet normal 0 0 1
    outer loop
      vertex 25.815716042803068 24 11.6
      vertex 19.993834667466256 20.15691819145569 11.6
      vertex 20 20 11.6
    endloop
  endfacet
  facet normal 0 0 1
    outer loop
      vertex 25.815716042803068 24 11.6
      vertex 19.975376681190276 20.312868930080462 11.6
      vertex 19.993834667466256 20.15691819145569 11.6
    endloop
  endfacet
  facet normal 0 0 1
    outer loop
      vertex 25.815716042803068 24 11.6
      vertex 19.944739840795354 20.46689072771181 11.6
      vertex 19.975376681190276 20.312868930080462 11.6
    endloop
  endfacet
  facet normal 0 0 1
    outer loop
      vertex 25.815716042803068 24 11.6
      vertex 19.902113032590307 20.618033988749893 11.6
      vertex 19.944739840795354 20.46689072771181 11.6
    endloop
  endfacet
  facet normal 0 0 1
    outer loop
      vertex 25.833333333333332 0 11.6
      vertex 32.022528801195186 0 11.6
      vertex 28.888247560017113 10.550511720598044 11.6
    endloop
  endfacet
  facet normal 0 0 1
    outer loop
      vertex 25.833333333333332 0 11.6
      vertex 27.22821615044277 10.485288908879774 11.6
      vertex 27.111752439982887 10.550511720598044 11.6
    endloop
  endfacet
  facet normal 0 0 1
    outer loop
      vertex 25.833333333333332 0 11.6
      vertex 27.111752439982887 10.550511720598044 11.6
      vertex 27.000765071102794 10.62467110956259 11.6
    endloop
  endfacet
  facet normal 0 0 1
    outer loop
      vertex 25.833333333333332 0 11.6
      vertex 27.000765071102794 10.62467110956259 11.6
      vertex 26.895938317838688 10.707309858479947 11.6
    endloop
  endfacet
  facet normal 0 0 1
    outer loop
      vertex 25.833333333333332 0 11.6
      vertex 27.349438164979347 10.429404794730813 11.6
      vertex 27.22821615044277 10.485288908879774 11.6
    endloop
  endfacet
  facet normal 0 0 1
    outer loop
      vertex 25.833333333333332 0 11.6
      vertex 27.47467110956259 10.38320392229824 11.6
      vertex 27.349438164979347 10.429404794730813 11.6
    endloop
  endfacet
  facet normal 0 0 1
    outer loop
      vertex 25.833333333333332 0 11.6
      vertex 27.60314288144496 10.34697113532395 11.6
      vertex 27.47467110956259 10.38320392229824 11.6
    endloop
  endfacet
  facet normal 0 0 1
    outer loop
      vertex 25.833333333333332 0 11.6
      vertex 27.734061409431607 10.320929820988265 11.6
      vertex 27.60314288144496 10.34697113532395 11.6
    endloop
  endfacet
  facet normal 0 0 1
    outer loop
      vertex 25.833333333333332 0 11.6
      vertex 27.866619537262665 10.305240532653682 11.6
      vertex 27.734061409431607 10.320929820988265 11.6
    endloop
  endfacet
  facet normal 0 0 1
    outer loop
      vertex 25.833333333333332 0 11.6
      vertex 28 10.3 11.6
      vertex 27.866619537262665 10.305240532653682 11.6
    endloop
  endfacet
  facet normal 0 0 1
    outer loop
      vertex 25.833333333333332 0 11.6
      vertex 28.133380462737335 10.305240532653682 11.6
      vertex 28 10.3 11.6
    endloop
  endfacet
  facet normal 0 0 1
    outer loop
      vertex 25.833333333333332 0 11.6
      vertex 28.265938590568393 10.320929820988265 11.6
      vertex 28.133380462737335 10.305240532653682 11.6
    endloop
  endfacet
  facet normal 0 0 1
    outer loop
      vertex 25.833333333333332 0 11.6
      vertex 28.39685711855504 10.34697113532395 11.6
      vertex 28.265938590568393 10.320929820988265 11.6
    endloop
  endfacet
  facet normal 0 0 1
    outer loop
      vertex 25.833333333333332 0 11.6
      vertex 28.52532889043741 10.38320392229824 11.6
      vertex 28.39685711855504 10.34697113532395 11.6
    endloop
  endfacet
  facet normal 0 0 1
    outer loop
      vertex 25.833333333333332 0 11.6
      vertex 28.650561835020653 10.429404794730813 11.6
      vertex 28.52532889043741 10.38320392229824 11.6
    endloop
  endfacet
  facet normal 0 0 1
    outer loop
      vertex 25.833333333333332 0 11.6
      vertex 28.77178384955723 10.485288908879774 11.6
      vertex 28.650561835020653 10.429404794730813 11.6
    endloop
  endfacet
  facet normal 0 0 1
    outer loop
      vertex 25.833333333333332 0 11.6
      vertex 28.888247560017113 10.550511720598044 11.6
      vertex 28.77178384955723 10.485288908879774 11.6
    endloop
  endfacet
  facet normal 0 0 1
    outer loop
      vertex 32.022528801195186 0 11.6
      vertex 28.999234928897206 10.62467110956259 11.6
      vertex 28.888247560017113 10.550511720598044 11.6
    endloop
  endfacet
  facet normal 0 0 1
    outer loop
      vertex 32.022528801195186 0 11.6
      vertex 29.104061682161312 10.707309858479947 11.6
      vertex 28.999234928897206 10.62467110956259 11.6
    endloop
  endfacet
  facet normal 0 0 1
    outer loop
      vertex 32.022528801195186 0 11.6
      vertex 29.202081528017132 10.79791847198287 11.6
      vertex 29.104061682161312 10.707309858479947 11.6
    endloop
  endfacet
  facet normal 0 0 1
    outer loop
      vertex 32.022528801195186 0 11.6
      vertex 29.29269014152005 10.895938317838688 11.6
      vertex 29.202081528017132 10.79791847198287 11.6
    endloop
  endfacet
  facet normal 0 0 1
    outer loop
      vertex 32.022528801195186 0 11.6
      vertex 29.37532889043741 11.000765071102796 11.6
      vertex 29.29269014152005 10.895938317838688 11.6
    endloop
  endfacet
  facet normal 0 0 1
    outer loop
      vertex 32.022528801195186 0 11.6
      vertex 29.449488279401958 11.111752439982887 11.6
      vertex 29.37532889043741 11.000765071102796 11.6
    endloop
  endfacet
  facet normal 0 0 1
    outer loop
      vertex 32.022528801195186 0 11.6
      vertex 29.514711091120226 11.22821615044277 11.6
      vertex 29.449488279401958 11.111752439982887 11.6
    endloop
  endfacet
  facet normal 0 0 1
    outer loop
      vertex 32.022528801195186 0 11.6
      vertex 29.570595205269186 11.349438164979347 11.6
      vertex 29.514711091120226 11.22821615044277 11.6
    endloop
  endfacet
  facet normal 0 0 1
    outer loop
      vertex 32.022528801195186 0 11.6
      vertex 29.61679607770176 11.474671109562589 11.6
      vertex 29.570595205269186 11.349438164979347 11.6
    endloop
  endfacet
  facet normal 0 0 1
    outer loop
      vertex 22 8.022528801195186 11.6
      vertex 26.797918471982868 10.79791847198287 11.6
      vertex 26.70730985847995 10.895938317838688 11.6
    endloop
  endfacet
  facet normal 0 0 1
    outer loop
      vertex 22 8.022528801195186 11.6
      vertex 26.895938317838688 10.707309858479947 11.6
      vertex 26.797918471982868 10.79791847198287 11.6
    endloop
  endfacet
  facet normal 0 0 1
    outer loop
      vertex 22 8.022528801195186 11.6
      vertex 26.70730985847995 10.895938317838688 11.6
      vertex 26.62467110956259 11.000765071102796 11.6
    endloop
  endfacet
  facet normal 0 0 1
    outer loop
      vertex 22 8.022528801195186 11.6
      vertex 26.62467110956259 11.000765071102796 11.6
      vertex 26.550511720598042 11.111752439982887 11.6
    endloop
  endfacet
  facet normal 0 0 1
    outer loop
      vertex 22 8.022528801195186 11.6
      vertex 26.550511720598042 11.111752439982887 11.6
      vertex 26.485288908879774 11.22821615044277 11.6
    endloop
  endfacet
  facet normal 0 0 1
    outer loop
      vertex 32.022528801195186 0 11.6
      vertex 32.022528801195186 19.5 11.6
      vertex 29.61679607770176 11.474671109562589 11.6
    endloop
  endfacet
  facet normal 0 0 1
    outer loop
      vertex 39.977471198804814 0 11.6
      vertex 50 0 11.6
      vertex 44 10.3 11.6
    endloop
  endfacet
  facet normal 0 0 1
    outer loop
      vertex 39.977471198804814 0 11.6
      vertex 43.0007650711028 10.62467110956259 11.6
      vertex 42.895938317838684 10.707309858479947 11.6
    endloop
  endfacet
  facet normal 0 0 1
    outer loop
      vertex 39.977471198804814 0 11.6
      vertex 43.34943816497935 10.429404794730813 11.6
      vertex 43.22821615044277 10.485288908879774 11.6
    endloop
  endfacet
  facet normal 0 0 1
    outer loop
      vertex 39.977471198804814 0 11.6
      vertex 43.22821615044277 10.485288908879774 11.6
      vertex 43.11175243998289 10.550511720598044 11.6
    endloop
  endfacet
  facet normal 0 0 1
    outer loop
      vertex 39.977471198804814 0 11.6
      vertex 43.11175243998289 10.550511720598044 11.6
      vertex 43.0007650711028 10.62467110956259 11.6
    endloop
  endfacet
  facet normal 0 0 1
    outer loop
      vertex 39.977471198804814 0 11.6
      vertex 42.707309858479945 10.895938317838688 11.6
      vertex 42.62467110956259 11.000765071102796 11.6
    endloop
  endfacet
  facet normal 0 0 1
    outer loop
      vertex 39.977471198804814 0 11.6
      vertex 42.62467110956259 11.000765071102796 11.6
      vertex 42.550511720598045 11.111752439982887 11.6
    endloop
  endfacet
  facet normal 0 0 1
    outer loop
      vertex 39.977471198804814 0 11.6
      vertex 42.550511720598045 11.111752439982887 11.6
      vertex 42.485288908879774 11.22821615044277 11.6
    endloop
  endfacet
  facet normal 0 0 1
    outer loop
      vertex 39.977471198804814 0 11.6
      vertex 42.895938317838684 10.707309858479947 11.6
      vertex 42.79791847198287 10.79791847198287 11.6
    endloop
  endfacet
  facet normal 0 0 1
    outer loop
      vertex 39.977471198804814 0 11.6
      vertex 42.79791847198287 10.79791847198287 11.6
      vertex 42.707309858479945 10.895938317838688 11.6
    endloop
  endfacet
  facet normal 0 0 1
    outer loop
      vertex 39.977471198804814 0 11.6
      vertex 43.60314288144496 10.34697113532395 11.6
      vertex 43.47467110956259 10.38320392229824 11.6
    endloop
  endfacet
  facet normal 0 0 1
    outer loop
      vertex 39.977471198804814 0 11.6
      vertex 43.73406140943161 10.320929820988265 11.6
      vertex 43.60314288144496 10.34697113532395 11.6
    endloop
  endfacet
  facet normal 0 0 1
    outer loop
      vertex 39.977471198804814 0 11.6
      vertex 43.866619537262665 10.305240532653682 11.6
      vertex 43.73406140943161 10.320929820988265 11.6
    endloop
  endfacet
  facet normal 0 0 1
    outer loop
      vertex 39.977471198804814 0 11.6
      vertex 43.47467110956259 10.38320392229824 11.6
      vertex 43.34943816497935 10.429404794730813 11.6
    endloop
  endfacet
  facet normal 0 0 1
    outer loop
      vertex 39.977471198804814 0 11.6
      vertex 44 10.3 11.6
      vertex 43.866619537262665 10.305240532653682 11.6
    endloop
  endfacet
  facet normal 0 0 1
    outer loop
      vertex 39.977471198804814 0 11.6
      vertex 42.429404794730814 11.349438164979347 11.6
      vertex 42.383203922298236 11.474671109562589 11.6
    endloop
  endfacet
  facet normal 0 0 1
    outer loop
      vertex 39.977471198804814 0 11.6
      vertex 42.485288908879774 11.22821615044277 11.6
      vertex 42.429404794730814 11.349438164979347 11.6
    endloop
  endfacet
  facet normal 0 0 1
    outer loop
      vertex 39.977471198804814 0 11.6
      vertex 42.383203922298236 11.474671109562589 11.6
      vertex 42.34697113532395 11.603142881444962 11.6
    endloop
  endfacet
  facet normal 0 0 1
    outer loop
      vertex 39.977471198804814 0 11.6
      vertex 42.34697113532395 11.603142881444962 11.6
      vertex 42.32092982098827 11.734061409431607 11.6
    endloop
  endfacet
  facet normal 0 0 1
    outer loop
      vertex 39.977471198804814 0 11.6
      vertex 42.32092982098827 11.734061409431607 11.6
      vertex 42.305240532653684 11.866619537262663 11.6
    endloop
  endfacet
  facet normal 0 0 1
    outer loop
      vertex 39.977471198804814 0 11.6
      vertex 42.305240532653684 11.866619537262663 11.6
      vertex 42.3 12 11.6
    endloop
  endfacet
  facet normal 0 0 1
    outer loop
      vertex 39.977471198804814 0 11.6
      vertex 42.3 12 11.6
      vertex 42.305240532653684 12.133380462737337 11.6
    endloop
  endfacet
  facet normal 0 0 1
    outer loop
      vertex 39.977471198804814 0 11.6
      vertex 42.305240532653684 12.133380462737337 11.6
      vertex 42.32092982098827 12.265938590568393 11.6
    endloop
  endfacet
  facet normal 0 0 1
    outer loop
      vertex 39.977471198804814 0 11.6
      vertex 42.32092982098827 12.265938590568393 11.6
      vertex 39.977471198804814 19.5 11.6
    endloop
  endfacet
  facet normal 0 0 1
    outer loop
      vertex 50 0 11.6
      vertex 44.133380462737335 10.305240532653682 11.6
      vertex 44 10.3 11.6
    endloop
  endfacet
  facet normal 0 0 1
    outer loop
      vertex 50 0 11.6
      vertex 44.26593859056839 10.320929820988265 11.6
      vertex 44.133380462737335 10.305240532653682 11.6
    endloop
  endfacet
  facet normal 0 0 1
    outer loop
      vertex 50 0 11.6
      vertex 44.39685711855504 10.34697113532395 11.6
      vertex 44.26593859056839 10.320929820988265 11.6
    endloop
  endfacet
  facet normal 0 0 1
    outer loop
      vertex 50 0 11.6
      vertex 44.52532889043741 10.38320392229824 11.6
      vertex 44.39685711855504 10.34697113532395 11.6
    endloop
  endfacet
  facet normal 0 0 1
    outer loop
      vertex 50 0 11.6
      vertex 44.65056183502065 10.429404794730813 11.6
      vertex 44.52532889043741 10.38320392229824 11.6
    endloop
  endfacet
  facet normal 0 0 1
    outer loop
      vertex 50 0 11.6
      vertex 44.77178384955723 10.485288908879774 11.6
      vertex 44.65056183502065 10.429404794730813 11.6
    endloop
  endfacet
  facet normal 0 0 1
    outer loop
      vertex 50 0 11.6
      vertex 44.88824756001711 10.550511720598044 11.6
      vertex 44.77178384955723 10.485288908879774 11.6
    endloop
  endfacet
  facet normal 0 0 1
    outer loop
      vertex 50 0 11.6
      vertex 44.9992349288972 10.62467110956259 11.6
      vertex 44.88824756001711 10.550511720598044 11.6
    endloop
  endfacet
  facet normal 0 0 1
    outer loop
      vertex 50 0 11.6
      vertex 45.104061682161316 10.707309858479947 11.6
      vertex 44.9992349288972 10.62467110956259 11.6
    endloop
  endfacet
  facet normal 0 0 1
    outer loop
      vertex 50 0 11.6
      vertex 45.20208152801713 10.79791847198287 11.6
      vertex 45.104061682161316 10.707309858479947 11.6
    endloop
  endfacet
  facet normal 0 0 1
    outer loop
      vertex 50 0 11.6
      vertex 45.292690141520055 10.895938317838688 11.6
      vertex 45.20208152801713 10.79791847198287 11.6
    endloop
  endfacet
  facet normal 0 0 1
    outer loop
      vertex 50 0 11.6
      vertex 45.37532889043741 11.000765071102796 11.6
      vertex 45.292690141520055 10.895938317838688 11.6
    endloop
  endfacet
  facet normal 0 0 1
    outer loop
      vertex 50 0 11.6
      vertex 45.449488279401955 11.111752439982887 11.6
      vertex 45.37532889043741 11.000765071102796 11.6
    endloop
  endfacet
  facet normal 0 0 1
    outer loop
      vertex 50 0 11.6
      vertex 45.514711091120226 11.22821615044277 11.6
      vertex 45.449488279401955 11.111752439982887 11.6
    endloop
  endfacet
  facet normal 0 0 1
    outer loop
      vertex 50 0 11.6
      vertex 45.570595205269186 11.349438164979347 11.6
      vertex 45.514711091120226 11.22821615044277 11.6
    endloop
  endfacet
  facet normal 0 0 1
    outer loop
      vertex 50 0 11.6
      vertex 45.616796077701764 11.474671109562589 11.6
      vertex 45.570595205269186 11.349438164979347 11.6
    endloop
  endfacet
  facet normal 0 0 1
    outer loop
      vertex 50 0 11.6
      vertex 45.65302886467605 11.603142881444962 11.6
      vertex 45.616796077701764 11.474671109562589 11.6
    endloop
  endfacet
  facet normal 0 0 1
    outer loop
      vertex 50 0 11.6
      vertex 45.67907017901173 11.734061409431607 11.6
      vertex 45.65302886467605 11.603142881444962 11.6
    endloop
  endfacet
  facet normal 0 0 1
    outer loop
      vertex 50 0 11.6
      vertex 45.694759467346316 11.866619537262663 11.6
      vertex 45.67907017901173 11.734061409431607 11.6
    endloop
  endfacet
  facet normal 0 0 1
    outer loop
      vertex 50 0 11.6
      vertex 45.7 12 11.6
      vertex 45.694759467346316 11.866619537262663 11.6
    endloop
  endfacet
  facet normal 0 0 1
    outer loop
      vertex 50 0 11.6
      vertex 45.694759467346316 12.133380462737337 11.6
      vertex 45.7 12 11.6
    endloop
  endfacet
  facet normal 0 0 1
    outer loop
      vertex 50 0 11.6
      vertex 45.67907017901173 12.265938590568393 11.6
      vertex 45.694759467346316 12.133380462737337 11.6
    endloop
  endfacet
  facet normal 0 0 1
    outer loop
      vertex 22 15.977471198804814 11.6
      vertex 26.485288908879774 12.77178384955723 11.6
      vertex 26.550511720598042 12.888247560017113 11.6
    endloop
  endfacet
  facet normal 0 0 1
    outer loop
      vertex 22 15.977471198804814 11.6
      vertex 26.550511720598042 12.888247560017113 11.6
      vertex 26.62467110956259 12.999234928897204 11.6
    endloop
  endfacet
  facet normal 0 0 1
    outer loop
      vertex 22 15.977471198804814 11.6
      vertex 26.62467110956259 12.999234928897204 11.6
      vertex 26.70730985847995 13.104061682161312 11.6
    endloop
  endfacet
  facet normal 0 0 1
    outer loop
      vertex 29.61679607770176 11.474671109562589 11.6
      vertex 32.022528801195186 19.5 11.6
      vertex 29.65302886467605 11.603142881444962 11.6
    endloop
  endfacet
  facet normal 0 0 1
    outer loop
      vertex 29.65302886467605 11.603142881444962 11.6
      vertex 32.022528801195186 19.5 11.6
      vertex 29.679070179011735 11.734061409431607 11.6
    endloop
  endfacet
  facet normal 0 0 1
    outer loop
      vertex 29.679070179011735 11.734061409431607 11.6
      vertex 32.022528801195186 19.5 11.6
      vertex 29.694759467346316 11.866619537262663 11.6
    endloop
  endfacet
  facet normal 0 0 1
    outer loop
      vertex 29.679070179011735 12.265938590568393 11.6
      vertex 29.694759467346316 12.133380462737337 11.6
      vertex 32.022528801195186 19.5 11.6
    endloop
  endfacet
  facet normal 0 0 1
    outer loop
      vertex 29.679070179011735 12.265938590568393 11.6
      vertex 32.022528801195186 19.5 11.6
      vertex 29.65302886467605 12.396857118555038 11.6
    endloop
  endfacet
  facet normal 0 0 1
    outer loop
      vertex 29.65302886467605 12.396857118555038 11.6
      vertex 32.022528801195186 19.5 11.6
      vertex 29.61679607770176 12.525328890437411 11.6
    endloop
  endfacet
  facet normal 0 0 1
    outer loop
      vertex 29.61679607770176 12.525328890437411 11.6
      vertex 32.022528801195186 19.5 11.6
      vertex 29.570595205269186 12.650561835020653 11.6
    endloop
  endfacet
  facet normal 0 0 1
    outer loop
      vertex 29.570595205269186 12.650561835020653 11.6
      vertex 32.022528801195186 19.5 11.6
      vertex 29.514711091120226 12.77178384955723 11.6
    endloop
  endfacet
  facet normal 0 0 1
    outer loop
      vertex 29.694759467346316 11.866619537262663 11.6
      vertex 32.022528801195186 19.5 11.6
      vertex 29.7 12 11.6
    endloop
  endfacet
  facet normal 0 0 1
    outer loop
      vertex 29.7 12 11.6
      vertex 32.022528801195186 19.5 11.6
      vertex 29.694759467346316 12.133380462737337 11.6
    endloop
  endfacet
  facet normal 0 0 1
    outer loop
      vertex 26.70730985847995 13.104061682161312 11.6
      vertex 26.797918471982868 13.20208152801713 11.6
      vertex 25.815716042803068 21 11.6
    endloop
  endfacet
  facet normal 0 0 1
    outer loop
      vertex 26.797918471982868 13.20208152801713 11.6
      vertex 26.895938317838688 13.292690141520053 11.6
      vertex 25.815716042803068 21 11.6
    endloop
  endfacet
  facet normal 0 0 1
    outer loop
      vertex 26.895938317838688 13.292690141520053 11.6
      vertex 27.000765071102794 13.37532889043741 11.6
      vertex 25.815716042803068 21 11.6
    endloop
  endfacet
  facet normal 0 0 1
    outer loop
      vertex 27.000765071102794 13.37532889043741 11.6
      vertex 27.111752439982887 13.449488279401956 11.6
      vertex 25.815716042803068 21 11.6
    endloop
  endfacet
  facet normal 0 0 1
    outer loop
      vertex 27.111752439982887 13.449488279401956 11.6
      vertex 27.22821615044277 13.514711091120226 11.6
      vertex 25.815716042803068 21 11.6
    endloop
  endfacet
  facet normal 0 0 1
    outer loop
      vertex 27.22821615044277 13.514711091120226 11.6
      vertex 27.349438164979347 13.570595205269187 11.6
      vertex 30.51571604280307 21 11.6
    endloop
  endfacet
  facet normal 0 0 1
    outer loop
      vertex 27.349438164979347 13.570595205269187 11.6
      vertex 27.47467110956259 13.61679607770176 11.6
      vertex 30.51571604280307 21 11.6
    endloop
  endfacet
  facet normal 0 0 1
    outer loop
      vertex 27.47467110956259 13.61679607770176 11.6
      vertex 27.60314288144496 13.65302886467605 11.6
      vertex 30.51571604280307 21 11.6
    endloop
  endfacet
  facet normal 0 0 1
    outer loop
      vertex 27.60314288144496 13.65302886467605 11.6
      vertex 27.734061409431607 13.679070179011735 11.6
      vertex 30.51571604280307 21 11.6
    endloop
  endfacet
  facet normal 0 0 1
    outer loop
      vertex 27.734061409431607 13.679070179011735 11.6
      vertex 27.866619537262665 13.694759467346318 11.6
      vertex 30.51571604280307 21 11.6
    endloop
  endfacet
  facet normal 0 0 1
    outer loop
      vertex 27.866619537262665 13.694759467346318 11.6
      vertex 28 13.7 11.6
      vertex 30.51571604280307 21 11.6
    endloop
  endfacet
  facet normal 0 0 1
    outer loop
      vertex 28 13.7 11.6
      vertex 28.133380462737335 13.694759467346318 11.6
      vertex 30.51571604280307 21 11.6
    endloop
  endfacet
  facet normal 0 0 1
    outer loop
      vertex 28.265938590568393 13.679070179011735 11.6
      vertex 30.51571604280307 21 11.6
      vertex 28.133380462737335 13.694759467346318 11.6
    endloop
  endfacet
  facet normal 0 0 1
    outer loop
      vertex 28.265938590568393 13.679070179011735 11.6
      vertex 28.39685711855504 13.65302886467605 11.6
      vertex 30.51571604280307 21 11.6
    endloop
  endfacet
  facet normal 0 0 1
    outer loop
      vertex 28.39685711855504 13.65302886467605 11.6
      vertex 28.52532889043741 13.61679607770176 11.6
      vertex 30.51571604280307 21 11.6
    endloop
  endfacet
  facet normal 0 0 1
    outer loop
      vertex 28.650561835020653 13.570595205269187 11.6
      vertex 30.51571604280307 21 11.6
      vertex 28.52532889043741 13.61679607770176 11.6
    endloop
  endfacet
  facet normal 0 0 1
    outer loop
      vertex 28.650561835020653 13.570595205269187 11.6
      vertex 28.77178384955723 13.514711091120226 11.6
      vertex 30.51571604280307 21 11.6
    endloop
  endfacet
  facet normal 0 0 1
    outer loop
      vertex 29.449488279401958 12.888247560017113 11.6
      vertex 29.514711091120226 12.77178384955723 11.6
      vertex 32.022528801195186 19.5 11.6
    endloop
  endfacet
  facet normal 0 0 1
    outer loop
      vertex 29.449488279401958 12.888247560017113 11.6
      vertex 32.022528801195186 19.5 11.6
      vertex 29.37532889043741 12.999234928897204 11.6
    endloop
  endfacet
  facet normal 0 0 1
    outer loop
      vertex 29.29269014152005 13.104061682161312 11.6
      vertex 32.022528801195186 19.5 11.6
      vertex 29.202081528017132 13.20208152801713 11.6
    endloop
  endfacet
  facet normal 0 0 1
    outer loop
      vertex 29.29269014152005 13.104061682161312 11.6
      vertex 29.37532889043741 12.999234928897204 11.6
      vertex 32.022528801195186 19.5 11.6
    endloop
  endfacet
  facet normal 0 0 1
    outer loop
      vertex 29.202081528017132 13.20208152801713 11.6
      vertex 32.022528801195186 19.5 11.6
      vertex 29.104061682161312 13.292690141520053 11.6
    endloop
  endfacet
  facet normal 0 0 1
    outer loop
      vertex 28.888247560017113 13.449488279401956 11.6
      vertex 28.999234928897206 13.37532889043741 11.6
      vertex 32.022528801195186 19.5 11.6
    endloop
  endfacet
  facet normal 0 0 1
    outer loop
      vertex 29.104061682161312 13.292690141520053 11.6
      vertex 32.022528801195186 19.5 11.6
      vertex 28.999234928897206 13.37532889043741 11.6
    endloop
  endfacet
  facet normal 0 0 1
    outer loop
      vertex 28.888247560017113 13.449488279401956 11.6
      vertex 32.022528801195186 19.5 11.6
      vertex 28.77178384955723 13.514711091120226 11.6
    endloop
  endfacet
  facet normal 0 0 1
    outer loop
      vertex 28.77178384955723 13.514711091120226 11.6
      vertex 32.022528801195186 19.5 11.6
      vertex 30.917518105530117 20.598197937272953 11.6
    endloop
  endfacet
  facet normal 0 0 1
    outer loop
      vertex 27.22821615044277 13.514711091120226 11.6
      vertex 30.51571604280307 21 11.6
      vertex 25.815716042803068 21 11.6
    endloop
  endfacet
  facet normal 0 0 1
    outer loop
      vertex 28.77178384955723 13.514711091120226 11.6
      vertex 30.917518105530117 20.598197937272953 11.6
      vertex 30.51571604280307 21 11.6
    endloop
  endfacet
  facet normal 0 0 1
    outer loop
      vertex 42.32092982098827 12.265938590568393 11.6
      vertex 42.34697113532395 12.396857118555038 11.6
      vertex 39.977471198804814 19.5 11.6
    endloop
  endfacet
  facet normal 0 0 1
    outer loop
      vertex 42.34697113532395 12.396857118555038 11.6
      vertex 42.383203922298236 12.525328890437411 11.6
      vertex 39.977471198804814 19.5 11.6
    endloop
  endfacet
  facet normal 0 0 1
    outer loop
      vertex 42.383203922298236 12.525328890437411 11.6
      vertex 42.429404794730814 12.650561835020653 11.6
      vertex 39.977471198804814 19.5 11.6
    endloop
  endfacet
  facet normal 0 0 1
    outer loop
      vertex 42.429404794730814 12.650561835020653 11.6
      vertex 42.485288908879774 12.77178384955723 11.6
      vertex 39.977471198804814 19.5 11.6
    endloop
  endfacet
  facet normal 0 0 1
    outer loop
      vertex 42.485288908879774 12.77178384955723 11.6
      vertex 42.550511720598045 12.888247560017113 11.6
      vertex 39.977471198804814 19.5 11.6
    endloop
  endfacet
  facet normal 0 0 1
    outer loop
      vertex 42.550511720598045 12.888247560017113 11.6
      vertex 42.62467110956259 12.999234928897204 11.6
      vertex 39.977471198804814 19.5 11.6
    endloop
  endfacet
  facet normal 0 0 1
    outer loop
      vertex 42.62467110956259 12.999234928897204 11.6
      vertex 42.707309858479945 13.104061682161312 11.6
      vertex 39.977471198804814 19.5 11.6
    endloop
  endfacet
  facet normal 0 0 1
    outer loop
      vertex 42.707309858479945 13.104061682161312 11.6
      vertex 42.79791847198287 13.20208152801713 11.6
      vertex 39.977471198804814 19.5 11.6
    endloop
  endfacet
  facet normal 0 0 1
    outer loop
      vertex 42.79791847198287 13.20208152801713 11.6
      vertex 42.895938317838684 13.292690141520053 11.6
      vertex 41.082481894469886 20.598197937272953 11.6
    endloop
  endfacet
  facet normal 0 0 1
    outer loop
      vertex 42.895938317838684 13.292690141520053 11.6
      vertex 43.0007650711028 13.37532889043741 11.6
      vertex 41.082481894469886 20.598197937272953 11.6
    endloop
  endfacet
  facet normal 0 0 1
    outer loop
      vertex 43.0007650711028 13.37532889043741 11.6
      vertex 43.11175243998289 13.449488279401956 11.6
      vertex 41.082481894469886 20.598197937272953 11.6
    endloop
  endfacet
  facet normal 0 0 1
    outer loop
      vertex 43.11175243998289 13.449488279401956 11.6
      vertex 43.22821615044277 13.514711091120226 11.6
      vertex 41.082481894469886 20.598197937272953 11.6
    endloop
  endfacet
  facet normal 0 0 1
    outer loop
      vertex 43.22821615044277 13.514711091120226 11.6
      vertex 43.34943816497935 13.570595205269187 11.6
      vertex 43.200000000000045 21 11.6
    endloop
  endfacet
  facet normal 0 0 1
    outer loop
      vertex 43.34943816497935 13.570595205269187 11.6
      vertex 43.47467110956259 13.61679607770176 11.6
      vertex 43.200000000000045 21 11.6
    endloop
  endfacet
  facet normal 0 0 1
    outer loop
      vertex 43.47467110956259 13.61679607770176 11.6
      vertex 43.60314288144496 13.65302886467605 11.6
      vertex 43.200000000000045 21 11.6
    endloop
  endfacet
  facet normal 0 0 1
    outer loop
      vertex 43.60314288144496 13.65302886467605 11.6
      vertex 43.73406140943161 13.679070179011735 11.6
      vertex 43.200000000000045 21 11.6
    endloop
  endfacet
  facet normal 0 0 1
    outer loop
      vertex 42.79791847198287 13.20208152801713 11.6
      vertex 41.082481894469886 20.598197937272953 11.6
      vertex 39.977471198804814 19.5 11.6
    endloop
  endfacet
  facet normal 0 0 1
    outer loop
      vertex 50 0 11.6
      vertex 50 24 11.6
      vertex 45.67907017901173 12.265938590568393 11.6
    endloop
  endfacet
  facet normal 0 0 1
    outer loop
      vertex 43.73406140943161 13.679070179011735 11.6
      vertex 43.866619537262665 13.694759467346318 11.6
      vertex 50 24 11.6
    endloop
  endfacet
  facet normal 0 0 1
    outer loop
      vertex 43.866619537262665 13.694759467346318 11.6
      vertex 44 13.7 11.6
      vertex 50 24 11.6
    endloop
  endfacet
  facet normal 0 0 1
    outer loop
      vertex 44 13.7 11.6
      vertex 44.133380462737335 13.694759467346318 11.6
      vertex 50 24 11.6
    endloop
  endfacet
  facet normal 0 0 1
    outer loop
      vertex 45.292690141520055 13.104061682161312 11.6
      vertex 50 24 11.6
      vertex 45.20208152801713 13.20208152801713 11.6
    endloop
  endfacet
  facet normal 0 0 1
    outer loop
      vertex 45.104061682161316 13.292690141520053 11.6
      vertex 45.20208152801713 13.20208152801713 11.6
      vertex 50 24 11.6
    endloop
  endfacet
  facet normal 0 0 1
    outer loop
      vertex 44.52532889043741 13.61679607770176 11.6
      vertex 44.65056183502065 13.570595205269187 11.6
      vertex 50 24 11.6
    endloop
  endfacet
  facet normal 0 0 1
    outer loop
      vertex 44.65056183502065 13.570595205269187 11.6
      vertex 44.77178384955723 13.514711091120226 11.6
      vertex 50 24 11.6
    endloop
  endfacet
  facet normal 0 0 1
    outer loop
      vertex 44.133380462737335 13.694759467346318 11.6
      vertex 44.26593859056839 13.679070179011735 11.6
      vertex 50 24 11.6
    endloop
  endfacet
  facet normal 0 0 1
    outer loop
      vertex 44.26593859056839 13.679070179011735 11.6
      vertex 44.39685711855504 13.65302886467605 11.6
      vertex 50 24 11.6
    endloop
  endfacet
  facet normal 0 0 1
    outer loop
      vertex 44.39685711855504 13.65302886467605 11.6
      vertex 44.52532889043741 13.61679607770176 11.6
      vertex 50 24 11.6
    endloop
  endfacet
  facet normal 0 0 1
    outer loop
      vertex 44.88824756001711 13.449488279401956 11.6
      vertex 44.9992349288972 13.37532889043741 11.6
      vertex 50 24 11.6
    endloop
  endfacet
  facet normal 0 0 1
    outer loop
      vertex 44.88824756001711 13.449488279401956 11.6
      vertex 50 24 11.6
      vertex 44.77178384955723 13.514711091120226 11.6
    endloop
  endfacet
  facet normal 0 0 1
    outer loop
      vertex 45.104061682161316 13.292690141520053 11.6
      vertex 50 24 11.6
      vertex 44.9992349288972 13.37532889043741 11.6
    endloop
  endfacet
  facet normal 0 0 1
    outer loop
      vertex 45.67907017901173 12.265938590568393 11.6
      vertex 50 24 11.6
      vertex 45.65302886467605 12.396857118555038 11.6
    endloop
  endfacet
  facet normal 0 0 1
    outer loop
      vertex 45.65302886467605 12.396857118555038 11.6
      vertex 50 24 11.6
      vertex 45.616796077701764 12.525328890437411 11.6
    endloop
  endfacet
  facet normal 0 0 1
    outer loop
      vertex 45.616796077701764 12.525328890437411 11.6
      vertex 50 24 11.6
      vertex 45.570595205269186 12.650561835020653 11.6
    endloop
  endfacet
  facet normal 0 0 1
    outer loop
      vertex 45.570595205269186 12.650561835020653 11.6
      vertex 50 24 11.6
      vertex 45.514711091120226 12.77178384955723 11.6
    endloop
  endfacet
  facet normal 0 0 1
    outer loop
      vertex 45.449488279401955 12.888247560017113 11.6
      vertex 45.514711091120226 12.77178384955723 11.6
      vertex 50 24 11.6
    endloop
  endfacet
  facet normal 0 0 1
    outer loop
      vertex 45.449488279401955 12.888247560017113 11.6
      vertex 50 24 11.6
      vertex 45.37532889043741 12.999234928897204 11.6
    endloop
  endfacet
  facet normal 0 0 1
    outer loop
      vertex 45.292690141520055 13.104061682161312 11.6
      vertex 45.37532889043741 12.999234928897204 11.6
      vertex 50 24 11.6
    endloop
  endfacet
  facet normal 0 0 1
    outer loop
      vertex 43.22821615044277 13.514711091120226 11.6
      vertex 41.48428395719693 21 11.6
      vertex 41.082481894469886 20.598197937272953 11.6
    endloop
  endfacet
  facet normal 0 0 1
    outer loop
      vertex 43.22821615044277 13.514711091120226 11.6
      vertex 43.200000000000045 21 11.6
      vertex 41.48428395719693 21 11.6
    endloop
  endfacet
  facet normal 0 0 1
    outer loop
      vertex 43.73406140943161 13.679070179011735 11.6
      vertex 50 24 11.6
      vertex 43.200000000000045 21 11.6
    endloop
  endfacet
  facet normal 0 0 1
    outer loop
      vertex 43.200000000000045 21 11.6
      vertex 50 24 11.6
      vertex 43.200000000000045 24 11.6
    endloop
  endfacet
  facet normal 0 0 1
    outer loop
      vertex 17.53310927228819 2.055260159204647 16
      vertex 17.687131069919538 2.0246233188097245 16
      vertex 18.46689072771181 2.055260159204647 16
    endloop
  endfacet
  facet normal 0 0 1
    outer loop
      vertex 17.687131069919538 2.0246233188097245 16
      vertex 17.84308180854431 2.006165332533744 16
      vertex 18.312868930080462 2.0246233188097245 16
    endloop
  endfacet
  facet normal 0 0 1
    outer loop
      vertex 17.092019000520907 2.2179869516232644 16
      vertex 17.23463313526982 2.1522409349774265 16
      vertex 18.907980999479093 2.2179869516232644 16
    endloop
  endfacet
  facet normal 0 0 1
    outer loop
      vertex 17.381966011250107 2.0978869674096927 16
      vertex 17.53310927228819 2.055260159204647 16
      vertex 18.618033988749893 2.0978869674096927 16
    endloop
  endfacet
  facet normal 0 0 1
    outer loop
      vertex 17.23463313526982 2.1522409349774265 16
      vertex 17.381966011250107 2.0978869674096927 16
      vertex 18.76536686473018 2.1522409349774265 16
    endloop
  endfacet
  facet normal 0 0 1
    outer loop
      vertex 17.84308180854431 2.006165332533744 16
      vertex 18 2 16
      vertex 18.15691819145569 2.006165332533744 16
    endloop
  endfacet
  facet normal 0 0 1
    outer loop
      vertex 17.84308180854431 2.006165332533744 16
      vertex 18.15691819145569 2.006165332533744 16
      vertex 18.312868930080462 2.0246233188097245 16
    endloop
  endfacet
  facet normal 0 0 1
    outer loop
      vertex 17.687131069919538 2.0246233188097245 16
      vertex 18.312868930080462 2.0246233188097245 16
      vertex 18.46689072771181 2.055260159204647 16
    endloop
  endfacet
  facet normal 0 0 1
    outer loop
      vertex 17.53310927228819 2.055260159204647 16
      vertex 18.46689072771181 2.055260159204647 16
      vertex 18.618033988749893 2.0978869674096927 16
    endloop
  endfacet
  facet normal 0 0 1
    outer loop
      vertex 17.381966011250107 2.0978869674096927 16
      vertex 18.618033988749893 2.0978869674096927 16
      vertex 18.76536686473018 2.1522409349774265 16
    endloop
  endfacet
  facet normal 0 0 1
    outer loop
      vertex 17.23463313526982 2.1522409349774265 16
      vertex 18.76536686473018 2.1522409349774265 16
      vertex 18.907980999479093 2.2179869516232644 16
    endloop
  endfacet
  facet normal 0 0 1
    outer loop
      vertex 17.092019000520907 2.2179869516232644 16
      vertex 18.907980999479093 2.2179869516232644 16
      vertex 19.0449971294319 2.2947196712918156 16
    endloop
  endfacet
  facet normal 0 0 1
    outer loop
      vertex 16.585786437626904 2.585786437626905 16
      vertex 16.701103903339632 2.479188068799938 16
      vertex 19.414213562373096 2.585786437626905 16
    endloop
  endfacet
  facet normal 0 0 1
    outer loop
      vertex 16.9550028705681 2.2947196712918156 16
      vertex 17.092019000520907 2.2179869516232644 16
      vertex 19.0449971294319 2.2947196712918156 16
    endloop
  endfacet
  facet normal 0 0 1
    outer loop
      vertex 16.824429495415053 2.381966011250105 16
      vertex 16.9550028705681 2.2947196712918156 16
      vertex 19.175570504584947 2.381966011250105 16
    endloop
  endfacet
  facet normal 0 0 1
    outer loop
      vertex 16.701103903339632 2.479188068799938 16
      vertex 16.824429495415053 2.381966011250105 16
      vertex 19.298896096660368 2.479188068799938 16
    endloop
  endfacet
  facet normal 0 0 1
    outer loop
      vertex 16.47918806879994 2.7011039033396327 16
      vertex 16.585786437626904 2.585786437626905 16
      vertex 19.52081193120006 2.7011039033396327 16
    endloop
  endfacet
  facet normal 0 0 1
    outer loop
      vertex 16.381966011250107 2.8244294954150537 16
      vertex 16.47918806879994 2.7011039033396327 16
      vertex 19.618033988749893 2.8244294954150537 16
    endloop
  endfacet
  facet normal 0 0 1
    outer loop
      vertex 16.294719671291816 2.9550028705681024 16
      vertex 16.381966011250107 2.8244294954150537 16
      vertex 19.705280328708184 2.9550028705681024 16
    endloop
  endfacet
  facet normal 0 0 1
    outer loop
      vertex 16.9550028705681 2.2947196712918156 16
      vertex 19.0449971294319 2.2947196712918156 16
      vertex 19.175570504584947 2.381966011250105 16
    endloop
  endfacet
  facet normal 0 0 1
    outer loop
      vertex 16.824429495415053 2.381966011250105 16
      vertex 19.175570504584947 2.381966011250105 16
      vertex 19.298896096660368 2.479188068799938 16
    endloop
  endfacet
  facet normal 0 0 1
    outer loop
      vertex 16.701103903339632 2.479188068799938 16
      vertex 19.298896096660368 2.479188068799938 16
      vertex 19.414213562373096 2.585786437626905 16
    endloop
  endfacet
  facet normal 0 0 1
    outer loop
      vertex 16.585786437626904 2.585786437626905 16
      vertex 19.414213562373096 2.585786437626905 16
      vertex 19.52081193120006 2.7011039033396327 16
    endloop
  endfacet
  facet normal 0 0 1
    outer loop
      vertex 16.47918806879994 2.7011039033396327 16
      vertex 19.52081193120006 2.7011039033396327 16
      vertex 19.618033988749893 2.8244294954150537 16
    endloop
  endfacet
  facet normal 0 0 1
    outer loop
      vertex 16.381966011250107 2.8244294954150537 16
      vertex 19.618033988749893 2.8244294954150537 16
      vertex 19.705280328708184 2.9550028705681024 16
    endloop
  endfacet
  facet normal -0.41865973753742813 -0.9081431738250814 0
    outer loop
      vertex 17.092019000520907 2.2179869516232644 16
      vertex 17.092019000520907 2.2179869516232644 11.6
      vertex 17.23463313526982 2.1522409349774265 16
    endloop
  endfacet
  facet normal -0.8314696123025407 -0.555570233019609 0
    outer loop
      vertex 16.294719671291816 2.9550028705681024 16
      vertex 16.294719671291816 2.9550028705681024 11.6
      vertex 16.381966011250107 2.8244294954150537 16
    endloop
  endfacet
  facet normal -0.6190939493098335 -0.7853169308807454 0
    outer loop
      vertex 16.701103903339632 2.479188068799938 16
      vertex 16.701103903339632 2.479188068799938 11.6
      vertex 16.824429495415053 2.381966011250105 16
    endloop
  endfacet
  facet normal -0.6788007455329419 -0.7343225094356853 0
    outer loop
      vertex 16.585786437626904 2.585786437626905 16
      vertex 16.585786437626904 2.585786437626905 11.6
      vertex 16.701103903339632 2.479188068799938 16
    endloop
  endfacet
  facet normal -0.5555702330196025 -0.8314696123025451 0
    outer loop
      vertex 16.824429495415053 2.381966011250105 16
      vertex 16.824429495415053 2.381966011250105 11.6
      vertex 16.9550028705681 2.2947196712918156 16
    endloop
  endfacet
  facet normal -0.4886212414969524 -0.8724960070727986 0
    outer loop
      vertex 16.9550028705681 2.2947196712918156 16
      vertex 16.9550028705681 2.2947196712918156 11.6
      vertex 17.092019000520907 2.2179869516232644 16
    endloop
  endfacet
  facet normal -0.7343225094356897 -0.6788007455329372 0
    outer loop
      vertex 16.47918806879994 2.7011039033396327 16
      vertex 16.47918806879994 2.7011039033396327 11.6
      vertex 16.585786437626904 2.585786437626905 16
    endloop
  endfacet
  facet normal -0.7853169308807482 -0.61909394930983 0
    outer loop
      vertex 16.381966011250107 2.8244294954150537 16
      vertex 16.381966011250107 2.8244294954150537 11.6
      vertex 16.47918806879994 2.7011039033396327 16
    endloop
  endfacet
  facet normal -0.3461170570774911 -0.9381913359224848 0
    outer loop
      vertex 17.23463313526982 2.1522409349774265 16
      vertex 17.23463313526982 2.1522409349774265 11.6
      vertex 17.381966011250107 2.0978869674096927 16
    endloop
  endfacet
  facet normal -0.2714404498650747 -0.9624552364536472 0
    outer loop
      vertex 17.381966011250107 2.0978869674096927 16
      vertex 17.381966011250107 2.0978869674096927 11.6
      vertex 17.53310927228819 2.055260159204647 16
    endloop
  endfacet
  facet normal -0.1950903220161309 -0.9807852804032299 0
    outer loop
      vertex 17.53310927228819 2.055260159204647 16
      vertex 17.53310927228819 2.055260159204647 11.6
      vertex 17.687131069919538 2.0246233188097245 16
    endloop
  endfacet
  facet normal -0.11753739745783902 -0.9930684569549262 0
    outer loop
      vertex 17.687131069919538 2.0246233188097245 16
      vertex 17.687131069919538 2.0246233188097245 11.6
      vertex 17.84308180854431 2.006165332533744 16
    endloop
  endfacet
  facet normal -0.03925981575906697 -0.999229036240723 0
    outer loop
      vertex 17.84308180854431 2.006165332533744 16
      vertex 17.84308180854431 2.006165332533744 11.6
      vertex 18 2 16
    endloop
  endfacet
  facet normal 0.03925981575906697 -0.999229036240723 0
    outer loop
      vertex 18 2 16
      vertex 18 2 11.6
      vertex 18.15691819145569 2.006165332533744 16
    endloop
  endfacet
  facet normal 0.11753739745783902 -0.9930684569549262 0
    outer loop
      vertex 18.15691819145569 2.006165332533744 16
      vertex 18.15691819145569 2.006165332533744 11.6
      vertex 18.312868930080462 2.0246233188097245 16
    endloop
  endfacet
  facet normal 0.1950903220161309 -0.9807852804032299 0
    outer loop
      vertex 18.312868930080462 2.0246233188097245 16
      vertex 18.312868930080462 2.0246233188097245 11.6
      vertex 18.46689072771181 2.055260159204647 16
    endloop
  endfacet
  facet normal 0.2714404498650747 -0.9624552364536472 0
    outer loop
      vertex 18.46689072771181 2.055260159204647 16
      vertex 18.46689072771181 2.055260159204647 11.6
      vertex 18.618033988749893 2.0978869674096927 16
    endloop
  endfacet
  facet normal 0.3461170570774911 -0.9381913359224848 0
    outer loop
      vertex 18.618033988749893 2.0978869674096927 16
      vertex 18.618033988749893 2.0978869674096927 11.6
      vertex 18.76536686473018 2.1522409349774265 16
    endloop
  endfacet
  facet normal 0 0 1
    outer loop
      vertex 16.217986951623264 3.0920190005209065 16
      vertex 16.294719671291816 2.9550028705681024 16
      vertex 19.782013048376736 3.0920190005209065 16
    endloop
  endfacet
  facet normal 0 0 1
    outer loop
      vertex 16.152240934977428 3.2346331352698203 16
      vertex 16.217986951623264 3.0920190005209065 16
      vertex 19.847759065022572 3.2346331352698203 16
    endloop
  endfacet
  facet normal 0 0 1
    outer loop
      vertex 16.152240934977428 3.2346331352698203 16
      vertex 19.902113032590307 3.381966011250105 16
      vertex 16.097886967409693 3.381966011250105 16
    endloop
  endfacet
  facet normal 0 0 1
    outer loop
      vertex 16.055260159204646 3.5331092722881894 16
      vertex 16.097886967409693 3.381966011250105 16
      vertex 19.944739840795354 3.5331092722881894 16
    endloop
  endfacet
  facet normal 0 0 1
    outer loop
      vertex 16.055260159204646 3.5331092722881894 16
      vertex 19.975376681190276 3.687131069919538 16
      vertex 16.024623318809724 3.687131069919538 16
    endloop
  endfacet
  facet normal 0 0 1
    outer loop
      vertex 16.294719671291816 2.9550028705681024 16
      vertex 19.705280328708184 2.9550028705681024 16
      vertex 19.782013048376736 3.0920190005209065 16
    endloop
  endfacet
  facet normal 0 0 1
    outer loop
      vertex 16.217986951623264 3.0920190005209065 16
      vertex 19.782013048376736 3.0920190005209065 16
      vertex 19.847759065022572 3.2346331352698203 16
    endloop
  endfacet
  facet normal 0 0 1
    outer loop
      vertex 16.152240934977428 3.2346331352698203 16
      vertex 19.847759065022572 3.2346331352698203 16
      vertex 19.902113032590307 3.381966011250105 16
    endloop
  endfacet
  facet normal 0 0 1
    outer loop
      vertex 16.097886967409693 3.381966011250105 16
      vertex 19.902113032590307 3.381966011250105 16
      vertex 19.944739840795354 3.5331092722881894 16
    endloop
  endfacet
  facet normal 0 0 1
    outer loop
      vertex 16.055260159204646 3.5331092722881894 16
      vertex 19.944739840795354 3.5331092722881894 16
      vertex 19.975376681190276 3.687131069919538 16
    endloop
  endfacet
  facet normal 0 0 1
    outer loop
      vertex 16.024623318809724 3.687131069919538 16
      vertex 19.975376681190276 3.687131069919538 16
      vertex 19.993834667466256 3.84308180854431 16
    endloop
  endfacet
  facet normal 0 0 1
    outer loop
      vertex 16.024623318809724 3.687131069919538 16
      vertex 19.993834667466256 3.84308180854431 16
      vertex 16.006165332533744 3.84308180854431 16
    endloop
  endfacet
  facet normal 0 0 1
    outer loop
      vertex 16.006165332533744 3.84308180854431 16
      vertex 20 4 16
      vertex 16 4 16
    endloop
  endfacet
  facet normal 0 0 1
    outer loop
      vertex 16 4 16
      vertex 19.993834667466256 4.15691819145569 16
      vertex 16.006165332533744 4.15691819145569 16
    endloop
  endfacet
  facet normal 0 0 1
    outer loop
      vertex 16.006165332533744 4.15691819145569 16
      vertex 19.975376681190276 4.3128689300804615 16
      vertex 16.024623318809724 4.3128689300804615 16
    endloop
  endfacet
  facet normal 0 0 1
    outer loop
      vertex 16.024623318809724 4.3128689300804615 16
      vertex 19.944739840795354 4.466890727711811 16
      vertex 16.055260159204646 4.466890727711811 16
    endloop
  endfacet
  facet normal 0 0 1
    outer loop
      vertex 16.006165332533744 3.84308180854431 16
      vertex 19.993834667466256 3.84308180854431 16
      vertex 20 4 16
    endloop
  endfacet
  facet normal 0 0 1
    outer loop
      vertex 16 4 16
      vertex 20 4 16
      vertex 19.993834667466256 4.15691819145569 16
    endloop
  endfacet
  facet normal 0 0 1
    outer loop
      vertex 16.006165332533744 4.15691819145569 16
      vertex 19.993834667466256 4.15691819145569 16
      vertex 19.975376681190276 4.3128689300804615 16
    endloop
  endfacet
  facet normal 0 0 1
    outer loop
      vertex 16.024623318809724 4.3128689300804615 16
      vertex 19.975376681190276 4.3128689300804615 16
      vertex 19.944739840795354 4.466890727711811 16
    endloop
  endfacet
  facet normal 0 0 1
    outer loop
      vertex 16.055260159204646 4.466890727711811 16
      vertex 19.902113032590307 4.618033988749895 16
      vertex 16.097886967409693 4.618033988749895 16
    endloop
  endfacet
  facet normal 0 0 1
    outer loop
      vertex 16.097886967409693 4.618033988749895 16
      vertex 19.847759065022572 4.765366864730179 16
      vertex 16.152240934977428 4.765366864730179 16
    endloop
  endfacet
  facet normal 0 0 1
    outer loop
      vertex 16.152240934977428 4.765366864730179 16
      vertex 19.782013048376736 4.9079809994790935 16
      vertex 16.217986951623264 4.9079809994790935 16
    endloop
  endfacet
  facet normal 0 0 1
    outer loop
      vertex 16.217986951623264 4.9079809994790935 16
      vertex 19.705280328708184 5.044997129431898 16
      vertex 16.294719671291816 5.044997129431898 16
    endloop
  endfacet
  facet normal 0 0 1
    outer loop
      vertex 16.294719671291816 5.044997129431898 16
      vertex 19.618033988749893 5.175570504584947 16
      vertex 16.381966011250107 5.175570504584947 16
    endloop
  endfacet
  facet normal 0 0 1
    outer loop
      vertex 16.055260159204646 4.466890727711811 16
      vertex 19.944739840795354 4.466890727711811 16
      vertex 19.902113032590307 4.618033988749895 16
    endloop
  endfacet
  facet normal 0 0 1
    outer loop
      vertex 16.097886967409693 4.618033988749895 16
      vertex 19.902113032590307 4.618033988749895 16
      vertex 19.847759065022572 4.765366864730179 16
    endloop
  endfacet
  facet normal 0 0 1
    outer loop
      vertex 16.152240934977428 4.765366864730179 16
      vertex 19.847759065022572 4.765366864730179 16
      vertex 19.782013048376736 4.9079809994790935 16
    endloop
  endfacet
  facet normal 0 0 1
    outer loop
      vertex 16.217986951623264 4.9079809994790935 16
      vertex 19.782013048376736 4.9079809994790935 16
      vertex 19.705280328708184 5.044997129431898 16
    endloop
  endfacet
  facet normal 0 0 1
    outer loop
      vertex 16.294719671291816 5.044997129431898 16
      vertex 19.705280328708184 5.044997129431898 16
      vertex 19.618033988749893 5.175570504584947 16
    endloop
  endfacet
  facet normal 0 0 1
    outer loop
      vertex 16.381966011250107 5.175570504584947 16
      vertex 19.618033988749893 5.175570504584947 16
      vertex 19.52081193120006 5.298896096660368 16
    endloop
  endfacet
  facet normal 0 0 1
    outer loop
      vertex 16.381966011250107 5.175570504584947 16
      vertex 19.52081193120006 5.298896096660368 16
      vertex 16.47918806879994 5.298896096660368 16
    endloop
  endfacet
  facet normal 0 0 1
    outer loop
      vertex 16.47918806879994 5.298896096660368 16
      vertex 19.414213562373096 5.414213562373095 16
      vertex 16.585786437626904 5.414213562373095 16
    endloop
  endfacet
  facet normal 0 0 1
    outer loop
      vertex 16.585786437626904 5.414213562373095 16
      vertex 19.298896096660368 5.520811931200062 16
      vertex 16.701103903339632 5.520811931200062 16
    endloop
  endfacet
  facet normal 0 0 1
    outer loop
      vertex 16.701103903339632 5.520811931200062 16
      vertex 19.175570504584947 5.618033988749895 16
      vertex 16.824429495415053 5.618033988749895 16
    endloop
  endfacet
  facet normal 0 0 1
    outer loop
      vertex 16.824429495415053 5.618033988749895 16
      vertex 19.0449971294319 5.705280328708184 16
      vertex 16.9550028705681 5.705280328708184 16
    endloop
  endfacet
  facet normal 0 0 1
    outer loop
      vertex 16.9550028705681 5.705280328708184 16
      vertex 18.907980999479093 5.782013048376736 16
      vertex 17.092019000520907 5.782013048376736 16
    endloop
  endfacet
  facet normal 0 0 1
    outer loop
      vertex 17.092019000520907 5.782013048376736 16
      vertex 18.76536686473018 5.847759065022574 16
      vertex 17.23463313526982 5.847759065022574 16
    endloop
  endfacet
  facet normal 0 0 1
    outer loop
      vertex 17.23463313526982 5.847759065022574 16
      vertex 18.618033988749893 5.902113032590307 16
      vertex 17.381966011250107 5.902113032590307 16
    endloop
  endfacet
  facet normal 0 0 1
    outer loop
      vertex 17.381966011250107 5.902113032590307 16
      vertex 18.46689072771181 5.944739840795354 16
      vertex 17.53310927228819 5.944739840795354 16
    endloop
  endfacet
  facet normal 0 0 1
    outer loop
      vertex 17.53310927228819 5.944739840795354 16
      vertex 18.312868930080462 5.9753766811902755 16
      vertex 17.687131069919538 5.9753766811902755 16
    endloop
  endfacet
  facet normal 0 0 1
    outer loop
      vertex 17.687131069919538 5.9753766811902755 16
      vertex 18.15691819145569 5.993834667466256 16
      vertex 17.84308180854431 5.993834667466256 16
    endloop
  endfacet
  facet normal 0 0 1
    outer loop
      vertex 16.47918806879994 5.298896096660368 16
      vertex 19.52081193120006 5.298896096660368 16
      vertex 19.414213562373096 5.414213562373095 16
    endloop
  endfacet
  facet normal 0 0 1
    outer loop
      vertex 16.585786437626904 5.414213562373095 16
      vertex 19.414213562373096 5.414213562373095 16
      vertex 19.298896096660368 5.520811931200062 16
    endloop
  endfacet
  facet normal 0 0 1
    outer loop
      vertex 16.701103903339632 5.520811931200062 16
      vertex 19.298896096660368 5.520811931200062 16
      vertex 19.175570504584947 5.618033988749895 16
    endloop
  endfacet
  facet normal 0 0 1
    outer loop
      vertex 16.824429495415053 5.618033988749895 16
      vertex 19.175570504584947 5.618033988749895 16
      vertex 19.0449971294319 5.705280328708184 16
    endloop
  endfacet
  facet normal 0 0 1
    outer loop
      vertex 17.092019000520907 5.782013048376736 16
      vertex 18.907980999479093 5.782013048376736 16
      vertex 18.76536686473018 5.847759065022574 16
    endloop
  endfacet
  facet normal 0 0 1
    outer loop
      vertex 16.9550028705681 5.705280328708184 16
      vertex 19.0449971294319 5.705280328708184 16
      vertex 18.907980999479093 5.782013048376736 16
    endloop
  endfacet
  facet normal 0 0 1
    outer loop
      vertex 17.84308180854431 5.993834667466256 16
      vertex 18.15691819145569 5.993834667466256 16
      vertex 18 6 16
    endloop
  endfacet
  facet normal 0 0 1
    outer loop
      vertex 17.687131069919538 5.9753766811902755 16
      vertex 18.312868930080462 5.9753766811902755 16
      vertex 18.15691819145569 5.993834667466256 16
    endloop
  endfacet
  facet normal 0 0 1
    outer loop
      vertex 17.381966011250107 5.902113032590307 16
      vertex 18.618033988749893 5.902113032590307 16
      vertex 18.46689072771181 5.944739840795354 16
    endloop
  endfacet
  facet normal 0 0 1
    outer loop
      vertex 17.53310927228819 5.944739840795354 16
      vertex 18.46689072771181 5.944739840795354 16
      vertex 18.312868930080462 5.9753766811902755 16
    endloop
  endfacet
  facet normal 0 0 1
    outer loop
      vertex 17.23463313526982 5.847759065022574 16
      vertex 18.76536686473018 5.847759065022574 16
      vertex 18.618033988749893 5.902113032590307 16
    endloop
  endfacet
  facet normal -0.9081431738250862 -0.41865973753741753 0
    outer loop
      vertex 16.152240934977428 3.2346331352698203 16
      vertex 16.152240934977428 3.2346331352698203 11.6
      vertex 16.217986951623264 3.0920190005209065 16
    endloop
  endfacet
  facet normal -0.8724960070727947 -0.48862124149695907 0
    outer loop
      vertex 16.217986951623264 3.0920190005209065 16
      vertex 16.217986951623264 3.0920190005209065 11.6
      vertex 16.294719671291816 2.9550028705681024 16
    endloop
  endfacet
  facet normal -0.9381913359224812 -0.3461170570775013 0
    outer loop
      vertex 16.152240934977428 3.2346331352698203 16
      vertex 16.097886967409693 3.381966011250105 16
      vertex 16.097886967409693 3.381966011250105 11.6
    endloop
  endfacet
  facet normal -0.9624552364536471 -0.2714404498650751 0
    outer loop
      vertex 16.055260159204646 3.5331092722881894 16
      vertex 16.055260159204646 3.5331092722881894 11.6
      vertex 16.097886967409693 3.381966011250105 16
    endloop
  endfacet
  facet normal -0.9807852804032295 -0.19509032201613252 0
    outer loop
      vertex 16.055260159204646 3.5331092722881894 16
      vertex 16.024623318809724 3.687131069919538 16
      vertex 16.024623318809724 3.687131069919538 11.6
    endloop
  endfacet
  facet normal -0.9930684569549268 -0.11753739745783276 0
    outer loop
      vertex 16.024623318809724 3.687131069919538 16
      vertex 16.006165332533744 3.84308180854431 16
      vertex 16.006165332533744 3.84308180854431 11.6
    endloop
  endfacet
  facet normal -0.999229036240723 -0.039259815759067306 0
    outer loop
      vertex 16.006165332533744 3.84308180854431 16
      vertex 16 4 16
      vertex 16 4 11.6
    endloop
  endfacet
  facet normal -0.999229036240723 0.03925981575906742 0
    outer loop
      vertex 16 4 16
      vertex 16.006165332533744 4.15691819145569 16
      vertex 16.006165332533744 4.15691819145569 11.6
    endloop
  endfacet
  facet normal -0.9930684569549268 0.11753739745783276 0
    outer loop
      vertex 16.006165332533744 4.15691819145569 16
      vertex 16.024623318809724 4.3128689300804615 16
      vertex 16.024623318809724 4.3128689300804615 11.6
    endloop
  endfacet
  facet normal -0.9807852804032298 0.19509032201613147 0
    outer loop
      vertex 16.024623318809724 4.3128689300804615 16
      vertex 16.055260159204646 4.466890727711811 16
      vertex 16.055260159204646 4.466890727711811 11.6
    endloop
  endfacet
  facet normal -0.9624552364536468 0.2714404498650758 0
    outer loop
      vertex 16.055260159204646 4.466890727711811 16
      vertex 16.097886967409693 4.618033988749895 16
      vertex 16.097886967409693 4.618033988749895 11.6
    endloop
  endfacet
  facet normal -0.9381913359224807 0.3461170570775022 0
    outer loop
      vertex 16.097886967409693 4.618033988749895 16
      vertex 16.152240934977428 4.765366864730179 16
      vertex 16.152240934977428 4.765366864730179 11.6
    endloop
  endfacet
  facet normal -0.9081431738250867 0.4186597375374165 0
    outer loop
      vertex 16.152240934977428 4.765366864730179 16
      vertex 16.217986951623264 4.9079809994790935 16
      vertex 16.217986951623264 4.9079809994790935 11.6
    endloop
  endfacet
  facet normal -0.8724960070727947 0.48862124149695907 0
    outer loop
      vertex 16.217986951623264 4.9079809994790935 16
      vertex 16.294719671291816 5.044997129431898 16
      vertex 16.294719671291816 5.044997129431898 11.6
    endloop
  endfacet
  facet normal -0.8314696123025416 0.5555702330196077 0
    outer loop
      vertex 16.294719671291816 5.044997129431898 16
      vertex 16.381966011250107 5.175570504584947 16
      vertex 16.381966011250107 5.175570504584947 11.6
    endloop
  endfacet
  facet normal -0.7853169308807482 0.61909394930983 0
    outer loop
      vertex 16.381966011250107 5.175570504584947 16
      vertex 16.47918806879994 5.298896096660368 16
      vertex 16.47918806879994 5.298896096660368 11.6
    endloop
  endfacet
  facet normal -0.7343225094356884 0.6788007455329386 0
    outer loop
      vertex 16.47918806879994 5.298896096660368 16
      vertex 16.585786437626904 5.414213562373095 16
      vertex 16.585786437626904 5.414213562373095 11.6
    endloop
  endfacet
  facet normal -0.6788007455329419 0.7343225094356853 0
    outer loop
      vertex 16.585786437626904 5.414213562373095 16
      vertex 16.701103903339632 5.520811931200062 16
      vertex 16.701103903339632 5.520811931200062 11.6
    endloop
  endfacet
  facet normal -0.6190939493098335 0.7853169308807454 0
    outer loop
      vertex 16.701103903339632 5.520811931200062 16
      vertex 16.824429495415053 5.618033988749895 16
      vertex 16.824429495415053 5.618033988749895 11.6
    endloop
  endfacet
  facet normal -0.5555702330196025 0.8314696123025451 0
    outer loop
      vertex 16.824429495415053 5.618033988749895 16
      vertex 16.9550028705681 5.705280328708184 16
      vertex 16.9550028705681 5.705280328708184 11.6
    endloop
  endfacet
  facet normal -0.4886212414969524 0.8724960070727986 0
    outer loop
      vertex 16.9550028705681 5.705280328708184 16
      vertex 17.092019000520907 5.782013048376736 16
      vertex 17.092019000520907 5.782013048376736 11.6
    endloop
  endfacet
  facet normal -0.4186597375374305 0.9081431738250801 0
    outer loop
      vertex 17.092019000520907 5.782013048376736 16
      vertex 17.23463313526982 5.847759065022574 16
      vertex 17.23463313526982 5.847759065022574 11.6
    endloop
  endfacet
  facet normal -0.3461170570774886 0.9381913359224857 0
    outer loop
      vertex 17.23463313526982 5.847759065022574 16
      vertex 17.381966011250107 5.902113032590307 16
      vertex 17.381966011250107 5.902113032590307 11.6
    endloop
  endfacet
  facet normal -0.2714404498650773 0.9624552364536464 0
    outer loop
      vertex 17.381966011250107 5.902113032590307 16
      vertex 17.53310927228819 5.944739840795354 16
      vertex 17.53310927228819 5.944739840795354 11.6
    endloop
  endfacet
  facet normal -0.19509032201612816 0.9807852804032305 0
    outer loop
      vertex 17.53310927228819 5.944739840795354 16
      vertex 17.687131069919538 5.9753766811902755 16
      vertex 17.687131069919538 5.9753766811902755 11.6
    endloop
  endfacet
  facet normal -0.11753739745783902 0.9930684569549262 0
    outer loop
      vertex 17.687131069919538 5.9753766811902755 16
      vertex 17.84308180854431 5.993834667466256 16
      vertex 17.84308180854431 5.993834667466256 11.6
    endloop
  endfacet
  facet normal -0.03925981575906697 0.999229036240723 0
    outer loop
      vertex 17.84308180854431 5.993834667466256 16
      vertex 18 6 16
      vertex 18 6 11.6
    endloop
  endfacet
  facet normal 0.03925981575906697 0.999229036240723 0
    outer loop
      vertex 18 6 16
      vertex 18.15691819145569 5.993834667466256 16
      vertex 18.15691819145569 5.993834667466256 11.6
    endloop
  endfacet
  facet normal 0.11753739745783902 0.9930684569549262 0
    outer loop
      vertex 18.15691819145569 5.993834667466256 16
      vertex 18.312868930080462 5.9753766811902755 16
      vertex 18.312868930080462 5.9753766811902755 11.6
    endloop
  endfacet
  facet normal 0.19509032201612816 0.9807852804032305 0
    outer loop
      vertex 18.312868930080462 5.9753766811902755 16
      vertex 18.46689072771181 5.944739840795354 16
      vertex 18.46689072771181 5.944739840795354 11.6
    endloop
  endfacet
  facet normal 0.3461170570774886 0.9381913359224857 0
    outer loop
      vertex 18.618033988749893 5.902113032590307 16
      vertex 18.76536686473018 5.847759065022574 16
      vertex 18.76536686473018 5.847759065022574 11.6
    endloop
  endfacet
  facet normal 0.2714404498650773 0.9624552364536464 0
    outer loop
      vertex 18.46689072771181 5.944739840795354 16
      vertex 18.618033988749893 5.902113032590307 16
      vertex 18.618033988749893 5.902113032590307 11.6
    endloop
  endfacet
  facet normal -0.4886212414969524 -0.8724960070727986 0
    outer loop
      vertex 17.092019000520907 2.2179869516232644 16
      vertex 16.9550028705681 2.2947196712918156 11.6
      vertex 17.092019000520907 2.2179869516232644 11.6
    endloop
  endfacet
  facet normal -0.41865973753742813 -0.9081431738250814 0
    outer loop
      vertex 17.23463313526982 2.1522409349774265 16
      vertex 17.092019000520907 2.2179869516232644 11.6
      vertex 17.23463313526982 2.1522409349774265 11.6
    endloop
  endfacet
  facet normal -0.8314696123025407 -0.555570233019609 0
    outer loop
      vertex 16.381966011250107 2.8244294954150537 16
      vertex 16.294719671291816 2.9550028705681024 11.6
      vertex 16.381966011250107 2.8244294954150537 11.6
    endloop
  endfacet
  facet normal -0.6190939493098335 -0.7853169308807454 0
    outer loop
      vertex 16.824429495415053 2.381966011250105 16
      vertex 16.701103903339632 2.479188068799938 11.6
      vertex 16.824429495415053 2.381966011250105 11.6
    endloop
  endfacet
  facet normal -0.7343225094356897 -0.6788007455329372 0
    outer loop
      vertex 16.585786437626904 2.585786437626905 16
      vertex 16.47918806879994 2.7011039033396327 11.6
      vertex 16.585786437626904 2.585786437626905 11.6
    endloop
  endfacet
  facet normal -0.6788007455329419 -0.7343225094356853 0
    outer loop
      vertex 16.701103903339632 2.479188068799938 16
      vertex 16.585786437626904 2.585786437626905 11.6
      vertex 16.701103903339632 2.479188068799938 11.6
    endloop
  endfacet
  facet normal -0.5555702330196025 -0.8314696123025451 0
    outer loop
      vertex 16.9550028705681 2.2947196712918156 16
      vertex 16.824429495415053 2.381966011250105 11.6
      vertex 16.9550028705681 2.2947196712918156 11.6
    endloop
  endfacet
  facet normal -0.7853169308807482 -0.61909394930983 0
    outer loop
      vertex 16.47918806879994 2.7011039033396327 16
      vertex 16.381966011250107 2.8244294954150537 11.6
      vertex 16.47918806879994 2.7011039033396327 11.6
    endloop
  endfacet
  facet normal -0.3461170570774911 -0.9381913359224848 0
    outer loop
      vertex 17.381966011250107 2.0978869674096927 16
      vertex 17.23463313526982 2.1522409349774265 11.6
      vertex 17.381966011250107 2.0978869674096927 11.6
    endloop
  endfacet
  facet normal -0.2714404498650747 -0.9624552364536472 0
    outer loop
      vertex 17.53310927228819 2.055260159204647 16
      vertex 17.381966011250107 2.0978869674096927 11.6
      vertex 17.53310927228819 2.055260159204647 11.6
    endloop
  endfacet
  facet normal -0.1950903220161309 -0.9807852804032299 0
    outer loop
      vertex 17.687131069919538 2.0246233188097245 16
      vertex 17.53310927228819 2.055260159204647 11.6
      vertex 17.687131069919538 2.0246233188097245 11.6
    endloop
  endfacet
  facet normal -0.11753739745783902 -0.9930684569549262 0
    outer loop
      vertex 17.84308180854431 2.006165332533744 16
      vertex 17.687131069919538 2.0246233188097245 11.6
      vertex 17.84308180854431 2.006165332533744 11.6
    endloop
  endfacet
  facet normal -0.03925981575906697 -0.999229036240723 0
    outer loop
      vertex 18 2 16
      vertex 17.84308180854431 2.006165332533744 11.6
      vertex 18 2 11.6
    endloop
  endfacet
  facet normal 0.03925981575906697 -0.999229036240723 0
    outer loop
      vertex 18.15691819145569 2.006165332533744 16
      vertex 18 2 11.6
      vertex 18.15691819145569 2.006165332533744 11.6
    endloop
  endfacet
  facet normal 0.11753739745783902 -0.9930684569549262 0
    outer loop
      vertex 18.312868930080462 2.0246233188097245 16
      vertex 18.15691819145569 2.006165332533744 11.6
      vertex 18.312868930080462 2.0246233188097245 11.6
    endloop
  endfacet
  facet normal 0.1950903220161309 -0.9807852804032299 0
    outer loop
      vertex 18.46689072771181 2.055260159204647 16
      vertex 18.312868930080462 2.0246233188097245 11.6
      vertex 18.46689072771181 2.055260159204647 11.6
    endloop
  endfacet
  facet normal 0.2714404498650747 -0.9624552364536472 0
    outer loop
      vertex 18.618033988749893 2.0978869674096927 16
      vertex 18.46689072771181 2.055260159204647 11.6
      vertex 18.618033988749893 2.0978869674096927 11.6
    endloop
  endfacet
  facet normal 0.3461170570774911 -0.9381913359224848 0
    outer loop
      vertex 18.76536686473018 2.1522409349774265 16
      vertex 18.618033988749893 2.0978869674096927 11.6
      vertex 18.76536686473018 2.1522409349774265 11.6
    endloop
  endfacet
  facet normal -0.9081431738250862 -0.41865973753741753 0
    outer loop
      vertex 16.217986951623264 3.0920190005209065 16
      vertex 16.152240934977428 3.2346331352698203 11.6
      vertex 16.217986951623264 3.0920190005209065 11.6
    endloop
  endfacet
  facet normal -0.8724960070727947 -0.48862124149695907 0
    outer loop
      vertex 16.294719671291816 2.9550028705681024 16
      vertex 16.217986951623264 3.0920190005209065 11.6
      vertex 16.294719671291816 2.9550028705681024 11.6
    endloop
  endfacet
  facet normal -0.9381913359224812 -0.3461170570775013 0
    outer loop
      vertex 16.152240934977428 3.2346331352698203 16
      vertex 16.097886967409693 3.381966011250105 11.6
      vertex 16.152240934977428 3.2346331352698203 11.6
    endloop
  endfacet
  facet normal -0.9624552364536471 -0.2714404498650751 0
    outer loop
      vertex 16.097886967409693 3.381966011250105 16
      vertex 16.055260159204646 3.5331092722881894 11.6
      vertex 16.097886967409693 3.381966011250105 11.6
    endloop
  endfacet
  facet normal -0.9807852804032295 -0.19509032201613252 0
    outer loop
      vertex 16.055260159204646 3.5331092722881894 16
      vertex 16.024623318809724 3.687131069919538 11.6
      vertex 16.055260159204646 3.5331092722881894 11.6
    endloop
  endfacet
  facet normal -0.9930684569549268 -0.11753739745783276 0
    outer loop
      vertex 16.024623318809724 3.687131069919538 16
      vertex 16.006165332533744 3.84308180854431 11.6
      vertex 16.024623318809724 3.687131069919538 11.6
    endloop
  endfacet
  facet normal -0.999229036240723 -0.039259815759067306 0
    outer loop
      vertex 16.006165332533744 3.84308180854431 16
      vertex 16 4 11.6
      vertex 16.006165332533744 3.84308180854431 11.6
    endloop
  endfacet
  facet normal -0.999229036240723 0.03925981575906742 0
    outer loop
      vertex 16 4 16
      vertex 16.006165332533744 4.15691819145569 11.6
      vertex 16 4 11.6
    endloop
  endfacet
  facet normal -0.9930684569549268 0.11753739745783276 0
    outer loop
      vertex 16.006165332533744 4.15691819145569 16
      vertex 16.024623318809724 4.3128689300804615 11.6
      vertex 16.006165332533744 4.15691819145569 11.6
    endloop
  endfacet
  facet normal -0.9807852804032298 0.19509032201613147 0
    outer loop
      vertex 16.024623318809724 4.3128689300804615 16
      vertex 16.055260159204646 4.466890727711811 11.6
      vertex 16.024623318809724 4.3128689300804615 11.6
    endloop
  endfacet
  facet normal -0.9624552364536468 0.2714404498650758 0
    outer loop
      vertex 16.055260159204646 4.466890727711811 16
      vertex 16.097886967409693 4.618033988749895 11.6
      vertex 16.055260159204646 4.466890727711811 11.6
    endloop
  endfacet
  facet normal -0.9381913359224807 0.3461170570775022 0
    outer loop
      vertex 16.097886967409693 4.618033988749895 16
      vertex 16.152240934977428 4.765366864730179 11.6
      vertex 16.097886967409693 4.618033988749895 11.6
    endloop
  endfacet
  facet normal -0.9081431738250867 0.4186597375374165 0
    outer loop
      vertex 16.152240934977428 4.765366864730179 16
      vertex 16.217986951623264 4.9079809994790935 11.6
      vertex 16.152240934977428 4.765366864730179 11.6
    endloop
  endfacet
  facet normal -0.8724960070727947 0.48862124149695907 0
    outer loop
      vertex 16.217986951623264 4.9079809994790935 16
      vertex 16.294719671291816 5.044997129431898 11.6
      vertex 16.217986951623264 4.9079809994790935 11.6
    endloop
  endfacet
  facet normal -0.8314696123025416 0.5555702330196077 0
    outer loop
      vertex 16.294719671291816 5.044997129431898 16
      vertex 16.381966011250107 5.175570504584947 11.6
      vertex 16.294719671291816 5.044997129431898 11.6
    endloop
  endfacet
  facet normal -0.7853169308807482 0.61909394930983 0
    outer loop
      vertex 16.381966011250107 5.175570504584947 16
      vertex 16.47918806879994 5.298896096660368 11.6
      vertex 16.381966011250107 5.175570504584947 11.6
    endloop
  endfacet
  facet normal -0.7343225094356884 0.6788007455329386 0
    outer loop
      vertex 16.47918806879994 5.298896096660368 16
      vertex 16.585786437626904 5.414213562373095 11.6
      vertex 16.47918806879994 5.298896096660368 11.6
    endloop
  endfacet
  facet normal -0.6788007455329419 0.7343225094356853 0
    outer loop
      vertex 16.585786437626904 5.414213562373095 16
      vertex 16.701103903339632 5.520811931200062 11.6
      vertex 16.585786437626904 5.414213562373095 11.6
    endloop
  endfacet
  facet normal -0.6190939493098335 0.7853169308807454 0
    outer loop
      vertex 16.701103903339632 5.520811931200062 16
      vertex 16.824429495415053 5.618033988749895 11.6
      vertex 16.701103903339632 5.520811931200062 11.6
    endloop
  endfacet
  facet normal -0.5555702330196025 0.8314696123025451 0
    outer loop
      vertex 16.824429495415053 5.618033988749895 16
      vertex 16.9550028705681 5.705280328708184 11.6
      vertex 16.824429495415053 5.618033988749895 11.6
    endloop
  endfacet
  facet normal -0.4886212414969524 0.8724960070727986 0
    outer loop
      vertex 16.9550028705681 5.705280328708184 16
      vertex 17.092019000520907 5.782013048376736 11.6
      vertex 16.9550028705681 5.705280328708184 11.6
    endloop
  endfacet
  facet normal -0.4186597375374305 0.9081431738250801 0
    outer loop
      vertex 17.092019000520907 5.782013048376736 16
      vertex 17.23463313526982 5.847759065022574 11.6
      vertex 17.092019000520907 5.782013048376736 11.6
    endloop
  endfacet
  facet normal -0.3461170570774886 0.9381913359224857 0
    outer loop
      vertex 17.23463313526982 5.847759065022574 16
      vertex 17.381966011250107 5.902113032590307 11.6
      vertex 17.23463313526982 5.847759065022574 11.6
    endloop
  endfacet
  facet normal -0.2714404498650773 0.9624552364536464 0
    outer loop
      vertex 17.381966011250107 5.902113032590307 16
      vertex 17.53310927228819 5.944739840795354 11.6
      vertex 17.381966011250107 5.902113032590307 11.6
    endloop
  endfacet
  facet normal -0.19509032201612816 0.9807852804032305 0
    outer loop
      vertex 17.53310927228819 5.944739840795354 16
      vertex 17.687131069919538 5.9753766811902755 11.6
      vertex 17.53310927228819 5.944739840795354 11.6
    endloop
  endfacet
  facet normal -0.11753739745783902 0.9930684569549262 0
    outer loop
      vertex 17.687131069919538 5.9753766811902755 16
      vertex 17.84308180854431 5.993834667466256 11.6
      vertex 17.687131069919538 5.9753766811902755 11.6
    endloop
  endfacet
  facet normal -0.03925981575906697 0.999229036240723 0
    outer loop
      vertex 17.84308180854431 5.993834667466256 16
      vertex 18 6 11.6
      vertex 17.84308180854431 5.993834667466256 11.6
    endloop
  endfacet
  facet normal 0.03925981575906697 0.999229036240723 0
    outer loop
      vertex 18 6 16
      vertex 18.15691819145569 5.993834667466256 11.6
      vertex 18 6 11.6
    endloop
  endfacet
  facet normal 0.11753739745783902 0.9930684569549262 0
    outer loop
      vertex 18.15691819145569 5.993834667466256 16
      vertex 18.312868930080462 5.9753766811902755 11.6
      vertex 18.15691819145569 5.993834667466256 11.6
    endloop
  endfacet
  facet normal 0.19509032201612816 0.9807852804032305 0
    outer loop
      vertex 18.312868930080462 5.9753766811902755 16
      vertex 18.46689072771181 5.944739840795354 11.6
      vertex 18.312868930080462 5.9753766811902755 11.6
    endloop
  endfacet
  facet normal 0.2714404498650773 0.9624552364536464 0
    outer loop
      vertex 18.46689072771181 5.944739840795354 16
      vertex 18.618033988749893 5.902113032590307 11.6
      vertex 18.46689072771181 5.944739840795354 11.6
    endloop
  endfacet
  facet normal 0.3461170570774886 0.9381913359224857 0
    outer loop
      vertex 18.618033988749893 5.902113032590307 16
      vertex 18.76536686473018 5.847759065022574 11.6
      vertex 18.618033988749893 5.902113032590307 11.6
    endloop
  endfacet
  facet normal 0.41865973753742813 -0.9081431738250814 0
    outer loop
      vertex 18.76536686473018 2.1522409349774265 16
      vertex 18.76536686473018 2.1522409349774265 11.6
      vertex 18.907980999479093 2.2179869516232644 16
    endloop
  endfacet
  facet normal 0.4886212414969524 -0.8724960070727986 0
    outer loop
      vertex 18.907980999479093 2.2179869516232644 16
      vertex 18.907980999479093 2.2179869516232644 11.6
      vertex 19.0449971294319 2.2947196712918156 16
    endloop
  endfacet
  facet normal 0.5555702330196025 -0.8314696123025451 0
    outer loop
      vertex 19.0449971294319 2.2947196712918156 16
      vertex 19.0449971294319 2.2947196712918156 11.6
      vertex 19.175570504584947 2.381966011250105 16
    endloop
  endfacet
  facet normal 0.6190939493098335 -0.7853169308807454 0
    outer loop
      vertex 19.175570504584947 2.381966011250105 16
      vertex 19.175570504584947 2.381966011250105 11.6
      vertex 19.298896096660368 2.479188068799938 16
    endloop
  endfacet
  facet normal 0.6788007455329419 -0.7343225094356853 0
    outer loop
      vertex 19.298896096660368 2.479188068799938 16
      vertex 19.298896096660368 2.479188068799938 11.6
      vertex 19.414213562373096 2.585786437626905 16
    endloop
  endfacet
  facet normal 0.7343225094356897 -0.6788007455329372 0
    outer loop
      vertex 19.414213562373096 2.585786437626905 16
      vertex 19.414213562373096 2.585786437626905 11.6
      vertex 19.52081193120006 2.7011039033396327 16
    endloop
  endfacet
  facet normal 0.7853169308807482 -0.61909394930983 0
    outer loop
      vertex 19.52081193120006 2.7011039033396327 16
      vertex 19.52081193120006 2.7011039033396327 11.6
      vertex 19.618033988749893 2.8244294954150537 16
    endloop
  endfacet
  facet normal 0.8314696123025407 -0.555570233019609 0
    outer loop
      vertex 19.618033988749893 2.8244294954150537 16
      vertex 19.618033988749893 2.8244294954150537 11.6
      vertex 19.705280328708184 2.9550028705681024 16
    endloop
  endfacet
  facet normal 0.8724960070727947 -0.48862124149695907 0
    outer loop
      vertex 19.705280328708184 2.9550028705681024 16
      vertex 19.705280328708184 2.9550028705681024 11.6
      vertex 19.782013048376736 3.0920190005209065 16
    endloop
  endfacet
  facet normal 0.9081431738250862 -0.41865973753741753 0
    outer loop
      vertex 19.782013048376736 3.0920190005209065 16
      vertex 19.782013048376736 3.0920190005209065 11.6
      vertex 19.847759065022572 3.2346331352698203 16
    endloop
  endfacet
  facet normal 0.9381913359224812 -0.3461170570775013 0
    outer loop
      vertex 19.847759065022572 3.2346331352698203 16
      vertex 19.847759065022572 3.2346331352698203 11.6
      vertex 19.902113032590307 3.381966011250105 16
    endloop
  endfacet
  facet normal 0.9624552364536471 -0.2714404498650751 0
    outer loop
      vertex 19.902113032590307 3.381966011250105 16
      vertex 19.902113032590307 3.381966011250105 11.6
      vertex 19.944739840795354 3.5331092722881894 16
    endloop
  endfacet
  facet normal 0.9807852804032295 -0.19509032201613252 0
    outer loop
      vertex 19.944739840795354 3.5331092722881894 16
      vertex 19.944739840795354 3.5331092722881894 11.6
      vertex 19.975376681190276 3.687131069919538 16
    endloop
  endfacet
  facet normal 0.9930684569549268 -0.11753739745783276 0
    outer loop
      vertex 19.975376681190276 3.687131069919538 16
      vertex 19.975376681190276 3.687131069919538 11.6
      vertex 19.993834667466256 3.84308180854431 16
    endloop
  endfacet
  facet normal 0.999229036240723 -0.039259815759067306 0
    outer loop
      vertex 19.993834667466256 3.84308180854431 16
      vertex 19.993834667466256 3.84308180854431 11.6
      vertex 20 4 16
    endloop
  endfacet
  facet normal 0.999229036240723 0.03925981575906742 0
    outer loop
      vertex 20 4 16
      vertex 20 4 11.6
      vertex 19.993834667466256 4.15691819145569 16
    endloop
  endfacet
  facet normal 0.9930684569549268 0.11753739745783276 0
    outer loop
      vertex 19.993834667466256 4.15691819145569 16
      vertex 19.993834667466256 4.15691819145569 11.6
      vertex 19.975376681190276 4.3128689300804615 16
    endloop
  endfacet
  facet normal 0.9807852804032298 0.19509032201613147 0
    outer loop
      vertex 19.944739840795354 4.466890727711811 16
      vertex 19.975376681190276 4.3128689300804615 16
      vertex 19.975376681190276 4.3128689300804615 11.6
    endloop
  endfacet
  facet normal 0.9381913359224807 0.3461170570775022 0
    outer loop
      vertex 19.847759065022572 4.765366864730179 16
      vertex 19.902113032590307 4.618033988749895 16
      vertex 19.902113032590307 4.618033988749895 11.6
    endloop
  endfacet
  facet normal 0.9081431738250867 0.4186597375374165 0
    outer loop
      vertex 19.782013048376736 4.9079809994790935 16
      vertex 19.847759065022572 4.765366864730179 16
      vertex 19.847759065022572 4.765366864730179 11.6
    endloop
  endfacet
  facet normal 0.9624552364536468 0.2714404498650758 0
    outer loop
      vertex 19.944739840795354 4.466890727711811 16
      vertex 19.944739840795354 4.466890727711811 11.6
      vertex 19.902113032590307 4.618033988749895 16
    endloop
  endfacet
  facet normal 0.8724960070727947 0.48862124149695907 0
    outer loop
      vertex 19.705280328708184 5.044997129431898 16
      vertex 19.782013048376736 4.9079809994790935 16
      vertex 19.782013048376736 4.9079809994790935 11.6
    endloop
  endfacet
  facet normal 0.8314696123025416 0.5555702330196077 0
    outer loop
      vertex 19.618033988749893 5.175570504584947 16
      vertex 19.705280328708184 5.044997129431898 16
      vertex 19.705280328708184 5.044997129431898 11.6
    endloop
  endfacet
  facet normal 0.7853169308807482 0.61909394930983 0
    outer loop
      vertex 19.52081193120006 5.298896096660368 16
      vertex 19.618033988749893 5.175570504584947 16
      vertex 19.618033988749893 5.175570504584947 11.6
    endloop
  endfacet
  facet normal 0.7343225094356884 0.6788007455329386 0
    outer loop
      vertex 19.414213562373096 5.414213562373095 16
      vertex 19.52081193120006 5.298896096660368 16
      vertex 19.52081193120006 5.298896096660368 11.6
    endloop
  endfacet
  facet normal 0.6190939493098335 0.7853169308807454 0
    outer loop
      vertex 19.175570504584947 5.618033988749895 16
      vertex 19.298896096660368 5.520811931200062 16
      vertex 19.298896096660368 5.520811931200062 11.6
    endloop
  endfacet
  facet normal 0.6788007455329419 0.7343225094356853 0
    outer loop
      vertex 19.298896096660368 5.520811931200062 16
      vertex 19.414213562373096 5.414213562373095 16
      vertex 19.414213562373096 5.414213562373095 11.6
    endloop
  endfacet
  facet normal 0.4186597375374305 0.9081431738250801 0
    outer loop
      vertex 18.76536686473018 5.847759065022574 16
      vertex 18.907980999479093 5.782013048376736 16
      vertex 18.907980999479093 5.782013048376736 11.6
    endloop
  endfacet
  facet normal 0.5555702330196025 0.8314696123025451 0
    outer loop
      vertex 19.0449971294319 5.705280328708184 16
      vertex 19.175570504584947 5.618033988749895 16
      vertex 19.175570504584947 5.618033988749895 11.6
    endloop
  endfacet
  facet normal 0.4886212414969524 0.8724960070727986 0
    outer loop
      vertex 18.907980999479093 5.782013048376736 16
      vertex 19.0449971294319 5.705280328708184 16
      vertex 19.0449971294319 5.705280328708184 11.6
    endloop
  endfacet
  facet normal 0.41865973753742813 -0.9081431738250814 0
    outer loop
      vertex 18.907980999479093 2.2179869516232644 16
      vertex 18.76536686473018 2.1522409349774265 11.6
      vertex 18.907980999479093 2.2179869516232644 11.6
    endloop
  endfacet
  facet normal 0.4886212414969524 -0.8724960070727986 0
    outer loop
      vertex 19.0449971294319 2.2947196712918156 16
      vertex 18.907980999479093 2.2179869516232644 11.6
      vertex 19.0449971294319 2.2947196712918156 11.6
    endloop
  endfacet
  facet normal 0.5555702330196025 -0.8314696123025451 0
    outer loop
      vertex 19.175570504584947 2.381966011250105 16
      vertex 19.0449971294319 2.2947196712918156 11.6
      vertex 19.175570504584947 2.381966011250105 11.6
    endloop
  endfacet
  facet normal 0.6190939493098335 -0.7853169308807454 0
    outer loop
      vertex 19.298896096660368 2.479188068799938 16
      vertex 19.175570504584947 2.381966011250105 11.6
      vertex 19.298896096660368 2.479188068799938 11.6
    endloop
  endfacet
  facet normal 0.6788007455329419 -0.7343225094356853 0
    outer loop
      vertex 19.414213562373096 2.585786437626905 16
      vertex 19.298896096660368 2.479188068799938 11.6
      vertex 19.414213562373096 2.585786437626905 11.6
    endloop
  endfacet
  facet normal 0.7343225094356897 -0.6788007455329372 0
    outer loop
      vertex 19.52081193120006 2.7011039033396327 16
      vertex 19.414213562373096 2.585786437626905 11.6
      vertex 19.52081193120006 2.7011039033396327 11.6
    endloop
  endfacet
  facet normal 0.7853169308807482 -0.61909394930983 0
    outer loop
      vertex 19.618033988749893 2.8244294954150537 16
      vertex 19.52081193120006 2.7011039033396327 11.6
      vertex 19.618033988749893 2.8244294954150537 11.6
    endloop
  endfacet
  facet normal 0.8314696123025407 -0.555570233019609 0
    outer loop
      vertex 19.705280328708184 2.9550028705681024 16
      vertex 19.618033988749893 2.8244294954150537 11.6
      vertex 19.705280328708184 2.9550028705681024 11.6
    endloop
  endfacet
  facet normal 0.8724960070727947 -0.48862124149695907 0
    outer loop
      vertex 19.782013048376736 3.0920190005209065 16
      vertex 19.705280328708184 2.9550028705681024 11.6
      vertex 19.782013048376736 3.0920190005209065 11.6
    endloop
  endfacet
  facet normal 0.9081431738250862 -0.41865973753741753 0
    outer loop
      vertex 19.847759065022572 3.2346331352698203 16
      vertex 19.782013048376736 3.0920190005209065 11.6
      vertex 19.847759065022572 3.2346331352698203 11.6
    endloop
  endfacet
  facet normal 0.9381913359224812 -0.3461170570775013 0
    outer loop
      vertex 19.902113032590307 3.381966011250105 16
      vertex 19.847759065022572 3.2346331352698203 11.6
      vertex 19.902113032590307 3.381966011250105 11.6
    endloop
  endfacet
  facet normal 0.9624552364536471 -0.2714404498650751 0
    outer loop
      vertex 19.944739840795354 3.5331092722881894 16
      vertex 19.902113032590307 3.381966011250105 11.6
      vertex 19.944739840795354 3.5331092722881894 11.6
    endloop
  endfacet
  facet normal 0.9807852804032295 -0.19509032201613252 0
    outer loop
      vertex 19.975376681190276 3.687131069919538 16
      vertex 19.944739840795354 3.5331092722881894 11.6
      vertex 19.975376681190276 3.687131069919538 11.6
    endloop
  endfacet
  facet normal 0.9930684569549268 -0.11753739745783276 0
    outer loop
      vertex 19.993834667466256 3.84308180854431 16
      vertex 19.975376681190276 3.687131069919538 11.6
      vertex 19.993834667466256 3.84308180854431 11.6
    endloop
  endfacet
  facet normal 0.999229036240723 -0.039259815759067306 0
    outer loop
      vertex 20 4 16
      vertex 19.993834667466256 3.84308180854431 11.6
      vertex 20 4 11.6
    endloop
  endfacet
  facet normal 0.999229036240723 0.03925981575906742 0
    outer loop
      vertex 19.993834667466256 4.15691819145569 16
      vertex 20 4 11.6
      vertex 19.993834667466256 4.15691819145569 11.6
    endloop
  endfacet
  facet normal 0.9930684569549268 0.11753739745783276 0
    outer loop
      vertex 19.975376681190276 4.3128689300804615 16
      vertex 19.993834667466256 4.15691819145569 11.6
      vertex 19.975376681190276 4.3128689300804615 11.6
    endloop
  endfacet
  facet normal 0.9807852804032298 0.19509032201613147 0
    outer loop
      vertex 19.944739840795354 4.466890727711811 16
      vertex 19.975376681190276 4.3128689300804615 11.6
      vertex 19.944739840795354 4.466890727711811 11.6
    endloop
  endfacet
  facet normal 0.9624552364536468 0.2714404498650758 0
    outer loop
      vertex 19.902113032590307 4.618033988749895 16
      vertex 19.944739840795354 4.466890727711811 11.6
      vertex 19.902113032590307 4.618033988749895 11.6
    endloop
  endfacet
  facet normal 0.9381913359224807 0.3461170570775022 0
    outer loop
      vertex 19.847759065022572 4.765366864730179 16
      vertex 19.902113032590307 4.618033988749895 11.6
      vertex 19.847759065022572 4.765366864730179 11.6
    endloop
  endfacet
  facet normal 0.9081431738250867 0.4186597375374165 0
    outer loop
      vertex 19.782013048376736 4.9079809994790935 16
      vertex 19.847759065022572 4.765366864730179 11.6
      vertex 19.782013048376736 4.9079809994790935 11.6
    endloop
  endfacet
  facet normal 0.8724960070727947 0.48862124149695907 0
    outer loop
      vertex 19.705280328708184 5.044997129431898 16
      vertex 19.782013048376736 4.9079809994790935 11.6
      vertex 19.705280328708184 5.044997129431898 11.6
    endloop
  endfacet
  facet normal 0.8314696123025416 0.5555702330196077 0
    outer loop
      vertex 19.618033988749893 5.175570504584947 16
      vertex 19.705280328708184 5.044997129431898 11.6
      vertex 19.618033988749893 5.175570504584947 11.6
    endloop
  endfacet
  facet normal 0.7343225094356884 0.6788007455329386 0
    outer loop
      vertex 19.414213562373096 5.414213562373095 16
      vertex 19.52081193120006 5.298896096660368 11.6
      vertex 19.414213562373096 5.414213562373095 11.6
    endloop
  endfacet
  facet normal 0.6190939493098335 0.7853169308807454 0
    outer loop
      vertex 19.175570504584947 5.618033988749895 16
      vertex 19.298896096660368 5.520811931200062 11.6
      vertex 19.175570504584947 5.618033988749895 11.6
    endloop
  endfacet
  facet normal 0.6788007455329419 0.7343225094356853 0
    outer loop
      vertex 19.298896096660368 5.520811931200062 16
      vertex 19.414213562373096 5.414213562373095 11.6
      vertex 19.298896096660368 5.520811931200062 11.6
    endloop
  endfacet
  facet normal 0.5555702330196025 0.8314696123025451 0
    outer loop
      vertex 19.0449971294319 5.705280328708184 16
      vertex 19.175570504584947 5.618033988749895 11.6
      vertex 19.0449971294319 5.705280328708184 11.6
    endloop
  endfacet
  facet normal 0.4886212414969524 0.8724960070727986 0
    outer loop
      vertex 18.907980999479093 5.782013048376736 16
      vertex 19.0449971294319 5.705280328708184 11.6
      vertex 18.907980999479093 5.782013048376736 11.6
    endloop
  endfacet
  facet normal 0.4186597375374305 0.9081431738250801 0
    outer loop
      vertex 18.76536686473018 5.847759065022574 16
      vertex 18.907980999479093 5.782013048376736 11.6
      vertex 18.76536686473018 5.847759065022574 11.6
    endloop
  endfacet
  facet normal 0.7853169308807482 0.61909394930983 0
    outer loop
      vertex 19.52081193120006 5.298896096660368 16
      vertex 19.618033988749893 5.175570504584947 11.6
      vertex 19.52081193120006 5.298896096660368 11.6
    endloop
  endfacet
  facet normal 0 0 1
    outer loop
      vertex 17.381966011250107 18.097886967409693 16
      vertex 17.53310927228819 18.055260159204646 16
      vertex 18.618033988749893 18.097886967409693 16
    endloop
  endfacet
  facet normal 0 0 1
    outer loop
      vertex 17.53310927228819 18.055260159204646 16
      vertex 17.687131069919538 18.024623318809724 16
      vertex 18.46689072771181 18.055260159204646 16
    endloop
  endfacet
  facet normal 0 0 1
    outer loop
      vertex 17.687131069919538 18.024623318809724 16
      vertex 17.84308180854431 18.006165332533744 16
      vertex 18.312868930080462 18.024623318809724 16
    endloop
  endfacet
  facet normal 0 0 1
    outer loop
      vertex 17.23463313526982 18.152240934977428 16
      vertex 17.381966011250107 18.097886967409693 16
      vertex 18.76536686473018 18.152240934977428 16
    endloop
  endfacet
  facet normal 0 0 1
    outer loop
      vertex 17.092019000520907 18.217986951623264 16
      vertex 17.23463313526982 18.152240934977428 16
      vertex 18.907980999479093 18.217986951623264 16
    endloop
  endfacet
  facet normal 0 0 1
    outer loop
      vertex 16.9550028705681 18.294719671291816 16
      vertex 17.092019000520907 18.217986951623264 16
      vertex 19.0449971294319 18.294719671291816 16
    endloop
  endfacet
  facet normal 0 0 1
    outer loop
      vertex 16.824429495415053 18.381966011250107 16
      vertex 16.9550028705681 18.294719671291816 16
      vertex 19.175570504584947 18.381966011250107 16
    endloop
  endfacet
  facet normal 0 0 1
    outer loop
      vertex 16.585786437626904 18.585786437626904 16
      vertex 16.701103903339632 18.47918806879994 16
      vertex 19.414213562373096 18.585786437626904 16
    endloop
  endfacet
  facet normal 0 0 1
    outer loop
      vertex 16.47918806879994 18.701103903339632 16
      vertex 16.585786437626904 18.585786437626904 16
      vertex 19.52081193120006 18.701103903339632 16
    endloop
  endfacet
  facet normal 0 0 1
    outer loop
      vertex 16.701103903339632 18.47918806879994 16
      vertex 16.824429495415053 18.381966011250107 16
      vertex 19.298896096660368 18.47918806879994 16
    endloop
  endfacet
  facet normal 0 0 1
    outer loop
      vertex 17.84308180854431 18.006165332533744 16
      vertex 18 18 16
      vertex 18.15691819145569 18.006165332533744 16
    endloop
  endfacet
  facet normal 0 0 1
    outer loop
      vertex 17.84308180854431 18.006165332533744 16
      vertex 18.15691819145569 18.006165332533744 16
      vertex 18.312868930080462 18.024623318809724 16
    endloop
  endfacet
  facet normal 0 0 1
    outer loop
      vertex 17.687131069919538 18.024623318809724 16
      vertex 18.312868930080462 18.024623318809724 16
      vertex 18.46689072771181 18.055260159204646 16
    endloop
  endfacet
  facet normal 0 0 1
    outer loop
      vertex 17.53310927228819 18.055260159204646 16
      vertex 18.46689072771181 18.055260159204646 16
      vertex 18.618033988749893 18.097886967409693 16
    endloop
  endfacet
  facet normal 0 0 1
    outer loop
      vertex 17.381966011250107 18.097886967409693 16
      vertex 18.618033988749893 18.097886967409693 16
      vertex 18.76536686473018 18.152240934977428 16
    endloop
  endfacet
  facet normal 0 0 1
    outer loop
      vertex 17.23463313526982 18.152240934977428 16
      vertex 18.76536686473018 18.152240934977428 16
      vertex 18.907980999479093 18.217986951623264 16
    endloop
  endfacet
  facet normal 0 0 1
    outer loop
      vertex 17.092019000520907 18.217986951623264 16
      vertex 18.907980999479093 18.217986951623264 16
      vertex 19.0449971294319 18.294719671291816 16
    endloop
  endfacet
  facet normal 0 0 1
    outer loop
      vertex 16.9550028705681 18.294719671291816 16
      vertex 19.0449971294319 18.294719671291816 16
      vertex 19.175570504584947 18.381966011250107 16
    endloop
  endfacet
  facet normal 0 0 1
    outer loop
      vertex 16.824429495415053 18.381966011250107 16
      vertex 19.175570504584947 18.381966011250107 16
      vertex 19.298896096660368 18.47918806879994 16
    endloop
  endfacet
  facet normal 0 0 1
    outer loop
      vertex 16.701103903339632 18.47918806879994 16
      vertex 19.298896096660368 18.47918806879994 16
      vertex 19.414213562373096 18.585786437626904 16
    endloop
  endfacet
  facet normal 0 0 1
    outer loop
      vertex 16.585786437626904 18.585786437626904 16
      vertex 19.414213562373096 18.585786437626904 16
      vertex 19.52081193120006 18.701103903339632 16
    endloop
  endfacet
  facet normal 0 0 1
    outer loop
      vertex 16.47918806879994 18.701103903339632 16
      vertex 19.52081193120006 18.701103903339632 16
      vertex 19.618033988749893 18.824429495415053 16
    endloop
  endfacet
  facet normal 0 0 1
    outer loop
      vertex 16.381966011250107 18.824429495415053 16
      vertex 16.47918806879994 18.701103903339632 16
      vertex 19.618033988749893 18.824429495415053 16
    endloop
  endfacet
  facet normal 0 0 1
    outer loop
      vertex 16.294719671291816 18.9550028705681 16
      vertex 16.381966011250107 18.824429495415053 16
      vertex 19.705280328708184 18.9550028705681 16
    endloop
  endfacet
  facet normal 0 0 1
    outer loop
      vertex 16.217986951623264 19.092019000520907 16
      vertex 16.294719671291816 18.9550028705681 16
      vertex 19.782013048376736 19.092019000520907 16
    endloop
  endfacet
  facet normal 0 0 1
    outer loop
      vertex 16.152240934977428 19.23463313526982 16
      vertex 16.217986951623264 19.092019000520907 16
      vertex 19.847759065022572 19.23463313526982 16
    endloop
  endfacet
  facet normal 0 0 1
    outer loop
      vertex 16.097886967409693 19.381966011250107 16
      vertex 19.944739840795354 19.53310927228819 16
      vertex 16.055260159204646 19.53310927228819 16
    endloop
  endfacet
  facet normal 0 0 1
    outer loop
      vertex 16.097886967409693 19.381966011250107 16
      vertex 16.152240934977428 19.23463313526982 16
      vertex 19.902113032590307 19.381966011250107 16
    endloop
  endfacet
  facet normal 0 0 1
    outer loop
      vertex 16.381966011250107 18.824429495415053 16
      vertex 19.618033988749893 18.824429495415053 16
      vertex 19.705280328708184 18.9550028705681 16
    endloop
  endfacet
  facet normal 0 0 1
    outer loop
      vertex 16.294719671291816 18.9550028705681 16
      vertex 19.705280328708184 18.9550028705681 16
      vertex 19.782013048376736 19.092019000520907 16
    endloop
  endfacet
  facet normal 0 0 1
    outer loop
      vertex 16.217986951623264 19.092019000520907 16
      vertex 19.782013048376736 19.092019000520907 16
      vertex 19.847759065022572 19.23463313526982 16
    endloop
  endfacet
  facet normal 0 0 1
    outer loop
      vertex 16.152240934977428 19.23463313526982 16
      vertex 19.847759065022572 19.23463313526982 16
      vertex 19.902113032590307 19.381966011250107 16
    endloop
  endfacet
  facet normal 0 0 1
    outer loop
      vertex 16.097886967409693 19.381966011250107 16
      vertex 19.902113032590307 19.381966011250107 16
      vertex 19.944739840795354 19.53310927228819 16
    endloop
  endfacet
  facet normal 0 0 1
    outer loop
      vertex 16.024623318809724 19.687131069919538 16
      vertex 16.055260159204646 19.53310927228819 16
      vertex 19.975376681190276 19.687131069919538 16
    endloop
  endfacet
  facet normal 0 0 1
    outer loop
      vertex 16.024623318809724 19.687131069919538 16
      vertex 19.993834667466256 19.84308180854431 16
      vertex 16.006165332533744 19.84308180854431 16
    endloop
  endfacet
  facet normal 0 0 1
    outer loop
      vertex 16.006165332533744 19.84308180854431 16
      vertex 20 20 16
      vertex 16 20 16
    endloop
  endfacet
  facet normal 0 0 1
    outer loop
      vertex 16 20 16
      vertex 19.993834667466256 20.15691819145569 16
      vertex 16.006165332533744 20.15691819145569 16
    endloop
  endfacet
  facet normal 0 0 1
    outer loop
      vertex 16.055260159204646 19.53310927228819 16
      vertex 19.944739840795354 19.53310927228819 16
      vertex 19.975376681190276 19.687131069919538 16
    endloop
  endfacet
  facet normal 0 0 1
    outer loop
      vertex 16.024623318809724 19.687131069919538 16
      vertex 19.975376681190276 19.687131069919538 16
      vertex 19.993834667466256 19.84308180854431 16
    endloop
  endfacet
  facet normal 0 0 1
    outer loop
      vertex 16.006165332533744 19.84308180854431 16
      vertex 19.993834667466256 19.84308180854431 16
      vertex 20 20 16
    endloop
  endfacet
  facet normal 0 0 1
    outer loop
      vertex 16 20 16
      vertex 20 20 16
      vertex 19.993834667466256 20.15691819145569 16
    endloop
  endfacet
  facet normal 0 0 1
    outer loop
      vertex 16.006165332533744 20.15691819145569 16
      vertex 19.993834667466256 20.15691819145569 16
      vertex 19.975376681190276 20.312868930080462 16
    endloop
  endfacet
  facet normal 0 0 1
    outer loop
      vertex 16.006165332533744 20.15691819145569 16
      vertex 19.975376681190276 20.312868930080462 16
      vertex 16.024623318809724 20.312868930080462 16
    endloop
  endfacet
  facet normal 0 0 1
    outer loop
      vertex 16.024623318809724 20.312868930080462 16
      vertex 19.944739840795354 20.46689072771181 16
      vertex 16.055260159204646 20.46689072771181 16
    endloop
  endfacet
  facet normal 0 0 1
    outer loop
      vertex 16.055260159204646 20.46689072771181 16
      vertex 19.902113032590307 20.618033988749893 16
      vertex 16.097886967409693 20.618033988749893 16
    endloop
  endfacet
  facet normal 0 0 1
    outer loop
      vertex 16.097886967409693 20.618033988749893 16
      vertex 19.847759065022572 20.76536686473018 16
      vertex 16.152240934977428 20.76536686473018 16
    endloop
  endfacet
  facet normal 0 0 1
    outer loop
      vertex 16.152240934977428 20.76536686473018 16
      vertex 19.782013048376736 20.907980999479093 16
      vertex 16.217986951623264 20.907980999479093 16
    endloop
  endfacet
  facet normal 0 0 1
    outer loop
      vertex 16.217986951623264 20.907980999479093 16
      vertex 19.705280328708184 21.0449971294319 16
      vertex 16.294719671291816 21.0449971294319 16
    endloop
  endfacet
  facet normal 0 0 1
    outer loop
      vertex 16.024623318809724 20.312868930080462 16
      vertex 19.975376681190276 20.312868930080462 16
      vertex 19.944739840795354 20.46689072771181 16
    endloop
  endfacet
  facet normal 0 0 1
    outer loop
      vertex 16.055260159204646 20.46689072771181 16
      vertex 19.944739840795354 20.46689072771181 16
      vertex 19.902113032590307 20.618033988749893 16
    endloop
  endfacet
  facet normal 0 0 1
    outer loop
      vertex 16.097886967409693 20.618033988749893 16
      vertex 19.902113032590307 20.618033988749893 16
      vertex 19.847759065022572 20.76536686473018 16
    endloop
  endfacet
  facet normal 0 0 1
    outer loop
      vertex 16.152240934977428 20.76536686473018 16
      vertex 19.847759065022572 20.76536686473018 16
      vertex 19.782013048376736 20.907980999479093 16
    endloop
  endfacet
  facet normal 0 0 1
    outer loop
      vertex 16.217986951623264 20.907980999479093 16
      vertex 19.782013048376736 20.907980999479093 16
      vertex 19.705280328708184 21.0449971294319 16
    endloop
  endfacet
  facet normal -0.5555702330196103 -0.8314696123025398 0
    outer loop
      vertex 16.824429495415053 18.381966011250107 16
      vertex 16.824429495415053 18.381966011250107 11.6
      vertex 16.9550028705681 18.294719671291816 16
    endloop
  endfacet
  facet normal -0.48862124149695674 -0.8724960070727962 0
    outer loop
      vertex 16.9550028705681 18.294719671291816 16
      vertex 16.9550028705681 18.294719671291816 11.6
      vertex 17.092019000520907 18.217986951623264 16
    endloop
  endfacet
  facet normal -0.4186597375374165 -0.9081431738250867 0
    outer loop
      vertex 17.092019000520907 18.217986951623264 16
      vertex 17.092019000520907 18.217986951623264 11.6
      vertex 17.23463313526982 18.152240934977428 16
    endloop
  endfacet
  facet normal -0.61909394930983 -0.7853169308807482 0
    outer loop
      vertex 16.701103903339632 18.47918806879994 16
      vertex 16.701103903339632 18.47918806879994 11.6
      vertex 16.824429495415053 18.381966011250107 16
    endloop
  endfacet
  facet normal -0.6788007455329358 -0.734322509435691 0
    outer loop
      vertex 16.585786437626904 18.585786437626904 16
      vertex 16.585786437626904 18.585786437626904 11.6
      vertex 16.701103903339632 18.47918806879994 16
    endloop
  endfacet
  facet normal -0.734322509435691 -0.6788007455329358 0
    outer loop
      vertex 16.47918806879994 18.701103903339632 16
      vertex 16.47918806879994 18.701103903339632 11.6
      vertex 16.585786437626904 18.585786437626904 16
    endloop
  endfacet
  facet normal -0.8314696123025398 -0.5555702330196103 0
    outer loop
      vertex 16.294719671291816 18.9550028705681 16
      vertex 16.294719671291816 18.9550028705681 11.6
      vertex 16.381966011250107 18.824429495415053 16
    endloop
  endfacet
  facet normal -0.8724960070727962 -0.48862124149695674 0
    outer loop
      vertex 16.217986951623264 19.092019000520907 16
      vertex 16.217986951623264 19.092019000520907 11.6
      vertex 16.294719671291816 18.9550028705681 16
    endloop
  endfacet
  facet normal -0.9081431738250867 -0.4186597375374165 0
    outer loop
      vertex 16.152240934977428 19.23463313526982 16
      vertex 16.152240934977428 19.23463313526982 11.6
      vertex 16.217986951623264 19.092019000520907 16
    endloop
  endfacet
  facet normal -0.9381913359224822 -0.34611705707749857 0
    outer loop
      vertex 16.097886967409693 19.381966011250107 16
      vertex 16.097886967409693 19.381966011250107 11.6
      vertex 16.152240934977428 19.23463313526982 16
    endloop
  endfacet
  facet normal -0.9624552364536464 -0.2714404498650773 0
    outer loop
      vertex 16.097886967409693 19.381966011250107 16
      vertex 16.055260159204646 19.53310927228819 16
      vertex 16.055260159204646 19.53310927228819 11.6
    endloop
  endfacet
  facet normal -0.7853169308807482 -0.61909394930983 0
    outer loop
      vertex 16.381966011250107 18.824429495415053 16
      vertex 16.381966011250107 18.824429495415053 11.6
      vertex 16.47918806879994 18.701103903339632 16
    endloop
  endfacet
  facet normal -0.34611705707749857 -0.9381913359224822 0
    outer loop
      vertex 17.23463313526982 18.152240934977428 16
      vertex 17.23463313526982 18.152240934977428 11.6
      vertex 17.381966011250107 18.097886967409693 16
    endloop
  endfacet
  facet normal -0.2714404498650773 -0.9624552364536464 0
    outer loop
      vertex 17.381966011250107 18.097886967409693 16
      vertex 17.381966011250107 18.097886967409693 11.6
      vertex 17.53310927228819 18.055260159204646 16
    endloop
  endfacet
  facet normal -0.19509032201613363 -0.9807852804032294 0
    outer loop
      vertex 17.53310927228819 18.055260159204646 16
      vertex 17.53310927228819 18.055260159204646 11.6
      vertex 17.687131069919538 18.024623318809724 16
    endloop
  endfacet
  facet normal -0.11753739745783343 -0.9930684569549267 0
    outer loop
      vertex 17.687131069919538 18.024623318809724 16
      vertex 17.687131069919538 18.024623318809724 11.6
      vertex 17.84308180854431 18.006165332533744 16
    endloop
  endfacet
  facet normal -0.03925981575906697 -0.999229036240723 0
    outer loop
      vertex 17.84308180854431 18.006165332533744 16
      vertex 17.84308180854431 18.006165332533744 11.6
      vertex 18 18 16
    endloop
  endfacet
  facet normal 0.03925981575906697 -0.999229036240723 0
    outer loop
      vertex 18 18 16
      vertex 18 18 11.6
      vertex 18.15691819145569 18.006165332533744 16
    endloop
  endfacet
  facet normal 0.11753739745783343 -0.9930684569549267 0
    outer loop
      vertex 18.15691819145569 18.006165332533744 16
      vertex 18.15691819145569 18.006165332533744 11.6
      vertex 18.312868930080462 18.024623318809724 16
    endloop
  endfacet
  facet normal 0.19509032201613363 -0.9807852804032294 0
    outer loop
      vertex 18.312868930080462 18.024623318809724 16
      vertex 18.312868930080462 18.024623318809724 11.6
      vertex 18.46689072771181 18.055260159204646 16
    endloop
  endfacet
  facet normal 0.2714404498650773 -0.9624552364536464 0
    outer loop
      vertex 18.46689072771181 18.055260159204646 16
      vertex 18.46689072771181 18.055260159204646 11.6
      vertex 18.618033988749893 18.097886967409693 16
    endloop
  endfacet
  facet normal 0.34611705707749857 -0.9381913359224822 0
    outer loop
      vertex 18.618033988749893 18.097886967409693 16
      vertex 18.618033988749893 18.097886967409693 11.6
      vertex 18.76536686473018 18.152240934977428 16
    endloop
  endfacet
  facet normal -0.9930684569549267 -0.11753739745783343 0
    outer loop
      vertex 16.024623318809724 19.687131069919538 16
      vertex 16.006165332533744 19.84308180854431 16
      vertex 16.006165332533744 19.84308180854431 11.6
    endloop
  endfacet
  facet normal -0.9807852804032294 -0.19509032201613363 0
    outer loop
      vertex 16.024623318809724 19.687131069919538 16
      vertex 16.024623318809724 19.687131069919538 11.6
      vertex 16.055260159204646 19.53310927228819 16
    endloop
  endfacet
  facet normal -0.999229036240723 -0.03925981575906697 0
    outer loop
      vertex 16.006165332533744 19.84308180854431 16
      vertex 16 20 16
      vertex 16 20 11.6
    endloop
  endfacet
  facet normal -0.999229036240723 0.03925981575906697 0
    outer loop
      vertex 16 20 16
      vertex 16.006165332533744 20.15691819145569 16
      vertex 16.006165332533744 20.15691819145569 11.6
    endloop
  endfacet
  facet normal -0.9930684569549267 0.11753739745783343 0
    outer loop
      vertex 16.006165332533744 20.15691819145569 16
      vertex 16.024623318809724 20.312868930080462 16
      vertex 16.024623318809724 20.312868930080462 11.6
    endloop
  endfacet
  facet normal -0.9807852804032294 0.19509032201613363 0
    outer loop
      vertex 16.024623318809724 20.312868930080462 16
      vertex 16.055260159204646 20.46689072771181 16
      vertex 16.055260159204646 20.46689072771181 11.6
    endloop
  endfacet
  facet normal -0.9624552364536464 0.2714404498650773 0
    outer loop
      vertex 16.055260159204646 20.46689072771181 16
      vertex 16.097886967409693 20.618033988749893 16
      vertex 16.097886967409693 20.618033988749893 11.6
    endloop
  endfacet
  facet normal -0.9381913359224822 0.34611705707749857 0
    outer loop
      vertex 16.097886967409693 20.618033988749893 16
      vertex 16.152240934977428 20.76536686473018 16
      vertex 16.152240934977428 20.76536686473018 11.6
    endloop
  endfacet
  facet normal -0.9081431738250867 0.4186597375374165 0
    outer loop
      vertex 16.152240934977428 20.76536686473018 16
      vertex 16.217986951623264 20.907980999479093 16
      vertex 16.217986951623264 20.907980999479093 11.6
    endloop
  endfacet
  facet normal -0.8724960070727962 0.48862124149695674 0
    outer loop
      vertex 16.217986951623264 20.907980999479093 16
      vertex 16.294719671291816 21.0449971294319 16
      vertex 16.294719671291816 21.0449971294319 11.6
    endloop
  endfacet
  facet normal 0 0 1
    outer loop
      vertex 16.294719671291816 21.0449971294319 16
      vertex 19.618033988749893 21.175570504584947 16
      vertex 16.381966011250107 21.175570504584947 16
    endloop
  endfacet
  facet normal 0 0 1
    outer loop
      vertex 16.381966011250107 21.175570504584947 16
      vertex 19.52081193120006 21.298896096660368 16
      vertex 16.47918806879994 21.298896096660368 16
    endloop
  endfacet
  facet normal 0 0 1
    outer loop
      vertex 16.47918806879994 21.298896096660368 16
      vertex 19.414213562373096 21.414213562373096 16
      vertex 16.585786437626904 21.414213562373096 16
    endloop
  endfacet
  facet normal 0 0 1
    outer loop
      vertex 16.585786437626904 21.414213562373096 16
      vertex 19.298896096660368 21.52081193120006 16
      vertex 16.701103903339632 21.52081193120006 16
    endloop
  endfacet
  facet normal 0 0 1
    outer loop
      vertex 16.701103903339632 21.52081193120006 16
      vertex 19.175570504584947 21.618033988749893 16
      vertex 16.824429495415053 21.618033988749893 16
    endloop
  endfacet
  facet normal 0 0 1
    outer loop
      vertex 16.824429495415053 21.618033988749893 16
      vertex 19.0449971294319 21.705280328708184 16
      vertex 16.9550028705681 21.705280328708184 16
    endloop
  endfacet
  facet normal 0 0 1
    outer loop
      vertex 16.294719671291816 21.0449971294319 16
      vertex 19.705280328708184 21.0449971294319 16
      vertex 19.618033988749893 21.175570504584947 16
    endloop
  endfacet
  facet normal 0 0 1
    outer loop
      vertex 16.381966011250107 21.175570504584947 16
      vertex 19.618033988749893 21.175570504584947 16
      vertex 19.52081193120006 21.298896096660368 16
    endloop
  endfacet
  facet normal 0 0 1
    outer loop
      vertex 16.47918806879994 21.298896096660368 16
      vertex 19.52081193120006 21.298896096660368 16
      vertex 19.414213562373096 21.414213562373096 16
    endloop
  endfacet
  facet normal 0 0 1
    outer loop
      vertex 16.824429495415053 21.618033988749893 16
      vertex 19.175570504584947 21.618033988749893 16
      vertex 19.0449971294319 21.705280328708184 16
    endloop
  endfacet
  facet normal 0 0 1
    outer loop
      vertex 16.9550028705681 21.705280328708184 16
      vertex 19.0449971294319 21.705280328708184 16
      vertex 18.907980999479093 21.782013048376736 16
    endloop
  endfacet
  facet normal 0 0 1
    outer loop
      vertex 16.585786437626904 21.414213562373096 16
      vertex 19.414213562373096 21.414213562373096 16
      vertex 19.298896096660368 21.52081193120006 16
    endloop
  endfacet
  facet normal 0 0 1
    outer loop
      vertex 16.701103903339632 21.52081193120006 16
      vertex 19.298896096660368 21.52081193120006 16
      vertex 19.175570504584947 21.618033988749893 16
    endloop
  endfacet
  facet normal 0 0 1
    outer loop
      vertex 16.9550028705681 21.705280328708184 16
      vertex 18.907980999479093 21.782013048376736 16
      vertex 17.092019000520907 21.782013048376736 16
    endloop
  endfacet
  facet normal 0 0 1
    outer loop
      vertex 17.092019000520907 21.782013048376736 16
      vertex 18.76536686473018 21.847759065022572 16
      vertex 17.23463313526982 21.847759065022572 16
    endloop
  endfacet
  facet normal 0 0 1
    outer loop
      vertex 17.23463313526982 21.847759065022572 16
      vertex 18.618033988749893 21.902113032590307 16
      vertex 17.381966011250107 21.902113032590307 16
    endloop
  endfacet
  facet normal 0 0 1
    outer loop
      vertex 17.381966011250107 21.902113032590307 16
      vertex 18.46689072771181 21.944739840795354 16
      vertex 17.53310927228819 21.944739840795354 16
    endloop
  endfacet
  facet normal 0 0 1
    outer loop
      vertex 17.53310927228819 21.944739840795354 16
      vertex 18.312868930080462 21.975376681190276 16
      vertex 17.687131069919538 21.975376681190276 16
    endloop
  endfacet
  facet normal 0 0 1
    outer loop
      vertex 17.687131069919538 21.975376681190276 16
      vertex 18.15691819145569 21.993834667466256 16
      vertex 17.84308180854431 21.993834667466256 16
    endloop
  endfacet
  facet normal 0 0 1
    outer loop
      vertex 17.381966011250107 21.902113032590307 16
      vertex 18.618033988749893 21.902113032590307 16
      vertex 18.46689072771181 21.944739840795354 16
    endloop
  endfacet
  facet normal 0 0 1
    outer loop
      vertex 17.092019000520907 21.782013048376736 16
      vertex 18.907980999479093 21.782013048376736 16
      vertex 18.76536686473018 21.847759065022572 16
    endloop
  endfacet
  facet normal 0 0 1
    outer loop
      vertex 17.23463313526982 21.847759065022572 16
      vertex 18.76536686473018 21.847759065022572 16
      vertex 18.618033988749893 21.902113032590307 16
    endloop
  endfacet
  facet normal 0 0 1
    outer loop
      vertex 17.687131069919538 21.975376681190276 16
      vertex 18.312868930080462 21.975376681190276 16
      vertex 18.15691819145569 21.993834667466256 16
    endloop
  endfacet
  facet normal 0 0 1
    outer loop
      vertex 17.84308180854431 21.993834667466256 16
      vertex 18.15691819145569 21.993834667466256 16
      vertex 18 22 16
    endloop
  endfacet
  facet normal 0 0 1
    outer loop
      vertex 17.53310927228819 21.944739840795354 16
      vertex 18.46689072771181 21.944739840795354 16
      vertex 18.312868930080462 21.975376681190276 16
    endloop
  endfacet
  facet normal -0.8314696123025398 0.5555702330196103 0
    outer loop
      vertex 16.294719671291816 21.0449971294319 16
      vertex 16.381966011250107 21.175570504584947 16
      vertex 16.381966011250107 21.175570504584947 11.6
    endloop
  endfacet
  facet normal -0.7853169308807482 0.61909394930983 0
    outer loop
      vertex 16.381966011250107 21.175570504584947 16
      vertex 16.47918806879994 21.298896096660368 16
      vertex 16.47918806879994 21.298896096660368 11.6
    endloop
  endfacet
  facet normal -0.734322509435691 0.6788007455329358 0
    outer loop
      vertex 16.47918806879994 21.298896096660368 16
      vertex 16.585786437626904 21.414213562373096 16
      vertex 16.585786437626904 21.414213562373096 11.6
    endloop
  endfacet
  facet normal -0.6788007455329358 0.734322509435691 0
    outer loop
      vertex 16.585786437626904 21.414213562373096 16
      vertex 16.701103903339632 21.52081193120006 16
      vertex 16.701103903339632 21.52081193120006 11.6
    endloop
  endfacet
  facet normal -0.61909394930983 0.7853169308807482 0
    outer loop
      vertex 16.701103903339632 21.52081193120006 16
      vertex 16.824429495415053 21.618033988749893 16
      vertex 16.824429495415053 21.618033988749893 11.6
    endloop
  endfacet
  facet normal -0.5555702330196103 0.8314696123025398 0
    outer loop
      vertex 16.824429495415053 21.618033988749893 16
      vertex 16.9550028705681 21.705280328708184 16
      vertex 16.9550028705681 21.705280328708184 11.6
    endloop
  endfacet
  facet normal -0.48862124149695674 0.8724960070727962 0
    outer loop
      vertex 16.9550028705681 21.705280328708184 16
      vertex 17.092019000520907 21.782013048376736 16
      vertex 17.092019000520907 21.782013048376736 11.6
    endloop
  endfacet
  facet normal -0.4186597375374165 0.9081431738250867 0
    outer loop
      vertex 17.092019000520907 21.782013048376736 16
      vertex 17.23463313526982 21.847759065022572 16
      vertex 17.23463313526982 21.847759065022572 11.6
    endloop
  endfacet
  facet normal -0.34611705707749857 0.9381913359224822 0
    outer loop
      vertex 17.23463313526982 21.847759065022572 16
      vertex 17.381966011250107 21.902113032590307 16
      vertex 17.381966011250107 21.902113032590307 11.6
    endloop
  endfacet
  facet normal -0.2714404498650773 0.9624552364536464 0
    outer loop
      vertex 17.381966011250107 21.902113032590307 16
      vertex 17.53310927228819 21.944739840795354 16
      vertex 17.53310927228819 21.944739840795354 11.6
    endloop
  endfacet
  facet normal -0.19509032201613363 0.9807852804032294 0
    outer loop
      vertex 17.53310927228819 21.944739840795354 16
      vertex 17.687131069919538 21.975376681190276 16
      vertex 17.687131069919538 21.975376681190276 11.6
    endloop
  endfacet
  facet normal -0.11753739745783343 0.9930684569549267 0
    outer loop
      vertex 17.687131069919538 21.975376681190276 16
      vertex 17.84308180854431 21.993834667466256 16
      vertex 17.84308180854431 21.993834667466256 11.6
    endloop
  endfacet
  facet normal -0.03925981575906697 0.999229036240723 0
    outer loop
      vertex 17.84308180854431 21.993834667466256 16
      vertex 18 22 16
      vertex 18 22 11.6
    endloop
  endfacet
  facet normal 0.03925981575906697 0.999229036240723 0
    outer loop
      vertex 18 22 16
      vertex 18.15691819145569 21.993834667466256 16
      vertex 18.15691819145569 21.993834667466256 11.6
    endloop
  endfacet
  facet normal 0.11753739745783343 0.9930684569549267 0
    outer loop
      vertex 18.15691819145569 21.993834667466256 16
      vertex 18.312868930080462 21.975376681190276 16
      vertex 18.312868930080462 21.975376681190276 11.6
    endloop
  endfacet
  facet normal 0.2714404498650773 0.9624552364536464 0
    outer loop
      vertex 18.46689072771181 21.944739840795354 16
      vertex 18.618033988749893 21.902113032590307 16
      vertex 18.618033988749893 21.902113032590307 11.6
    endloop
  endfacet
  facet normal 0.34611705707749857 0.9381913359224822 0
    outer loop
      vertex 18.618033988749893 21.902113032590307 16
      vertex 18.76536686473018 21.847759065022572 16
      vertex 18.76536686473018 21.847759065022572 11.6
    endloop
  endfacet
  facet normal 0.19509032201613363 0.9807852804032294 0
    outer loop
      vertex 18.312868930080462 21.975376681190276 16
      vertex 18.46689072771181 21.944739840795354 16
      vertex 18.46689072771181 21.944739840795354 11.6
    endloop
  endfacet
  facet normal -0.4186597375374165 -0.9081431738250867 0
    outer loop
      vertex 17.23463313526982 18.152240934977428 16
      vertex 17.092019000520907 18.217986951623264 11.6
      vertex 17.23463313526982 18.152240934977428 11.6
    endloop
  endfacet
  facet normal -0.5555702330196103 -0.8314696123025398 0
    outer loop
      vertex 16.9550028705681 18.294719671291816 16
      vertex 16.824429495415053 18.381966011250107 11.6
      vertex 16.9550028705681 18.294719671291816 11.6
    endloop
  endfacet
  facet normal -0.48862124149695674 -0.8724960070727962 0
    outer loop
      vertex 17.092019000520907 18.217986951623264 16
      vertex 16.9550028705681 18.294719671291816 11.6
      vertex 17.092019000520907 18.217986951623264 11.6
    endloop
  endfacet
  facet normal -0.61909394930983 -0.7853169308807482 0
    outer loop
      vertex 16.824429495415053 18.381966011250107 16
      vertex 16.701103903339632 18.47918806879994 11.6
      vertex 16.824429495415053 18.381966011250107 11.6
    endloop
  endfacet
  facet normal -0.6788007455329358 -0.734322509435691 0
    outer loop
      vertex 16.701103903339632 18.47918806879994 16
      vertex 16.585786437626904 18.585786437626904 11.6
      vertex 16.701103903339632 18.47918806879994 11.6
    endloop
  endfacet
  facet normal -0.734322509435691 -0.6788007455329358 0
    outer loop
      vertex 16.585786437626904 18.585786437626904 16
      vertex 16.47918806879994 18.701103903339632 11.6
      vertex 16.585786437626904 18.585786437626904 11.6
    endloop
  endfacet
  facet normal -0.7853169308807482 -0.61909394930983 0
    outer loop
      vertex 16.47918806879994 18.701103903339632 16
      vertex 16.381966011250107 18.824429495415053 11.6
      vertex 16.47918806879994 18.701103903339632 11.6
    endloop
  endfacet
  facet normal -0.8314696123025398 -0.5555702330196103 0
    outer loop
      vertex 16.381966011250107 18.824429495415053 16
      vertex 16.294719671291816 18.9550028705681 11.6
      vertex 16.381966011250107 18.824429495415053 11.6
    endloop
  endfacet
  facet normal -0.8724960070727962 -0.48862124149695674 0
    outer loop
      vertex 16.294719671291816 18.9550028705681 16
      vertex 16.217986951623264 19.092019000520907 11.6
      vertex 16.294719671291816 18.9550028705681 11.6
    endloop
  endfacet
  facet normal -0.9081431738250867 -0.4186597375374165 0
    outer loop
      vertex 16.217986951623264 19.092019000520907 16
      vertex 16.152240934977428 19.23463313526982 11.6
      vertex 16.217986951623264 19.092019000520907 11.6
    endloop
  endfacet
  facet normal -0.9381913359224822 -0.34611705707749857 0
    outer loop
      vertex 16.152240934977428 19.23463313526982 16
      vertex 16.097886967409693 19.381966011250107 11.6
      vertex 16.152240934977428 19.23463313526982 11.6
    endloop
  endfacet
  facet normal -0.9624552364536464 -0.2714404498650773 0
    outer loop
      vertex 16.097886967409693 19.381966011250107 16
      vertex 16.055260159204646 19.53310927228819 11.6
      vertex 16.097886967409693 19.381966011250107 11.6
    endloop
  endfacet
  facet normal -0.34611705707749857 -0.9381913359224822 0
    outer loop
      vertex 17.381966011250107 18.097886967409693 16
      vertex 17.23463313526982 18.152240934977428 11.6
      vertex 17.381966011250107 18.097886967409693 11.6
    endloop
  endfacet
  facet normal -0.2714404498650773 -0.9624552364536464 0
    outer loop
      vertex 17.53310927228819 18.055260159204646 16
      vertex 17.381966011250107 18.097886967409693 11.6
      vertex 17.53310927228819 18.055260159204646 11.6
    endloop
  endfacet
  facet normal -0.19509032201613363 -0.9807852804032294 0
    outer loop
      vertex 17.687131069919538 18.024623318809724 16
      vertex 17.53310927228819 18.055260159204646 11.6
      vertex 17.687131069919538 18.024623318809724 11.6
    endloop
  endfacet
  facet normal -0.11753739745783343 -0.9930684569549267 0
    outer loop
      vertex 17.84308180854431 18.006165332533744 16
      vertex 17.687131069919538 18.024623318809724 11.6
      vertex 17.84308180854431 18.006165332533744 11.6
    endloop
  endfacet
  facet normal -0.03925981575906697 -0.999229036240723 0
    outer loop
      vertex 18 18 16
      vertex 17.84308180854431 18.006165332533744 11.6
      vertex 18 18 11.6
    endloop
  endfacet
  facet normal 0.03925981575906697 -0.999229036240723 0
    outer loop
      vertex 18.15691819145569 18.006165332533744 16
      vertex 18 18 11.6
      vertex 18.15691819145569 18.006165332533744 11.6
    endloop
  endfacet
  facet normal 0.11753739745783343 -0.9930684569549267 0
    outer loop
      vertex 18.312868930080462 18.024623318809724 16
      vertex 18.15691819145569 18.006165332533744 11.6
      vertex 18.312868930080462 18.024623318809724 11.6
    endloop
  endfacet
  facet normal 0.19509032201613363 -0.9807852804032294 0
    outer loop
      vertex 18.46689072771181 18.055260159204646 16
      vertex 18.312868930080462 18.024623318809724 11.6
      vertex 18.46689072771181 18.055260159204646 11.6
    endloop
  endfacet
  facet normal 0.2714404498650773 -0.9624552364536464 0
    outer loop
      vertex 18.618033988749893 18.097886967409693 16
      vertex 18.46689072771181 18.055260159204646 11.6
      vertex 18.618033988749893 18.097886967409693 11.6
    endloop
  endfacet
  facet normal 0.34611705707749857 -0.9381913359224822 0
    outer loop
      vertex 18.76536686473018 18.152240934977428 16
      vertex 18.618033988749893 18.097886967409693 11.6
      vertex 18.76536686473018 18.152240934977428 11.6
    endloop
  endfacet
  facet normal -0.9807852804032294 -0.19509032201613363 0
    outer loop
      vertex 16.055260159204646 19.53310927228819 16
      vertex 16.024623318809724 19.687131069919538 11.6
      vertex 16.055260159204646 19.53310927228819 11.6
    endloop
  endfacet
  facet normal -0.9930684569549267 -0.11753739745783343 0
    outer loop
      vertex 16.024623318809724 19.687131069919538 16
      vertex 16.006165332533744 19.84308180854431 11.6
      vertex 16.024623318809724 19.687131069919538 11.6
    endloop
  endfacet
  facet normal -0.999229036240723 -0.03925981575906697 0
    outer loop
      vertex 16.006165332533744 19.84308180854431 16
      vertex 16 20 11.6
      vertex 16.006165332533744 19.84308180854431 11.6
    endloop
  endfacet
  facet normal -0.999229036240723 0.03925981575906697 0
    outer loop
      vertex 16 20 16
      vertex 16.006165332533744 20.15691819145569 11.6
      vertex 16 20 11.6
    endloop
  endfacet
  facet normal -0.9930684569549267 0.11753739745783343 0
    outer loop
      vertex 16.006165332533744 20.15691819145569 16
      vertex 16.024623318809724 20.312868930080462 11.6
      vertex 16.006165332533744 20.15691819145569 11.6
    endloop
  endfacet
  facet normal -0.9807852804032294 0.19509032201613363 0
    outer loop
      vertex 16.024623318809724 20.312868930080462 16
      vertex 16.055260159204646 20.46689072771181 11.6
      vertex 16.024623318809724 20.312868930080462 11.6
    endloop
  endfacet
  facet normal -0.9624552364536464 0.2714404498650773 0
    outer loop
      vertex 16.055260159204646 20.46689072771181 16
      vertex 16.097886967409693 20.618033988749893 11.6
      vertex 16.055260159204646 20.46689072771181 11.6
    endloop
  endfacet
  facet normal -0.9381913359224822 0.34611705707749857 0
    outer loop
      vertex 16.097886967409693 20.618033988749893 16
      vertex 16.152240934977428 20.76536686473018 11.6
      vertex 16.097886967409693 20.618033988749893 11.6
    endloop
  endfacet
  facet normal -0.9081431738250867 0.4186597375374165 0
    outer loop
      vertex 16.152240934977428 20.76536686473018 16
      vertex 16.217986951623264 20.907980999479093 11.6
      vertex 16.152240934977428 20.76536686473018 11.6
    endloop
  endfacet
  facet normal -0.8724960070727962 0.48862124149695674 0
    outer loop
      vertex 16.217986951623264 20.907980999479093 16
      vertex 16.294719671291816 21.0449971294319 11.6
      vertex 16.217986951623264 20.907980999479093 11.6
    endloop
  endfacet
  facet normal -0.8314696123025398 0.5555702330196103 0
    outer loop
      vertex 16.294719671291816 21.0449971294319 16
      vertex 16.381966011250107 21.175570504584947 11.6
      vertex 16.294719671291816 21.0449971294319 11.6
    endloop
  endfacet
  facet normal -0.7853169308807482 0.61909394930983 0
    outer loop
      vertex 16.381966011250107 21.175570504584947 16
      vertex 16.47918806879994 21.298896096660368 11.6
      vertex 16.381966011250107 21.175570504584947 11.6
    endloop
  endfacet
  facet normal -0.734322509435691 0.6788007455329358 0
    outer loop
      vertex 16.47918806879994 21.298896096660368 16
      vertex 16.585786437626904 21.414213562373096 11.6
      vertex 16.47918806879994 21.298896096660368 11.6
    endloop
  endfacet
  facet normal -0.6788007455329358 0.734322509435691 0
    outer loop
      vertex 16.585786437626904 21.414213562373096 16
      vertex 16.701103903339632 21.52081193120006 11.6
      vertex 16.585786437626904 21.414213562373096 11.6
    endloop
  endfacet
  facet normal -0.61909394930983 0.7853169308807482 0
    outer loop
      vertex 16.701103903339632 21.52081193120006 16
      vertex 16.824429495415053 21.618033988749893 11.6
      vertex 16.701103903339632 21.52081193120006 11.6
    endloop
  endfacet
  facet normal -0.5555702330196103 0.8314696123025398 0
    outer loop
      vertex 16.824429495415053 21.618033988749893 16
      vertex 16.9550028705681 21.705280328708184 11.6
      vertex 16.824429495415053 21.618033988749893 11.6
    endloop
  endfacet
  facet normal -0.48862124149695674 0.8724960070727962 0
    outer loop
      vertex 16.9550028705681 21.705280328708184 16
      vertex 17.092019000520907 21.782013048376736 11.6
      vertex 16.9550028705681 21.705280328708184 11.6
    endloop
  endfacet
  facet normal -0.4186597375374165 0.9081431738250867 0
    outer loop
      vertex 17.092019000520907 21.782013048376736 16
      vertex 17.23463313526982 21.847759065022572 11.6
      vertex 17.092019000520907 21.782013048376736 11.6
    endloop
  endfacet
  facet normal -0.34611705707749857 0.9381913359224822 0
    outer loop
      vertex 17.23463313526982 21.847759065022572 16
      vertex 17.381966011250107 21.902113032590307 11.6
      vertex 17.23463313526982 21.847759065022572 11.6
    endloop
  endfacet
  facet normal -0.2714404498650773 0.9624552364536464 0
    outer loop
      vertex 17.381966011250107 21.902113032590307 16
      vertex 17.53310927228819 21.944739840795354 11.6
      vertex 17.381966011250107 21.902113032590307 11.6
    endloop
  endfacet
  facet normal -0.19509032201613363 0.9807852804032294 0
    outer loop
      vertex 17.53310927228819 21.944739840795354 16
      vertex 17.687131069919538 21.975376681190276 11.6
      vertex 17.53310927228819 21.944739840795354 11.6
    endloop
  endfacet
  facet normal -0.11753739745783343 0.9930684569549267 0
    outer loop
      vertex 17.687131069919538 21.975376681190276 16
      vertex 17.84308180854431 21.993834667466256 11.6
      vertex 17.687131069919538 21.975376681190276 11.6
    endloop
  endfacet
  facet normal -0.03925981575906697 0.999229036240723 0
    outer loop
      vertex 17.84308180854431 21.993834667466256 16
      vertex 18 22 11.6
      vertex 17.84308180854431 21.993834667466256 11.6
    endloop
  endfacet
  facet normal 0.03925981575906697 0.999229036240723 0
    outer loop
      vertex 18 22 16
      vertex 18.15691819145569 21.993834667466256 11.6
      vertex 18 22 11.6
    endloop
  endfacet
  facet normal 0.11753739745783343 0.9930684569549267 0
    outer loop
      vertex 18.15691819145569 21.993834667466256 16
      vertex 18.312868930080462 21.975376681190276 11.6
      vertex 18.15691819145569 21.993834667466256 11.6
    endloop
  endfacet
  facet normal 0.2714404498650773 0.9624552364536464 0
    outer loop
      vertex 18.46689072771181 21.944739840795354 16
      vertex 18.618033988749893 21.902113032590307 11.6
      vertex 18.46689072771181 21.944739840795354 11.6
    endloop
  endfacet
  facet normal 0.34611705707749857 0.9381913359224822 0
    outer loop
      vertex 18.618033988749893 21.902113032590307 16
      vertex 18.76536686473018 21.847759065022572 11.6
      vertex 18.618033988749893 21.902113032590307 11.6
    endloop
  endfacet
  facet normal 0.19509032201613363 0.9807852804032294 0
    outer loop
      vertex 18.312868930080462 21.975376681190276 16
      vertex 18.46689072771181 21.944739840795354 11.6
      vertex 18.312868930080462 21.975376681190276 11.6
    endloop
  endfacet
  facet normal 0.4186597375374165 -0.9081431738250867 0
    outer loop
      vertex 18.76536686473018 18.152240934977428 16
      vertex 18.76536686473018 18.152240934977428 11.6
      vertex 18.907980999479093 18.217986951623264 16
    endloop
  endfacet
  facet normal 0.48862124149695674 -0.8724960070727962 0
    outer loop
      vertex 18.907980999479093 18.217986951623264 16
      vertex 18.907980999479093 18.217986951623264 11.6
      vertex 19.0449971294319 18.294719671291816 16
    endloop
  endfacet
  facet normal 0.5555702330196103 -0.8314696123025398 0
    outer loop
      vertex 19.0449971294319 18.294719671291816 16
      vertex 19.0449971294319 18.294719671291816 11.6
      vertex 19.175570504584947 18.381966011250107 16
    endloop
  endfacet
  facet normal 0.61909394930983 -0.7853169308807482 0
    outer loop
      vertex 19.175570504584947 18.381966011250107 16
      vertex 19.175570504584947 18.381966011250107 11.6
      vertex 19.298896096660368 18.47918806879994 16
    endloop
  endfacet
  facet normal 0.6788007455329358 -0.734322509435691 0
    outer loop
      vertex 19.298896096660368 18.47918806879994 16
      vertex 19.298896096660368 18.47918806879994 11.6
      vertex 19.414213562373096 18.585786437626904 16
    endloop
  endfacet
  facet normal 0.734322509435691 -0.6788007455329358 0
    outer loop
      vertex 19.414213562373096 18.585786437626904 16
      vertex 19.414213562373096 18.585786437626904 11.6
      vertex 19.52081193120006 18.701103903339632 16
    endloop
  endfacet
  facet normal 0.7853169308807482 -0.61909394930983 0
    outer loop
      vertex 19.52081193120006 18.701103903339632 16
      vertex 19.52081193120006 18.701103903339632 11.6
      vertex 19.618033988749893 18.824429495415053 16
    endloop
  endfacet
  facet normal 0.8314696123025398 -0.5555702330196103 0
    outer loop
      vertex 19.618033988749893 18.824429495415053 16
      vertex 19.618033988749893 18.824429495415053 11.6
      vertex 19.705280328708184 18.9550028705681 16
    endloop
  endfacet
  facet normal 0.8724960070727962 -0.48862124149695674 0
    outer loop
      vertex 19.705280328708184 18.9550028705681 16
      vertex 19.705280328708184 18.9550028705681 11.6
      vertex 19.782013048376736 19.092019000520907 16
    endloop
  endfacet
  facet normal 0.9081431738250867 -0.4186597375374165 0
    outer loop
      vertex 19.782013048376736 19.092019000520907 16
      vertex 19.782013048376736 19.092019000520907 11.6
      vertex 19.847759065022572 19.23463313526982 16
    endloop
  endfacet
  facet normal 0.9381913359224822 -0.34611705707749857 0
    outer loop
      vertex 19.847759065022572 19.23463313526982 16
      vertex 19.847759065022572 19.23463313526982 11.6
      vertex 19.902113032590307 19.381966011250107 16
    endloop
  endfacet
  facet normal 0.9624552364536464 -0.2714404498650773 0
    outer loop
      vertex 19.902113032590307 19.381966011250107 16
      vertex 19.902113032590307 19.381966011250107 11.6
      vertex 19.944739840795354 19.53310927228819 16
    endloop
  endfacet
  facet normal 0.9807852804032294 -0.19509032201613363 0
    outer loop
      vertex 19.944739840795354 19.53310927228819 16
      vertex 19.944739840795354 19.53310927228819 11.6
      vertex 19.975376681190276 19.687131069919538 16
    endloop
  endfacet
  facet normal 0.9930684569549267 -0.11753739745783343 0
    outer loop
      vertex 19.975376681190276 19.687131069919538 16
      vertex 19.975376681190276 19.687131069919538 11.6
      vertex 19.993834667466256 19.84308180854431 16
    endloop
  endfacet
  facet normal 0.999229036240723 -0.03925981575906697 0
    outer loop
      vertex 19.993834667466256 19.84308180854431 16
      vertex 19.993834667466256 19.84308180854431 11.6
      vertex 20 20 16
    endloop
  endfacet
  facet normal 0.999229036240723 0.03925981575906697 0
    outer loop
      vertex 20 20 16
      vertex 20 20 11.6
      vertex 19.993834667466256 20.15691819145569 16
    endloop
  endfacet
  facet normal 0.9930684569549267 0.11753739745783343 0
    outer loop
      vertex 19.993834667466256 20.15691819145569 16
      vertex 19.993834667466256 20.15691819145569 11.6
      vertex 19.975376681190276 20.312868930080462 16
    endloop
  endfacet
  facet normal 0.9807852804032294 0.19509032201613363 0
    outer loop
      vertex 19.975376681190276 20.312868930080462 16
      vertex 19.975376681190276 20.312868930080462 11.6
      vertex 19.944739840795354 20.46689072771181 16
    endloop
  endfacet
  facet normal 0.9624552364536464 0.2714404498650773 0
    outer loop
      vertex 19.902113032590307 20.618033988749893 16
      vertex 19.944739840795354 20.46689072771181 16
      vertex 19.944739840795354 20.46689072771181 11.6
    endloop
  endfacet
  facet normal 0.9381913359224822 0.34611705707749857 0
    outer loop
      vertex 19.902113032590307 20.618033988749893 16
      vertex 19.902113032590307 20.618033988749893 11.6
      vertex 19.847759065022572 20.76536686473018 16
    endloop
  endfacet
  facet normal 0.9081431738250867 0.4186597375374165 0
    outer loop
      vertex 19.782013048376736 20.907980999479093 16
      vertex 19.847759065022572 20.76536686473018 16
      vertex 19.847759065022572 20.76536686473018 11.6
    endloop
  endfacet
  facet normal 0.8724960070727962 0.48862124149695674 0
    outer loop
      vertex 19.705280328708184 21.0449971294319 16
      vertex 19.782013048376736 20.907980999479093 16
      vertex 19.782013048376736 20.907980999479093 11.6
    endloop
  endfacet
  facet normal 0.734322509435691 0.6788007455329358 0
    outer loop
      vertex 19.414213562373096 21.414213562373096 16
      vertex 19.52081193120006 21.298896096660368 16
      vertex 19.52081193120006 21.298896096660368 11.6
    endloop
  endfacet
  facet normal 0.5555702330196103 0.8314696123025398 0
    outer loop
      vertex 19.0449971294319 21.705280328708184 16
      vertex 19.175570504584947 21.618033988749893 16
      vertex 19.175570504584947 21.618033988749893 11.6
    endloop
  endfacet
  facet normal 0.48862124149695674 0.8724960070727962 0
    outer loop
      vertex 18.907980999479093 21.782013048376736 16
      vertex 19.0449971294319 21.705280328708184 16
      vertex 19.0449971294319 21.705280328708184 11.6
    endloop
  endfacet
  facet normal 0.61909394930983 0.7853169308807482 0
    outer loop
      vertex 19.175570504584947 21.618033988749893 16
      vertex 19.298896096660368 21.52081193120006 16
      vertex 19.298896096660368 21.52081193120006 11.6
    endloop
  endfacet
  facet normal 0.6788007455329358 0.734322509435691 0
    outer loop
      vertex 19.298896096660368 21.52081193120006 16
      vertex 19.414213562373096 21.414213562373096 16
      vertex 19.414213562373096 21.414213562373096 11.6
    endloop
  endfacet
  facet normal 0.8314696123025398 0.5555702330196103 0
    outer loop
      vertex 19.618033988749893 21.175570504584947 16
      vertex 19.705280328708184 21.0449971294319 16
      vertex 19.705280328708184 21.0449971294319 11.6
    endloop
  endfacet
  facet normal 0.7853169308807482 0.61909394930983 0
    outer loop
      vertex 19.52081193120006 21.298896096660368 16
      vertex 19.618033988749893 21.175570504584947 16
      vertex 19.618033988749893 21.175570504584947 11.6
    endloop
  endfacet
  facet normal 0.4186597375374165 0.9081431738250867 0
    outer loop
      vertex 18.76536686473018 21.847759065022572 16
      vertex 18.907980999479093 21.782013048376736 16
      vertex 18.907980999479093 21.782013048376736 11.6
    endloop
  endfacet
  facet normal 0.4186597375374165 -0.9081431738250867 0
    outer loop
      vertex 18.907980999479093 18.217986951623264 16
      vertex 18.76536686473018 18.152240934977428 11.6
      vertex 18.907980999479093 18.217986951623264 11.6
    endloop
  endfacet
  facet normal 0.48862124149695674 -0.8724960070727962 0
    outer loop
      vertex 19.0449971294319 18.294719671291816 16
      vertex 18.907980999479093 18.217986951623264 11.6
      vertex 19.0449971294319 18.294719671291816 11.6
    endloop
  endfacet
  facet normal 0.5555702330196103 -0.8314696123025398 0
    outer loop
      vertex 19.175570504584947 18.381966011250107 16
      vertex 19.0449971294319 18.294719671291816 11.6
      vertex 19.175570504584947 18.381966011250107 11.6
    endloop
  endfacet
  facet normal 0.61909394930983 -0.7853169308807482 0
    outer loop
      vertex 19.298896096660368 18.47918806879994 16
      vertex 19.175570504584947 18.381966011250107 11.6
      vertex 19.298896096660368 18.47918806879994 11.6
    endloop
  endfacet
  facet normal 0.6788007455329358 -0.734322509435691 0
    outer loop
      vertex 19.414213562373096 18.585786437626904 16
      vertex 19.298896096660368 18.47918806879994 11.6
      vertex 19.414213562373096 18.585786437626904 11.6
    endloop
  endfacet
  facet normal 0.734322509435691 -0.6788007455329358 0
    outer loop
      vertex 19.52081193120006 18.701103903339632 16
      vertex 19.414213562373096 18.585786437626904 11.6
      vertex 19.52081193120006 18.701103903339632 11.6
    endloop
  endfacet
  facet normal 0.7853169308807482 -0.61909394930983 0
    outer loop
      vertex 19.618033988749893 18.824429495415053 16
      vertex 19.52081193120006 18.701103903339632 11.6
      vertex 19.618033988749893 18.824429495415053 11.6
    endloop
  endfacet
  facet normal 0.8314696123025398 -0.5555702330196103 0
    outer loop
      vertex 19.705280328708184 18.9550028705681 16
      vertex 19.618033988749893 18.824429495415053 11.6
      vertex 19.705280328708184 18.9550028705681 11.6
    endloop
  endfacet
  facet normal 0.8724960070727962 -0.48862124149695674 0
    outer loop
      vertex 19.782013048376736 19.092019000520907 16
      vertex 19.705280328708184 18.9550028705681 11.6
      vertex 19.782013048376736 19.092019000520907 11.6
    endloop
  endfacet
  facet normal 0.9081431738250867 -0.4186597375374165 0
    outer loop
      vertex 19.847759065022572 19.23463313526982 16
      vertex 19.782013048376736 19.092019000520907 11.6
      vertex 19.847759065022572 19.23463313526982 11.6
    endloop
  endfacet
  facet normal 0.9381913359224822 -0.34611705707749857 0
    outer loop
      vertex 19.902113032590307 19.381966011250107 16
      vertex 19.847759065022572 19.23463313526982 11.6
      vertex 19.902113032590307 19.381966011250107 11.6
    endloop
  endfacet
  facet normal 0.9624552364536464 -0.2714404498650773 0
    outer loop
      vertex 19.944739840795354 19.53310927228819 16
      vertex 19.902113032590307 19.381966011250107 11.6
      vertex 19.944739840795354 19.53310927228819 11.6
    endloop
  endfacet
  facet normal 0.9807852804032294 -0.19509032201613363 0
    outer loop
      vertex 19.975376681190276 19.687131069919538 16
      vertex 19.944739840795354 19.53310927228819 11.6
      vertex 19.975376681190276 19.687131069919538 11.6
    endloop
  endfacet
  facet normal 0.9930684569549267 -0.11753739745783343 0
    outer loop
      vertex 19.993834667466256 19.84308180854431 16
      vertex 19.975376681190276 19.687131069919538 11.6
      vertex 19.993834667466256 19.84308180854431 11.6
    endloop
  endfacet
  facet normal 0.999229036240723 -0.03925981575906697 0
    outer loop
      vertex 20 20 16
      vertex 19.993834667466256 19.84308180854431 11.6
      vertex 20 20 11.6
    endloop
  endfacet
  facet normal 0.999229036240723 0.03925981575906697 0
    outer loop
      vertex 19.993834667466256 20.15691819145569 16
      vertex 20 20 11.6
      vertex 19.993834667466256 20.15691819145569 11.6
    endloop
  endfacet
  facet normal 0.9624552364536464 0.2714404498650773 0
    outer loop
      vertex 19.902113032590307 20.618033988749893 16
      vertex 19.944739840795354 20.46689072771181 11.6
      vertex 19.902113032590307 20.618033988749893 11.6
    endloop
  endfacet
  facet normal 0.9930684569549267 0.11753739745783343 0
    outer loop
      vertex 19.975376681190276 20.312868930080462 16
      vertex 19.993834667466256 20.15691819145569 11.6
      vertex 19.975376681190276 20.312868930080462 11.6
    endloop
  endfacet
  facet normal 0.9807852804032294 0.19509032201613363 0
    outer loop
      vertex 19.944739840795354 20.46689072771181 16
      vertex 19.975376681190276 20.312868930080462 11.6
      vertex 19.944739840795354 20.46689072771181 11.6
    endloop
  endfacet
  facet normal 0.9381913359224822 0.34611705707749857 0
    outer loop
      vertex 19.847759065022572 20.76536686473018 16
      vertex 19.902113032590307 20.618033988749893 11.6
      vertex 19.847759065022572 20.76536686473018 11.6
    endloop
  endfacet
  facet normal 0.9081431738250867 0.4186597375374165 0
    outer loop
      vertex 19.782013048376736 20.907980999479093 16
      vertex 19.847759065022572 20.76536686473018 11.6
      vertex 19.782013048376736 20.907980999479093 11.6
    endloop
  endfacet
  facet normal 0.8724960070727962 0.48862124149695674 0
    outer loop
      vertex 19.705280328708184 21.0449971294319 16
      vertex 19.782013048376736 20.907980999479093 11.6
      vertex 19.705280328708184 21.0449971294319 11.6
    endloop
  endfacet
  facet normal 0.5555702330196103 0.8314696123025398 0
    outer loop
      vertex 19.0449971294319 21.705280328708184 16
      vertex 19.175570504584947 21.618033988749893 11.6
      vertex 19.0449971294319 21.705280328708184 11.6
    endloop
  endfacet
  facet normal 0.734322509435691 0.6788007455329358 0
    outer loop
      vertex 19.414213562373096 21.414213562373096 16
      vertex 19.52081193120006 21.298896096660368 11.6
      vertex 19.414213562373096 21.414213562373096 11.6
    endloop
  endfacet
  facet normal 0.6788007455329358 0.734322509435691 0
    outer loop
      vertex 19.298896096660368 21.52081193120006 16
      vertex 19.414213562373096 21.414213562373096 11.6
      vertex 19.298896096660368 21.52081193120006 11.6
    endloop
  endfacet
  facet normal 0.61909394930983 0.7853169308807482 0
    outer loop
      vertex 19.175570504584947 21.618033988749893 16
      vertex 19.298896096660368 21.52081193120006 11.6
      vertex 19.175570504584947 21.618033988749893 11.6
    endloop
  endfacet
  facet normal 0.8314696123025398 0.5555702330196103 0
    outer loop
      vertex 19.618033988749893 21.175570504584947 16
      vertex 19.705280328708184 21.0449971294319 11.6
      vertex 19.618033988749893 21.175570504584947 11.6
    endloop
  endfacet
  facet normal 0.7853169308807482 0.61909394930983 0
    outer loop
      vertex 19.52081193120006 21.298896096660368 16
      vertex 19.618033988749893 21.175570504584947 11.6
      vertex 19.52081193120006 21.298896096660368 11.6
    endloop
  endfacet
  facet normal 0.4186597375374165 0.9081431738250867 0
    outer loop
      vertex 18.76536686473018 21.847759065022572 16
      vertex 18.907980999479093 21.782013048376736 11.6
      vertex 18.76536686473018 21.847759065022572 11.6
    endloop
  endfacet
  facet normal 0.48862124149695674 0.8724960070727962 0
    outer loop
      vertex 18.907980999479093 21.782013048376736 16
      vertex 19.0449971294319 21.705280328708184 11.6
      vertex 18.907980999479093 21.782013048376736 11.6
    endloop
  endfacet
endsolid OpenSCAD_Model
