solid OpenSCAD_Model
  facet normal 0.5555702330196018 -0.8314696123025457 0
    outer loop
      vertex 9.56312894703114 -3.1552395480262465 0
      vertex 9.3835905561957 -3.2752032654688943 11.600000000000023
      vertex 9.3835905561957 -3.2752032654688943 0
    endloop
  endfacet
  facet normal 0.48862124149695535 -0.872496007072797 0
    outer loop
      vertex 9.56312894703114 -3.1552395480262465 0
      vertex 9.751526125716246 -3.0497320584819883 0
      vertex 9.56312894703114 -3.1552395480262465 11.600000000000023
    endloop
  endfacet
  facet normal 0.785316930880744 -0.6190939493098353 0
    outer loop
      vertex 8.908883594599915 -3.7140178670919948 0
      vertex 8.775203265468894 -3.883590556195699 11.600000000000023
      vertex 8.775203265468894 -3.883590556195699 0
    endloop
  endfacet
  facet normal 0.9081431738250824 -0.4186597375374257 0
    outer loop
      vertex 8.459331285593962 -4.447620560996003 0
      vertex 8.549732058481988 -4.251526125716246 0
      vertex 8.459331285593962 -4.447620560996003 11.600000000000023
    endloop
  endfacet
  facet normal 0.8314696123025457 -0.5555702330196018 0
    outer loop
      vertex 8.655239548026247 -4.0631289470311405 0
      vertex 8.775203265468894 -3.883590556195699 0
      vertex 8.655239548026247 -4.0631289470311405 11.600000000000023
    endloop
  endfacet
  facet normal 0.8724960070727961 -0.4886212414969569 0
    outer loop
      vertex 8.655239548026247 -4.0631289470311405 0
      vertex 8.549732058481988 -4.251526125716246 11.600000000000023
      vertex 8.549732058481988 -4.251526125716246 0
    endloop
  endfacet
  facet normal 0.6788007455329423 -0.734322509435685 0
    outer loop
      vertex 9.055456351736995 -3.555456351736994 0
      vertex 9.214017867091995 -3.408883594599915 0
      vertex 9.055456351736995 -3.555456351736994 11.600000000000023
    endloop
  endfacet
  facet normal 0.619093949309834 -0.7853169308807448 0
    outer loop
      vertex 9.214017867091995 -3.408883594599915 0
      vertex 9.3835905561957 -3.2752032654688943 0
      vertex 9.214017867091995 -3.408883594599915 11.600000000000023
    endloop
  endfacet
  facet normal 0.7343225094356859 -0.6788007455329412 0
    outer loop
      vertex 8.908883594599915 -3.7140178670919948 0
      vertex 9.055456351736995 -3.555456351736994 0
      vertex 8.908883594599915 -3.7140178670919948 11.600000000000023
    endloop
  endfacet
  facet normal 0.9381913359224835 -0.3461170570774946 0
    outer loop
      vertex 8.459331285593962 -4.447620560996003 0
      vertex 8.384594580188327 -4.650203265468894 11.600000000000023
      vertex 8.384594580188327 -4.650203265468894 0
    endloop
  endfacet
  facet normal 0.9624552364536464 -0.2714404498650776 0
    outer loop
      vertex 8.384594580188327 -4.650203265468894 0
      vertex 8.325982718906388 -4.85802524939626 11.600000000000023
      vertex 8.325982718906388 -4.85802524939626 0
    endloop
  endfacet
  facet normal 0.980785280403231 -0.19509032201612572 0
    outer loop
      vertex 8.325982718906388 -4.85802524939626 0
      vertex 8.28385706336337 -5.069805221139365 11.600000000000023
      vertex 8.28385706336337 -5.069805221139365 0
    endloop
  endfacet
  facet normal 0.9930684569549265 -0.11753739745783473 0
    outer loop
      vertex 8.28385706336337 -5.069805221139365 0
      vertex 8.258477332233898 -5.2842374867484265 11.600000000000023
      vertex 8.258477332233898 -5.2842374867484265 0
    endloop
  endfacet
  facet normal 0.9992290362407229 -0.039259815759069436 0
    outer loop
      vertex 8.258477332233898 -5.2842374867484265 0
      vertex 8.25 -5.5 11.600000000000023
      vertex 8.25 -5.5 0
    endloop
  endfacet
  facet normal 0.9992290362407229 0.039259815759069436 0
    outer loop
      vertex 8.25 -5.5 0
      vertex 8.258477332233898 -5.7157625132515735 11.600000000000023
      vertex 8.258477332233898 -5.7157625132515735 0
    endloop
  endfacet
  facet normal 0.9930684569549265 0.11753739745783473 0
    outer loop
      vertex 8.258477332233898 -5.7157625132515735 0
      vertex 8.28385706336337 -5.930194778860635 11.600000000000023
      vertex 8.28385706336337 -5.930194778860635 0
    endloop
  endfacet
  facet normal 0.980785280403231 0.19509032201612572 0
    outer loop
      vertex 8.28385706336337 -5.930194778860635 0
      vertex 8.325982718906388 -6.14197475060374 11.600000000000023
      vertex 8.325982718906388 -6.14197475060374 0
    endloop
  endfacet
  facet normal 0.9624552364536464 0.2714404498650776 0
    outer loop
      vertex 8.325982718906388 -6.14197475060374 0
      vertex 8.384594580188327 -6.349796734531106 11.600000000000023
      vertex 8.384594580188327 -6.349796734531106 0
    endloop
  endfacet
  facet normal 0.9381913359224835 0.3461170570774946 0
    outer loop
      vertex 8.384594580188327 -6.349796734531106 0
      vertex 8.459331285593962 -6.552379439003997 11.600000000000023
      vertex 8.459331285593962 -6.552379439003997 0
    endloop
  endfacet
  facet normal 0.9081431738250824 0.4186597375374257 0
    outer loop
      vertex 8.459331285593962 -6.552379439003997 0
      vertex 8.549732058481988 -6.748473874283754 11.600000000000023
      vertex 8.549732058481988 -6.748473874283754 0
    endloop
  endfacet
  facet normal 0.8724960070727961 0.4886212414969569 0
    outer loop
      vertex 8.549732058481988 -6.748473874283754 0
      vertex 8.655239548026247 -6.9368710529688595 11.600000000000023
      vertex 8.655239548026247 -6.9368710529688595 0
    endloop
  endfacet
  facet normal 0.34611705707749413 -0.9381913359224837 0
    outer loop
      vertex 10.150203265468894 -2.884594580188328 0
      vertex 9.947620560996004 -2.9593312855939615 11.600000000000023
      vertex 9.947620560996004 -2.9593312855939615 0
    endloop
  endfacet
  facet normal 0.41865973753742586 -0.9081431738250824 0
    outer loop
      vertex 9.751526125716246 -3.0497320584819883 0
      vertex 9.947620560996004 -2.9593312855939615 0
      vertex 9.751526125716246 -3.0497320584819883 11.600000000000023
    endloop
  endfacet
  facet normal 0.2714404498650757 -0.962455236453647 0
    outer loop
      vertex 10.150203265468894 -2.884594580188328 0
      vertex 10.35802524939626 -2.8259827189063893 0
      vertex 10.150203265468894 -2.884594580188328 11.600000000000023
    endloop
  endfacet
  facet normal 0.1950903220161277 -0.9807852804032304 0
    outer loop
      vertex 10.35802524939626 -2.8259827189063893 0
      vertex 10.569805221139365 -2.7838570633633712 0
      vertex 10.35802524939626 -2.8259827189063893 11.600000000000023
    endloop
  endfacet
  facet normal 0.11753739745783726 -0.9930684569549263 0
    outer loop
      vertex 10.569805221139365 -2.7838570633633712 0
      vertex 10.784237486748426 -2.7584773322338982 0
      vertex 10.569805221139365 -2.7838570633633712 11.600000000000023
    endloop
  endfacet
  facet normal 0.03925981575906927 -0.9992290362407229 0
    outer loop
      vertex 10.784237486748426 -2.7584773322338982 0
      vertex 11 -2.75 0
      vertex 10.784237486748426 -2.7584773322338982 11.600000000000023
    endloop
  endfacet
  facet normal -0.03925981575906927 -0.9992290362407229 0
    outer loop
      vertex 11 -2.75 0
      vertex 11.215762513251574 -2.7584773322338982 0
      vertex 11 -2.75 11.600000000000023
    endloop
  endfacet
  facet normal -0.11753739745783726 -0.9930684569549263 0
    outer loop
      vertex 11.215762513251574 -2.7584773322338982 0
      vertex 11.430194778860635 -2.7838570633633712 0
      vertex 11.215762513251574 -2.7584773322338982 11.600000000000023
    endloop
  endfacet
  facet normal -0.1950903220161277 -0.9807852804032304 0
    outer loop
      vertex 11.430194778860635 -2.7838570633633712 0
      vertex 11.64197475060374 -2.8259827189063893 0
      vertex 11.430194778860635 -2.7838570633633712 11.600000000000023
    endloop
  endfacet
  facet normal -0.2714404498650757 -0.962455236453647 0
    outer loop
      vertex 11.64197475060374 -2.8259827189063893 0
      vertex 11.849796734531106 -2.884594580188328 0
      vertex 11.64197475060374 -2.8259827189063893 11.600000000000023
    endloop
  endfacet
  facet normal -0.34611705707749413 -0.9381913359224837 0
    outer loop
      vertex 11.849796734531106 -2.884594580188328 0
      vertex 12.052379439003996 -2.9593312855939615 0
      vertex 11.849796734531106 -2.884594580188328 11.600000000000023
    endloop
  endfacet
  facet normal -0.41865973753742586 -0.9081431738250824 0
    outer loop
      vertex 12.052379439003996 -2.9593312855939615 0
      vertex 12.248473874283754 -3.0497320584819883 0
      vertex 12.052379439003996 -2.9593312855939615 11.600000000000023
    endloop
  endfacet
  facet normal -0.48862124149695535 -0.872496007072797 0
    outer loop
      vertex 12.248473874283754 -3.0497320584819883 0
      vertex 12.43687105296886 -3.1552395480262465 0
      vertex 12.248473874283754 -3.0497320584819883 11.600000000000023
    endloop
  endfacet
  facet normal -0.5555702330196018 -0.8314696123025457 0
    outer loop
      vertex 12.43687105296886 -3.1552395480262465 0
      vertex 12.6164094438043 -3.2752032654688943 0
      vertex 12.43687105296886 -3.1552395480262465 11.600000000000023
    endloop
  endfacet
  facet normal -0.619093949309834 -0.7853169308807448 0
    outer loop
      vertex 12.6164094438043 -3.2752032654688943 0
      vertex 12.785982132908005 -3.408883594599915 0
      vertex 12.6164094438043 -3.2752032654688943 11.600000000000023
    endloop
  endfacet
  facet normal -0.6788007455329423 -0.734322509435685 0
    outer loop
      vertex 12.785982132908005 -3.408883594599915 0
      vertex 12.944543648263005 -3.555456351736994 0
      vertex 12.785982132908005 -3.408883594599915 11.600000000000023
    endloop
  endfacet
  facet normal -0.7343225094356859 -0.6788007455329412 0
    outer loop
      vertex 12.944543648263005 -3.555456351736994 0
      vertex 13.091116405400085 -3.7140178670919948 0
      vertex 12.944543648263005 -3.555456351736994 11.600000000000023
    endloop
  endfacet
  facet normal 0.8314696123025457 0.5555702330196018 0
    outer loop
      vertex 8.655239548026247 -6.9368710529688595 0
      vertex 8.775203265468894 -7.116409443804301 11.600000000000023
      vertex 8.775203265468894 -7.116409443804301 0
    endloop
  endfacet
  facet normal 0.785316930880744 0.6190939493098353 0
    outer loop
      vertex 8.775203265468894 -7.116409443804301 0
      vertex 8.908883594599915 -7.285982132908005 11.600000000000023
      vertex 8.908883594599915 -7.285982132908005 0
    endloop
  endfacet
  facet normal 0.734322509435685 0.6788007455329423 0
    outer loop
      vertex 8.908883594599915 -7.285982132908005 0
      vertex 9.055456351736995 -7.444543648263005 11.600000000000023
      vertex 9.055456351736995 -7.444543648263005 0
    endloop
  endfacet
  facet normal 0.6788007455329423 0.734322509435685 0
    outer loop
      vertex 9.055456351736995 -7.444543648263005 0
      vertex 9.214017867091995 -7.591116405400085 11.600000000000023
      vertex 9.214017867091995 -7.591116405400085 0
    endloop
  endfacet
  facet normal 0.6190939493098353 0.785316930880744 0
    outer loop
      vertex 9.214017867091995 -7.591116405400085 0
      vertex 9.3835905561957 -7.724796734531106 11.600000000000023
      vertex 9.3835905561957 -7.724796734531106 0
    endloop
  endfacet
  facet normal 0.5555702330196018 0.8314696123025457 0
    outer loop
      vertex 9.3835905561957 -7.724796734531106 0
      vertex 9.56312894703114 -7.8447604519737535 11.600000000000023
      vertex 9.56312894703114 -7.8447604519737535 0
    endloop
  endfacet
  facet normal 0.4886212414969569 0.8724960070727961 0
    outer loop
      vertex 9.56312894703114 -7.8447604519737535 0
      vertex 9.751526125716246 -7.950267941518012 11.600000000000023
      vertex 9.751526125716246 -7.950267941518012 0
    endloop
  endfacet
  facet normal 0.41865973753742414 0.908143173825083 0
    outer loop
      vertex 9.751526125716246 -7.950267941518012 0
      vertex 9.947620560996004 -8.040668714406038 11.600000000000023
      vertex 9.947620560996004 -8.040668714406038 0
    endloop
  endfacet
  facet normal 0.34611705707749596 0.938191335922483 0
    outer loop
      vertex 9.947620560996004 -8.040668714406038 0
      vertex 10.150203265468894 -8.115405419811673 11.600000000000023
      vertex 10.150203265468894 -8.115405419811673 0
    endloop
  endfacet
  facet normal 0.2714404498650776 0.9624552364536464 0
    outer loop
      vertex 10.150203265468894 -8.115405419811673 0
      vertex 10.35802524939626 -8.174017281093612 11.600000000000023
      vertex 10.35802524939626 -8.174017281093612 0
    endloop
  endfacet
  facet normal 0.19509032201612572 0.980785280403231 0
    outer loop
      vertex 10.35802524939626 -8.174017281093612 0
      vertex 10.569805221139365 -8.21614293663663 11.600000000000023
      vertex 10.569805221139365 -8.21614293663663 0
    endloop
  endfacet
  facet normal 0.11753739745783523 0.9930684569549267 0
    outer loop
      vertex 10.569805221139365 -8.21614293663663 0
      vertex 10.784237486748426 -8.241522667766102 11.600000000000023
      vertex 10.784237486748426 -8.241522667766102 0
    endloop
  endfacet
  facet normal 0.03925981575906927 0.9992290362407229 0
    outer loop
      vertex 10.784237486748426 -8.241522667766102 0
      vertex 11 -8.25 11.600000000000023
      vertex 11 -8.25 0
    endloop
  endfacet
  facet normal -0.03925981575906927 0.9992290362407229 0
    outer loop
      vertex 11.215762513251574 -8.241522667766102 0
      vertex 11 -8.25 0
      vertex 11.215762513251574 -8.241522667766102 11.600000000000023
    endloop
  endfacet
  facet normal -0.11753739745783523 0.9930684569549267 0
    outer loop
      vertex 11.215762513251574 -8.241522667766102 0
      vertex 11.430194778860635 -8.21614293663663 11.600000000000023
      vertex 11.430194778860635 -8.21614293663663 0
    endloop
  endfacet
  facet normal -0.19509032201612572 0.980785280403231 0
    outer loop
      vertex 11.430194778860635 -8.21614293663663 0
      vertex 11.64197475060374 -8.174017281093612 11.600000000000023
      vertex 11.64197475060374 -8.174017281093612 0
    endloop
  endfacet
  facet normal -0.2714404498650776 0.9624552364536464 0
    outer loop
      vertex 11.64197475060374 -8.174017281093612 0
      vertex 11.849796734531106 -8.115405419811673 11.600000000000023
      vertex 11.849796734531106 -8.115405419811673 0
    endloop
  endfacet
  facet normal -0.34611705707749596 0.938191335922483 0
    outer loop
      vertex 11.849796734531106 -8.115405419811673 0
      vertex 12.052379439003996 -8.040668714406038 11.600000000000023
      vertex 12.052379439003996 -8.040668714406038 0
    endloop
  endfacet
  facet normal -0.41865973753742414 0.908143173825083 0
    outer loop
      vertex 12.052379439003996 -8.040668714406038 0
      vertex 12.248473874283754 -7.950267941518012 11.600000000000023
      vertex 12.248473874283754 -7.950267941518012 0
    endloop
  endfacet
  facet normal -0.6788007455329423 0.734322509435685 0
    outer loop
      vertex 12.785982132908005 -7.591116405400085 0
      vertex 12.944543648263005 -7.444543648263005 11.600000000000023
      vertex 12.944543648263005 -7.444543648263005 0
    endloop
  endfacet
  facet normal -0.4886212414969569 0.8724960070727961 0
    outer loop
      vertex 12.43687105296886 -7.8447604519737535 0
      vertex 12.248473874283754 -7.950267941518012 0
      vertex 12.43687105296886 -7.8447604519737535 11.600000000000023
    endloop
  endfacet
  facet normal -0.5555702330196018 0.8314696123025457 0
    outer loop
      vertex 12.43687105296886 -7.8447604519737535 0
      vertex 12.6164094438043 -7.724796734531106 11.600000000000023
      vertex 12.6164094438043 -7.724796734531106 0
    endloop
  endfacet
  facet normal -0.6190939493098353 0.785316930880744 0
    outer loop
      vertex 12.785982132908005 -7.591116405400085 0
      vertex 12.6164094438043 -7.724796734531106 0
      vertex 12.785982132908005 -7.591116405400085 11.600000000000023
    endloop
  endfacet
  facet normal -0.785316930880744 -0.6190939493098353 0
    outer loop
      vertex 13.091116405400085 -3.7140178670919948 0
      vertex 13.224796734531106 -3.883590556195699 0
      vertex 13.091116405400085 -3.7140178670919948 11.600000000000023
    endloop
  endfacet
  facet normal -0.8314696123025457 -0.5555702330196018 0
    outer loop
      vertex 13.224796734531106 -3.883590556195699 0
      vertex 13.344760451973753 -4.0631289470311405 0
      vertex 13.224796734531106 -3.883590556195699 11.600000000000023
    endloop
  endfacet
  facet normal -0.8724960070727961 -0.4886212414969569 0
    outer loop
      vertex 13.344760451973753 -4.0631289470311405 0
      vertex 13.450267941518012 -4.251526125716246 0
      vertex 13.344760451973753 -4.0631289470311405 11.600000000000023
    endloop
  endfacet
  facet normal -0.9081431738250824 -0.4186597375374257 0
    outer loop
      vertex 13.450267941518012 -4.251526125716246 0
      vertex 13.540668714406038 -4.447620560996003 0
      vertex 13.450267941518012 -4.251526125716246 11.600000000000023
    endloop
  endfacet
  facet normal -0.9381913359224835 -0.3461170570774946 0
    outer loop
      vertex 13.540668714406038 -4.447620560996003 0
      vertex 13.615405419811673 -4.650203265468894 0
      vertex 13.540668714406038 -4.447620560996003 11.600000000000023
    endloop
  endfacet
  facet normal -0.9624552364536464 -0.2714404498650776 0
    outer loop
      vertex 13.615405419811673 -4.650203265468894 0
      vertex 13.674017281093612 -4.85802524939626 0
      vertex 13.615405419811673 -4.650203265468894 11.600000000000023
    endloop
  endfacet
  facet normal -0.980785280403231 -0.19509032201612572 0
    outer loop
      vertex 13.674017281093612 -4.85802524939626 0
      vertex 13.71614293663663 -5.069805221139365 0
      vertex 13.674017281093612 -4.85802524939626 11.600000000000023
    endloop
  endfacet
  facet normal -0.9930684569549265 -0.11753739745783473 0
    outer loop
      vertex 13.71614293663663 -5.069805221139365 0
      vertex 13.741522667766102 -5.2842374867484265 0
      vertex 13.71614293663663 -5.069805221139365 11.600000000000023
    endloop
  endfacet
  facet normal -0.9992290362407229 -0.039259815759069436 0
    outer loop
      vertex 13.741522667766102 -5.2842374867484265 0
      vertex 13.75 -5.5 0
      vertex 13.741522667766102 -5.2842374867484265 11.600000000000023
    endloop
  endfacet
  facet normal -0.9992290362407229 0.039259815759069436 0
    outer loop
      vertex 13.75 -5.5 0
      vertex 13.741522667766102 -5.7157625132515735 0
      vertex 13.75 -5.5 11.600000000000023
    endloop
  endfacet
  facet normal -0.9930684569549265 0.11753739745783473 0
    outer loop
      vertex 13.741522667766102 -5.7157625132515735 0
      vertex 13.71614293663663 -5.930194778860635 0
      vertex 13.741522667766102 -5.7157625132515735 11.600000000000023
    endloop
  endfacet
  facet normal -0.980785280403231 0.19509032201612572 0
    outer loop
      vertex 13.71614293663663 -5.930194778860635 0
      vertex 13.674017281093612 -6.14197475060374 0
      vertex 13.71614293663663 -5.930194778860635 11.600000000000023
    endloop
  endfacet
  facet normal -0.9624552364536464 0.2714404498650776 0
    outer loop
      vertex 13.674017281093612 -6.14197475060374 0
      vertex 13.615405419811673 -6.349796734531106 0
      vertex 13.674017281093612 -6.14197475060374 11.600000000000023
    endloop
  endfacet
  facet normal -0.8314696123025457 0.5555702330196018 0
    outer loop
      vertex 13.344760451973753 -6.9368710529688595 0
      vertex 13.224796734531106 -7.116409443804301 0
      vertex 13.344760451973753 -6.9368710529688595 11.600000000000023
    endloop
  endfacet
  facet normal -0.9381913359224835 0.3461170570774946 0
    outer loop
      vertex 13.615405419811673 -6.349796734531106 0
      vertex 13.540668714406038 -6.552379439003997 0
      vertex 13.615405419811673 -6.349796734531106 11.600000000000023
    endloop
  endfacet
  facet normal -0.9081431738250824 0.4186597375374257 0
    outer loop
      vertex 13.540668714406038 -6.552379439003997 0
      vertex 13.450267941518012 -6.748473874283754 0
      vertex 13.540668714406038 -6.552379439003997 11.600000000000023
    endloop
  endfacet
  facet normal -0.8724960070727961 0.4886212414969569 0
    outer loop
      vertex 13.344760451973753 -6.9368710529688595 0
      vertex 13.450267941518012 -6.748473874283754 11.600000000000023
      vertex 13.450267941518012 -6.748473874283754 0
    endloop
  endfacet
  facet normal -0.785316930880744 0.6190939493098353 0
    outer loop
      vertex 13.091116405400085 -7.285982132908005 0
      vertex 13.224796734531106 -7.116409443804301 11.600000000000023
      vertex 13.224796734531106 -7.116409443804301 0
    endloop
  endfacet
  facet normal -0.734322509435685 0.6788007455329423 0
    outer loop
      vertex 12.944543648263005 -7.444543648263005 0
      vertex 13.091116405400085 -7.285982132908005 11.600000000000023
      vertex 13.091116405400085 -7.285982132908005 0
    endloop
  endfacet
  facet normal 0.5555702330196018 -0.8314696123025457 0
    outer loop
      vertex 9.56312894703114 -3.1552395480262465 0
      vertex 9.56312894703114 -3.1552395480262465 11.600000000000023
      vertex 9.3835905561957 -3.2752032654688943 11.600000000000023
    endloop
  endfacet
  facet normal 0.48862124149695535 -0.872496007072797 0
    outer loop
      vertex 9.751526125716246 -3.0497320584819883 0
      vertex 9.751526125716246 -3.0497320584819883 11.600000000000023
      vertex 9.56312894703114 -3.1552395480262465 11.600000000000023
    endloop
  endfacet
  facet normal 0.785316930880744 -0.6190939493098353 0
    outer loop
      vertex 8.908883594599915 -3.7140178670919948 0
      vertex 8.908883594599915 -3.7140178670919948 11.600000000000023
      vertex 8.775203265468894 -3.883590556195699 11.600000000000023
    endloop
  endfacet
  facet normal 0.9081431738250824 -0.4186597375374257 0
    outer loop
      vertex 8.549732058481988 -4.251526125716246 0
      vertex 8.549732058481988 -4.251526125716246 11.600000000000023
      vertex 8.459331285593962 -4.447620560996003 11.600000000000023
    endloop
  endfacet
  facet normal 0.8724960070727961 -0.4886212414969569 0
    outer loop
      vertex 8.655239548026247 -4.0631289470311405 0
      vertex 8.655239548026247 -4.0631289470311405 11.600000000000023
      vertex 8.549732058481988 -4.251526125716246 11.600000000000023
    endloop
  endfacet
  facet normal 0.8314696123025457 -0.5555702330196018 0
    outer loop
      vertex 8.775203265468894 -3.883590556195699 0
      vertex 8.775203265468894 -3.883590556195699 11.600000000000023
      vertex 8.655239548026247 -4.0631289470311405 11.600000000000023
    endloop
  endfacet
  facet normal 0.619093949309834 -0.7853169308807448 0
    outer loop
      vertex 9.3835905561957 -3.2752032654688943 0
      vertex 9.3835905561957 -3.2752032654688943 11.600000000000023
      vertex 9.214017867091995 -3.408883594599915 11.600000000000023
    endloop
  endfacet
  facet normal 0.6788007455329423 -0.734322509435685 0
    outer loop
      vertex 9.214017867091995 -3.408883594599915 0
      vertex 9.214017867091995 -3.408883594599915 11.600000000000023
      vertex 9.055456351736995 -3.555456351736994 11.600000000000023
    endloop
  endfacet
  facet normal 0.7343225094356859 -0.6788007455329412 0
    outer loop
      vertex 9.055456351736995 -3.555456351736994 0
      vertex 9.055456351736995 -3.555456351736994 11.600000000000023
      vertex 8.908883594599915 -3.7140178670919948 11.600000000000023
    endloop
  endfacet
  facet normal 0.9381913359224835 -0.3461170570774946 0
    outer loop
      vertex 8.459331285593962 -4.447620560996003 0
      vertex 8.459331285593962 -4.447620560996003 11.600000000000023
      vertex 8.384594580188327 -4.650203265468894 11.600000000000023
    endloop
  endfacet
  facet normal 0.9624552364536464 -0.2714404498650776 0
    outer loop
      vertex 8.384594580188327 -4.650203265468894 0
      vertex 8.384594580188327 -4.650203265468894 11.600000000000023
      vertex 8.325982718906388 -4.85802524939626 11.600000000000023
    endloop
  endfacet
  facet normal 0.980785280403231 -0.19509032201612572 0
    outer loop
      vertex 8.325982718906388 -4.85802524939626 0
      vertex 8.325982718906388 -4.85802524939626 11.600000000000023
      vertex 8.28385706336337 -5.069805221139365 11.600000000000023
    endloop
  endfacet
  facet normal 0.9930684569549265 -0.11753739745783473 0
    outer loop
      vertex 8.28385706336337 -5.069805221139365 0
      vertex 8.28385706336337 -5.069805221139365 11.600000000000023
      vertex 8.258477332233898 -5.2842374867484265 11.600000000000023
    endloop
  endfacet
  facet normal 0.9992290362407229 -0.039259815759069436 0
    outer loop
      vertex 8.258477332233898 -5.2842374867484265 0
      vertex 8.258477332233898 -5.2842374867484265 11.600000000000023
      vertex 8.25 -5.5 11.600000000000023
    endloop
  endfacet
  facet normal 0.9992290362407229 0.039259815759069436 0
    outer loop
      vertex 8.25 -5.5 0
      vertex 8.25 -5.5 11.600000000000023
      vertex 8.258477332233898 -5.7157625132515735 11.600000000000023
    endloop
  endfacet
  facet normal 0.9930684569549265 0.11753739745783473 0
    outer loop
      vertex 8.258477332233898 -5.7157625132515735 0
      vertex 8.258477332233898 -5.7157625132515735 11.600000000000023
      vertex 8.28385706336337 -5.930194778860635 11.600000000000023
    endloop
  endfacet
  facet normal 0.980785280403231 0.19509032201612572 0
    outer loop
      vertex 8.28385706336337 -5.930194778860635 0
      vertex 8.28385706336337 -5.930194778860635 11.600000000000023
      vertex 8.325982718906388 -6.14197475060374 11.600000000000023
    endloop
  endfacet
  facet normal 0.9624552364536464 0.2714404498650776 0
    outer loop
      vertex 8.325982718906388 -6.14197475060374 0
      vertex 8.325982718906388 -6.14197475060374 11.600000000000023
      vertex 8.384594580188327 -6.349796734531106 11.600000000000023
    endloop
  endfacet
  facet normal 0.9381913359224835 0.3461170570774946 0
    outer loop
      vertex 8.384594580188327 -6.349796734531106 0
      vertex 8.384594580188327 -6.349796734531106 11.600000000000023
      vertex 8.459331285593962 -6.552379439003997 11.600000000000023
    endloop
  endfacet
  facet normal 0.9081431738250824 0.4186597375374257 0
    outer loop
      vertex 8.459331285593962 -6.552379439003997 0
      vertex 8.459331285593962 -6.552379439003997 11.600000000000023
      vertex 8.549732058481988 -6.748473874283754 11.600000000000023
    endloop
  endfacet
  facet normal 0.8724960070727961 0.4886212414969569 0
    outer loop
      vertex 8.549732058481988 -6.748473874283754 0
      vertex 8.549732058481988 -6.748473874283754 11.600000000000023
      vertex 8.655239548026247 -6.9368710529688595 11.600000000000023
    endloop
  endfacet
  facet normal 0.8314696123025457 0.5555702330196018 0
    outer loop
      vertex 8.655239548026247 -6.9368710529688595 0
      vertex 8.655239548026247 -6.9368710529688595 11.600000000000023
      vertex 8.775203265468894 -7.116409443804301 11.600000000000023
    endloop
  endfacet
  facet normal 0.34611705707749413 -0.9381913359224837 0
    outer loop
      vertex 10.150203265468894 -2.884594580188328 0
      vertex 10.150203265468894 -2.884594580188328 11.600000000000023
      vertex 9.947620560996004 -2.9593312855939615 11.600000000000023
    endloop
  endfacet
  facet normal 0.41865973753742586 -0.9081431738250824 0
    outer loop
      vertex 9.947620560996004 -2.9593312855939615 0
      vertex 9.947620560996004 -2.9593312855939615 11.600000000000023
      vertex 9.751526125716246 -3.0497320584819883 11.600000000000023
    endloop
  endfacet
  facet normal 0.2714404498650757 -0.962455236453647 0
    outer loop
      vertex 10.35802524939626 -2.8259827189063893 0
      vertex 10.35802524939626 -2.8259827189063893 11.600000000000023
      vertex 10.150203265468894 -2.884594580188328 11.600000000000023
    endloop
  endfacet
  facet normal 0.1950903220161277 -0.9807852804032304 0
    outer loop
      vertex 10.569805221139365 -2.7838570633633712 0
      vertex 10.569805221139365 -2.7838570633633712 11.600000000000023
      vertex 10.35802524939626 -2.8259827189063893 11.600000000000023
    endloop
  endfacet
  facet normal 0.11753739745783726 -0.9930684569549263 0
    outer loop
      vertex 10.784237486748426 -2.7584773322338982 0
      vertex 10.784237486748426 -2.7584773322338982 11.600000000000023
      vertex 10.569805221139365 -2.7838570633633712 11.600000000000023
    endloop
  endfacet
  facet normal 0.03925981575906927 -0.9992290362407229 0
    outer loop
      vertex 11 -2.75 0
      vertex 11 -2.75 11.600000000000023
      vertex 10.784237486748426 -2.7584773322338982 11.600000000000023
    endloop
  endfacet
  facet normal -0.03925981575906927 -0.9992290362407229 0
    outer loop
      vertex 11.215762513251574 -2.7584773322338982 0
      vertex 11.215762513251574 -2.7584773322338982 11.600000000000023
      vertex 11 -2.75 11.600000000000023
    endloop
  endfacet
  facet normal -0.11753739745783726 -0.9930684569549263 0
    outer loop
      vertex 11.430194778860635 -2.7838570633633712 0
      vertex 11.430194778860635 -2.7838570633633712 11.600000000000023
      vertex 11.215762513251574 -2.7584773322338982 11.600000000000023
    endloop
  endfacet
  facet normal -0.1950903220161277 -0.9807852804032304 0
    outer loop
      vertex 11.64197475060374 -2.8259827189063893 0
      vertex 11.64197475060374 -2.8259827189063893 11.600000000000023
      vertex 11.430194778860635 -2.7838570633633712 11.600000000000023
    endloop
  endfacet
  facet normal -0.2714404498650757 -0.962455236453647 0
    outer loop
      vertex 11.849796734531106 -2.884594580188328 0
      vertex 11.849796734531106 -2.884594580188328 11.600000000000023
      vertex 11.64197475060374 -2.8259827189063893 11.600000000000023
    endloop
  endfacet
  facet normal -0.34611705707749413 -0.9381913359224837 0
    outer loop
      vertex 12.052379439003996 -2.9593312855939615 0
      vertex 12.052379439003996 -2.9593312855939615 11.600000000000023
      vertex 11.849796734531106 -2.884594580188328 11.600000000000023
    endloop
  endfacet
  facet normal -0.41865973753742586 -0.9081431738250824 0
    outer loop
      vertex 12.248473874283754 -3.0497320584819883 0
      vertex 12.248473874283754 -3.0497320584819883 11.600000000000023
      vertex 12.052379439003996 -2.9593312855939615 11.600000000000023
    endloop
  endfacet
  facet normal -0.48862124149695535 -0.872496007072797 0
    outer loop
      vertex 12.43687105296886 -3.1552395480262465 0
      vertex 12.43687105296886 -3.1552395480262465 11.600000000000023
      vertex 12.248473874283754 -3.0497320584819883 11.600000000000023
    endloop
  endfacet
  facet normal -0.5555702330196018 -0.8314696123025457 0
    outer loop
      vertex 12.6164094438043 -3.2752032654688943 0
      vertex 12.6164094438043 -3.2752032654688943 11.600000000000023
      vertex 12.43687105296886 -3.1552395480262465 11.600000000000023
    endloop
  endfacet
  facet normal -0.619093949309834 -0.7853169308807448 0
    outer loop
      vertex 12.785982132908005 -3.408883594599915 0
      vertex 12.785982132908005 -3.408883594599915 11.600000000000023
      vertex 12.6164094438043 -3.2752032654688943 11.600000000000023
    endloop
  endfacet
  facet normal -0.6788007455329423 -0.734322509435685 0
    outer loop
      vertex 12.944543648263005 -3.555456351736994 0
      vertex 12.944543648263005 -3.555456351736994 11.600000000000023
      vertex 12.785982132908005 -3.408883594599915 11.600000000000023
    endloop
  endfacet
  facet normal 0.785316930880744 0.6190939493098353 0
    outer loop
      vertex 8.775203265468894 -7.116409443804301 0
      vertex 8.775203265468894 -7.116409443804301 11.600000000000023
      vertex 8.908883594599915 -7.285982132908005 11.600000000000023
    endloop
  endfacet
  facet normal 0.734322509435685 0.6788007455329423 0
    outer loop
      vertex 8.908883594599915 -7.285982132908005 0
      vertex 8.908883594599915 -7.285982132908005 11.600000000000023
      vertex 9.055456351736995 -7.444543648263005 11.600000000000023
    endloop
  endfacet
  facet normal 0.6788007455329423 0.734322509435685 0
    outer loop
      vertex 9.055456351736995 -7.444543648263005 0
      vertex 9.055456351736995 -7.444543648263005 11.600000000000023
      vertex 9.214017867091995 -7.591116405400085 11.600000000000023
    endloop
  endfacet
  facet normal 0.6190939493098353 0.785316930880744 0
    outer loop
      vertex 9.214017867091995 -7.591116405400085 0
      vertex 9.214017867091995 -7.591116405400085 11.600000000000023
      vertex 9.3835905561957 -7.724796734531106 11.600000000000023
    endloop
  endfacet
  facet normal 0.5555702330196018 0.8314696123025457 0
    outer loop
      vertex 9.3835905561957 -7.724796734531106 0
      vertex 9.3835905561957 -7.724796734531106 11.600000000000023
      vertex 9.56312894703114 -7.8447604519737535 11.600000000000023
    endloop
  endfacet
  facet normal 0.4886212414969569 0.8724960070727961 0
    outer loop
      vertex 9.56312894703114 -7.8447604519737535 0
      vertex 9.56312894703114 -7.8447604519737535 11.600000000000023
      vertex 9.751526125716246 -7.950267941518012 11.600000000000023
    endloop
  endfacet
  facet normal 0.41865973753742414 0.908143173825083 0
    outer loop
      vertex 9.751526125716246 -7.950267941518012 0
      vertex 9.751526125716246 -7.950267941518012 11.600000000000023
      vertex 9.947620560996004 -8.040668714406038 11.600000000000023
    endloop
  endfacet
  facet normal 0.34611705707749596 0.938191335922483 0
    outer loop
      vertex 9.947620560996004 -8.040668714406038 0
      vertex 9.947620560996004 -8.040668714406038 11.600000000000023
      vertex 10.150203265468894 -8.115405419811673 11.600000000000023
    endloop
  endfacet
  facet normal 0.2714404498650776 0.9624552364536464 0
    outer loop
      vertex 10.150203265468894 -8.115405419811673 0
      vertex 10.150203265468894 -8.115405419811673 11.600000000000023
      vertex 10.35802524939626 -8.174017281093612 11.600000000000023
    endloop
  endfacet
  facet normal 0.19509032201612572 0.980785280403231 0
    outer loop
      vertex 10.35802524939626 -8.174017281093612 0
      vertex 10.35802524939626 -8.174017281093612 11.600000000000023
      vertex 10.569805221139365 -8.21614293663663 11.600000000000023
    endloop
  endfacet
  facet normal 0.11753739745783523 0.9930684569549267 0
    outer loop
      vertex 10.569805221139365 -8.21614293663663 0
      vertex 10.569805221139365 -8.21614293663663 11.600000000000023
      vertex 10.784237486748426 -8.241522667766102 11.600000000000023
    endloop
  endfacet
  facet normal 0.03925981575906927 0.9992290362407229 0
    outer loop
      vertex 10.784237486748426 -8.241522667766102 0
      vertex 10.784237486748426 -8.241522667766102 11.600000000000023
      vertex 11 -8.25 11.600000000000023
    endloop
  endfacet
  facet normal -0.03925981575906927 0.9992290362407229 0
    outer loop
      vertex 11 -8.25 0
      vertex 11 -8.25 11.600000000000023
      vertex 11.215762513251574 -8.241522667766102 11.600000000000023
    endloop
  endfacet
  facet normal -0.11753739745783523 0.9930684569549267 0
    outer loop
      vertex 11.215762513251574 -8.241522667766102 0
      vertex 11.215762513251574 -8.241522667766102 11.600000000000023
      vertex 11.430194778860635 -8.21614293663663 11.600000000000023
    endloop
  endfacet
  facet normal -0.19509032201612572 0.980785280403231 0
    outer loop
      vertex 11.430194778860635 -8.21614293663663 0
      vertex 11.430194778860635 -8.21614293663663 11.600000000000023
      vertex 11.64197475060374 -8.174017281093612 11.600000000000023
    endloop
  endfacet
  facet normal -0.2714404498650776 0.9624552364536464 0
    outer loop
      vertex 11.64197475060374 -8.174017281093612 0
      vertex 11.64197475060374 -8.174017281093612 11.600000000000023
      vertex 11.849796734531106 -8.115405419811673 11.600000000000023
    endloop
  endfacet
  facet normal -0.34611705707749596 0.938191335922483 0
    outer loop
      vertex 11.849796734531106 -8.115405419811673 0
      vertex 11.849796734531106 -8.115405419811673 11.600000000000023
      vertex 12.052379439003996 -8.040668714406038 11.600000000000023
    endloop
  endfacet
  facet normal -0.41865973753742414 0.908143173825083 0
    outer loop
      vertex 12.052379439003996 -8.040668714406038 0
      vertex 12.052379439003996 -8.040668714406038 11.600000000000023
      vertex 12.248473874283754 -7.950267941518012 11.600000000000023
    endloop
  endfacet
  facet normal -0.734322509435685 0.6788007455329423 0
    outer loop
      vertex 12.944543648263005 -7.444543648263005 0
      vertex 12.944543648263005 -7.444543648263005 11.600000000000023
      vertex 13.091116405400085 -7.285982132908005 11.600000000000023
    endloop
  endfacet
  facet normal -0.6788007455329423 0.734322509435685 0
    outer loop
      vertex 12.785982132908005 -7.591116405400085 0
      vertex 12.785982132908005 -7.591116405400085 11.600000000000023
      vertex 12.944543648263005 -7.444543648263005 11.600000000000023
    endloop
  endfacet
  facet normal -0.4886212414969569 0.8724960070727961 0
    outer loop
      vertex 12.248473874283754 -7.950267941518012 0
      vertex 12.248473874283754 -7.950267941518012 11.600000000000023
      vertex 12.43687105296886 -7.8447604519737535 11.600000000000023
    endloop
  endfacet
  facet normal -0.5555702330196018 0.8314696123025457 0
    outer loop
      vertex 12.43687105296886 -7.8447604519737535 0
      vertex 12.43687105296886 -7.8447604519737535 11.600000000000023
      vertex 12.6164094438043 -7.724796734531106 11.600000000000023
    endloop
  endfacet
  facet normal -0.6190939493098353 0.785316930880744 0
    outer loop
      vertex 12.6164094438043 -7.724796734531106 0
      vertex 12.6164094438043 -7.724796734531106 11.600000000000023
      vertex 12.785982132908005 -7.591116405400085 11.600000000000023
    endloop
  endfacet
  facet normal -0.7343225094356859 -0.6788007455329412 0
    outer loop
      vertex 13.091116405400085 -3.7140178670919948 0
      vertex 13.091116405400085 -3.7140178670919948 11.600000000000023
      vertex 12.944543648263005 -3.555456351736994 11.600000000000023
    endloop
  endfacet
  facet normal -0.785316930880744 -0.6190939493098353 0
    outer loop
      vertex 13.224796734531106 -3.883590556195699 0
      vertex 13.224796734531106 -3.883590556195699 11.600000000000023
      vertex 13.091116405400085 -3.7140178670919948 11.600000000000023
    endloop
  endfacet
  facet normal -0.8314696123025457 -0.5555702330196018 0
    outer loop
      vertex 13.344760451973753 -4.0631289470311405 0
      vertex 13.344760451973753 -4.0631289470311405 11.600000000000023
      vertex 13.224796734531106 -3.883590556195699 11.600000000000023
    endloop
  endfacet
  facet normal -0.8724960070727961 -0.4886212414969569 0
    outer loop
      vertex 13.450267941518012 -4.251526125716246 0
      vertex 13.450267941518012 -4.251526125716246 11.600000000000023
      vertex 13.344760451973753 -4.0631289470311405 11.600000000000023
    endloop
  endfacet
  facet normal -0.9081431738250824 -0.4186597375374257 0
    outer loop
      vertex 13.540668714406038 -4.447620560996003 0
      vertex 13.540668714406038 -4.447620560996003 11.600000000000023
      vertex 13.450267941518012 -4.251526125716246 11.600000000000023
    endloop
  endfacet
  facet normal -0.9381913359224835 -0.3461170570774946 0
    outer loop
      vertex 13.615405419811673 -4.650203265468894 0
      vertex 13.615405419811673 -4.650203265468894 11.600000000000023
      vertex 13.540668714406038 -4.447620560996003 11.600000000000023
    endloop
  endfacet
  facet normal -0.9624552364536464 -0.2714404498650776 0
    outer loop
      vertex 13.674017281093612 -4.85802524939626 0
      vertex 13.674017281093612 -4.85802524939626 11.600000000000023
      vertex 13.615405419811673 -4.650203265468894 11.600000000000023
    endloop
  endfacet
  facet normal -0.980785280403231 -0.19509032201612572 0
    outer loop
      vertex 13.71614293663663 -5.069805221139365 0
      vertex 13.71614293663663 -5.069805221139365 11.600000000000023
      vertex 13.674017281093612 -4.85802524939626 11.600000000000023
    endloop
  endfacet
  facet normal -0.9930684569549265 -0.11753739745783473 0
    outer loop
      vertex 13.741522667766102 -5.2842374867484265 0
      vertex 13.741522667766102 -5.2842374867484265 11.600000000000023
      vertex 13.71614293663663 -5.069805221139365 11.600000000000023
    endloop
  endfacet
  facet normal -0.9992290362407229 -0.039259815759069436 0
    outer loop
      vertex 13.75 -5.5 0
      vertex 13.75 -5.5 11.600000000000023
      vertex 13.741522667766102 -5.2842374867484265 11.600000000000023
    endloop
  endfacet
  facet normal -0.9992290362407229 0.039259815759069436 0
    outer loop
      vertex 13.741522667766102 -5.7157625132515735 0
      vertex 13.741522667766102 -5.7157625132515735 11.600000000000023
      vertex 13.75 -5.5 11.600000000000023
    endloop
  endfacet
  facet normal -0.9930684569549265 0.11753739745783473 0
    outer loop
      vertex 13.71614293663663 -5.930194778860635 0
      vertex 13.71614293663663 -5.930194778860635 11.600000000000023
      vertex 13.741522667766102 -5.7157625132515735 11.600000000000023
    endloop
  endfacet
  facet normal -0.980785280403231 0.19509032201612572 0
    outer loop
      vertex 13.674017281093612 -6.14197475060374 0
      vertex 13.674017281093612 -6.14197475060374 11.600000000000023
      vertex 13.71614293663663 -5.930194778860635 11.600000000000023
    endloop
  endfacet
  facet normal -0.9624552364536464 0.2714404498650776 0
    outer loop
      vertex 13.615405419811673 -6.349796734531106 0
      vertex 13.615405419811673 -6.349796734531106 11.600000000000023
      vertex 13.674017281093612 -6.14197475060374 11.600000000000023
    endloop
  endfacet
  facet normal -0.8724960070727961 0.4886212414969569 0
    outer loop
      vertex 13.344760451973753 -6.9368710529688595 0
      vertex 13.344760451973753 -6.9368710529688595 11.600000000000023
      vertex 13.450267941518012 -6.748473874283754 11.600000000000023
    endloop
  endfacet
  facet normal -0.9381913359224835 0.3461170570774946 0
    outer loop
      vertex 13.540668714406038 -6.552379439003997 0
      vertex 13.540668714406038 -6.552379439003997 11.600000000000023
      vertex 13.615405419811673 -6.349796734531106 11.600000000000023
    endloop
  endfacet
  facet normal -0.9081431738250824 0.4186597375374257 0
    outer loop
      vertex 13.450267941518012 -6.748473874283754 0
      vertex 13.450267941518012 -6.748473874283754 11.600000000000023
      vertex 13.540668714406038 -6.552379439003997 11.600000000000023
    endloop
  endfacet
  facet normal -0.785316930880744 0.6190939493098353 0
    outer loop
      vertex 13.091116405400085 -7.285982132908005 0
      vertex 13.091116405400085 -7.285982132908005 11.600000000000023
      vertex 13.224796734531106 -7.116409443804301 11.600000000000023
    endloop
  endfacet
  facet normal -0.8314696123025457 0.5555702330196018 0
    outer loop
      vertex 13.224796734531106 -7.116409443804301 0
      vertex 13.224796734531106 -7.116409443804301 11.600000000000023
      vertex 13.344760451973753 -6.9368710529688595 11.600000000000023
    endloop
  endfacet
  facet normal 0.34611705707749596 -0.938191335922483 0
    outer loop
      vertex 9.947620560996004 -21.95933128559396 0
      vertex 10.150203265468894 -21.884594580188327 0
      vertex 9.947620560996004 -21.95933128559396 11.600000000000023
    endloop
  endfacet
  facet normal 0.2714404498650776 -0.9624552364536464 0
    outer loop
      vertex 10.150203265468894 -21.884594580188327 0
      vertex 10.35802524939626 -21.82598271890639 0
      vertex 10.150203265468894 -21.884594580188327 11.600000000000023
    endloop
  endfacet
  facet normal 0.19509032201612572 -0.980785280403231 0
    outer loop
      vertex 10.35802524939626 -21.82598271890639 0
      vertex 10.569805221139365 -21.78385706336337 0
      vertex 10.35802524939626 -21.82598271890639 11.600000000000023
    endloop
  endfacet
  facet normal 0.11753739745783523 -0.9930684569549267 0
    outer loop
      vertex 10.569805221139365 -21.78385706336337 0
      vertex 10.784237486748426 -21.7584773322339 0
      vertex 10.569805221139365 -21.78385706336337 11.600000000000023
    endloop
  endfacet
  facet normal 0.03925981575906927 -0.9992290362407229 0
    outer loop
      vertex 10.784237486748426 -21.7584773322339 0
      vertex 11 -21.75 0
      vertex 10.784237486748426 -21.7584773322339 11.600000000000023
    endloop
  endfacet
  facet normal -0.03925981575906927 -0.9992290362407229 0
    outer loop
      vertex 11 -21.75 0
      vertex 11.215762513251574 -21.7584773322339 0
      vertex 11 -21.75 11.600000000000023
    endloop
  endfacet
  facet normal -0.11753739745783523 -0.9930684569549267 0
    outer loop
      vertex 11.215762513251574 -21.7584773322339 0
      vertex 11.430194778860635 -21.78385706336337 0
      vertex 11.215762513251574 -21.7584773322339 11.600000000000023
    endloop
  endfacet
  facet normal -0.19509032201612572 -0.980785280403231 0
    outer loop
      vertex 11.430194778860635 -21.78385706336337 0
      vertex 11.64197475060374 -21.82598271890639 0
      vertex 11.430194778860635 -21.78385706336337 11.600000000000023
    endloop
  endfacet
  facet normal -0.2714404498650776 -0.9624552364536464 0
    outer loop
      vertex 11.64197475060374 -21.82598271890639 0
      vertex 11.849796734531106 -21.884594580188327 0
      vertex 11.64197475060374 -21.82598271890639 11.600000000000023
    endloop
  endfacet
  facet normal -0.34611705707749596 -0.938191335922483 0
    outer loop
      vertex 11.849796734531106 -21.884594580188327 0
      vertex 12.052379439003996 -21.95933128559396 0
      vertex 11.849796734531106 -21.884594580188327 11.600000000000023
    endloop
  endfacet
  facet normal -0.41865973753743096 -0.90814317382508 0
    outer loop
      vertex 12.052379439003996 -21.95933128559396 0
      vertex 12.248473874283754 -22.04973205848199 0
      vertex 12.052379439003996 -21.95933128559396 11.600000000000023
    endloop
  endfacet
  facet normal 0.7853169308807408 -0.6190939493098393 0
    outer loop
      vertex 8.908883594599915 -22.714017867091997 0
      vertex 8.775203265468894 -22.8835905561957 11.600000000000023
      vertex 8.775203265468894 -22.8835905561957 0
    endloop
  endfacet
  facet normal 0.831469612302548 -0.555570233019598 0
    outer loop
      vertex 8.775203265468894 -22.8835905561957 0
      vertex 8.655239548026247 -23.063128947031142 11.600000000000023
      vertex 8.655239548026247 -23.063128947031142 0
    endloop
  endfacet
  facet normal 0.8724960070727941 -0.48862124149696035 0
    outer loop
      vertex 8.655239548026247 -23.063128947031142 0
      vertex 8.549732058481988 -23.251526125716246 11.600000000000023
      vertex 8.549732058481988 -23.251526125716246 0
    endloop
  endfacet
  facet normal 0.6788007455329423 -0.734322509435685 0
    outer loop
      vertex 9.055456351736995 -22.555456351736993 0
      vertex 9.214017867091995 -22.408883594599914 0
      vertex 9.055456351736995 -22.555456351736993 11.600000000000023
    endloop
  endfacet
  facet normal 0.6190939493098252 -0.7853169308807519 0
    outer loop
      vertex 9.214017867091995 -22.408883594599914 0
      vertex 9.3835905561957 -22.275203265468896 0
      vertex 9.214017867091995 -22.408883594599914 11.600000000000023
    endloop
  endfacet
  facet normal 0.5555702330196132 -0.831469612302538 0
    outer loop
      vertex 9.3835905561957 -22.275203265468896 0
      vertex 9.56312894703114 -22.155239548026245 0
      vertex 9.3835905561957 -22.275203265468896 11.600000000000023
    endloop
  endfacet
  facet normal 0.4886212414969444 -0.8724960070728032 0
    outer loop
      vertex 9.56312894703114 -22.155239548026245 0
      vertex 9.751526125716246 -22.04973205848199 0
      vertex 9.56312894703114 -22.155239548026245 11.600000000000023
    endloop
  endfacet
  facet normal 0.7343225094356927 -0.6788007455329341 0
    outer loop
      vertex 8.908883594599915 -22.714017867091997 0
      vertex 9.055456351736995 -22.555456351736993 0
      vertex 8.908883594599915 -22.714017867091997 11.600000000000023
    endloop
  endfacet
  facet normal 0.908143173825083 -0.41865973753742414 0
    outer loop
      vertex 8.459331285593962 -23.447620560996004 0
      vertex 8.549732058481988 -23.251526125716246 0
      vertex 8.459331285593962 -23.447620560996004 11.600000000000023
    endloop
  endfacet
  facet normal 0.938191335922484 -0.3461170570774933 0
    outer loop
      vertex 8.459331285593962 -23.447620560996004 0
      vertex 8.384594580188327 -23.650203265468896 11.600000000000023
      vertex 8.384594580188327 -23.650203265468896 0
    endloop
  endfacet
  facet normal 0.9624552364536457 -0.27144044986507976 0
    outer loop
      vertex 8.325982718906388 -23.85802524939626 0
      vertex 8.384594580188327 -23.650203265468896 0
      vertex 8.325982718906388 -23.85802524939626 11.600000000000023
    endloop
  endfacet
  facet normal 0.980785280403231 -0.19509032201612572 0
    outer loop
      vertex 8.325982718906388 -23.85802524939626 0
      vertex 8.28385706336337 -24.069805221139365 11.600000000000023
      vertex 8.28385706336337 -24.069805221139365 0
    endloop
  endfacet
  facet normal 0.9930684569549267 -0.11753739745783427 0
    outer loop
      vertex 8.28385706336337 -24.069805221139365 0
      vertex 8.258477332233898 -24.284237486748427 11.600000000000023
      vertex 8.258477332233898 -24.284237486748427 0
    endloop
  endfacet
  facet normal 0.9992290362407229 -0.039259815759069595 0
    outer loop
      vertex 8.258477332233898 -24.284237486748427 0
      vertex 8.25 -24.5 11.600000000000023
      vertex 8.25 -24.5 0
    endloop
  endfacet
  facet normal 0.9992290362407229 0.039259815759069595 0
    outer loop
      vertex 8.25 -24.5 0
      vertex 8.258477332233898 -24.715762513251573 11.600000000000023
      vertex 8.258477332233898 -24.715762513251573 0
    endloop
  endfacet
  facet normal 0.9930684569549267 0.11753739745783427 0
    outer loop
      vertex 8.258477332233898 -24.715762513251573 0
      vertex 8.28385706336337 -24.930194778860635 11.600000000000023
      vertex 8.28385706336337 -24.930194778860635 0
    endloop
  endfacet
  facet normal 0.980785280403231 0.19509032201612572 0
    outer loop
      vertex 8.28385706336337 -24.930194778860635 0
      vertex 8.325982718906388 -25.14197475060374 11.600000000000023
      vertex 8.325982718906388 -25.14197475060374 0
    endloop
  endfacet
  facet normal 0.9624552364536457 0.27144044986507976 0
    outer loop
      vertex 8.325982718906388 -25.14197475060374 0
      vertex 8.384594580188327 -25.349796734531104 11.600000000000023
      vertex 8.384594580188327 -25.349796734531104 0
    endloop
  endfacet
  facet normal 0.938191335922484 0.3461170570774933 0
    outer loop
      vertex 8.384594580188327 -25.349796734531104 0
      vertex 8.459331285593962 -25.552379439003996 11.600000000000023
      vertex 8.459331285593962 -25.552379439003996 0
    endloop
  endfacet
  facet normal 0.908143173825083 0.41865973753742414 0
    outer loop
      vertex 8.459331285593962 -25.552379439003996 0
      vertex 8.549732058481988 -25.748473874283754 11.600000000000023
      vertex 8.549732058481988 -25.748473874283754 0
    endloop
  endfacet
  facet normal 0.8724960070727941 0.48862124149696035 0
    outer loop
      vertex 8.549732058481988 -25.748473874283754 0
      vertex 8.655239548026247 -25.936871052968858 11.600000000000023
      vertex 8.655239548026247 -25.936871052968858 0
    endloop
  endfacet
  facet normal 0.831469612302548 0.555570233019598 0
    outer loop
      vertex 8.655239548026247 -25.936871052968858 0
      vertex 8.775203265468894 -26.1164094438043 11.600000000000023
      vertex 8.775203265468894 -26.1164094438043 0
    endloop
  endfacet
  facet normal 0.7853169308807408 0.6190939493098393 0
    outer loop
      vertex 8.775203265468894 -26.1164094438043 0
      vertex 8.908883594599915 -26.285982132908003 11.600000000000023
      vertex 8.908883594599915 -26.285982132908003 0
    endloop
  endfacet
  facet normal 0.7343225094356927 0.6788007455329341 0
    outer loop
      vertex 8.908883594599915 -26.285982132908003 0
      vertex 9.055456351736995 -26.444543648263007 11.600000000000023
      vertex 9.055456351736995 -26.444543648263007 0
    endloop
  endfacet
  facet normal 0.6788007455329423 0.734322509435685 0
    outer loop
      vertex 9.055456351736995 -26.444543648263007 0
      vertex 9.214017867091995 -26.591116405400086 11.600000000000023
      vertex 9.214017867091995 -26.591116405400086 0
    endloop
  endfacet
  facet normal 0.6190939493098252 0.7853169308807519 0
    outer loop
      vertex 9.214017867091995 -26.591116405400086 0
      vertex 9.3835905561957 -26.724796734531104 11.600000000000023
      vertex 9.3835905561957 -26.724796734531104 0
    endloop
  endfacet
  facet normal 0.5555702330196132 0.831469612302538 0
    outer loop
      vertex 9.3835905561957 -26.724796734531104 0
      vertex 9.56312894703114 -26.844760451973755 11.600000000000023
      vertex 9.56312894703114 -26.844760451973755 0
    endloop
  endfacet
  facet normal 0.4886212414969444 0.8724960070728032 0
    outer loop
      vertex 9.56312894703114 -26.844760451973755 0
      vertex 9.751526125716246 -26.95026794151801 11.600000000000023
      vertex 9.751526125716246 -26.95026794151801 0
    endloop
  endfacet
  facet normal 0.41865973753743096 -0.90814317382508 0
    outer loop
      vertex 9.947620560996004 -21.95933128559396 0
      vertex 9.751526125716246 -22.04973205848199 11.600000000000023
      vertex 9.751526125716246 -22.04973205848199 0
    endloop
  endfacet
  facet normal -0.4886212414969444 -0.8724960070728032 0
    outer loop
      vertex 12.248473874283754 -22.04973205848199 0
      vertex 12.43687105296886 -22.155239548026245 0
      vertex 12.248473874283754 -22.04973205848199 11.600000000000023
    endloop
  endfacet
  facet normal -0.5555702330196132 -0.831469612302538 0
    outer loop
      vertex 12.43687105296886 -22.155239548026245 0
      vertex 12.6164094438043 -22.275203265468896 0
      vertex 12.43687105296886 -22.155239548026245 11.600000000000023
    endloop
  endfacet
  facet normal -0.6190939493098252 -0.7853169308807519 0
    outer loop
      vertex 12.6164094438043 -22.275203265468896 0
      vertex 12.785982132908005 -22.408883594599914 0
      vertex 12.6164094438043 -22.275203265468896 11.600000000000023
    endloop
  endfacet
  facet normal -0.6788007455329423 -0.734322509435685 0
    outer loop
      vertex 12.785982132908005 -22.408883594599914 0
      vertex 12.944543648263005 -22.555456351736993 0
      vertex 12.785982132908005 -22.408883594599914 11.600000000000023
    endloop
  endfacet
  facet normal -0.7343225094356927 -0.6788007455329341 0
    outer loop
      vertex 12.944543648263005 -22.555456351736993 0
      vertex 13.091116405400085 -22.714017867091997 0
      vertex 12.944543648263005 -22.555456351736993 11.600000000000023
    endloop
  endfacet
  facet normal -0.41865973753743096 0.90814317382508 0
    outer loop
      vertex 12.248473874283754 -26.95026794151801 0
      vertex 12.052379439003996 -27.04066871440604 0
      vertex 12.248473874283754 -26.95026794151801 11.600000000000023
    endloop
  endfacet
  facet normal -0.4886212414969444 0.8724960070728032 0
    outer loop
      vertex 12.248473874283754 -26.95026794151801 0
      vertex 12.43687105296886 -26.844760451973755 11.600000000000023
      vertex 12.43687105296886 -26.844760451973755 0
    endloop
  endfacet
  facet normal -0.5555702330196132 0.831469612302538 0
    outer loop
      vertex 12.43687105296886 -26.844760451973755 0
      vertex 12.6164094438043 -26.724796734531104 11.600000000000023
      vertex 12.6164094438043 -26.724796734531104 0
    endloop
  endfacet
  facet normal -0.6190939493098252 0.7853169308807519 0
    outer loop
      vertex 12.785982132908005 -26.591116405400086 0
      vertex 12.6164094438043 -26.724796734531104 0
      vertex 12.785982132908005 -26.591116405400086 11.600000000000023
    endloop
  endfacet
  facet normal -0.6788007455329423 0.734322509435685 0
    outer loop
      vertex 12.785982132908005 -26.591116405400086 0
      vertex 12.944543648263005 -26.444543648263007 11.600000000000023
      vertex 12.944543648263005 -26.444543648263007 0
    endloop
  endfacet
  facet normal 0.41865973753743096 0.90814317382508 0
    outer loop
      vertex 9.751526125716246 -26.95026794151801 0
      vertex 9.947620560996004 -27.04066871440604 11.600000000000023
      vertex 9.947620560996004 -27.04066871440604 0
    endloop
  endfacet
  facet normal 0.34611705707749596 0.938191335922483 0
    outer loop
      vertex 9.947620560996004 -27.04066871440604 0
      vertex 10.150203265468894 -27.115405419811673 11.600000000000023
      vertex 10.150203265468894 -27.115405419811673 0
    endloop
  endfacet
  facet normal 0.2714404498650776 0.9624552364536464 0
    outer loop
      vertex 10.150203265468894 -27.115405419811673 0
      vertex 10.35802524939626 -27.17401728109361 11.600000000000023
      vertex 10.35802524939626 -27.17401728109361 0
    endloop
  endfacet
  facet normal 0.19509032201612572 0.980785280403231 0
    outer loop
      vertex 10.35802524939626 -27.17401728109361 0
      vertex 10.569805221139365 -27.21614293663663 11.600000000000023
      vertex 10.569805221139365 -27.21614293663663 0
    endloop
  endfacet
  facet normal 0.11753739745783523 0.9930684569549267 0
    outer loop
      vertex 10.569805221139365 -27.21614293663663 0
      vertex 10.784237486748426 -27.2415226677661 11.600000000000023
      vertex 10.784237486748426 -27.2415226677661 0
    endloop
  endfacet
  facet normal 0.03925981575906927 0.9992290362407229 0
    outer loop
      vertex 10.784237486748426 -27.2415226677661 0
      vertex 11 -27.25 11.600000000000023
      vertex 11 -27.25 0
    endloop
  endfacet
  facet normal -0.03925981575906927 0.9992290362407229 0
    outer loop
      vertex 11 -27.25 0
      vertex 11.215762513251574 -27.2415226677661 11.600000000000023
      vertex 11.215762513251574 -27.2415226677661 0
    endloop
  endfacet
  facet normal -0.11753739745783523 0.9930684569549267 0
    outer loop
      vertex 11.215762513251574 -27.2415226677661 0
      vertex 11.430194778860635 -27.21614293663663 11.600000000000023
      vertex 11.430194778860635 -27.21614293663663 0
    endloop
  endfacet
  facet normal -0.19509032201612572 0.980785280403231 0
    outer loop
      vertex 11.430194778860635 -27.21614293663663 0
      vertex 11.64197475060374 -27.17401728109361 11.600000000000023
      vertex 11.64197475060374 -27.17401728109361 0
    endloop
  endfacet
  facet normal -0.2714404498650776 0.9624552364536464 0
    outer loop
      vertex 11.64197475060374 -27.17401728109361 0
      vertex 11.849796734531106 -27.115405419811673 11.600000000000023
      vertex 11.849796734531106 -27.115405419811673 0
    endloop
  endfacet
  facet normal -0.34611705707749596 0.938191335922483 0
    outer loop
      vertex 11.849796734531106 -27.115405419811673 0
      vertex 12.052379439003996 -27.04066871440604 11.600000000000023
      vertex 12.052379439003996 -27.04066871440604 0
    endloop
  endfacet
  facet normal -0.7853169308807408 -0.6190939493098393 0
    outer loop
      vertex 13.091116405400085 -22.714017867091997 0
      vertex 13.224796734531106 -22.8835905561957 0
      vertex 13.091116405400085 -22.714017867091997 11.600000000000023
    endloop
  endfacet
  facet normal -0.831469612302548 -0.555570233019598 0
    outer loop
      vertex 13.224796734531106 -22.8835905561957 0
      vertex 13.344760451973753 -23.063128947031142 0
      vertex 13.224796734531106 -22.8835905561957 11.600000000000023
    endloop
  endfacet
  facet normal -0.8724960070727941 -0.48862124149696035 0
    outer loop
      vertex 13.344760451973753 -23.063128947031142 0
      vertex 13.450267941518012 -23.251526125716246 0
      vertex 13.344760451973753 -23.063128947031142 11.600000000000023
    endloop
  endfacet
  facet normal -0.908143173825083 -0.41865973753742414 0
    outer loop
      vertex 13.450267941518012 -23.251526125716246 0
      vertex 13.540668714406038 -23.447620560996004 0
      vertex 13.450267941518012 -23.251526125716246 11.600000000000023
    endloop
  endfacet
  facet normal -0.938191335922484 -0.3461170570774933 0
    outer loop
      vertex 13.540668714406038 -23.447620560996004 0
      vertex 13.615405419811673 -23.650203265468896 0
      vertex 13.540668714406038 -23.447620560996004 11.600000000000023
    endloop
  endfacet
  facet normal -0.9624552364536457 -0.27144044986507976 0
    outer loop
      vertex 13.615405419811673 -23.650203265468896 0
      vertex 13.674017281093612 -23.85802524939626 0
      vertex 13.615405419811673 -23.650203265468896 11.600000000000023
    endloop
  endfacet
  facet normal -0.980785280403231 -0.19509032201612572 0
    outer loop
      vertex 13.674017281093612 -23.85802524939626 0
      vertex 13.71614293663663 -24.069805221139365 0
      vertex 13.674017281093612 -23.85802524939626 11.600000000000023
    endloop
  endfacet
  facet normal -0.9930684569549267 -0.11753739745783427 0
    outer loop
      vertex 13.71614293663663 -24.069805221139365 0
      vertex 13.741522667766102 -24.284237486748427 0
      vertex 13.71614293663663 -24.069805221139365 11.600000000000023
    endloop
  endfacet
  facet normal -0.9992290362407229 -0.039259815759069595 0
    outer loop
      vertex 13.741522667766102 -24.284237486748427 0
      vertex 13.75 -24.5 0
      vertex 13.741522667766102 -24.284237486748427 11.600000000000023
    endloop
  endfacet
  facet normal -0.9992290362407229 0.039259815759069595 0
    outer loop
      vertex 13.75 -24.5 0
      vertex 13.741522667766102 -24.715762513251573 0
      vertex 13.75 -24.5 11.600000000000023
    endloop
  endfacet
  facet normal -0.9930684569549267 0.11753739745783427 0
    outer loop
      vertex 13.741522667766102 -24.715762513251573 0
      vertex 13.71614293663663 -24.930194778860635 0
      vertex 13.741522667766102 -24.715762513251573 11.600000000000023
    endloop
  endfacet
  facet normal -0.980785280403231 0.19509032201612572 0
    outer loop
      vertex 13.71614293663663 -24.930194778860635 0
      vertex 13.674017281093612 -25.14197475060374 0
      vertex 13.71614293663663 -24.930194778860635 11.600000000000023
    endloop
  endfacet
  facet normal -0.938191335922484 0.3461170570774933 0
    outer loop
      vertex 13.615405419811673 -25.349796734531104 0
      vertex 13.540668714406038 -25.552379439003996 0
      vertex 13.615405419811673 -25.349796734531104 11.600000000000023
    endloop
  endfacet
  facet normal -0.9624552364536457 0.27144044986507976 0
    outer loop
      vertex 13.674017281093612 -25.14197475060374 0
      vertex 13.615405419811673 -25.349796734531104 0
      vertex 13.674017281093612 -25.14197475060374 11.600000000000023
    endloop
  endfacet
  facet normal -0.908143173825083 0.41865973753742414 0
    outer loop
      vertex 13.540668714406038 -25.552379439003996 0
      vertex 13.450267941518012 -25.748473874283754 0
      vertex 13.540668714406038 -25.552379439003996 11.600000000000023
    endloop
  endfacet
  facet normal -0.831469612302548 0.555570233019598 0
    outer loop
      vertex 13.344760451973753 -25.936871052968858 0
      vertex 13.224796734531106 -26.1164094438043 0
      vertex 13.344760451973753 -25.936871052968858 11.600000000000023
    endloop
  endfacet
  facet normal -0.7853169308807408 0.6190939493098393 0
    outer loop
      vertex 13.091116405400085 -26.285982132908003 0
      vertex 13.224796734531106 -26.1164094438043 11.600000000000023
      vertex 13.224796734531106 -26.1164094438043 0
    endloop
  endfacet
  facet normal -0.7343225094356927 0.6788007455329341 0
    outer loop
      vertex 12.944543648263005 -26.444543648263007 0
      vertex 13.091116405400085 -26.285982132908003 11.600000000000023
      vertex 13.091116405400085 -26.285982132908003 0
    endloop
  endfacet
  facet normal -0.8724960070727941 0.48862124149696035 0
    outer loop
      vertex 13.450267941518012 -25.748473874283754 0
      vertex 13.344760451973753 -25.936871052968858 0
      vertex 13.450267941518012 -25.748473874283754 11.600000000000023
    endloop
  endfacet
  facet normal 0.41865973753743096 -0.90814317382508 0
    outer loop
      vertex 9.947620560996004 -21.95933128559396 0
      vertex 9.947620560996004 -21.95933128559396 11.600000000000023
      vertex 9.751526125716246 -22.04973205848199 11.600000000000023
    endloop
  endfacet
  facet normal 0.34611705707749596 -0.938191335922483 0
    outer loop
      vertex 10.150203265468894 -21.884594580188327 0
      vertex 10.150203265468894 -21.884594580188327 11.600000000000023
      vertex 9.947620560996004 -21.95933128559396 11.600000000000023
    endloop
  endfacet
  facet normal 0.2714404498650776 -0.9624552364536464 0
    outer loop
      vertex 10.35802524939626 -21.82598271890639 0
      vertex 10.35802524939626 -21.82598271890639 11.600000000000023
      vertex 10.150203265468894 -21.884594580188327 11.600000000000023
    endloop
  endfacet
  facet normal 0.19509032201612572 -0.980785280403231 0
    outer loop
      vertex 10.569805221139365 -21.78385706336337 0
      vertex 10.569805221139365 -21.78385706336337 11.600000000000023
      vertex 10.35802524939626 -21.82598271890639 11.600000000000023
    endloop
  endfacet
  facet normal 0.11753739745783523 -0.9930684569549267 0
    outer loop
      vertex 10.784237486748426 -21.7584773322339 0
      vertex 10.784237486748426 -21.7584773322339 11.600000000000023
      vertex 10.569805221139365 -21.78385706336337 11.600000000000023
    endloop
  endfacet
  facet normal 0.03925981575906927 -0.9992290362407229 0
    outer loop
      vertex 11 -21.75 0
      vertex 11 -21.75 11.600000000000023
      vertex 10.784237486748426 -21.7584773322339 11.600000000000023
    endloop
  endfacet
  facet normal -0.03925981575906927 -0.9992290362407229 0
    outer loop
      vertex 11.215762513251574 -21.7584773322339 0
      vertex 11.215762513251574 -21.7584773322339 11.600000000000023
      vertex 11 -21.75 11.600000000000023
    endloop
  endfacet
  facet normal -0.11753739745783523 -0.9930684569549267 0
    outer loop
      vertex 11.430194778860635 -21.78385706336337 0
      vertex 11.430194778860635 -21.78385706336337 11.600000000000023
      vertex 11.215762513251574 -21.7584773322339 11.600000000000023
    endloop
  endfacet
  facet normal -0.19509032201612572 -0.980785280403231 0
    outer loop
      vertex 11.64197475060374 -21.82598271890639 0
      vertex 11.64197475060374 -21.82598271890639 11.600000000000023
      vertex 11.430194778860635 -21.78385706336337 11.600000000000023
    endloop
  endfacet
  facet normal -0.2714404498650776 -0.9624552364536464 0
    outer loop
      vertex 11.849796734531106 -21.884594580188327 0
      vertex 11.849796734531106 -21.884594580188327 11.600000000000023
      vertex 11.64197475060374 -21.82598271890639 11.600000000000023
    endloop
  endfacet
  facet normal -0.34611705707749596 -0.938191335922483 0
    outer loop
      vertex 12.052379439003996 -21.95933128559396 0
      vertex 12.052379439003996 -21.95933128559396 11.600000000000023
      vertex 11.849796734531106 -21.884594580188327 11.600000000000023
    endloop
  endfacet
  facet normal 0.7853169308807408 -0.6190939493098393 0
    outer loop
      vertex 8.908883594599915 -22.714017867091997 0
      vertex 8.908883594599915 -22.714017867091997 11.600000000000023
      vertex 8.775203265468894 -22.8835905561957 11.600000000000023
    endloop
  endfacet
  facet normal 0.8724960070727941 -0.48862124149696035 0
    outer loop
      vertex 8.655239548026247 -23.063128947031142 0
      vertex 8.655239548026247 -23.063128947031142 11.600000000000023
      vertex 8.549732058481988 -23.251526125716246 11.600000000000023
    endloop
  endfacet
  facet normal 0.831469612302548 -0.555570233019598 0
    outer loop
      vertex 8.775203265468894 -22.8835905561957 0
      vertex 8.775203265468894 -22.8835905561957 11.600000000000023
      vertex 8.655239548026247 -23.063128947031142 11.600000000000023
    endloop
  endfacet
  facet normal 0.7343225094356927 -0.6788007455329341 0
    outer loop
      vertex 9.055456351736995 -22.555456351736993 0
      vertex 9.055456351736995 -22.555456351736993 11.600000000000023
      vertex 8.908883594599915 -22.714017867091997 11.600000000000023
    endloop
  endfacet
  facet normal 0.6788007455329423 -0.734322509435685 0
    outer loop
      vertex 9.214017867091995 -22.408883594599914 0
      vertex 9.214017867091995 -22.408883594599914 11.600000000000023
      vertex 9.055456351736995 -22.555456351736993 11.600000000000023
    endloop
  endfacet
  facet normal 0.6190939493098252 -0.7853169308807519 0
    outer loop
      vertex 9.3835905561957 -22.275203265468896 0
      vertex 9.3835905561957 -22.275203265468896 11.600000000000023
      vertex 9.214017867091995 -22.408883594599914 11.600000000000023
    endloop
  endfacet
  facet normal 0.5555702330196132 -0.831469612302538 0
    outer loop
      vertex 9.56312894703114 -22.155239548026245 0
      vertex 9.56312894703114 -22.155239548026245 11.600000000000023
      vertex 9.3835905561957 -22.275203265468896 11.600000000000023
    endloop
  endfacet
  facet normal 0.4886212414969444 -0.8724960070728032 0
    outer loop
      vertex 9.751526125716246 -22.04973205848199 0
      vertex 9.751526125716246 -22.04973205848199 11.600000000000023
      vertex 9.56312894703114 -22.155239548026245 11.600000000000023
    endloop
  endfacet
  facet normal 0.908143173825083 -0.41865973753742414 0
    outer loop
      vertex 8.549732058481988 -23.251526125716246 0
      vertex 8.549732058481988 -23.251526125716246 11.600000000000023
      vertex 8.459331285593962 -23.447620560996004 11.600000000000023
    endloop
  endfacet
  facet normal 0.938191335922484 -0.3461170570774933 0
    outer loop
      vertex 8.459331285593962 -23.447620560996004 0
      vertex 8.459331285593962 -23.447620560996004 11.600000000000023
      vertex 8.384594580188327 -23.650203265468896 11.600000000000023
    endloop
  endfacet
  facet normal 0.9624552364536457 -0.27144044986507976 0
    outer loop
      vertex 8.384594580188327 -23.650203265468896 0
      vertex 8.384594580188327 -23.650203265468896 11.600000000000023
      vertex 8.325982718906388 -23.85802524939626 11.600000000000023
    endloop
  endfacet
  facet normal 0.980785280403231 -0.19509032201612572 0
    outer loop
      vertex 8.325982718906388 -23.85802524939626 0
      vertex 8.325982718906388 -23.85802524939626 11.600000000000023
      vertex 8.28385706336337 -24.069805221139365 11.600000000000023
    endloop
  endfacet
  facet normal 0.9930684569549267 -0.11753739745783427 0
    outer loop
      vertex 8.28385706336337 -24.069805221139365 0
      vertex 8.28385706336337 -24.069805221139365 11.600000000000023
      vertex 8.258477332233898 -24.284237486748427 11.600000000000023
    endloop
  endfacet
  facet normal 0.9992290362407229 -0.039259815759069595 0
    outer loop
      vertex 8.258477332233898 -24.284237486748427 0
      vertex 8.258477332233898 -24.284237486748427 11.600000000000023
      vertex 8.25 -24.5 11.600000000000023
    endloop
  endfacet
  facet normal 0.9992290362407229 0.039259815759069595 0
    outer loop
      vertex 8.25 -24.5 0
      vertex 8.25 -24.5 11.600000000000023
      vertex 8.258477332233898 -24.715762513251573 11.600000000000023
    endloop
  endfacet
  facet normal 0.9930684569549267 0.11753739745783427 0
    outer loop
      vertex 8.258477332233898 -24.715762513251573 0
      vertex 8.258477332233898 -24.715762513251573 11.600000000000023
      vertex 8.28385706336337 -24.930194778860635 11.600000000000023
    endloop
  endfacet
  facet normal 0.980785280403231 0.19509032201612572 0
    outer loop
      vertex 8.28385706336337 -24.930194778860635 0
      vertex 8.28385706336337 -24.930194778860635 11.600000000000023
      vertex 8.325982718906388 -25.14197475060374 11.600000000000023
    endloop
  endfacet
  facet normal 0.9624552364536457 0.27144044986507976 0
    outer loop
      vertex 8.325982718906388 -25.14197475060374 0
      vertex 8.325982718906388 -25.14197475060374 11.600000000000023
      vertex 8.384594580188327 -25.349796734531104 11.600000000000023
    endloop
  endfacet
  facet normal 0.938191335922484 0.3461170570774933 0
    outer loop
      vertex 8.384594580188327 -25.349796734531104 0
      vertex 8.384594580188327 -25.349796734531104 11.600000000000023
      vertex 8.459331285593962 -25.552379439003996 11.600000000000023
    endloop
  endfacet
  facet normal 0.908143173825083 0.41865973753742414 0
    outer loop
      vertex 8.459331285593962 -25.552379439003996 0
      vertex 8.459331285593962 -25.552379439003996 11.600000000000023
      vertex 8.549732058481988 -25.748473874283754 11.600000000000023
    endloop
  endfacet
  facet normal 0.8724960070727941 0.48862124149696035 0
    outer loop
      vertex 8.549732058481988 -25.748473874283754 0
      vertex 8.549732058481988 -25.748473874283754 11.600000000000023
      vertex 8.655239548026247 -25.936871052968858 11.600000000000023
    endloop
  endfacet
  facet normal 0.831469612302548 0.555570233019598 0
    outer loop
      vertex 8.655239548026247 -25.936871052968858 0
      vertex 8.655239548026247 -25.936871052968858 11.600000000000023
      vertex 8.775203265468894 -26.1164094438043 11.600000000000023
    endloop
  endfacet
  facet normal 0.7853169308807408 0.6190939493098393 0
    outer loop
      vertex 8.775203265468894 -26.1164094438043 0
      vertex 8.775203265468894 -26.1164094438043 11.600000000000023
      vertex 8.908883594599915 -26.285982132908003 11.600000000000023
    endloop
  endfacet
  facet normal 0.7343225094356927 0.6788007455329341 0
    outer loop
      vertex 8.908883594599915 -26.285982132908003 0
      vertex 8.908883594599915 -26.285982132908003 11.600000000000023
      vertex 9.055456351736995 -26.444543648263007 11.600000000000023
    endloop
  endfacet
  facet normal 0.6788007455329423 0.734322509435685 0
    outer loop
      vertex 9.055456351736995 -26.444543648263007 0
      vertex 9.055456351736995 -26.444543648263007 11.600000000000023
      vertex 9.214017867091995 -26.591116405400086 11.600000000000023
    endloop
  endfacet
  facet normal 0.6190939493098252 0.7853169308807519 0
    outer loop
      vertex 9.214017867091995 -26.591116405400086 0
      vertex 9.214017867091995 -26.591116405400086 11.600000000000023
      vertex 9.3835905561957 -26.724796734531104 11.600000000000023
    endloop
  endfacet
  facet normal 0.5555702330196132 0.831469612302538 0
    outer loop
      vertex 9.3835905561957 -26.724796734531104 0
      vertex 9.3835905561957 -26.724796734531104 11.600000000000023
      vertex 9.56312894703114 -26.844760451973755 11.600000000000023
    endloop
  endfacet
  facet normal 0.4886212414969444 0.8724960070728032 0
    outer loop
      vertex 9.56312894703114 -26.844760451973755 0
      vertex 9.56312894703114 -26.844760451973755 11.600000000000023
      vertex 9.751526125716246 -26.95026794151801 11.600000000000023
    endloop
  endfacet
  facet normal -0.41865973753743096 -0.90814317382508 0
    outer loop
      vertex 12.248473874283754 -22.04973205848199 0
      vertex 12.248473874283754 -22.04973205848199 11.600000000000023
      vertex 12.052379439003996 -21.95933128559396 11.600000000000023
    endloop
  endfacet
  facet normal -0.4886212414969444 -0.8724960070728032 0
    outer loop
      vertex 12.43687105296886 -22.155239548026245 0
      vertex 12.43687105296886 -22.155239548026245 11.600000000000023
      vertex 12.248473874283754 -22.04973205848199 11.600000000000023
    endloop
  endfacet
  facet normal -0.5555702330196132 -0.831469612302538 0
    outer loop
      vertex 12.6164094438043 -22.275203265468896 0
      vertex 12.6164094438043 -22.275203265468896 11.600000000000023
      vertex 12.43687105296886 -22.155239548026245 11.600000000000023
    endloop
  endfacet
  facet normal -0.6190939493098252 -0.7853169308807519 0
    outer loop
      vertex 12.785982132908005 -22.408883594599914 0
      vertex 12.785982132908005 -22.408883594599914 11.600000000000023
      vertex 12.6164094438043 -22.275203265468896 11.600000000000023
    endloop
  endfacet
  facet normal -0.6788007455329423 -0.734322509435685 0
    outer loop
      vertex 12.944543648263005 -22.555456351736993 0
      vertex 12.944543648263005 -22.555456351736993 11.600000000000023
      vertex 12.785982132908005 -22.408883594599914 11.600000000000023
    endloop
  endfacet
  facet normal 0.41865973753743096 0.90814317382508 0
    outer loop
      vertex 9.751526125716246 -26.95026794151801 0
      vertex 9.751526125716246 -26.95026794151801 11.600000000000023
      vertex 9.947620560996004 -27.04066871440604 11.600000000000023
    endloop
  endfacet
  facet normal -0.4886212414969444 0.8724960070728032 0
    outer loop
      vertex 12.248473874283754 -26.95026794151801 0
      vertex 12.248473874283754 -26.95026794151801 11.600000000000023
      vertex 12.43687105296886 -26.844760451973755 11.600000000000023
    endloop
  endfacet
  facet normal -0.5555702330196132 0.831469612302538 0
    outer loop
      vertex 12.43687105296886 -26.844760451973755 0
      vertex 12.43687105296886 -26.844760451973755 11.600000000000023
      vertex 12.6164094438043 -26.724796734531104 11.600000000000023
    endloop
  endfacet
  facet normal -0.6190939493098252 0.7853169308807519 0
    outer loop
      vertex 12.6164094438043 -26.724796734531104 0
      vertex 12.6164094438043 -26.724796734531104 11.600000000000023
      vertex 12.785982132908005 -26.591116405400086 11.600000000000023
    endloop
  endfacet
  facet normal -0.7343225094356927 0.6788007455329341 0
    outer loop
      vertex 12.944543648263005 -26.444543648263007 0
      vertex 12.944543648263005 -26.444543648263007 11.600000000000023
      vertex 13.091116405400085 -26.285982132908003 11.600000000000023
    endloop
  endfacet
  facet normal -0.6788007455329423 0.734322509435685 0
    outer loop
      vertex 12.785982132908005 -26.591116405400086 0
      vertex 12.785982132908005 -26.591116405400086 11.600000000000023
      vertex 12.944543648263005 -26.444543648263007 11.600000000000023
    endloop
  endfacet
  facet normal 0.34611705707749596 0.938191335922483 0
    outer loop
      vertex 9.947620560996004 -27.04066871440604 0
      vertex 9.947620560996004 -27.04066871440604 11.600000000000023
      vertex 10.150203265468894 -27.115405419811673 11.600000000000023
    endloop
  endfacet
  facet normal 0.2714404498650776 0.9624552364536464 0
    outer loop
      vertex 10.150203265468894 -27.115405419811673 0
      vertex 10.150203265468894 -27.115405419811673 11.600000000000023
      vertex 10.35802524939626 -27.17401728109361 11.600000000000023
    endloop
  endfacet
  facet normal 0.19509032201612572 0.980785280403231 0
    outer loop
      vertex 10.35802524939626 -27.17401728109361 0
      vertex 10.35802524939626 -27.17401728109361 11.600000000000023
      vertex 10.569805221139365 -27.21614293663663 11.600000000000023
    endloop
  endfacet
  facet normal 0.11753739745783523 0.9930684569549267 0
    outer loop
      vertex 10.569805221139365 -27.21614293663663 0
      vertex 10.569805221139365 -27.21614293663663 11.600000000000023
      vertex 10.784237486748426 -27.2415226677661 11.600000000000023
    endloop
  endfacet
  facet normal 0.03925981575906927 0.9992290362407229 0
    outer loop
      vertex 10.784237486748426 -27.2415226677661 0
      vertex 10.784237486748426 -27.2415226677661 11.600000000000023
      vertex 11 -27.25 11.600000000000023
    endloop
  endfacet
  facet normal -0.03925981575906927 0.9992290362407229 0
    outer loop
      vertex 11 -27.25 0
      vertex 11 -27.25 11.600000000000023
      vertex 11.215762513251574 -27.2415226677661 11.600000000000023
    endloop
  endfacet
  facet normal -0.11753739745783523 0.9930684569549267 0
    outer loop
      vertex 11.215762513251574 -27.2415226677661 0
      vertex 11.215762513251574 -27.2415226677661 11.600000000000023
      vertex 11.430194778860635 -27.21614293663663 11.600000000000023
    endloop
  endfacet
  facet normal -0.19509032201612572 0.980785280403231 0
    outer loop
      vertex 11.430194778860635 -27.21614293663663 0
      vertex 11.430194778860635 -27.21614293663663 11.600000000000023
      vertex 11.64197475060374 -27.17401728109361 11.600000000000023
    endloop
  endfacet
  facet normal -0.2714404498650776 0.9624552364536464 0
    outer loop
      vertex 11.64197475060374 -27.17401728109361 0
      vertex 11.64197475060374 -27.17401728109361 11.600000000000023
      vertex 11.849796734531106 -27.115405419811673 11.600000000000023
    endloop
  endfacet
  facet normal -0.34611705707749596 0.938191335922483 0
    outer loop
      vertex 11.849796734531106 -27.115405419811673 0
      vertex 11.849796734531106 -27.115405419811673 11.600000000000023
      vertex 12.052379439003996 -27.04066871440604 11.600000000000023
    endloop
  endfacet
  facet normal -0.41865973753743096 0.90814317382508 0
    outer loop
      vertex 12.052379439003996 -27.04066871440604 0
      vertex 12.052379439003996 -27.04066871440604 11.600000000000023
      vertex 12.248473874283754 -26.95026794151801 11.600000000000023
    endloop
  endfacet
  facet normal -0.7343225094356927 -0.6788007455329341 0
    outer loop
      vertex 13.091116405400085 -22.714017867091997 0
      vertex 13.091116405400085 -22.714017867091997 11.600000000000023
      vertex 12.944543648263005 -22.555456351736993 11.600000000000023
    endloop
  endfacet
  facet normal -0.7853169308807408 -0.6190939493098393 0
    outer loop
      vertex 13.224796734531106 -22.8835905561957 0
      vertex 13.224796734531106 -22.8835905561957 11.600000000000023
      vertex 13.091116405400085 -22.714017867091997 11.600000000000023
    endloop
  endfacet
  facet normal -0.831469612302548 -0.555570233019598 0
    outer loop
      vertex 13.344760451973753 -23.063128947031142 0
      vertex 13.344760451973753 -23.063128947031142 11.600000000000023
      vertex 13.224796734531106 -22.8835905561957 11.600000000000023
    endloop
  endfacet
  facet normal -0.8724960070727941 -0.48862124149696035 0
    outer loop
      vertex 13.450267941518012 -23.251526125716246 0
      vertex 13.450267941518012 -23.251526125716246 11.600000000000023
      vertex 13.344760451973753 -23.063128947031142 11.600000000000023
    endloop
  endfacet
  facet normal -0.908143173825083 -0.41865973753742414 0
    outer loop
      vertex 13.540668714406038 -23.447620560996004 0
      vertex 13.540668714406038 -23.447620560996004 11.600000000000023
      vertex 13.450267941518012 -23.251526125716246 11.600000000000023
    endloop
  endfacet
  facet normal -0.938191335922484 -0.3461170570774933 0
    outer loop
      vertex 13.615405419811673 -23.650203265468896 0
      vertex 13.615405419811673 -23.650203265468896 11.600000000000023
      vertex 13.540668714406038 -23.447620560996004 11.600000000000023
    endloop
  endfacet
  facet normal -0.9624552364536457 -0.27144044986507976 0
    outer loop
      vertex 13.674017281093612 -23.85802524939626 0
      vertex 13.674017281093612 -23.85802524939626 11.600000000000023
      vertex 13.615405419811673 -23.650203265468896 11.600000000000023
    endloop
  endfacet
  facet normal -0.980785280403231 -0.19509032201612572 0
    outer loop
      vertex 13.71614293663663 -24.069805221139365 0
      vertex 13.71614293663663 -24.069805221139365 11.600000000000023
      vertex 13.674017281093612 -23.85802524939626 11.600000000000023
    endloop
  endfacet
  facet normal -0.9930684569549267 -0.11753739745783427 0
    outer loop
      vertex 13.741522667766102 -24.284237486748427 0
      vertex 13.741522667766102 -24.284237486748427 11.600000000000023
      vertex 13.71614293663663 -24.069805221139365 11.600000000000023
    endloop
  endfacet
  facet normal -0.9992290362407229 -0.039259815759069595 0
    outer loop
      vertex 13.75 -24.5 0
      vertex 13.75 -24.5 11.600000000000023
      vertex 13.741522667766102 -24.284237486748427 11.600000000000023
    endloop
  endfacet
  facet normal -0.9992290362407229 0.039259815759069595 0
    outer loop
      vertex 13.741522667766102 -24.715762513251573 0
      vertex 13.741522667766102 -24.715762513251573 11.600000000000023
      vertex 13.75 -24.5 11.600000000000023
    endloop
  endfacet
  facet normal -0.9930684569549267 0.11753739745783427 0
    outer loop
      vertex 13.71614293663663 -24.930194778860635 0
      vertex 13.71614293663663 -24.930194778860635 11.600000000000023
      vertex 13.741522667766102 -24.715762513251573 11.600000000000023
    endloop
  endfacet
  facet normal -0.980785280403231 0.19509032201612572 0
    outer loop
      vertex 13.674017281093612 -25.14197475060374 0
      vertex 13.674017281093612 -25.14197475060374 11.600000000000023
      vertex 13.71614293663663 -24.930194778860635 11.600000000000023
    endloop
  endfacet
  facet normal -0.9624552364536457 0.27144044986507976 0
    outer loop
      vertex 13.615405419811673 -25.349796734531104 0
      vertex 13.615405419811673 -25.349796734531104 11.600000000000023
      vertex 13.674017281093612 -25.14197475060374 11.600000000000023
    endloop
  endfacet
  facet normal -0.938191335922484 0.3461170570774933 0
    outer loop
      vertex 13.540668714406038 -25.552379439003996 0
      vertex 13.540668714406038 -25.552379439003996 11.600000000000023
      vertex 13.615405419811673 -25.349796734531104 11.600000000000023
    endloop
  endfacet
  facet normal -0.908143173825083 0.41865973753742414 0
    outer loop
      vertex 13.450267941518012 -25.748473874283754 0
      vertex 13.450267941518012 -25.748473874283754 11.600000000000023
      vertex 13.540668714406038 -25.552379439003996 11.600000000000023
    endloop
  endfacet
  facet normal -0.8724960070727941 0.48862124149696035 0
    outer loop
      vertex 13.344760451973753 -25.936871052968858 0
      vertex 13.344760451973753 -25.936871052968858 11.600000000000023
      vertex 13.450267941518012 -25.748473874283754 11.600000000000023
    endloop
  endfacet
  facet normal -0.831469612302548 0.555570233019598 0
    outer loop
      vertex 13.224796734531106 -26.1164094438043 0
      vertex 13.224796734531106 -26.1164094438043 11.600000000000023
      vertex 13.344760451973753 -25.936871052968858 11.600000000000023
    endloop
  endfacet
  facet normal -0.7853169308807408 0.6190939493098393 0
    outer loop
      vertex 13.091116405400085 -26.285982132908003 0
      vertex 13.091116405400085 -26.285982132908003 11.600000000000023
      vertex 13.224796734531106 -26.1164094438043 11.600000000000023
    endloop
  endfacet
  facet normal 0.9624552364536464 -0.2714404498650776 0
    outer loop
      vertex 24.32598271890639 -14.35802524939626 0
      vertex 24.384594580188327 -14.150203265468894 0
      vertex 24.32598271890639 -14.35802524939626 11.600000000000023
    endloop
  endfacet
  facet normal 0.980785280403231 -0.19509032201612572 0
    outer loop
      vertex 24.32598271890639 -14.35802524939626 0
      vertex 24.28385706336337 -14.569805221139365 11.600000000000023
      vertex 24.28385706336337 -14.569805221139365 0
    endloop
  endfacet
  facet normal 0.734322509435685 -0.6788007455329423 0
    outer loop
      vertex 24.908883594599914 -13.214017867091995 0
      vertex 25.055456351736993 -13.055456351736995 0
      vertex 24.908883594599914 -13.214017867091995 11.600000000000023
    endloop
  endfacet
  facet normal 0.6788007455329341 -0.7343225094356927 0
    outer loop
      vertex 25.055456351736993 -13.055456351736995 0
      vertex 25.214017867091997 -12.908883594599915 0
      vertex 25.055456351736993 -13.055456351736995 11.600000000000023
    endloop
  endfacet
  facet normal 0.48862124149696035 -0.8724960070727941 0
    outer loop
      vertex 25.751526125716246 -12.549732058481988 0
      vertex 25.563128947031142 -12.655239548026247 11.600000000000023
      vertex 25.563128947031142 -12.655239548026247 0
    endloop
  endfacet
  facet normal 0.41865973753742414 -0.908143173825083 0
    outer loop
      vertex 25.751526125716246 -12.549732058481988 0
      vertex 25.947620560996004 -12.459331285593962 0
      vertex 25.751526125716246 -12.549732058481988 11.600000000000023
    endloop
  endfacet
  facet normal 0.6190939493098393 -0.7853169308807408 0
    outer loop
      vertex 25.3835905561957 -12.775203265468894 0
      vertex 25.214017867091997 -12.908883594599915 11.600000000000023
      vertex 25.214017867091997 -12.908883594599915 0
    endloop
  endfacet
  facet normal 0.555570233019598 -0.831469612302548 0
    outer loop
      vertex 25.3835905561957 -12.775203265468894 0
      vertex 25.563128947031142 -12.655239548026247 0
      vertex 25.3835905561957 -12.775203265468894 11.600000000000023
    endloop
  endfacet
  facet normal 0.831469612302538 -0.5555702330196132 0
    outer loop
      vertex 24.775203265468896 -13.3835905561957 0
      vertex 24.655239548026245 -13.56312894703114 11.600000000000023
      vertex 24.655239548026245 -13.56312894703114 0
    endloop
  endfacet
  facet normal 0.8724960070728032 -0.4886212414969444 0
    outer loop
      vertex 24.54973205848199 -13.751526125716246 0
      vertex 24.655239548026245 -13.56312894703114 0
      vertex 24.54973205848199 -13.751526125716246 11.600000000000023
    endloop
  endfacet
  facet normal 0.7853169308807519 -0.6190939493098252 0
    outer loop
      vertex 24.908883594599914 -13.214017867091995 0
      vertex 24.775203265468896 -13.3835905561957 11.600000000000023
      vertex 24.775203265468896 -13.3835905561957 0
    endloop
  endfacet
  facet normal 0.90814317382508 -0.41865973753743096 0
    outer loop
      vertex 24.54973205848199 -13.751526125716246 0
      vertex 24.45933128559396 -13.947620560996004 11.600000000000023
      vertex 24.45933128559396 -13.947620560996004 0
    endloop
  endfacet
  facet normal 0.938191335922483 -0.34611705707749596 0
    outer loop
      vertex 24.45933128559396 -13.947620560996004 0
      vertex 24.384594580188327 -14.150203265468894 11.600000000000023
      vertex 24.384594580188327 -14.150203265468894 0
    endloop
  endfacet
  facet normal 0.9930684569549267 -0.11753739745783523 0
    outer loop
      vertex 24.28385706336337 -14.569805221139365 0
      vertex 24.2584773322339 -14.784237486748426 11.600000000000023
      vertex 24.2584773322339 -14.784237486748426 0
    endloop
  endfacet
  facet normal 0.9992290362407229 -0.03925981575906927 0
    outer loop
      vertex 24.2584773322339 -14.784237486748426 0
      vertex 24.25 -15 11.600000000000023
      vertex 24.25 -15 0
    endloop
  endfacet
  facet normal 0.9992290362407229 0.03925981575906927 0
    outer loop
      vertex 24.25 -15 0
      vertex 24.2584773322339 -15.215762513251574 11.600000000000023
      vertex 24.2584773322339 -15.215762513251574 0
    endloop
  endfacet
  facet normal 0.9930684569549267 0.11753739745783523 0
    outer loop
      vertex 24.2584773322339 -15.215762513251574 0
      vertex 24.28385706336337 -15.430194778860635 11.600000000000023
      vertex 24.28385706336337 -15.430194778860635 0
    endloop
  endfacet
  facet normal 0.980785280403231 0.19509032201612572 0
    outer loop
      vertex 24.28385706336337 -15.430194778860635 0
      vertex 24.32598271890639 -15.64197475060374 11.600000000000023
      vertex 24.32598271890639 -15.64197475060374 0
    endloop
  endfacet
  facet normal 0.9624552364536464 0.2714404498650776 0
    outer loop
      vertex 24.32598271890639 -15.64197475060374 0
      vertex 24.384594580188327 -15.849796734531106 11.600000000000023
      vertex 24.384594580188327 -15.849796734531106 0
    endloop
  endfacet
  facet normal 0.938191335922483 0.34611705707749596 0
    outer loop
      vertex 24.384594580188327 -15.849796734531106 0
      vertex 24.45933128559396 -16.052379439003996 11.600000000000023
      vertex 24.45933128559396 -16.052379439003996 0
    endloop
  endfacet
  facet normal 0.90814317382508 0.41865973753743096 0
    outer loop
      vertex 24.45933128559396 -16.052379439003996 0
      vertex 24.54973205848199 -16.248473874283754 11.600000000000023
      vertex 24.54973205848199 -16.248473874283754 0
    endloop
  endfacet
  facet normal 0.872496007072801 0.48862124149694774 0
    outer loop
      vertex 24.54973205848199 -16.248473874283754 0
      vertex 24.655239548026245 -16.436871052968858 11.600000000000023
      vertex 24.655239548026245 -16.436871052968858 0
    endloop
  endfacet
  facet normal 0.8314696123025404 0.5555702330196093 0
    outer loop
      vertex 24.655239548026245 -16.436871052968858 0
      vertex 24.775203265468896 -16.6164094438043 11.600000000000023
      vertex 24.775203265468896 -16.6164094438043 0
    endloop
  endfacet
  facet normal 0.7853169308807487 0.6190939493098291 0
    outer loop
      vertex 24.775203265468896 -16.6164094438043 0
      vertex 24.908883594599914 -16.785982132908003 11.600000000000023
      vertex 24.908883594599914 -16.785982132908003 0
    endloop
  endfacet
  facet normal 0.7343225094356927 0.6788007455329341 0
    outer loop
      vertex 24.908883594599914 -16.785982132908003 0
      vertex 25.055456351736993 -16.944543648263007 11.600000000000023
      vertex 25.055456351736993 -16.944543648263007 0
    endloop
  endfacet
  facet normal 0.6788007455329341 0.7343225094356927 0
    outer loop
      vertex 25.055456351736993 -16.944543648263007 0
      vertex 25.214017867091997 -17.091116405400086 11.600000000000023
      vertex 25.214017867091997 -17.091116405400086 0
    endloop
  endfacet
  facet normal 0.6190939493098291 0.7853169308807487 0
    outer loop
      vertex 25.214017867091997 -17.091116405400086 0
      vertex 25.3835905561957 -17.224796734531104 11.600000000000023
      vertex 25.3835905561957 -17.224796734531104 0
    endloop
  endfacet
  facet normal 0.5555702330196093 0.8314696123025404 0
    outer loop
      vertex 25.3835905561957 -17.224796734531104 0
      vertex 25.563128947031142 -17.344760451973755 11.600000000000023
      vertex 25.563128947031142 -17.344760451973755 0
    endloop
  endfacet
  facet normal 0.48862124149694774 0.872496007072801 0
    outer loop
      vertex 25.563128947031142 -17.344760451973755 0
      vertex 25.751526125716246 -17.45026794151801 11.600000000000023
      vertex 25.751526125716246 -17.45026794151801 0
    endloop
  endfacet
  facet normal 0.41865973753743096 0.90814317382508 0
    outer loop
      vertex 25.751526125716246 -17.45026794151801 0
      vertex 25.947620560996004 -17.54066871440604 11.600000000000023
      vertex 25.947620560996004 -17.54066871440604 0
    endloop
  endfacet
  facet normal 0.9624552364536464 -0.2714404498650776 0
    outer loop
      vertex 24.384594580188327 -14.150203265468894 0
      vertex 24.384594580188327 -14.150203265468894 11.600000000000023
      vertex 24.32598271890639 -14.35802524939626 11.600000000000023
    endloop
  endfacet
  facet normal 0.980785280403231 -0.19509032201612572 0
    outer loop
      vertex 24.32598271890639 -14.35802524939626 0
      vertex 24.32598271890639 -14.35802524939626 11.600000000000023
      vertex 24.28385706336337 -14.569805221139365 11.600000000000023
    endloop
  endfacet
  facet normal 0.6788007455329341 -0.7343225094356927 0
    outer loop
      vertex 25.214017867091997 -12.908883594599915 0
      vertex 25.214017867091997 -12.908883594599915 11.600000000000023
      vertex 25.055456351736993 -13.055456351736995 11.600000000000023
    endloop
  endfacet
  facet normal 0.734322509435685 -0.6788007455329423 0
    outer loop
      vertex 25.055456351736993 -13.055456351736995 0
      vertex 25.055456351736993 -13.055456351736995 11.600000000000023
      vertex 24.908883594599914 -13.214017867091995 11.600000000000023
    endloop
  endfacet
  facet normal 0.48862124149696035 -0.8724960070727941 0
    outer loop
      vertex 25.751526125716246 -12.549732058481988 0
      vertex 25.751526125716246 -12.549732058481988 11.600000000000023
      vertex 25.563128947031142 -12.655239548026247 11.600000000000023
    endloop
  endfacet
  facet normal 0.41865973753742414 -0.908143173825083 0
    outer loop
      vertex 25.947620560996004 -12.459331285593962 0
      vertex 25.947620560996004 -12.459331285593962 11.600000000000023
      vertex 25.751526125716246 -12.549732058481988 11.600000000000023
    endloop
  endfacet
  facet normal 0.6190939493098393 -0.7853169308807408 0
    outer loop
      vertex 25.3835905561957 -12.775203265468894 0
      vertex 25.3835905561957 -12.775203265468894 11.600000000000023
      vertex 25.214017867091997 -12.908883594599915 11.600000000000023
    endloop
  endfacet
  facet normal 0.555570233019598 -0.831469612302548 0
    outer loop
      vertex 25.563128947031142 -12.655239548026247 0
      vertex 25.563128947031142 -12.655239548026247 11.600000000000023
      vertex 25.3835905561957 -12.775203265468894 11.600000000000023
    endloop
  endfacet
  facet normal 0.831469612302538 -0.5555702330196132 0
    outer loop
      vertex 24.775203265468896 -13.3835905561957 0
      vertex 24.775203265468896 -13.3835905561957 11.600000000000023
      vertex 24.655239548026245 -13.56312894703114 11.600000000000023
    endloop
  endfacet
  facet normal 0.90814317382508 -0.41865973753743096 0
    outer loop
      vertex 24.54973205848199 -13.751526125716246 0
      vertex 24.54973205848199 -13.751526125716246 11.600000000000023
      vertex 24.45933128559396 -13.947620560996004 11.600000000000023
    endloop
  endfacet
  facet normal 0.8724960070728032 -0.4886212414969444 0
    outer loop
      vertex 24.655239548026245 -13.56312894703114 0
      vertex 24.655239548026245 -13.56312894703114 11.600000000000023
      vertex 24.54973205848199 -13.751526125716246 11.600000000000023
    endloop
  endfacet
  facet normal 0.7853169308807519 -0.6190939493098252 0
    outer loop
      vertex 24.908883594599914 -13.214017867091995 0
      vertex 24.908883594599914 -13.214017867091995 11.600000000000023
      vertex 24.775203265468896 -13.3835905561957 11.600000000000023
    endloop
  endfacet
  facet normal 0.938191335922483 -0.34611705707749596 0
    outer loop
      vertex 24.45933128559396 -13.947620560996004 0
      vertex 24.45933128559396 -13.947620560996004 11.600000000000023
      vertex 24.384594580188327 -14.150203265468894 11.600000000000023
    endloop
  endfacet
  facet normal 0.9930684569549267 -0.11753739745783523 0
    outer loop
      vertex 24.28385706336337 -14.569805221139365 0
      vertex 24.28385706336337 -14.569805221139365 11.600000000000023
      vertex 24.2584773322339 -14.784237486748426 11.600000000000023
    endloop
  endfacet
  facet normal 0.9992290362407229 -0.03925981575906927 0
    outer loop
      vertex 24.2584773322339 -14.784237486748426 0
      vertex 24.2584773322339 -14.784237486748426 11.600000000000023
      vertex 24.25 -15 11.600000000000023
    endloop
  endfacet
  facet normal 0.9992290362407229 0.03925981575906927 0
    outer loop
      vertex 24.25 -15 0
      vertex 24.25 -15 11.600000000000023
      vertex 24.2584773322339 -15.215762513251574 11.600000000000023
    endloop
  endfacet
  facet normal 0.9930684569549267 0.11753739745783523 0
    outer loop
      vertex 24.2584773322339 -15.215762513251574 0
      vertex 24.2584773322339 -15.215762513251574 11.600000000000023
      vertex 24.28385706336337 -15.430194778860635 11.600000000000023
    endloop
  endfacet
  facet normal 0.980785280403231 0.19509032201612572 0
    outer loop
      vertex 24.28385706336337 -15.430194778860635 0
      vertex 24.28385706336337 -15.430194778860635 11.600000000000023
      vertex 24.32598271890639 -15.64197475060374 11.600000000000023
    endloop
  endfacet
  facet normal 0.9624552364536464 0.2714404498650776 0
    outer loop
      vertex 24.32598271890639 -15.64197475060374 0
      vertex 24.32598271890639 -15.64197475060374 11.600000000000023
      vertex 24.384594580188327 -15.849796734531106 11.600000000000023
    endloop
  endfacet
  facet normal 0.938191335922483 0.34611705707749596 0
    outer loop
      vertex 24.384594580188327 -15.849796734531106 0
      vertex 24.384594580188327 -15.849796734531106 11.600000000000023
      vertex 24.45933128559396 -16.052379439003996 11.600000000000023
    endloop
  endfacet
  facet normal 0.90814317382508 0.41865973753743096 0
    outer loop
      vertex 24.45933128559396 -16.052379439003996 0
      vertex 24.45933128559396 -16.052379439003996 11.600000000000023
      vertex 24.54973205848199 -16.248473874283754 11.600000000000023
    endloop
  endfacet
  facet normal 0.872496007072801 0.48862124149694774 0
    outer loop
      vertex 24.54973205848199 -16.248473874283754 0
      vertex 24.54973205848199 -16.248473874283754 11.600000000000023
      vertex 24.655239548026245 -16.436871052968858 11.600000000000023
    endloop
  endfacet
  facet normal 0.8314696123025404 0.5555702330196093 0
    outer loop
      vertex 24.655239548026245 -16.436871052968858 0
      vertex 24.655239548026245 -16.436871052968858 11.600000000000023
      vertex 24.775203265468896 -16.6164094438043 11.600000000000023
    endloop
  endfacet
  facet normal 0.7853169308807487 0.6190939493098291 0
    outer loop
      vertex 24.775203265468896 -16.6164094438043 0
      vertex 24.775203265468896 -16.6164094438043 11.600000000000023
      vertex 24.908883594599914 -16.785982132908003 11.600000000000023
    endloop
  endfacet
  facet normal 0.7343225094356927 0.6788007455329341 0
    outer loop
      vertex 24.908883594599914 -16.785982132908003 0
      vertex 24.908883594599914 -16.785982132908003 11.600000000000023
      vertex 25.055456351736993 -16.944543648263007 11.600000000000023
    endloop
  endfacet
  facet normal 0.6788007455329341 0.7343225094356927 0
    outer loop
      vertex 25.055456351736993 -16.944543648263007 0
      vertex 25.055456351736993 -16.944543648263007 11.600000000000023
      vertex 25.214017867091997 -17.091116405400086 11.600000000000023
    endloop
  endfacet
  facet normal 0.6190939493098291 0.7853169308807487 0
    outer loop
      vertex 25.214017867091997 -17.091116405400086 0
      vertex 25.214017867091997 -17.091116405400086 11.600000000000023
      vertex 25.3835905561957 -17.224796734531104 11.600000000000023
    endloop
  endfacet
  facet normal 0.5555702330196093 0.8314696123025404 0
    outer loop
      vertex 25.3835905561957 -17.224796734531104 0
      vertex 25.3835905561957 -17.224796734531104 11.600000000000023
      vertex 25.563128947031142 -17.344760451973755 11.600000000000023
    endloop
  endfacet
  facet normal 0.48862124149694774 0.872496007072801 0
    outer loop
      vertex 25.563128947031142 -17.344760451973755 0
      vertex 25.563128947031142 -17.344760451973755 11.600000000000023
      vertex 25.751526125716246 -17.45026794151801 11.600000000000023
    endloop
  endfacet
  facet normal 0.41865973753743096 0.90814317382508 0
    outer loop
      vertex 25.751526125716246 -17.45026794151801 0
      vertex 25.751526125716246 -17.45026794151801 11.600000000000023
      vertex 25.947620560996004 -17.54066871440604 11.600000000000023
    endloop
  endfacet
  facet normal 0.3461170570774933 -0.938191335922484 0
    outer loop
      vertex 25.947620560996004 -12.459331285593962 0
      vertex 26.150203265468896 -12.384594580188327 0
      vertex 25.947620560996004 -12.459331285593962 11.600000000000023
    endloop
  endfacet
  facet normal 0.27144044986507976 -0.9624552364536457 0
    outer loop
      vertex 26.150203265468896 -12.384594580188327 0
      vertex 26.35802524939626 -12.325982718906388 0
      vertex 26.150203265468896 -12.384594580188327 11.600000000000023
    endloop
  endfacet
  facet normal 0.19509032201612572 -0.980785280403231 0
    outer loop
      vertex 26.35802524939626 -12.325982718906388 0
      vertex 26.569805221139365 -12.28385706336337 0
      vertex 26.35802524939626 -12.325982718906388 11.600000000000023
    endloop
  endfacet
  facet normal 0.11753739745783427 -0.9930684569549267 0
    outer loop
      vertex 26.569805221139365 -12.28385706336337 0
      vertex 26.784237486748427 -12.258477332233898 0
      vertex 26.569805221139365 -12.28385706336337 11.600000000000023
    endloop
  endfacet
  facet normal 0.039259815759069595 -0.9992290362407229 0
    outer loop
      vertex 26.784237486748427 -12.258477332233898 0
      vertex 27 -12.25 0
      vertex 26.784237486748427 -12.258477332233898 11.600000000000023
    endloop
  endfacet
  facet normal -0.039259815759069595 -0.9992290362407229 0
    outer loop
      vertex 27 -12.25 0
      vertex 27.215762513251573 -12.258477332233898 0
      vertex 27 -12.25 11.600000000000023
    endloop
  endfacet
  facet normal -0.11753739745783427 -0.9930684569549267 0
    outer loop
      vertex 27.215762513251573 -12.258477332233898 0
      vertex 27.430194778860635 -12.28385706336337 0
      vertex 27.215762513251573 -12.258477332233898 11.600000000000023
    endloop
  endfacet
  facet normal -0.19509032201612572 -0.980785280403231 0
    outer loop
      vertex 27.430194778860635 -12.28385706336337 0
      vertex 27.64197475060374 -12.325982718906388 0
      vertex 27.430194778860635 -12.28385706336337 11.600000000000023
    endloop
  endfacet
  facet normal -0.27144044986507976 -0.9624552364536457 0
    outer loop
      vertex 27.64197475060374 -12.325982718906388 0
      vertex 27.849796734531104 -12.384594580188327 0
      vertex 27.64197475060374 -12.325982718906388 11.600000000000023
    endloop
  endfacet
  facet normal -0.3461170570774933 -0.938191335922484 0
    outer loop
      vertex 27.849796734531104 -12.384594580188327 0
      vertex 28.052379439003996 -12.459331285593962 0
      vertex 27.849796734531104 -12.384594580188327 11.600000000000023
    endloop
  endfacet
  facet normal -0.41865973753742414 -0.908143173825083 0
    outer loop
      vertex 28.052379439003996 -12.459331285593962 0
      vertex 28.248473874283754 -12.549732058481988 0
      vertex 28.052379439003996 -12.459331285593962 11.600000000000023
    endloop
  endfacet
  facet normal -0.48862124149696035 -0.8724960070727941 0
    outer loop
      vertex 28.248473874283754 -12.549732058481988 0
      vertex 28.436871052968858 -12.655239548026247 0
      vertex 28.248473874283754 -12.549732058481988 11.600000000000023
    endloop
  endfacet
  facet normal -0.555570233019598 -0.831469612302548 0
    outer loop
      vertex 28.436871052968858 -12.655239548026247 0
      vertex 28.6164094438043 -12.775203265468894 0
      vertex 28.436871052968858 -12.655239548026247 11.600000000000023
    endloop
  endfacet
  facet normal -0.6190939493098393 -0.7853169308807408 0
    outer loop
      vertex 28.6164094438043 -12.775203265468894 0
      vertex 28.785982132908003 -12.908883594599915 0
      vertex 28.6164094438043 -12.775203265468894 11.600000000000023
    endloop
  endfacet
  facet normal -0.6788007455329341 -0.7343225094356927 0
    outer loop
      vertex 28.785982132908003 -12.908883594599915 0
      vertex 28.944543648263007 -13.055456351736995 0
      vertex 28.785982132908003 -12.908883594599915 11.600000000000023
    endloop
  endfacet
  facet normal -0.734322509435685 -0.6788007455329423 0
    outer loop
      vertex 28.944543648263007 -13.055456351736995 0
      vertex 29.091116405400086 -13.214017867091995 0
      vertex 28.944543648263007 -13.055456351736995 11.600000000000023
    endloop
  endfacet
  facet normal -0.7853169308807519 -0.6190939493098252 0
    outer loop
      vertex 29.091116405400086 -13.214017867091995 0
      vertex 29.224796734531104 -13.3835905561957 0
      vertex 29.091116405400086 -13.214017867091995 11.600000000000023
    endloop
  endfacet
  facet normal -0.7853169308807487 0.6190939493098291 0
    outer loop
      vertex 29.224796734531104 -16.6164094438043 0
      vertex 29.091116405400086 -16.785982132908003 0
      vertex 29.224796734531104 -16.6164094438043 11.600000000000023
    endloop
  endfacet
  facet normal -0.7343225094356927 0.6788007455329341 0
    outer loop
      vertex 28.944543648263007 -16.944543648263007 0
      vertex 29.091116405400086 -16.785982132908003 11.600000000000023
      vertex 29.091116405400086 -16.785982132908003 0
    endloop
  endfacet
  facet normal -0.6788007455329341 0.7343225094356927 0
    outer loop
      vertex 28.944543648263007 -16.944543648263007 0
      vertex 28.785982132908003 -17.091116405400086 0
      vertex 28.944543648263007 -16.944543648263007 11.600000000000023
    endloop
  endfacet
  facet normal -0.831469612302538 -0.5555702330196132 0
    outer loop
      vertex 29.224796734531104 -13.3835905561957 0
      vertex 29.344760451973755 -13.56312894703114 0
      vertex 29.224796734531104 -13.3835905561957 11.600000000000023
    endloop
  endfacet
  facet normal -0.8724960070728032 -0.4886212414969444 0
    outer loop
      vertex 29.344760451973755 -13.56312894703114 0
      vertex 29.45026794151801 -13.751526125716246 0
      vertex 29.344760451973755 -13.56312894703114 11.600000000000023
    endloop
  endfacet
  facet normal -0.90814317382508 -0.41865973753743096 0
    outer loop
      vertex 29.45026794151801 -13.751526125716246 0
      vertex 29.54066871440604 -13.947620560996004 0
      vertex 29.45026794151801 -13.751526125716246 11.600000000000023
    endloop
  endfacet
  facet normal -0.938191335922483 -0.34611705707749596 0
    outer loop
      vertex 29.54066871440604 -13.947620560996004 0
      vertex 29.615405419811673 -14.150203265468894 0
      vertex 29.54066871440604 -13.947620560996004 11.600000000000023
    endloop
  endfacet
  facet normal -0.9624552364536464 -0.2714404498650776 0
    outer loop
      vertex 29.615405419811673 -14.150203265468894 0
      vertex 29.67401728109361 -14.35802524939626 0
      vertex 29.615405419811673 -14.150203265468894 11.600000000000023
    endloop
  endfacet
  facet normal -0.980785280403231 -0.19509032201612572 0
    outer loop
      vertex 29.67401728109361 -14.35802524939626 0
      vertex 29.71614293663663 -14.569805221139365 0
      vertex 29.67401728109361 -14.35802524939626 11.600000000000023
    endloop
  endfacet
  facet normal -0.9930684569549267 -0.11753739745783523 0
    outer loop
      vertex 29.71614293663663 -14.569805221139365 0
      vertex 29.7415226677661 -14.784237486748426 0
      vertex 29.71614293663663 -14.569805221139365 11.600000000000023
    endloop
  endfacet
  facet normal -0.9992290362407229 -0.03925981575906927 0
    outer loop
      vertex 29.7415226677661 -14.784237486748426 0
      vertex 29.75 -15 0
      vertex 29.7415226677661 -14.784237486748426 11.600000000000023
    endloop
  endfacet
  facet normal -0.9992290362407229 0.03925981575906927 0
    outer loop
      vertex 29.75 -15 0
      vertex 29.7415226677661 -15.215762513251574 0
      vertex 29.75 -15 11.600000000000023
    endloop
  endfacet
  facet normal -0.9624552364536464 0.2714404498650776 0
    outer loop
      vertex 29.67401728109361 -15.64197475060374 0
      vertex 29.615405419811673 -15.849796734531106 0
      vertex 29.67401728109361 -15.64197475060374 11.600000000000023
    endloop
  endfacet
  facet normal -0.9930684569549267 0.11753739745783523 0
    outer loop
      vertex 29.7415226677661 -15.215762513251574 0
      vertex 29.71614293663663 -15.430194778860635 0
      vertex 29.7415226677661 -15.215762513251574 11.600000000000023
    endloop
  endfacet
  facet normal -0.980785280403231 0.19509032201612572 0
    outer loop
      vertex 29.71614293663663 -15.430194778860635 0
      vertex 29.67401728109361 -15.64197475060374 0
      vertex 29.71614293663663 -15.430194778860635 11.600000000000023
    endloop
  endfacet
  facet normal -0.938191335922483 0.34611705707749596 0
    outer loop
      vertex 29.615405419811673 -15.849796734531106 0
      vertex 29.54066871440604 -16.052379439003996 0
      vertex 29.615405419811673 -15.849796734531106 11.600000000000023
    endloop
  endfacet
  facet normal -0.872496007072801 0.48862124149694774 0
    outer loop
      vertex 29.45026794151801 -16.248473874283754 0
      vertex 29.344760451973755 -16.436871052968858 0
      vertex 29.45026794151801 -16.248473874283754 11.600000000000023
    endloop
  endfacet
  facet normal -0.90814317382508 0.41865973753743096 0
    outer loop
      vertex 29.54066871440604 -16.052379439003996 0
      vertex 29.45026794151801 -16.248473874283754 0
      vertex 29.54066871440604 -16.052379439003996 11.600000000000023
    endloop
  endfacet
  facet normal -0.8314696123025404 0.5555702330196093 0
    outer loop
      vertex 29.224796734531104 -16.6164094438043 0
      vertex 29.344760451973755 -16.436871052968858 11.600000000000023
      vertex 29.344760451973755 -16.436871052968858 0
    endloop
  endfacet
  facet normal 0.3461170570774933 0.938191335922484 0
    outer loop
      vertex 25.947620560996004 -17.54066871440604 0
      vertex 26.150203265468896 -17.615405419811673 11.600000000000023
      vertex 26.150203265468896 -17.615405419811673 0
    endloop
  endfacet
  facet normal 0.27144044986507976 0.9624552364536457 0
    outer loop
      vertex 26.150203265468896 -17.615405419811673 0
      vertex 26.35802524939626 -17.67401728109361 11.600000000000023
      vertex 26.35802524939626 -17.67401728109361 0
    endloop
  endfacet
  facet normal 0.19509032201612572 0.980785280403231 0
    outer loop
      vertex 26.35802524939626 -17.67401728109361 0
      vertex 26.569805221139365 -17.71614293663663 11.600000000000023
      vertex 26.569805221139365 -17.71614293663663 0
    endloop
  endfacet
  facet normal 0.11753739745783427 0.9930684569549267 0
    outer loop
      vertex 26.569805221139365 -17.71614293663663 0
      vertex 26.784237486748427 -17.7415226677661 11.600000000000023
      vertex 26.784237486748427 -17.7415226677661 0
    endloop
  endfacet
  facet normal 0.039259815759069595 0.9992290362407229 0
    outer loop
      vertex 26.784237486748427 -17.7415226677661 0
      vertex 27 -17.75 11.600000000000023
      vertex 27 -17.75 0
    endloop
  endfacet
  facet normal -0.039259815759069595 0.9992290362407229 0
    outer loop
      vertex 27 -17.75 0
      vertex 27.215762513251573 -17.7415226677661 11.600000000000023
      vertex 27.215762513251573 -17.7415226677661 0
    endloop
  endfacet
  facet normal -0.11753739745783427 0.9930684569549267 0
    outer loop
      vertex 27.215762513251573 -17.7415226677661 0
      vertex 27.430194778860635 -17.71614293663663 11.600000000000023
      vertex 27.430194778860635 -17.71614293663663 0
    endloop
  endfacet
  facet normal -0.19509032201612572 0.980785280403231 0
    outer loop
      vertex 27.430194778860635 -17.71614293663663 0
      vertex 27.64197475060374 -17.67401728109361 11.600000000000023
      vertex 27.64197475060374 -17.67401728109361 0
    endloop
  endfacet
  facet normal -0.3461170570774933 0.938191335922484 0
    outer loop
      vertex 27.849796734531104 -17.615405419811673 0
      vertex 28.052379439003996 -17.54066871440604 11.600000000000023
      vertex 28.052379439003996 -17.54066871440604 0
    endloop
  endfacet
  facet normal -0.41865973753743096 0.90814317382508 0
    outer loop
      vertex 28.052379439003996 -17.54066871440604 0
      vertex 28.248473874283754 -17.45026794151801 11.600000000000023
      vertex 28.248473874283754 -17.45026794151801 0
    endloop
  endfacet
  facet normal -0.48862124149694774 0.872496007072801 0
    outer loop
      vertex 28.248473874283754 -17.45026794151801 0
      vertex 28.436871052968858 -17.344760451973755 11.600000000000023
      vertex 28.436871052968858 -17.344760451973755 0
    endloop
  endfacet
  facet normal -0.27144044986507976 0.9624552364536457 0
    outer loop
      vertex 27.849796734531104 -17.615405419811673 0
      vertex 27.64197475060374 -17.67401728109361 0
      vertex 27.849796734531104 -17.615405419811673 11.600000000000023
    endloop
  endfacet
  facet normal -0.5555702330196093 0.8314696123025404 0
    outer loop
      vertex 28.436871052968858 -17.344760451973755 0
      vertex 28.6164094438043 -17.224796734531104 11.600000000000023
      vertex 28.6164094438043 -17.224796734531104 0
    endloop
  endfacet
  facet normal -0.6190939493098291 0.7853169308807487 0
    outer loop
      vertex 28.6164094438043 -17.224796734531104 0
      vertex 28.785982132908003 -17.091116405400086 11.600000000000023
      vertex 28.785982132908003 -17.091116405400086 0
    endloop
  endfacet
  facet normal 0.3461170570774933 -0.938191335922484 0
    outer loop
      vertex 25.947620560996004 -12.459331285593962 11.600000000000023
      vertex 26.150203265468896 -12.384594580188327 0
      vertex 26.150203265468896 -12.384594580188327 11.600000000000023
    endloop
  endfacet
  facet normal 0.27144044986507976 -0.9624552364536457 0
    outer loop
      vertex 26.35802524939626 -12.325982718906388 0
      vertex 26.35802524939626 -12.325982718906388 11.600000000000023
      vertex 26.150203265468896 -12.384594580188327 11.600000000000023
    endloop
  endfacet
  facet normal 0.19509032201612572 -0.980785280403231 0
    outer loop
      vertex 26.569805221139365 -12.28385706336337 0
      vertex 26.569805221139365 -12.28385706336337 11.600000000000023
      vertex 26.35802524939626 -12.325982718906388 11.600000000000023
    endloop
  endfacet
  facet normal 0.11753739745783427 -0.9930684569549267 0
    outer loop
      vertex 26.784237486748427 -12.258477332233898 0
      vertex 26.784237486748427 -12.258477332233898 11.600000000000023
      vertex 26.569805221139365 -12.28385706336337 11.600000000000023
    endloop
  endfacet
  facet normal 0.039259815759069595 -0.9992290362407229 0
    outer loop
      vertex 27 -12.25 0
      vertex 27 -12.25 11.600000000000023
      vertex 26.784237486748427 -12.258477332233898 11.600000000000023
    endloop
  endfacet
  facet normal -0.039259815759069595 -0.9992290362407229 0
    outer loop
      vertex 27.215762513251573 -12.258477332233898 0
      vertex 27.215762513251573 -12.258477332233898 11.600000000000023
      vertex 27 -12.25 11.600000000000023
    endloop
  endfacet
  facet normal -0.11753739745783427 -0.9930684569549267 0
    outer loop
      vertex 27.430194778860635 -12.28385706336337 0
      vertex 27.430194778860635 -12.28385706336337 11.600000000000023
      vertex 27.215762513251573 -12.258477332233898 11.600000000000023
    endloop
  endfacet
  facet normal -0.19509032201612572 -0.980785280403231 0
    outer loop
      vertex 27.64197475060374 -12.325982718906388 0
      vertex 27.64197475060374 -12.325982718906388 11.600000000000023
      vertex 27.430194778860635 -12.28385706336337 11.600000000000023
    endloop
  endfacet
  facet normal -0.27144044986507976 -0.9624552364536457 0
    outer loop
      vertex 27.849796734531104 -12.384594580188327 0
      vertex 27.849796734531104 -12.384594580188327 11.600000000000023
      vertex 27.64197475060374 -12.325982718906388 11.600000000000023
    endloop
  endfacet
  facet normal -0.3461170570774933 -0.938191335922484 0
    outer loop
      vertex 28.052379439003996 -12.459331285593962 0
      vertex 28.052379439003996 -12.459331285593962 11.600000000000023
      vertex 27.849796734531104 -12.384594580188327 11.600000000000023
    endloop
  endfacet
  facet normal -0.41865973753742414 -0.908143173825083 0
    outer loop
      vertex 28.248473874283754 -12.549732058481988 0
      vertex 28.248473874283754 -12.549732058481988 11.600000000000023
      vertex 28.052379439003996 -12.459331285593962 11.600000000000023
    endloop
  endfacet
  facet normal -0.48862124149696035 -0.8724960070727941 0
    outer loop
      vertex 28.436871052968858 -12.655239548026247 0
      vertex 28.436871052968858 -12.655239548026247 11.600000000000023
      vertex 28.248473874283754 -12.549732058481988 11.600000000000023
    endloop
  endfacet
  facet normal -0.555570233019598 -0.831469612302548 0
    outer loop
      vertex 28.6164094438043 -12.775203265468894 0
      vertex 28.6164094438043 -12.775203265468894 11.600000000000023
      vertex 28.436871052968858 -12.655239548026247 11.600000000000023
    endloop
  endfacet
  facet normal -0.6190939493098393 -0.7853169308807408 0
    outer loop
      vertex 28.785982132908003 -12.908883594599915 0
      vertex 28.785982132908003 -12.908883594599915 11.600000000000023
      vertex 28.6164094438043 -12.775203265468894 11.600000000000023
    endloop
  endfacet
  facet normal -0.6788007455329341 -0.7343225094356927 0
    outer loop
      vertex 28.944543648263007 -13.055456351736995 0
      vertex 28.944543648263007 -13.055456351736995 11.600000000000023
      vertex 28.785982132908003 -12.908883594599915 11.600000000000023
    endloop
  endfacet
  facet normal -0.734322509435685 -0.6788007455329423 0
    outer loop
      vertex 29.091116405400086 -13.214017867091995 0
      vertex 29.091116405400086 -13.214017867091995 11.600000000000023
      vertex 28.944543648263007 -13.055456351736995 11.600000000000023
    endloop
  endfacet
  facet normal -0.7853169308807519 -0.6190939493098252 0
    outer loop
      vertex 29.224796734531104 -13.3835905561957 0
      vertex 29.224796734531104 -13.3835905561957 11.600000000000023
      vertex 29.091116405400086 -13.214017867091995 11.600000000000023
    endloop
  endfacet
  facet normal -0.7343225094356927 0.6788007455329341 0
    outer loop
      vertex 28.944543648263007 -16.944543648263007 0
      vertex 28.944543648263007 -16.944543648263007 11.600000000000023
      vertex 29.091116405400086 -16.785982132908003 11.600000000000023
    endloop
  endfacet
  facet normal -0.7853169308807487 0.6190939493098291 0
    outer loop
      vertex 29.091116405400086 -16.785982132908003 0
      vertex 29.091116405400086 -16.785982132908003 11.600000000000023
      vertex 29.224796734531104 -16.6164094438043 11.600000000000023
    endloop
  endfacet
  facet normal -0.831469612302538 -0.5555702330196132 0
    outer loop
      vertex 29.344760451973755 -13.56312894703114 0
      vertex 29.344760451973755 -13.56312894703114 11.600000000000023
      vertex 29.224796734531104 -13.3835905561957 11.600000000000023
    endloop
  endfacet
  facet normal -0.8724960070728032 -0.4886212414969444 0
    outer loop
      vertex 29.45026794151801 -13.751526125716246 0
      vertex 29.45026794151801 -13.751526125716246 11.600000000000023
      vertex 29.344760451973755 -13.56312894703114 11.600000000000023
    endloop
  endfacet
  facet normal -0.90814317382508 -0.41865973753743096 0
    outer loop
      vertex 29.54066871440604 -13.947620560996004 0
      vertex 29.54066871440604 -13.947620560996004 11.600000000000023
      vertex 29.45026794151801 -13.751526125716246 11.600000000000023
    endloop
  endfacet
  facet normal -0.938191335922483 -0.34611705707749596 0
    outer loop
      vertex 29.615405419811673 -14.150203265468894 0
      vertex 29.615405419811673 -14.150203265468894 11.600000000000023
      vertex 29.54066871440604 -13.947620560996004 11.600000000000023
    endloop
  endfacet
  facet normal -0.9624552364536464 -0.2714404498650776 0
    outer loop
      vertex 29.67401728109361 -14.35802524939626 0
      vertex 29.67401728109361 -14.35802524939626 11.600000000000023
      vertex 29.615405419811673 -14.150203265468894 11.600000000000023
    endloop
  endfacet
  facet normal -0.980785280403231 -0.19509032201612572 0
    outer loop
      vertex 29.71614293663663 -14.569805221139365 0
      vertex 29.71614293663663 -14.569805221139365 11.600000000000023
      vertex 29.67401728109361 -14.35802524939626 11.600000000000023
    endloop
  endfacet
  facet normal -0.9930684569549267 -0.11753739745783523 0
    outer loop
      vertex 29.7415226677661 -14.784237486748426 0
      vertex 29.7415226677661 -14.784237486748426 11.600000000000023
      vertex 29.71614293663663 -14.569805221139365 11.600000000000023
    endloop
  endfacet
  facet normal -0.9992290362407229 -0.03925981575906927 0
    outer loop
      vertex 29.75 -15 0
      vertex 29.75 -15 11.600000000000023
      vertex 29.7415226677661 -14.784237486748426 11.600000000000023
    endloop
  endfacet
  facet normal -0.9992290362407229 0.03925981575906927 0
    outer loop
      vertex 29.7415226677661 -15.215762513251574 0
      vertex 29.7415226677661 -15.215762513251574 11.600000000000023
      vertex 29.75 -15 11.600000000000023
    endloop
  endfacet
  facet normal -0.9930684569549267 0.11753739745783523 0
    outer loop
      vertex 29.71614293663663 -15.430194778860635 0
      vertex 29.71614293663663 -15.430194778860635 11.600000000000023
      vertex 29.7415226677661 -15.215762513251574 11.600000000000023
    endloop
  endfacet
  facet normal -0.980785280403231 0.19509032201612572 0
    outer loop
      vertex 29.67401728109361 -15.64197475060374 0
      vertex 29.67401728109361 -15.64197475060374 11.600000000000023
      vertex 29.71614293663663 -15.430194778860635 11.600000000000023
    endloop
  endfacet
  facet normal -0.9624552364536464 0.2714404498650776 0
    outer loop
      vertex 29.615405419811673 -15.849796734531106 0
      vertex 29.615405419811673 -15.849796734531106 11.600000000000023
      vertex 29.67401728109361 -15.64197475060374 11.600000000000023
    endloop
  endfacet
  facet normal -0.938191335922483 0.34611705707749596 0
    outer loop
      vertex 29.54066871440604 -16.052379439003996 0
      vertex 29.54066871440604 -16.052379439003996 11.600000000000023
      vertex 29.615405419811673 -15.849796734531106 11.600000000000023
    endloop
  endfacet
  facet normal -0.872496007072801 0.48862124149694774 0
    outer loop
      vertex 29.344760451973755 -16.436871052968858 0
      vertex 29.344760451973755 -16.436871052968858 11.600000000000023
      vertex 29.45026794151801 -16.248473874283754 11.600000000000023
    endloop
  endfacet
  facet normal -0.90814317382508 0.41865973753743096 0
    outer loop
      vertex 29.45026794151801 -16.248473874283754 0
      vertex 29.45026794151801 -16.248473874283754 11.600000000000023
      vertex 29.54066871440604 -16.052379439003996 11.600000000000023
    endloop
  endfacet
  facet normal -0.8314696123025404 0.5555702330196093 0
    outer loop
      vertex 29.224796734531104 -16.6164094438043 0
      vertex 29.224796734531104 -16.6164094438043 11.600000000000023
      vertex 29.344760451973755 -16.436871052968858 11.600000000000023
    endloop
  endfacet
  facet normal 0.3461170570774933 0.938191335922484 0
    outer loop
      vertex 25.947620560996004 -17.54066871440604 0
      vertex 25.947620560996004 -17.54066871440604 11.600000000000023
      vertex 26.150203265468896 -17.615405419811673 11.600000000000023
    endloop
  endfacet
  facet normal 0.27144044986507976 0.9624552364536457 0
    outer loop
      vertex 26.150203265468896 -17.615405419811673 0
      vertex 26.150203265468896 -17.615405419811673 11.600000000000023
      vertex 26.35802524939626 -17.67401728109361 11.600000000000023
    endloop
  endfacet
  facet normal 0.19509032201612572 0.980785280403231 0
    outer loop
      vertex 26.35802524939626 -17.67401728109361 0
      vertex 26.35802524939626 -17.67401728109361 11.600000000000023
      vertex 26.569805221139365 -17.71614293663663 11.600000000000023
    endloop
  endfacet
  facet normal 0.11753739745783427 0.9930684569549267 0
    outer loop
      vertex 26.569805221139365 -17.71614293663663 0
      vertex 26.569805221139365 -17.71614293663663 11.600000000000023
      vertex 26.784237486748427 -17.7415226677661 11.600000000000023
    endloop
  endfacet
  facet normal 0.039259815759069595 0.9992290362407229 0
    outer loop
      vertex 26.784237486748427 -17.7415226677661 0
      vertex 26.784237486748427 -17.7415226677661 11.600000000000023
      vertex 27 -17.75 11.600000000000023
    endloop
  endfacet
  facet normal -0.039259815759069595 0.9992290362407229 0
    outer loop
      vertex 27 -17.75 0
      vertex 27 -17.75 11.600000000000023
      vertex 27.215762513251573 -17.7415226677661 11.600000000000023
    endloop
  endfacet
  facet normal -0.11753739745783427 0.9930684569549267 0
    outer loop
      vertex 27.215762513251573 -17.7415226677661 0
      vertex 27.215762513251573 -17.7415226677661 11.600000000000023
      vertex 27.430194778860635 -17.71614293663663 11.600000000000023
    endloop
  endfacet
  facet normal -0.19509032201612572 0.980785280403231 0
    outer loop
      vertex 27.430194778860635 -17.71614293663663 0
      vertex 27.430194778860635 -17.71614293663663 11.600000000000023
      vertex 27.64197475060374 -17.67401728109361 11.600000000000023
    endloop
  endfacet
  facet normal -0.3461170570774933 0.938191335922484 0
    outer loop
      vertex 27.849796734531104 -17.615405419811673 0
      vertex 27.849796734531104 -17.615405419811673 11.600000000000023
      vertex 28.052379439003996 -17.54066871440604 11.600000000000023
    endloop
  endfacet
  facet normal -0.41865973753743096 0.90814317382508 0
    outer loop
      vertex 28.052379439003996 -17.54066871440604 0
      vertex 28.052379439003996 -17.54066871440604 11.600000000000023
      vertex 28.248473874283754 -17.45026794151801 11.600000000000023
    endloop
  endfacet
  facet normal -0.48862124149694774 0.872496007072801 0
    outer loop
      vertex 28.248473874283754 -17.45026794151801 0
      vertex 28.248473874283754 -17.45026794151801 11.600000000000023
      vertex 28.436871052968858 -17.344760451973755 11.600000000000023
    endloop
  endfacet
  facet normal -0.27144044986507976 0.9624552364536457 0
    outer loop
      vertex 27.64197475060374 -17.67401728109361 0
      vertex 27.64197475060374 -17.67401728109361 11.600000000000023
      vertex 27.849796734531104 -17.615405419811673 11.600000000000023
    endloop
  endfacet
  facet normal -0.5555702330196093 0.8314696123025404 0
    outer loop
      vertex 28.436871052968858 -17.344760451973755 0
      vertex 28.436871052968858 -17.344760451973755 11.600000000000023
      vertex 28.6164094438043 -17.224796734531104 11.600000000000023
    endloop
  endfacet
  facet normal -0.6788007455329341 0.7343225094356927 0
    outer loop
      vertex 28.785982132908003 -17.091116405400086 0
      vertex 28.785982132908003 -17.091116405400086 11.600000000000023
      vertex 28.944543648263007 -16.944543648263007 11.600000000000023
    endloop
  endfacet
  facet normal -0.6190939493098291 0.7853169308807487 0
    outer loop
      vertex 28.6164094438043 -17.224796734531104 0
      vertex 28.6164094438043 -17.224796734531104 11.600000000000023
      vertex 28.785982132908003 -17.091116405400086 11.600000000000023
    endloop
  endfacet
  facet normal 0.734322509435685 -0.6788007455329423 0
    outer loop
      vertex 43.05545635173699 -13.055456351736995 0
      vertex 42.908883594599914 -13.214017867091995 11.600000000000023
      vertex 42.908883594599914 -13.214017867091995 0
    endloop
  endfacet
  facet normal 0.48862124149695335 -0.872496007072798 0
    outer loop
      vertex 43.751526125716246 -12.549732058481988 0
      vertex 43.56312894703114 -12.655239548026247 11.600000000000023
      vertex 43.56312894703114 -12.655239548026247 0
    endloop
  endfacet
  facet normal 0.41865973753743047 -0.9081431738250803 0
    outer loop
      vertex 43.751526125716246 -12.549732058481988 0
      vertex 43.947620560996 -12.459331285593962 0
      vertex 43.751526125716246 -12.549732058481988 11.600000000000023
    endloop
  endfacet
  facet normal 0.5555702330196056 -0.831469612302543 0
    outer loop
      vertex 43.3835905561957 -12.775203265468894 0
      vertex 43.56312894703114 -12.655239548026247 0
      vertex 43.3835905561957 -12.775203265468894 11.600000000000023
    endloop
  endfacet
  facet normal 0.6190939493098393 -0.7853169308807408 0
    outer loop
      vertex 43.214017867092 -12.908883594599915 0
      vertex 43.3835905561957 -12.775203265468894 0
      vertex 43.214017867092 -12.908883594599915 11.600000000000023
    endloop
  endfacet
  facet normal 0.6788007455329341 -0.7343225094356927 0
    outer loop
      vertex 43.05545635173699 -13.055456351736995 0
      vertex 43.214017867092 -12.908883594599915 0
      vertex 43.05545635173699 -13.055456351736995 11.600000000000023
    endloop
  endfacet
  facet normal 0.8724960070727961 -0.4886212414969569 0
    outer loop
      vertex 42.655239548026245 -13.56312894703114 0
      vertex 42.549732058481986 -13.751526125716246 11.600000000000023
      vertex 42.549732058481986 -13.751526125716246 0
    endloop
  endfacet
  facet normal 0.7853169308807519 -0.6190939493098252 0
    outer loop
      vertex 42.908883594599914 -13.214017867091995 0
      vertex 42.775203265468896 -13.3835905561957 11.600000000000023
      vertex 42.775203265468896 -13.3835905561957 0
    endloop
  endfacet
  facet normal 0.831469612302538 -0.5555702330196132 0
    outer loop
      vertex 42.655239548026245 -13.56312894703114 0
      vertex 42.775203265468896 -13.3835905561957 0
      vertex 42.655239548026245 -13.56312894703114 11.600000000000023
    endloop
  endfacet
  facet normal 0.938191335922483 -0.34611705707749596 0
    outer loop
      vertex 42.38459458018833 -14.150203265468894 0
      vertex 42.45933128559396 -13.947620560996004 0
      vertex 42.38459458018833 -14.150203265468894 11.600000000000023
    endloop
  endfacet
  facet normal 0.9081431738250862 -0.41865973753741736 0
    outer loop
      vertex 42.549732058481986 -13.751526125716246 0
      vertex 42.45933128559396 -13.947620560996004 11.600000000000023
      vertex 42.45933128559396 -13.947620560996004 0
    endloop
  endfacet
  facet normal 0.9624552364536464 -0.2714404498650776 0
    outer loop
      vertex 42.38459458018833 -14.150203265468894 0
      vertex 42.32598271890639 -14.35802524939626 11.600000000000023
      vertex 42.32598271890639 -14.35802524939626 0
    endloop
  endfacet
  facet normal 0.980785280403231 -0.19509032201612572 0
    outer loop
      vertex 42.32598271890639 -14.35802524939626 0
      vertex 42.28385706336337 -14.569805221139365 11.600000000000023
      vertex 42.28385706336337 -14.569805221139365 0
    endloop
  endfacet
  facet normal 0.346117057077488 -0.938191335922486 0
    outer loop
      vertex 43.947620560996 -12.459331285593962 0
      vertex 44.150203265468896 -12.384594580188327 0
      vertex 43.947620560996 -12.459331285593962 11.600000000000023
    endloop
  endfacet
  facet normal 0.27144044986507543 -0.962455236453647 0
    outer loop
      vertex 44.150203265468896 -12.384594580188327 0
      vertex 44.35802524939626 -12.325982718906388 0
      vertex 44.150203265468896 -12.384594580188327 11.600000000000023
    endloop
  endfacet
  facet normal 0.19509032201613202 -0.9807852804032297 0
    outer loop
      vertex 44.56980522113936 -12.28385706336337 0
      vertex 44.35802524939626 -12.325982718906388 11.600000000000023
      vertex 44.35802524939626 -12.325982718906388 0
    endloop
  endfacet
  facet normal 0.11753739745783427 -0.9930684569549267 0
    outer loop
      vertex 44.56980522113936 -12.28385706336337 0
      vertex 44.784237486748424 -12.258477332233898 0
      vertex 44.56980522113936 -12.28385706336337 11.600000000000023
    endloop
  endfacet
  facet normal 0.03925981575906894 -0.9992290362407229 0
    outer loop
      vertex 44.784237486748424 -12.258477332233898 0
      vertex 45 -12.25 0
      vertex 44.784237486748424 -12.258477332233898 11.600000000000023
    endloop
  endfacet
  facet normal -0.03925981575906894 -0.9992290362407229 0
    outer loop
      vertex 45 -12.25 0
      vertex 45.215762513251576 -12.258477332233898 0
      vertex 45 -12.25 11.600000000000023
    endloop
  endfacet
  facet normal -0.11753739745783427 -0.9930684569549267 0
    outer loop
      vertex 45.215762513251576 -12.258477332233898 0
      vertex 45.43019477886064 -12.28385706336337 0
      vertex 45.215762513251576 -12.258477332233898 11.600000000000023
    endloop
  endfacet
  facet normal 0.9930684569549247 -0.11753739745785144 0
    outer loop
      vertex 42.28385706336337 -14.569805221139365 0
      vertex 42.258477332233895 -14.784237486748426 11.600000000000023
      vertex 42.258477332233895 -14.784237486748426 0
    endloop
  endfacet
  facet normal 0.9992290362407236 -0.03925981575905284 0
    outer loop
      vertex 42.258477332233895 -14.784237486748426 0
      vertex 42.25 -15 11.600000000000023
      vertex 42.25 -15 0
    endloop
  endfacet
  facet normal 0.9992290362407236 0.03925981575905284 0
    outer loop
      vertex 42.25 -15 0
      vertex 42.258477332233895 -15.215762513251574 11.600000000000023
      vertex 42.258477332233895 -15.215762513251574 0
    endloop
  endfacet
  facet normal 0.9930684569549247 0.11753739745785144 0
    outer loop
      vertex 42.258477332233895 -15.215762513251574 0
      vertex 42.28385706336337 -15.430194778860635 11.600000000000023
      vertex 42.28385706336337 -15.430194778860635 0
    endloop
  endfacet
  facet normal 0.980785280403231 0.19509032201612572 0
    outer loop
      vertex 42.28385706336337 -15.430194778860635 0
      vertex 42.32598271890639 -15.64197475060374 11.600000000000023
      vertex 42.32598271890639 -15.64197475060374 0
    endloop
  endfacet
  facet normal 0.9624552364536464 0.2714404498650776 0
    outer loop
      vertex 42.32598271890639 -15.64197475060374 0
      vertex 42.38459458018833 -15.849796734531106 11.600000000000023
      vertex 42.38459458018833 -15.849796734531106 0
    endloop
  endfacet
  facet normal 0.938191335922483 0.34611705707749596 0
    outer loop
      vertex 42.38459458018833 -15.849796734531106 0
      vertex 42.45933128559396 -16.052379439003996 11.600000000000023
      vertex 42.45933128559396 -16.052379439003996 0
    endloop
  endfacet
  facet normal 0.9081431738250862 0.41865973753741736 0
    outer loop
      vertex 42.45933128559396 -16.052379439003996 0
      vertex 42.549732058481986 -16.248473874283754 11.600000000000023
      vertex 42.549732058481986 -16.248473874283754 0
    endloop
  endfacet
  facet normal 0.8724960070727941 0.48862124149696035 0
    outer loop
      vertex 42.549732058481986 -16.248473874283754 0
      vertex 42.655239548026245 -16.436871052968858 11.600000000000023
      vertex 42.655239548026245 -16.436871052968858 0
    endloop
  endfacet
  facet normal 0.8314696123025404 0.5555702330196093 0
    outer loop
      vertex 42.655239548026245 -16.436871052968858 0
      vertex 42.775203265468896 -16.6164094438043 11.600000000000023
      vertex 42.775203265468896 -16.6164094438043 0
    endloop
  endfacet
  facet normal 0.7853169308807487 0.6190939493098291 0
    outer loop
      vertex 42.775203265468896 -16.6164094438043 0
      vertex 42.908883594599914 -16.785982132908003 11.600000000000023
      vertex 42.908883594599914 -16.785982132908003 0
    endloop
  endfacet
  facet normal 0.7343225094356927 0.6788007455329341 0
    outer loop
      vertex 42.908883594599914 -16.785982132908003 0
      vertex 43.05545635173699 -16.944543648263007 11.600000000000023
      vertex 43.05545635173699 -16.944543648263007 0
    endloop
  endfacet
  facet normal 0.6788007455329341 0.7343225094356927 0
    outer loop
      vertex 43.05545635173699 -16.944543648263007 0
      vertex 43.214017867092 -17.091116405400086 11.600000000000023
      vertex 43.214017867092 -17.091116405400086 0
    endloop
  endfacet
  facet normal 0.6190939493098291 0.7853169308807487 0
    outer loop
      vertex 43.214017867092 -17.091116405400086 0
      vertex 43.3835905561957 -17.224796734531104 11.600000000000023
      vertex 43.3835905561957 -17.224796734531104 0
    endloop
  endfacet
  facet normal 0.555570233019617 0.8314696123025354 0
    outer loop
      vertex 43.3835905561957 -17.224796734531104 0
      vertex 43.56312894703114 -17.344760451973755 11.600000000000023
      vertex 43.56312894703114 -17.344760451973755 0
    endloop
  endfacet
  facet normal 0.48862124149694075 0.872496007072805 0
    outer loop
      vertex 43.56312894703114 -17.344760451973755 0
      vertex 43.751526125716246 -17.45026794151801 11.600000000000023
      vertex 43.751526125716246 -17.45026794151801 0
    endloop
  endfacet
  facet normal 0.41865973753743724 0.908143173825077 0
    outer loop
      vertex 43.751526125716246 -17.45026794151801 0
      vertex 43.947620560996 -17.54066871440604 11.600000000000023
      vertex 43.947620560996 -17.54066871440604 0
    endloop
  endfacet
  facet normal 0.346117057077488 0.938191335922486 0
    outer loop
      vertex 43.947620560996 -17.54066871440604 0
      vertex 44.150203265468896 -17.615405419811673 11.600000000000023
      vertex 44.150203265468896 -17.615405419811673 0
    endloop
  endfacet
  facet normal 0.27144044986507543 0.962455236453647 0
    outer loop
      vertex 44.150203265468896 -17.615405419811673 0
      vertex 44.35802524939626 -17.67401728109361 11.600000000000023
      vertex 44.35802524939626 -17.67401728109361 0
    endloop
  endfacet
  facet normal 0.19509032201613202 0.9807852804032297 0
    outer loop
      vertex 44.35802524939626 -17.67401728109361 0
      vertex 44.56980522113936 -17.71614293663663 11.600000000000023
      vertex 44.56980522113936 -17.71614293663663 0
    endloop
  endfacet
  facet normal 0.11753739745783427 0.9930684569549267 0
    outer loop
      vertex 44.56980522113936 -17.71614293663663 0
      vertex 44.784237486748424 -17.7415226677661 11.600000000000023
      vertex 44.784237486748424 -17.7415226677661 0
    endloop
  endfacet
  facet normal 0.03925981575906894 0.9992290362407229 0
    outer loop
      vertex 44.784237486748424 -17.7415226677661 0
      vertex 45 -17.75 11.600000000000023
      vertex 45 -17.75 0
    endloop
  endfacet
  facet normal -0.03925981575906894 0.9992290362407229 0
    outer loop
      vertex 45 -17.75 0
      vertex 45.215762513251576 -17.7415226677661 11.600000000000023
      vertex 45.215762513251576 -17.7415226677661 0
    endloop
  endfacet
  facet normal -0.11753739745783427 0.9930684569549267 0
    outer loop
      vertex 45.215762513251576 -17.7415226677661 0
      vertex 45.43019477886064 -17.71614293663663 11.600000000000023
      vertex 45.43019477886064 -17.71614293663663 0
    endloop
  endfacet
  facet normal -0.19509032201613202 -0.9807852804032297 0
    outer loop
      vertex 45.43019477886064 -12.28385706336337 0
      vertex 45.64197475060374 -12.325982718906388 0
      vertex 45.43019477886064 -12.28385706336337 11.600000000000023
    endloop
  endfacet
  facet normal -0.27144044986507543 -0.962455236453647 0
    outer loop
      vertex 45.64197475060374 -12.325982718906388 0
      vertex 45.849796734531104 -12.384594580188327 0
      vertex 45.64197475060374 -12.325982718906388 11.600000000000023
    endloop
  endfacet
  facet normal -0.346117057077488 -0.938191335922486 0
    outer loop
      vertex 45.849796734531104 -12.384594580188327 0
      vertex 46.052379439004 -12.459331285593962 0
      vertex 45.849796734531104 -12.384594580188327 11.600000000000023
    endloop
  endfacet
  facet normal -0.41865973753743047 -0.9081431738250803 0
    outer loop
      vertex 46.052379439004 -12.459331285593962 0
      vertex 46.248473874283754 -12.549732058481988 0
      vertex 46.052379439004 -12.459331285593962 11.600000000000023
    endloop
  endfacet
  facet normal -0.48862124149695335 -0.872496007072798 0
    outer loop
      vertex 46.248473874283754 -12.549732058481988 0
      vertex 46.43687105296886 -12.655239548026247 0
      vertex 46.248473874283754 -12.549732058481988 11.600000000000023
    endloop
  endfacet
  facet normal -0.5555702330196056 -0.831469612302543 0
    outer loop
      vertex 46.43687105296886 -12.655239548026247 0
      vertex 46.6164094438043 -12.775203265468894 0
      vertex 46.43687105296886 -12.655239548026247 11.600000000000023
    endloop
  endfacet
  facet normal -0.6190939493098393 -0.7853169308807408 0
    outer loop
      vertex 46.6164094438043 -12.775203265468894 0
      vertex 46.785982132908 -12.908883594599915 0
      vertex 46.6164094438043 -12.775203265468894 11.600000000000023
    endloop
  endfacet
  facet normal -0.6788007455329341 -0.7343225094356927 0
    outer loop
      vertex 46.785982132908 -12.908883594599915 0
      vertex 46.94454364826301 -13.055456351736995 0
      vertex 46.785982132908 -12.908883594599915 11.600000000000023
    endloop
  endfacet
  facet normal -0.734322509435685 -0.6788007455329423 0
    outer loop
      vertex 46.94454364826301 -13.055456351736995 0
      vertex 47.091116405400086 -13.214017867091995 0
      vertex 46.94454364826301 -13.055456351736995 11.600000000000023
    endloop
  endfacet
  facet normal -0.7853169308807519 -0.6190939493098252 0
    outer loop
      vertex 47.091116405400086 -13.214017867091995 0
      vertex 47.224796734531104 -13.3835905561957 0
      vertex 47.091116405400086 -13.214017867091995 11.600000000000023
    endloop
  endfacet
  facet normal -0.831469612302538 -0.5555702330196132 0
    outer loop
      vertex 47.224796734531104 -13.3835905561957 0
      vertex 47.344760451973755 -13.56312894703114 0
      vertex 47.224796734531104 -13.3835905561957 11.600000000000023
    endloop
  endfacet
  facet normal -0.8724960070727961 -0.4886212414969569 0
    outer loop
      vertex 47.344760451973755 -13.56312894703114 0
      vertex 47.450267941518014 -13.751526125716246 0
      vertex 47.344760451973755 -13.56312894703114 11.600000000000023
    endloop
  endfacet
  facet normal -0.9081431738250862 -0.41865973753741736 0
    outer loop
      vertex 47.450267941518014 -13.751526125716246 0
      vertex 47.54066871440604 -13.947620560996004 0
      vertex 47.450267941518014 -13.751526125716246 11.600000000000023
    endloop
  endfacet
  facet normal -0.938191335922483 -0.34611705707749596 0
    outer loop
      vertex 47.54066871440604 -13.947620560996004 0
      vertex 47.61540541981167 -14.150203265468894 0
      vertex 47.54066871440604 -13.947620560996004 11.600000000000023
    endloop
  endfacet
  facet normal -0.9624552364536464 -0.2714404498650776 0
    outer loop
      vertex 47.61540541981167 -14.150203265468894 0
      vertex 47.67401728109361 -14.35802524939626 0
      vertex 47.61540541981167 -14.150203265468894 11.600000000000023
    endloop
  endfacet
  facet normal -0.980785280403231 -0.19509032201612572 0
    outer loop
      vertex 47.67401728109361 -14.35802524939626 0
      vertex 47.71614293663663 -14.569805221139365 0
      vertex 47.67401728109361 -14.35802524939626 11.600000000000023
    endloop
  endfacet
  facet normal -0.6788007455329341 0.7343225094356927 0
    outer loop
      vertex 46.94454364826301 -16.944543648263007 0
      vertex 46.785982132908 -17.091116405400086 0
      vertex 46.94454364826301 -16.944543648263007 11.600000000000023
    endloop
  endfacet
  facet normal -0.7343225094356927 0.6788007455329341 0
    outer loop
      vertex 47.091116405400086 -16.785982132908003 0
      vertex 46.94454364826301 -16.944543648263007 0
      vertex 47.091116405400086 -16.785982132908003 11.600000000000023
    endloop
  endfacet
  facet normal -0.9930684569549247 -0.11753739745785144 0
    outer loop
      vertex 47.71614293663663 -14.569805221139365 0
      vertex 47.741522667766105 -14.784237486748426 0
      vertex 47.71614293663663 -14.569805221139365 11.600000000000023
    endloop
  endfacet
  facet normal -0.9992290362407236 -0.03925981575905284 0
    outer loop
      vertex 47.741522667766105 -14.784237486748426 0
      vertex 47.75 -15 0
      vertex 47.741522667766105 -14.784237486748426 11.600000000000023
    endloop
  endfacet
  facet normal -0.9992290362407236 0.03925981575905284 0
    outer loop
      vertex 47.75 -15 0
      vertex 47.741522667766105 -15.215762513251574 0
      vertex 47.75 -15 11.600000000000023
    endloop
  endfacet
  facet normal -0.9930684569549247 0.11753739745785144 0
    outer loop
      vertex 47.71614293663663 -15.430194778860635 0
      vertex 47.741522667766105 -15.215762513251574 11.600000000000023
      vertex 47.741522667766105 -15.215762513251574 0
    endloop
  endfacet
  facet normal -0.980785280403231 0.19509032201612572 0
    outer loop
      vertex 47.71614293663663 -15.430194778860635 0
      vertex 47.67401728109361 -15.64197475060374 0
      vertex 47.71614293663663 -15.430194778860635 11.600000000000023
    endloop
  endfacet
  facet normal -0.9624552364536464 0.2714404498650776 0
    outer loop
      vertex 47.67401728109361 -15.64197475060374 0
      vertex 47.61540541981167 -15.849796734531106 0
      vertex 47.67401728109361 -15.64197475060374 11.600000000000023
    endloop
  endfacet
  facet normal -0.9081431738250862 0.41865973753741736 0
    outer loop
      vertex 47.450267941518014 -16.248473874283754 0
      vertex 47.54066871440604 -16.052379439003996 11.600000000000023
      vertex 47.54066871440604 -16.052379439003996 0
    endloop
  endfacet
  facet normal -0.8724960070727941 0.48862124149696035 0
    outer loop
      vertex 47.450267941518014 -16.248473874283754 0
      vertex 47.344760451973755 -16.436871052968858 0
      vertex 47.450267941518014 -16.248473874283754 11.600000000000023
    endloop
  endfacet
  facet normal -0.938191335922483 0.34611705707749596 0
    outer loop
      vertex 47.61540541981167 -15.849796734531106 0
      vertex 47.54066871440604 -16.052379439003996 0
      vertex 47.61540541981167 -15.849796734531106 11.600000000000023
    endloop
  endfacet
  facet normal -0.8314696123025404 0.5555702330196093 0
    outer loop
      vertex 47.224796734531104 -16.6164094438043 0
      vertex 47.344760451973755 -16.436871052968858 11.600000000000023
      vertex 47.344760451973755 -16.436871052968858 0
    endloop
  endfacet
  facet normal -0.7853169308807487 0.6190939493098291 0
    outer loop
      vertex 47.091116405400086 -16.785982132908003 0
      vertex 47.224796734531104 -16.6164094438043 11.600000000000023
      vertex 47.224796734531104 -16.6164094438043 0
    endloop
  endfacet
  facet normal -0.346117057077488 0.938191335922486 0
    outer loop
      vertex 45.849796734531104 -17.615405419811673 0
      vertex 46.052379439004 -17.54066871440604 11.600000000000023
      vertex 46.052379439004 -17.54066871440604 0
    endloop
  endfacet
  facet normal -0.41865973753743724 0.908143173825077 0
    outer loop
      vertex 46.052379439004 -17.54066871440604 0
      vertex 46.248473874283754 -17.45026794151801 11.600000000000023
      vertex 46.248473874283754 -17.45026794151801 0
    endloop
  endfacet
  facet normal -0.19509032201613202 0.9807852804032297 0
    outer loop
      vertex 45.43019477886064 -17.71614293663663 0
      vertex 45.64197475060374 -17.67401728109361 11.600000000000023
      vertex 45.64197475060374 -17.67401728109361 0
    endloop
  endfacet
  facet normal -0.27144044986507543 0.962455236453647 0
    outer loop
      vertex 45.849796734531104 -17.615405419811673 0
      vertex 45.64197475060374 -17.67401728109361 0
      vertex 45.849796734531104 -17.615405419811673 11.600000000000023
    endloop
  endfacet
  facet normal -0.555570233019617 0.8314696123025354 0
    outer loop
      vertex 46.6164094438043 -17.224796734531104 0
      vertex 46.43687105296886 -17.344760451973755 0
      vertex 46.6164094438043 -17.224796734531104 11.600000000000023
    endloop
  endfacet
  facet normal -0.48862124149694075 0.872496007072805 0
    outer loop
      vertex 46.248473874283754 -17.45026794151801 0
      vertex 46.43687105296886 -17.344760451973755 11.600000000000023
      vertex 46.43687105296886 -17.344760451973755 0
    endloop
  endfacet
  facet normal -0.6190939493098291 0.7853169308807487 0
    outer loop
      vertex 46.6164094438043 -17.224796734531104 0
      vertex 46.785982132908 -17.091116405400086 11.600000000000023
      vertex 46.785982132908 -17.091116405400086 0
    endloop
  endfacet
  facet normal 0.734322509435685 -0.6788007455329423 0
    outer loop
      vertex 43.05545635173699 -13.055456351736995 0
      vertex 43.05545635173699 -13.055456351736995 11.600000000000023
      vertex 42.908883594599914 -13.214017867091995 11.600000000000023
    endloop
  endfacet
  facet normal 0.48862124149695335 -0.872496007072798 0
    outer loop
      vertex 43.751526125716246 -12.549732058481988 0
      vertex 43.751526125716246 -12.549732058481988 11.600000000000023
      vertex 43.56312894703114 -12.655239548026247 11.600000000000023
    endloop
  endfacet
  facet normal 0.6190939493098393 -0.7853169308807408 0
    outer loop
      vertex 43.3835905561957 -12.775203265468894 0
      vertex 43.3835905561957 -12.775203265468894 11.600000000000023
      vertex 43.214017867092 -12.908883594599915 11.600000000000023
    endloop
  endfacet
  facet normal 0.6788007455329341 -0.7343225094356927 0
    outer loop
      vertex 43.214017867092 -12.908883594599915 0
      vertex 43.214017867092 -12.908883594599915 11.600000000000023
      vertex 43.05545635173699 -13.055456351736995 11.600000000000023
    endloop
  endfacet
  facet normal 0.5555702330196056 -0.831469612302543 0
    outer loop
      vertex 43.56312894703114 -12.655239548026247 0
      vertex 43.56312894703114 -12.655239548026247 11.600000000000023
      vertex 43.3835905561957 -12.775203265468894 11.600000000000023
    endloop
  endfacet
  facet normal 0.8724960070727961 -0.4886212414969569 0
    outer loop
      vertex 42.655239548026245 -13.56312894703114 0
      vertex 42.655239548026245 -13.56312894703114 11.600000000000023
      vertex 42.549732058481986 -13.751526125716246 11.600000000000023
    endloop
  endfacet
  facet normal 0.9081431738250862 -0.41865973753741736 0
    outer loop
      vertex 42.549732058481986 -13.751526125716246 0
      vertex 42.549732058481986 -13.751526125716246 11.600000000000023
      vertex 42.45933128559396 -13.947620560996004 11.600000000000023
    endloop
  endfacet
  facet normal 0.831469612302538 -0.5555702330196132 0
    outer loop
      vertex 42.775203265468896 -13.3835905561957 0
      vertex 42.775203265468896 -13.3835905561957 11.600000000000023
      vertex 42.655239548026245 -13.56312894703114 11.600000000000023
    endloop
  endfacet
  facet normal 0.7853169308807519 -0.6190939493098252 0
    outer loop
      vertex 42.908883594599914 -13.214017867091995 0
      vertex 42.908883594599914 -13.214017867091995 11.600000000000023
      vertex 42.775203265468896 -13.3835905561957 11.600000000000023
    endloop
  endfacet
  facet normal 0.938191335922483 -0.34611705707749596 0
    outer loop
      vertex 42.45933128559396 -13.947620560996004 0
      vertex 42.45933128559396 -13.947620560996004 11.600000000000023
      vertex 42.38459458018833 -14.150203265468894 11.600000000000023
    endloop
  endfacet
  facet normal 0.9624552364536464 -0.2714404498650776 0
    outer loop
      vertex 42.38459458018833 -14.150203265468894 0
      vertex 42.38459458018833 -14.150203265468894 11.600000000000023
      vertex 42.32598271890639 -14.35802524939626 11.600000000000023
    endloop
  endfacet
  facet normal 0.980785280403231 -0.19509032201612572 0
    outer loop
      vertex 42.32598271890639 -14.35802524939626 0
      vertex 42.32598271890639 -14.35802524939626 11.600000000000023
      vertex 42.28385706336337 -14.569805221139365 11.600000000000023
    endloop
  endfacet
  facet normal 0.41865973753743047 -0.9081431738250803 0
    outer loop
      vertex 43.947620560996 -12.459331285593962 0
      vertex 43.947620560996 -12.459331285593962 11.600000000000023
      vertex 43.751526125716246 -12.549732058481988 11.600000000000023
    endloop
  endfacet
  facet normal 0.346117057077488 -0.938191335922486 0
    outer loop
      vertex 44.150203265468896 -12.384594580188327 0
      vertex 44.150203265468896 -12.384594580188327 11.600000000000023
      vertex 43.947620560996 -12.459331285593962 11.600000000000023
    endloop
  endfacet
  facet normal 0.19509032201613202 -0.9807852804032297 0
    outer loop
      vertex 44.56980522113936 -12.28385706336337 0
      vertex 44.56980522113936 -12.28385706336337 11.600000000000023
      vertex 44.35802524939626 -12.325982718906388 11.600000000000023
    endloop
  endfacet
  facet normal 0.27144044986507543 -0.962455236453647 0
    outer loop
      vertex 44.35802524939626 -12.325982718906388 0
      vertex 44.35802524939626 -12.325982718906388 11.600000000000023
      vertex 44.150203265468896 -12.384594580188327 11.600000000000023
    endloop
  endfacet
  facet normal 0.11753739745783427 -0.9930684569549267 0
    outer loop
      vertex 44.784237486748424 -12.258477332233898 0
      vertex 44.784237486748424 -12.258477332233898 11.600000000000023
      vertex 44.56980522113936 -12.28385706336337 11.600000000000023
    endloop
  endfacet
  facet normal 0.03925981575906894 -0.9992290362407229 0
    outer loop
      vertex 45 -12.25 0
      vertex 45 -12.25 11.600000000000023
      vertex 44.784237486748424 -12.258477332233898 11.600000000000023
    endloop
  endfacet
  facet normal -0.03925981575906894 -0.9992290362407229 0
    outer loop
      vertex 45.215762513251576 -12.258477332233898 0
      vertex 45.215762513251576 -12.258477332233898 11.600000000000023
      vertex 45 -12.25 11.600000000000023
    endloop
  endfacet
  facet normal -0.11753739745783427 -0.9930684569549267 0
    outer loop
      vertex 45.43019477886064 -12.28385706336337 0
      vertex 45.43019477886064 -12.28385706336337 11.600000000000023
      vertex 45.215762513251576 -12.258477332233898 11.600000000000023
    endloop
  endfacet
  facet normal 0.9930684569549247 -0.11753739745785144 0
    outer loop
      vertex 42.28385706336337 -14.569805221139365 0
      vertex 42.28385706336337 -14.569805221139365 11.600000000000023
      vertex 42.258477332233895 -14.784237486748426 11.600000000000023
    endloop
  endfacet
  facet normal 0.9992290362407236 -0.03925981575905284 0
    outer loop
      vertex 42.258477332233895 -14.784237486748426 0
      vertex 42.258477332233895 -14.784237486748426 11.600000000000023
      vertex 42.25 -15 11.600000000000023
    endloop
  endfacet
  facet normal 0.9992290362407236 0.03925981575905284 0
    outer loop
      vertex 42.25 -15 0
      vertex 42.25 -15 11.600000000000023
      vertex 42.258477332233895 -15.215762513251574 11.600000000000023
    endloop
  endfacet
  facet normal 0.9930684569549247 0.11753739745785144 0
    outer loop
      vertex 42.258477332233895 -15.215762513251574 0
      vertex 42.258477332233895 -15.215762513251574 11.600000000000023
      vertex 42.28385706336337 -15.430194778860635 11.600000000000023
    endloop
  endfacet
  facet normal 0.980785280403231 0.19509032201612572 0
    outer loop
      vertex 42.28385706336337 -15.430194778860635 0
      vertex 42.28385706336337 -15.430194778860635 11.600000000000023
      vertex 42.32598271890639 -15.64197475060374 11.600000000000023
    endloop
  endfacet
  facet normal 0.9624552364536464 0.2714404498650776 0
    outer loop
      vertex 42.32598271890639 -15.64197475060374 0
      vertex 42.32598271890639 -15.64197475060374 11.600000000000023
      vertex 42.38459458018833 -15.849796734531106 11.600000000000023
    endloop
  endfacet
  facet normal 0.938191335922483 0.34611705707749596 0
    outer loop
      vertex 42.38459458018833 -15.849796734531106 0
      vertex 42.38459458018833 -15.849796734531106 11.600000000000023
      vertex 42.45933128559396 -16.052379439003996 11.600000000000023
    endloop
  endfacet
  facet normal 0.9081431738250862 0.41865973753741736 0
    outer loop
      vertex 42.45933128559396 -16.052379439003996 0
      vertex 42.45933128559396 -16.052379439003996 11.600000000000023
      vertex 42.549732058481986 -16.248473874283754 11.600000000000023
    endloop
  endfacet
  facet normal 0.8724960070727941 0.48862124149696035 0
    outer loop
      vertex 42.549732058481986 -16.248473874283754 0
      vertex 42.549732058481986 -16.248473874283754 11.600000000000023
      vertex 42.655239548026245 -16.436871052968858 11.600000000000023
    endloop
  endfacet
  facet normal 0.8314696123025404 0.5555702330196093 0
    outer loop
      vertex 42.655239548026245 -16.436871052968858 0
      vertex 42.655239548026245 -16.436871052968858 11.600000000000023
      vertex 42.775203265468896 -16.6164094438043 11.600000000000023
    endloop
  endfacet
  facet normal 0.7853169308807487 0.6190939493098291 0
    outer loop
      vertex 42.775203265468896 -16.6164094438043 0
      vertex 42.775203265468896 -16.6164094438043 11.600000000000023
      vertex 42.908883594599914 -16.785982132908003 11.600000000000023
    endloop
  endfacet
  facet normal 0.7343225094356927 0.6788007455329341 0
    outer loop
      vertex 42.908883594599914 -16.785982132908003 0
      vertex 42.908883594599914 -16.785982132908003 11.600000000000023
      vertex 43.05545635173699 -16.944543648263007 11.600000000000023
    endloop
  endfacet
  facet normal 0.6788007455329341 0.7343225094356927 0
    outer loop
      vertex 43.05545635173699 -16.944543648263007 0
      vertex 43.05545635173699 -16.944543648263007 11.600000000000023
      vertex 43.214017867092 -17.091116405400086 11.600000000000023
    endloop
  endfacet
  facet normal 0.6190939493098291 0.7853169308807487 0
    outer loop
      vertex 43.214017867092 -17.091116405400086 0
      vertex 43.214017867092 -17.091116405400086 11.600000000000023
      vertex 43.3835905561957 -17.224796734531104 11.600000000000023
    endloop
  endfacet
  facet normal 0.555570233019617 0.8314696123025354 0
    outer loop
      vertex 43.3835905561957 -17.224796734531104 0
      vertex 43.3835905561957 -17.224796734531104 11.600000000000023
      vertex 43.56312894703114 -17.344760451973755 11.600000000000023
    endloop
  endfacet
  facet normal 0.48862124149694075 0.872496007072805 0
    outer loop
      vertex 43.56312894703114 -17.344760451973755 0
      vertex 43.56312894703114 -17.344760451973755 11.600000000000023
      vertex 43.751526125716246 -17.45026794151801 11.600000000000023
    endloop
  endfacet
  facet normal 0.41865973753743724 0.908143173825077 0
    outer loop
      vertex 43.751526125716246 -17.45026794151801 0
      vertex 43.751526125716246 -17.45026794151801 11.600000000000023
      vertex 43.947620560996 -17.54066871440604 11.600000000000023
    endloop
  endfacet
  facet normal 0.346117057077488 0.938191335922486 0
    outer loop
      vertex 43.947620560996 -17.54066871440604 0
      vertex 43.947620560996 -17.54066871440604 11.600000000000023
      vertex 44.150203265468896 -17.615405419811673 11.600000000000023
    endloop
  endfacet
  facet normal 0.27144044986507543 0.962455236453647 0
    outer loop
      vertex 44.150203265468896 -17.615405419811673 0
      vertex 44.150203265468896 -17.615405419811673 11.600000000000023
      vertex 44.35802524939626 -17.67401728109361 11.600000000000023
    endloop
  endfacet
  facet normal 0.19509032201613202 0.9807852804032297 0
    outer loop
      vertex 44.35802524939626 -17.67401728109361 0
      vertex 44.35802524939626 -17.67401728109361 11.600000000000023
      vertex 44.56980522113936 -17.71614293663663 11.600000000000023
    endloop
  endfacet
  facet normal 0.11753739745783427 0.9930684569549267 0
    outer loop
      vertex 44.56980522113936 -17.71614293663663 0
      vertex 44.56980522113936 -17.71614293663663 11.600000000000023
      vertex 44.784237486748424 -17.7415226677661 11.600000000000023
    endloop
  endfacet
  facet normal 0.03925981575906894 0.9992290362407229 0
    outer loop
      vertex 44.784237486748424 -17.7415226677661 0
      vertex 44.784237486748424 -17.7415226677661 11.600000000000023
      vertex 45 -17.75 11.600000000000023
    endloop
  endfacet
  facet normal -0.03925981575906894 0.9992290362407229 0
    outer loop
      vertex 45 -17.75 0
      vertex 45 -17.75 11.600000000000023
      vertex 45.215762513251576 -17.7415226677661 11.600000000000023
    endloop
  endfacet
  facet normal -0.11753739745783427 0.9930684569549267 0
    outer loop
      vertex 45.215762513251576 -17.7415226677661 0
      vertex 45.215762513251576 -17.7415226677661 11.600000000000023
      vertex 45.43019477886064 -17.71614293663663 11.600000000000023
    endloop
  endfacet
  facet normal -0.19509032201613202 -0.9807852804032297 0
    outer loop
      vertex 45.64197475060374 -12.325982718906388 0
      vertex 45.64197475060374 -12.325982718906388 11.600000000000023
      vertex 45.43019477886064 -12.28385706336337 11.600000000000023
    endloop
  endfacet
  facet normal -0.27144044986507543 -0.962455236453647 0
    outer loop
      vertex 45.849796734531104 -12.384594580188327 0
      vertex 45.849796734531104 -12.384594580188327 11.600000000000023
      vertex 45.64197475060374 -12.325982718906388 11.600000000000023
    endloop
  endfacet
  facet normal -0.346117057077488 -0.938191335922486 0
    outer loop
      vertex 46.052379439004 -12.459331285593962 0
      vertex 46.052379439004 -12.459331285593962 11.600000000000023
      vertex 45.849796734531104 -12.384594580188327 11.600000000000023
    endloop
  endfacet
  facet normal -0.41865973753743047 -0.9081431738250803 0
    outer loop
      vertex 46.248473874283754 -12.549732058481988 0
      vertex 46.248473874283754 -12.549732058481988 11.600000000000023
      vertex 46.052379439004 -12.459331285593962 11.600000000000023
    endloop
  endfacet
  facet normal -0.48862124149695335 -0.872496007072798 0
    outer loop
      vertex 46.43687105296886 -12.655239548026247 0
      vertex 46.43687105296886 -12.655239548026247 11.600000000000023
      vertex 46.248473874283754 -12.549732058481988 11.600000000000023
    endloop
  endfacet
  facet normal -0.5555702330196056 -0.831469612302543 0
    outer loop
      vertex 46.6164094438043 -12.775203265468894 0
      vertex 46.6164094438043 -12.775203265468894 11.600000000000023
      vertex 46.43687105296886 -12.655239548026247 11.600000000000023
    endloop
  endfacet
  facet normal -0.6190939493098393 -0.7853169308807408 0
    outer loop
      vertex 46.785982132908 -12.908883594599915 0
      vertex 46.785982132908 -12.908883594599915 11.600000000000023
      vertex 46.6164094438043 -12.775203265468894 11.600000000000023
    endloop
  endfacet
  facet normal -0.6788007455329341 -0.7343225094356927 0
    outer loop
      vertex 46.94454364826301 -13.055456351736995 0
      vertex 46.94454364826301 -13.055456351736995 11.600000000000023
      vertex 46.785982132908 -12.908883594599915 11.600000000000023
    endloop
  endfacet
  facet normal -0.734322509435685 -0.6788007455329423 0
    outer loop
      vertex 47.091116405400086 -13.214017867091995 0
      vertex 47.091116405400086 -13.214017867091995 11.600000000000023
      vertex 46.94454364826301 -13.055456351736995 11.600000000000023
    endloop
  endfacet
  facet normal -0.7853169308807519 -0.6190939493098252 0
    outer loop
      vertex 47.224796734531104 -13.3835905561957 0
      vertex 47.224796734531104 -13.3835905561957 11.600000000000023
      vertex 47.091116405400086 -13.214017867091995 11.600000000000023
    endloop
  endfacet
  facet normal -0.831469612302538 -0.5555702330196132 0
    outer loop
      vertex 47.344760451973755 -13.56312894703114 0
      vertex 47.344760451973755 -13.56312894703114 11.600000000000023
      vertex 47.224796734531104 -13.3835905561957 11.600000000000023
    endloop
  endfacet
  facet normal -0.8724960070727961 -0.4886212414969569 0
    outer loop
      vertex 47.450267941518014 -13.751526125716246 0
      vertex 47.450267941518014 -13.751526125716246 11.600000000000023
      vertex 47.344760451973755 -13.56312894703114 11.600000000000023
    endloop
  endfacet
  facet normal -0.9081431738250862 -0.41865973753741736 0
    outer loop
      vertex 47.54066871440604 -13.947620560996004 0
      vertex 47.54066871440604 -13.947620560996004 11.600000000000023
      vertex 47.450267941518014 -13.751526125716246 11.600000000000023
    endloop
  endfacet
  facet normal -0.938191335922483 -0.34611705707749596 0
    outer loop
      vertex 47.61540541981167 -14.150203265468894 0
      vertex 47.61540541981167 -14.150203265468894 11.600000000000023
      vertex 47.54066871440604 -13.947620560996004 11.600000000000023
    endloop
  endfacet
  facet normal -0.9624552364536464 -0.2714404498650776 0
    outer loop
      vertex 47.67401728109361 -14.35802524939626 0
      vertex 47.67401728109361 -14.35802524939626 11.600000000000023
      vertex 47.61540541981167 -14.150203265468894 11.600000000000023
    endloop
  endfacet
  facet normal -0.980785280403231 -0.19509032201612572 0
    outer loop
      vertex 47.71614293663663 -14.569805221139365 0
      vertex 47.71614293663663 -14.569805221139365 11.600000000000023
      vertex 47.67401728109361 -14.35802524939626 11.600000000000023
    endloop
  endfacet
  facet normal -0.7343225094356927 0.6788007455329341 0
    outer loop
      vertex 46.94454364826301 -16.944543648263007 0
      vertex 46.94454364826301 -16.944543648263007 11.600000000000023
      vertex 47.091116405400086 -16.785982132908003 11.600000000000023
    endloop
  endfacet
  facet normal -0.9930684569549247 -0.11753739745785144 0
    outer loop
      vertex 47.741522667766105 -14.784237486748426 0
      vertex 47.741522667766105 -14.784237486748426 11.600000000000023
      vertex 47.71614293663663 -14.569805221139365 11.600000000000023
    endloop
  endfacet
  facet normal -0.9992290362407236 -0.03925981575905284 0
    outer loop
      vertex 47.75 -15 0
      vertex 47.75 -15 11.600000000000023
      vertex 47.741522667766105 -14.784237486748426 11.600000000000023
    endloop
  endfacet
  facet normal -0.9930684569549247 0.11753739745785144 0
    outer loop
      vertex 47.71614293663663 -15.430194778860635 0
      vertex 47.71614293663663 -15.430194778860635 11.600000000000023
      vertex 47.741522667766105 -15.215762513251574 11.600000000000023
    endloop
  endfacet
  facet normal -0.9992290362407236 0.03925981575905284 0
    outer loop
      vertex 47.741522667766105 -15.215762513251574 0
      vertex 47.741522667766105 -15.215762513251574 11.600000000000023
      vertex 47.75 -15 11.600000000000023
    endloop
  endfacet
  facet normal -0.980785280403231 0.19509032201612572 0
    outer loop
      vertex 47.67401728109361 -15.64197475060374 0
      vertex 47.67401728109361 -15.64197475060374 11.600000000000023
      vertex 47.71614293663663 -15.430194778860635 11.600000000000023
    endloop
  endfacet
  facet normal -0.9081431738250862 0.41865973753741736 0
    outer loop
      vertex 47.450267941518014 -16.248473874283754 0
      vertex 47.450267941518014 -16.248473874283754 11.600000000000023
      vertex 47.54066871440604 -16.052379439003996 11.600000000000023
    endloop
  endfacet
  facet normal -0.8724960070727941 0.48862124149696035 0
    outer loop
      vertex 47.344760451973755 -16.436871052968858 0
      vertex 47.344760451973755 -16.436871052968858 11.600000000000023
      vertex 47.450267941518014 -16.248473874283754 11.600000000000023
    endloop
  endfacet
  facet normal -0.9624552364536464 0.2714404498650776 0
    outer loop
      vertex 47.61540541981167 -15.849796734531106 0
      vertex 47.61540541981167 -15.849796734531106 11.600000000000023
      vertex 47.67401728109361 -15.64197475060374 11.600000000000023
    endloop
  endfacet
  facet normal -0.938191335922483 0.34611705707749596 0
    outer loop
      vertex 47.54066871440604 -16.052379439003996 0
      vertex 47.54066871440604 -16.052379439003996 11.600000000000023
      vertex 47.61540541981167 -15.849796734531106 11.600000000000023
    endloop
  endfacet
  facet normal -0.8314696123025404 0.5555702330196093 0
    outer loop
      vertex 47.224796734531104 -16.6164094438043 0
      vertex 47.224796734531104 -16.6164094438043 11.600000000000023
      vertex 47.344760451973755 -16.436871052968858 11.600000000000023
    endloop
  endfacet
  facet normal -0.7853169308807487 0.6190939493098291 0
    outer loop
      vertex 47.091116405400086 -16.785982132908003 0
      vertex 47.091116405400086 -16.785982132908003 11.600000000000023
      vertex 47.224796734531104 -16.6164094438043 11.600000000000023
    endloop
  endfacet
  facet normal -0.346117057077488 0.938191335922486 0
    outer loop
      vertex 45.849796734531104 -17.615405419811673 0
      vertex 45.849796734531104 -17.615405419811673 11.600000000000023
      vertex 46.052379439004 -17.54066871440604 11.600000000000023
    endloop
  endfacet
  facet normal -0.48862124149694075 0.872496007072805 0
    outer loop
      vertex 46.248473874283754 -17.45026794151801 0
      vertex 46.248473874283754 -17.45026794151801 11.600000000000023
      vertex 46.43687105296886 -17.344760451973755 11.600000000000023
    endloop
  endfacet
  facet normal -0.41865973753743724 0.908143173825077 0
    outer loop
      vertex 46.052379439004 -17.54066871440604 0
      vertex 46.052379439004 -17.54066871440604 11.600000000000023
      vertex 46.248473874283754 -17.45026794151801 11.600000000000023
    endloop
  endfacet
  facet normal -0.19509032201613202 0.9807852804032297 0
    outer loop
      vertex 45.43019477886064 -17.71614293663663 0
      vertex 45.43019477886064 -17.71614293663663 11.600000000000023
      vertex 45.64197475060374 -17.67401728109361 11.600000000000023
    endloop
  endfacet
  facet normal -0.27144044986507543 0.962455236453647 0
    outer loop
      vertex 45.64197475060374 -17.67401728109361 0
      vertex 45.64197475060374 -17.67401728109361 11.600000000000023
      vertex 45.849796734531104 -17.615405419811673 11.600000000000023
    endloop
  endfacet
  facet normal -0.555570233019617 0.8314696123025354 0
    outer loop
      vertex 46.43687105296886 -17.344760451973755 0
      vertex 46.43687105296886 -17.344760451973755 11.600000000000023
      vertex 46.6164094438043 -17.224796734531104 11.600000000000023
    endloop
  endfacet
  facet normal -0.6190939493098291 0.7853169308807487 0
    outer loop
      vertex 46.6164094438043 -17.224796734531104 0
      vertex 46.6164094438043 -17.224796734531104 11.600000000000023
      vertex 46.785982132908 -17.091116405400086 11.600000000000023
    endloop
  endfacet
  facet normal -0.6788007455329341 0.7343225094356927 0
    outer loop
      vertex 46.785982132908 -17.091116405400086 0
      vertex 46.785982132908 -17.091116405400086 11.600000000000023
      vertex 46.94454364826301 -16.944543648263007 11.600000000000023
    endloop
  endfacet
  facet normal 0 0 -1
    outer loop
      vertex 0 0 0
      vertex 10.150203265468894 -2.884594580188328 0
      vertex 9.947620560996004 -2.9593312855939615 0
    endloop
  endfacet
  facet normal 0 0 -1
    outer loop
      vertex 0 0 0
      vertex 10.35802524939626 -2.8259827189063893 0
      vertex 10.150203265468894 -2.884594580188328 0
    endloop
  endfacet
  facet normal 0 0 -1
    outer loop
      vertex 0 0 0
      vertex 10.569805221139365 -2.7838570633633712 0
      vertex 10.35802524939626 -2.8259827189063893 0
    endloop
  endfacet
  facet normal 0 0 -1
    outer loop
      vertex 0 0 0
      vertex 10.784237486748426 -2.7584773322338982 0
      vertex 10.569805221139365 -2.7838570633633712 0
    endloop
  endfacet
  facet normal 0 0 -1
    outer loop
      vertex 0 0 0
      vertex 8.549732058481988 -4.251526125716246 0
      vertex 8.459331285593962 -4.447620560996003 0
    endloop
  endfacet
  facet normal 0 0 -1
    outer loop
      vertex 0 0 0
      vertex 8.459331285593962 -4.447620560996003 0
      vertex 8.384594580188327 -4.650203265468894 0
    endloop
  endfacet
  facet normal 0 0 -1
    outer loop
      vertex 0 0 0
      vertex 8.384594580188327 -4.650203265468894 0
      vertex 8.325982718906388 -4.85802524939626 0
    endloop
  endfacet
  facet normal 0 0 -1
    outer loop
      vertex 0 0 0
      vertex 9.055456351736995 -3.555456351736994 0
      vertex 8.908883594599915 -3.7140178670919948 0
    endloop
  endfacet
  facet normal 0 0 -1
    outer loop
      vertex 0 0 0
      vertex 9.214017867091995 -3.408883594599915 0
      vertex 9.055456351736995 -3.555456351736994 0
    endloop
  endfacet
  facet normal 0 0 -1
    outer loop
      vertex 0 0 0
      vertex 8.908883594599915 -3.7140178670919948 0
      vertex 8.775203265468894 -3.883590556195699 0
    endloop
  endfacet
  facet normal 0 0 -1
    outer loop
      vertex 0 0 0
      vertex 9.3835905561957 -3.2752032654688943 0
      vertex 9.214017867091995 -3.408883594599915 0
    endloop
  endfacet
  facet normal 0 0 -1
    outer loop
      vertex 0 0 0
      vertex 9.56312894703114 -3.1552395480262465 0
      vertex 9.3835905561957 -3.2752032654688943 0
    endloop
  endfacet
  facet normal 0 0 -1
    outer loop
      vertex 0 0 0
      vertex 9.751526125716246 -3.0497320584819883 0
      vertex 9.56312894703114 -3.1552395480262465 0
    endloop
  endfacet
  facet normal 0 0 -1
    outer loop
      vertex 0 0 0
      vertex 8.655239548026247 -4.0631289470311405 0
      vertex 8.549732058481988 -4.251526125716246 0
    endloop
  endfacet
  facet normal 0 0 -1
    outer loop
      vertex 0 0 0
      vertex 8.775203265468894 -3.883590556195699 0
      vertex 8.655239548026247 -4.0631289470311405 0
    endloop
  endfacet
  facet normal 0 0 -1
    outer loop
      vertex 0 0 0
      vertex 8.325982718906388 -4.85802524939626 0
      vertex 8.28385706336337 -5.069805221139365 0
    endloop
  endfacet
  facet normal 0 0 -1
    outer loop
      vertex 0 0 0
      vertex 8.28385706336337 -5.069805221139365 0
      vertex 8.258477332233898 -5.2842374867484265 0
    endloop
  endfacet
  facet normal 0 0 -1
    outer loop
      vertex 0 0 0
      vertex 8.258477332233898 -5.2842374867484265 0
      vertex 8.25 -5.5 0
    endloop
  endfacet
  facet normal 0 0 -1
    outer loop
      vertex 0 0 0
      vertex 8.25 -5.5 0
      vertex 8.258477332233898 -5.7157625132515735 0
    endloop
  endfacet
  facet normal 0 0 -1
    outer loop
      vertex 0 0 0
      vertex 8.258477332233898 -5.7157625132515735 0
      vertex 8.28385706336337 -5.930194778860635 0
    endloop
  endfacet
  facet normal 0 0 -1
    outer loop
      vertex 0 0 0
      vertex 8.28385706336337 -5.930194778860635 0
      vertex 0 -30 0
    endloop
  endfacet
  facet normal 0 0 -1
    outer loop
      vertex 0 0 0
      vertex 9.947620560996004 -2.9593312855939615 0
      vertex 9.751526125716246 -3.0497320584819883 0
    endloop
  endfacet
  facet normal -1 0 0
    outer loop
      vertex 0 0 0
      vertex 0 -13.76393202250021 8.195773934819385
      vertex 0 -13.469266270539642 8.304481869954852
    endloop
  endfacet
  facet normal -1 0 0
    outer loop
      vertex 0 0 0
      vertex 0 -14.374262139839077 8.049246637619449
      vertex 0 -14.066218544576378 8.110520318409293
    endloop
  endfacet
  facet normal -1 0 0
    outer loop
      vertex 0 0 0
      vertex 0 -14.066218544576378 8.110520318409293
      vertex 0 -13.76393202250021 8.195773934819385
    endloop
  endfacet
  facet normal -1 0 0
    outer loop
      vertex 0 0 0
      vertex 0 -13.469266270539642 8.304481869954852
      vertex 0 -13.184038001041813 8.435973903246529
    endloop
  endfacet
  facet normal -1 0 0
    outer loop
      vertex 0 0 0
      vertex 0 -12.910005741136205 8.589439342583631
      vertex 0 -12.648858990830107 8.76393202250021
    endloop
  endfacet
  facet normal -1 0 0
    outer loop
      vertex 0 0 0
      vertex 0 -13.184038001041813 8.435973903246529
      vertex 0 -12.910005741136205 8.589439342583631
    endloop
  endfacet
  facet normal -1 0 0
    outer loop
      vertex 0 0 0
      vertex 0 -12.648858990830107 8.76393202250021
      vertex 0 -12.402207806679264 8.958376137599876
    endloop
  endfacet
  facet normal -1 0 0
    outer loop
      vertex 0 0 0
      vertex 0 -15 8
      vertex 0 -14.68616361708862 8.012330665067488
    endloop
  endfacet
  facet normal -1 0 0
    outer loop
      vertex 0 0 0
      vertex 0 -15.31383638291138 8.012330665067488
      vertex 0 -15 8
    endloop
  endfacet
  facet normal -1 0 0
    outer loop
      vertex 0 0 0
      vertex 0 -14.68616361708862 8.012330665067488
      vertex 0 -14.374262139839077 8.049246637619449
    endloop
  endfacet
  facet normal -1 0 0
    outer loop
      vertex 0 0 0
      vertex 0 -15.625737860160923 8.049246637619449
      vertex 0 -15.31383638291138 8.012330665067488
    endloop
  endfacet
  facet normal -1 0 0
    outer loop
      vertex 0 0 0
      vertex 0 -15.933781455423622 8.110520318409293
      vertex 0 -15.625737860160923 8.049246637619449
    endloop
  endfacet
  facet normal -1 0 0
    outer loop
      vertex 0 0 0
      vertex 0 -16.23606797749979 8.195773934819385
      vertex 0 -15.933781455423622 8.110520318409293
    endloop
  endfacet
  facet normal -1 0 0
    outer loop
      vertex 0 0 0
      vertex 0 -16.53073372946036 8.304481869954852
      vertex 0 -16.23606797749979 8.195773934819385
    endloop
  endfacet
  facet normal 0 0 -1
    outer loop
      vertex 0 0 0
      vertex 39.356398522172256 0 0
      vertex 10.784237486748426 -2.7584773322338982 0
    endloop
  endfacet
  facet normal 0 0 -1
    outer loop
      vertex 10.784237486748426 -2.7584773322338982 0
      vertex 52 0 0
      vertex 11 -2.75 0
    endloop
  endfacet
  facet normal 0 0 -1
    outer loop
      vertex 11 -2.75 0
      vertex 52 0 0
      vertex 11.215762513251574 -2.7584773322338982 0
    endloop
  endfacet
  facet normal 0 0 -1
    outer loop
      vertex 11.215762513251574 -2.7584773322338982 0
      vertex 52 0 0
      vertex 11.430194778860635 -2.7838570633633712 0
    endloop
  endfacet
  facet normal 0 0 -1
    outer loop
      vertex 11.430194778860635 -2.7838570633633712 0
      vertex 52 0 0
      vertex 11.64197475060374 -2.8259827189063893 0
    endloop
  endfacet
  facet normal 0 0 -1
    outer loop
      vertex 11.64197475060374 -2.8259827189063893 0
      vertex 52 0 0
      vertex 11.849796734531106 -2.884594580188328 0
    endloop
  endfacet
  facet normal 0 0 -1
    outer loop
      vertex 11.849796734531106 -2.884594580188328 0
      vertex 52 0 0
      vertex 12.052379439003996 -2.9593312855939615 0
    endloop
  endfacet
  facet normal 0 0 -1
    outer loop
      vertex 13.344760451973753 -4.0631289470311405 0
      vertex 27 -12.25 0
      vertex 13.450267941518012 -4.251526125716246 0
    endloop
  endfacet
  facet normal 0 0 -1
    outer loop
      vertex 13.450267941518012 -4.251526125716246 0
      vertex 26.784237486748427 -12.258477332233898 0
      vertex 13.540668714406038 -4.447620560996003 0
    endloop
  endfacet
  facet normal 0 0 -1
    outer loop
      vertex 13.674017281093612 -4.85802524939626 0
      vertex 26.150203265468896 -12.384594580188327 0
      vertex 13.71614293663663 -5.069805221139365 0
    endloop
  endfacet
  facet normal 0 0 -1
    outer loop
      vertex 13.71614293663663 -5.069805221139365 0
      vertex 25.947620560996004 -12.459331285593962 0
      vertex 13.741522667766102 -5.2842374867484265 0
    endloop
  endfacet
  facet normal 0 0 -1
    outer loop
      vertex 13.741522667766102 -5.2842374867484265 0
      vertex 25.751526125716246 -12.549732058481988 0
      vertex 13.75 -5.5 0
    endloop
  endfacet
  facet normal 0 0 -1
    outer loop
      vertex 13.741522667766102 -5.7157625132515735 0
      vertex 25.3835905561957 -12.775203265468894 0
      vertex 13.71614293663663 -5.930194778860635 0
    endloop
  endfacet
  facet normal 0 0 -1
    outer loop
      vertex 13.75 -5.5 0
      vertex 25.563128947031142 -12.655239548026247 0
      vertex 13.741522667766102 -5.7157625132515735 0
    endloop
  endfacet
  facet normal 0 0 -1
    outer loop
      vertex 13.344760451973753 -6.9368710529688595 0
      vertex 24.45933128559396 -13.947620560996004 0
      vertex 13.224796734531106 -7.116409443804301 0
    endloop
  endfacet
  facet normal 0 0 -1
    outer loop
      vertex 13.674017281093612 -6.14197475060374 0
      vertex 25.055456351736993 -13.055456351736995 0
      vertex 13.615405419811673 -6.349796734531106 0
    endloop
  endfacet
  facet normal 0 0 -1
    outer loop
      vertex 13.615405419811673 -6.349796734531106 0
      vertex 24.908883594599914 -13.214017867091995 0
      vertex 13.540668714406038 -6.552379439003997 0
    endloop
  endfacet
  facet normal 0 0 -1
    outer loop
      vertex 13.71614293663663 -5.930194778860635 0
      vertex 25.214017867091997 -12.908883594599915 0
      vertex 13.674017281093612 -6.14197475060374 0
    endloop
  endfacet
  facet normal 0 0 -1
    outer loop
      vertex 13.540668714406038 -6.552379439003997 0
      vertex 24.775203265468896 -13.3835905561957 0
      vertex 13.450267941518012 -6.748473874283754 0
    endloop
  endfacet
  facet normal 0 0 -1
    outer loop
      vertex 13.344760451973753 -6.9368710529688595 0
      vertex 13.450267941518012 -6.748473874283754 0
      vertex 24.655239548026245 -13.56312894703114 0
    endloop
  endfacet
  facet normal 0 0 -1
    outer loop
      vertex 13.540668714406038 -4.447620560996003 0
      vertex 26.569805221139365 -12.28385706336337 0
      vertex 13.615405419811673 -4.650203265468894 0
    endloop
  endfacet
  facet normal 0 0 -1
    outer loop
      vertex 13.615405419811673 -4.650203265468894 0
      vertex 26.35802524939626 -12.325982718906388 0
      vertex 13.674017281093612 -4.85802524939626 0
    endloop
  endfacet
  facet normal 0 0 -1
    outer loop
      vertex 12.43687105296886 -7.8447604519737535 0
      vertex 12.6164094438043 -7.724796734531106 0
      vertex 24.2584773322339 -14.784237486748426 0
    endloop
  endfacet
  facet normal 0 0 -1
    outer loop
      vertex 12.785982132908005 -7.591116405400085 0
      vertex 24.28385706336337 -14.569805221139365 0
      vertex 12.6164094438043 -7.724796734531106 0
    endloop
  endfacet
  facet normal 0 0 -1
    outer loop
      vertex 12.944543648263005 -7.444543648263005 0
      vertex 13.091116405400085 -7.285982132908005 0
      vertex 24.384594580188327 -14.150203265468894 0
    endloop
  endfacet
  facet normal 0 0 -1
    outer loop
      vertex 12.785982132908005 -7.591116405400085 0
      vertex 12.944543648263005 -7.444543648263005 0
      vertex 24.32598271890639 -14.35802524939626 0
    endloop
  endfacet
  facet normal 0 0 -1
    outer loop
      vertex 13.091116405400085 -7.285982132908005 0
      vertex 13.224796734531106 -7.116409443804301 0
      vertex 24.384594580188327 -14.150203265468894 0
    endloop
  endfacet
  facet normal 0 0 -1
    outer loop
      vertex 12.052379439003996 -2.9593312855939615 0
      vertex 52 0 0
      vertex 12.248473874283754 -3.0497320584819883 0
    endloop
  endfacet
  facet normal 0 0 -1
    outer loop
      vertex 12.248473874283754 -3.0497320584819883 0
      vertex 52 0 0
      vertex 12.43687105296886 -3.1552395480262465 0
    endloop
  endfacet
  facet normal 0 0 -1
    outer loop
      vertex 12.43687105296886 -3.1552395480262465 0
      vertex 52 0 0
      vertex 12.6164094438043 -3.2752032654688943 0
    endloop
  endfacet
  facet normal 0 0 -1
    outer loop
      vertex 12.6164094438043 -3.2752032654688943 0
      vertex 52 0 0
      vertex 12.785982132908005 -3.408883594599915 0
    endloop
  endfacet
  facet normal 0 0 -1
    outer loop
      vertex 12.785982132908005 -3.408883594599915 0
      vertex 52 0 0
      vertex 12.944543648263005 -3.555456351736994 0
    endloop
  endfacet
  facet normal 0 0 -1
    outer loop
      vertex 13.540668714406038 -6.552379439003997 0
      vertex 24.908883594599914 -13.214017867091995 0
      vertex 24.775203265468896 -13.3835905561957 0
    endloop
  endfacet
  facet normal 0 0 -1
    outer loop
      vertex 13.450267941518012 -6.748473874283754 0
      vertex 24.775203265468896 -13.3835905561957 0
      vertex 24.655239548026245 -13.56312894703114 0
    endloop
  endfacet
  facet normal 0 0 -1
    outer loop
      vertex 13.224796734531106 -7.116409443804301 0
      vertex 24.45933128559396 -13.947620560996004 0
      vertex 24.384594580188327 -14.150203265468894 0
    endloop
  endfacet
  facet normal 0 0 -1
    outer loop
      vertex 12.944543648263005 -7.444543648263005 0
      vertex 24.384594580188327 -14.150203265468894 0
      vertex 24.32598271890639 -14.35802524939626 0
    endloop
  endfacet
  facet normal 0 0 -1
    outer loop
      vertex 13.344760451973753 -6.9368710529688595 0
      vertex 24.655239548026245 -13.56312894703114 0
      vertex 24.54973205848199 -13.751526125716246 0
    endloop
  endfacet
  facet normal 0 0 -1
    outer loop
      vertex 13.344760451973753 -6.9368710529688595 0
      vertex 24.54973205848199 -13.751526125716246 0
      vertex 24.45933128559396 -13.947620560996004 0
    endloop
  endfacet
  facet normal 0 0 -1
    outer loop
      vertex 13.741522667766102 -5.2842374867484265 0
      vertex 25.947620560996004 -12.459331285593962 0
      vertex 25.751526125716246 -12.549732058481988 0
    endloop
  endfacet
  facet normal 0 0 -1
    outer loop
      vertex 13.674017281093612 -6.14197475060374 0
      vertex 25.214017867091997 -12.908883594599915 0
      vertex 25.055456351736993 -13.055456351736995 0
    endloop
  endfacet
  facet normal 0 0 -1
    outer loop
      vertex 13.71614293663663 -5.930194778860635 0
      vertex 25.3835905561957 -12.775203265468894 0
      vertex 25.214017867091997 -12.908883594599915 0
    endloop
  endfacet
  facet normal 0 0 -1
    outer loop
      vertex 13.75 -5.5 0
      vertex 25.751526125716246 -12.549732058481988 0
      vertex 25.563128947031142 -12.655239548026247 0
    endloop
  endfacet
  facet normal 0 0 -1
    outer loop
      vertex 13.741522667766102 -5.7157625132515735 0
      vertex 25.563128947031142 -12.655239548026247 0
      vertex 25.3835905561957 -12.775203265468894 0
    endloop
  endfacet
  facet normal 0 0 -1
    outer loop
      vertex 13.615405419811673 -4.650203265468894 0
      vertex 26.569805221139365 -12.28385706336337 0
      vertex 26.35802524939626 -12.325982718906388 0
    endloop
  endfacet
  facet normal 0 0 -1
    outer loop
      vertex 13.540668714406038 -4.447620560996003 0
      vertex 26.784237486748427 -12.258477332233898 0
      vertex 26.569805221139365 -12.28385706336337 0
    endloop
  endfacet
  facet normal 0 0 -1
    outer loop
      vertex 13.674017281093612 -4.85802524939626 0
      vertex 26.35802524939626 -12.325982718906388 0
      vertex 26.150203265468896 -12.384594580188327 0
    endloop
  endfacet
  facet normal 0 0 -1
    outer loop
      vertex 13.71614293663663 -5.069805221139365 0
      vertex 26.150203265468896 -12.384594580188327 0
      vertex 25.947620560996004 -12.459331285593962 0
    endloop
  endfacet
  facet normal 0 0 -1
    outer loop
      vertex 13.450267941518012 -4.251526125716246 0
      vertex 27 -12.25 0
      vertex 26.784237486748427 -12.258477332233898 0
    endloop
  endfacet
  facet normal 0 0 -1
    outer loop
      vertex 13.344760451973753 -4.0631289470311405 0
      vertex 27.215762513251573 -12.258477332233898 0
      vertex 27 -12.25 0
    endloop
  endfacet
  facet normal 0 0 -1
    outer loop
      vertex 13.615405419811673 -6.349796734531106 0
      vertex 25.055456351736993 -13.055456351736995 0
      vertex 24.908883594599914 -13.214017867091995 0
    endloop
  endfacet
  facet normal 0 1 0
    outer loop
      vertex 0 0 0
      vertex 28.871947806493058 0 8.368076002083626
      vertex 29.178878685167263 0 7.82001148227241
    endloop
  endfacet
  facet normal 0 1 0
    outer loop
      vertex 0 0 0
      vertex 28.608963739909704 0 8.938532541079281
      vertex 28.871947806493058 0 8.368076002083626
    endloop
  endfacet
  facet normal 0 1 0
    outer loop
      vertex 0 0 0
      vertex 31.82001148227241 0 5.178878685167263
      vertex 32.368076002083626 0 4.871947806493057
    endloop
  endfacet
  facet normal 0 1 0
    outer loop
      vertex 0 0 0
      vertex 32.368076002083626 0 4.871947806493057
      vertex 32.93853254107928 0 4.608963739909706
    endloop
  endfacet
  facet normal 0 1 0
    outer loop
      vertex 0 0 0
      vertex 32.93853254107928 0 4.608963739909706
      vertex 33.52786404500042 0 4.391547869638772
    endloop
  endfacet
  facet normal 0 1 0
    outer loop
      vertex 0 0 0
      vertex 33.52786404500042 0 4.391547869638772
      vertex 34.13243708915276 0 4.2210406368185875
    endloop
  endfacet
  facet normal 0 1 0
    outer loop
      vertex 0 0 0
      vertex 36 0 4
      vertex 38.8925442444346 0 0.552800001633809
    endloop
  endfacet
  facet normal 0 1 0
    outer loop
      vertex 0 0 0
      vertex 34.13243708915276 0 4.2210406368185875
      vertex 34.74852427967815 0 4.098493275238898
    endloop
  endfacet
  facet normal 0 1 0
    outer loop
      vertex 0 0 0
      vertex 34.74852427967815 0 4.098493275238898
      vertex 35.37232723417724 0 4.024661330134976
    endloop
  endfacet
  facet normal 0 1 0
    outer loop
      vertex 0 0 0
      vertex 35.37232723417724 0 4.024661330134976
      vertex 36 0 4
    endloop
  endfacet
  facet normal 0 1 0
    outer loop
      vertex 0 0 0
      vertex 31.297717981660213 0 5.52786404500042
      vertex 31.82001148227241 0 5.178878685167263
    endloop
  endfacet
  facet normal 0 1 0
    outer loop
      vertex 0 0 0
      vertex 30.80441561335853 0 5.9167522751997526
      vertex 31.297717981660213 0 5.52786404500042
    endloop
  endfacet
  facet normal 0 1 0
    outer loop
      vertex 0 0 0
      vertex 30.34314575050762 0 6.343145750507619
      vertex 30.80441561335853 0 5.9167522751997526
    endloop
  endfacet
  facet normal 0 1 0
    outer loop
      vertex 0 0 0
      vertex 29.91675227519975 0 6.804415613358531
      vertex 30.34314575050762 0 6.343145750507619
    endloop
  endfacet
  facet normal 0 1 0
    outer loop
      vertex 0 0 0
      vertex 29.52786404500042 0 7.297717981660215
      vertex 29.91675227519975 0 6.804415613358531
    endloop
  endfacet
  facet normal 0 1 0
    outer loop
      vertex 0 0 0
      vertex 29.178878685167263 0 7.82001148227241
      vertex 29.52786404500042 0 7.297717981660215
    endloop
  endfacet
  facet normal 0 0 -1
    outer loop
      vertex 8.28385706336337 -5.930194778860635 0
      vertex 8.325982718906388 -6.14197475060374 0
      vertex 0 -30 0
    endloop
  endfacet
  facet normal 0 0 -1
    outer loop
      vertex 8.325982718906388 -6.14197475060374 0
      vertex 8.384594580188327 -6.349796734531106 0
      vertex 0 -30 0
    endloop
  endfacet
  facet normal 0 0 -1
    outer loop
      vertex 8.384594580188327 -6.349796734531106 0
      vertex 8.459331285593962 -6.552379439003997 0
      vertex 0 -30 0
    endloop
  endfacet
  facet normal 0 0 -1
    outer loop
      vertex 8.459331285593962 -6.552379439003997 0
      vertex 8.549732058481988 -6.748473874283754 0
      vertex 0 -30 0
    endloop
  endfacet
  facet normal 0 0 -1
    outer loop
      vertex 8.549732058481988 -6.748473874283754 0
      vertex 8.655239548026247 -6.9368710529688595 0
      vertex 0 -30 0
    endloop
  endfacet
  facet normal 0 0 -1
    outer loop
      vertex 8.655239548026247 -6.9368710529688595 0
      vertex 8.775203265468894 -7.116409443804301 0
      vertex 0 -30 0
    endloop
  endfacet
  facet normal 0 0 -1
    outer loop
      vertex 8.775203265468894 -7.116409443804301 0
      vertex 8.908883594599915 -7.285982132908005 0
      vertex 0 -30 0
    endloop
  endfacet
  facet normal 0 0 -1
    outer loop
      vertex 8.908883594599915 -7.285982132908005 0
      vertex 8.908883594599915 -22.714017867091997 0
      vertex 0 -30 0
    endloop
  endfacet
  facet normal 0 0 -1
    outer loop
      vertex 8.908883594599915 -7.285982132908005 0
      vertex 9.055456351736995 -7.444543648263005 0
      vertex 8.908883594599915 -22.714017867091997 0
    endloop
  endfacet
  facet normal 0 0 -1
    outer loop
      vertex 9.055456351736995 -7.444543648263005 0
      vertex 9.214017867091995 -7.591116405400085 0
      vertex 9.055456351736995 -22.555456351736993 0
    endloop
  endfacet
  facet normal 0 0 -1
    outer loop
      vertex 9.214017867091995 -7.591116405400085 0
      vertex 9.3835905561957 -7.724796734531106 0
      vertex 9.214017867091995 -22.408883594599914 0
    endloop
  endfacet
  facet normal 0 0 -1
    outer loop
      vertex 9.3835905561957 -7.724796734531106 0
      vertex 9.56312894703114 -7.8447604519737535 0
      vertex 9.3835905561957 -22.275203265468896 0
    endloop
  endfacet
  facet normal 0 0 -1
    outer loop
      vertex 9.56312894703114 -7.8447604519737535 0
      vertex 9.751526125716246 -7.950267941518012 0
      vertex 9.56312894703114 -22.155239548026245 0
    endloop
  endfacet
  facet normal 0 0 -1
    outer loop
      vertex 9.751526125716246 -7.950267941518012 0
      vertex 9.947620560996004 -8.040668714406038 0
      vertex 9.751526125716246 -22.04973205848199 0
    endloop
  endfacet
  facet normal 0 0 -1
    outer loop
      vertex 9.947620560996004 -8.040668714406038 0
      vertex 10.150203265468894 -8.115405419811673 0
      vertex 9.947620560996004 -21.95933128559396 0
    endloop
  endfacet
  facet normal 0 0 -1
    outer loop
      vertex 10.150203265468894 -8.115405419811673 0
      vertex 10.35802524939626 -8.174017281093612 0
      vertex 10.150203265468894 -21.884594580188327 0
    endloop
  endfacet
  facet normal 0 0 -1
    outer loop
      vertex 10.35802524939626 -8.174017281093612 0
      vertex 10.569805221139365 -8.21614293663663 0
      vertex 10.35802524939626 -21.82598271890639 0
    endloop
  endfacet
  facet normal 0 0 -1
    outer loop
      vertex 10.569805221139365 -8.21614293663663 0
      vertex 10.784237486748426 -8.241522667766102 0
      vertex 10.569805221139365 -21.78385706336337 0
    endloop
  endfacet
  facet normal 0 0 -1
    outer loop
      vertex 10.784237486748426 -8.241522667766102 0
      vertex 11 -8.25 0
      vertex 10.784237486748426 -21.7584773322339 0
    endloop
  endfacet
  facet normal 0 0 -1
    outer loop
      vertex 11.215762513251574 -8.241522667766102 0
      vertex 11 -21.75 0
      vertex 11 -8.25 0
    endloop
  endfacet
  facet normal 0 0 -1
    outer loop
      vertex 11.215762513251574 -8.241522667766102 0
      vertex 11.430194778860635 -8.21614293663663 0
      vertex 11.215762513251574 -21.7584773322339 0
    endloop
  endfacet
  facet normal 0 0 -1
    outer loop
      vertex 11.430194778860635 -8.21614293663663 0
      vertex 11.64197475060374 -8.174017281093612 0
      vertex 11.430194778860635 -21.78385706336337 0
    endloop
  endfacet
  facet normal 0 0 -1
    outer loop
      vertex 11.64197475060374 -8.174017281093612 0
      vertex 11.849796734531106 -8.115405419811673 0
      vertex 11.64197475060374 -21.82598271890639 0
    endloop
  endfacet
  facet normal 0 0 -1
    outer loop
      vertex 11.849796734531106 -8.115405419811673 0
      vertex 12.052379439003996 -8.040668714406038 0
      vertex 11.849796734531106 -21.884594580188327 0
    endloop
  endfacet
  facet normal 0 0 -1
    outer loop
      vertex 12.052379439003996 -8.040668714406038 0
      vertex 12.248473874283754 -7.950267941518012 0
      vertex 12.052379439003996 -21.95933128559396 0
    endloop
  endfacet
  facet normal 0 0 -1
    outer loop
      vertex 12.43687105296886 -7.8447604519737535 0
      vertex 12.248473874283754 -22.04973205848199 0
      vertex 12.248473874283754 -7.950267941518012 0
    endloop
  endfacet
  facet normal 0 0 -1
    outer loop
      vertex 9.055456351736995 -7.444543648263005 0
      vertex 9.055456351736995 -22.555456351736993 0
      vertex 8.908883594599915 -22.714017867091997 0
    endloop
  endfacet
  facet normal 0 0 -1
    outer loop
      vertex 9.214017867091995 -7.591116405400085 0
      vertex 9.214017867091995 -22.408883594599914 0
      vertex 9.055456351736995 -22.555456351736993 0
    endloop
  endfacet
  facet normal 0 0 -1
    outer loop
      vertex 9.3835905561957 -7.724796734531106 0
      vertex 9.3835905561957 -22.275203265468896 0
      vertex 9.214017867091995 -22.408883594599914 0
    endloop
  endfacet
  facet normal 0 0 -1
    outer loop
      vertex 9.56312894703114 -7.8447604519737535 0
      vertex 9.56312894703114 -22.155239548026245 0
      vertex 9.3835905561957 -22.275203265468896 0
    endloop
  endfacet
  facet normal 0 0 -1
    outer loop
      vertex 9.751526125716246 -7.950267941518012 0
      vertex 9.751526125716246 -22.04973205848199 0
      vertex 9.56312894703114 -22.155239548026245 0
    endloop
  endfacet
  facet normal 0 0 -1
    outer loop
      vertex 9.947620560996004 -8.040668714406038 0
      vertex 9.947620560996004 -21.95933128559396 0
      vertex 9.751526125716246 -22.04973205848199 0
    endloop
  endfacet
  facet normal 0 0 -1
    outer loop
      vertex 10.150203265468894 -8.115405419811673 0
      vertex 10.150203265468894 -21.884594580188327 0
      vertex 9.947620560996004 -21.95933128559396 0
    endloop
  endfacet
  facet normal 0 0 -1
    outer loop
      vertex 10.35802524939626 -8.174017281093612 0
      vertex 10.35802524939626 -21.82598271890639 0
      vertex 10.150203265468894 -21.884594580188327 0
    endloop
  endfacet
  facet normal 0 0 -1
    outer loop
      vertex 10.569805221139365 -8.21614293663663 0
      vertex 10.569805221139365 -21.78385706336337 0
      vertex 10.35802524939626 -21.82598271890639 0
    endloop
  endfacet
  facet normal 0 0 -1
    outer loop
      vertex 10.784237486748426 -8.241522667766102 0
      vertex 10.784237486748426 -21.7584773322339 0
      vertex 10.569805221139365 -21.78385706336337 0
    endloop
  endfacet
  facet normal 0 0 -1
    outer loop
      vertex 11 -8.25 0
      vertex 11 -21.75 0
      vertex 10.784237486748426 -21.7584773322339 0
    endloop
  endfacet
  facet normal 0 0 -1
    outer loop
      vertex 11.215762513251574 -8.241522667766102 0
      vertex 11.215762513251574 -21.7584773322339 0
      vertex 11 -21.75 0
    endloop
  endfacet
  facet normal 0 0 -1
    outer loop
      vertex 11.430194778860635 -8.21614293663663 0
      vertex 11.430194778860635 -21.78385706336337 0
      vertex 11.215762513251574 -21.7584773322339 0
    endloop
  endfacet
  facet normal 0 0 -1
    outer loop
      vertex 11.64197475060374 -8.174017281093612 0
      vertex 11.64197475060374 -21.82598271890639 0
      vertex 11.430194778860635 -21.78385706336337 0
    endloop
  endfacet
  facet normal 0 0 -1
    outer loop
      vertex 11.849796734531106 -8.115405419811673 0
      vertex 11.849796734531106 -21.884594580188327 0
      vertex 11.64197475060374 -21.82598271890639 0
    endloop
  endfacet
  facet normal 0 0 -1
    outer loop
      vertex 12.052379439003996 -8.040668714406038 0
      vertex 12.052379439003996 -21.95933128559396 0
      vertex 11.849796734531106 -21.884594580188327 0
    endloop
  endfacet
  facet normal 0 0 -1
    outer loop
      vertex 12.248473874283754 -7.950267941518012 0
      vertex 12.248473874283754 -22.04973205848199 0
      vertex 12.052379439003996 -21.95933128559396 0
    endloop
  endfacet
  facet normal 0 0 -1
    outer loop
      vertex 12.43687105296886 -7.8447604519737535 0
      vertex 12.43687105296886 -22.155239548026245 0
      vertex 12.248473874283754 -22.04973205848199 0
    endloop
  endfacet
  facet normal 0 0 -1
    outer loop
      vertex 0 -30 0
      vertex 8.549732058481988 -23.251526125716246 0
      vertex 8.459331285593962 -23.447620560996004 0
    endloop
  endfacet
  facet normal 0 0 -1
    outer loop
      vertex 0 -30 0
      vertex 8.459331285593962 -23.447620560996004 0
      vertex 8.384594580188327 -23.650203265468896 0
    endloop
  endfacet
  facet normal 0 0 -1
    outer loop
      vertex 0 -30 0
      vertex 8.775203265468894 -22.8835905561957 0
      vertex 8.655239548026247 -23.063128947031142 0
    endloop
  endfacet
  facet normal 0 0 -1
    outer loop
      vertex 0 -30 0
      vertex 8.908883594599915 -22.714017867091997 0
      vertex 8.775203265468894 -22.8835905561957 0
    endloop
  endfacet
  facet normal 0 0 -1
    outer loop
      vertex 0 -30 0
      vertex 8.655239548026247 -23.063128947031142 0
      vertex 8.549732058481988 -23.251526125716246 0
    endloop
  endfacet
  facet normal 0 0 -1
    outer loop
      vertex 0 -30 0
      vertex 8.384594580188327 -23.650203265468896 0
      vertex 8.325982718906388 -23.85802524939626 0
    endloop
  endfacet
  facet normal 0 0 -1
    outer loop
      vertex 0 -30 0
      vertex 8.325982718906388 -23.85802524939626 0
      vertex 8.28385706336337 -24.069805221139365 0
    endloop
  endfacet
  facet normal 0 0 -1
    outer loop
      vertex 0 -30 0
      vertex 8.28385706336337 -24.069805221139365 0
      vertex 8.258477332233898 -24.284237486748427 0
    endloop
  endfacet
  facet normal 0 0 -1
    outer loop
      vertex 0 -30 0
      vertex 8.258477332233898 -24.284237486748427 0
      vertex 8.25 -24.5 0
    endloop
  endfacet
  facet normal 0 0 -1
    outer loop
      vertex 0 -30 0
      vertex 8.25 -24.5 0
      vertex 8.258477332233898 -24.715762513251573 0
    endloop
  endfacet
  facet normal 0 0 -1
    outer loop
      vertex 0 -30 0
      vertex 8.258477332233898 -24.715762513251573 0
      vertex 8.28385706336337 -24.930194778860635 0
    endloop
  endfacet
  facet normal 0 0 -1
    outer loop
      vertex 0 -30 0
      vertex 8.28385706336337 -24.930194778860635 0
      vertex 8.325982718906388 -25.14197475060374 0
    endloop
  endfacet
  facet normal 0 0 -1
    outer loop
      vertex 0 -30 0
      vertex 8.325982718906388 -25.14197475060374 0
      vertex 8.384594580188327 -25.349796734531104 0
    endloop
  endfacet
  facet normal 0 0 -1
    outer loop
      vertex 0 -30 0
      vertex 8.384594580188327 -25.349796734531104 0
      vertex 8.459331285593962 -25.552379439003996 0
    endloop
  endfacet
  facet normal 0 0 -1
    outer loop
      vertex 0 -30 0
      vertex 8.459331285593962 -25.552379439003996 0
      vertex 8.549732058481988 -25.748473874283754 0
    endloop
  endfacet
  facet normal 0 0 -1
    outer loop
      vertex 0 -30 0
      vertex 8.549732058481988 -25.748473874283754 0
      vertex 8.655239548026247 -25.936871052968858 0
    endloop
  endfacet
  facet normal 0 0 -1
    outer loop
      vertex 0 -30 0
      vertex 8.655239548026247 -25.936871052968858 0
      vertex 8.775203265468894 -26.1164094438043 0
    endloop
  endfacet
  facet normal 0 0 -1
    outer loop
      vertex 0 -30 0
      vertex 8.775203265468894 -26.1164094438043 0
      vertex 8.908883594599915 -26.285982132908003 0
    endloop
  endfacet
  facet normal 0 0 -1
    outer loop
      vertex 0 -30 0
      vertex 8.908883594599915 -26.285982132908003 0
      vertex 9.055456351736995 -26.444543648263007 0
    endloop
  endfacet
  facet normal 0 0 -1
    outer loop
      vertex 0 -30 0
      vertex 9.055456351736995 -26.444543648263007 0
      vertex 9.214017867091995 -26.591116405400086 0
    endloop
  endfacet
  facet normal 0 0 -1
    outer loop
      vertex 0 -30 0
      vertex 9.214017867091995 -26.591116405400086 0
      vertex 9.3835905561957 -26.724796734531104 0
    endloop
  endfacet
  facet normal 0 0 -1
    outer loop
      vertex 0 -30 0
      vertex 9.3835905561957 -26.724796734531104 0
      vertex 9.56312894703114 -26.844760451973755 0
    endloop
  endfacet
  facet normal 0 0 -1
    outer loop
      vertex 0 -30 0
      vertex 9.56312894703114 -26.844760451973755 0
      vertex 9.751526125716246 -26.95026794151801 0
    endloop
  endfacet
  facet normal 0 0 -1
    outer loop
      vertex 0 -30 0
      vertex 9.751526125716246 -26.95026794151801 0
      vertex 9.947620560996004 -27.04066871440604 0
    endloop
  endfacet
  facet normal 0 0 -1
    outer loop
      vertex 0 -30 0
      vertex 9.947620560996004 -27.04066871440604 0
      vertex 10.150203265468894 -27.115405419811673 0
    endloop
  endfacet
  facet normal 0 0 -1
    outer loop
      vertex 0 -30 0
      vertex 10.150203265468894 -27.115405419811673 0
      vertex 10.35802524939626 -27.17401728109361 0
    endloop
  endfacet
  facet normal 0 0 -1
    outer loop
      vertex 0 -30 0
      vertex 10.35802524939626 -27.17401728109361 0
      vertex 10.569805221139365 -27.21614293663663 0
    endloop
  endfacet
  facet normal 0 0 -1
    outer loop
      vertex 0 -30 0
      vertex 10.569805221139365 -27.21614293663663 0
      vertex 10.784237486748426 -27.2415226677661 0
    endloop
  endfacet
  facet normal -1 0 0
    outer loop
      vertex 0 0 0
      vertex 0 -30 0
      vertex 0 -16.53073372946036 8.304481869954852
    endloop
  endfacet
  facet normal -1 0 0
    outer loop
      vertex 0 -30 0
      vertex 0 -16.815961998958187 8.435973903246529
      vertex 0 -16.53073372946036 8.304481869954852
    endloop
  endfacet
  facet normal -1 0 0
    outer loop
      vertex 0 -30 0
      vertex 0 -17.089994258863797 8.589439342583631
      vertex 0 -16.815961998958187 8.435973903246529
    endloop
  endfacet
  facet normal -1 0 0
    outer loop
      vertex 0 -30 0
      vertex 0 -17.351141009169893 8.76393202250021
      vertex 0 -17.089994258863797 8.589439342583631
    endloop
  endfacet
  facet normal -1 0 0
    outer loop
      vertex 0 -30 0
      vertex 0 -17.597792193320736 8.958376137599876
      vertex 0 -17.351141009169893 8.76393202250021
    endloop
  endfacet
  facet normal 0 0 -1
    outer loop
      vertex 12.43687105296886 -7.8447604519737535 0
      vertex 24.25 -15 0
      vertex 12.43687105296886 -22.155239548026245 0
    endloop
  endfacet
  facet normal 0 0 -1
    outer loop
      vertex 12.43687105296886 -22.155239548026245 0
      vertex 24.2584773322339 -15.215762513251574 0
      vertex 12.6164094438043 -22.275203265468896 0
    endloop
  endfacet
  facet normal 0 0 -1
    outer loop
      vertex 12.6164094438043 -22.275203265468896 0
      vertex 24.28385706336337 -15.430194778860635 0
      vertex 12.785982132908005 -22.408883594599914 0
    endloop
  endfacet
  facet normal 0 0 -1
    outer loop
      vertex 12.785982132908005 -22.408883594599914 0
      vertex 24.32598271890639 -15.64197475060374 0
      vertex 12.944543648263005 -22.555456351736993 0
    endloop
  endfacet
  facet normal 0 0 -1
    outer loop
      vertex 12.944543648263005 -22.555456351736993 0
      vertex 24.45933128559396 -16.052379439003996 0
      vertex 13.091116405400085 -22.714017867091997 0
    endloop
  endfacet
  facet normal 0 0 -1
    outer loop
      vertex 24.54973205848199 -16.248473874283754 0
      vertex 13.224796734531106 -22.8835905561957 0
      vertex 13.091116405400085 -22.714017867091997 0
    endloop
  endfacet
  facet normal 0 0 -1
    outer loop
      vertex 24.655239548026245 -16.436871052968858 0
      vertex 13.344760451973753 -23.063128947031142 0
      vertex 13.224796734531106 -22.8835905561957 0
    endloop
  endfacet
  facet normal 0 0 -1
    outer loop
      vertex 24.655239548026245 -16.436871052968858 0
      vertex 13.450267941518012 -23.251526125716246 0
      vertex 13.344760451973753 -23.063128947031142 0
    endloop
  endfacet
  facet normal 0 0 -1
    outer loop
      vertex 24.775203265468896 -16.6164094438043 0
      vertex 13.540668714406038 -23.447620560996004 0
      vertex 13.450267941518012 -23.251526125716246 0
    endloop
  endfacet
  facet normal 0 0 -1
    outer loop
      vertex 24.908883594599914 -16.785982132908003 0
      vertex 13.615405419811673 -23.650203265468896 0
      vertex 13.540668714406038 -23.447620560996004 0
    endloop
  endfacet
  facet normal 0 0 -1
    outer loop
      vertex 25.055456351736993 -16.944543648263007 0
      vertex 13.674017281093612 -23.85802524939626 0
      vertex 13.615405419811673 -23.650203265468896 0
    endloop
  endfacet
  facet normal 0 0 -1
    outer loop
      vertex 25.214017867091997 -17.091116405400086 0
      vertex 13.71614293663663 -24.069805221139365 0
      vertex 13.674017281093612 -23.85802524939626 0
    endloop
  endfacet
  facet normal 0 0 -1
    outer loop
      vertex 25.3835905561957 -17.224796734531104 0
      vertex 13.741522667766102 -24.284237486748427 0
      vertex 13.71614293663663 -24.069805221139365 0
    endloop
  endfacet
  facet normal 0 0 -1
    outer loop
      vertex 12.785982132908005 -7.591116405400085 0
      vertex 24.32598271890639 -14.35802524939626 0
      vertex 24.28385706336337 -14.569805221139365 0
    endloop
  endfacet
  facet normal 0 0 -1
    outer loop
      vertex 12.6164094438043 -7.724796734531106 0
      vertex 24.28385706336337 -14.569805221139365 0
      vertex 24.2584773322339 -14.784237486748426 0
    endloop
  endfacet
  facet normal 0 0 -1
    outer loop
      vertex 12.43687105296886 -7.8447604519737535 0
      vertex 24.2584773322339 -14.784237486748426 0
      vertex 24.25 -15 0
    endloop
  endfacet
  facet normal 0 0 -1
    outer loop
      vertex 12.43687105296886 -22.155239548026245 0
      vertex 24.25 -15 0
      vertex 24.2584773322339 -15.215762513251574 0
    endloop
  endfacet
  facet normal 0 0 -1
    outer loop
      vertex 12.6164094438043 -22.275203265468896 0
      vertex 24.2584773322339 -15.215762513251574 0
      vertex 24.28385706336337 -15.430194778860635 0
    endloop
  endfacet
  facet normal 0 0 -1
    outer loop
      vertex 12.785982132908005 -22.408883594599914 0
      vertex 24.28385706336337 -15.430194778860635 0
      vertex 24.32598271890639 -15.64197475060374 0
    endloop
  endfacet
  facet normal 0 0 -1
    outer loop
      vertex 12.944543648263005 -22.555456351736993 0
      vertex 24.32598271890639 -15.64197475060374 0
      vertex 24.384594580188327 -15.849796734531106 0
    endloop
  endfacet
  facet normal 0 0 -1
    outer loop
      vertex 12.944543648263005 -22.555456351736993 0
      vertex 24.384594580188327 -15.849796734531106 0
      vertex 24.45933128559396 -16.052379439003996 0
    endloop
  endfacet
  facet normal 0 0 -1
    outer loop
      vertex 24.45933128559396 -16.052379439003996 0
      vertex 24.54973205848199 -16.248473874283754 0
      vertex 13.091116405400085 -22.714017867091997 0
    endloop
  endfacet
  facet normal 0 0 -1
    outer loop
      vertex 24.54973205848199 -16.248473874283754 0
      vertex 24.655239548026245 -16.436871052968858 0
      vertex 13.224796734531106 -22.8835905561957 0
    endloop
  endfacet
  facet normal 0 0 -1
    outer loop
      vertex 24.655239548026245 -16.436871052968858 0
      vertex 24.775203265468896 -16.6164094438043 0
      vertex 13.450267941518012 -23.251526125716246 0
    endloop
  endfacet
  facet normal 0 0 -1
    outer loop
      vertex 24.775203265468896 -16.6164094438043 0
      vertex 24.908883594599914 -16.785982132908003 0
      vertex 13.540668714406038 -23.447620560996004 0
    endloop
  endfacet
  facet normal 0 0 -1
    outer loop
      vertex 24.908883594599914 -16.785982132908003 0
      vertex 25.055456351736993 -16.944543648263007 0
      vertex 13.615405419811673 -23.650203265468896 0
    endloop
  endfacet
  facet normal 0 0 -1
    outer loop
      vertex 25.055456351736993 -16.944543648263007 0
      vertex 25.214017867091997 -17.091116405400086 0
      vertex 13.674017281093612 -23.85802524939626 0
    endloop
  endfacet
  facet normal 0 0 -1
    outer loop
      vertex 25.214017867091997 -17.091116405400086 0
      vertex 25.3835905561957 -17.224796734531104 0
      vertex 13.71614293663663 -24.069805221139365 0
    endloop
  endfacet
  facet normal 0 0 -1
    outer loop
      vertex 25.3835905561957 -17.224796734531104 0
      vertex 25.563128947031142 -17.344760451973755 0
      vertex 13.741522667766102 -24.284237486748427 0
    endloop
  endfacet
  facet normal 0 0 -1
    outer loop
      vertex 25.563128947031142 -17.344760451973755 0
      vertex 25.751526125716246 -17.45026794151801 0
      vertex 13.75 -24.5 0
    endloop
  endfacet
  facet normal 0 0 -1
    outer loop
      vertex 25.751526125716246 -17.45026794151801 0
      vertex 25.947620560996004 -17.54066871440604 0
      vertex 13.741522667766102 -24.715762513251573 0
    endloop
  endfacet
  facet normal 0 0 -1
    outer loop
      vertex 25.947620560996004 -17.54066871440604 0
      vertex 26.150203265468896 -17.615405419811673 0
      vertex 13.71614293663663 -24.930194778860635 0
    endloop
  endfacet
  facet normal 0 0 -1
    outer loop
      vertex 13.674017281093612 -25.14197475060374 0
      vertex 26.150203265468896 -17.615405419811673 0
      vertex 26.35802524939626 -17.67401728109361 0
    endloop
  endfacet
  facet normal 0 0 -1
    outer loop
      vertex 13.615405419811673 -25.349796734531104 0
      vertex 26.35802524939626 -17.67401728109361 0
      vertex 26.569805221139365 -17.71614293663663 0
    endloop
  endfacet
  facet normal 0 0 -1
    outer loop
      vertex 13.540668714406038 -25.552379439003996 0
      vertex 26.569805221139365 -17.71614293663663 0
      vertex 26.784237486748427 -17.7415226677661 0
    endloop
  endfacet
  facet normal 0 0 -1
    outer loop
      vertex 13.450267941518012 -25.748473874283754 0
      vertex 26.784237486748427 -17.7415226677661 0
      vertex 27 -17.75 0
    endloop
  endfacet
  facet normal 0 0 -1
    outer loop
      vertex 13.344760451973753 -25.936871052968858 0
      vertex 27 -17.75 0
      vertex 27.215762513251573 -17.7415226677661 0
    endloop
  endfacet
  facet normal 0 0 -1
    outer loop
      vertex 25.563128947031142 -17.344760451973755 0
      vertex 13.75 -24.5 0
      vertex 13.741522667766102 -24.284237486748427 0
    endloop
  endfacet
  facet normal 0 0 -1
    outer loop
      vertex 25.751526125716246 -17.45026794151801 0
      vertex 13.741522667766102 -24.715762513251573 0
      vertex 13.75 -24.5 0
    endloop
  endfacet
  facet normal 0 0 -1
    outer loop
      vertex 25.947620560996004 -17.54066871440604 0
      vertex 13.71614293663663 -24.930194778860635 0
      vertex 13.741522667766102 -24.715762513251573 0
    endloop
  endfacet
  facet normal 0 0 -1
    outer loop
      vertex 13.71614293663663 -24.930194778860635 0
      vertex 26.150203265468896 -17.615405419811673 0
      vertex 13.674017281093612 -25.14197475060374 0
    endloop
  endfacet
  facet normal 0 0 -1
    outer loop
      vertex 13.674017281093612 -25.14197475060374 0
      vertex 26.35802524939626 -17.67401728109361 0
      vertex 13.615405419811673 -25.349796734531104 0
    endloop
  endfacet
  facet normal 0 0 -1
    outer loop
      vertex 13.615405419811673 -25.349796734531104 0
      vertex 26.569805221139365 -17.71614293663663 0
      vertex 13.540668714406038 -25.552379439003996 0
    endloop
  endfacet
  facet normal 0 0 -1
    outer loop
      vertex 13.540668714406038 -25.552379439003996 0
      vertex 26.784237486748427 -17.7415226677661 0
      vertex 13.450267941518012 -25.748473874283754 0
    endloop
  endfacet
  facet normal 0 0 -1
    outer loop
      vertex 13.450267941518012 -25.748473874283754 0
      vertex 27 -17.75 0
      vertex 13.344760451973753 -25.936871052968858 0
    endloop
  endfacet
  facet normal 0 0 -1
    outer loop
      vertex 0 -30 0
      vertex 10.784237486748426 -27.2415226677661 0
      vertex 52 -30 0
    endloop
  endfacet
  facet normal 0 0 -1
    outer loop
      vertex 10.784237486748426 -27.2415226677661 0
      vertex 11 -27.25 0
      vertex 52 -30 0
    endloop
  endfacet
  facet normal 0 0 -1
    outer loop
      vertex 11 -27.25 0
      vertex 11.215762513251574 -27.2415226677661 0
      vertex 52 -30 0
    endloop
  endfacet
  facet normal 0 0 -1
    outer loop
      vertex 11.215762513251574 -27.2415226677661 0
      vertex 11.430194778860635 -27.21614293663663 0
      vertex 52 -30 0
    endloop
  endfacet
  facet normal 0 0 -1
    outer loop
      vertex 11.430194778860635 -27.21614293663663 0
      vertex 11.64197475060374 -27.17401728109361 0
      vertex 52 -30 0
    endloop
  endfacet
  facet normal 0 0 -1
    outer loop
      vertex 11.64197475060374 -27.17401728109361 0
      vertex 11.849796734531106 -27.115405419811673 0
      vertex 52 -30 0
    endloop
  endfacet
  facet normal 0 0 -1
    outer loop
      vertex 12.248473874283754 -26.95026794151801 0
      vertex 12.43687105296886 -26.844760451973755 0
      vertex 52 -30 0
    endloop
  endfacet
  facet normal 0 0 -1
    outer loop
      vertex 11.849796734531106 -27.115405419811673 0
      vertex 12.052379439003996 -27.04066871440604 0
      vertex 52 -30 0
    endloop
  endfacet
  facet normal 0 0 -1
    outer loop
      vertex 12.248473874283754 -26.95026794151801 0
      vertex 52 -30 0
      vertex 12.052379439003996 -27.04066871440604 0
    endloop
  endfacet
  facet normal 0 0 -1
    outer loop
      vertex 12.43687105296886 -26.844760451973755 0
      vertex 12.6164094438043 -26.724796734531104 0
      vertex 52 -30 0
    endloop
  endfacet
  facet normal 0 0 -1
    outer loop
      vertex 12.785982132908005 -26.591116405400086 0
      vertex 52 -30 0
      vertex 12.6164094438043 -26.724796734531104 0
    endloop
  endfacet
  facet normal 0 0 -1
    outer loop
      vertex 12.785982132908005 -26.591116405400086 0
      vertex 12.944543648263005 -26.444543648263007 0
      vertex 52 -30 0
    endloop
  endfacet
  facet normal 0 -1 0
    outer loop
      vertex 0 -30 0
      vertex 29.178878685167263 -30 7.82001148227241
      vertex 28.871947806493058 -30 8.368076002083626
    endloop
  endfacet
  facet normal 0 -1 0
    outer loop
      vertex 0 -30 0
      vertex 28.871947806493058 -30 8.368076002083626
      vertex 28.608963739909704 -30 8.938532541079281
    endloop
  endfacet
  facet normal 0 -1 0
    outer loop
      vertex 0 -30 0
      vertex 32.368076002083626 -30 4.871947806493057
      vertex 31.82001148227241 -30 5.178878685167263
    endloop
  endfacet
  facet normal 0 -1 0
    outer loop
      vertex 0 -30 0
      vertex 32.93853254107928 -30 4.608963739909706
      vertex 32.368076002083626 -30 4.871947806493057
    endloop
  endfacet
  facet normal 0 -1 0
    outer loop
      vertex 0 -30 0
      vertex 33.52786404500042 -30 4.391547869638772
      vertex 32.93853254107928 -30 4.608963739909706
    endloop
  endfacet
  facet normal 0 -1 0
    outer loop
      vertex 0 -30 0
      vertex 34.13243708915276 -30 4.2210406368185875
      vertex 33.52786404500042 -30 4.391547869638772
    endloop
  endfacet
  facet normal 0 -1 0
    outer loop
      vertex 0 -30 0
      vertex 31.82001148227241 -30 5.178878685167263
      vertex 31.297717981660213 -30 5.52786404500042
    endloop
  endfacet
  facet normal 0 -1 0
    outer loop
      vertex 0 -30 0
      vertex 31.297717981660213 -30 5.52786404500042
      vertex 30.80441561335853 -30 5.9167522751997526
    endloop
  endfacet
  facet normal 0 -1 0
    outer loop
      vertex 0 -30 0
      vertex 30.80441561335853 -30 5.9167522751997526
      vertex 30.34314575050762 -30 6.343145750507619
    endloop
  endfacet
  facet normal 0 -1 0
    outer loop
      vertex 0 -30 0
      vertex 30.34314575050762 -30 6.343145750507619
      vertex 29.91675227519975 -30 6.804415613358531
    endloop
  endfacet
  facet normal 0 -1 0
    outer loop
      vertex 0 -30 0
      vertex 29.91675227519975 -30 6.804415613358531
      vertex 29.52786404500042 -30 7.297717981660215
    endloop
  endfacet
  facet normal 0 -1 0
    outer loop
      vertex 0 -30 0
      vertex 29.52786404500042 -30 7.297717981660215
      vertex 29.178878685167263 -30 7.82001148227241
    endloop
  endfacet
  facet normal 0 1 0
    outer loop
      vertex 0 0 0
      vertex 0 0 11.600000000000023
      vertex 28.015716042803067 0 11.600000000000023
    endloop
  endfacet
  facet normal -1 0 0
    outer loop
      vertex 0 0 0
      vertex 0 -11.195773934819385 10.76393202250021
      vertex 0 0 11.600000000000023
    endloop
  endfacet
  facet normal -1 0 0
    outer loop
      vertex 0 0 0
      vertex 0 -12.402207806679264 8.958376137599876
      vertex 0 -12.17157287525381 9.17157287525381
    endloop
  endfacet
  facet normal -1 0 0
    outer loop
      vertex 0 0 0
      vertex 0 -12.17157287525381 9.17157287525381
      vertex 0 -11.958376137599876 9.402207806679264
    endloop
  endfacet
  facet normal -1 0 0
    outer loop
      vertex 0 0 0
      vertex 0 -11.958376137599876 9.402207806679264
      vertex 0 -11.76393202250021 9.648858990830107
    endloop
  endfacet
  facet normal -1 0 0
    outer loop
      vertex 0 0 0
      vertex 0 -11.76393202250021 9.648858990830107
      vertex 0 -11.589439342583631 9.910005741136205
    endloop
  endfacet
  facet normal -1 0 0
    outer loop
      vertex 0 0 0
      vertex 0 -11.435973903246529 10.184038001041813
      vertex 0 -11.304481869954852 10.469266270539642
    endloop
  endfacet
  facet normal -1 0 0
    outer loop
      vertex 0 0 0
      vertex 0 -11.589439342583631 9.910005741136205
      vertex 0 -11.435973903246529 10.184038001041813
    endloop
  endfacet
  facet normal -1 0 0
    outer loop
      vertex 0 0 0
      vertex 0 -11.304481869954852 10.469266270539642
      vertex 0 -11.195773934819385 10.76393202250021
    endloop
  endfacet
  facet normal -1 0 0
    outer loop
      vertex 0 0 11.600000000000023
      vertex 0 -11.195773934819385 10.76393202250021
      vertex 0 -11.110520318409293 11.066218544576378
    endloop
  endfacet
  facet normal -1 0 0
    outer loop
      vertex 0 0 11.600000000000023
      vertex 0 -11.110520318409293 11.066218544576378
      vertex 0 -11.049246637619449 11.374262139839077
    endloop
  endfacet
  facet normal -1 0 0
    outer loop
      vertex 0 0 11.600000000000023
      vertex 0 -11.049246637619449 11.374262139839077
      vertex 0 -11.022528801195184 11.600000000000023
    endloop
  endfacet
  facet normal 0 1 0
    outer loop
      vertex 0 0 0
      vertex 28.39154786963877 0 9.52786404500042
      vertex 28.608963739909704 0 8.938532541079281
    endloop
  endfacet
  facet normal 0 1 0
    outer loop
      vertex 0 0 0
      vertex 28.221040636818586 0 10.132437089152758
      vertex 28.39154786963877 0 9.52786404500042
    endloop
  endfacet
  facet normal 0 1 0
    outer loop
      vertex 0 0 0
      vertex 28.098493275238898 0 10.748524279678152
      vertex 28.221040636818586 0 10.132437089152758
    endloop
  endfacet
  facet normal 0 1 0
    outer loop
      vertex 0 0 0
      vertex 28.015716042803067 0 11.600000000000023
      vertex 28.024661330134975 0 11.37232723417724
    endloop
  endfacet
  facet normal 0 1 0
    outer loop
      vertex 0 0 0
      vertex 28.024661330134975 0 11.37232723417724
      vertex 28.098493275238898 0 10.748524279678152
    endloop
  endfacet
  facet normal -1 0 0
    outer loop
      vertex 0 -30 0
      vertex 0 -17.82842712474619 9.17157287525381
      vertex 0 -17.597792193320736 8.958376137599876
    endloop
  endfacet
  facet normal -1 0 0
    outer loop
      vertex 0 -30 0
      vertex 0 -18.041623862400122 9.402207806679264
      vertex 0 -17.82842712474619 9.17157287525381
    endloop
  endfacet
  facet normal -1 0 0
    outer loop
      vertex 0 -30 0
      vertex 0 -18.23606797749979 9.648858990830107
      vertex 0 -18.041623862400122 9.402207806679264
    endloop
  endfacet
  facet normal -1 0 0
    outer loop
      vertex 0 -30 0
      vertex 0 -18.41056065741637 9.910005741136205
      vertex 0 -18.23606797749979 9.648858990830107
    endloop
  endfacet
  facet normal -1 0 0
    outer loop
      vertex 0 -30 0
      vertex 0 -18.564026096753473 10.184038001041813
      vertex 0 -18.41056065741637 9.910005741136205
    endloop
  endfacet
  facet normal -1 0 0
    outer loop
      vertex 0 -30 0
      vertex 0 -18.695518130045148 10.469266270539642
      vertex 0 -18.564026096753473 10.184038001041813
    endloop
  endfacet
  facet normal -1 0 0
    outer loop
      vertex 0 -30 0
      vertex 0 -18.804226065180615 10.76393202250021
      vertex 0 -18.695518130045148 10.469266270539642
    endloop
  endfacet
  facet normal -1 0 0
    outer loop
      vertex 0 -30 0
      vertex 0 -18.889479681590707 11.066218544576378
      vertex 0 -18.804226065180615 10.76393202250021
    endloop
  endfacet
  facet normal -1 0 0
    outer loop
      vertex 0 -30 0
      vertex 0 -18.950753362380553 11.374262139839077
      vertex 0 -18.889479681590707 11.066218544576378
    endloop
  endfacet
  facet normal -1 0 0
    outer loop
      vertex 0 -30 0
      vertex 0 -18.977471198804817 11.600000000000023
      vertex 0 -18.950753362380553 11.374262139839077
    endloop
  endfacet
  facet normal -1 0 0
    outer loop
      vertex 0 -30 0
      vertex 0 -30 11.600000000000023
      vertex 0 -18.977471198804817 11.600000000000023
    endloop
  endfacet
  facet normal 0 -1 0
    outer loop
      vertex 0 -30 0
      vertex 28.024661330134975 -30 11.37232723417724
      vertex 0 -30 11.600000000000023
    endloop
  endfacet
  facet normal 0 -1 0
    outer loop
      vertex 0 -30 0
      vertex 28.608963739909704 -30 8.938532541079281
      vertex 28.39154786963877 -30 9.52786404500042
    endloop
  endfacet
  facet normal 0 -1 0
    outer loop
      vertex 0 -30 0
      vertex 28.39154786963877 -30 9.52786404500042
      vertex 28.221040636818586 -30 10.132437089152758
    endloop
  endfacet
  facet normal 0 -1 0
    outer loop
      vertex 0 -30 0
      vertex 28.221040636818586 -30 10.132437089152758
      vertex 28.098493275238898 -30 10.748524279678152
    endloop
  endfacet
  facet normal 0 -1 0
    outer loop
      vertex 0 -30 0
      vertex 28.098493275238898 -30 10.748524279678152
      vertex 28.024661330134975 -30 11.37232723417724
    endloop
  endfacet
  facet normal 0 -1 0
    outer loop
      vertex 0 -30 11.600000000000023
      vertex 28.024661330134975 -30 11.37232723417724
      vertex 28.015716042803067 -30 11.600000000000023
    endloop
  endfacet
  facet normal 0 1 0
    outer loop
      vertex 0 0 0
      vertex 38.8925442444346 0 0.552800001633809
      vertex 39.356398522172256 0 0
    endloop
  endfacet
  facet normal 0 0 -1
    outer loop
      vertex 10.784237486748426 -2.7584773322338982 0
      vertex 39.356398522172256 0 0
      vertex 45.70714738877126 0 0
    endloop
  endfacet
  facet normal 0 0 -1
    outer loop
      vertex 10.784237486748426 -2.7584773322338982 0
      vertex 45.70714738877126 0 0
      vertex 52 0 0
    endloop
  endfacet
  facet normal 0 0 -1
    outer loop
      vertex 12.944543648263005 -3.555456351736994 0
      vertex 52 0 0
      vertex 13.091116405400085 -3.7140178670919948 0
    endloop
  endfacet
  facet normal 0 0 -1
    outer loop
      vertex 13.091116405400085 -3.7140178670919948 0
      vertex 52 0 0
      vertex 13.224796734531106 -3.883590556195699 0
    endloop
  endfacet
  facet normal 0 0 -1
    outer loop
      vertex 13.224796734531106 -3.883590556195699 0
      vertex 52 0 0
      vertex 13.344760451973753 -4.0631289470311405 0
    endloop
  endfacet
  facet normal 0 0 -1
    outer loop
      vertex 13.344760451973753 -4.0631289470311405 0
      vertex 52 0 0
      vertex 27.215762513251573 -12.258477332233898 0
    endloop
  endfacet
  facet normal 0 0 -1
    outer loop
      vertex 52 0 0
      vertex 27.430194778860635 -12.28385706336337 0
      vertex 27.215762513251573 -12.258477332233898 0
    endloop
  endfacet
  facet normal 0 0 -1
    outer loop
      vertex 52 0 0
      vertex 27.64197475060374 -12.325982718906388 0
      vertex 27.430194778860635 -12.28385706336337 0
    endloop
  endfacet
  facet normal 0 0 -1
    outer loop
      vertex 52 0 0
      vertex 27.849796734531104 -12.384594580188327 0
      vertex 27.64197475060374 -12.325982718906388 0
    endloop
  endfacet
  facet normal 0 0 -1
    outer loop
      vertex 52 0 0
      vertex 28.052379439003996 -12.459331285593962 0
      vertex 27.849796734531104 -12.384594580188327 0
    endloop
  endfacet
  facet normal 0 0 -1
    outer loop
      vertex 52 0 0
      vertex 28.248473874283754 -12.549732058481988 0
      vertex 28.052379439003996 -12.459331285593962 0
    endloop
  endfacet
  facet normal 0 1 0
    outer loop
      vertex 38.8925442444346 0 0.552800001633809
      vertex 36 0 4
      vertex 36.62767276582276 0 4.024661330134976
    endloop
  endfacet
  facet normal 0 1 0
    outer loop
      vertex 38.8925442444346 0 0.552800001633809
      vertex 36.62767276582276 0 4.024661330134976
      vertex 37.25147572032185 0 4.098493275238898
    endloop
  endfacet
  facet normal 0 1 0
    outer loop
      vertex 38.8925442444346 0 0.552800001633809
      vertex 37.25147572032185 0 4.098493275238898
      vertex 37.86756291084724 0 4.2210406368185875
    endloop
  endfacet
  facet normal 0 1 0
    outer loop
      vertex 38.8925442444346 0 0.552800001633809
      vertex 37.86756291084724 0 4.2210406368185875
      vertex 38.47213595499958 0 4.391547869638772
    endloop
  endfacet
  facet normal 0 1 0
    outer loop
      vertex 38.8925442444346 0 0.552800001633809
      vertex 38.47213595499958 0 4.391547869638772
      vertex 38.8925442444346 0 4.546644675949778
    endloop
  endfacet
  facet normal 0 1 0
    outer loop
      vertex 45.70714738877126 0 0
      vertex 45.73543047289982 0 0.06663077087867286
      vertex 52 0 0
    endloop
  endfacet
  facet normal 0 1 0
    outer loop
      vertex 45.73543047289982 0 0.06663077087867286
      vertex 45.866772520443234 0 0.4087884962513382
      vertex 52 0 0
    endloop
  endfacet
  facet normal 0 1 0
    outer loop
      vertex 45.866772520443234 0 0.4087884962513382
      vertex 45.98609342415094 0 0.7553215569132448
      vertex 52 0 0
    endloop
  endfacet
  facet normal 0 1 0
    outer loop
      vertex 45.98609342415094 0 0.7553215569132448
      vertex 46.093247808298 0 1.105807759944355
      vertex 52 0 0
    endloop
  endfacet
  facet normal 0 1 0
    outer loop
      vertex 46.093247808298 0 1.105807759944355
      vertex 46.18810512570733 0 1.4598200935459502
      vertex 52 0 0
    endloop
  endfacet
  facet normal 0 0 -1
    outer loop
      vertex 52 0 0
      vertex 43.751526125716246 -12.549732058481988 0
      vertex 28.248473874283754 -12.549732058481988 0
    endloop
  endfacet
  facet normal 0 0 -1
    outer loop
      vertex 52 0 0
      vertex 44.35802524939626 -12.325982718906388 0
      vertex 44.150203265468896 -12.384594580188327 0
    endloop
  endfacet
  facet normal 0 0 -1
    outer loop
      vertex 52 0 0
      vertex 44.56980522113936 -12.28385706336337 0
      vertex 44.35802524939626 -12.325982718906388 0
    endloop
  endfacet
  facet normal 0 0 -1
    outer loop
      vertex 52 0 0
      vertex 44.784237486748424 -12.258477332233898 0
      vertex 44.56980522113936 -12.28385706336337 0
    endloop
  endfacet
  facet normal 0 0 -1
    outer loop
      vertex 52 0 0
      vertex 43.947620560996 -12.459331285593962 0
      vertex 43.751526125716246 -12.549732058481988 0
    endloop
  endfacet
  facet normal 0 0 -1
    outer loop
      vertex 52 0 0
      vertex 44.150203265468896 -12.384594580188327 0
      vertex 43.947620560996 -12.459331285593962 0
    endloop
  endfacet
  facet normal 0 0 -1
    outer loop
      vertex 52 0 0
      vertex 45 -12.25 0
      vertex 44.784237486748424 -12.258477332233898 0
    endloop
  endfacet
  facet normal 0 0 -1
    outer loop
      vertex 52 0 0
      vertex 45.215762513251576 -12.258477332233898 0
      vertex 45 -12.25 0
    endloop
  endfacet
  facet normal 0 0 -1
    outer loop
      vertex 52 0 0
      vertex 45.43019477886064 -12.28385706336337 0
      vertex 45.215762513251576 -12.258477332233898 0
    endloop
  endfacet
  facet normal 0 0 -1
    outer loop
      vertex 52 0 0
      vertex 45.64197475060374 -12.325982718906388 0
      vertex 45.43019477886064 -12.28385706336337 0
    endloop
  endfacet
  facet normal 0 0 -1
    outer loop
      vertex 52 0 0
      vertex 45.849796734531104 -12.384594580188327 0
      vertex 45.64197475060374 -12.325982718906388 0
    endloop
  endfacet
  facet normal 0 0 -1
    outer loop
      vertex 52 0 0
      vertex 46.052379439004 -12.459331285593962 0
      vertex 45.849796734531104 -12.384594580188327 0
    endloop
  endfacet
  facet normal 0 0 -1
    outer loop
      vertex 52 0 0
      vertex 46.248473874283754 -12.549732058481988 0
      vertex 46.052379439004 -12.459331285593962 0
    endloop
  endfacet
  facet normal 0 0 -1
    outer loop
      vertex 52 0 0
      vertex 46.43687105296886 -12.655239548026247 0
      vertex 46.248473874283754 -12.549732058481988 0
    endloop
  endfacet
  facet normal 0 0 -1
    outer loop
      vertex 52 0 0
      vertex 46.6164094438043 -12.775203265468894 0
      vertex 46.43687105296886 -12.655239548026247 0
    endloop
  endfacet
  facet normal 0 0 -1
    outer loop
      vertex 52 0 0
      vertex 46.785982132908 -12.908883594599915 0
      vertex 46.6164094438043 -12.775203265468894 0
    endloop
  endfacet
  facet normal 0 0 -1
    outer loop
      vertex 52 0 0
      vertex 46.94454364826301 -13.055456351736995 0
      vertex 46.785982132908 -12.908883594599915 0
    endloop
  endfacet
  facet normal 0 0 -1
    outer loop
      vertex 52 0 0
      vertex 47.091116405400086 -13.214017867091995 0
      vertex 46.94454364826301 -13.055456351736995 0
    endloop
  endfacet
  facet normal 0 0 -1
    outer loop
      vertex 52 0 0
      vertex 47.224796734531104 -13.3835905561957 0
      vertex 47.091116405400086 -13.214017867091995 0
    endloop
  endfacet
  facet normal 0 0 -1
    outer loop
      vertex 52 0 0
      vertex 47.344760451973755 -13.56312894703114 0
      vertex 47.224796734531104 -13.3835905561957 0
    endloop
  endfacet
  facet normal 0 0 -1
    outer loop
      vertex 52 0 0
      vertex 47.450267941518014 -13.751526125716246 0
      vertex 47.344760451973755 -13.56312894703114 0
    endloop
  endfacet
  facet normal 0 0 -1
    outer loop
      vertex 52 0 0
      vertex 47.54066871440604 -13.947620560996004 0
      vertex 47.450267941518014 -13.751526125716246 0
    endloop
  endfacet
  facet normal 0 0 -1
    outer loop
      vertex 52 0 0
      vertex 47.61540541981167 -14.150203265468894 0
      vertex 47.54066871440604 -13.947620560996004 0
    endloop
  endfacet
  facet normal 0 0 -1
    outer loop
      vertex 52 0 0
      vertex 47.67401728109361 -14.35802524939626 0
      vertex 47.61540541981167 -14.150203265468894 0
    endloop
  endfacet
  facet normal 0 1 0
    outer loop
      vertex 46.18810512570733 0 1.4598200935459502
      vertex 46.27054980882933 0 1.8169272420379894
      vertex 52 0 0
    endloop
  endfacet
  facet normal 0 1 0
    outer loop
      vertex 46.27054980882933 0 1.8169272420379894
      vertex 46.34048140618788 0 2.1766941351148503
      vertex 52 0 0
    endloop
  endfacet
  facet normal 0 1 0
    outer loop
      vertex 52 0 0
      vertex 46.34048140618788 0 2.1766941351148503
      vertex 46.34048140618788 0 10.17669413511485
    endloop
  endfacet
  facet normal 0 0 -1
    outer loop
      vertex 28.248473874283754 -12.549732058481988 0
      vertex 43.56312894703114 -12.655239548026247 0
      vertex 28.436871052968858 -12.655239548026247 0
    endloop
  endfacet
  facet normal 0 0 -1
    outer loop
      vertex 28.436871052968858 -12.655239548026247 0
      vertex 43.3835905561957 -12.775203265468894 0
      vertex 28.6164094438043 -12.775203265468894 0
    endloop
  endfacet
  facet normal 0 0 -1
    outer loop
      vertex 28.6164094438043 -12.775203265468894 0
      vertex 43.214017867092 -12.908883594599915 0
      vertex 28.785982132908003 -12.908883594599915 0
    endloop
  endfacet
  facet normal 0 0 -1
    outer loop
      vertex 28.785982132908003 -12.908883594599915 0
      vertex 43.05545635173699 -13.055456351736995 0
      vertex 28.944543648263007 -13.055456351736995 0
    endloop
  endfacet
  facet normal 0 0 -1
    outer loop
      vertex 28.944543648263007 -13.055456351736995 0
      vertex 42.908883594599914 -13.214017867091995 0
      vertex 29.091116405400086 -13.214017867091995 0
    endloop
  endfacet
  facet normal 0 0 -1
    outer loop
      vertex 29.091116405400086 -13.214017867091995 0
      vertex 42.775203265468896 -13.3835905561957 0
      vertex 29.224796734531104 -13.3835905561957 0
    endloop
  endfacet
  facet normal 0 0 -1
    outer loop
      vertex 29.224796734531104 -13.3835905561957 0
      vertex 42.655239548026245 -13.56312894703114 0
      vertex 29.344760451973755 -13.56312894703114 0
    endloop
  endfacet
  facet normal 0 0 -1
    outer loop
      vertex 29.344760451973755 -13.56312894703114 0
      vertex 42.549732058481986 -13.751526125716246 0
      vertex 29.45026794151801 -13.751526125716246 0
    endloop
  endfacet
  facet normal 0 0 -1
    outer loop
      vertex 29.45026794151801 -13.751526125716246 0
      vertex 42.45933128559396 -13.947620560996004 0
      vertex 29.54066871440604 -13.947620560996004 0
    endloop
  endfacet
  facet normal 0 0 -1
    outer loop
      vertex 28.248473874283754 -12.549732058481988 0
      vertex 43.751526125716246 -12.549732058481988 0
      vertex 43.56312894703114 -12.655239548026247 0
    endloop
  endfacet
  facet normal 0 0 -1
    outer loop
      vertex 28.436871052968858 -12.655239548026247 0
      vertex 43.56312894703114 -12.655239548026247 0
      vertex 43.3835905561957 -12.775203265468894 0
    endloop
  endfacet
  facet normal 0 0 -1
    outer loop
      vertex 28.6164094438043 -12.775203265468894 0
      vertex 43.3835905561957 -12.775203265468894 0
      vertex 43.214017867092 -12.908883594599915 0
    endloop
  endfacet
  facet normal 0 0 -1
    outer loop
      vertex 28.785982132908003 -12.908883594599915 0
      vertex 43.214017867092 -12.908883594599915 0
      vertex 43.05545635173699 -13.055456351736995 0
    endloop
  endfacet
  facet normal 0 0 -1
    outer loop
      vertex 28.944543648263007 -13.055456351736995 0
      vertex 43.05545635173699 -13.055456351736995 0
      vertex 42.908883594599914 -13.214017867091995 0
    endloop
  endfacet
  facet normal 0 0 -1
    outer loop
      vertex 29.344760451973755 -13.56312894703114 0
      vertex 42.655239548026245 -13.56312894703114 0
      vertex 42.549732058481986 -13.751526125716246 0
    endloop
  endfacet
  facet normal 0 0 -1
    outer loop
      vertex 29.45026794151801 -13.751526125716246 0
      vertex 42.549732058481986 -13.751526125716246 0
      vertex 42.45933128559396 -13.947620560996004 0
    endloop
  endfacet
  facet normal 0 0 -1
    outer loop
      vertex 29.54066871440604 -13.947620560996004 0
      vertex 42.45933128559396 -13.947620560996004 0
      vertex 42.38459458018833 -14.150203265468894 0
    endloop
  endfacet
  facet normal 0 0 -1
    outer loop
      vertex 29.54066871440604 -13.947620560996004 0
      vertex 42.38459458018833 -14.150203265468894 0
      vertex 42.32598271890639 -14.35802524939626 0
    endloop
  endfacet
  facet normal 0 0 -1
    outer loop
      vertex 29.54066871440604 -13.947620560996004 0
      vertex 42.32598271890639 -14.35802524939626 0
      vertex 42.28385706336337 -14.569805221139365 0
    endloop
  endfacet
  facet normal 0 0 -1
    outer loop
      vertex 29.54066871440604 -13.947620560996004 0
      vertex 42.28385706336337 -14.569805221139365 0
      vertex 42.258477332233895 -14.784237486748426 0
    endloop
  endfacet
  facet normal 0 0 -1
    outer loop
      vertex 29.091116405400086 -13.214017867091995 0
      vertex 42.908883594599914 -13.214017867091995 0
      vertex 42.775203265468896 -13.3835905561957 0
    endloop
  endfacet
  facet normal 0 0 -1
    outer loop
      vertex 29.224796734531104 -13.3835905561957 0
      vertex 42.775203265468896 -13.3835905561957 0
      vertex 42.655239548026245 -13.56312894703114 0
    endloop
  endfacet
  facet normal 0 0 -1
    outer loop
      vertex 29.54066871440604 -13.947620560996004 0
      vertex 42.258477332233895 -14.784237486748426 0
      vertex 42.25 -15 0
    endloop
  endfacet
  facet normal 0 0 -1
    outer loop
      vertex 29.54066871440604 -13.947620560996004 0
      vertex 42.25 -15 0
      vertex 42.258477332233895 -15.215762513251574 0
    endloop
  endfacet
  facet normal 0 0 -1
    outer loop
      vertex 29.54066871440604 -13.947620560996004 0
      vertex 42.258477332233895 -15.215762513251574 0
      vertex 42.28385706336337 -15.430194778860635 0
    endloop
  endfacet
  facet normal 0 0 -1
    outer loop
      vertex 29.54066871440604 -13.947620560996004 0
      vertex 42.28385706336337 -15.430194778860635 0
      vertex 42.32598271890639 -15.64197475060374 0
    endloop
  endfacet
  facet normal 0 0 -1
    outer loop
      vertex 29.54066871440604 -13.947620560996004 0
      vertex 42.32598271890639 -15.64197475060374 0
      vertex 42.38459458018833 -15.849796734531106 0
    endloop
  endfacet
  facet normal 0 0 -1
    outer loop
      vertex 29.54066871440604 -13.947620560996004 0
      vertex 42.38459458018833 -15.849796734531106 0
      vertex 42.45933128559396 -16.052379439003996 0
    endloop
  endfacet
  facet normal 0 0 -1
    outer loop
      vertex 29.54066871440604 -13.947620560996004 0
      vertex 42.45933128559396 -16.052379439003996 0
      vertex 42.549732058481986 -16.248473874283754 0
    endloop
  endfacet
  facet normal 0 0 -1
    outer loop
      vertex 29.54066871440604 -13.947620560996004 0
      vertex 42.549732058481986 -16.248473874283754 0
      vertex 42.655239548026245 -16.436871052968858 0
    endloop
  endfacet
  facet normal 0 0 -1
    outer loop
      vertex 29.54066871440604 -13.947620560996004 0
      vertex 42.655239548026245 -16.436871052968858 0
      vertex 42.775203265468896 -16.6164094438043 0
    endloop
  endfacet
  facet normal 0 0 -1
    outer loop
      vertex 29.54066871440604 -13.947620560996004 0
      vertex 42.775203265468896 -16.6164094438043 0
      vertex 42.908883594599914 -16.785982132908003 0
    endloop
  endfacet
  facet normal 0 0 -1
    outer loop
      vertex 29.54066871440604 -13.947620560996004 0
      vertex 42.908883594599914 -16.785982132908003 0
      vertex 43.05545635173699 -16.944543648263007 0
    endloop
  endfacet
  facet normal 0 0 -1
    outer loop
      vertex 29.54066871440604 -13.947620560996004 0
      vertex 43.05545635173699 -16.944543648263007 0
      vertex 43.214017867092 -17.091116405400086 0
    endloop
  endfacet
  facet normal 0 0 -1
    outer loop
      vertex 29.54066871440604 -13.947620560996004 0
      vertex 43.214017867092 -17.091116405400086 0
      vertex 43.3835905561957 -17.224796734531104 0
    endloop
  endfacet
  facet normal 0 0 -1
    outer loop
      vertex 29.54066871440604 -13.947620560996004 0
      vertex 43.3835905561957 -17.224796734531104 0
      vertex 43.56312894703114 -17.344760451973755 0
    endloop
  endfacet
  facet normal 0 0 -1
    outer loop
      vertex 29.54066871440604 -13.947620560996004 0
      vertex 43.56312894703114 -17.344760451973755 0
      vertex 43.751526125716246 -17.45026794151801 0
    endloop
  endfacet
  facet normal 0 0 -1
    outer loop
      vertex 27.215762513251573 -17.7415226677661 0
      vertex 27.430194778860635 -17.71614293663663 0
      vertex 52 -30 0
    endloop
  endfacet
  facet normal 0 0 -1
    outer loop
      vertex 27.430194778860635 -17.71614293663663 0
      vertex 27.64197475060374 -17.67401728109361 0
      vertex 52 -30 0
    endloop
  endfacet
  facet normal 0 0 -1
    outer loop
      vertex 29.54066871440604 -13.947620560996004 0
      vertex 52 -30 0
      vertex 29.615405419811673 -14.150203265468894 0
    endloop
  endfacet
  facet normal 0 0 -1
    outer loop
      vertex 29.615405419811673 -14.150203265468894 0
      vertex 52 -30 0
      vertex 29.67401728109361 -14.35802524939626 0
    endloop
  endfacet
  facet normal 0 0 -1
    outer loop
      vertex 29.67401728109361 -14.35802524939626 0
      vertex 52 -30 0
      vertex 29.71614293663663 -14.569805221139365 0
    endloop
  endfacet
  facet normal 0 0 -1
    outer loop
      vertex 29.71614293663663 -14.569805221139365 0
      vertex 52 -30 0
      vertex 29.7415226677661 -14.784237486748426 0
    endloop
  endfacet
  facet normal 0 0 -1
    outer loop
      vertex 29.7415226677661 -14.784237486748426 0
      vertex 52 -30 0
      vertex 29.75 -15 0
    endloop
  endfacet
  facet normal 0 0 -1
    outer loop
      vertex 29.75 -15 0
      vertex 52 -30 0
      vertex 29.7415226677661 -15.215762513251574 0
    endloop
  endfacet
  facet normal 0 0 -1
    outer loop
      vertex 29.7415226677661 -15.215762513251574 0
      vertex 52 -30 0
      vertex 29.71614293663663 -15.430194778860635 0
    endloop
  endfacet
  facet normal 0 0 -1
    outer loop
      vertex 29.71614293663663 -15.430194778860635 0
      vertex 52 -30 0
      vertex 29.67401728109361 -15.64197475060374 0
    endloop
  endfacet
  facet normal 0 0 -1
    outer loop
      vertex 29.67401728109361 -15.64197475060374 0
      vertex 52 -30 0
      vertex 29.615405419811673 -15.849796734531106 0
    endloop
  endfacet
  facet normal 0 0 -1
    outer loop
      vertex 29.615405419811673 -15.849796734531106 0
      vertex 52 -30 0
      vertex 29.54066871440604 -16.052379439003996 0
    endloop
  endfacet
  facet normal 0 0 -1
    outer loop
      vertex 28.052379439003996 -17.54066871440604 0
      vertex 28.248473874283754 -17.45026794151801 0
      vertex 52 -30 0
    endloop
  endfacet
  facet normal 0 0 -1
    outer loop
      vertex 27.849796734531104 -17.615405419811673 0
      vertex 52 -30 0
      vertex 27.64197475060374 -17.67401728109361 0
    endloop
  endfacet
  facet normal 0 0 -1
    outer loop
      vertex 27.849796734531104 -17.615405419811673 0
      vertex 28.052379439003996 -17.54066871440604 0
      vertex 52 -30 0
    endloop
  endfacet
  facet normal 0 0 -1
    outer loop
      vertex 28.436871052968858 -17.344760451973755 0
      vertex 28.6164094438043 -17.224796734531104 0
      vertex 52 -30 0
    endloop
  endfacet
  facet normal 0 0 -1
    outer loop
      vertex 28.248473874283754 -17.45026794151801 0
      vertex 28.436871052968858 -17.344760451973755 0
      vertex 52 -30 0
    endloop
  endfacet
  facet normal 0 0 -1
    outer loop
      vertex 28.6164094438043 -17.224796734531104 0
      vertex 28.785982132908003 -17.091116405400086 0
      vertex 52 -30 0
    endloop
  endfacet
  facet normal 0 0 -1
    outer loop
      vertex 29.45026794151801 -16.248473874283754 0
      vertex 52 -30 0
      vertex 29.344760451973755 -16.436871052968858 0
    endloop
  endfacet
  facet normal 0 0 -1
    outer loop
      vertex 29.224796734531104 -16.6164094438043 0
      vertex 29.344760451973755 -16.436871052968858 0
      vertex 52 -30 0
    endloop
  endfacet
  facet normal 0 0 -1
    outer loop
      vertex 28.944543648263007 -16.944543648263007 0
      vertex 52 -30 0
      vertex 28.785982132908003 -17.091116405400086 0
    endloop
  endfacet
  facet normal 0 0 -1
    outer loop
      vertex 28.944543648263007 -16.944543648263007 0
      vertex 29.091116405400086 -16.785982132908003 0
      vertex 52 -30 0
    endloop
  endfacet
  facet normal 0 0 -1
    outer loop
      vertex 29.224796734531104 -16.6164094438043 0
      vertex 52 -30 0
      vertex 29.091116405400086 -16.785982132908003 0
    endloop
  endfacet
  facet normal 0 0 -1
    outer loop
      vertex 29.54066871440604 -16.052379439003996 0
      vertex 52 -30 0
      vertex 29.45026794151801 -16.248473874283754 0
    endloop
  endfacet
  facet normal 0 0 -1
    outer loop
      vertex 13.344760451973753 -25.936871052968858 0
      vertex 27.215762513251573 -17.7415226677661 0
      vertex 52 -30 0
    endloop
  endfacet
  facet normal 0 0 -1
    outer loop
      vertex 13.344760451973753 -25.936871052968858 0
      vertex 52 -30 0
      vertex 13.224796734531106 -26.1164094438043 0
    endloop
  endfacet
  facet normal 0 0 -1
    outer loop
      vertex 13.091116405400085 -26.285982132908003 0
      vertex 13.224796734531106 -26.1164094438043 0
      vertex 52 -30 0
    endloop
  endfacet
  facet normal 0 0 -1
    outer loop
      vertex 12.944543648263005 -26.444543648263007 0
      vertex 13.091116405400085 -26.285982132908003 0
      vertex 52 -30 0
    endloop
  endfacet
  facet normal 0 -1 0
    outer loop
      vertex 0 -30 0
      vertex 52 -30 0
      vertex 34.13243708915276 -30 4.2210406368185875
    endloop
  endfacet
  facet normal 0 0 -1
    outer loop
      vertex 29.54066871440604 -13.947620560996004 0
      vertex 43.751526125716246 -17.45026794151801 0
      vertex 43.947620560996 -17.54066871440604 0
    endloop
  endfacet
  facet normal 0 0 -1
    outer loop
      vertex 29.54066871440604 -13.947620560996004 0
      vertex 43.947620560996 -17.54066871440604 0
      vertex 44.150203265468896 -17.615405419811673 0
    endloop
  endfacet
  facet normal 0 0 -1
    outer loop
      vertex 29.54066871440604 -13.947620560996004 0
      vertex 44.150203265468896 -17.615405419811673 0
      vertex 44.35802524939626 -17.67401728109361 0
    endloop
  endfacet
  facet normal 0 0 -1
    outer loop
      vertex 29.54066871440604 -13.947620560996004 0
      vertex 44.35802524939626 -17.67401728109361 0
      vertex 52 -30 0
    endloop
  endfacet
  facet normal 0 0 -1
    outer loop
      vertex 52 0 0
      vertex 52 -30 0
      vertex 47.67401728109361 -14.35802524939626 0
    endloop
  endfacet
  facet normal 0 0 -1
    outer loop
      vertex 44.35802524939626 -17.67401728109361 0
      vertex 44.56980522113936 -17.71614293663663 0
      vertex 52 -30 0
    endloop
  endfacet
  facet normal 0 0 -1
    outer loop
      vertex 44.56980522113936 -17.71614293663663 0
      vertex 44.784237486748424 -17.7415226677661 0
      vertex 52 -30 0
    endloop
  endfacet
  facet normal 0 0 -1
    outer loop
      vertex 44.784237486748424 -17.7415226677661 0
      vertex 45 -17.75 0
      vertex 52 -30 0
    endloop
  endfacet
  facet normal 0 0 -1
    outer loop
      vertex 45 -17.75 0
      vertex 45.215762513251576 -17.7415226677661 0
      vertex 52 -30 0
    endloop
  endfacet
  facet normal 0 0 -1
    outer loop
      vertex 45.215762513251576 -17.7415226677661 0
      vertex 45.43019477886064 -17.71614293663663 0
      vertex 52 -30 0
    endloop
  endfacet
  facet normal 0 0 -1
    outer loop
      vertex 45.43019477886064 -17.71614293663663 0
      vertex 45.64197475060374 -17.67401728109361 0
      vertex 52 -30 0
    endloop
  endfacet
  facet normal 0 0 -1
    outer loop
      vertex 45.849796734531104 -17.615405419811673 0
      vertex 52 -30 0
      vertex 45.64197475060374 -17.67401728109361 0
    endloop
  endfacet
  facet normal 0 0 -1
    outer loop
      vertex 46.94454364826301 -16.944543648263007 0
      vertex 52 -30 0
      vertex 46.785982132908 -17.091116405400086 0
    endloop
  endfacet
  facet normal 0 0 -1
    outer loop
      vertex 47.091116405400086 -16.785982132908003 0
      vertex 52 -30 0
      vertex 46.94454364826301 -16.944543648263007 0
    endloop
  endfacet
  facet normal 0 0 -1
    outer loop
      vertex 46.052379439004 -17.54066871440604 0
      vertex 46.248473874283754 -17.45026794151801 0
      vertex 52 -30 0
    endloop
  endfacet
  facet normal 0 0 -1
    outer loop
      vertex 46.248473874283754 -17.45026794151801 0
      vertex 46.43687105296886 -17.344760451973755 0
      vertex 52 -30 0
    endloop
  endfacet
  facet normal 0 0 -1
    outer loop
      vertex 45.849796734531104 -17.615405419811673 0
      vertex 46.052379439004 -17.54066871440604 0
      vertex 52 -30 0
    endloop
  endfacet
  facet normal 0 0 -1
    outer loop
      vertex 46.6164094438043 -17.224796734531104 0
      vertex 52 -30 0
      vertex 46.43687105296886 -17.344760451973755 0
    endloop
  endfacet
  facet normal 0 0 -1
    outer loop
      vertex 46.6164094438043 -17.224796734531104 0
      vertex 46.785982132908 -17.091116405400086 0
      vertex 52 -30 0
    endloop
  endfacet
  facet normal 0 0 -1
    outer loop
      vertex 47.67401728109361 -14.35802524939626 0
      vertex 52 -30 0
      vertex 47.71614293663663 -14.569805221139365 0
    endloop
  endfacet
  facet normal 0 0 -1
    outer loop
      vertex 47.71614293663663 -14.569805221139365 0
      vertex 52 -30 0
      vertex 47.741522667766105 -14.784237486748426 0
    endloop
  endfacet
  facet normal 0 0 -1
    outer loop
      vertex 47.741522667766105 -14.784237486748426 0
      vertex 52 -30 0
      vertex 47.75 -15 0
    endloop
  endfacet
  facet normal 0 0 -1
    outer loop
      vertex 47.75 -15 0
      vertex 52 -30 0
      vertex 47.741522667766105 -15.215762513251574 0
    endloop
  endfacet
  facet normal 0 0 -1
    outer loop
      vertex 47.71614293663663 -15.430194778860635 0
      vertex 47.741522667766105 -15.215762513251574 0
      vertex 52 -30 0
    endloop
  endfacet
  facet normal 0 0 -1
    outer loop
      vertex 47.71614293663663 -15.430194778860635 0
      vertex 52 -30 0
      vertex 47.67401728109361 -15.64197475060374 0
    endloop
  endfacet
  facet normal 0 0 -1
    outer loop
      vertex 47.67401728109361 -15.64197475060374 0
      vertex 52 -30 0
      vertex 47.61540541981167 -15.849796734531106 0
    endloop
  endfacet
  facet normal 0 0 -1
    outer loop
      vertex 47.61540541981167 -15.849796734531106 0
      vertex 52 -30 0
      vertex 47.54066871440604 -16.052379439003996 0
    endloop
  endfacet
  facet normal 0 0 -1
    outer loop
      vertex 47.450267941518014 -16.248473874283754 0
      vertex 52 -30 0
      vertex 47.344760451973755 -16.436871052968858 0
    endloop
  endfacet
  facet normal 0 0 -1
    outer loop
      vertex 47.224796734531104 -16.6164094438043 0
      vertex 47.344760451973755 -16.436871052968858 0
      vertex 52 -30 0
    endloop
  endfacet
  facet normal 0 0 -1
    outer loop
      vertex 47.450267941518014 -16.248473874283754 0
      vertex 47.54066871440604 -16.052379439003996 0
      vertex 52 -30 0
    endloop
  endfacet
  facet normal 0 0 -1
    outer loop
      vertex 47.091116405400086 -16.785982132908003 0
      vertex 47.224796734531104 -16.6164094438043 0
      vertex 52 -30 0
    endloop
  endfacet
  facet normal 1 0 0
    outer loop
      vertex 52 0 0
      vertex 52 -30 11.600000000000023
      vertex 52 -30 0
    endloop
  endfacet
  facet normal 0 -1 0
    outer loop
      vertex 52 -30 0
      vertex 34.74852427967815 -30 4.098493275238898
      vertex 34.13243708915276 -30 4.2210406368185875
    endloop
  endfacet
  facet normal 0 -1 0
    outer loop
      vertex 52 -30 0
      vertex 35.37232723417724 -30 4.024661330134976
      vertex 34.74852427967815 -30 4.098493275238898
    endloop
  endfacet
  facet normal 0 -1 0
    outer loop
      vertex 52 -30 0
      vertex 36 -30 4
      vertex 35.37232723417724 -30 4.024661330134976
    endloop
  endfacet
  facet normal 0 -1 0
    outer loop
      vertex 52 -30 0
      vertex 36.62767276582276 -30 4.024661330134976
      vertex 36 -30 4
    endloop
  endfacet
  facet normal 0 -1 0
    outer loop
      vertex 52 -30 0
      vertex 37.25147572032185 -30 4.098493275238898
      vertex 36.62767276582276 -30 4.024661330134976
    endloop
  endfacet
  facet normal 0 -1 0
    outer loop
      vertex 52 -30 0
      vertex 37.86756291084724 -30 4.2210406368185875
      vertex 37.25147572032185 -30 4.098493275238898
    endloop
  endfacet
  facet normal 0 -1 0
    outer loop
      vertex 52 -30 0
      vertex 38.47213595499958 -30 4.391547869638772
      vertex 37.86756291084724 -30 4.2210406368185875
    endloop
  endfacet
  facet normal 0 -1 0
    outer loop
      vertex 52 -30 0
      vertex 39.06146745892072 -30 4.608963739909706
      vertex 38.47213595499958 -30 4.391547869638772
    endloop
  endfacet
  facet normal 0 -1 0
    outer loop
      vertex 52 -30 0
      vertex 39.631923997916374 -30 4.871947806493057
      vertex 39.06146745892072 -30 4.608963739909706
    endloop
  endfacet
  facet normal 0 -1 0
    outer loop
      vertex 52 -30 0
      vertex 40.179988517727594 -30 5.178878685167263
      vertex 39.631923997916374 -30 4.871947806493057
    endloop
  endfacet
  facet normal 0 -1 0
    outer loop
      vertex 52 -30 0
      vertex 40.70228201833979 -30 5.52786404500042
      vertex 40.179988517727594 -30 5.178878685167263
    endloop
  endfacet
  facet normal 0 -1 0
    outer loop
      vertex 52 -30 0
      vertex 41.19558438664147 -30 5.9167522751997526
      vertex 40.70228201833979 -30 5.52786404500042
    endloop
  endfacet
  facet normal 0 -1 0
    outer loop
      vertex 52 -30 0
      vertex 41.65685424949238 -30 6.343145750507619
      vertex 41.19558438664147 -30 5.9167522751997526
    endloop
  endfacet
  facet normal 0 -1 0
    outer loop
      vertex 52 -30 0
      vertex 42.083247724800245 -30 6.804415613358531
      vertex 41.65685424949238 -30 6.343145750507619
    endloop
  endfacet
  facet normal 0 -1 0
    outer loop
      vertex 52 -30 0
      vertex 42.47213595499958 -30 7.297717981660215
      vertex 42.083247724800245 -30 6.804415613358531
    endloop
  endfacet
  facet normal 0 -1 0
    outer loop
      vertex 52 -30 0
      vertex 42.82112131483274 -30 7.82001148227241
      vertex 42.47213595499958 -30 7.297717981660215
    endloop
  endfacet
  facet normal 0 -1 0
    outer loop
      vertex 52 -30 0
      vertex 43.128052193506946 -30 8.368076002083626
      vertex 42.82112131483274 -30 7.82001148227241
    endloop
  endfacet
  facet normal 0 -1 0
    outer loop
      vertex 52 -30 0
      vertex 43.391036260090296 -30 8.938532541079281
      vertex 43.128052193506946 -30 8.368076002083626
    endloop
  endfacet
  facet normal 0 1 0
    outer loop
      vertex 43.87426187672501 0 10.611555179189326
      vertex 43.901506724761106 0 10.748524279678152
      vertex 46.34048140618788 0 10.17669413511485
    endloop
  endfacet
  facet normal 0 1 0
    outer loop
      vertex 43.901506724761106 0 10.748524279678152
      vertex 43.975338669865025 0 11.37232723417724
      vertex 46.34048140618788 0 10.17669413511485
    endloop
  endfacet
  facet normal 0 1 0
    outer loop
      vertex 52 0 0
      vertex 46.34048140618788 0 10.17669413511485
      vertex 52 0 11.600000000000023
    endloop
  endfacet
  facet normal 1 0 0
    outer loop
      vertex 52 0 0
      vertex 52 0 11.600000000000023
      vertex 52 -30 11.600000000000023
    endloop
  endfacet
  facet normal 0 1 0
    outer loop
      vertex 43.975338669865025 0 11.37232723417724
      vertex 43.984283957196936 0 11.600000000000023
      vertex 52 0 11.600000000000023
    endloop
  endfacet
  facet normal 0 1 0
    outer loop
      vertex 43.975338669865025 0 11.37232723417724
      vertex 52 0 11.600000000000023
      vertex 46.34048140618788 0 10.17669413511485
    endloop
  endfacet
  facet normal 0 -1 0
    outer loop
      vertex 52 -30 0
      vertex 43.60845213036123 -30 9.52786404500042
      vertex 43.391036260090296 -30 8.938532541079281
    endloop
  endfacet
  facet normal 0 -1 0
    outer loop
      vertex 52 -30 0
      vertex 43.778959363181414 -30 10.132437089152758
      vertex 43.60845213036123 -30 9.52786404500042
    endloop
  endfacet
  facet normal 0 -1 0
    outer loop
      vertex 52 -30 0
      vertex 43.901506724761106 -30 10.748524279678152
      vertex 43.778959363181414 -30 10.132437089152758
    endloop
  endfacet
  facet normal 0 -1 0
    outer loop
      vertex 52 -30 0
      vertex 43.975338669865025 -30 11.37232723417724
      vertex 43.901506724761106 -30 10.748524279678152
    endloop
  endfacet
  facet normal 0 -1 0
    outer loop
      vertex 52 -30 0
      vertex 43.984283957196936 -30 11.600000000000023
      vertex 43.975338669865025 -30 11.37232723417724
    endloop
  endfacet
  facet normal 0 -1 0
    outer loop
      vertex 52 -30 0
      vertex 52 -30 11.600000000000023
      vertex 43.984283957196936 -30 11.600000000000023
    endloop
  endfacet
  facet normal 0 -0.7853169308807454 0.6190939493098334
    outer loop
      vertex 0 -11.958376137599876 9.402207806679264
      vertex 22 -11.958376137599876 9.402207806679264
      vertex 0 -11.76393202250021 9.648858990830107
    endloop
  endfacet
  facet normal 0 -0.8314696123025468 0.5555702330195998
    outer loop
      vertex 0 -11.76393202250021 9.648858990830107
      vertex 22 -11.76393202250021 9.648858990830107
      vertex 0 -11.589439342583631 9.910005741136205
    endloop
  endfacet
  facet normal 0 -0.8724960070727972 0.48862124149695474
    outer loop
      vertex 0 -11.589439342583631 9.910005741136205
      vertex 22 -11.589439342583631 9.910005741136205
      vertex 0 -11.435973903246529 10.184038001041813
    endloop
  endfacet
  facet normal 0 -0.9081431738250803 0.41865973753743047
    outer loop
      vertex 0 -11.435973903246529 10.184038001041813
      vertex 22 -11.435973903246529 10.184038001041813
      vertex 0 -11.304481869954852 10.469266270539642
    endloop
  endfacet
  facet normal 0 -0.9381913359224844 0.34611705707749224
    outer loop
      vertex 0 -11.304481869954852 10.469266270539642
      vertex 22 -11.304481869954852 10.469266270539642
      vertex 0 -11.195773934819385 10.76393202250021
    endloop
  endfacet
  facet normal 0 -0.9624552364536468 0.2714404498650758
    outer loop
      vertex 0 -11.195773934819385 10.76393202250021
      vertex 22 -11.195773934819385 10.76393202250021
      vertex 0 -11.110520318409293 11.066218544576378
    endloop
  endfacet
  facet normal 0 -0.980785280403231 0.19509032201612603
    outer loop
      vertex 0 -11.110520318409293 11.066218544576378
      vertex 22 -11.110520318409293 11.066218544576378
      vertex 0 -11.049246637619449 11.374262139839077
    endloop
  endfacet
  facet normal 0 -0.9930684569549264 0.11753739745783653
    outer loop
      vertex 0 -11.049246637619449 11.374262139839077
      vertex 22 -11.049246637619449 11.374262139839077
      vertex 0 -11.022528801195184 11.600000000000023
    endloop
  endfacet
  facet normal 0 -0.7853169308807454 0.6190939493098334
    outer loop
      vertex 0 -11.76393202250021 9.648858990830107
      vertex 22 -11.958376137599876 9.402207806679264
      vertex 22 -11.76393202250021 9.648858990830107
    endloop
  endfacet
  facet normal 0 -0.8314696123025468 0.5555702330195998
    outer loop
      vertex 0 -11.589439342583631 9.910005741136205
      vertex 22 -11.76393202250021 9.648858990830107
      vertex 22 -11.589439342583631 9.910005741136205
    endloop
  endfacet
  facet normal 0 -0.8724960070727972 0.48862124149695474
    outer loop
      vertex 0 -11.435973903246529 10.184038001041813
      vertex 22 -11.589439342583631 9.910005741136205
      vertex 22 -11.435973903246529 10.184038001041813
    endloop
  endfacet
  facet normal 0 -0.9081431738250803 0.41865973753743047
    outer loop
      vertex 0 -11.304481869954852 10.469266270539642
      vertex 22 -11.435973903246529 10.184038001041813
      vertex 22 -11.304481869954852 10.469266270539642
    endloop
  endfacet
  facet normal 0 -0.9381913359224844 0.34611705707749224
    outer loop
      vertex 0 -11.195773934819385 10.76393202250021
      vertex 22 -11.304481869954852 10.469266270539642
      vertex 22 -11.195773934819385 10.76393202250021
    endloop
  endfacet
  facet normal 0 -0.9624552364536468 0.2714404498650758
    outer loop
      vertex 0 -11.110520318409293 11.066218544576378
      vertex 22 -11.195773934819385 10.76393202250021
      vertex 22 -11.110520318409293 11.066218544576378
    endloop
  endfacet
  facet normal 0 -0.980785280403231 0.19509032201612603
    outer loop
      vertex 0 -11.049246637619449 11.374262139839077
      vertex 22 -11.110520318409293 11.066218544576378
      vertex 22 -11.049246637619449 11.374262139839077
    endloop
  endfacet
  facet normal 0 -0.9930684569549264 0.11753739745783653
    outer loop
      vertex 0 -11.022528801195184 11.600000000000023
      vertex 22 -11.049246637619449 11.374262139839077
      vertex 22 -11.022528801195184 11.600000000000023
    endloop
  endfacet
  facet normal 0 -0.2714404498650758 0.9624552364536468
    outer loop
      vertex 0 -14.066218544576378 8.110520318409293
      vertex 22 -14.066218544576378 8.110520318409293
      vertex 0 -13.76393202250021 8.195773934819385
    endloop
  endfacet
  facet normal 0 -0.19509032201612603 0.980785280403231
    outer loop
      vertex 0 -14.374262139839077 8.049246637619449
      vertex 22 -14.374262139839077 8.049246637619449
      vertex 0 -14.066218544576378 8.110520318409293
    endloop
  endfacet
  facet normal 0 -0.34611705707749224 0.9381913359224844
    outer loop
      vertex 0 -13.76393202250021 8.195773934819385
      vertex 22 -13.76393202250021 8.195773934819385
      vertex 0 -13.469266270539642 8.304481869954852
    endloop
  endfacet
  facet normal 0 -0.41865973753743047 0.9081431738250803
    outer loop
      vertex 0 -13.184038001041813 8.435973903246529
      vertex 0 -13.469266270539642 8.304481869954852
      vertex 22 -13.469266270539642 8.304481869954852
    endloop
  endfacet
  facet normal 0 -0.039259815759067423 0.999229036240723
    outer loop
      vertex 0 -14.68616361708862 8.012330665067488
      vertex 0 -15 8
      vertex 22 -15 8
    endloop
  endfacet
  facet normal 0 -0.11753739745783834 0.9930684569549262
    outer loop
      vertex 0 -14.374262139839077 8.049246637619449
      vertex 0 -14.68616361708862 8.012330665067488
      vertex 22 -14.68616361708862 8.012330665067488
    endloop
  endfacet
  facet normal 0 0.039259815759067423 0.999229036240723
    outer loop
      vertex 0 -15 8
      vertex 0 -15.31383638291138 8.012330665067488
      vertex 22 -15.31383638291138 8.012330665067488
    endloop
  endfacet
  facet normal 0 0.11753739745783834 0.9930684569549262
    outer loop
      vertex 0 -15.31383638291138 8.012330665067488
      vertex 0 -15.625737860160923 8.049246637619449
      vertex 22 -15.625737860160923 8.049246637619449
    endloop
  endfacet
  facet normal 0 0.19509032201612603 0.980785280403231
    outer loop
      vertex 0 -15.625737860160923 8.049246637619449
      vertex 0 -15.933781455423622 8.110520318409293
      vertex 22 -15.933781455423622 8.110520318409293
    endloop
  endfacet
  facet normal 0 0.2714404498650758 0.9624552364536468
    outer loop
      vertex 0 -15.933781455423622 8.110520318409293
      vertex 0 -16.23606797749979 8.195773934819385
      vertex 22 -16.23606797749979 8.195773934819385
    endloop
  endfacet
  facet normal 0 0.34611705707749224 0.9381913359224844
    outer loop
      vertex 0 -16.23606797749979 8.195773934819385
      vertex 0 -16.53073372946036 8.304481869954852
      vertex 22 -16.53073372946036 8.304481869954852
    endloop
  endfacet
  facet normal 0 0.41865973753743047 0.9081431738250803
    outer loop
      vertex 0 -16.53073372946036 8.304481869954852
      vertex 0 -16.815961998958187 8.435973903246529
      vertex 22 -16.815961998958187 8.435973903246529
    endloop
  endfacet
  facet normal 0 -0.48862124149695474 0.8724960070727972
    outer loop
      vertex 0 -13.184038001041813 8.435973903246529
      vertex 22 -13.184038001041813 8.435973903246529
      vertex 0 -12.910005741136205 8.589439342583631
    endloop
  endfacet
  facet normal 0 -0.5555702330195998 0.8314696123025468
    outer loop
      vertex 0 -12.910005741136205 8.589439342583631
      vertex 22 -12.910005741136205 8.589439342583631
      vertex 0 -12.648858990830107 8.76393202250021
    endloop
  endfacet
  facet normal 0 -0.6190939493098334 0.7853169308807454
    outer loop
      vertex 0 -12.648858990830107 8.76393202250021
      vertex 22 -12.648858990830107 8.76393202250021
      vertex 0 -12.402207806679264 8.958376137599876
    endloop
  endfacet
  facet normal 0 -0.6788007455329447 0.7343225094356828
    outer loop
      vertex 0 -12.402207806679264 8.958376137599876
      vertex 22 -12.402207806679264 8.958376137599876
      vertex 0 -12.17157287525381 9.17157287525381
    endloop
  endfacet
  facet normal 0 -0.7343225094356828 0.6788007455329447
    outer loop
      vertex 0 -11.958376137599876 9.402207806679264
      vertex 0 -12.17157287525381 9.17157287525381
      vertex 22 -12.17157287525381 9.17157287525381
    endloop
  endfacet
  facet normal 0 0.48862124149695235 0.8724960070727986
    outer loop
      vertex 0 -16.815961998958187 8.435973903246529
      vertex 0 -17.089994258863797 8.589439342583631
      vertex 22 -17.089994258863797 8.589439342583631
    endloop
  endfacet
  facet normal 0 0.5555702330196024 0.831469612302545
    outer loop
      vertex 0 -17.089994258863797 8.589439342583631
      vertex 0 -17.351141009169893 8.76393202250021
      vertex 22 -17.351141009169893 8.76393202250021
    endloop
  endfacet
  facet normal 0 0.6190939493098334 0.7853169308807454
    outer loop
      vertex 0 -17.351141009169893 8.76393202250021
      vertex 0 -17.597792193320736 8.958376137599876
      vertex 22 -17.597792193320736 8.958376137599876
    endloop
  endfacet
  facet normal 0 0.6788007455329419 0.7343225094356854
    outer loop
      vertex 0 -17.597792193320736 8.958376137599876
      vertex 0 -17.82842712474619 9.17157287525381
      vertex 22 -17.82842712474619 9.17157287525381
    endloop
  endfacet
  facet normal 0 0.7343225094356884 0.6788007455329386
    outer loop
      vertex 0 -17.82842712474619 9.17157287525381
      vertex 0 -18.041623862400122 9.402207806679264
      vertex 22 -18.041623862400122 9.402207806679264
    endloop
  endfacet
  facet normal 0 0.7853169308807427 0.619093949309837
    outer loop
      vertex 0 -18.041623862400122 9.402207806679264
      vertex 0 -18.23606797749979 9.648858990830107
      vertex 22 -18.23606797749979 9.648858990830107
    endloop
  endfacet
  facet normal 0 0.8314696123025468 0.5555702330195998
    outer loop
      vertex 0 -18.23606797749979 9.648858990830107
      vertex 0 -18.41056065741637 9.910005741136205
      vertex 22 -18.41056065741637 9.910005741136205
    endloop
  endfacet
  facet normal 0 0.8724960070727948 0.4886212414969591
    outer loop
      vertex 0 -18.41056065741637 9.910005741136205
      vertex 0 -18.564026096753473 10.184038001041813
      vertex 22 -18.564026096753473 10.184038001041813
    endloop
  endfacet
  facet normal 0 0.9081431738250824 0.4186597375374258
    outer loop
      vertex 0 -18.564026096753473 10.184038001041813
      vertex 0 -18.695518130045148 10.469266270539642
      vertex 22 -18.695518130045148 10.469266270539642
    endloop
  endfacet
  facet normal 0 0.9381913359224844 0.34611705707749224
    outer loop
      vertex 0 -18.695518130045148 10.469266270539642
      vertex 0 -18.804226065180615 10.76393202250021
      vertex 22 -18.804226065180615 10.76393202250021
    endloop
  endfacet
  facet normal 0 0.9624552364536468 0.2714404498650758
    outer loop
      vertex 0 -18.804226065180615 10.76393202250021
      vertex 0 -18.889479681590707 11.066218544576378
      vertex 22 -18.889479681590707 11.066218544576378
    endloop
  endfacet
  facet normal 0 0.9930684569549264 0.11753739745783655
    outer loop
      vertex 0 -18.950753362380553 11.374262139839077
      vertex 0 -18.977471198804817 11.600000000000023
      vertex 15.922441173843726 -18.977471198804817 11.600000000000023
    endloop
  endfacet
  facet normal 0 0.9807852804032299 0.19509032201613147
    outer loop
      vertex 0 -18.889479681590707 11.066218544576378
      vertex 0 -18.950753362380553 11.374262139839077
      vertex 22 -18.950753362380553 11.374262139839077
    endloop
  endfacet
  facet normal 0 0.9930684569549264 0.11753739745783653
    outer loop
      vertex 0 -18.950753362380553 11.374262139839077
      vertex 15.922441173843726 -18.977471198804817 11.600000000000023
      vertex 22 -18.950753362380553 11.374262139839077
    endloop
  endfacet
  facet normal 0 -0.2714404498650758 0.9624552364536468
    outer loop
      vertex 0 -13.76393202250021 8.195773934819385
      vertex 22 -14.066218544576378 8.110520318409293
      vertex 22 -13.76393202250021 8.195773934819385
    endloop
  endfacet
  facet normal 0 -0.19509032201612603 0.980785280403231
    outer loop
      vertex 0 -14.066218544576378 8.110520318409293
      vertex 22 -14.374262139839077 8.049246637619449
      vertex 22 -14.066218544576378 8.110520318409293
    endloop
  endfacet
  facet normal 0 -0.11753739745783834 0.9930684569549262
    outer loop
      vertex 0 -14.374262139839077 8.049246637619449
      vertex 22 -14.68616361708862 8.012330665067488
      vertex 22 -14.374262139839077 8.049246637619449
    endloop
  endfacet
  facet normal 0 -0.34611705707749224 0.9381913359224844
    outer loop
      vertex 0 -13.469266270539642 8.304481869954852
      vertex 22 -13.76393202250021 8.195773934819385
      vertex 22 -13.469266270539642 8.304481869954852
    endloop
  endfacet
  facet normal 0 -0.41865973753743047 0.9081431738250803
    outer loop
      vertex 0 -13.184038001041813 8.435973903246529
      vertex 22 -13.469266270539642 8.304481869954852
      vertex 22 -13.184038001041813 8.435973903246529
    endloop
  endfacet
  facet normal 0 -0.039259815759067423 0.999229036240723
    outer loop
      vertex 0 -14.68616361708862 8.012330665067488
      vertex 22 -15 8
      vertex 22 -14.68616361708862 8.012330665067488
    endloop
  endfacet
  facet normal 0 0.039259815759067423 0.999229036240723
    outer loop
      vertex 0 -15 8
      vertex 22 -15.31383638291138 8.012330665067488
      vertex 22 -15 8
    endloop
  endfacet
  facet normal 0 0.11753739745783834 0.9930684569549262
    outer loop
      vertex 0 -15.31383638291138 8.012330665067488
      vertex 22 -15.625737860160923 8.049246637619449
      vertex 22 -15.31383638291138 8.012330665067488
    endloop
  endfacet
  facet normal 0 0.19509032201612603 0.980785280403231
    outer loop
      vertex 0 -15.625737860160923 8.049246637619449
      vertex 22 -15.933781455423622 8.110520318409293
      vertex 22 -15.625737860160923 8.049246637619449
    endloop
  endfacet
  facet normal 0 0.2714404498650758 0.9624552364536468
    outer loop
      vertex 0 -15.933781455423622 8.110520318409293
      vertex 22 -16.23606797749979 8.195773934819385
      vertex 22 -15.933781455423622 8.110520318409293
    endloop
  endfacet
  facet normal 0 0.34611705707749224 0.9381913359224844
    outer loop
      vertex 0 -16.23606797749979 8.195773934819385
      vertex 22 -16.53073372946036 8.304481869954852
      vertex 22 -16.23606797749979 8.195773934819385
    endloop
  endfacet
  facet normal 0 0.41865973753743047 0.9081431738250803
    outer loop
      vertex 0 -16.53073372946036 8.304481869954852
      vertex 22 -16.815961998958187 8.435973903246529
      vertex 22 -16.53073372946036 8.304481869954852
    endloop
  endfacet
  facet normal 0 -0.48862124149695474 0.8724960070727972
    outer loop
      vertex 0 -12.910005741136205 8.589439342583631
      vertex 22 -13.184038001041813 8.435973903246529
      vertex 22 -12.910005741136205 8.589439342583631
    endloop
  endfacet
  facet normal 0 -0.5555702330195998 0.8314696123025468
    outer loop
      vertex 0 -12.648858990830107 8.76393202250021
      vertex 22 -12.910005741136205 8.589439342583631
      vertex 22 -12.648858990830107 8.76393202250021
    endloop
  endfacet
  facet normal 0 -0.6190939493098334 0.7853169308807454
    outer loop
      vertex 0 -12.402207806679264 8.958376137599876
      vertex 22 -12.648858990830107 8.76393202250021
      vertex 22 -12.402207806679264 8.958376137599876
    endloop
  endfacet
  facet normal 0 -0.6788007455329447 0.7343225094356828
    outer loop
      vertex 0 -12.17157287525381 9.17157287525381
      vertex 22 -12.402207806679264 8.958376137599876
      vertex 22 -12.17157287525381 9.17157287525381
    endloop
  endfacet
  facet normal 0 -0.7343225094356828 0.6788007455329447
    outer loop
      vertex 0 -11.958376137599876 9.402207806679264
      vertex 22 -12.17157287525381 9.17157287525381
      vertex 22 -11.958376137599876 9.402207806679264
    endloop
  endfacet
  facet normal 0 0.48862124149695235 0.8724960070727986
    outer loop
      vertex 0 -16.815961998958187 8.435973903246529
      vertex 22 -17.089994258863797 8.589439342583631
      vertex 22 -16.815961998958187 8.435973903246529
    endloop
  endfacet
  facet normal 0 0.5555702330196024 0.831469612302545
    outer loop
      vertex 0 -17.089994258863797 8.589439342583631
      vertex 22 -17.351141009169893 8.76393202250021
      vertex 22 -17.089994258863797 8.589439342583631
    endloop
  endfacet
  facet normal 0 0.6190939493098334 0.7853169308807454
    outer loop
      vertex 0 -17.351141009169893 8.76393202250021
      vertex 22 -17.597792193320736 8.958376137599876
      vertex 22 -17.351141009169893 8.76393202250021
    endloop
  endfacet
  facet normal 0 0.6788007455329419 0.7343225094356854
    outer loop
      vertex 0 -17.597792193320736 8.958376137599876
      vertex 22 -17.82842712474619 9.17157287525381
      vertex 22 -17.597792193320736 8.958376137599876
    endloop
  endfacet
  facet normal 0 0.7343225094356884 0.6788007455329386
    outer loop
      vertex 0 -17.82842712474619 9.17157287525381
      vertex 22 -18.041623862400122 9.402207806679264
      vertex 22 -17.82842712474619 9.17157287525381
    endloop
  endfacet
  facet normal 0 0.7853169308807427 0.619093949309837
    outer loop
      vertex 0 -18.041623862400122 9.402207806679264
      vertex 22 -18.23606797749979 9.648858990830107
      vertex 22 -18.041623862400122 9.402207806679264
    endloop
  endfacet
  facet normal 0 0.8314696123025468 0.5555702330195998
    outer loop
      vertex 0 -18.23606797749979 9.648858990830107
      vertex 22 -18.41056065741637 9.910005741136205
      vertex 22 -18.23606797749979 9.648858990830107
    endloop
  endfacet
  facet normal 0 0.8724960070727948 0.4886212414969591
    outer loop
      vertex 0 -18.41056065741637 9.910005741136205
      vertex 22 -18.564026096753473 10.184038001041813
      vertex 22 -18.41056065741637 9.910005741136205
    endloop
  endfacet
  facet normal 0 0.9081431738250824 0.4186597375374258
    outer loop
      vertex 0 -18.564026096753473 10.184038001041813
      vertex 22 -18.695518130045148 10.469266270539642
      vertex 22 -18.564026096753473 10.184038001041813
    endloop
  endfacet
  facet normal 0 0.9381913359224844 0.34611705707749224
    outer loop
      vertex 0 -18.695518130045148 10.469266270539642
      vertex 22 -18.804226065180615 10.76393202250021
      vertex 22 -18.695518130045148 10.469266270539642
    endloop
  endfacet
  facet normal 0 0.9624552364536468 0.2714404498650758
    outer loop
      vertex 0 -18.804226065180615 10.76393202250021
      vertex 22 -18.889479681590707 11.066218544576378
      vertex 22 -18.804226065180615 10.76393202250021
    endloop
  endfacet
  facet normal -1 0 0
    outer loop
      vertex 22 -13.76393202250021 8.195773934819385
      vertex 22 -16.23606797749979 8.195773934819385
      vertex 22 -13.469266270539642 8.304481869954852
    endloop
  endfacet
  facet normal -1 0 0
    outer loop
      vertex 22 -13.184038001041813 8.435973903246529
      vertex 22 -13.469266270539642 8.304481869954852
      vertex 22 -16.53073372946036 8.304481869954852
    endloop
  endfacet
  facet normal -1 0 0
    outer loop
      vertex 22 -14.68616361708862 8.012330665067488
      vertex 22 -15 8
      vertex 22 -15.31383638291138 8.012330665067488
    endloop
  endfacet
  facet normal -1 0 0
    outer loop
      vertex 22 -14.374262139839077 8.049246637619449
      vertex 22 -14.68616361708862 8.012330665067488
      vertex 22 -15.31383638291138 8.012330665067488
    endloop
  endfacet
  facet normal -1 0 0
    outer loop
      vertex 22 -14.374262139839077 8.049246637619449
      vertex 22 -15.625737860160923 8.049246637619449
      vertex 22 -14.066218544576378 8.110520318409293
    endloop
  endfacet
  facet normal -1 0 0
    outer loop
      vertex 22 -14.066218544576378 8.110520318409293
      vertex 22 -15.933781455423622 8.110520318409293
      vertex 22 -13.76393202250021 8.195773934819385
    endloop
  endfacet
  facet normal -1 0 0
    outer loop
      vertex 22 -14.374262139839077 8.049246637619449
      vertex 22 -15.31383638291138 8.012330665067488
      vertex 22 -15.625737860160923 8.049246637619449
    endloop
  endfacet
  facet normal -1 0 0
    outer loop
      vertex 22 -14.066218544576378 8.110520318409293
      vertex 22 -15.625737860160923 8.049246637619449
      vertex 22 -15.933781455423622 8.110520318409293
    endloop
  endfacet
  facet normal -1 0 0
    outer loop
      vertex 22 -13.76393202250021 8.195773934819385
      vertex 22 -15.933781455423622 8.110520318409293
      vertex 22 -16.23606797749979 8.195773934819385
    endloop
  endfacet
  facet normal -1 0 0
    outer loop
      vertex 22 -13.469266270539642 8.304481869954852
      vertex 22 -16.23606797749979 8.195773934819385
      vertex 22 -16.53073372946036 8.304481869954852
    endloop
  endfacet
  facet normal -1 0 0
    outer loop
      vertex 22 -13.184038001041813 8.435973903246529
      vertex 22 -16.53073372946036 8.304481869954852
      vertex 22 -16.815961998958187 8.435973903246529
    endloop
  endfacet
  facet normal -1 0 0
    outer loop
      vertex 22 -13.184038001041813 8.435973903246529
      vertex 22 -16.815961998958187 8.435973903246529
      vertex 22 -12.910005741136205 8.589439342583631
    endloop
  endfacet
  facet normal -1 0 0
    outer loop
      vertex 22 -12.910005741136205 8.589439342583631
      vertex 22 -17.089994258863797 8.589439342583631
      vertex 22 -12.648858990830107 8.76393202250021
    endloop
  endfacet
  facet normal -1 0 0
    outer loop
      vertex 22 -12.648858990830107 8.76393202250021
      vertex 22 -17.351141009169893 8.76393202250021
      vertex 22 -12.402207806679264 8.958376137599876
    endloop
  endfacet
  facet normal -1 0 0
    outer loop
      vertex 22 -12.402207806679264 8.958376137599876
      vertex 22 -17.597792193320736 8.958376137599876
      vertex 22 -12.17157287525381 9.17157287525381
    endloop
  endfacet
  facet normal -1 0 0
    outer loop
      vertex 22 -11.958376137599876 9.402207806679264
      vertex 22 -12.17157287525381 9.17157287525381
      vertex 22 -17.82842712474619 9.17157287525381
    endloop
  endfacet
  facet normal -1 0 0
    outer loop
      vertex 22 -11.76393202250021 9.648858990830107
      vertex 22 -18.23606797749979 9.648858990830107
      vertex 22 -11.589439342583631 9.910005741136205
    endloop
  endfacet
  facet normal -1 0 0
    outer loop
      vertex 22 -11.958376137599876 9.402207806679264
      vertex 22 -18.041623862400122 9.402207806679264
      vertex 22 -11.76393202250021 9.648858990830107
    endloop
  endfacet
  facet normal -1 0 0
    outer loop
      vertex 22 -12.910005741136205 8.589439342583631
      vertex 22 -16.815961998958187 8.435973903246529
      vertex 22 -17.089994258863797 8.589439342583631
    endloop
  endfacet
  facet normal -1 0 0
    outer loop
      vertex 22 -12.648858990830107 8.76393202250021
      vertex 22 -17.089994258863797 8.589439342583631
      vertex 22 -17.351141009169893 8.76393202250021
    endloop
  endfacet
  facet normal -1 0 0
    outer loop
      vertex 22 -12.402207806679264 8.958376137599876
      vertex 22 -17.351141009169893 8.76393202250021
      vertex 22 -17.597792193320736 8.958376137599876
    endloop
  endfacet
  facet normal -1 0 0
    outer loop
      vertex 22 -12.17157287525381 9.17157287525381
      vertex 22 -17.597792193320736 8.958376137599876
      vertex 22 -17.82842712474619 9.17157287525381
    endloop
  endfacet
  facet normal -1 0 0
    outer loop
      vertex 22 -11.958376137599876 9.402207806679264
      vertex 22 -17.82842712474619 9.17157287525381
      vertex 22 -18.041623862400122 9.402207806679264
    endloop
  endfacet
  facet normal -1 0 0
    outer loop
      vertex 22 -11.76393202250021 9.648858990830107
      vertex 22 -18.041623862400122 9.402207806679264
      vertex 22 -18.23606797749979 9.648858990830107
    endloop
  endfacet
  facet normal -1 0 0
    outer loop
      vertex 22 -11.589439342583631 9.910005741136205
      vertex 22 -18.41056065741637 9.910005741136205
      vertex 22 -11.435973903246529 10.184038001041813
    endloop
  endfacet
  facet normal -1 0 0
    outer loop
      vertex 22 -11.435973903246529 10.184038001041813
      vertex 22 -18.564026096753473 10.184038001041813
      vertex 22 -11.304481869954852 10.469266270539642
    endloop
  endfacet
  facet normal -1 0 0
    outer loop
      vertex 22 -11.304481869954852 10.469266270539642
      vertex 22 -18.695518130045148 10.469266270539642
      vertex 22 -11.195773934819385 10.76393202250021
    endloop
  endfacet
  facet normal -1 0 0
    outer loop
      vertex 22 -11.195773934819385 10.76393202250021
      vertex 22 -18.804226065180615 10.76393202250021
      vertex 22 -11.110520318409293 11.066218544576378
    endloop
  endfacet
  facet normal -1 0 0
    outer loop
      vertex 22 -11.589439342583631 9.910005741136205
      vertex 22 -18.23606797749979 9.648858990830107
      vertex 22 -18.41056065741637 9.910005741136205
    endloop
  endfacet
  facet normal -1 0 0
    outer loop
      vertex 22 -11.435973903246529 10.184038001041813
      vertex 22 -18.41056065741637 9.910005741136205
      vertex 22 -18.564026096753473 10.184038001041813
    endloop
  endfacet
  facet normal -1 0 0
    outer loop
      vertex 22 -11.304481869954852 10.469266270539642
      vertex 22 -18.564026096753473 10.184038001041813
      vertex 22 -18.695518130045148 10.469266270539642
    endloop
  endfacet
  facet normal -1 0 0
    outer loop
      vertex 22 -11.195773934819385 10.76393202250021
      vertex 22 -18.695518130045148 10.469266270539642
      vertex 22 -18.804226065180615 10.76393202250021
    endloop
  endfacet
  facet normal -1 0 0
    outer loop
      vertex 22 -11.110520318409293 11.066218544576378
      vertex 22 -18.804226065180615 10.76393202250021
      vertex 22 -18.889479681590707 11.066218544576378
    endloop
  endfacet
  facet normal 0 0.9807852804032299 0.19509032201613147
    outer loop
      vertex 0 -18.889479681590707 11.066218544576378
      vertex 22 -18.950753362380553 11.374262139839077
      vertex 22 -18.889479681590707 11.066218544576378
    endloop
  endfacet
  facet normal -1 0 0
    outer loop
      vertex 22 -11.110520318409293 11.066218544576378
      vertex 22 -18.889479681590707 11.066218544576378
      vertex 22 -11.049246637619449 11.374262139839077
    endloop
  endfacet
  facet normal -1 0 0
    outer loop
      vertex 22 -11.049246637619449 11.374262139839077
      vertex 22 -18.950753362380553 11.374262139839077
      vertex 22 -11.022528801195184 11.600000000000023
    endloop
  endfacet
  facet normal -1 0 0
    outer loop
      vertex 22 -11.049246637619449 11.374262139839077
      vertex 22 -18.889479681590707 11.066218544576378
      vertex 22 -18.950753362380553 11.374262139839077
    endloop
  endfacet
  facet normal -1 0 0
    outer loop
      vertex 22 -11.022528801195184 11.600000000000023
      vertex 22 -18.950753362380553 11.374262139839077
      vertex 22 -18.977471198804817 11.600000000000023
    endloop
  endfacet
  facet normal 0 0.9930684569549264 0.11753739745783652
    outer loop
      vertex 15.922441173843726 -18.977471198804817 11.600000000000023
      vertex 22 -18.977471198804817 11.600000000000023
      vertex 22 -18.950753362380553 11.374262139839077
    endloop
  endfacet
  facet normal 0.8724960070727947 0 0.48862124149695907
    outer loop
      vertex 32.43597390324653 0 10.184038001041813
      vertex 32.43597390324653 -30 10.184038001041813
      vertex 32.58943934258363 0 9.910005741136205
    endloop
  endfacet
  facet normal 0.9081431738250866 0 0.4186597375374164
    outer loop
      vertex 32.43597390324653 0 10.184038001041813
      vertex 32.304481869954856 0 10.469266270539642
      vertex 32.304481869954856 -30 10.469266270539642
    endloop
  endfacet
  facet normal 0.9381913359224808 0 0.34611705707750223
    outer loop
      vertex 32.304481869954856 0 10.469266270539642
      vertex 32.195773934819385 0 10.76393202250021
      vertex 32.195773934819385 -30 10.76393202250021
    endloop
  endfacet
  facet normal 0.9624552364536467 0 0.2714404498650758
    outer loop
      vertex 32.195773934819385 0 10.76393202250021
      vertex 32.11052031840929 0 11.066218544576378
      vertex 32.11052031840929 -30 11.066218544576378
    endloop
  endfacet
  facet normal 0.27144044986507726 0 0.9624552364536464
    outer loop
      vertex 35.06621854457638 0 8.110520318409293
      vertex 34.763932022500214 0 8.195773934819385
      vertex 34.763932022500214 -30 8.195773934819385
    endloop
  endfacet
  facet normal 0.41865973753743047 0 0.9081431738250803
    outer loop
      vertex 34.46926627053964 0 8.304481869954852
      vertex 34.18403800104181 0 8.435973903246529
      vertex 34.18403800104181 -30 8.435973903246529
    endloop
  endfacet
  facet normal 0.3461170570774886 0 0.9381913359224857
    outer loop
      vertex 34.46926627053964 0 8.304481869954852
      vertex 34.46926627053964 -30 8.304481869954852
      vertex 34.763932022500214 0 8.195773934819385
    endloop
  endfacet
  facet normal 0.19509032201612816 0 0.9807852804032304
    outer loop
      vertex 35.06621854457638 0 8.110520318409293
      vertex 35.06621854457638 -30 8.110520318409293
      vertex 35.374262139839075 0 8.049246637619449
    endloop
  endfacet
  facet normal 0.11753739745783902 0 0.9930684569549262
    outer loop
      vertex 35.374262139839075 0 8.049246637619449
      vertex 35.374262139839075 -30 8.049246637619449
      vertex 35.68616361708862 0 8.012330665067488
    endloop
  endfacet
  facet normal 0.03925981575906697 0 0.9992290362407229
    outer loop
      vertex 35.68616361708862 0 8.012330665067488
      vertex 35.68616361708862 -30 8.012330665067488
      vertex 36 0 8
    endloop
  endfacet
  facet normal -0.03925981575906697 0 0.9992290362407229
    outer loop
      vertex 36 0 8
      vertex 36 -30 8
      vertex 36.31383638291138 0 8.012330665067488
    endloop
  endfacet
  facet normal -0.11753739745783902 0 0.9930684569549262
    outer loop
      vertex 36.31383638291138 0 8.012330665067488
      vertex 36.31383638291138 -30 8.012330665067488
      vertex 36.625737860160925 0 8.049246637619449
    endloop
  endfacet
  facet normal -0.19509032201612816 0 0.9807852804032304
    outer loop
      vertex 36.625737860160925 0 8.049246637619449
      vertex 36.625737860160925 -30 8.049246637619449
      vertex 36.93378145542362 0 8.110520318409293
    endloop
  endfacet
  facet normal -0.27144044986507726 0 0.9624552364536464
    outer loop
      vertex 36.93378145542362 0 8.110520318409293
      vertex 36.93378145542362 -30 8.110520318409293
      vertex 37.236067977499786 0 8.195773934819385
    endloop
  endfacet
  facet normal -0.3461170570774886 0 0.9381913359224857
    outer loop
      vertex 37.236067977499786 0 8.195773934819385
      vertex 37.236067977499786 -30 8.195773934819385
      vertex 37.53073372946036 0 8.304481869954852
    endloop
  endfacet
  facet normal -0.41865973753743047 0 0.9081431738250803
    outer loop
      vertex 37.53073372946036 0 8.304481869954852
      vertex 37.53073372946036 -30 8.304481869954852
      vertex 37.81596199895819 0 8.435973903246529
    endloop
  endfacet
  facet normal 0.6788007455329419 0 0.7343225094356853
    outer loop
      vertex 33.402207806679264 0 8.958376137599876
      vertex 33.17157287525381 0 9.17157287525381
      vertex 33.17157287525381 -30 9.17157287525381
    endloop
  endfacet
  facet normal 0.48862124149695235 0 0.8724960070727986
    outer loop
      vertex 33.9100057411362 0 8.589439342583631
      vertex 33.9100057411362 -30 8.589439342583631
      vertex 34.18403800104181 0 8.435973903246529
    endloop
  endfacet
  facet normal 0.5555702330196025 0 0.8314696123025451
    outer loop
      vertex 33.9100057411362 0 8.589439342583631
      vertex 33.64885899083011 0 8.76393202250021
      vertex 33.64885899083011 -30 8.76393202250021
    endloop
  endfacet
  facet normal 0.6190939493098334 0 0.7853169308807454
    outer loop
      vertex 33.64885899083011 0 8.76393202250021
      vertex 33.402207806679264 0 8.958376137599876
      vertex 33.402207806679264 -30 8.958376137599876
    endloop
  endfacet
  facet normal 0.7343225094356884 0 0.6788007455329386
    outer loop
      vertex 33.17157287525381 0 9.17157287525381
      vertex 32.95837613759988 0 9.402207806679264
      vertex 32.95837613759988 -30 9.402207806679264
    endloop
  endfacet
  facet normal 0.7853169308807482 0 0.61909394930983
    outer loop
      vertex 32.95837613759988 0 9.402207806679264
      vertex 32.763932022500214 0 9.648858990830107
      vertex 32.763932022500214 -30 9.648858990830107
    endloop
  endfacet
  facet normal 0.8314696123025416 0 0.5555702330196076
    outer loop
      vertex 32.763932022500214 0 9.648858990830107
      vertex 32.58943934258363 0 9.910005741136205
      vertex 32.58943934258363 -30 9.910005741136205
    endloop
  endfacet
  facet normal -0.48862124149695235 0 0.8724960070727986
    outer loop
      vertex 37.81596199895819 0 8.435973903246529
      vertex 37.81596199895819 -30 8.435973903246529
      vertex 38.0899942588638 0 8.589439342583631
    endloop
  endfacet
  facet normal -0.5555702330196025 0 0.8314696123025451
    outer loop
      vertex 38.0899942588638 0 8.589439342583631
      vertex 38.0899942588638 -30 8.589439342583631
      vertex 38.35114100916989 0 8.76393202250021
    endloop
  endfacet
  facet normal -0.6190939493098334 0 0.7853169308807454
    outer loop
      vertex 38.35114100916989 0 8.76393202250021
      vertex 38.35114100916989 -30 8.76393202250021
      vertex 38.597792193320736 0 8.958376137599876
    endloop
  endfacet
  facet normal -0.6788007455329419 0 0.7343225094356853
    outer loop
      vertex 38.597792193320736 0 8.958376137599876
      vertex 38.597792193320736 -30 8.958376137599876
      vertex 38.82842712474619 0 9.17157287525381
    endloop
  endfacet
  facet normal -0.7343225094356884 0 0.6788007455329386
    outer loop
      vertex 38.82842712474619 0 9.17157287525381
      vertex 38.82842712474619 -30 9.17157287525381
      vertex 39.04162386240012 0 9.402207806679264
    endloop
  endfacet
  facet normal 0.9807852804032298 0 0.19509032201613144
    outer loop
      vertex 32.11052031840929 0 11.066218544576378
      vertex 32.04924663761945 0 11.374262139839077
      vertex 32.04924663761945 -30 11.374262139839077
    endloop
  endfacet
  facet normal 0.9930684569549283 0 0.11753739745782113
    outer loop
      vertex 32.04924663761945 0 11.374262139839077
      vertex 32.022528801195186 0 11.600000000000023
      vertex 32.022528801195186 -30 11.600000000000023
    endloop
  endfacet
  facet normal -0.7853169308807482 0 0.61909394930983
    outer loop
      vertex 39.04162386240012 0 9.402207806679264
      vertex 39.04162386240012 -30 9.402207806679264
      vertex 39.236067977499786 0 9.648858990830107
    endloop
  endfacet
  facet normal -0.8314696123025416 0 0.5555702330196076
    outer loop
      vertex 39.236067977499786 0 9.648858990830107
      vertex 39.236067977499786 -30 9.648858990830107
      vertex 39.41056065741637 0 9.910005741136205
    endloop
  endfacet
  facet normal -0.8724960070727947 0 0.48862124149695907
    outer loop
      vertex 39.41056065741637 0 9.910005741136205
      vertex 39.41056065741637 -30 9.910005741136205
      vertex 39.56402609675347 0 10.184038001041813
    endloop
  endfacet
  facet normal -0.9081431738250866 0 0.4186597375374164
    outer loop
      vertex 39.56402609675347 0 10.184038001041813
      vertex 39.56402609675347 -30 10.184038001041813
      vertex 39.695518130045144 0 10.469266270539642
    endloop
  endfacet
  facet normal -0.9381913359224808 0 0.34611705707750223
    outer loop
      vertex 39.695518130045144 0 10.469266270539642
      vertex 39.695518130045144 -30 10.469266270539642
      vertex 39.804226065180615 0 10.76393202250021
    endloop
  endfacet
  facet normal -0.9624552364536467 0 0.2714404498650758
    outer loop
      vertex 39.804226065180615 0 10.76393202250021
      vertex 39.804226065180615 -30 10.76393202250021
      vertex 39.88947968159071 0 11.066218544576378
    endloop
  endfacet
  facet normal -0.9807852804032298 0 0.19509032201613144
    outer loop
      vertex 39.88947968159071 0 11.066218544576378
      vertex 39.88947968159071 -30 11.066218544576378
      vertex 39.95075336238055 0 11.374262139839077
    endloop
  endfacet
  facet normal -0.9930684569549283 0 0.11753739745782113
    outer loop
      vertex 39.95075336238055 0 11.374262139839077
      vertex 39.95075336238055 -30 11.374262139839077
      vertex 39.977471198804814 0 11.600000000000023
    endloop
  endfacet
  facet normal 0.9081431738250866 0 0.4186597375374164
    outer loop
      vertex 32.43597390324653 0 10.184038001041813
      vertex 32.304481869954856 -30 10.469266270539642
      vertex 32.43597390324653 -30 10.184038001041813
    endloop
  endfacet
  facet normal 0.9381913359224808 0 0.34611705707750223
    outer loop
      vertex 32.304481869954856 0 10.469266270539642
      vertex 32.195773934819385 -30 10.76393202250021
      vertex 32.304481869954856 -30 10.469266270539642
    endloop
  endfacet
  facet normal 0.9624552364536467 0 0.2714404498650758
    outer loop
      vertex 32.195773934819385 0 10.76393202250021
      vertex 32.11052031840929 -30 11.066218544576378
      vertex 32.195773934819385 -30 10.76393202250021
    endloop
  endfacet
  facet normal 0.41865973753743047 0 0.9081431738250803
    outer loop
      vertex 34.46926627053964 0 8.304481869954852
      vertex 34.18403800104181 -30 8.435973903246529
      vertex 34.46926627053964 -30 8.304481869954852
    endloop
  endfacet
  facet normal 0.3461170570774886 0 0.9381913359224857
    outer loop
      vertex 34.763932022500214 0 8.195773934819385
      vertex 34.46926627053964 -30 8.304481869954852
      vertex 34.763932022500214 -30 8.195773934819385
    endloop
  endfacet
  facet normal 0.27144044986507726 0 0.9624552364536464
    outer loop
      vertex 35.06621854457638 0 8.110520318409293
      vertex 34.763932022500214 -30 8.195773934819385
      vertex 35.06621854457638 -30 8.110520318409293
    endloop
  endfacet
  facet normal 0.19509032201612816 0 0.9807852804032304
    outer loop
      vertex 35.374262139839075 0 8.049246637619449
      vertex 35.06621854457638 -30 8.110520318409293
      vertex 35.374262139839075 -30 8.049246637619449
    endloop
  endfacet
  facet normal 0.11753739745783902 0 0.9930684569549262
    outer loop
      vertex 35.68616361708862 0 8.012330665067488
      vertex 35.374262139839075 -30 8.049246637619449
      vertex 35.68616361708862 -30 8.012330665067488
    endloop
  endfacet
  facet normal 0.03925981575906697 0 0.9992290362407229
    outer loop
      vertex 36 0 8
      vertex 35.68616361708862 -30 8.012330665067488
      vertex 36 -30 8
    endloop
  endfacet
  facet normal -0.03925981575906697 0 0.9992290362407229
    outer loop
      vertex 36.31383638291138 0 8.012330665067488
      vertex 36 -30 8
      vertex 36.31383638291138 -30 8.012330665067488
    endloop
  endfacet
  facet normal -0.11753739745783902 0 0.9930684569549262
    outer loop
      vertex 36.625737860160925 0 8.049246637619449
      vertex 36.31383638291138 -30 8.012330665067488
      vertex 36.625737860160925 -30 8.049246637619449
    endloop
  endfacet
  facet normal -0.19509032201612816 0 0.9807852804032304
    outer loop
      vertex 36.93378145542362 0 8.110520318409293
      vertex 36.625737860160925 -30 8.049246637619449
      vertex 36.93378145542362 -30 8.110520318409293
    endloop
  endfacet
  facet normal -0.27144044986507726 0 0.9624552364536464
    outer loop
      vertex 37.236067977499786 0 8.195773934819385
      vertex 36.93378145542362 -30 8.110520318409293
      vertex 37.236067977499786 -30 8.195773934819385
    endloop
  endfacet
  facet normal -0.3461170570774886 0 0.9381913359224857
    outer loop
      vertex 37.53073372946036 0 8.304481869954852
      vertex 37.236067977499786 -30 8.195773934819385
      vertex 37.53073372946036 -30 8.304481869954852
    endloop
  endfacet
  facet normal -0.41865973753743047 0 0.9081431738250803
    outer loop
      vertex 37.81596199895819 0 8.435973903246529
      vertex 37.53073372946036 -30 8.304481869954852
      vertex 37.81596199895819 -30 8.435973903246529
    endloop
  endfacet
  facet normal 0.48862124149695235 0 0.8724960070727986
    outer loop
      vertex 34.18403800104181 0 8.435973903246529
      vertex 33.9100057411362 -30 8.589439342583631
      vertex 34.18403800104181 -30 8.435973903246529
    endloop
  endfacet
  facet normal 0.5555702330196025 0 0.8314696123025451
    outer loop
      vertex 33.9100057411362 0 8.589439342583631
      vertex 33.64885899083011 -30 8.76393202250021
      vertex 33.9100057411362 -30 8.589439342583631
    endloop
  endfacet
  facet normal 0.6190939493098334 0 0.7853169308807454
    outer loop
      vertex 33.64885899083011 0 8.76393202250021
      vertex 33.402207806679264 -30 8.958376137599876
      vertex 33.64885899083011 -30 8.76393202250021
    endloop
  endfacet
  facet normal 0.6788007455329419 0 0.7343225094356853
    outer loop
      vertex 33.402207806679264 0 8.958376137599876
      vertex 33.17157287525381 -30 9.17157287525381
      vertex 33.402207806679264 -30 8.958376137599876
    endloop
  endfacet
  facet normal 0.7343225094356884 0 0.6788007455329386
    outer loop
      vertex 33.17157287525381 0 9.17157287525381
      vertex 32.95837613759988 -30 9.402207806679264
      vertex 33.17157287525381 -30 9.17157287525381
    endloop
  endfacet
  facet normal 0.7853169308807482 0 0.61909394930983
    outer loop
      vertex 32.95837613759988 0 9.402207806679264
      vertex 32.763932022500214 -30 9.648858990830107
      vertex 32.95837613759988 -30 9.402207806679264
    endloop
  endfacet
  facet normal 0.8314696123025416 0 0.5555702330196076
    outer loop
      vertex 32.763932022500214 0 9.648858990830107
      vertex 32.58943934258363 -30 9.910005741136205
      vertex 32.763932022500214 -30 9.648858990830107
    endloop
  endfacet
  facet normal 0.8724960070727947 0 0.48862124149695907
    outer loop
      vertex 32.58943934258363 0 9.910005741136205
      vertex 32.43597390324653 -30 10.184038001041813
      vertex 32.58943934258363 -30 9.910005741136205
    endloop
  endfacet
  facet normal -0.48862124149695235 0 0.8724960070727986
    outer loop
      vertex 38.0899942588638 0 8.589439342583631
      vertex 37.81596199895819 -30 8.435973903246529
      vertex 38.0899942588638 -30 8.589439342583631
    endloop
  endfacet
  facet normal -0.5555702330196025 0 0.8314696123025451
    outer loop
      vertex 38.35114100916989 0 8.76393202250021
      vertex 38.0899942588638 -30 8.589439342583631
      vertex 38.35114100916989 -30 8.76393202250021
    endloop
  endfacet
  facet normal -0.6190939493098334 0 0.7853169308807454
    outer loop
      vertex 38.597792193320736 0 8.958376137599876
      vertex 38.35114100916989 -30 8.76393202250021
      vertex 38.597792193320736 -30 8.958376137599876
    endloop
  endfacet
  facet normal -0.6788007455329419 0 0.7343225094356853
    outer loop
      vertex 38.82842712474619 0 9.17157287525381
      vertex 38.597792193320736 -30 8.958376137599876
      vertex 38.82842712474619 -30 9.17157287525381
    endloop
  endfacet
  facet normal -0.7343225094356884 0 0.6788007455329386
    outer loop
      vertex 39.04162386240012 0 9.402207806679264
      vertex 38.82842712474619 -30 9.17157287525381
      vertex 39.04162386240012 -30 9.402207806679264
    endloop
  endfacet
  facet normal 0.9807852804032298 0 0.19509032201613144
    outer loop
      vertex 32.11052031840929 0 11.066218544576378
      vertex 32.04924663761945 -30 11.374262139839077
      vertex 32.11052031840929 -30 11.066218544576378
    endloop
  endfacet
  facet normal 0.9930684569549283 0 0.11753739745782113
    outer loop
      vertex 32.04924663761945 0 11.374262139839077
      vertex 32.022528801195186 -30 11.600000000000023
      vertex 32.04924663761945 -30 11.374262139839077
    endloop
  endfacet
  facet normal -0.7853169308807482 0 0.61909394930983
    outer loop
      vertex 39.236067977499786 0 9.648858990830107
      vertex 39.04162386240012 -30 9.402207806679264
      vertex 39.236067977499786 -30 9.648858990830107
    endloop
  endfacet
  facet normal -0.8314696123025416 0 0.5555702330196076
    outer loop
      vertex 39.41056065741637 0 9.910005741136205
      vertex 39.236067977499786 -30 9.648858990830107
      vertex 39.41056065741637 -30 9.910005741136205
    endloop
  endfacet
  facet normal -0.8724960070727947 0 0.48862124149695907
    outer loop
      vertex 39.56402609675347 0 10.184038001041813
      vertex 39.41056065741637 -30 9.910005741136205
      vertex 39.56402609675347 -30 10.184038001041813
    endloop
  endfacet
  facet normal -0.9081431738250866 0 0.4186597375374164
    outer loop
      vertex 39.695518130045144 0 10.469266270539642
      vertex 39.56402609675347 -30 10.184038001041813
      vertex 39.695518130045144 -30 10.469266270539642
    endloop
  endfacet
  facet normal -0.9381913359224808 0 0.34611705707750223
    outer loop
      vertex 39.804226065180615 0 10.76393202250021
      vertex 39.695518130045144 -30 10.469266270539642
      vertex 39.804226065180615 -30 10.76393202250021
    endloop
  endfacet
  facet normal -0.9624552364536467 0 0.2714404498650758
    outer loop
      vertex 39.88947968159071 0 11.066218544576378
      vertex 39.804226065180615 -30 10.76393202250021
      vertex 39.88947968159071 -30 11.066218544576378
    endloop
  endfacet
  facet normal -0.9807852804032298 0 0.19509032201613144
    outer loop
      vertex 39.95075336238055 0 11.374262139839077
      vertex 39.88947968159071 -30 11.066218544576378
      vertex 39.95075336238055 -30 11.374262139839077
    endloop
  endfacet
  facet normal -0.9930684569549283 0 0.11753739745782113
    outer loop
      vertex 39.977471198804814 0 11.600000000000023
      vertex 39.95075336238055 -30 11.374262139839077
      vertex 39.977471198804814 -30 11.600000000000023
    endloop
  endfacet
  facet normal -0.34564060579433203 -0.7068340466645094 -0.6171857111939658
    outer loop
      vertex 32.368076002083626 -30 4.871947806493057
      vertex 32.865008611704305 -32 6.884159013875447
      vertex 31.82001148227241 -30 5.178878685167263
    endloop
  endfacet
  facet normal -0.3929989439548116 -0.7068340466645097 -0.5881644842442262
    outer loop
      vertex 31.82001148227241 -30 5.178878685167263
      vertex 32.47328848624516 -32 7.145898033750315
      vertex 31.297717981660213 -30 5.52786404500042
    endloop
  endfacet
  facet normal -0.027771585330112893 -0.7068340466645097 -0.7068340466645097
    outer loop
      vertex 35.37232723417724 -30 4.024661330134976
      vertex 36 -30 4
      vertex 35.52924542563293 -32 6.018495997601232
    endloop
  endfacet
  facet normal -0.19201138542609664 -0.7068340466645094 -0.6808210178472937
    outer loop
      vertex 33.52786404500042 -30 4.391547869638772
      vertex 34.13243708915276 -30 4.2210406368185875
      vertex 34.14589803375031 -32 6.293660902229079
    endloop
  endfacet
  facet normal -0.24483607981819908 -0.7068340466645094 -0.6636572341918157
    outer loop
      vertex 32.93853254107928 -30 4.608963739909706
      vertex 33.52786404500042 -30 4.391547869638772
      vertex 33.70389940580946 -32 6.45672280493228
    endloop
  endfacet
  facet normal -0.29615127836196165 -0.7068340466645096 -0.6424017829991211
    outer loop
      vertex 32.368076002083626 -30 4.871947806493057
      vertex 32.93853254107928 -30 4.608963739909706
      vertex 33.27605700156272 -32 6.653960854869792
    endloop
  endfacet
  facet normal -0.2961512783619629 -0.7068340466645094 -0.6424017829991207
    outer loop
      vertex 32.93853254107928 -30 4.608963739909706
      vertex 33.70389940580946 -32 6.45672280493228
      vertex 33.27605700156272 -32 6.653960854869792
    endloop
  endfacet
  facet normal -0.24483607981819852 -0.7068340466645096 -0.6636572341918159
    outer loop
      vertex 33.52786404500042 -30 4.391547869638772
      vertex 34.14589803375031 -32 6.293660902229079
      vertex 33.70389940580946 -32 6.45672280493228
    endloop
  endfacet
  facet normal -0.13800287699258135 -0.7068340466645096 -0.69378731353178
    outer loop
      vertex 34.13243708915276 -30 4.2210406368185875
      vertex 34.74852427967815 -30 4.098493275238898
      vertex 34.599327816864566 -32 6.165780477613941
    endloop
  endfacet
  facet normal -0.08314353493178786 -0.7068340466645096 -0.702476179720651
    outer loop
      vertex 34.74852427967815 -30 4.098493275238898
      vertex 35.37232723417724 -30 4.024661330134976
      vertex 35.06139320975861 -32 6.073869956429173
    endloop
  endfacet
  facet normal -0.19201138542609703 -0.7068340466645094 -0.6808210178472935
    outer loop
      vertex 34.13243708915276 -30 4.2210406368185875
      vertex 34.599327816864566 -32 6.165780477613941
      vertex 34.14589803375031 -32 6.293660902229079
    endloop
  endfacet
  facet normal -0.13800287699258093 -0.7068340466645097 -0.69378731353178
    outer loop
      vertex 34.74852427967815 -30 4.098493275238898
      vertex 35.06139320975861 -32 6.073869956429173
      vertex 34.599327816864566 -32 6.165780477613941
    endloop
  endfacet
  facet normal -0.08314353493178783 -0.7068340466645096 -0.7024761797206509
    outer loop
      vertex 35.37232723417724 -30 4.024661330134976
      vertex 35.52924542563293 -32 6.018495997601232
      vertex 35.06139320975861 -32 6.073869956429173
    endloop
  endfacet
  facet normal 0.027771585330112893 -0.7068340466645097 -0.7068340466645097
    outer loop
      vertex 36 -30 4
      vertex 36.62767276582276 -30 4.024661330134976
      vertex 36.47075457436707 -32 6.018495997601232
    endloop
  endfacet
  facet normal 0.08314353493178786 -0.7068340466645096 -0.702476179720651
    outer loop
      vertex 36.62767276582276 -30 4.024661330134976
      vertex 37.25147572032185 -30 4.098493275238898
      vertex 36.93860679024139 -32 6.073869956429173
    endloop
  endfacet
  facet normal -0.02777158533011312 -0.7068340466645096 -0.7068340466645096
    outer loop
      vertex 36 -30 4
      vertex 36 -32 6
      vertex 35.52924542563293 -32 6.018495997601232
    endloop
  endfacet
  facet normal 0.02777158533011312 -0.7068340466645096 -0.7068340466645096
    outer loop
      vertex 36 -30 4
      vertex 36.47075457436707 -32 6.018495997601232
      vertex 36 -32 6
    endloop
  endfacet
  facet normal 0.08314353493178783 -0.7068340466645096 -0.7024761797206509
    outer loop
      vertex 36.62767276582276 -30 4.024661330134976
      vertex 36.93860679024139 -32 6.073869956429173
      vertex 36.47075457436707 -32 6.018495997601232
    endloop
  endfacet
  facet normal 0.13800287699258093 -0.7068340466645097 -0.69378731353178
    outer loop
      vertex 37.25147572032185 -30 4.098493275238898
      vertex 37.400672183135434 -32 6.165780477613941
      vertex 36.93860679024139 -32 6.073869956429173
    endloop
  endfacet
  facet normal 0.13800287699258135 -0.7068340466645096 -0.69378731353178
    outer loop
      vertex 37.25147572032185 -30 4.098493275238898
      vertex 37.86756291084724 -30 4.2210406368185875
      vertex 37.400672183135434 -32 6.165780477613941
    endloop
  endfacet
  facet normal 0.19201138542609664 -0.7068340466645096 -0.6808210178472937
    outer loop
      vertex 37.86756291084724 -30 4.2210406368185875
      vertex 38.47213595499958 -30 4.391547869638772
      vertex 37.85410196624969 -32 6.293660902229079
    endloop
  endfacet
  facet normal 0.24483607981819913 -0.7068340466645094 -0.6636572341918158
    outer loop
      vertex 38.47213595499958 -30 4.391547869638772
      vertex 39.06146745892072 -30 4.608963739909706
      vertex 38.29610059419054 -32 6.45672280493228
    endloop
  endfacet
  facet normal 0.19201138542609703 -0.7068340466645094 -0.6808210178472935
    outer loop
      vertex 37.86756291084724 -30 4.2210406368185875
      vertex 37.85410196624969 -32 6.293660902229079
      vertex 37.400672183135434 -32 6.165780477613941
    endloop
  endfacet
  facet normal 0.24483607981819852 -0.7068340466645096 -0.6636572341918159
    outer loop
      vertex 38.47213595499958 -30 4.391547869638772
      vertex 38.29610059419054 -32 6.45672280493228
      vertex 37.85410196624969 -32 6.293660902229079
    endloop
  endfacet
  facet normal 0.2961512783619629 -0.7068340466645094 -0.6424017829991207
    outer loop
      vertex 38.29610059419054 -32 6.45672280493228
      vertex 39.06146745892072 -30 4.608963739909706
      vertex 38.72394299843728 -32 6.653960854869792
    endloop
  endfacet
  facet normal 0.29615127836196165 -0.7068340466645096 -0.6424017829991211
    outer loop
      vertex 38.72394299843728 -32 6.653960854869792
      vertex 39.06146745892072 -30 4.608963739909706
      vertex 39.631923997916374 -30 4.871947806493057
    endloop
  endfacet
  facet normal 0.34564060579433015 -0.7068340466645097 -0.6171857111939665
    outer loop
      vertex 39.631923997916374 -30 4.871947806493057
      vertex 40.179988517727594 -30 5.178878685167263
      vertex 39.134991388295695 -32 6.884159013875447
    endloop
  endfacet
  facet normal 0.39299894395481344 -0.7068340466645097 -0.588164484244225
    outer loop
      vertex 40.179988517727594 -30 5.178878685167263
      vertex 40.70228201833979 -30 5.52786404500042
      vertex 39.52671151375484 -32 7.145898033750315
    endloop
  endfacet
  facet normal -0.5194446238812264 -0.7068340466645096 -0.4801696712587804
    outer loop
      vertex 30.34314575050762 -30 6.343145750507619
      vertex 31.437564206399813 -32 8.103311710018898
      vertex 29.91675227519975 -30 6.804415613358531
    endloop
  endfacet
  facet normal -0.43793431294040364 -0.7068340466645101 -0.5555170276645801
    outer loop
      vertex 31.297717981660213 -30 5.52786404500042
      vertex 32.1033117100189 -32 7.437564206399815
      vertex 30.80441561335853 -30 5.9167522751997526
    endloop
  endfacet
  facet normal -0.3929989439548137 -0.7068340466645093 -0.5881644842442253
    outer loop
      vertex 31.82001148227241 -30 5.178878685167263
      vertex 32.865008611704305 -32 6.884159013875447
      vertex 32.47328848624516 -32 7.145898033750315
    endloop
  endfacet
  facet normal -0.4801696712587807 -0.7068340466645097 -0.5194446238812258
    outer loop
      vertex 30.80441561335853 -30 5.9167522751997526
      vertex 31.757359312880716 -32 7.757359312880714
      vertex 30.34314575050762 -30 6.343145750507619
    endloop
  endfacet
  facet normal -0.4801696712587781 -0.70683404666451 -0.5194446238812277
    outer loop
      vertex 30.80441561335853 -30 5.9167522751997526
      vertex 32.1033117100189 -32 7.437564206399815
      vertex 31.757359312880716 -32 7.757359312880714
    endloop
  endfacet
  facet normal -0.4379343129404068 -0.7068340466645096 -0.5555170276645783
    outer loop
      vertex 31.297717981660213 -30 5.52786404500042
      vertex 32.47328848624516 -32 7.145898033750315
      vertex 32.1033117100189 -32 7.437564206399815
    endloop
  endfacet
  facet normal -0.5555170276645811 -0.7068340466645094 -0.4379343129404034
    outer loop
      vertex 29.91675227519975 -30 6.804415613358531
      vertex 31.145898033750314 -32 8.473288486245162
      vertex 29.52786404500042 -30 7.297717981660215
    endloop
  endfacet
  facet normal -0.5555170276645803 -0.7068340466645096 -0.43793431294040414
    outer loop
      vertex 29.91675227519975 -30 6.804415613358531
      vertex 31.437564206399813 -32 8.103311710018898
      vertex 31.145898033750314 -32 8.473288486245162
    endloop
  endfacet
  facet normal -0.5881644842442256 -0.7068340466645097 -0.39299894395481255
    outer loop
      vertex 29.52786404500042 -30 7.297717981660215
      vertex 30.884159013875447 -32 8.865008611704308
      vertex 29.178878685167263 -30 7.82001148227241
    endloop
  endfacet
  facet normal -0.5881644842442273 -0.7068340466645093 -0.39299894395481055
    outer loop
      vertex 29.52786404500042 -30 7.297717981660215
      vertex 31.145898033750314 -32 8.473288486245162
      vertex 30.884159013875447 -32 8.865008611704308
    endloop
  endfacet
  facet normal -0.5194446238812253 -0.7068340466645098 -0.4801696712587812
    outer loop
      vertex 30.34314575050762 -30 6.343145750507619
      vertex 31.757359312880716 -32 7.757359312880714
      vertex 31.437564206399813 -32 8.103311710018898
    endloop
  endfacet
  facet normal 0 -1 0
    outer loop
      vertex 32.47328848624516 -32 7.145898033750315
      vertex 32.304481869954856 -32 10.469266270539642
      vertex 32.1033117100189 -32 7.437564206399815
    endloop
  endfacet
  facet normal -0.6636572341918161 -0.7068340466645097 -0.24483607981819752
    outer loop
      vertex 28.608963739909704 -30 8.938532541079281
      vertex 30.293660902229078 -32 10.145898033750315
      vertex 28.39154786963877 -30 9.52786404500042
    endloop
  endfacet
  facet normal -0.6808210178472927 -0.7068340466645102 -0.1920113854260979
    outer loop
      vertex 28.39154786963877 -30 9.52786404500042
      vertex 30.165780477613943 -32 10.599327816864568
      vertex 28.221040636818586 -30 10.132437089152758
    endloop
  endfacet
  facet normal -0.6937873135317802 -0.7068340466645098 -0.1380028769925786
    outer loop
      vertex 28.221040636818586 -30 10.132437089152758
      vertex 30.073869956429174 -32 11.061393209758615
      vertex 28.098493275238898 -30 10.748524279678152
    endloop
  endfacet
  facet normal -0.617185711193966 -0.7068340466645098 -0.3456406057943311
    outer loop
      vertex 29.178878685167263 -30 7.82001148227241
      vertex 30.653960854869794 -32 9.27605700156272
      vertex 28.871947806493058 -30 8.368076002083626
    endloop
  endfacet
  facet normal -0.6424017829991191 -0.70683404666451 -0.2961512783619647
    outer loop
      vertex 28.871947806493058 -30 8.368076002083626
      vertex 30.45672280493228 -32 9.703899405809462
      vertex 28.608963739909704 -30 8.938532541079281
    endloop
  endfacet
  facet normal -0.6171857111939664 -0.7068340466645097 -0.3456406057943307
    outer loop
      vertex 29.178878685167263 -30 7.82001148227241
      vertex 30.884159013875447 -32 8.865008611704308
      vertex 30.653960854869794 -32 9.27605700156272
    endloop
  endfacet
  facet normal -0.6424017829991203 -0.7068340466645097 -0.296151278361963
    outer loop
      vertex 28.871947806493058 -30 8.368076002083626
      vertex 30.653960854869794 -32 9.27605700156272
      vertex 30.45672280493228 -32 9.703899405809462
    endloop
  endfacet
  facet normal -0.6636572341918147 -0.7068340466645101 -0.24483607981820038
    outer loop
      vertex 28.608963739909704 -30 8.938532541079281
      vertex 30.45672280493228 -32 9.703899405809462
      vertex 30.293660902229078 -32 10.145898033750315
    endloop
  endfacet
  facet normal 0 -1 0
    outer loop
      vertex 31.437564206399813 -32 8.103311710018898
      vertex 30.015716042803067 -32 11.600000000000023
      vertex 31.145898033750314 -32 8.473288486245162
    endloop
  endfacet
  facet normal 0 -1 0
    outer loop
      vertex 31.145898033750314 -32 8.473288486245162
      vertex 30.015716042803067 -32 11.600000000000023
      vertex 30.884159013875447 -32 8.865008611704308
    endloop
  endfacet
  facet normal 0 -1 0
    outer loop
      vertex 32.1033117100189 -32 7.437564206399815
      vertex 30.015716042803067 -32 11.600000000000023
      vertex 31.757359312880716 -32 7.757359312880714
    endloop
  endfacet
  facet normal 0 -1 0
    outer loop
      vertex 32.47328848624516 -32 7.145898033750315
      vertex 32.58943934258363 -32 9.910005741136205
      vertex 32.43597390324653 -32 10.184038001041813
    endloop
  endfacet
  facet normal 0 -1 0
    outer loop
      vertex 31.437564206399813 -32 8.103311710018898
      vertex 31.757359312880716 -32 7.757359312880714
      vertex 30.015716042803067 -32 11.600000000000023
    endloop
  endfacet
  facet normal 0 -1 0
    outer loop
      vertex 32.47328848624516 -32 7.145898033750315
      vertex 32.43597390324653 -32 10.184038001041813
      vertex 32.304481869954856 -32 10.469266270539642
    endloop
  endfacet
  facet normal 0 -1 0
    outer loop
      vertex 32.1033117100189 -32 7.437564206399815
      vertex 32.304481869954856 -32 10.469266270539642
      vertex 32.195773934819385 -32 10.76393202250021
    endloop
  endfacet
  facet normal -0.6808210178472944 -0.7068340466645097 -0.19201138542609328
    outer loop
      vertex 28.39154786963877 -30 9.52786404500042
      vertex 30.293660902229078 -32 10.145898033750315
      vertex 30.165780477613943 -32 10.599327816864568
    endloop
  endfacet
  facet normal 0 -1 0
    outer loop
      vertex 30.653960854869794 -32 9.27605700156272
      vertex 30.884159013875447 -32 8.865008611704308
      vertex 30.015716042803067 -32 11.600000000000023
    endloop
  endfacet
  facet normal 0 -1 0
    outer loop
      vertex 30.653960854869794 -32 9.27605700156272
      vertex 30.015716042803067 -32 11.600000000000023
      vertex 30.45672280493228 -32 9.703899405809462
    endloop
  endfacet
  facet normal -0.6937873135317791 -0.7068340466645103 -0.1380028769925821
    outer loop
      vertex 28.221040636818586 -30 10.132437089152758
      vertex 30.165780477613943 -32 10.599327816864568
      vertex 30.073869956429174 -32 11.061393209758615
    endloop
  endfacet
  facet normal 0 -1 0
    outer loop
      vertex 30.45672280493228 -32 9.703899405809462
      vertex 30.015716042803067 -32 11.600000000000023
      vertex 30.293660902229078 -32 10.145898033750315
    endloop
  endfacet
  facet normal 0 -1 0
    outer loop
      vertex 30.293660902229078 -32 10.145898033750315
      vertex 30.015716042803067 -32 11.600000000000023
      vertex 30.165780477613943 -32 10.599327816864568
    endloop
  endfacet
  facet normal 0 -1 0
    outer loop
      vertex 32.1033117100189 -32 7.437564206399815
      vertex 32.04924663761945 -32 11.374262139839077
      vertex 30.015716042803067 -32 11.600000000000023
    endloop
  endfacet
  facet normal 0 -1 0
    outer loop
      vertex 32.1033117100189 -32 7.437564206399815
      vertex 32.11052031840929 -32 11.066218544576378
      vertex 32.04924663761945 -32 11.374262139839077
    endloop
  endfacet
  facet normal 0 -1 0
    outer loop
      vertex 32.1033117100189 -32 7.437564206399815
      vertex 32.195773934819385 -32 10.76393202250021
      vertex 32.11052031840929 -32 11.066218544576378
    endloop
  endfacet
  facet normal -0.3456406057943304 -0.7068340466645097 -0.6171857111939664
    outer loop
      vertex 32.368076002083626 -30 4.871947806493057
      vertex 33.27605700156272 -32 6.653960854869792
      vertex 32.865008611704305 -32 6.884159013875447
    endloop
  endfacet
  facet normal 0 -1 0
    outer loop
      vertex 33.70389940580946 -32 6.45672280493228
      vertex 34.14589803375031 -32 6.293660902229079
      vertex 33.9100057411362 -32 8.589439342583631
    endloop
  endfacet
  facet normal 0 -1 0
    outer loop
      vertex 34.599327816864566 -32 6.165780477613941
      vertex 35.06139320975861 -32 6.073869956429173
      vertex 34.763932022500214 -32 8.195773934819385
    endloop
  endfacet
  facet normal 0 -1 0
    outer loop
      vertex 34.599327816864566 -32 6.165780477613941
      vertex 34.46926627053964 -32 8.304481869954852
      vertex 34.14589803375031 -32 6.293660902229079
    endloop
  endfacet
  facet normal 0 -1 0
    outer loop
      vertex 35.06139320975861 -32 6.073869956429173
      vertex 35.52924542563293 -32 6.018495997601232
      vertex 35.374262139839075 -32 8.049246637619449
    endloop
  endfacet
  facet normal 0 -1 0
    outer loop
      vertex 35.52924542563293 -32 6.018495997601232
      vertex 36 -32 6
      vertex 35.68616361708862 -32 8.012330665067488
    endloop
  endfacet
  facet normal 0 -1 0
    outer loop
      vertex 33.27605700156272 -32 6.653960854869792
      vertex 33.17157287525381 -32 9.17157287525381
      vertex 32.865008611704305 -32 6.884159013875447
    endloop
  endfacet
  facet normal 0 -1 0
    outer loop
      vertex 33.27605700156272 -32 6.653960854869792
      vertex 33.70389940580946 -32 6.45672280493228
      vertex 33.402207806679264 -32 8.958376137599876
    endloop
  endfacet
  facet normal 0 -1 0
    outer loop
      vertex 34.14589803375031 -32 6.293660902229079
      vertex 34.18403800104181 -32 8.435973903246529
      vertex 33.9100057411362 -32 8.589439342583631
    endloop
  endfacet
  facet normal 0 -1 0
    outer loop
      vertex 32.47328848624516 -32 7.145898033750315
      vertex 32.865008611704305 -32 6.884159013875447
      vertex 32.58943934258363 -32 9.910005741136205
    endloop
  endfacet
  facet normal 0 -1 0
    outer loop
      vertex 33.27605700156272 -32 6.653960854869792
      vertex 33.402207806679264 -32 8.958376137599876
      vertex 33.17157287525381 -32 9.17157287525381
    endloop
  endfacet
  facet normal 0 -1 0
    outer loop
      vertex 33.70389940580946 -32 6.45672280493228
      vertex 33.64885899083011 -32 8.76393202250021
      vertex 33.402207806679264 -32 8.958376137599876
    endloop
  endfacet
  facet normal 0 -1 0
    outer loop
      vertex 33.70389940580946 -32 6.45672280493228
      vertex 33.9100057411362 -32 8.589439342583631
      vertex 33.64885899083011 -32 8.76393202250021
    endloop
  endfacet
  facet normal 0 -1 0
    outer loop
      vertex 34.14589803375031 -32 6.293660902229079
      vertex 34.46926627053964 -32 8.304481869954852
      vertex 34.18403800104181 -32 8.435973903246529
    endloop
  endfacet
  facet normal 0 -1 0
    outer loop
      vertex 34.599327816864566 -32 6.165780477613941
      vertex 34.763932022500214 -32 8.195773934819385
      vertex 34.46926627053964 -32 8.304481869954852
    endloop
  endfacet
  facet normal 0 -1 0
    outer loop
      vertex 35.06139320975861 -32 6.073869956429173
      vertex 35.06621854457638 -32 8.110520318409293
      vertex 34.763932022500214 -32 8.195773934819385
    endloop
  endfacet
  facet normal 0 -1 0
    outer loop
      vertex 35.06139320975861 -32 6.073869956429173
      vertex 35.374262139839075 -32 8.049246637619449
      vertex 35.06621854457638 -32 8.110520318409293
    endloop
  endfacet
  facet normal 0 -1 0
    outer loop
      vertex 35.52924542563293 -32 6.018495997601232
      vertex 35.68616361708862 -32 8.012330665067488
      vertex 35.374262139839075 -32 8.049246637619449
    endloop
  endfacet
  facet normal 0 -1 0
    outer loop
      vertex 36 -32 6
      vertex 36.47075457436707 -32 6.018495997601232
      vertex 36.31383638291138 -32 8.012330665067488
    endloop
  endfacet
  facet normal 0 -1 0
    outer loop
      vertex 36.47075457436707 -32 6.018495997601232
      vertex 36.93860679024139 -32 6.073869956429173
      vertex 36.31383638291138 -32 8.012330665067488
    endloop
  endfacet
  facet normal 0 -1 0
    outer loop
      vertex 36.93860679024139 -32 6.073869956429173
      vertex 37.400672183135434 -32 6.165780477613941
      vertex 36.93378145542362 -32 8.110520318409293
    endloop
  endfacet
  facet normal 0 -1 0
    outer loop
      vertex 37.400672183135434 -32 6.165780477613941
      vertex 37.85410196624969 -32 6.293660902229079
      vertex 37.236067977499786 -32 8.195773934819385
    endloop
  endfacet
  facet normal 0 -1 0
    outer loop
      vertex 37.85410196624969 -32 6.293660902229079
      vertex 38.29610059419054 -32 6.45672280493228
      vertex 37.81596199895819 -32 8.435973903246529
    endloop
  endfacet
  facet normal 0 -1 0
    outer loop
      vertex 36 -32 6
      vertex 36 -32 8
      vertex 35.68616361708862 -32 8.012330665067488
    endloop
  endfacet
  facet normal 0 -1 0
    outer loop
      vertex 36 -32 6
      vertex 36.31383638291138 -32 8.012330665067488
      vertex 36 -32 8
    endloop
  endfacet
  facet normal 0 -1 0
    outer loop
      vertex 36.93860679024139 -32 6.073869956429173
      vertex 36.625737860160925 -32 8.049246637619449
      vertex 36.31383638291138 -32 8.012330665067488
    endloop
  endfacet
  facet normal 0 -1 0
    outer loop
      vertex 36.93860679024139 -32 6.073869956429173
      vertex 36.93378145542362 -32 8.110520318409293
      vertex 36.625737860160925 -32 8.049246637619449
    endloop
  endfacet
  facet normal 0 -1 0
    outer loop
      vertex 37.400672183135434 -32 6.165780477613941
      vertex 37.236067977499786 -32 8.195773934819385
      vertex 36.93378145542362 -32 8.110520318409293
    endloop
  endfacet
  facet normal 0 -1 0
    outer loop
      vertex 37.85410196624969 -32 6.293660902229079
      vertex 37.53073372946036 -32 8.304481869954852
      vertex 37.236067977499786 -32 8.195773934819385
    endloop
  endfacet
  facet normal 0 -1 0
    outer loop
      vertex 37.85410196624969 -32 6.293660902229079
      vertex 37.81596199895819 -32 8.435973903246529
      vertex 37.53073372946036 -32 8.304481869954852
    endloop
  endfacet
  facet normal 0 -1 0
    outer loop
      vertex 38.29610059419054 -32 6.45672280493228
      vertex 38.0899942588638 -32 8.589439342583631
      vertex 37.81596199895819 -32 8.435973903246529
    endloop
  endfacet
  facet normal 0 -1 0
    outer loop
      vertex 38.29610059419054 -32 6.45672280493228
      vertex 38.72394299843728 -32 6.653960854869792
      vertex 38.0899942588638 -32 8.589439342583631
    endloop
  endfacet
  facet normal 0 -1 0
    outer loop
      vertex 38.72394299843728 -32 6.653960854869792
      vertex 39.134991388295695 -32 6.884159013875447
      vertex 38.597792193320736 -32 8.958376137599876
    endloop
  endfacet
  facet normal 0 -1 0
    outer loop
      vertex 38.72394299843728 -32 6.653960854869792
      vertex 38.35114100916989 -32 8.76393202250021
      vertex 38.0899942588638 -32 8.589439342583631
    endloop
  endfacet
  facet normal 0 -1 0
    outer loop
      vertex 38.72394299843728 -32 6.653960854869792
      vertex 38.597792193320736 -32 8.958376137599876
      vertex 38.35114100916989 -32 8.76393202250021
    endloop
  endfacet
  facet normal 0 -1 0
    outer loop
      vertex 38.597792193320736 -32 8.958376137599876
      vertex 39.134991388295695 -32 6.884159013875447
      vertex 38.82842712474619 -32 9.17157287525381
    endloop
  endfacet
  facet normal 0 -1 0
    outer loop
      vertex 32.865008611704305 -32 6.884159013875447
      vertex 32.95837613759988 -32 9.402207806679264
      vertex 32.763932022500214 -32 9.648858990830107
    endloop
  endfacet
  facet normal 0 -1 0
    outer loop
      vertex 32.865008611704305 -32 6.884159013875447
      vertex 33.17157287525381 -32 9.17157287525381
      vertex 32.95837613759988 -32 9.402207806679264
    endloop
  endfacet
  facet normal 0 -1 0
    outer loop
      vertex 32.865008611704305 -32 6.884159013875447
      vertex 32.763932022500214 -32 9.648858990830107
      vertex 32.58943934258363 -32 9.910005741136205
    endloop
  endfacet
  facet normal -0.7024761797206508 -0.7068340466645097 -0.08314353493178932
    outer loop
      vertex 28.098493275238898 -30 10.748524279678152
      vertex 30.01849599760123 -32 11.529245425632931
      vertex 28.024661330134975 -30 11.37232723417724
    endloop
  endfacet
  facet normal -0.7068340466645096 -0.7068340466645096 -0.0277715853301096
    outer loop
      vertex 28.024661330134975 -30 11.37232723417724
      vertex 30.01849599760123 -32 11.529245425632931
      vertex 28.015716042803067 -30 11.600000000000023
    endloop
  endfacet
  facet normal -0.7024761797206505 -0.7068340466645099 -0.08314353493179044
    outer loop
      vertex 28.098493275238898 -30 10.748524279678152
      vertex 30.073869956429174 -32 11.061393209758615
      vertex 30.01849599760123 -32 11.529245425632931
    endloop
  endfacet
  facet normal -0.7068340466645097 -0.7068340466645097 -0.027771585330105215
    outer loop
      vertex 28.015716042803067 -30 11.600000000000023
      vertex 30.01849599760123 -32 11.529245425632931
      vertex 30.015716042803067 -32 11.600000000000023
    endloop
  endfacet
  facet normal 0 -1 0
    outer loop
      vertex 30.073869956429174 -32 11.061393209758615
      vertex 30.015716042803067 -32 11.600000000000023
      vertex 30.01849599760123 -32 11.529245425632931
    endloop
  endfacet
  facet normal 0 -1 0
    outer loop
      vertex 30.165780477613943 -32 10.599327816864568
      vertex 30.015716042803067 -32 11.600000000000023
      vertex 30.073869956429174 -32 11.061393209758615
    endloop
  endfacet
  facet normal 0 -1 0
    outer loop
      vertex 30.015716042803067 -32 11.600000000000023
      vertex 32.04924663761945 -32 11.374262139839077
      vertex 32.022528801195186 -32 11.600000000000023
    endloop
  endfacet
  facet normal 0.43793431294040364 -0.7068340466645101 -0.5555170276645801
    outer loop
      vertex 40.70228201833979 -30 5.52786404500042
      vertex 41.19558438664147 -30 5.9167522751997526
      vertex 39.8966882899811 -32 7.437564206399815
    endloop
  endfacet
  facet normal 0.3456406057943304 -0.7068340466645097 -0.6171857111939664
    outer loop
      vertex 38.72394299843728 -32 6.653960854869792
      vertex 39.631923997916374 -30 4.871947806493057
      vertex 39.134991388295695 -32 6.884159013875447
    endloop
  endfacet
  facet normal 0.39299894395481344 -0.7068340466645097 -0.588164484244225
    outer loop
      vertex 40.179988517727594 -30 5.178878685167263
      vertex 39.52671151375484 -32 7.145898033750315
      vertex 39.134991388295695 -32 6.884159013875447
    endloop
  endfacet
  facet normal 0.4379343129404068 -0.7068340466645096 -0.5555170276645783
    outer loop
      vertex 40.70228201833979 -30 5.52786404500042
      vertex 39.8966882899811 -32 7.437564206399815
      vertex 39.52671151375484 -32 7.145898033750315
    endloop
  endfacet
  facet normal 0.4801696712587781 -0.70683404666451 -0.5194446238812277
    outer loop
      vertex 41.19558438664147 -30 5.9167522751997526
      vertex 40.242640687119284 -32 7.757359312880714
      vertex 39.8966882899811 -32 7.437564206399815
    endloop
  endfacet
  facet normal 0.48016967125877846 -0.7068340466645101 -0.5194446238812275
    outer loop
      vertex 41.19558438664147 -30 5.9167522751997526
      vertex 41.65685424949238 -30 6.343145750507619
      vertex 40.242640687119284 -32 7.757359312880714
    endloop
  endfacet
  facet normal 0.5194446238812306 -0.7068340466645092 -0.4801696712587763
    outer loop
      vertex 41.65685424949238 -30 6.343145750507619
      vertex 42.083247724800245 -30 6.804415613358531
      vertex 40.56243579360019 -32 8.103311710018898
    endloop
  endfacet
  facet normal 0 -1 0
    outer loop
      vertex 39.134991388295695 -32 6.884159013875447
      vertex 39.52671151375484 -32 7.145898033750315
      vertex 39.04162386240012 -32 9.402207806679264
    endloop
  endfacet
  facet normal 0 -1 0
    outer loop
      vertex 39.52671151375484 -32 7.145898033750315
      vertex 39.8966882899811 -32 7.437564206399815
      vertex 39.41056065741637 -32 9.910005741136205
    endloop
  endfacet
  facet normal 0.5555170276645792 -0.7068340466645093 -0.4379343129404059
    outer loop
      vertex 42.083247724800245 -30 6.804415613358531
      vertex 42.47213595499958 -30 7.297717981660215
      vertex 40.85410196624969 -32 8.473288486245162
    endloop
  endfacet
  facet normal 0.5194446238812249 -0.7068340466645102 -0.48016967125878085
    outer loop
      vertex 41.65685424949238 -30 6.343145750507619
      vertex 40.56243579360019 -32 8.103311710018898
      vertex 40.242640687119284 -32 7.757359312880714
    endloop
  endfacet
  facet normal 0.5555170276645807 -0.7068340466645091 -0.43793431294040447
    outer loop
      vertex 42.083247724800245 -30 6.804415613358531
      vertex 40.85410196624969 -32 8.473288486245162
      vertex 40.56243579360019 -32 8.103311710018898
    endloop
  endfacet
  facet normal 0.5881644842442256 -0.7068340466645097 -0.39299894395481255
    outer loop
      vertex 42.47213595499958 -30 7.297717981660215
      vertex 42.82112131483274 -30 7.82001148227241
      vertex 41.11584098612455 -32 8.865008611704308
    endloop
  endfacet
  facet normal 0.5881644842442273 -0.7068340466645093 -0.39299894395481055
    outer loop
      vertex 42.47213595499958 -30 7.297717981660215
      vertex 41.11584098612455 -32 8.865008611704308
      vertex 40.85410196624969 -32 8.473288486245162
    endloop
  endfacet
  facet normal 0 -1 0
    outer loop
      vertex 38.82842712474619 -32 9.17157287525381
      vertex 39.134991388295695 -32 6.884159013875447
      vertex 39.04162386240012 -32 9.402207806679264
    endloop
  endfacet
  facet normal 0 -1 0
    outer loop
      vertex 39.52671151375484 -32 7.145898033750315
      vertex 39.236067977499786 -32 9.648858990830107
      vertex 39.04162386240012 -32 9.402207806679264
    endloop
  endfacet
  facet normal 0 -1 0
    outer loop
      vertex 39.52671151375484 -32 7.145898033750315
      vertex 39.41056065741637 -32 9.910005741136205
      vertex 39.236067977499786 -32 9.648858990830107
    endloop
  endfacet
  facet normal 0 -1 0
    outer loop
      vertex 39.8966882899811 -32 7.437564206399815
      vertex 40.242640687119284 -32 7.757359312880714
      vertex 39.88947968159071 -32 11.066218544576378
    endloop
  endfacet
  facet normal 0 -1 0
    outer loop
      vertex 39.8966882899811 -32 7.437564206399815
      vertex 39.56402609675347 -32 10.184038001041813
      vertex 39.41056065741637 -32 9.910005741136205
    endloop
  endfacet
  facet normal 0 -1 0
    outer loop
      vertex 39.8966882899811 -32 7.437564206399815
      vertex 39.695518130045144 -32 10.469266270539642
      vertex 39.56402609675347 -32 10.184038001041813
    endloop
  endfacet
  facet normal 0 -1 0
    outer loop
      vertex 39.8966882899811 -32 7.437564206399815
      vertex 39.804226065180615 -32 10.76393202250021
      vertex 39.695518130045144 -32 10.469266270539642
    endloop
  endfacet
  facet normal 0 -1 0
    outer loop
      vertex 40.242640687119284 -32 7.757359312880714
      vertex 40.56243579360019 -32 8.103311710018898
      vertex 39.977471198804814 -32 11.600000000000023
    endloop
  endfacet
  facet normal 0 -1 0
    outer loop
      vertex 40.56243579360019 -32 8.103311710018898
      vertex 40.85410196624969 -32 8.473288486245162
      vertex 39.977471198804814 -32 11.600000000000023
    endloop
  endfacet
  facet normal 0.6171857111939664 -0.7068340466645097 -0.3456406057943307
    outer loop
      vertex 41.11584098612455 -32 8.865008611704308
      vertex 42.82112131483274 -30 7.82001148227241
      vertex 41.346039145130206 -32 9.27605700156272
    endloop
  endfacet
  facet normal 0 -1 0
    outer loop
      vertex 40.85410196624969 -32 8.473288486245162
      vertex 41.11584098612455 -32 8.865008611704308
      vertex 39.977471198804814 -32 11.600000000000023
    endloop
  endfacet
  facet normal 0.6424017829991219 -0.7068340466645101 -0.29615127836195837
    outer loop
      vertex 41.346039145130206 -32 9.27605700156272
      vertex 43.128052193506946 -30 8.368076002083626
      vertex 41.543277195067716 -32 9.703899405809462
    endloop
  endfacet
  facet normal 0.6636572341918122 -0.7068340466645109 -0.24483607981820482
    outer loop
      vertex 43.391036260090296 -30 8.938532541079281
      vertex 41.70633909777092 -32 10.145898033750315
      vertex 41.543277195067716 -32 9.703899405809462
    endloop
  endfacet
  facet normal 0 -1 0
    outer loop
      vertex 39.8966882899811 -32 7.437564206399815
      vertex 39.88947968159071 -32 11.066218544576378
      vertex 39.804226065180615 -32 10.76393202250021
    endloop
  endfacet
  facet normal 0 -1 0
    outer loop
      vertex 40.242640687119284 -32 7.757359312880714
      vertex 39.95075336238055 -32 11.374262139839077
      vertex 39.88947968159071 -32 11.066218544576378
    endloop
  endfacet
  facet normal 0 -1 0
    outer loop
      vertex 40.242640687119284 -32 7.757359312880714
      vertex 39.977471198804814 -32 11.600000000000023
      vertex 39.95075336238055 -32 11.374262139839077
    endloop
  endfacet
  facet normal 0 -1 0
    outer loop
      vertex 41.11584098612455 -32 8.865008611704308
      vertex 41.346039145130206 -32 9.27605700156272
      vertex 39.977471198804814 -32 11.600000000000023
    endloop
  endfacet
  facet normal 0 -1 0
    outer loop
      vertex 41.346039145130206 -32 9.27605700156272
      vertex 41.543277195067716 -32 9.703899405809462
      vertex 39.977471198804814 -32 11.600000000000023
    endloop
  endfacet
  facet normal 0 -1 0
    outer loop
      vertex 41.543277195067716 -32 9.703899405809462
      vertex 41.70633909777092 -32 10.145898033750315
      vertex 39.977471198804814 -32 11.600000000000023
    endloop
  endfacet
  facet normal 0 -1 0
    outer loop
      vertex 41.70633909777092 -32 10.145898033750315
      vertex 41.83421952238606 -32 10.599327816864568
      vertex 39.977471198804814 -32 11.600000000000023
    endloop
  endfacet
  facet normal 0.6171857111939638 -0.7068340466645101 -0.3456406057943339
    outer loop
      vertex 41.346039145130206 -32 9.27605700156272
      vertex 42.82112131483274 -30 7.82001148227241
      vertex 43.128052193506946 -30 8.368076002083626
    endloop
  endfacet
  facet normal 0.6424017829991201 -0.7068340466645107 -0.29615127836196115
    outer loop
      vertex 43.128052193506946 -30 8.368076002083626
      vertex 43.391036260090296 -30 8.938532541079281
      vertex 41.543277195067716 -32 9.703899405809462
    endloop
  endfacet
  facet normal 0.6636572341918161 -0.7068340466645097 -0.24483607981819752
    outer loop
      vertex 43.391036260090296 -30 8.938532541079281
      vertex 43.60845213036123 -30 9.52786404500042
      vertex 41.70633909777092 -32 10.145898033750315
    endloop
  endfacet
  facet normal 0.6808210178472927 -0.7068340466645102 -0.1920113854260979
    outer loop
      vertex 43.60845213036123 -30 9.52786404500042
      vertex 43.778959363181414 -30 10.132437089152758
      vertex 41.83421952238606 -32 10.599327816864568
    endloop
  endfacet
  facet normal 0.6808210178472944 -0.7068340466645097 -0.19201138542609328
    outer loop
      vertex 43.60845213036123 -30 9.52786404500042
      vertex 41.83421952238606 -32 10.599327816864568
      vertex 41.70633909777092 -32 10.145898033750315
    endloop
  endfacet
  facet normal 0.6937873135317797 -0.7068340466645098 -0.13800287699258248
    outer loop
      vertex 41.92613004357083 -32 11.061393209758615
      vertex 43.778959363181414 -30 10.132437089152758
      vertex 43.901506724761106 -30 10.748524279678152
    endloop
  endfacet
  facet normal 0.6937873135317779 -0.7068340466645104 -0.1380028769925872
    outer loop
      vertex 41.83421952238606 -32 10.599327816864568
      vertex 43.778959363181414 -30 10.132437089152758
      vertex 41.92613004357083 -32 11.061393209758615
    endloop
  endfacet
  facet normal 0 -1 0
    outer loop
      vertex 41.83421952238606 -32 10.599327816864568
      vertex 41.92613004357083 -32 11.061393209758615
      vertex 39.977471198804814 -32 11.600000000000023
    endloop
  endfacet
  facet normal 0 -1 0
    outer loop
      vertex 39.977471198804814 -32 11.600000000000023
      vertex 41.92613004357083 -32 11.061393209758615
      vertex 41.981504002398765 -32 11.529245425632931
    endloop
  endfacet
  facet normal 0 -1 0
    outer loop
      vertex 39.977471198804814 -32 11.600000000000023
      vertex 41.981504002398765 -32 11.529245425632931
      vertex 41.98428395719693 -32 11.600000000000023
    endloop
  endfacet
  facet normal 0.7024761797206506 -0.7068340466645104 -0.08314353493178528
    outer loop
      vertex 41.981504002398765 -32 11.529245425632931
      vertex 43.901506724761106 -30 10.748524279678152
      vertex 43.975338669865025 -30 11.37232723417724
    endloop
  endfacet
  facet normal 0.7068340466645081 -0.7068340466645107 -0.02777158533012057
    outer loop
      vertex 41.98428395719693 -32 11.600000000000023
      vertex 43.975338669865025 -30 11.37232723417724
      vertex 43.984283957196936 -30 11.600000000000023
    endloop
  endfacet
  facet normal 0.702476179720652 -0.7068340466645097 -0.08314353493177995
    outer loop
      vertex 41.92613004357083 -32 11.061393209758615
      vertex 43.901506724761106 -30 10.748524279678152
      vertex 41.981504002398765 -32 11.529245425632931
    endloop
  endfacet
  facet normal 0.7068340466645093 -0.7068340466645101 -0.027771585330105198
    outer loop
      vertex 41.981504002398765 -32 11.529245425632931
      vertex 43.975338669865025 -30 11.37232723417724
      vertex 41.98428395719693 -32 11.600000000000023
    endloop
  endfacet
  facet normal 0.8724960070727948 0 0.48862124149695907
    outer loop
      vertex 32.43597390324653 -30 10.184038001041813
      vertex 32.43597390324653 -32 10.184038001041813
      vertex 32.58943934258363 -30 9.910005741136205
    endloop
  endfacet
  facet normal 0.9081431738250867 0 0.41865973753741653
    outer loop
      vertex 32.43597390324653 -30 10.184038001041813
      vertex 32.304481869954856 -32 10.469266270539642
      vertex 32.43597390324653 -32 10.184038001041813
    endloop
  endfacet
  facet normal 0.9081431738250867 0 0.41865973753741653
    outer loop
      vertex 32.43597390324653 -30 10.184038001041813
      vertex 32.304481869954856 -30 10.469266270539642
      vertex 32.304481869954856 -32 10.469266270539642
    endloop
  endfacet
  facet normal 0.9381913359224808 0 0.3461170570775022
    outer loop
      vertex 32.304481869954856 -30 10.469266270539642
      vertex 32.195773934819385 -30 10.76393202250021
      vertex 32.195773934819385 -32 10.76393202250021
    endloop
  endfacet
  facet normal 0.9624552364536468 0 0.2714404498650758
    outer loop
      vertex 32.195773934819385 -30 10.76393202250021
      vertex 32.11052031840929 -30 11.066218544576378
      vertex 32.11052031840929 -32 11.066218544576378
    endloop
  endfacet
  facet normal 0.9381913359224808 0 0.3461170570775022
    outer loop
      vertex 32.304481869954856 -30 10.469266270539642
      vertex 32.195773934819385 -32 10.76393202250021
      vertex 32.304481869954856 -32 10.469266270539642
    endloop
  endfacet
  facet normal 0.9624552364536468 0 0.2714404498650758
    outer loop
      vertex 32.195773934819385 -30 10.76393202250021
      vertex 32.11052031840929 -32 11.066218544576378
      vertex 32.195773934819385 -32 10.76393202250021
    endloop
  endfacet
  facet normal 0.2714404498650773 0 0.9624552364536464
    outer loop
      vertex 35.06621854457638 -30 8.110520318409293
      vertex 34.763932022500214 -30 8.195773934819385
      vertex 34.763932022500214 -32 8.195773934819385
    endloop
  endfacet
  facet normal 0.41865973753743047 0 0.9081431738250801
    outer loop
      vertex 34.46926627053964 -30 8.304481869954852
      vertex 34.18403800104181 -30 8.435973903246529
      vertex 34.18403800104181 -32 8.435973903246529
    endloop
  endfacet
  facet normal 0.3461170570774886 0 0.9381913359224858
    outer loop
      vertex 34.46926627053964 -30 8.304481869954852
      vertex 34.46926627053964 -32 8.304481869954852
      vertex 34.763932022500214 -30 8.195773934819385
    endloop
  endfacet
  facet normal 0.1950903220161282 0 0.9807852804032305
    outer loop
      vertex 35.06621854457638 -30 8.110520318409293
      vertex 35.06621854457638 -32 8.110520318409293
      vertex 35.374262139839075 -30 8.049246637619449
    endloop
  endfacet
  facet normal 0.11753739745783902 0 0.9930684569549263
    outer loop
      vertex 35.374262139839075 -30 8.049246637619449
      vertex 35.374262139839075 -32 8.049246637619449
      vertex 35.68616361708862 -30 8.012330665067488
    endloop
  endfacet
  facet normal 0.41865973753743047 0 0.9081431738250801
    outer loop
      vertex 34.46926627053964 -30 8.304481869954852
      vertex 34.18403800104181 -32 8.435973903246529
      vertex 34.46926627053964 -32 8.304481869954852
    endloop
  endfacet
  facet normal 0.3461170570774886 0 0.9381913359224858
    outer loop
      vertex 34.763932022500214 -30 8.195773934819385
      vertex 34.46926627053964 -32 8.304481869954852
      vertex 34.763932022500214 -32 8.195773934819385
    endloop
  endfacet
  facet normal 0.2714404498650773 0 0.9624552364536464
    outer loop
      vertex 35.06621854457638 -30 8.110520318409293
      vertex 34.763932022500214 -32 8.195773934819385
      vertex 35.06621854457638 -32 8.110520318409293
    endloop
  endfacet
  facet normal 0.1950903220161282 0 0.9807852804032305
    outer loop
      vertex 35.374262139839075 -30 8.049246637619449
      vertex 35.06621854457638 -32 8.110520318409293
      vertex 35.374262139839075 -32 8.049246637619449
    endloop
  endfacet
  facet normal 0.11753739745783902 0 0.9930684569549263
    outer loop
      vertex 35.68616361708862 -30 8.012330665067488
      vertex 35.374262139839075 -32 8.049246637619449
      vertex 35.68616361708862 -32 8.012330665067488
    endloop
  endfacet
  facet normal 0.03925981575906698 0 0.9992290362407231
    outer loop
      vertex 35.68616361708862 -30 8.012330665067488
      vertex 35.68616361708862 -32 8.012330665067488
      vertex 36 -30 8
    endloop
  endfacet
  facet normal -0.03925981575906698 0 0.9992290362407231
    outer loop
      vertex 36 -30 8
      vertex 36 -32 8
      vertex 36.31383638291138 -30 8.012330665067488
    endloop
  endfacet
  facet normal -0.11753739745783902 0 0.9930684569549263
    outer loop
      vertex 36.31383638291138 -30 8.012330665067488
      vertex 36.31383638291138 -32 8.012330665067488
      vertex 36.625737860160925 -30 8.049246637619449
    endloop
  endfacet
  facet normal -0.1950903220161282 0 0.9807852804032305
    outer loop
      vertex 36.625737860160925 -30 8.049246637619449
      vertex 36.625737860160925 -32 8.049246637619449
      vertex 36.93378145542362 -30 8.110520318409293
    endloop
  endfacet
  facet normal -0.2714404498650773 0 0.9624552364536464
    outer loop
      vertex 36.93378145542362 -30 8.110520318409293
      vertex 36.93378145542362 -32 8.110520318409293
      vertex 37.236067977499786 -30 8.195773934819385
    endloop
  endfacet
  facet normal -0.3461170570774886 0 0.9381913359224858
    outer loop
      vertex 37.236067977499786 -30 8.195773934819385
      vertex 37.236067977499786 -32 8.195773934819385
      vertex 37.53073372946036 -30 8.304481869954852
    endloop
  endfacet
  facet normal 0.03925981575906698 0 0.9992290362407231
    outer loop
      vertex 35.68616361708862 -32 8.012330665067488
      vertex 36 -32 8
      vertex 36 -30 8
    endloop
  endfacet
  facet normal -0.03925981575906698 0 0.9992290362407231
    outer loop
      vertex 36.31383638291138 -30 8.012330665067488
      vertex 36 -32 8
      vertex 36.31383638291138 -32 8.012330665067488
    endloop
  endfacet
  facet normal -0.11753739745783902 0 0.9930684569549263
    outer loop
      vertex 36.625737860160925 -30 8.049246637619449
      vertex 36.31383638291138 -32 8.012330665067488
      vertex 36.625737860160925 -32 8.049246637619449
    endloop
  endfacet
  facet normal -0.1950903220161282 0 0.9807852804032305
    outer loop
      vertex 36.93378145542362 -30 8.110520318409293
      vertex 36.625737860160925 -32 8.049246637619449
      vertex 36.93378145542362 -32 8.110520318409293
    endloop
  endfacet
  facet normal -0.2714404498650773 0 0.9624552364536464
    outer loop
      vertex 36.93378145542362 -32 8.110520318409293
      vertex 37.236067977499786 -32 8.195773934819385
      vertex 37.236067977499786 -30 8.195773934819385
    endloop
  endfacet
  facet normal -0.41865973753743047 0 0.9081431738250801
    outer loop
      vertex 37.53073372946036 -30 8.304481869954852
      vertex 37.53073372946036 -32 8.304481869954852
      vertex 37.81596199895819 -30 8.435973903246529
    endloop
  endfacet
  facet normal -0.3461170570774886 0 0.9381913359224858
    outer loop
      vertex 37.236067977499786 -32 8.195773934819385
      vertex 37.53073372946036 -32 8.304481869954852
      vertex 37.53073372946036 -30 8.304481869954852
    endloop
  endfacet
  facet normal -0.41865973753743047 0 0.9081431738250801
    outer loop
      vertex 37.81596199895819 -30 8.435973903246529
      vertex 37.53073372946036 -32 8.304481869954852
      vertex 37.81596199895819 -32 8.435973903246529
    endloop
  endfacet
  facet normal 0.6788007455329419 0 0.7343225094356854
    outer loop
      vertex 33.402207806679264 -30 8.958376137599876
      vertex 33.17157287525381 -30 9.17157287525381
      vertex 33.17157287525381 -32 9.17157287525381
    endloop
  endfacet
  facet normal 0.48862124149695235 0 0.8724960070727986
    outer loop
      vertex 33.9100057411362 -30 8.589439342583631
      vertex 33.9100057411362 -32 8.589439342583631
      vertex 34.18403800104181 -30 8.435973903246529
    endloop
  endfacet
  facet normal 0.5555702330196025 0 0.8314696123025451
    outer loop
      vertex 33.9100057411362 -30 8.589439342583631
      vertex 33.64885899083011 -30 8.76393202250021
      vertex 33.64885899083011 -32 8.76393202250021
    endloop
  endfacet
  facet normal 0.6190939493098334 0 0.7853169308807454
    outer loop
      vertex 33.64885899083011 -30 8.76393202250021
      vertex 33.402207806679264 -30 8.958376137599876
      vertex 33.402207806679264 -32 8.958376137599876
    endloop
  endfacet
  facet normal 0.48862124149695235 0 0.8724960070727986
    outer loop
      vertex 33.9100057411362 -32 8.589439342583631
      vertex 34.18403800104181 -32 8.435973903246529
      vertex 34.18403800104181 -30 8.435973903246529
    endloop
  endfacet
  facet normal 0.5555702330196025 0 0.8314696123025451
    outer loop
      vertex 33.9100057411362 -30 8.589439342583631
      vertex 33.64885899083011 -32 8.76393202250021
      vertex 33.9100057411362 -32 8.589439342583631
    endloop
  endfacet
  facet normal 0.6190939493098334 0 0.7853169308807454
    outer loop
      vertex 33.64885899083011 -30 8.76393202250021
      vertex 33.402207806679264 -32 8.958376137599876
      vertex 33.64885899083011 -32 8.76393202250021
    endloop
  endfacet
  facet normal 0.6788007455329419 0 0.7343225094356854
    outer loop
      vertex 33.402207806679264 -30 8.958376137599876
      vertex 33.17157287525381 -32 9.17157287525381
      vertex 33.402207806679264 -32 8.958376137599876
    endloop
  endfacet
  facet normal 0.7343225094356884 0 0.6788007455329387
    outer loop
      vertex 33.17157287525381 -30 9.17157287525381
      vertex 32.95837613759988 -30 9.402207806679264
      vertex 32.95837613759988 -32 9.402207806679264
    endloop
  endfacet
  facet normal 0.7853169308807482 0 0.61909394930983
    outer loop
      vertex 32.95837613759988 -30 9.402207806679264
      vertex 32.763932022500214 -30 9.648858990830107
      vertex 32.763932022500214 -32 9.648858990830107
    endloop
  endfacet
  facet normal 0.7343225094356884 0 0.6788007455329387
    outer loop
      vertex 33.17157287525381 -30 9.17157287525381
      vertex 32.95837613759988 -32 9.402207806679264
      vertex 33.17157287525381 -32 9.17157287525381
    endloop
  endfacet
  facet normal 0.7853169308807482 0 0.61909394930983
    outer loop
      vertex 32.95837613759988 -30 9.402207806679264
      vertex 32.763932022500214 -32 9.648858990830107
      vertex 32.95837613759988 -32 9.402207806679264
    endloop
  endfacet
  facet normal 0.8314696123025417 0 0.5555702330196077
    outer loop
      vertex 32.763932022500214 -30 9.648858990830107
      vertex 32.58943934258363 -32 9.910005741136205
      vertex 32.763932022500214 -32 9.648858990830107
    endloop
  endfacet
  facet normal 0.8314696123025417 0 0.5555702330196077
    outer loop
      vertex 32.763932022500214 -30 9.648858990830107
      vertex 32.58943934258363 -30 9.910005741136205
      vertex 32.58943934258363 -32 9.910005741136205
    endloop
  endfacet
  facet normal 0.8724960070727948 0 0.48862124149695907
    outer loop
      vertex 32.43597390324653 -32 10.184038001041813
      vertex 32.58943934258363 -32 9.910005741136205
      vertex 32.58943934258363 -30 9.910005741136205
    endloop
  endfacet
  facet normal -0.48862124149695235 0 0.8724960070727986
    outer loop
      vertex 37.81596199895819 -30 8.435973903246529
      vertex 37.81596199895819 -32 8.435973903246529
      vertex 38.0899942588638 -30 8.589439342583631
    endloop
  endfacet
  facet normal -0.5555702330196025 0 0.8314696123025451
    outer loop
      vertex 38.0899942588638 -30 8.589439342583631
      vertex 38.0899942588638 -32 8.589439342583631
      vertex 38.35114100916989 -30 8.76393202250021
    endloop
  endfacet
  facet normal -0.6190939493098334 0 0.7853169308807454
    outer loop
      vertex 38.35114100916989 -30 8.76393202250021
      vertex 38.35114100916989 -32 8.76393202250021
      vertex 38.597792193320736 -30 8.958376137599876
    endloop
  endfacet
  facet normal -0.6788007455329419 0 0.7343225094356854
    outer loop
      vertex 38.597792193320736 -30 8.958376137599876
      vertex 38.597792193320736 -32 8.958376137599876
      vertex 38.82842712474619 -30 9.17157287525381
    endloop
  endfacet
  facet normal -0.48862124149695235 0 0.8724960070727986
    outer loop
      vertex 38.0899942588638 -30 8.589439342583631
      vertex 37.81596199895819 -32 8.435973903246529
      vertex 38.0899942588638 -32 8.589439342583631
    endloop
  endfacet
  facet normal -0.5555702330196025 0 0.8314696123025451
    outer loop
      vertex 38.0899942588638 -32 8.589439342583631
      vertex 38.35114100916989 -32 8.76393202250021
      vertex 38.35114100916989 -30 8.76393202250021
    endloop
  endfacet
  facet normal -0.6190939493098334 0 0.7853169308807454
    outer loop
      vertex 38.597792193320736 -30 8.958376137599876
      vertex 38.35114100916989 -32 8.76393202250021
      vertex 38.597792193320736 -32 8.958376137599876
    endloop
  endfacet
  facet normal -0.6788007455329419 0 0.7343225094356854
    outer loop
      vertex 38.597792193320736 -32 8.958376137599876
      vertex 38.82842712474619 -32 9.17157287525381
      vertex 38.82842712474619 -30 9.17157287525381
    endloop
  endfacet
  facet normal -0.7343225094356884 0 0.6788007455329387
    outer loop
      vertex 38.82842712474619 -30 9.17157287525381
      vertex 38.82842712474619 -32 9.17157287525381
      vertex 39.04162386240012 -30 9.402207806679264
    endloop
  endfacet
  facet normal -0.7343225094356884 0 0.6788007455329387
    outer loop
      vertex 38.82842712474619 -32 9.17157287525381
      vertex 39.04162386240012 -32 9.402207806679264
      vertex 39.04162386240012 -30 9.402207806679264
    endloop
  endfacet
  facet normal 0.9807852804032299 0 0.19509032201613147
    outer loop
      vertex 32.11052031840929 -30 11.066218544576378
      vertex 32.04924663761945 -30 11.374262139839077
      vertex 32.04924663761945 -32 11.374262139839077
    endloop
  endfacet
  facet normal 0.9930684569549283 0 0.11753739745782113
    outer loop
      vertex 32.04924663761945 -30 11.374262139839077
      vertex 32.022528801195186 -30 11.600000000000023
      vertex 32.022528801195186 -32 11.600000000000023
    endloop
  endfacet
  facet normal 0.9807852804032299 0 0.19509032201613147
    outer loop
      vertex 32.11052031840929 -30 11.066218544576378
      vertex 32.04924663761945 -32 11.374262139839077
      vertex 32.11052031840929 -32 11.066218544576378
    endloop
  endfacet
  facet normal 0.9930684569549283 0 0.11753739745782113
    outer loop
      vertex 32.04924663761945 -30 11.374262139839077
      vertex 32.022528801195186 -32 11.600000000000023
      vertex 32.04924663761945 -32 11.374262139839077
    endloop
  endfacet
  facet normal -0.7853169308807482 0 0.61909394930983
    outer loop
      vertex 39.04162386240012 -30 9.402207806679264
      vertex 39.04162386240012 -32 9.402207806679264
      vertex 39.236067977499786 -30 9.648858990830107
    endloop
  endfacet
  facet normal -0.8314696123025417 0 0.5555702330196077
    outer loop
      vertex 39.236067977499786 -30 9.648858990830107
      vertex 39.236067977499786 -32 9.648858990830107
      vertex 39.41056065741637 -30 9.910005741136205
    endloop
  endfacet
  facet normal -0.7853169308807482 0 0.61909394930983
    outer loop
      vertex 39.04162386240012 -32 9.402207806679264
      vertex 39.236067977499786 -32 9.648858990830107
      vertex 39.236067977499786 -30 9.648858990830107
    endloop
  endfacet
  facet normal -0.8724960070727948 0 0.48862124149695907
    outer loop
      vertex 39.41056065741637 -30 9.910005741136205
      vertex 39.41056065741637 -32 9.910005741136205
      vertex 39.56402609675347 -30 10.184038001041813
    endloop
  endfacet
  facet normal -0.9081431738250867 0 0.41865973753741653
    outer loop
      vertex 39.56402609675347 -30 10.184038001041813
      vertex 39.56402609675347 -32 10.184038001041813
      vertex 39.695518130045144 -30 10.469266270539642
    endloop
  endfacet
  facet normal -0.8314696123025417 0 0.5555702330196077
    outer loop
      vertex 39.41056065741637 -30 9.910005741136205
      vertex 39.236067977499786 -32 9.648858990830107
      vertex 39.41056065741637 -32 9.910005741136205
    endloop
  endfacet
  facet normal -0.8724960070727948 0 0.48862124149695907
    outer loop
      vertex 39.41056065741637 -32 9.910005741136205
      vertex 39.56402609675347 -32 10.184038001041813
      vertex 39.56402609675347 -30 10.184038001041813
    endloop
  endfacet
  facet normal -0.9381913359224808 0 0.3461170570775022
    outer loop
      vertex 39.695518130045144 -30 10.469266270539642
      vertex 39.695518130045144 -32 10.469266270539642
      vertex 39.804226065180615 -30 10.76393202250021
    endloop
  endfacet
  facet normal -0.9624552364536468 0 0.2714404498650758
    outer loop
      vertex 39.804226065180615 -30 10.76393202250021
      vertex 39.804226065180615 -32 10.76393202250021
      vertex 39.88947968159071 -30 11.066218544576378
    endloop
  endfacet
  facet normal -0.9081431738250867 0 0.41865973753741653
    outer loop
      vertex 39.695518130045144 -30 10.469266270539642
      vertex 39.56402609675347 -32 10.184038001041813
      vertex 39.695518130045144 -32 10.469266270539642
    endloop
  endfacet
  facet normal -0.9381913359224808 0 0.3461170570775022
    outer loop
      vertex 39.695518130045144 -32 10.469266270539642
      vertex 39.804226065180615 -32 10.76393202250021
      vertex 39.804226065180615 -30 10.76393202250021
    endloop
  endfacet
  facet normal -0.9624552364536468 0 0.2714404498650758
    outer loop
      vertex 39.88947968159071 -30 11.066218544576378
      vertex 39.804226065180615 -32 10.76393202250021
      vertex 39.88947968159071 -32 11.066218544576378
    endloop
  endfacet
  facet normal -0.9807852804032299 0 0.19509032201613147
    outer loop
      vertex 39.88947968159071 -30 11.066218544576378
      vertex 39.88947968159071 -32 11.066218544576378
      vertex 39.95075336238055 -30 11.374262139839077
    endloop
  endfacet
  facet normal -0.9930684569549283 0 0.11753739745782113
    outer loop
      vertex 39.95075336238055 -30 11.374262139839077
      vertex 39.95075336238055 -32 11.374262139839077
      vertex 39.977471198804814 -30 11.600000000000023
    endloop
  endfacet
  facet normal -0.9807852804032299 0 0.19509032201613147
    outer loop
      vertex 39.88947968159071 -32 11.066218544576378
      vertex 39.95075336238055 -32 11.374262139839077
      vertex 39.95075336238055 -30 11.374262139839077
    endloop
  endfacet
  facet normal -0.9930684569549283 0 0.11753739745782113
    outer loop
      vertex 39.977471198804814 -30 11.600000000000023
      vertex 39.95075336238055 -32 11.374262139839077
      vertex 39.977471198804814 -32 11.600000000000023
    endloop
  endfacet
  facet normal -0.34564060579433203 0.7068340466645094 -0.6171857111939658
    outer loop
      vertex 32.368076002083626 0 4.871947806493057
      vertex 31.82001148227241 0 5.178878685167263
      vertex 32.865008611704305 2 6.884159013875447
    endloop
  endfacet
  facet normal -0.3929989439548116 0.7068340466645097 -0.5881644842442262
    outer loop
      vertex 31.82001148227241 0 5.178878685167263
      vertex 31.297717981660213 0 5.52786404500042
      vertex 32.47328848624516 2 7.145898033750315
    endloop
  endfacet
  facet normal -0.027771585330112893 0.7068340466645097 -0.7068340466645097
    outer loop
      vertex 35.37232723417724 0 4.024661330134976
      vertex 35.52924542563293 2 6.018495997601232
      vertex 36 0 4
    endloop
  endfacet
  facet normal -0.19201138542609664 0.7068340466645094 -0.6808210178472937
    outer loop
      vertex 33.52786404500042 0 4.391547869638772
      vertex 34.14589803375031 2 6.293660902229079
      vertex 34.13243708915276 0 4.2210406368185875
    endloop
  endfacet
  facet normal -0.24483607981819908 0.7068340466645094 -0.6636572341918157
    outer loop
      vertex 32.93853254107928 0 4.608963739909706
      vertex 33.70389940580946 2 6.45672280493228
      vertex 33.52786404500042 0 4.391547869638772
    endloop
  endfacet
  facet normal -0.29615127836196165 0.7068340466645096 -0.6424017829991211
    outer loop
      vertex 32.368076002083626 0 4.871947806493057
      vertex 33.27605700156272 2 6.653960854869792
      vertex 32.93853254107928 0 4.608963739909706
    endloop
  endfacet
  facet normal -0.2961512783619629 0.7068340466645094 -0.6424017829991207
    outer loop
      vertex 32.93853254107928 0 4.608963739909706
      vertex 33.27605700156272 2 6.653960854869792
      vertex 33.70389940580946 2 6.45672280493228
    endloop
  endfacet
  facet normal -0.24483607981819852 0.7068340466645096 -0.6636572341918159
    outer loop
      vertex 33.52786404500042 0 4.391547869638772
      vertex 33.70389940580946 2 6.45672280493228
      vertex 34.14589803375031 2 6.293660902229079
    endloop
  endfacet
  facet normal -0.13800287699258135 0.7068340466645096 -0.69378731353178
    outer loop
      vertex 34.13243708915276 0 4.2210406368185875
      vertex 34.599327816864566 2 6.165780477613941
      vertex 34.74852427967815 0 4.098493275238898
    endloop
  endfacet
  facet normal -0.08314353493178786 0.7068340466645096 -0.702476179720651
    outer loop
      vertex 34.74852427967815 0 4.098493275238898
      vertex 35.06139320975861 2 6.073869956429173
      vertex 35.37232723417724 0 4.024661330134976
    endloop
  endfacet
  facet normal -0.19201138542609703 0.7068340466645094 -0.6808210178472935
    outer loop
      vertex 34.13243708915276 0 4.2210406368185875
      vertex 34.14589803375031 2 6.293660902229079
      vertex 34.599327816864566 2 6.165780477613941
    endloop
  endfacet
  facet normal -0.13800287699258093 0.7068340466645097 -0.69378731353178
    outer loop
      vertex 34.74852427967815 0 4.098493275238898
      vertex 34.599327816864566 2 6.165780477613941
      vertex 35.06139320975861 2 6.073869956429173
    endloop
  endfacet
  facet normal -0.08314353493178783 0.7068340466645096 -0.7024761797206509
    outer loop
      vertex 35.37232723417724 0 4.024661330134976
      vertex 35.06139320975861 2 6.073869956429173
      vertex 35.52924542563293 2 6.018495997601232
    endloop
  endfacet
  facet normal 0.027771585330112893 0.7068340466645097 -0.7068340466645097
    outer loop
      vertex 36 0 4
      vertex 36.47075457436707 2 6.018495997601232
      vertex 36.62767276582276 0 4.024661330134976
    endloop
  endfacet
  facet normal 0.24483607981819872 0.7068340466645098 -0.6636572341918153
    outer loop
      vertex 38.47213595499958 0 4.391547869638772
      vertex 38.8925442444346 0.4414176319108518 5.016780455321744
      vertex 38.8925442444346 0 4.546644675949778
    endloop
  endfacet
  facet normal -0.02777158533011312 0.7068340466645096 -0.7068340466645096
    outer loop
      vertex 36 0 4
      vertex 35.52924542563293 2 6.018495997601232
      vertex 36 2 6
    endloop
  endfacet
  facet normal 0.02777158533011312 0.7068340466645096 -0.7068340466645096
    outer loop
      vertex 36 0 4
      vertex 36 2 6
      vertex 36.47075457436707 2 6.018495997601232
    endloop
  endfacet
  facet normal 0.08314353493178786 0.7068340466645096 -0.702476179720651
    outer loop
      vertex 36.62767276582276 0 4.024661330134976
      vertex 36.93860679024139 2 6.073869956429173
      vertex 37.25147572032185 0 4.098493275238898
    endloop
  endfacet
  facet normal 0.08314353493178783 0.7068340466645096 -0.7024761797206509
    outer loop
      vertex 36.62767276582276 0 4.024661330134976
      vertex 36.47075457436707 2 6.018495997601232
      vertex 36.93860679024139 2 6.073869956429173
    endloop
  endfacet
  facet normal 0.13800287699258093 0.7068340466645097 -0.69378731353178
    outer loop
      vertex 37.25147572032185 0 4.098493275238898
      vertex 36.93860679024139 2 6.073869956429173
      vertex 37.400672183135434 2 6.165780477613941
    endloop
  endfacet
  facet normal 0.13800287699258135 0.7068340466645096 -0.69378731353178
    outer loop
      vertex 37.25147572032185 0 4.098493275238898
      vertex 37.400672183135434 2 6.165780477613941
      vertex 37.86756291084724 0 4.2210406368185875
    endloop
  endfacet
  facet normal 0.19201138542609664 0.7068340466645096 -0.6808210178472937
    outer loop
      vertex 37.86756291084724 0 4.2210406368185875
      vertex 37.85410196624969 2 6.293660902229079
      vertex 38.47213595499958 0 4.391547869638772
    endloop
  endfacet
  facet normal 0.24483607981819971 0.7068340466645094 -0.6636572341918155
    outer loop
      vertex 38.47213595499958 0 4.391547869638772
      vertex 38.29610059419054 2 6.45672280493228
      vertex 38.8925442444346 0.4414176319108518 5.016780455321744
    endloop
  endfacet
  facet normal 0.19201138542609703 0.7068340466645094 -0.6808210178472935
    outer loop
      vertex 37.86756291084724 0 4.2210406368185875
      vertex 37.400672183135434 2 6.165780477613941
      vertex 37.85410196624969 2 6.293660902229079
    endloop
  endfacet
  facet normal 0.24483607981819852 0.7068340466645096 -0.6636572341918159
    outer loop
      vertex 38.47213595499958 0 4.391547869638772
      vertex 37.85410196624969 2 6.293660902229079
      vertex 38.29610059419054 2 6.45672280493228
    endloop
  endfacet
  facet normal -0.5194446238812264 0.7068340466645096 -0.4801696712587804
    outer loop
      vertex 30.34314575050762 0 6.343145750507619
      vertex 29.91675227519975 0 6.804415613358531
      vertex 31.437564206399813 2 8.103311710018898
    endloop
  endfacet
  facet normal -0.43793431294040364 0.7068340466645101 -0.5555170276645801
    outer loop
      vertex 31.297717981660213 0 5.52786404500042
      vertex 30.80441561335853 0 5.9167522751997526
      vertex 32.1033117100189 2 7.437564206399815
    endloop
  endfacet
  facet normal -0.3929989439548137 0.7068340466645093 -0.5881644842442253
    outer loop
      vertex 31.82001148227241 0 5.178878685167263
      vertex 32.47328848624516 2 7.145898033750315
      vertex 32.865008611704305 2 6.884159013875447
    endloop
  endfacet
  facet normal -0.4801696712587807 0.7068340466645097 -0.5194446238812258
    outer loop
      vertex 30.80441561335853 0 5.9167522751997526
      vertex 30.34314575050762 0 6.343145750507619
      vertex 31.757359312880716 2 7.757359312880714
    endloop
  endfacet
  facet normal -0.4801696712587781 0.70683404666451 -0.5194446238812277
    outer loop
      vertex 30.80441561335853 0 5.9167522751997526
      vertex 31.757359312880716 2 7.757359312880714
      vertex 32.1033117100189 2 7.437564206399815
    endloop
  endfacet
  facet normal -0.4379343129404068 0.7068340466645096 -0.5555170276645783
    outer loop
      vertex 31.297717981660213 0 5.52786404500042
      vertex 32.1033117100189 2 7.437564206399815
      vertex 32.47328848624516 2 7.145898033750315
    endloop
  endfacet
  facet normal -0.5555170276645811 0.7068340466645094 -0.4379343129404034
    outer loop
      vertex 29.91675227519975 0 6.804415613358531
      vertex 29.52786404500042 0 7.297717981660215
      vertex 31.145898033750314 2 8.473288486245162
    endloop
  endfacet
  facet normal -0.5555170276645803 0.7068340466645096 -0.43793431294040414
    outer loop
      vertex 29.91675227519975 0 6.804415613358531
      vertex 31.145898033750314 2 8.473288486245162
      vertex 31.437564206399813 2 8.103311710018898
    endloop
  endfacet
  facet normal -0.5881644842442256 0.7068340466645097 -0.39299894395481255
    outer loop
      vertex 29.52786404500042 0 7.297717981660215
      vertex 29.178878685167263 0 7.82001148227241
      vertex 30.884159013875447 2 8.865008611704308
    endloop
  endfacet
  facet normal -0.5881644842442273 0.7068340466645093 -0.39299894395481055
    outer loop
      vertex 29.52786404500042 0 7.297717981660215
      vertex 30.884159013875447 2 8.865008611704308
      vertex 31.145898033750314 2 8.473288486245162
    endloop
  endfacet
  facet normal -0.5194446238812253 0.7068340466645098 -0.4801696712587812
    outer loop
      vertex 30.34314575050762 0 6.343145750507619
      vertex 31.437564206399813 2 8.103311710018898
      vertex 31.757359312880716 2 7.757359312880714
    endloop
  endfacet
  facet normal 0 1 0
    outer loop
      vertex 32.47328848624516 2 7.145898033750315
      vertex 32.1033117100189 2 7.437564206399815
      vertex 32.58943934258363 2 9.910005741136205
    endloop
  endfacet
  facet normal -0.6636572341918161 0.7068340466645097 -0.24483607981819752
    outer loop
      vertex 28.608963739909704 0 8.938532541079281
      vertex 28.39154786963877 0 9.52786404500042
      vertex 30.293660902229078 2 10.145898033750315
    endloop
  endfacet
  facet normal -0.6808210178472927 0.7068340466645102 -0.1920113854260979
    outer loop
      vertex 28.39154786963877 0 9.52786404500042
      vertex 28.221040636818586 0 10.132437089152758
      vertex 30.165780477613943 2 10.599327816864568
    endloop
  endfacet
  facet normal -0.6937873135317802 0.7068340466645098 -0.1380028769925786
    outer loop
      vertex 28.221040636818586 0 10.132437089152758
      vertex 28.098493275238898 0 10.748524279678152
      vertex 30.073869956429174 2 11.061393209758615
    endloop
  endfacet
  facet normal -0.617185711193966 0.7068340466645098 -0.3456406057943311
    outer loop
      vertex 29.178878685167263 0 7.82001148227241
      vertex 28.871947806493058 0 8.368076002083626
      vertex 30.653960854869794 2 9.27605700156272
    endloop
  endfacet
  facet normal -0.6424017829991191 0.70683404666451 -0.2961512783619647
    outer loop
      vertex 28.871947806493058 0 8.368076002083626
      vertex 28.608963739909704 0 8.938532541079281
      vertex 30.45672280493228 2 9.703899405809462
    endloop
  endfacet
  facet normal -0.6171857111939664 0.7068340466645097 -0.3456406057943307
    outer loop
      vertex 29.178878685167263 0 7.82001148227241
      vertex 30.653960854869794 2 9.27605700156272
      vertex 30.884159013875447 2 8.865008611704308
    endloop
  endfacet
  facet normal -0.6424017829991203 0.7068340466645097 -0.296151278361963
    outer loop
      vertex 28.871947806493058 0 8.368076002083626
      vertex 30.45672280493228 2 9.703899405809462
      vertex 30.653960854869794 2 9.27605700156272
    endloop
  endfacet
  facet normal -0.6636572341918147 0.7068340466645101 -0.24483607981820038
    outer loop
      vertex 28.608963739909704 0 8.938532541079281
      vertex 30.293660902229078 2 10.145898033750315
      vertex 30.45672280493228 2 9.703899405809462
    endloop
  endfacet
  facet normal 0 1 0
    outer loop
      vertex 32.1033117100189 2 7.437564206399815
      vertex 31.757359312880716 2 7.757359312880714
      vertex 32.11052031840929 2 11.066218544576378
    endloop
  endfacet
  facet normal 0 1 0
    outer loop
      vertex 31.437564206399813 2 8.103311710018898
      vertex 31.145898033750314 2 8.473288486245162
      vertex 32.022528801195186 2 11.600000000000023
    endloop
  endfacet
  facet normal 0 1 0
    outer loop
      vertex 31.145898033750314 2 8.473288486245162
      vertex 30.884159013875447 2 8.865008611704308
      vertex 32.022528801195186 2 11.600000000000023
    endloop
  endfacet
  facet normal 0 1 0
    outer loop
      vertex 31.437564206399813 2 8.103311710018898
      vertex 32.022528801195186 2 11.600000000000023
      vertex 31.757359312880716 2 7.757359312880714
    endloop
  endfacet
  facet normal 0 1 0
    outer loop
      vertex 32.1033117100189 2 7.437564206399815
      vertex 32.43597390324653 2 10.184038001041813
      vertex 32.58943934258363 2 9.910005741136205
    endloop
  endfacet
  facet normal 0 1 0
    outer loop
      vertex 32.1033117100189 2 7.437564206399815
      vertex 32.304481869954856 2 10.469266270539642
      vertex 32.43597390324653 2 10.184038001041813
    endloop
  endfacet
  facet normal 0 1 0
    outer loop
      vertex 32.1033117100189 2 7.437564206399815
      vertex 32.195773934819385 2 10.76393202250021
      vertex 32.304481869954856 2 10.469266270539642
    endloop
  endfacet
  facet normal -0.6808210178472944 0.7068340466645097 -0.19201138542609328
    outer loop
      vertex 28.39154786963877 0 9.52786404500042
      vertex 30.165780477613943 2 10.599327816864568
      vertex 30.293660902229078 2 10.145898033750315
    endloop
  endfacet
  facet normal 0 1 0
    outer loop
      vertex 30.293660902229078 2 10.145898033750315
      vertex 30.165780477613943 2 10.599327816864568
      vertex 32.022528801195186 2 11.600000000000023
    endloop
  endfacet
  facet normal -0.6937873135317791 0.7068340466645103 -0.1380028769925821
    outer loop
      vertex 28.221040636818586 0 10.132437089152758
      vertex 30.073869956429174 2 11.061393209758615
      vertex 30.165780477613943 2 10.599327816864568
    endloop
  endfacet
  facet normal 0 1 0
    outer loop
      vertex 30.653960854869794 2 9.27605700156272
      vertex 32.022528801195186 2 11.600000000000023
      vertex 30.884159013875447 2 8.865008611704308
    endloop
  endfacet
  facet normal 0 1 0
    outer loop
      vertex 30.653960854869794 2 9.27605700156272
      vertex 30.45672280493228 2 9.703899405809462
      vertex 32.022528801195186 2 11.600000000000023
    endloop
  endfacet
  facet normal 0 1 0
    outer loop
      vertex 32.1033117100189 2 7.437564206399815
      vertex 32.11052031840929 2 11.066218544576378
      vertex 32.195773934819385 2 10.76393202250021
    endloop
  endfacet
  facet normal 0 1 0
    outer loop
      vertex 31.757359312880716 2 7.757359312880714
      vertex 32.04924663761945 2 11.374262139839077
      vertex 32.11052031840929 2 11.066218544576378
    endloop
  endfacet
  facet normal 0 1 0
    outer loop
      vertex 31.757359312880716 2 7.757359312880714
      vertex 32.022528801195186 2 11.600000000000023
      vertex 32.04924663761945 2 11.374262139839077
    endloop
  endfacet
  facet normal 0 1 0
    outer loop
      vertex 30.45672280493228 2 9.703899405809462
      vertex 30.293660902229078 2 10.145898033750315
      vertex 32.022528801195186 2 11.600000000000023
    endloop
  endfacet
  facet normal -0.3456406057943304 0.7068340466645097 -0.6171857111939664
    outer loop
      vertex 32.368076002083626 0 4.871947806493057
      vertex 32.865008611704305 2 6.884159013875447
      vertex 33.27605700156272 2 6.653960854869792
    endloop
  endfacet
  facet normal 0 1 0
    outer loop
      vertex 33.70389940580946 2 6.45672280493228
      vertex 34.18403800104181 2 8.435973903246529
      vertex 34.14589803375031 2 6.293660902229079
    endloop
  endfacet
  facet normal 0 1 0
    outer loop
      vertex 34.599327816864566 2 6.165780477613941
      vertex 34.14589803375031 2 6.293660902229079
      vertex 34.763932022500214 2 8.195773934819385
    endloop
  endfacet
  facet normal 0 1 0
    outer loop
      vertex 34.599327816864566 2 6.165780477613941
      vertex 35.06621854457638 2 8.110520318409293
      vertex 35.06139320975861 2 6.073869956429173
    endloop
  endfacet
  facet normal 0 1 0
    outer loop
      vertex 35.06139320975861 2 6.073869956429173
      vertex 35.68616361708862 2 8.012330665067488
      vertex 35.52924542563293 2 6.018495997601232
    endloop
  endfacet
  facet normal 0 1 0
    outer loop
      vertex 35.52924542563293 2 6.018495997601232
      vertex 35.68616361708862 2 8.012330665067488
      vertex 36 2 6
    endloop
  endfacet
  facet normal 0 1 0
    outer loop
      vertex 33.27605700156272 2 6.653960854869792
      vertex 32.865008611704305 2 6.884159013875447
      vertex 33.402207806679264 2 8.958376137599876
    endloop
  endfacet
  facet normal 0 1 0
    outer loop
      vertex 32.47328848624516 2 7.145898033750315
      vertex 32.95837613759988 2 9.402207806679264
      vertex 32.865008611704305 2 6.884159013875447
    endloop
  endfacet
  facet normal 0 1 0
    outer loop
      vertex 33.27605700156272 2 6.653960854869792
      vertex 33.9100057411362 2 8.589439342583631
      vertex 33.70389940580946 2 6.45672280493228
    endloop
  endfacet
  facet normal 0 1 0
    outer loop
      vertex 33.70389940580946 2 6.45672280493228
      vertex 33.9100057411362 2 8.589439342583631
      vertex 34.18403800104181 2 8.435973903246529
    endloop
  endfacet
  facet normal 0 1 0
    outer loop
      vertex 32.865008611704305 2 6.884159013875447
      vertex 33.17157287525381 2 9.17157287525381
      vertex 33.402207806679264 2 8.958376137599876
    endloop
  endfacet
  facet normal 0 1 0
    outer loop
      vertex 33.27605700156272 2 6.653960854869792
      vertex 33.64885899083011 2 8.76393202250021
      vertex 33.9100057411362 2 8.589439342583631
    endloop
  endfacet
  facet normal 0 1 0
    outer loop
      vertex 33.27605700156272 2 6.653960854869792
      vertex 33.402207806679264 2 8.958376137599876
      vertex 33.64885899083011 2 8.76393202250021
    endloop
  endfacet
  facet normal 0 1 0
    outer loop
      vertex 34.599327816864566 2 6.165780477613941
      vertex 34.763932022500214 2 8.195773934819385
      vertex 35.06621854457638 2 8.110520318409293
    endloop
  endfacet
  facet normal 0 1 0
    outer loop
      vertex 34.14589803375031 2 6.293660902229079
      vertex 34.18403800104181 2 8.435973903246529
      vertex 34.46926627053964 2 8.304481869954852
    endloop
  endfacet
  facet normal 0 1 0
    outer loop
      vertex 34.14589803375031 2 6.293660902229079
      vertex 34.46926627053964 2 8.304481869954852
      vertex 34.763932022500214 2 8.195773934819385
    endloop
  endfacet
  facet normal 0 1 0
    outer loop
      vertex 35.06139320975861 2 6.073869956429173
      vertex 35.06621854457638 2 8.110520318409293
      vertex 35.374262139839075 2 8.049246637619449
    endloop
  endfacet
  facet normal 0 1 0
    outer loop
      vertex 35.06139320975861 2 6.073869956429173
      vertex 35.374262139839075 2 8.049246637619449
      vertex 35.68616361708862 2 8.012330665067488
    endloop
  endfacet
  facet normal 0 1 0
    outer loop
      vertex 36 2 6
      vertex 36.31383638291138 2 8.012330665067488
      vertex 36.47075457436707 2 6.018495997601232
    endloop
  endfacet
  facet normal 0 1 0
    outer loop
      vertex 36.47075457436707 2 6.018495997601232
      vertex 36.625737860160925 2 8.049246637619449
      vertex 36.93860679024139 2 6.073869956429173
    endloop
  endfacet
  facet normal 0 1 0
    outer loop
      vertex 36.93860679024139 2 6.073869956429173
      vertex 37.236067977499786 2 8.195773934819385
      vertex 37.400672183135434 2 6.165780477613941
    endloop
  endfacet
  facet normal 0.3456406057943314 0.7068340466645094 -0.617185711193966
    outer loop
      vertex 38.72394299843728 2 6.653960854869792
      vertex 38.8925442444346 2 6.74838208943055
      vertex 38.8925442444346 1.6286238454459976 6.323062278234189
    endloop
  endfacet
  facet normal 0.2961512783619632 0.7068340466645093 -0.6424017829991208
    outer loop
      vertex 38.8925442444346 0.4414176319108518 5.016780455321744
      vertex 38.29610059419054 2 6.45672280493228
      vertex 38.72394299843728 2 6.653960854869792
    endloop
  endfacet
  facet normal 0.29615127836196153 0.7068340466645096 -0.6424017829991211
    outer loop
      vertex 38.8925442444346 0.4414176319108518 5.016780455321744
      vertex 38.72394299843728 2 6.653960854869792
      vertex 38.8925442444346 1.6286238454459976 6.323062278234189
    endloop
  endfacet
  facet normal 0 1 0
    outer loop
      vertex 37.400672183135434 2 6.165780477613941
      vertex 37.53073372946036 2 8.304481869954852
      vertex 37.85410196624969 2 6.293660902229079
    endloop
  endfacet
  facet normal 0 1 0
    outer loop
      vertex 37.85410196624969 2 6.293660902229079
      vertex 38.0899942588638 2 8.589439342583631
      vertex 38.29610059419054 2 6.45672280493228
    endloop
  endfacet
  facet normal 0 1 0
    outer loop
      vertex 36 2 6
      vertex 35.68616361708862 2 8.012330665067488
      vertex 36 2 8
    endloop
  endfacet
  facet normal 0 1 0
    outer loop
      vertex 36 2 6
      vertex 36 2 8
      vertex 36.31383638291138 2 8.012330665067488
    endloop
  endfacet
  facet normal 0 1 0
    outer loop
      vertex 36.47075457436707 2 6.018495997601232
      vertex 36.31383638291138 2 8.012330665067488
      vertex 36.625737860160925 2 8.049246637619449
    endloop
  endfacet
  facet normal 0 1 0
    outer loop
      vertex 36.93860679024139 2 6.073869956429173
      vertex 36.625737860160925 2 8.049246637619449
      vertex 36.93378145542362 2 8.110520318409293
    endloop
  endfacet
  facet normal 0 1 0
    outer loop
      vertex 36.93860679024139 2 6.073869956429173
      vertex 36.93378145542362 2 8.110520318409293
      vertex 37.236067977499786 2 8.195773934819385
    endloop
  endfacet
  facet normal 0 1 0
    outer loop
      vertex 37.400672183135434 2 6.165780477613941
      vertex 37.236067977499786 2 8.195773934819385
      vertex 37.53073372946036 2 8.304481869954852
    endloop
  endfacet
  facet normal 0 1 0
    outer loop
      vertex 37.85410196624969 2 6.293660902229079
      vertex 37.53073372946036 2 8.304481869954852
      vertex 37.81596199895819 2 8.435973903246529
    endloop
  endfacet
  facet normal 0 1 0
    outer loop
      vertex 37.85410196624969 2 6.293660902229079
      vertex 37.81596199895819 2 8.435973903246529
      vertex 38.0899942588638 2 8.589439342583631
    endloop
  endfacet
  facet normal 0 1 0
    outer loop
      vertex 38.29610059419054 2 6.45672280493228
      vertex 38.597792193320736 2 8.958376137599876
      vertex 38.72394299843728 2 6.653960854869792
    endloop
  endfacet
  facet normal 0 1 0
    outer loop
      vertex 38.72394299843728 2 6.653960854869792
      vertex 38.8925442444346 2 8.552800001633809
      vertex 38.8925442444346 2 6.74838208943055
    endloop
  endfacet
  facet normal 0 1 0
    outer loop
      vertex 38.29610059419054 2 6.45672280493228
      vertex 38.0899942588638 2 8.589439342583631
      vertex 38.35114100916989 2 8.76393202250021
    endloop
  endfacet
  facet normal 0 1 0
    outer loop
      vertex 38.29610059419054 2 6.45672280493228
      vertex 38.35114100916989 2 8.76393202250021
      vertex 38.597792193320736 2 8.958376137599876
    endloop
  endfacet
  facet normal 0 1 0
    outer loop
      vertex 38.72394299843728 2 6.653960854869792
      vertex 38.82842712474619 2 9.17157287525381
      vertex 38.8925442444346 2 8.552800001633809
    endloop
  endfacet
  facet normal 0 1 0
    outer loop
      vertex 38.72394299843728 2 6.653960854869792
      vertex 38.597792193320736 2 8.958376137599876
      vertex 38.82842712474619 2 9.17157287525381
    endloop
  endfacet
  facet normal 0 1 0
    outer loop
      vertex 32.47328848624516 2 7.145898033750315
      vertex 32.763932022500214 2 9.648858990830107
      vertex 32.95837613759988 2 9.402207806679264
    endloop
  endfacet
  facet normal 0 1 0
    outer loop
      vertex 32.865008611704305 2 6.884159013875447
      vertex 32.95837613759988 2 9.402207806679264
      vertex 33.17157287525381 2 9.17157287525381
    endloop
  endfacet
  facet normal 0 1 0
    outer loop
      vertex 32.47328848624516 2 7.145898033750315
      vertex 32.58943934258363 2 9.910005741136205
      vertex 32.763932022500214 2 9.648858990830107
    endloop
  endfacet
  facet normal 0 1 0
    outer loop
      vertex 38.8925442444346 2 8.552800001633809
      vertex 38.82842712474619 2 9.17157287525381
      vertex 39.04162386240012 2 9.402207806679264
    endloop
  endfacet
  facet normal -0.7024761797206508 0.7068340466645097 -0.08314353493178932
    outer loop
      vertex 28.098493275238898 0 10.748524279678152
      vertex 28.024661330134975 0 11.37232723417724
      vertex 30.01849599760123 2 11.529245425632931
    endloop
  endfacet
  facet normal -0.7068340466645096 0.7068340466645096 -0.0277715853301096
    outer loop
      vertex 28.024661330134975 0 11.37232723417724
      vertex 28.015716042803067 0 11.600000000000023
      vertex 30.015716042803067 2 11.600000000000023
    endloop
  endfacet
  facet normal 0 1 0
    outer loop
      vertex 30.165780477613943 2 10.599327816864568
      vertex 30.073869956429174 2 11.061393209758615
      vertex 32.022528801195186 2 11.600000000000023
    endloop
  endfacet
  facet normal 0 1 0
    outer loop
      vertex 30.073869956429174 2 11.061393209758615
      vertex 30.01849599760123 2 11.529245425632931
      vertex 32.022528801195186 2 11.600000000000023
    endloop
  endfacet
  facet normal 0 1 0
    outer loop
      vertex 30.01849599760123 2 11.529245425632931
      vertex 30.015716042803067 2 11.600000000000023
      vertex 32.022528801195186 2 11.600000000000023
    endloop
  endfacet
  facet normal -0.7024761797206505 0.7068340466645099 -0.08314353493179044
    outer loop
      vertex 28.098493275238898 0 10.748524279678152
      vertex 30.01849599760123 2 11.529245425632931
      vertex 30.073869956429174 2 11.061393209758615
    endloop
  endfacet
  facet normal -0.7068340466645099 0.7068340466645096 -0.027771585330105222
    outer loop
      vertex 28.024661330134975 0 11.37232723417724
      vertex 30.015716042803067 2 11.600000000000023
      vertex 30.01849599760123 2 11.529245425632931
    endloop
  endfacet
  facet normal 0 1 0
    outer loop
      vertex 38.8925442444346 2 8.552800001633809
      vertex 39.04162386240012 2 9.402207806679264
      vertex 39.236067977499786 2 9.648858990830107
    endloop
  endfacet
  facet normal 0 1 0
    outer loop
      vertex 38.8925442444346 2 8.552800001633809
      vertex 39.236067977499786 2 9.648858990830107
      vertex 39.41056065741637 2 9.910005741136205
    endloop
  endfacet
  facet normal 0 1 0
    outer loop
      vertex 38.8925442444346 2 8.552800001633809
      vertex 39.41056065741637 2 9.910005741136205
      vertex 39.56402609675347 2 10.184038001041813
    endloop
  endfacet
  facet normal 0 1 0
    outer loop
      vertex 38.8925442444346 2 8.552800001633809
      vertex 39.56402609675347 2 10.184038001041813
      vertex 39.695518130045144 2 10.469266270539642
    endloop
  endfacet
  facet normal 0 1 0
    outer loop
      vertex 38.8925442444346 2 8.552800001633809
      vertex 39.695518130045144 2 10.469266270539642
      vertex 40.4316348927281 2 11.218583201932265
    endloop
  endfacet
  facet normal 0 1 0
    outer loop
      vertex 39.695518130045144 2 10.469266270539642
      vertex 39.804226065180615 2 10.76393202250021
      vertex 40.4316348927281 2 11.218583201932265
    endloop
  endfacet
  facet normal 0.6937873135317798 0.7068340466645098 -0.1380028769925814
    outer loop
      vertex 41.905696407706685 2 10.958666385211085
      vertex 41.92613004357083 2 11.061393209758615
      vertex 43.901506724761106 0 10.748524279678152
    endloop
  endfacet
  facet normal 0.6937873135317779 0.7068340466645091 -0.1380028769925944
    outer loop
      vertex 41.905696407706685 2 10.958666385211085
      vertex 43.901506724761106 0 10.748524279678152
      vertex 43.87426187672501 0 10.611555179189326
    endloop
  endfacet
  facet normal 0 1 0
    outer loop
      vertex 39.804226065180615 2 10.76393202250021
      vertex 39.88947968159071 2 11.066218544576378
      vertex 40.4316348927281 2 11.218583201932265
    endloop
  endfacet
  facet normal 0 1 0
    outer loop
      vertex 39.88947968159071 2 11.066218544576378
      vertex 39.95075336238055 2 11.374262139839077
      vertex 40.4316348927281 2 11.218583201932265
    endloop
  endfacet
  facet normal 0 1 0
    outer loop
      vertex 40.4316348927281 2 11.218583201932265
      vertex 41.92613004357083 2 11.061393209758615
      vertex 41.905696407706685 2 10.958666385211085
    endloop
  endfacet
  facet normal 0 1 0
    outer loop
      vertex 40.4316348927281 2 11.218583201932265
      vertex 39.95075336238055 2 11.374262139839077
      vertex 41.98428395719693 2 11.600000000000023
    endloop
  endfacet
  facet normal 0 1 0
    outer loop
      vertex 39.95075336238055 2 11.374262139839077
      vertex 39.977471198804814 2 11.600000000000023
      vertex 41.98428395719693 2 11.600000000000023
    endloop
  endfacet
  facet normal 0 1 0
    outer loop
      vertex 40.4316348927281 2 11.218583201932265
      vertex 41.98428395719693 2 11.600000000000023
      vertex 41.92613004357083 2 11.061393209758615
    endloop
  endfacet
  facet normal 0 1 0
    outer loop
      vertex 41.92613004357083 2 11.061393209758615
      vertex 41.98428395719693 2 11.600000000000023
      vertex 41.981504002398765 2 11.529245425632931
    endloop
  endfacet
  facet normal 0.702476179720652 0.7068340466645097 -0.08314353493177995
    outer loop
      vertex 41.92613004357083 2 11.061393209758615
      vertex 41.981504002398765 2 11.529245425632931
      vertex 43.901506724761106 0 10.748524279678152
    endloop
  endfacet
  facet normal 0.7068340466645084 0.7068340466645109 -0.027771585330105163
    outer loop
      vertex 41.981504002398765 2 11.529245425632931
      vertex 41.98428395719693 2 11.600000000000023
      vertex 43.984283957196936 0 11.600000000000023
    endloop
  endfacet
  facet normal 0.7024761797206506 0.7068340466645104 -0.08314353493178528
    outer loop
      vertex 41.981504002398765 2 11.529245425632931
      vertex 43.975338669865025 0 11.37232723417724
      vertex 43.901506724761106 0 10.748524279678152
    endloop
  endfacet
  facet normal 0.7068340466645084 0.7068340466645103 -0.02777158533012058
    outer loop
      vertex 41.981504002398765 2 11.529245425632931
      vertex 43.984283957196936 0 11.600000000000023
      vertex 43.975338669865025 0 11.37232723417724
    endloop
  endfacet
  facet normal 0.8724960070727948 0 0.48862124149695907
    outer loop
      vertex 32.43597390324653 2 10.184038001041813
      vertex 32.43597390324653 0 10.184038001041813
      vertex 32.58943934258363 2 9.910005741136205
    endloop
  endfacet
  facet normal 0.9081431738250867 0 0.41865973753741653
    outer loop
      vertex 32.43597390324653 2 10.184038001041813
      vertex 32.304481869954856 0 10.469266270539642
      vertex 32.43597390324653 0 10.184038001041813
    endloop
  endfacet
  facet normal 0.9081431738250867 0 0.41865973753741653
    outer loop
      vertex 32.43597390324653 2 10.184038001041813
      vertex 32.304481869954856 2 10.469266270539642
      vertex 32.304481869954856 0 10.469266270539642
    endloop
  endfacet
  facet normal 0.9381913359224808 0 0.3461170570775022
    outer loop
      vertex 32.304481869954856 2 10.469266270539642
      vertex 32.195773934819385 2 10.76393202250021
      vertex 32.195773934819385 0 10.76393202250021
    endloop
  endfacet
  facet normal 0.9381913359224808 0 0.3461170570775022
    outer loop
      vertex 32.304481869954856 2 10.469266270539642
      vertex 32.195773934819385 0 10.76393202250021
      vertex 32.304481869954856 0 10.469266270539642
    endloop
  endfacet
  facet normal 0.9624552364536468 0 0.2714404498650758
    outer loop
      vertex 32.195773934819385 2 10.76393202250021
      vertex 32.11052031840929 2 11.066218544576378
      vertex 32.11052031840929 0 11.066218544576378
    endloop
  endfacet
  facet normal 0.9624552364536468 0 0.2714404498650758
    outer loop
      vertex 32.195773934819385 2 10.76393202250021
      vertex 32.11052031840929 0 11.066218544576378
      vertex 32.195773934819385 0 10.76393202250021
    endloop
  endfacet
  facet normal 0.2714404498650773 0 0.9624552364536464
    outer loop
      vertex 35.06621854457638 2 8.110520318409293
      vertex 34.763932022500214 2 8.195773934819385
      vertex 34.763932022500214 0 8.195773934819385
    endloop
  endfacet
  facet normal 0.41865973753743047 0 0.9081431738250801
    outer loop
      vertex 34.46926627053964 2 8.304481869954852
      vertex 34.18403800104181 2 8.435973903246529
      vertex 34.18403800104181 0 8.435973903246529
    endloop
  endfacet
  facet normal 0.3461170570774886 0 0.9381913359224858
    outer loop
      vertex 34.46926627053964 2 8.304481869954852
      vertex 34.46926627053964 0 8.304481869954852
      vertex 34.763932022500214 2 8.195773934819385
    endloop
  endfacet
  facet normal 0.41865973753743047 0 0.9081431738250801
    outer loop
      vertex 34.46926627053964 2 8.304481869954852
      vertex 34.18403800104181 0 8.435973903246529
      vertex 34.46926627053964 0 8.304481869954852
    endloop
  endfacet
  facet normal 0.3461170570774886 0 0.9381913359224858
    outer loop
      vertex 34.763932022500214 2 8.195773934819385
      vertex 34.46926627053964 0 8.304481869954852
      vertex 34.763932022500214 0 8.195773934819385
    endloop
  endfacet
  facet normal 0.1950903220161282 0 0.9807852804032305
    outer loop
      vertex 35.06621854457638 2 8.110520318409293
      vertex 35.06621854457638 0 8.110520318409293
      vertex 35.374262139839075 2 8.049246637619449
    endloop
  endfacet
  facet normal 0.11753739745783902 0 0.9930684569549263
    outer loop
      vertex 35.374262139839075 2 8.049246637619449
      vertex 35.374262139839075 0 8.049246637619449
      vertex 35.68616361708862 2 8.012330665067488
    endloop
  endfacet
  facet normal 0.2714404498650773 0 0.9624552364536464
    outer loop
      vertex 35.06621854457638 2 8.110520318409293
      vertex 34.763932022500214 0 8.195773934819385
      vertex 35.06621854457638 0 8.110520318409293
    endloop
  endfacet
  facet normal 0.1950903220161282 0 0.9807852804032305
    outer loop
      vertex 35.374262139839075 2 8.049246637619449
      vertex 35.06621854457638 0 8.110520318409293
      vertex 35.374262139839075 0 8.049246637619449
    endloop
  endfacet
  facet normal 0.11753739745783902 0 0.9930684569549263
    outer loop
      vertex 35.68616361708862 2 8.012330665067488
      vertex 35.374262139839075 0 8.049246637619449
      vertex 35.68616361708862 0 8.012330665067488
    endloop
  endfacet
  facet normal 0.03925981575906698 0 0.9992290362407231
    outer loop
      vertex 35.68616361708862 2 8.012330665067488
      vertex 35.68616361708862 0 8.012330665067488
      vertex 36 2 8
    endloop
  endfacet
  facet normal -0.03925981575906698 0 0.9992290362407231
    outer loop
      vertex 36 2 8
      vertex 36 0 8
      vertex 36.31383638291138 2 8.012330665067488
    endloop
  endfacet
  facet normal -0.11753739745783902 0 0.9930684569549263
    outer loop
      vertex 36.31383638291138 2 8.012330665067488
      vertex 36.31383638291138 0 8.012330665067488
      vertex 36.625737860160925 2 8.049246637619449
    endloop
  endfacet
  facet normal 0.03925981575906698 0 0.9992290362407231
    outer loop
      vertex 35.68616361708862 0 8.012330665067488
      vertex 36 0 8
      vertex 36 2 8
    endloop
  endfacet
  facet normal -0.03925981575906698 0 0.9992290362407231
    outer loop
      vertex 36.31383638291138 2 8.012330665067488
      vertex 36 0 8
      vertex 36.31383638291138 0 8.012330665067488
    endloop
  endfacet
  facet normal -0.11753739745783902 0 0.9930684569549263
    outer loop
      vertex 36.625737860160925 2 8.049246637619449
      vertex 36.31383638291138 0 8.012330665067488
      vertex 36.625737860160925 0 8.049246637619449
    endloop
  endfacet
  facet normal -0.1950903220161282 0 0.9807852804032305
    outer loop
      vertex 36.625737860160925 2 8.049246637619449
      vertex 36.625737860160925 0 8.049246637619449
      vertex 36.93378145542362 2 8.110520318409293
    endloop
  endfacet
  facet normal -0.2714404498650773 0 0.9624552364536464
    outer loop
      vertex 36.93378145542362 2 8.110520318409293
      vertex 36.93378145542362 0 8.110520318409293
      vertex 37.236067977499786 2 8.195773934819385
    endloop
  endfacet
  facet normal -0.1950903220161282 0 0.9807852804032305
    outer loop
      vertex 36.93378145542362 2 8.110520318409293
      vertex 36.625737860160925 0 8.049246637619449
      vertex 36.93378145542362 0 8.110520318409293
    endloop
  endfacet
  facet normal -0.2714404498650773 0 0.9624552364536464
    outer loop
      vertex 37.236067977499786 2 8.195773934819385
      vertex 36.93378145542362 0 8.110520318409293
      vertex 37.236067977499786 0 8.195773934819385
    endloop
  endfacet
  facet normal -0.3461170570774886 0 0.9381913359224858
    outer loop
      vertex 37.236067977499786 2 8.195773934819385
      vertex 37.236067977499786 0 8.195773934819385
      vertex 37.53073372946036 2 8.304481869954852
    endloop
  endfacet
  facet normal -0.41865973753743047 0 0.9081431738250801
    outer loop
      vertex 37.53073372946036 2 8.304481869954852
      vertex 37.53073372946036 0 8.304481869954852
      vertex 37.81596199895819 2 8.435973903246529
    endloop
  endfacet
  facet normal -0.3461170570774886 0 0.9381913359224858
    outer loop
      vertex 37.53073372946036 2 8.304481869954852
      vertex 37.236067977499786 0 8.195773934819385
      vertex 37.53073372946036 0 8.304481869954852
    endloop
  endfacet
  facet normal -0.41865973753743047 0 0.9081431738250801
    outer loop
      vertex 37.81596199895819 2 8.435973903246529
      vertex 37.53073372946036 0 8.304481869954852
      vertex 37.81596199895819 0 8.435973903246529
    endloop
  endfacet
  facet normal 0.6788007455329419 0 0.7343225094356854
    outer loop
      vertex 33.402207806679264 2 8.958376137599876
      vertex 33.17157287525381 2 9.17157287525381
      vertex 33.17157287525381 0 9.17157287525381
    endloop
  endfacet
  facet normal 0.48862124149695235 0 0.8724960070727986
    outer loop
      vertex 33.9100057411362 2 8.589439342583631
      vertex 33.9100057411362 0 8.589439342583631
      vertex 34.18403800104181 2 8.435973903246529
    endloop
  endfacet
  facet normal 0.5555702330196025 0 0.8314696123025451
    outer loop
      vertex 33.9100057411362 2 8.589439342583631
      vertex 33.64885899083011 2 8.76393202250021
      vertex 33.64885899083011 0 8.76393202250021
    endloop
  endfacet
  facet normal 0.48862124149695235 0 0.8724960070727986
    outer loop
      vertex 34.18403800104181 2 8.435973903246529
      vertex 33.9100057411362 0 8.589439342583631
      vertex 34.18403800104181 0 8.435973903246529
    endloop
  endfacet
  facet normal 0.5555702330196025 0 0.8314696123025451
    outer loop
      vertex 33.9100057411362 2 8.589439342583631
      vertex 33.64885899083011 0 8.76393202250021
      vertex 33.9100057411362 0 8.589439342583631
    endloop
  endfacet
  facet normal 0.6190939493098334 0 0.7853169308807454
    outer loop
      vertex 33.64885899083011 2 8.76393202250021
      vertex 33.402207806679264 2 8.958376137599876
      vertex 33.402207806679264 0 8.958376137599876
    endloop
  endfacet
  facet normal 0.6190939493098334 0 0.7853169308807454
    outer loop
      vertex 33.64885899083011 2 8.76393202250021
      vertex 33.402207806679264 0 8.958376137599876
      vertex 33.64885899083011 0 8.76393202250021
    endloop
  endfacet
  facet normal 0.6788007455329419 0 0.7343225094356854
    outer loop
      vertex 33.402207806679264 2 8.958376137599876
      vertex 33.17157287525381 0 9.17157287525381
      vertex 33.402207806679264 0 8.958376137599876
    endloop
  endfacet
  facet normal 0.7343225094356884 0 0.6788007455329387
    outer loop
      vertex 33.17157287525381 2 9.17157287525381
      vertex 32.95837613759988 2 9.402207806679264
      vertex 32.95837613759988 0 9.402207806679264
    endloop
  endfacet
  facet normal 0.7343225094356884 0 0.6788007455329387
    outer loop
      vertex 33.17157287525381 2 9.17157287525381
      vertex 32.95837613759988 0 9.402207806679264
      vertex 33.17157287525381 0 9.17157287525381
    endloop
  endfacet
  facet normal 0.7853169308807482 0 0.61909394930983
    outer loop
      vertex 32.95837613759988 2 9.402207806679264
      vertex 32.763932022500214 2 9.648858990830107
      vertex 32.763932022500214 0 9.648858990830107
    endloop
  endfacet
  facet normal 0.7853169308807482 0 0.61909394930983
    outer loop
      vertex 32.95837613759988 2 9.402207806679264
      vertex 32.763932022500214 0 9.648858990830107
      vertex 32.95837613759988 0 9.402207806679264
    endloop
  endfacet
  facet normal 0.8314696123025417 0 0.5555702330196077
    outer loop
      vertex 32.763932022500214 2 9.648858990830107
      vertex 32.58943934258363 0 9.910005741136205
      vertex 32.763932022500214 0 9.648858990830107
    endloop
  endfacet
  facet normal 0.8314696123025417 0 0.5555702330196077
    outer loop
      vertex 32.763932022500214 2 9.648858990830107
      vertex 32.58943934258363 2 9.910005741136205
      vertex 32.58943934258363 0 9.910005741136205
    endloop
  endfacet
  facet normal 0.8724960070727948 0 0.48862124149695907
    outer loop
      vertex 32.43597390324653 0 10.184038001041813
      vertex 32.58943934258363 0 9.910005741136205
      vertex 32.58943934258363 2 9.910005741136205
    endloop
  endfacet
  facet normal -0.48862124149695235 0 0.8724960070727986
    outer loop
      vertex 37.81596199895819 2 8.435973903246529
      vertex 37.81596199895819 0 8.435973903246529
      vertex 38.0899942588638 2 8.589439342583631
    endloop
  endfacet
  facet normal -0.5555702330196025 0 0.8314696123025451
    outer loop
      vertex 38.0899942588638 2 8.589439342583631
      vertex 38.0899942588638 0 8.589439342583631
      vertex 38.35114100916989 2 8.76393202250021
    endloop
  endfacet
  facet normal -0.48862124149695235 0 0.8724960070727986
    outer loop
      vertex 38.0899942588638 2 8.589439342583631
      vertex 37.81596199895819 0 8.435973903246529
      vertex 38.0899942588638 0 8.589439342583631
    endloop
  endfacet
  facet normal -0.5555702330196025 0 0.8314696123025451
    outer loop
      vertex 38.0899942588638 0 8.589439342583631
      vertex 38.35114100916989 0 8.76393202250021
      vertex 38.35114100916989 2 8.76393202250021
    endloop
  endfacet
  facet normal -0.6190939493098334 0 0.7853169308807454
    outer loop
      vertex 38.35114100916989 2 8.76393202250021
      vertex 38.35114100916989 0 8.76393202250021
      vertex 38.597792193320736 2 8.958376137599876
    endloop
  endfacet
  facet normal -0.6788007455329419 0 0.7343225094356854
    outer loop
      vertex 38.597792193320736 2 8.958376137599876
      vertex 38.597792193320736 0 8.958376137599876
      vertex 38.82842712474619 2 9.17157287525381
    endloop
  endfacet
  facet normal -0.6190939493098334 0 0.7853169308807454
    outer loop
      vertex 38.597792193320736 2 8.958376137599876
      vertex 38.35114100916989 0 8.76393202250021
      vertex 38.597792193320736 0 8.958376137599876
    endloop
  endfacet
  facet normal -0.6788007455329419 0 0.7343225094356854
    outer loop
      vertex 38.82842712474619 2 9.17157287525381
      vertex 38.597792193320736 0 8.958376137599876
      vertex 38.82842712474619 0 9.17157287525381
    endloop
  endfacet
  facet normal -0.7343225094356884 0 0.6788007455329387
    outer loop
      vertex 38.82842712474619 2 9.17157287525381
      vertex 38.82842712474619 0 9.17157287525381
      vertex 39.04162386240012 2 9.402207806679264
    endloop
  endfacet
  facet normal -0.7343225094356884 0 0.6788007455329387
    outer loop
      vertex 38.82842712474619 0 9.17157287525381
      vertex 39.04162386240012 0 9.402207806679264
      vertex 39.04162386240012 2 9.402207806679264
    endloop
  endfacet
  facet normal 0.9807852804032299 0 0.19509032201613147
    outer loop
      vertex 32.11052031840929 2 11.066218544576378
      vertex 32.04924663761945 2 11.374262139839077
      vertex 32.04924663761945 0 11.374262139839077
    endloop
  endfacet
  facet normal 0.9807852804032299 0 0.19509032201613147
    outer loop
      vertex 32.11052031840929 2 11.066218544576378
      vertex 32.04924663761945 0 11.374262139839077
      vertex 32.11052031840929 0 11.066218544576378
    endloop
  endfacet
  facet normal 0.9930684569549283 0 0.11753739745782113
    outer loop
      vertex 32.04924663761945 2 11.374262139839077
      vertex 32.022528801195186 2 11.600000000000023
      vertex 32.022528801195186 0 11.600000000000023
    endloop
  endfacet
  facet normal 0.9930684569549283 0 0.11753739745782113
    outer loop
      vertex 32.04924663761945 2 11.374262139839077
      vertex 32.022528801195186 0 11.600000000000023
      vertex 32.04924663761945 0 11.374262139839077
    endloop
  endfacet
  facet normal -0.7853169308807482 0 0.61909394930983
    outer loop
      vertex 39.04162386240012 2 9.402207806679264
      vertex 39.04162386240012 0 9.402207806679264
      vertex 39.236067977499786 2 9.648858990830107
    endloop
  endfacet
  facet normal -0.8314696123025417 0 0.5555702330196077
    outer loop
      vertex 39.236067977499786 2 9.648858990830107
      vertex 39.236067977499786 0 9.648858990830107
      vertex 39.41056065741637 2 9.910005741136205
    endloop
  endfacet
  facet normal -0.7853169308807482 0 0.61909394930983
    outer loop
      vertex 39.04162386240012 0 9.402207806679264
      vertex 39.236067977499786 0 9.648858990830107
      vertex 39.236067977499786 2 9.648858990830107
    endloop
  endfacet
  facet normal -0.8724960070727948 0 0.48862124149695907
    outer loop
      vertex 39.41056065741637 2 9.910005741136205
      vertex 39.41056065741637 0 9.910005741136205
      vertex 39.56402609675347 2 10.184038001041813
    endloop
  endfacet
  facet normal -0.8314696123025417 0 0.5555702330196077
    outer loop
      vertex 39.41056065741637 2 9.910005741136205
      vertex 39.236067977499786 0 9.648858990830107
      vertex 39.41056065741637 0 9.910005741136205
    endloop
  endfacet
  facet normal -0.9081431738250867 0 0.41865973753741653
    outer loop
      vertex 39.56402609675347 2 10.184038001041813
      vertex 39.56402609675347 0 10.184038001041813
      vertex 39.695518130045144 2 10.469266270539642
    endloop
  endfacet
  facet normal -0.8724960070727948 0 0.48862124149695907
    outer loop
      vertex 39.56402609675347 2 10.184038001041813
      vertex 39.41056065741637 0 9.910005741136205
      vertex 39.56402609675347 0 10.184038001041813
    endloop
  endfacet
  facet normal -0.9381913359224808 0 0.3461170570775022
    outer loop
      vertex 39.695518130045144 2 10.469266270539642
      vertex 39.695518130045144 0 10.469266270539642
      vertex 39.804226065180615 2 10.76393202250021
    endloop
  endfacet
  facet normal -0.9081431738250867 0 0.41865973753741653
    outer loop
      vertex 39.695518130045144 2 10.469266270539642
      vertex 39.56402609675347 0 10.184038001041813
      vertex 39.695518130045144 0 10.469266270539642
    endloop
  endfacet
  facet normal -0.9381913359224808 0 0.3461170570775022
    outer loop
      vertex 39.695518130045144 0 10.469266270539642
      vertex 39.804226065180615 0 10.76393202250021
      vertex 39.804226065180615 2 10.76393202250021
    endloop
  endfacet
  facet normal -0.9624552364536468 0 0.2714404498650758
    outer loop
      vertex 39.804226065180615 2 10.76393202250021
      vertex 39.804226065180615 0 10.76393202250021
      vertex 39.88947968159071 2 11.066218544576378
    endloop
  endfacet
  facet normal -0.9624552364536468 0 0.2714404498650758
    outer loop
      vertex 39.88947968159071 2 11.066218544576378
      vertex 39.804226065180615 0 10.76393202250021
      vertex 39.88947968159071 0 11.066218544576378
    endloop
  endfacet
  facet normal -0.9807852804032299 0 0.19509032201613147
    outer loop
      vertex 39.88947968159071 2 11.066218544576378
      vertex 39.88947968159071 0 11.066218544576378
      vertex 39.95075336238055 2 11.374262139839077
    endloop
  endfacet
  facet normal -0.9807852804032299 0 0.19509032201613147
    outer loop
      vertex 39.95075336238055 2 11.374262139839077
      vertex 39.88947968159071 0 11.066218544576378
      vertex 39.95075336238055 0 11.374262139839077
    endloop
  endfacet
  facet normal -0.9930684569549283 0 0.11753739745782113
    outer loop
      vertex 39.95075336238055 2 11.374262139839077
      vertex 39.95075336238055 0 11.374262139839077
      vertex 39.977471198804814 2 11.600000000000023
    endloop
  endfacet
  facet normal -0.9930684569549283 0 0.11753739745782113
    outer loop
      vertex 39.977471198804814 2 11.600000000000023
      vertex 39.95075336238055 0 11.374262139839077
      vertex 39.977471198804814 0 11.600000000000023
    endloop
  endfacet
  facet normal -1 0 0
    outer loop
      vertex 38.8925442444346 0.16 0.552800001633809
      vertex 38.8925442444346 0 0.552800001633809
      vertex 38.8925442444346 8 8.552800001633809
    endloop
  endfacet
  facet normal -1 0 0
    outer loop
      vertex 38.8925442444346 0 0.552800001633809
      vertex 38.8925442444346 0 4.546644675949778
      vertex 38.8925442444346 0.4414176319108518 5.016780455321744
    endloop
  endfacet
  facet normal -1 0 0
    outer loop
      vertex 38.8925442444346 0 0.552800001633809
      vertex 38.8925442444346 0.4414176319108518 5.016780455321744
      vertex 38.8925442444346 8 8.552800001633809
    endloop
  endfacet
  facet normal -0.7660444429470802 0 -0.6427876098913994
    outer loop
      vertex 42.749269900953635 0.16 -4.043466652676763
      vertex 42.749269900953635 0 -4.043466652676763
      vertex 39.356398522172256 0 0
    endloop
  endfacet
  facet normal 0.6560590238657615 0 -0.7547095846776455
    outer loop
      vertex 42.749269900953635 0.16 -4.043466652676763
      vertex 43.02587137111952 0 -3.8030206662986057
      vertex 42.749269900953635 0 -4.043466652676763
    endloop
  endfacet
  facet normal 0.6560590238657615 0 -0.7547095846776455
    outer loop
      vertex 42.749269900953635 0.16 -4.043466652676763
      vertex 43.02587137111952 0.16 -3.8030206662986057
      vertex 43.02587137111952 0 -3.8030206662986057
    endloop
  endfacet
  facet normal 0 -1 0
    outer loop
      vertex 42.749269900953635 0 -4.043466652676763
      vertex 43.02587137111952 0 -3.8030206662986057
      vertex 43.29391289202565 0 -3.5530679020619758
    endloop
  endfacet
  facet normal 0.6819983633905301 0 -0.7313536985157308
    outer loop
      vertex 43.02587137111952 0.16 -3.8030206662986057
      vertex 43.29391289202565 0 -3.5530679020619758
      vertex 43.02587137111952 0 -3.8030206662986057
    endloop
  endfacet
  facet normal 0.6819983633905301 0 -0.7313536985157308
    outer loop
      vertex 43.02587137111952 0.16 -3.8030206662986057
      vertex 43.29391289202565 0.16 -3.5530679020619758
      vertex 43.29391289202565 0 -3.5530679020619758
    endloop
  endfacet
  facet normal 0.7071067784100065 0 -0.7071067839630886
    outer loop
      vertex 43.29391289202565 0.16 -3.5530679020619758
      vertex 43.55306790747298 0.16 -3.2939128886498565
      vertex 43.29391289202565 0 -3.5530679020619758
    endloop
  endfacet
  facet normal 0.7071067784100065 0 -0.7071067839630886
    outer loop
      vertex 43.29391289202565 0 -3.5530679020619758
      vertex 43.55306790747298 0.16 -3.2939128886498565
      vertex 43.55306790747298 0 -3.2939128886498565
    endloop
  endfacet
  facet normal 0 -1 0
    outer loop
      vertex 43.29391289202565 0 -3.5530679020619758
      vertex 43.55306790747298 0 -3.2939128886498565
      vertex 43.80302067090034 0 -3.0258713683360696
    endloop
  endfacet
  facet normal 0.7313536988653556 0 -0.6819983630156032
    outer loop
      vertex 43.55306790747298 0.16 -3.2939128886498565
      vertex 43.80302067090034 0 -3.0258713683360696
      vertex 43.55306790747298 0 -3.2939128886498565
    endloop
  endfacet
  facet normal 0.7313536988653556 0 -0.6819983630156032
    outer loop
      vertex 43.55306790747298 0.16 -3.2939128886498565
      vertex 43.80302067090034 0.16 -3.0258713683360696
      vertex 43.80302067090034 0 -3.0258713683360696
    endloop
  endfacet
  facet normal 0 -1 0
    outer loop
      vertex 43.29391289202565 0 -3.5530679020619758
      vertex 43.80302067090034 0 -3.0258713683360696
      vertex 44.04346665283087 0 -2.749269904191726
    endloop
  endfacet
  facet normal 0 -1 0
    outer loop
      vertex 43.29391289202565 0 -3.5530679020619758
      vertex 44.04346665283087 0 -2.749269904191726
      vertex 44.27411291133299 0 -2.464445491747737
    endloop
  endfacet
  facet normal 0.7547095836146636 0 -0.6560590250885823
    outer loop
      vertex 43.80302067090034 0.16 -3.0258713683360696
      vertex 44.04346665283087 0 -2.749269904191726
      vertex 43.80302067090034 0 -3.0258713683360696
    endloop
  endfacet
  facet normal 0.7547095836146636 0 -0.6560590250885823
    outer loop
      vertex 43.80302067090034 0.16 -3.0258713683360696
      vertex 44.04346665283087 0.16 -2.749269904191726
      vertex 44.04346665283087 0 -2.749269904191726
    endloop
  endfacet
  facet normal 0 -1 0
    outer loop
      vertex 43.29391289202565 0 -3.5530679020619758
      vertex 44.27411291133299 0 -2.464445491747737
      vertex 44.49467844039713 0 -2.1717451493037387
    endloop
  endfacet
  facet normal 0.777145965405815 0 -0.6293203861734211
    outer loop
      vertex 44.04346665283087 0.16 -2.749269904191726
      vertex 44.27411291133299 0.16 -2.464445491747737
      vertex 44.04346665283087 0 -2.749269904191726
    endloop
  endfacet
  facet normal 0 -1 0
    outer loop
      vertex 42.749269900953635 0 -4.043466652676763
      vertex 43.29391289202565 0 -3.5530679020619758
      vertex 45.70714738877126 0 0
    endloop
  endfacet
  facet normal 0.777145965405815 0 -0.6293203861734211
    outer loop
      vertex 44.04346665283087 0 -2.749269904191726
      vertex 44.27411291133299 0.16 -2.464445491747737
      vertex 44.27411291133299 0 -2.464445491747737
    endloop
  endfacet
  facet normal 0 -1 0
    outer loop
      vertex 43.29391289202565 0 -3.5530679020619758
      vertex 44.49467844039713 0 -2.1717451493037387
      vertex 44.70489451285819 0 -1.8715254878816676
    endloop
  endfacet
  facet normal 0.7986355093273455 0 -0.6018150241074506
    outer loop
      vertex 44.27411291133299 0.16 -2.464445491747737
      vertex 44.49467844039713 0 -2.1717451493037387
      vertex 44.27411291133299 0 -2.464445491747737
    endloop
  endfacet
  facet normal 0 -1 0
    outer loop
      vertex 43.29391289202565 0 -3.5530679020619758
      vertex 44.70489451285819 0 -1.8715254878816676
      vertex 44.90450501041331 0 -1.5641522737287517
    endloop
  endfacet
  facet normal 0.7986355093273455 0 -0.6018150241074506
    outer loop
      vertex 44.27411291133299 0.16 -2.464445491747737
      vertex 44.49467844039713 0.16 -2.1717451493037387
      vertex 44.49467844039713 0 -2.1717451493037387
    endloop
  endfacet
  facet normal 0 -1 0
    outer loop
      vertex 43.29391289202565 0 -3.5530679020619758
      vertex 44.90450501041331 0 -1.5641522737287517
      vertex 45.093266739736606 0 -1.25
    endloop
  endfacet
  facet normal 0.8191520411935777 0 -0.5735764407717555
    outer loop
      vertex 44.49467844039713 0.16 -2.1717451493037387
      vertex 44.70489451285819 0 -1.8715254878816676
      vertex 44.49467844039713 0 -2.1717451493037387
    endloop
  endfacet
  facet normal 0.8191520411935777 0 -0.5735764407717555
    outer loop
      vertex 44.49467844039713 0.16 -2.1717451493037387
      vertex 44.70489451285819 0.16 -1.8715254878816676
      vertex 44.70489451285819 0 -1.8715254878816676
    endloop
  endfacet
  facet normal 0 -1 0
    outer loop
      vertex 43.29391289202565 0 -3.5530679020619758
      vertex 45.093266739736606 0 -1.25
      vertex 45.2709497247807 0 -0.9294514102793698
    endloop
  endfacet
  facet normal 0 -1 0
    outer loop
      vertex 43.29391289202565 0 -3.5530679020619758
      vertex 45.2709497247807 0 -0.9294514102793698
      vertex 45.43733748790244 0 -0.6028970414581227
    endloop
  endfacet
  facet normal 0.8386705700159257 0 -0.5446390318267339
    outer loop
      vertex 44.70489451285819 0.16 -1.8715254878816676
      vertex 44.90450501041331 0.16 -1.5641522737287517
      vertex 44.70489451285819 0 -1.8715254878816676
    endloop
  endfacet
  facet normal 0.8386705700159257 0 -0.5446390318267339
    outer loop
      vertex 44.70489451285819 0 -1.8715254878816676
      vertex 44.90450501041331 0.16 -1.5641522737287517
      vertex 44.90450501041331 0 -1.5641522737287517
    endloop
  endfacet
  facet normal -0.7660444429470799 0 -0.6427876098913996
    outer loop
      vertex 38.8925442444346 0.16 0.552800001633809
      vertex 42.749269900953635 0.16 -4.043466652676763
      vertex 38.8925442444346 0 0.552800001633809
    endloop
  endfacet
  facet normal -0.7660444429470776 -1.2692585838354233e-13 -0.6427876098914022
    outer loop
      vertex 38.8925442444346 0 0.552800001633809
      vertex 42.749269900953635 0.16 -4.043466652676763
      vertex 39.356398522172256 0 0
    endloop
  endfacet
  facet normal -0.6405509935802394 0.5484552068931935 -0.5374861027553295
    outer loop
      vertex 38.8925442444346 0.16 0.552800001633809
      vertex 42.749269900953635 8 3.956533347323237
      vertex 42.749269900953635 0.16 -4.043466652676763
    endloop
  endfacet
  facet normal 0.5197867224838227 0.6101492165700848 -0.5979462322386832
    outer loop
      vertex 42.749269900953635 0.16 -4.043466652676763
      vertex 43.02587137111952 8 4.196979333701394
      vertex 43.02587137111952 0.16 -3.8030206662986057
    endloop
  endfacet
  facet normal 0.5465732873560142 0.5980898834168682 -0.5861280857485308
    outer loop
      vertex 43.02587137111952 0.16 -3.8030206662986057
      vertex 43.02587137111952 8 4.196979333701394
      vertex 43.29391289202565 0.16 -3.5530679020619758
    endloop
  endfacet
  facet normal 0.5734230725117724 0.58512558879082 -0.5734230770150036
    outer loop
      vertex 43.29391289202565 0.16 -3.5530679020619758
      vertex 43.55306790747298 8 4.7060871113501435
      vertex 43.55306790747298 0.16 -3.2939128886498565
    endloop
  endfacet
  facet normal 0.6002976058787677 0.571210794067338 -0.5597865781859912
    outer loop
      vertex 43.55306790747298 0.16 -3.2939128886498565
      vertex 43.55306790747298 8 4.7060871113501435
      vertex 43.80302067090034 0.16 -3.0258713683360696
    endloop
  endfacet
  facet normal 0 -1 0
    outer loop
      vertex 42.749269900953635 0 -4.043466652676763
      vertex 45.70714738877126 0 0
      vertex 39.356398522172256 0 0
    endloop
  endfacet
  facet normal 0 -1 0
    outer loop
      vertex 43.29391289202565 0 -3.5530679020619758
      vertex 45.43733748790244 0 -0.6028970414581227
      vertex 45.59222730517899 0 -0.27073475171201977
    endloop
  endfacet
  facet normal 0.8571673011095889 0 -0.5150380742318992
    outer loop
      vertex 44.90450501041331 0.16 -1.5641522737287517
      vertex 45.093266739736606 0.16 -1.25
      vertex 44.90450501041331 0 -1.5641522737287517
    endloop
  endfacet
  facet normal 0 -1 0
    outer loop
      vertex 43.29391289202565 0 -3.5530679020619758
      vertex 45.59222730517899 0 -0.27073475171201977
      vertex 45.70714738877126 0 0
    endloop
  endfacet
  facet normal 0.8571673011095889 0 -0.5150380742318992
    outer loop
      vertex 44.90450501041331 0 -1.5641522737287517
      vertex 45.093266739736606 0.16 -1.25
      vertex 45.093266739736606 0 -1.25
    endloop
  endfacet
  facet normal 0.8746197067558333 0 -0.4848096209383021
    outer loop
      vertex 45.093266739736606 0.16 -1.25
      vertex 45.2709497247807 0.16 -0.9294514102793698
      vertex 45.093266739736606 0 -1.25
    endloop
  endfacet
  facet normal 0.8746197067558333 0 -0.4848096209383021
    outer loop
      vertex 45.093266739736606 0 -1.25
      vertex 45.2709497247807 0.16 -0.9294514102793698
      vertex 45.2709497247807 0 -0.9294514102793698
    endloop
  endfacet
  facet normal 0.8910065224624768 0 -0.45399050312679873
    outer loop
      vertex 45.2709497247807 0.16 -0.9294514102793698
      vertex 45.43733748790244 0 -0.6028970414581227
      vertex 45.2709497247807 0 -0.9294514102793698
    endloop
  endfacet
  facet normal 0.8910065224624768 0 -0.45399050312679873
    outer loop
      vertex 45.2709497247807 0.16 -0.9294514102793698
      vertex 45.43733748790244 0.16 -0.6028970414581227
      vertex 45.43733748790244 0 -0.6028970414581227
    endloop
  endfacet
  facet normal 0.9063077893173895 0 -0.42261825684963755
    outer loop
      vertex 45.43733748790244 0.16 -0.6028970414581227
      vertex 45.59222730517899 0.16 -0.27073475171201977
      vertex 45.43733748790244 0 -0.6028970414581227
    endloop
  endfacet
  facet normal 0.6271501066853225 0.5562992496622249 -0.5451732646689804
    outer loop
      vertex 43.80302067090034 0.16 -3.0258713683360696
      vertex 44.04346665283087 8 5.250730095808274
      vertex 44.04346665283087 0.16 -2.749269904191726
    endloop
  endfacet
  facet normal 0.6539246583849393 0.5403446331415297 -0.5295377404786991
    outer loop
      vertex 44.04346665283087 0.16 -2.749269904191726
      vertex 44.04346665283087 8 5.250730095808274
      vertex 44.27411291133299 0.16 -2.464445491747737
    endloop
  endfacet
  facet normal 0.6805554230251954 0.5233013230780682 -0.5128352966165068
    outer loop
      vertex 44.27411291133299 0.16 -2.464445491747737
      vertex 44.49467844039713 8 5.828254850696261
      vertex 44.49467844039713 0.16 -2.1717451493037387
    endloop
  endfacet
  facet normal 0.7069658828102384 0.505125353149674 -0.4950228460866805
    outer loop
      vertex 44.49467844039713 0.16 -2.1717451493037387
      vertex 44.70489451285819 8 6.128474512118332
      vertex 44.70489451285819 0.16 -1.8715254878816676
    endloop
  endfacet
  facet normal 0.9063077893173895 0 -0.42261825684963755
    outer loop
      vertex 45.43733748790244 0 -0.6028970414581227
      vertex 45.59222730517899 0.16 -0.27073475171201977
      vertex 45.59222730517899 0 -0.27073475171201977
    endloop
  endfacet
  facet normal 0.9205048539198745 0 -0.39073112738806764
    outer loop
      vertex 45.59222730517899 0.16 -0.27073475171201977
      vertex 45.70714738877126 0 0
      vertex 45.59222730517899 0 -0.27073475171201977
    endloop
  endfacet
  facet normal 0.9205048539198535 -1.0005481210766403e-13 -0.39073112738811766
    outer loop
      vertex 45.59222730517899 0.16 -0.27073475171201977
      vertex 45.73543047289982 0 0.06663077087867286
      vertex 45.70714738877126 0 0
    endloop
  endfacet
  facet normal 0.9205048539198704 0 -0.3907311273880775
    outer loop
      vertex 45.59222730517899 0.16 -0.27073475171201977
      vertex 45.73543047289982 0.16 0.06663077087867286
      vertex 45.73543047289982 0 0.06663077087867286
    endloop
  endfacet
  facet normal 0.9335804242485228 0 -0.35836795540330907
    outer loop
      vertex 45.73543047289982 0.16 0.06663077087867286
      vertex 45.866772520443234 0.16 0.4087884962513382
      vertex 45.73543047289982 0 0.06663077087867286
    endloop
  endfacet
  facet normal 0.9335804242485228 0 -0.35836795540330907
    outer loop
      vertex 45.73543047289982 0 0.06663077087867286
      vertex 45.866772520443234 0.16 0.4087884962513382
      vertex 45.866772520443234 0 0.4087884962513382
    endloop
  endfacet
  facet normal 0.9455185739160978 0 -0.32556815934557937
    outer loop
      vertex 45.866772520443234 0.16 0.4087884962513382
      vertex 45.98609342415094 0 0.7553215569132448
      vertex 45.866772520443234 0 0.4087884962513382
    endloop
  endfacet
  facet normal 0.9455185739160978 0 -0.32556815934557937
    outer loop
      vertex 45.866772520443234 0.16 0.4087884962513382
      vertex 45.98609342415094 0.16 0.7553215569132448
      vertex 45.98609342415094 0 0.7553215569132448
    endloop
  endfacet
  facet normal 0.95630475714359 0 -0.2923717008613171
    outer loop
      vertex 45.98609342415094 0.16 0.7553215569132448
      vertex 46.093247808298 0 1.105807759944355
      vertex 45.98609342415094 0 0.7553215569132448
    endloop
  endfacet
  facet normal 0.5197867224838213 0.6101492165700855 -0.5979462322386838
    outer loop
      vertex 42.749269900953635 0.16 -4.043466652676763
      vertex 42.749269900953635 8 3.956533347323237
      vertex 43.02587137111952 8 4.196979333701394
    endloop
  endfacet
  facet normal 0.5465732873560135 0.5980898834168684 -0.586128085748531
    outer loop
      vertex 43.29391289202565 0.16 -3.5530679020619758
      vertex 43.02587137111952 8 4.196979333701394
      vertex 43.29391289202565 8 4.446932097938025
    endloop
  endfacet
  facet normal 0.5734230725117724 0.58512558879082 -0.5734230770150036
    outer loop
      vertex 43.29391289202565 0.16 -3.5530679020619758
      vertex 43.29391289202565 8 4.446932097938025
      vertex 43.55306790747298 8 4.7060871113501435
    endloop
  endfacet
  facet normal 0.6002976058787677 0.5712107940673381 -0.5597865781859913
    outer loop
      vertex 43.80302067090034 0.16 -3.0258713683360696
      vertex 43.55306790747298 8 4.7060871113501435
      vertex 43.80302067090034 8 4.974128631663931
    endloop
  endfacet
  facet normal 0.6271501066853212 0.5562992496622257 -0.5451732646689811
    outer loop
      vertex 43.80302067090034 0.16 -3.0258713683360696
      vertex 43.80302067090034 8 4.974128631663931
      vertex 44.04346665283087 8 5.250730095808274
    endloop
  endfacet
  facet normal 0.6539246583849391 0.5403446331415297 -0.5295377404786992
    outer loop
      vertex 44.27411291133299 0.16 -2.464445491747737
      vertex 44.04346665283087 8 5.250730095808274
      vertex 44.27411291133299 8 5.535554508252263
    endloop
  endfacet
  facet normal 0.6805554230251956 0.5233013230780681 -0.5128352966165067
    outer loop
      vertex 44.27411291133299 0.16 -2.464445491747737
      vertex 44.27411291133299 8 5.535554508252263
      vertex 44.49467844039713 8 5.828254850696261
    endloop
  endfacet
  facet normal 0.7069658828102391 0.5051253531496733 -0.4950228460866799
    outer loop
      vertex 44.49467844039713 0.16 -2.1717451493037387
      vertex 44.49467844039713 8 5.828254850696261
      vertex 44.70489451285819 8 6.128474512118332
    endloop
  endfacet
  facet normal 0.7330681795630419 0.48577554916080434 -0.4760600381775884
    outer loop
      vertex 44.70489451285819 0.16 -1.8715254878816676
      vertex 44.90450501041331 8 6.4358477262712475
      vertex 44.90450501041331 0.16 -1.5641522737287517
    endloop
  endfacet
  facet normal 0.7587626022920413 0.4652148633582942 -0.4559105660911284
    outer loop
      vertex 44.90450501041331 0.16 -1.5641522737287517
      vertex 44.90450501041331 8 6.4358477262712475
      vertex 45.093266739736606 0.16 -1.25
    endloop
  endfacet
  facet normal 0.7839373844116801 0.44341182526774686 -0.4345435887623919
    outer loop
      vertex 45.093266739736606 0.16 -1.25
      vertex 45.093266739736606 8 6.75
      vertex 45.2709497247807 0.16 -0.9294514102793698
    endloop
  endfacet
  facet normal 0.8084687062153932 0.4203422293958956 -0.41193538480797764
    outer loop
      vertex 45.2709497247807 0.16 -0.9294514102793698
      vertex 45.43733748790244 8 7.397102958541877
      vertex 45.43733748790244 0.16 -0.6028970414581227
    endloop
  endfacet
  facet normal 0.8322211446582326 0.3959909056783937 -0.3880710875648258
    outer loop
      vertex 45.43733748790244 0.16 -0.6028970414581227
      vertex 45.43733748790244 8 7.397102958541877
      vertex 45.59222730517899 0.16 -0.27073475171201977
    endloop
  endfacet
  facet normal -0.6405509935802394 0.5484552068931934 -0.5374861027553295
    outer loop
      vertex 38.8925442444346 0.16 0.552800001633809
      vertex 38.8925442444346 8 8.552800001633809
      vertex 42.749269900953635 8 3.956533347323237
    endloop
  endfacet
  facet normal 0.7330681795630395 0.4857755491608061 -0.47606003817759
    outer loop
      vertex 44.70489451285819 0.16 -1.8715254878816676
      vertex 44.70489451285819 8 6.128474512118332
      vertex 44.90450501041331 8 6.4358477262712475
    endloop
  endfacet
  facet normal 0.7587626022920422 0.46521486335829343 -0.45591056609112757
    outer loop
      vertex 45.093266739736606 0.16 -1.25
      vertex 44.90450501041331 8 6.4358477262712475
      vertex 45.093266739736606 8 6.75
    endloop
  endfacet
  facet normal 0.78393738441168 0.4434118252677469 -0.43454358876239196
    outer loop
      vertex 45.2709497247807 0.16 -0.9294514102793698
      vertex 45.093266739736606 8 6.75
      vertex 45.2709497247807 8 7.070548589720631
    endloop
  endfacet
  facet normal 0.808468706215393 0.42034222939589566 -0.41193538480797776
    outer loop
      vertex 45.2709497247807 0.16 -0.9294514102793698
      vertex 45.2709497247807 8 7.070548589720631
      vertex 45.43733748790244 8 7.397102958541877
    endloop
  endfacet
  facet normal 0 1 0
    outer loop
      vertex 42.749269900953635 8 3.956533347323237
      vertex 45.2709497247807 8 7.070548589720631
      vertex 43.02587137111952 8 4.196979333701394
    endloop
  endfacet
  facet normal 0 1 0
    outer loop
      vertex 43.02587137111952 8 4.196979333701394
      vertex 45.2709497247807 8 7.070548589720631
      vertex 43.29391289202565 8 4.446932097938025
    endloop
  endfacet
  facet normal 0 1 0
    outer loop
      vertex 43.29391289202565 8 4.446932097938025
      vertex 45.2709497247807 8 7.070548589720631
      vertex 43.55306790747298 8 4.7060871113501435
    endloop
  endfacet
  facet normal 0 1 0
    outer loop
      vertex 43.55306790747298 8 4.7060871113501435
      vertex 45.2709497247807 8 7.070548589720631
      vertex 43.80302067090034 8 4.974128631663931
    endloop
  endfacet
  facet normal 0 1 0
    outer loop
      vertex 43.80302067090034 8 4.974128631663931
      vertex 45.2709497247807 8 7.070548589720631
      vertex 44.04346665283087 8 5.250730095808274
    endloop
  endfacet
  facet normal 0 1 0
    outer loop
      vertex 44.04346665283087 8 5.250730095808274
      vertex 45.2709497247807 8 7.070548589720631
      vertex 44.27411291133299 8 5.535554508252263
    endloop
  endfacet
  facet normal 0.95630475714359 0 -0.2923717008613171
    outer loop
      vertex 45.98609342415094 0.16 0.7553215569132448
      vertex 46.093247808298 0.16 1.105807759944355
      vertex 46.093247808298 0 1.105807759944355
    endloop
  endfacet
  facet normal 0.9659258273053535 0 -0.2588190413096927
    outer loop
      vertex 46.093247808298 0.16 1.105807759944355
      vertex 46.18810512570733 0 1.4598200935459502
      vertex 46.093247808298 0 1.105807759944355
    endloop
  endfacet
  facet normal 0.9659258273053535 0 -0.2588190413096927
    outer loop
      vertex 46.093247808298 0.16 1.105807759944355
      vertex 46.18810512570733 0.16 1.4598200935459502
      vertex 46.18810512570733 0 1.4598200935459502
    endloop
  endfacet
  facet normal 0.974370063761593 0 -0.22495105877774665
    outer loop
      vertex 46.18810512570733 0.16 1.4598200935459502
      vertex 46.27054980882933 0.16 1.8169272420379894
      vertex 46.18810512570733 0 1.4598200935459502
    endloop
  endfacet
  facet normal 0.974370063761593 0 -0.22495105877774665
    outer loop
      vertex 46.18810512570733 0 1.4598200935459502
      vertex 46.27054980882933 0.16 1.8169272420379894
      vertex 46.27054980882933 0 1.8169272420379894
    endloop
  endfacet
  facet normal 0.9816271847433253 0 -0.1908089887109444
    outer loop
      vertex 46.27054980882933 0.16 1.8169272420379894
      vertex 46.34048140618788 0 2.1766941351148503
      vertex 46.27054980882933 0 1.8169272420379894
    endloop
  endfacet
  facet normal 0.9816271847433253 0 -0.1908089887109444
    outer loop
      vertex 46.27054980882933 0.16 1.8169272420379894
      vertex 46.34048140618788 0.16 2.1766941351148503
      vertex 46.34048140618788 0 2.1766941351148503
    endloop
  endfacet
  facet normal 0.8550485228196009 0.3703536360887242 -0.3629465633669497
    outer loop
      vertex 45.59222730517899 0.16 -0.27073475171201977
      vertex 45.73543047289982 8 8.066630770878673
      vertex 45.73543047289982 0.16 0.06663077087867286
    endloop
  endfacet
  facet normal 0.8767953815675765 0.3434389993686999 -0.3365702193813259
    outer loop
      vertex 45.73543047289982 0.16 0.06663077087867286
      vertex 45.866772520443234 8 8.408788496251338
      vertex 45.866772520443234 0.16 0.4087884962513382
    endloop
  endfacet
  facet normal 0.8972989639846011 0.3152702202706643 -0.30896481586525104
    outer loop
      vertex 45.866772520443234 0.16 0.4087884962513382
      vertex 45.98609342415094 8 8.755321556913245
      vertex 45.98609342415094 0.16 0.7553215569132448
    endloop
  endfacet
  facet normal 0.8322211446582329 0.39599090567839335 -0.38807108756482545
    outer loop
      vertex 45.59222730517899 0.16 -0.27073475171201977
      vertex 45.43733748790244 8 7.397102958541877
      vertex 45.59222730517899 8 7.72926524828798
    endloop
  endfacet
  facet normal 0.8550485228196006 0.37035363608872457 -0.3629465633669501
    outer loop
      vertex 45.59222730517899 0.16 -0.27073475171201977
      vertex 45.59222730517899 8 7.72926524828798
      vertex 45.73543047289982 8 8.066630770878673
    endloop
  endfacet
  facet normal 0.8767953815675762 0.34343899936870037 -0.33657021938132636
    outer loop
      vertex 45.73543047289982 0.16 0.06663077087867286
      vertex 45.73543047289982 8 8.066630770878673
      vertex 45.866772520443234 8 8.408788496251338
    endloop
  endfacet
  facet normal 0.8972989639846013 0.3152702202706639 -0.3089648158652506
    outer loop
      vertex 45.866772520443234 0.16 0.4087884962513382
      vertex 45.866772520443234 8 8.408788496251338
      vertex 45.98609342415094 8 8.755321556913245
    endloop
  endfacet
  facet normal 0.9163918355196422 0.28588683296984496 -0.28016909631044806
    outer loop
      vertex 45.98609342415094 0.16 0.7553215569132448
      vertex 45.98609342415094 8 8.755321556913245
      vertex 46.093247808298 0.16 1.105807759944355
    endloop
  endfacet
  facet normal 0.9339051248302745 0.25534604089303936 -0.25023912007517857
    outer loop
      vertex 46.093247808298 0.16 1.105807759944355
      vertex 46.18810512570733 8 9.45982009354595
      vertex 46.18810512570733 0.16 1.4598200935459502
    endloop
  endfacet
  facet normal 0.9496723431846734 0.22372361284168485 -0.21924914058485115
    outer loop
      vertex 46.18810512570733 0.16 1.4598200935459502
      vertex 46.18810512570733 8 9.45982009354595
      vertex 46.27054980882933 0.16 1.8169272420379894
    endloop
  endfacet
  facet normal 0.9635336359970711 0.19111424412219688 -0.18729195923975295
    outer loop
      vertex 46.27054980882933 0.16 1.8169272420379894
      vertex 46.34048140618788 8 10.17669413511485
      vertex 46.34048140618788 0.16 2.1766941351148503
    endloop
  endfacet
  facet normal 1 0 0
    outer loop
      vertex 46.34048140618788 0.16 2.1766941351148503
      vertex 46.34048140618788 8 10.17669413511485
      vertex 46.34048140618788 0 2.1766941351148503
    endloop
  endfacet
  facet normal -1 0 0
    outer loop
      vertex 38.8925442444346 0.4414176319108518 5.016780455321744
      vertex 38.8925442444346 1.6286238454459976 6.323062278234189
      vertex 38.8925442444346 8 8.552800001633809
    endloop
  endfacet
  facet normal -1 0 0
    outer loop
      vertex 38.8925442444346 1.6286238454459976 6.323062278234189
      vertex 38.8925442444346 2 6.74838208943055
      vertex 38.8925442444346 8 8.552800001633809
    endloop
  endfacet
  facet normal -1 0 0
    outer loop
      vertex 38.8925442444346 2 6.74838208943055
      vertex 38.8925442444346 2 8.552800001633809
      vertex 38.8925442444346 8 8.552800001633809
    endloop
  endfacet
  facet normal 0 1 0
    outer loop
      vertex 38.8925442444346 8 8.552800001633809
      vertex 45.2709497247807 8 7.070548589720631
      vertex 42.749269900953635 8 3.956533347323237
    endloop
  endfacet
  facet normal 0 1 0
    outer loop
      vertex 44.27411291133299 8 5.535554508252263
      vertex 45.2709497247807 8 7.070548589720631
      vertex 44.49467844039713 8 5.828254850696261
    endloop
  endfacet
  facet normal 0 1 0
    outer loop
      vertex 44.49467844039713 8 5.828254850696261
      vertex 45.2709497247807 8 7.070548589720631
      vertex 44.70489451285819 8 6.128474512118332
    endloop
  endfacet
  facet normal 0 1 0
    outer loop
      vertex 44.70489451285819 8 6.128474512118332
      vertex 45.2709497247807 8 7.070548589720631
      vertex 44.90450501041331 8 6.4358477262712475
    endloop
  endfacet
  facet normal 0 1 0
    outer loop
      vertex 44.90450501041331 8 6.4358477262712475
      vertex 45.2709497247807 8 7.070548589720631
      vertex 45.093266739736606 8 6.75
    endloop
  endfacet
  facet normal 0 1 0
    outer loop
      vertex 45.2709497247807 8 7.070548589720631
      vertex 45.59222730517899 8 7.72926524828798
      vertex 45.43733748790244 8 7.397102958541877
    endloop
  endfacet
  facet normal 0 1 0
    outer loop
      vertex 38.8925442444346 8 8.552800001633809
      vertex 40.4316348927281 8 11.218583201932265
      vertex 45.2709497247807 8 7.070548589720631
    endloop
  endfacet
  facet normal -0.8660254037844388 0 0.4999999999999999
    outer loop
      vertex 38.8925442444346 8 8.552800001633809
      vertex 38.8925442444346 2 8.552800001633809
      vertex 40.4316348927281 2 11.218583201932265
    endloop
  endfacet
  facet normal -0.8660254037844388 0 0.4999999999999999
    outer loop
      vertex 38.8925442444346 8 8.552800001633809
      vertex 40.4316348927281 2 11.218583201932265
      vertex 40.4316348927281 8 11.218583201932265
    endloop
  endfacet
  facet normal 0 1 0
    outer loop
      vertex 45.2709497247807 8 7.070548589720631
      vertex 40.4316348927281 8 11.218583201932265
      vertex 46.34048140618788 8 10.17669413511485
    endloop
  endfacet
  facet normal 0.17364817793029408 -1.1719020824085058e-16 0.9848077529657698
    outer loop
      vertex 40.4316348927281 8 11.218583201932265
      vertex 41.905696407706685 2 10.958666385211085
      vertex 46.34048140618788 8 10.17669413511485
    endloop
  endfacet
  facet normal 0.17364817793029427 -2.749123680184889e-16 0.9848077529657698
    outer loop
      vertex 41.905696407706685 2 10.958666385211085
      vertex 43.87426187672501 0 10.611555179189326
      vertex 46.34048140618788 8 10.17669413511485
    endloop
  endfacet
  facet normal 0.9163918355196422 0.2858868329698449 -0.280169096310448
    outer loop
      vertex 46.093247808298 0.16 1.105807759944355
      vertex 45.98609342415094 8 8.755321556913245
      vertex 46.093247808298 8 9.105807759944355
    endloop
  endfacet
  facet normal 0.9339051248302743 0.25534604089303964 -0.25023912007517884
    outer loop
      vertex 46.093247808298 0.16 1.105807759944355
      vertex 46.093247808298 8 9.105807759944355
      vertex 46.18810512570733 8 9.45982009354595
    endloop
  endfacet
  facet normal 0.9496723431846735 0.2237236128416846 -0.2192491405848509
    outer loop
      vertex 46.27054980882933 0.16 1.8169272420379894
      vertex 46.18810512570733 8 9.45982009354595
      vertex 46.27054980882933 8 9.81692724203799
    endloop
  endfacet
  facet normal 0 1 0
    outer loop
      vertex 45.2709497247807 8 7.070548589720631
      vertex 45.73543047289982 8 8.066630770878673
      vertex 45.59222730517899 8 7.72926524828798
    endloop
  endfacet
  facet normal 0 1 0
    outer loop
      vertex 45.2709497247807 8 7.070548589720631
      vertex 45.866772520443234 8 8.408788496251338
      vertex 45.73543047289982 8 8.066630770878673
    endloop
  endfacet
  facet normal 0 1 0
    outer loop
      vertex 45.2709497247807 8 7.070548589720631
      vertex 45.98609342415094 8 8.755321556913245
      vertex 45.866772520443234 8 8.408788496251338
    endloop
  endfacet
  facet normal 0 1 0
    outer loop
      vertex 45.2709497247807 8 7.070548589720631
      vertex 46.093247808298 8 9.105807759944355
      vertex 45.98609342415094 8 8.755321556913245
    endloop
  endfacet
  facet normal 0.9635336359970709 0.19111424412219688 -0.18729195923975295
    outer loop
      vertex 46.27054980882933 0.16 1.8169272420379894
      vertex 46.27054980882933 8 9.81692724203799
      vertex 46.34048140618788 8 10.17669413511485
    endloop
  endfacet
  facet normal 1 0 0
    outer loop
      vertex 46.34048140618788 0 2.1766941351148503
      vertex 46.34048140618788 8 10.17669413511485
      vertex 46.34048140618788 0 10.17669413511485
    endloop
  endfacet
  facet normal 0 1 0
    outer loop
      vertex 45.2709497247807 8 7.070548589720631
      vertex 46.18810512570733 8 9.45982009354595
      vertex 46.093247808298 8 9.105807759944355
    endloop
  endfacet
  facet normal 0 1 0
    outer loop
      vertex 45.2709497247807 8 7.070548589720631
      vertex 46.27054980882933 8 9.81692724203799
      vertex 46.18810512570733 8 9.45982009354595
    endloop
  endfacet
  facet normal 0 1 0
    outer loop
      vertex 45.2709497247807 8 7.070548589720631
      vertex 46.34048140618788 8 10.17669413511485
      vertex 46.27054980882933 8 9.81692724203799
    endloop
  endfacet
  facet normal 0.1736481779302934 0 0.98480775296577
    outer loop
      vertex 43.87426187672501 0 10.611555179189326
      vertex 46.34048140618788 0 10.17669413511485
      vertex 46.34048140618788 8 10.17669413511485
    endloop
  endfacet
  facet normal 0.17364817793029455 0 0.9848077529657698
    outer loop
      vertex 40.4316348927281 8 11.218583201932265
      vertex 40.4316348927281 2 11.218583201932265
      vertex 41.905696407706685 2 10.958666385211085
    endloop
  endfacet
  facet normal 0 0 1
    outer loop
      vertex 0 0 11.600000000000023
      vertex 9.947620560996004 -2.9593312855939615 11.600000000000023
      vertex 10.150203265468894 -2.884594580188328 11.600000000000023
    endloop
  endfacet
  facet normal 0 0 1
    outer loop
      vertex 0 0 11.600000000000023
      vertex 10.150203265468894 -2.884594580188328 11.600000000000023
      vertex 10.35802524939626 -2.8259827189063893 11.600000000000023
    endloop
  endfacet
  facet normal 0 0 1
    outer loop
      vertex 0 0 11.600000000000023
      vertex 10.35802524939626 -2.8259827189063893 11.600000000000023
      vertex 10.569805221139365 -2.7838570633633712 11.600000000000023
    endloop
  endfacet
  facet normal 0 0 1
    outer loop
      vertex 0 0 11.600000000000023
      vertex 10.784237486748426 -2.7584773322338982 11.600000000000023
      vertex 11 -2.75 11.600000000000023
    endloop
  endfacet
  facet normal 0 0 1
    outer loop
      vertex 0 0 11.600000000000023
      vertex 10.569805221139365 -2.7838570633633712 11.600000000000023
      vertex 10.784237486748426 -2.7584773322338982 11.600000000000023
    endloop
  endfacet
  facet normal 0 0 1
    outer loop
      vertex 0 0 11.600000000000023
      vertex 11 -2.75 11.600000000000023
      vertex 11.215762513251574 -2.7584773322338982 11.600000000000023
    endloop
  endfacet
  facet normal 0 0 1
    outer loop
      vertex 0 0 11.600000000000023
      vertex 11.215762513251574 -2.7584773322338982 11.600000000000023
      vertex 11.430194778860635 -2.7838570633633712 11.600000000000023
    endloop
  endfacet
  facet normal 0 0 1
    outer loop
      vertex 0 0 11.600000000000023
      vertex 11.430194778860635 -2.7838570633633712 11.600000000000023
      vertex 11.64197475060374 -2.8259827189063893 11.600000000000023
    endloop
  endfacet
  facet normal 0 0 1
    outer loop
      vertex 0 0 11.600000000000023
      vertex 0 -11.022528801195184 11.600000000000023
      vertex 8.655239548026247 -6.9368710529688595 11.600000000000023
    endloop
  endfacet
  facet normal 0 0 1
    outer loop
      vertex 0 0 11.600000000000023
      vertex 8.459331285593962 -4.447620560996003 11.600000000000023
      vertex 8.549732058481988 -4.251526125716246 11.600000000000023
    endloop
  endfacet
  facet normal 0 0 1
    outer loop
      vertex 0 0 11.600000000000023
      vertex 8.384594580188327 -4.650203265468894 11.600000000000023
      vertex 8.459331285593962 -4.447620560996003 11.600000000000023
    endloop
  endfacet
  facet normal 0 0 1
    outer loop
      vertex 0 0 11.600000000000023
      vertex 8.325982718906388 -4.85802524939626 11.600000000000023
      vertex 8.384594580188327 -4.650203265468894 11.600000000000023
    endloop
  endfacet
  facet normal 0 0 1
    outer loop
      vertex 0 0 11.600000000000023
      vertex 8.908883594599915 -3.7140178670919948 11.600000000000023
      vertex 9.055456351736995 -3.555456351736994 11.600000000000023
    endloop
  endfacet
  facet normal 0 0 1
    outer loop
      vertex 0 0 11.600000000000023
      vertex 9.055456351736995 -3.555456351736994 11.600000000000023
      vertex 9.214017867091995 -3.408883594599915 11.600000000000023
    endloop
  endfacet
  facet normal 0 0 1
    outer loop
      vertex 0 0 11.600000000000023
      vertex 8.775203265468894 -3.883590556195699 11.600000000000023
      vertex 8.908883594599915 -3.7140178670919948 11.600000000000023
    endloop
  endfacet
  facet normal 0 0 1
    outer loop
      vertex 0 0 11.600000000000023
      vertex 9.214017867091995 -3.408883594599915 11.600000000000023
      vertex 9.3835905561957 -3.2752032654688943 11.600000000000023
    endloop
  endfacet
  facet normal 0 0 1
    outer loop
      vertex 0 0 11.600000000000023
      vertex 9.3835905561957 -3.2752032654688943 11.600000000000023
      vertex 9.56312894703114 -3.1552395480262465 11.600000000000023
    endloop
  endfacet
  facet normal 0 0 1
    outer loop
      vertex 0 0 11.600000000000023
      vertex 9.56312894703114 -3.1552395480262465 11.600000000000023
      vertex 9.751526125716246 -3.0497320584819883 11.600000000000023
    endloop
  endfacet
  facet normal 0 0 1
    outer loop
      vertex 0 0 11.600000000000023
      vertex 8.549732058481988 -4.251526125716246 11.600000000000023
      vertex 8.655239548026247 -4.0631289470311405 11.600000000000023
    endloop
  endfacet
  facet normal 0 0 1
    outer loop
      vertex 0 0 11.600000000000023
      vertex 8.655239548026247 -4.0631289470311405 11.600000000000023
      vertex 8.775203265468894 -3.883590556195699 11.600000000000023
    endloop
  endfacet
  facet normal 0 0 1
    outer loop
      vertex 0 0 11.600000000000023
      vertex 8.28385706336337 -5.069805221139365 11.600000000000023
      vertex 8.325982718906388 -4.85802524939626 11.600000000000023
    endloop
  endfacet
  facet normal 0 0 1
    outer loop
      vertex 0 0 11.600000000000023
      vertex 8.258477332233898 -5.2842374867484265 11.600000000000023
      vertex 8.28385706336337 -5.069805221139365 11.600000000000023
    endloop
  endfacet
  facet normal 0 0 1
    outer loop
      vertex 0 0 11.600000000000023
      vertex 8.25 -5.5 11.600000000000023
      vertex 8.258477332233898 -5.2842374867484265 11.600000000000023
    endloop
  endfacet
  facet normal 0 0 1
    outer loop
      vertex 0 0 11.600000000000023
      vertex 8.258477332233898 -5.7157625132515735 11.600000000000023
      vertex 8.25 -5.5 11.600000000000023
    endloop
  endfacet
  facet normal 0 0 1
    outer loop
      vertex 0 0 11.600000000000023
      vertex 8.28385706336337 -5.930194778860635 11.600000000000023
      vertex 8.258477332233898 -5.7157625132515735 11.600000000000023
    endloop
  endfacet
  facet normal 0 0 1
    outer loop
      vertex 0 0 11.600000000000023
      vertex 8.325982718906388 -6.14197475060374 11.600000000000023
      vertex 8.28385706336337 -5.930194778860635 11.600000000000023
    endloop
  endfacet
  facet normal 0 0 1
    outer loop
      vertex 0 0 11.600000000000023
      vertex 8.384594580188327 -6.349796734531106 11.600000000000023
      vertex 8.325982718906388 -6.14197475060374 11.600000000000023
    endloop
  endfacet
  facet normal 0 0 1
    outer loop
      vertex 0 0 11.600000000000023
      vertex 8.459331285593962 -6.552379439003997 11.600000000000023
      vertex 8.384594580188327 -6.349796734531106 11.600000000000023
    endloop
  endfacet
  facet normal 0 0 1
    outer loop
      vertex 0 0 11.600000000000023
      vertex 8.549732058481988 -6.748473874283754 11.600000000000023
      vertex 8.459331285593962 -6.552379439003997 11.600000000000023
    endloop
  endfacet
  facet normal 0 0 1
    outer loop
      vertex 0 0 11.600000000000023
      vertex 8.655239548026247 -6.9368710529688595 11.600000000000023
      vertex 8.549732058481988 -6.748473874283754 11.600000000000023
    endloop
  endfacet
  facet normal 0 0 1
    outer loop
      vertex 0 -11.022528801195184 11.600000000000023
      vertex 8.775203265468894 -7.116409443804301 11.600000000000023
      vertex 8.655239548026247 -6.9368710529688595 11.600000000000023
    endloop
  endfacet
  facet normal 0 0 1
    outer loop
      vertex 0 -11.022528801195184 11.600000000000023
      vertex 8.908883594599915 -7.285982132908005 11.600000000000023
      vertex 8.775203265468894 -7.116409443804301 11.600000000000023
    endloop
  endfacet
  facet normal 0 0 1
    outer loop
      vertex 0 -11.022528801195184 11.600000000000023
      vertex 9.055456351736995 -7.444543648263005 11.600000000000023
      vertex 8.908883594599915 -7.285982132908005 11.600000000000023
    endloop
  endfacet
  facet normal 0 0 1
    outer loop
      vertex 0 -11.022528801195184 11.600000000000023
      vertex 9.214017867091995 -7.591116405400085 11.600000000000023
      vertex 9.055456351736995 -7.444543648263005 11.600000000000023
    endloop
  endfacet
  facet normal 0 0 1
    outer loop
      vertex 0 -11.022528801195184 11.600000000000023
      vertex 9.3835905561957 -7.724796734531106 11.600000000000023
      vertex 9.214017867091995 -7.591116405400085 11.600000000000023
    endloop
  endfacet
  facet normal 0 0 1
    outer loop
      vertex 0 -11.022528801195184 11.600000000000023
      vertex 9.56312894703114 -7.8447604519737535 11.600000000000023
      vertex 9.3835905561957 -7.724796734531106 11.600000000000023
    endloop
  endfacet
  facet normal 0 0 1
    outer loop
      vertex 0 -11.022528801195184 11.600000000000023
      vertex 9.751526125716246 -7.950267941518012 11.600000000000023
      vertex 9.56312894703114 -7.8447604519737535 11.600000000000023
    endloop
  endfacet
  facet normal 0 0 1
    outer loop
      vertex 0 0 11.600000000000023
      vertex 9.751526125716246 -3.0497320584819883 11.600000000000023
      vertex 9.947620560996004 -2.9593312855939615 11.600000000000023
    endloop
  endfacet
  facet normal 0 0 1
    outer loop
      vertex 0 -11.022528801195184 11.600000000000023
      vertex 9.947620560996004 -8.040668714406038 11.600000000000023
      vertex 9.751526125716246 -7.950267941518012 11.600000000000023
    endloop
  endfacet
  facet normal 0 0 1
    outer loop
      vertex 0 -11.022528801195184 11.600000000000023
      vertex 10.150203265468894 -8.115405419811673 11.600000000000023
      vertex 9.947620560996004 -8.040668714406038 11.600000000000023
    endloop
  endfacet
  facet normal 0 0 1
    outer loop
      vertex 0 -11.022528801195184 11.600000000000023
      vertex 10.35802524939626 -8.174017281093612 11.600000000000023
      vertex 10.150203265468894 -8.115405419811673 11.600000000000023
    endloop
  endfacet
  facet normal 0 0 1
    outer loop
      vertex 0 -11.022528801195184 11.600000000000023
      vertex 10.569805221139365 -8.21614293663663 11.600000000000023
      vertex 10.35802524939626 -8.174017281093612 11.600000000000023
    endloop
  endfacet
  facet normal 0 0 1
    outer loop
      vertex 0 -11.022528801195184 11.600000000000023
      vertex 10.784237486748426 -8.241522667766102 11.600000000000023
      vertex 10.569805221139365 -8.21614293663663 11.600000000000023
    endloop
  endfacet
  facet normal 0 0 1
    outer loop
      vertex 0 -11.022528801195184 11.600000000000023
      vertex 11 -8.25 11.600000000000023
      vertex 10.784237486748426 -8.241522667766102 11.600000000000023
    endloop
  endfacet
  facet normal 0 0 1
    outer loop
      vertex 0 -11.022528801195184 11.600000000000023
      vertex 22 -11.022528801195184 11.600000000000023
      vertex 11 -8.25 11.600000000000023
    endloop
  endfacet
  facet normal 0 0 1
    outer loop
      vertex 0 0 11.600000000000023
      vertex 11.64197475060374 -2.8259827189063893 11.600000000000023
      vertex 28.015716042803067 0 11.600000000000023
    endloop
  endfacet
  facet normal 0 0 1
    outer loop
      vertex 11.64197475060374 -2.8259827189063893 11.600000000000023
      vertex 11.849796734531106 -2.884594580188328 11.600000000000023
      vertex 28.015716042803067 0 11.600000000000023
    endloop
  endfacet
  facet normal 0 0 1
    outer loop
      vertex 11.849796734531106 -2.884594580188328 11.600000000000023
      vertex 12.052379439003996 -2.9593312855939615 11.600000000000023
      vertex 28.015716042803067 0 11.600000000000023
    endloop
  endfacet
  facet normal 0 0 1
    outer loop
      vertex 12.052379439003996 -2.9593312855939615 11.600000000000023
      vertex 12.248473874283754 -3.0497320584819883 11.600000000000023
      vertex 28.015716042803067 0 11.600000000000023
    endloop
  endfacet
  facet normal 0 0 1
    outer loop
      vertex 12.248473874283754 -3.0497320584819883 11.600000000000023
      vertex 12.43687105296886 -3.1552395480262465 11.600000000000023
      vertex 28.015716042803067 0 11.600000000000023
    endloop
  endfacet
  facet normal 0 0 1
    outer loop
      vertex 12.43687105296886 -3.1552395480262465 11.600000000000023
      vertex 12.6164094438043 -3.2752032654688943 11.600000000000023
      vertex 28.015716042803067 0 11.600000000000023
    endloop
  endfacet
  facet normal 0 0 1
    outer loop
      vertex 12.6164094438043 -3.2752032654688943 11.600000000000023
      vertex 12.785982132908005 -3.408883594599915 11.600000000000023
      vertex 28.015716042803067 0 11.600000000000023
    endloop
  endfacet
  facet normal 0 0 1
    outer loop
      vertex 12.785982132908005 -3.408883594599915 11.600000000000023
      vertex 12.944543648263005 -3.555456351736994 11.600000000000023
      vertex 28.015716042803067 0 11.600000000000023
    endloop
  endfacet
  facet normal 0 0 1
    outer loop
      vertex 12.944543648263005 -3.555456351736994 11.600000000000023
      vertex 13.091116405400085 -3.7140178670919948 11.600000000000023
      vertex 28.015716042803067 0 11.600000000000023
    endloop
  endfacet
  facet normal 0 0 1
    outer loop
      vertex 13.091116405400085 -3.7140178670919948 11.600000000000023
      vertex 13.224796734531106 -3.883590556195699 11.600000000000023
      vertex 28.015716042803067 0 11.600000000000023
    endloop
  endfacet
  facet normal 0 0 1
    outer loop
      vertex 13.224796734531106 -3.883590556195699 11.600000000000023
      vertex 13.344760451973753 -4.0631289470311405 11.600000000000023
      vertex 28.015716042803067 0 11.600000000000023
    endloop
  endfacet
  facet normal 0 0 1
    outer loop
      vertex 13.344760451973753 -4.0631289470311405 11.600000000000023
      vertex 13.450267941518012 -4.251526125716246 11.600000000000023
      vertex 28.015716042803067 0 11.600000000000023
    endloop
  endfacet
  facet normal 0 0 1
    outer loop
      vertex 13.450267941518012 -4.251526125716246 11.600000000000023
      vertex 13.540668714406038 -4.447620560996003 11.600000000000023
      vertex 28.015716042803067 0 11.600000000000023
    endloop
  endfacet
  facet normal 0 0 1
    outer loop
      vertex 13.540668714406038 -4.447620560996003 11.600000000000023
      vertex 13.615405419811673 -4.650203265468894 11.600000000000023
      vertex 22 -11.022528801195184 11.600000000000023
    endloop
  endfacet
  facet normal 0 0 1
    outer loop
      vertex 13.615405419811673 -4.650203265468894 11.600000000000023
      vertex 13.674017281093612 -4.85802524939626 11.600000000000023
      vertex 22 -11.022528801195184 11.600000000000023
    endloop
  endfacet
  facet normal 0 0 1
    outer loop
      vertex 13.674017281093612 -4.85802524939626 11.600000000000023
      vertex 13.71614293663663 -5.069805221139365 11.600000000000023
      vertex 22 -11.022528801195184 11.600000000000023
    endloop
  endfacet
  facet normal 0 0 1
    outer loop
      vertex 11.215762513251574 -8.241522667766102 11.600000000000023
      vertex 11 -8.25 11.600000000000023
      vertex 22 -11.022528801195184 11.600000000000023
    endloop
  endfacet
  facet normal 0 0 1
    outer loop
      vertex 11.215762513251574 -8.241522667766102 11.600000000000023
      vertex 22 -11.022528801195184 11.600000000000023
      vertex 11.430194778860635 -8.21614293663663 11.600000000000023
    endloop
  endfacet
  facet normal 0 0 1
    outer loop
      vertex 11.430194778860635 -8.21614293663663 11.600000000000023
      vertex 22 -11.022528801195184 11.600000000000023
      vertex 11.64197475060374 -8.174017281093612 11.600000000000023
    endloop
  endfacet
  facet normal 0 0 1
    outer loop
      vertex 11.64197475060374 -8.174017281093612 11.600000000000023
      vertex 22 -11.022528801195184 11.600000000000023
      vertex 11.849796734531106 -8.115405419811673 11.600000000000023
    endloop
  endfacet
  facet normal 0 0 1
    outer loop
      vertex 12.052379439003996 -8.040668714406038 11.600000000000023
      vertex 22 -11.022528801195184 11.600000000000023
      vertex 12.248473874283754 -7.950267941518012 11.600000000000023
    endloop
  endfacet
  facet normal 0 0 1
    outer loop
      vertex 11.849796734531106 -8.115405419811673 11.600000000000023
      vertex 22 -11.022528801195184 11.600000000000023
      vertex 12.052379439003996 -8.040668714406038 11.600000000000023
    endloop
  endfacet
  facet normal 0 0 1
    outer loop
      vertex 12.43687105296886 -7.8447604519737535 11.600000000000023
      vertex 22 -11.022528801195184 11.600000000000023
      vertex 12.6164094438043 -7.724796734531106 11.600000000000023
    endloop
  endfacet
  facet normal 0 0 1
    outer loop
      vertex 12.785982132908005 -7.591116405400085 11.600000000000023
      vertex 12.6164094438043 -7.724796734531106 11.600000000000023
      vertex 22 -11.022528801195184 11.600000000000023
    endloop
  endfacet
  facet normal 0 0 1
    outer loop
      vertex 13.344760451973753 -6.9368710529688595 11.600000000000023
      vertex 13.224796734531106 -7.116409443804301 11.600000000000023
      vertex 22 -11.022528801195184 11.600000000000023
    endloop
  endfacet
  facet normal 0 0 1
    outer loop
      vertex 13.091116405400085 -7.285982132908005 11.600000000000023
      vertex 22 -11.022528801195184 11.600000000000023
      vertex 13.224796734531106 -7.116409443804301 11.600000000000023
    endloop
  endfacet
  facet normal 0 0 1
    outer loop
      vertex 12.785982132908005 -7.591116405400085 11.600000000000023
      vertex 22 -11.022528801195184 11.600000000000023
      vertex 12.944543648263005 -7.444543648263005 11.600000000000023
    endloop
  endfacet
  facet normal 0 0 1
    outer loop
      vertex 12.944543648263005 -7.444543648263005 11.600000000000023
      vertex 22 -11.022528801195184 11.600000000000023
      vertex 13.091116405400085 -7.285982132908005 11.600000000000023
    endloop
  endfacet
  facet normal 0 0 1
    outer loop
      vertex 12.43687105296886 -7.8447604519737535 11.600000000000023
      vertex 12.248473874283754 -7.950267941518012 11.600000000000023
      vertex 22 -11.022528801195184 11.600000000000023
    endloop
  endfacet
  facet normal 0 0 1
    outer loop
      vertex 13.71614293663663 -5.069805221139365 11.600000000000023
      vertex 13.741522667766102 -5.2842374867484265 11.600000000000023
      vertex 22 -11.022528801195184 11.600000000000023
    endloop
  endfacet
  facet normal 0 0 1
    outer loop
      vertex 13.741522667766102 -5.2842374867484265 11.600000000000023
      vertex 13.75 -5.5 11.600000000000023
      vertex 22 -11.022528801195184 11.600000000000023
    endloop
  endfacet
  facet normal 0 0 1
    outer loop
      vertex 13.75 -5.5 11.600000000000023
      vertex 13.741522667766102 -5.7157625132515735 11.600000000000023
      vertex 22 -11.022528801195184 11.600000000000023
    endloop
  endfacet
  facet normal 0 0 1
    outer loop
      vertex 13.741522667766102 -5.7157625132515735 11.600000000000023
      vertex 13.71614293663663 -5.930194778860635 11.600000000000023
      vertex 22 -11.022528801195184 11.600000000000023
    endloop
  endfacet
  facet normal 0 0 1
    outer loop
      vertex 13.674017281093612 -6.14197475060374 11.600000000000023
      vertex 13.615405419811673 -6.349796734531106 11.600000000000023
      vertex 22 -11.022528801195184 11.600000000000023
    endloop
  endfacet
  facet normal 0 0 1
    outer loop
      vertex 13.71614293663663 -5.930194778860635 11.600000000000023
      vertex 13.674017281093612 -6.14197475060374 11.600000000000023
      vertex 22 -11.022528801195184 11.600000000000023
    endloop
  endfacet
  facet normal 0 0 1
    outer loop
      vertex 13.615405419811673 -6.349796734531106 11.600000000000023
      vertex 13.540668714406038 -6.552379439003997 11.600000000000023
      vertex 22 -11.022528801195184 11.600000000000023
    endloop
  endfacet
  facet normal 0 0 1
    outer loop
      vertex 13.540668714406038 -6.552379439003997 11.600000000000023
      vertex 13.450267941518012 -6.748473874283754 11.600000000000023
      vertex 22 -11.022528801195184 11.600000000000023
    endloop
  endfacet
  facet normal 0 0 1
    outer loop
      vertex 13.344760451973753 -6.9368710529688595 11.600000000000023
      vertex 22 -11.022528801195184 11.600000000000023
      vertex 13.450267941518012 -6.748473874283754 11.600000000000023
    endloop
  endfacet
  facet normal 0 0 1
    outer loop
      vertex 13.540668714406038 -4.447620560996003 11.600000000000023
      vertex 22 -11.022528801195184 11.600000000000023
      vertex 28.015716042803067 0 11.600000000000023
    endloop
  endfacet
  facet normal 0 0 1
    outer loop
      vertex 22 -11.022528801195184 11.600000000000023
      vertex 26.152240934977428 -4.234633135269821 11.600000000000023
      vertex 28.015716042803067 0 11.600000000000023
    endloop
  endfacet
  facet normal 0 0 1
    outer loop
      vertex 22 -11.022528801195184 11.600000000000023
      vertex 26.097886967409693 -4.381966011250105 11.600000000000023
      vertex 26.152240934977428 -4.234633135269821 11.600000000000023
    endloop
  endfacet
  facet normal 0 0 1
    outer loop
      vertex 22 -11.022528801195184 11.600000000000023
      vertex 26.055260159204646 -4.533109272288189 11.600000000000023
      vertex 26.097886967409693 -4.381966011250105 11.600000000000023
    endloop
  endfacet
  facet normal 0 0 1
    outer loop
      vertex 22 -11.022528801195184 11.600000000000023
      vertex 26.024623318809724 -4.6871310699195385 11.600000000000023
      vertex 26.055260159204646 -4.533109272288189 11.600000000000023
    endloop
  endfacet
  facet normal 0 0 1
    outer loop
      vertex 22 -11.022528801195184 11.600000000000023
      vertex 26.006165332533744 -4.84308180854431 11.600000000000023
      vertex 26.024623318809724 -4.6871310699195385 11.600000000000023
    endloop
  endfacet
  facet normal 0 0 1
    outer loop
      vertex 22 -11.022528801195184 11.600000000000023
      vertex 26 -5 11.600000000000023
      vertex 26.006165332533744 -4.84308180854431 11.600000000000023
    endloop
  endfacet
  facet normal 0 0 1
    outer loop
      vertex 22 -11.022528801195184 11.600000000000023
      vertex 26.006165332533744 -5.15691819145569 11.600000000000023
      vertex 26 -5 11.600000000000023
    endloop
  endfacet
  facet normal 0 0 1
    outer loop
      vertex 22 -11.022528801195184 11.600000000000023
      vertex 26.024623318809724 -5.3128689300804615 11.600000000000023
      vertex 26.006165332533744 -5.15691819145569 11.600000000000023
    endloop
  endfacet
  facet normal 0 0 1
    outer loop
      vertex 22 -11.022528801195184 11.600000000000023
      vertex 26.055260159204646 -5.466890727711811 11.600000000000023
      vertex 26.024623318809724 -5.3128689300804615 11.600000000000023
    endloop
  endfacet
  facet normal 0 0 1
    outer loop
      vertex 22 -11.022528801195184 11.600000000000023
      vertex 26.097886967409693 -5.618033988749895 11.600000000000023
      vertex 26.055260159204646 -5.466890727711811 11.600000000000023
    endloop
  endfacet
  facet normal 0 0 1
    outer loop
      vertex 22 -11.022528801195184 11.600000000000023
      vertex 26.152240934977428 -5.765366864730179 11.600000000000023
      vertex 26.097886967409693 -5.618033988749895 11.600000000000023
    endloop
  endfacet
  facet normal 0 0 1
    outer loop
      vertex 22 -11.022528801195184 11.600000000000023
      vertex 26.217986951623264 -5.9079809994790935 11.600000000000023
      vertex 26.152240934977428 -5.765366864730179 11.600000000000023
    endloop
  endfacet
  facet normal 0 0 1
    outer loop
      vertex 22 -11.022528801195184 11.600000000000023
      vertex 26.294719671291816 -6.044997129431898 11.600000000000023
      vertex 26.217986951623264 -5.9079809994790935 11.600000000000023
    endloop
  endfacet
  facet normal 0 0 1
    outer loop
      vertex 22 -11.022528801195184 11.600000000000023
      vertex 26.381966011250107 -6.175570504584947 11.600000000000023
      vertex 26.294719671291816 -6.044997129431898 11.600000000000023
    endloop
  endfacet
  facet normal 0 0 1
    outer loop
      vertex 22 -11.022528801195184 11.600000000000023
      vertex 26.47918806879994 -6.298896096660368 11.600000000000023
      vertex 26.381966011250107 -6.175570504584947 11.600000000000023
    endloop
  endfacet
  facet normal 0 0 1
    outer loop
      vertex 22 -11.022528801195184 11.600000000000023
      vertex 26.585786437626904 -6.414213562373095 11.600000000000023
      vertex 26.47918806879994 -6.298896096660368 11.600000000000023
    endloop
  endfacet
  facet normal 0 0 1
    outer loop
      vertex 22 -11.022528801195184 11.600000000000023
      vertex 26.701103903339632 -6.520811931200062 11.600000000000023
      vertex 26.585786437626904 -6.414213562373095 11.600000000000023
    endloop
  endfacet
  facet normal 0 0 1
    outer loop
      vertex 22 -11.022528801195184 11.600000000000023
      vertex 26.824429495415053 -6.618033988749895 11.600000000000023
      vertex 26.701103903339632 -6.520811931200062 11.600000000000023
    endloop
  endfacet
  facet normal 0 0 1
    outer loop
      vertex 22 -11.022528801195184 11.600000000000023
      vertex 26.9550028705681 -6.705280328708184 11.600000000000023
      vertex 26.824429495415053 -6.618033988749895 11.600000000000023
    endloop
  endfacet
  facet normal 0 0 1
    outer loop
      vertex 22 -11.022528801195184 11.600000000000023
      vertex 27.092019000520907 -6.782013048376736 11.600000000000023
      vertex 26.9550028705681 -6.705280328708184 11.600000000000023
    endloop
  endfacet
  facet normal 0 0 1
    outer loop
      vertex 22 -11.022528801195184 11.600000000000023
      vertex 26.35802524939626 -12.325982718906388 11.600000000000023
      vertex 27.092019000520907 -6.782013048376736 11.600000000000023
    endloop
  endfacet
  facet normal 0 0 1
    outer loop
      vertex 22 -11.022528801195184 11.600000000000023
      vertex 25.947620560996004 -12.459331285593962 11.600000000000023
      vertex 26.150203265468896 -12.384594580188327 11.600000000000023
    endloop
  endfacet
  facet normal 0 0 1
    outer loop
      vertex 22 -11.022528801195184 11.600000000000023
      vertex 26.150203265468896 -12.384594580188327 11.600000000000023
      vertex 26.35802524939626 -12.325982718906388 11.600000000000023
    endloop
  endfacet
  facet normal 0 0 1
    outer loop
      vertex 0 -18.977471198804817 11.600000000000023
      vertex 8.459331285593962 -23.447620560996004 11.600000000000023
      vertex 8.549732058481988 -23.251526125716246 11.600000000000023
    endloop
  endfacet
  facet normal 0 0 1
    outer loop
      vertex 0 -18.977471198804817 11.600000000000023
      vertex 9.055456351736995 -22.555456351736993 11.600000000000023
      vertex 9.214017867091995 -22.408883594599914 11.600000000000023
    endloop
  endfacet
  facet normal 0 0 1
    outer loop
      vertex 0 -18.977471198804817 11.600000000000023
      vertex 9.56312894703114 -22.155239548026245 11.600000000000023
      vertex 9.751526125716246 -22.04973205848199 11.600000000000023
    endloop
  endfacet
  facet normal 0 0 1
    outer loop
      vertex 0 -18.977471198804817 11.600000000000023
      vertex 9.214017867091995 -22.408883594599914 11.600000000000023
      vertex 9.3835905561957 -22.275203265468896 11.600000000000023
    endloop
  endfacet
  facet normal 0 0 1
    outer loop
      vertex 0 -18.977471198804817 11.600000000000023
      vertex 9.3835905561957 -22.275203265468896 11.600000000000023
      vertex 9.56312894703114 -22.155239548026245 11.600000000000023
    endloop
  endfacet
  facet normal 0 0 1
    outer loop
      vertex 0 -18.977471198804817 11.600000000000023
      vertex 8.655239548026247 -23.063128947031142 11.600000000000023
      vertex 8.775203265468894 -22.8835905561957 11.600000000000023
    endloop
  endfacet
  facet normal 0 0 1
    outer loop
      vertex 0 -18.977471198804817 11.600000000000023
      vertex 8.908883594599915 -22.714017867091997 11.600000000000023
      vertex 9.055456351736995 -22.555456351736993 11.600000000000023
    endloop
  endfacet
  facet normal 0 0 1
    outer loop
      vertex 0 -18.977471198804817 11.600000000000023
      vertex 8.775203265468894 -22.8835905561957 11.600000000000023
      vertex 8.908883594599915 -22.714017867091997 11.600000000000023
    endloop
  endfacet
  facet normal 0 0 1
    outer loop
      vertex 0 -18.977471198804817 11.600000000000023
      vertex 8.549732058481988 -23.251526125716246 11.600000000000023
      vertex 8.655239548026247 -23.063128947031142 11.600000000000023
    endloop
  endfacet
  facet normal 0 0 1
    outer loop
      vertex 0 -18.977471198804817 11.600000000000023
      vertex 9.751526125716246 -22.04973205848199 11.600000000000023
      vertex 9.947620560996004 -21.95933128559396 11.600000000000023
    endloop
  endfacet
  facet normal 0 0 1
    outer loop
      vertex 0 -18.977471198804817 11.600000000000023
      vertex 9.947620560996004 -21.95933128559396 11.600000000000023
      vertex 15.922441173843726 -18.977471198804817 11.600000000000023
    endloop
  endfacet
  facet normal 0 0 1
    outer loop
      vertex 10.150203265468894 -21.884594580188327 11.600000000000023
      vertex 10.35802524939626 -21.82598271890639 11.600000000000023
      vertex 15.922441173843726 -18.977471198804817 11.600000000000023
    endloop
  endfacet
  facet normal 0 0 1
    outer loop
      vertex 9.947620560996004 -21.95933128559396 11.600000000000023
      vertex 10.150203265468894 -21.884594580188327 11.600000000000023
      vertex 15.922441173843726 -18.977471198804817 11.600000000000023
    endloop
  endfacet
  facet normal 0 0 1
    outer loop
      vertex 10.35802524939626 -21.82598271890639 11.600000000000023
      vertex 10.569805221139365 -21.78385706336337 11.600000000000023
      vertex 15.922441173843726 -18.977471198804817 11.600000000000023
    endloop
  endfacet
  facet normal 0 0 1
    outer loop
      vertex 10.569805221139365 -21.78385706336337 11.600000000000023
      vertex 10.784237486748426 -21.7584773322339 11.600000000000023
      vertex 15.922441173843726 -18.977471198804817 11.600000000000023
    endloop
  endfacet
  facet normal 0 0 1
    outer loop
      vertex 10.784237486748426 -21.7584773322339 11.600000000000023
      vertex 11 -21.75 11.600000000000023
      vertex 15.922441173843726 -18.977471198804817 11.600000000000023
    endloop
  endfacet
  facet normal 0 0 1
    outer loop
      vertex 11 -21.75 11.600000000000023
      vertex 11.215762513251574 -21.7584773322339 11.600000000000023
      vertex 15.922441173843726 -18.977471198804817 11.600000000000023
    endloop
  endfacet
  facet normal 0 0 1
    outer loop
      vertex 11.215762513251574 -21.7584773322339 11.600000000000023
      vertex 11.430194778860635 -21.78385706336337 11.600000000000023
      vertex 15.922441173843726 -18.977471198804817 11.600000000000023
    endloop
  endfacet
  facet normal 0 0 1
    outer loop
      vertex 11.430194778860635 -21.78385706336337 11.600000000000023
      vertex 11.64197475060374 -21.82598271890639 11.600000000000023
      vertex 15.922441173843726 -18.977471198804817 11.600000000000023
    endloop
  endfacet
  facet normal 0 0 1
    outer loop
      vertex 0 -18.977471198804817 11.600000000000023
      vertex 0 -30 11.600000000000023
      vertex 8.384594580188327 -25.349796734531104 11.600000000000023
    endloop
  endfacet
  facet normal 0 0 1
    outer loop
      vertex 0 -18.977471198804817 11.600000000000023
      vertex 8.384594580188327 -23.650203265468896 11.600000000000023
      vertex 8.459331285593962 -23.447620560996004 11.600000000000023
    endloop
  endfacet
  facet normal 0 0 1
    outer loop
      vertex 0 -18.977471198804817 11.600000000000023
      vertex 8.325982718906388 -23.85802524939626 11.600000000000023
      vertex 8.384594580188327 -23.650203265468896 11.600000000000023
    endloop
  endfacet
  facet normal 0 0 1
    outer loop
      vertex 0 -18.977471198804817 11.600000000000023
      vertex 8.28385706336337 -24.069805221139365 11.600000000000023
      vertex 8.325982718906388 -23.85802524939626 11.600000000000023
    endloop
  endfacet
  facet normal 0 0 1
    outer loop
      vertex 0 -18.977471198804817 11.600000000000023
      vertex 8.258477332233898 -24.284237486748427 11.600000000000023
      vertex 8.28385706336337 -24.069805221139365 11.600000000000023
    endloop
  endfacet
  facet normal 0 0 1
    outer loop
      vertex 0 -18.977471198804817 11.600000000000023
      vertex 8.25 -24.5 11.600000000000023
      vertex 8.258477332233898 -24.284237486748427 11.600000000000023
    endloop
  endfacet
  facet normal 0 0 1
    outer loop
      vertex 0 -18.977471198804817 11.600000000000023
      vertex 8.258477332233898 -24.715762513251573 11.600000000000023
      vertex 8.25 -24.5 11.600000000000023
    endloop
  endfacet
  facet normal 0 0 1
    outer loop
      vertex 0 -18.977471198804817 11.600000000000023
      vertex 8.28385706336337 -24.930194778860635 11.600000000000023
      vertex 8.258477332233898 -24.715762513251573 11.600000000000023
    endloop
  endfacet
  facet normal 0 0 1
    outer loop
      vertex 0 -18.977471198804817 11.600000000000023
      vertex 8.325982718906388 -25.14197475060374 11.600000000000023
      vertex 8.28385706336337 -24.930194778860635 11.600000000000023
    endloop
  endfacet
  facet normal 0 0 1
    outer loop
      vertex 0 -18.977471198804817 11.600000000000023
      vertex 8.384594580188327 -25.349796734531104 11.600000000000023
      vertex 8.325982718906388 -25.14197475060374 11.600000000000023
    endloop
  endfacet
  facet normal 0 0 1
    outer loop
      vertex 0 -30 11.600000000000023
      vertex 8.459331285593962 -25.552379439003996 11.600000000000023
      vertex 8.384594580188327 -25.349796734531104 11.600000000000023
    endloop
  endfacet
  facet normal 0 0 1
    outer loop
      vertex 0 -30 11.600000000000023
      vertex 8.549732058481988 -25.748473874283754 11.600000000000023
      vertex 8.459331285593962 -25.552379439003996 11.600000000000023
    endloop
  endfacet
  facet normal 0 0 1
    outer loop
      vertex 0 -30 11.600000000000023
      vertex 8.655239548026247 -25.936871052968858 11.600000000000023
      vertex 8.549732058481988 -25.748473874283754 11.600000000000023
    endloop
  endfacet
  facet normal 0 0 1
    outer loop
      vertex 0 -30 11.600000000000023
      vertex 8.775203265468894 -26.1164094438043 11.600000000000023
      vertex 8.655239548026247 -25.936871052968858 11.600000000000023
    endloop
  endfacet
  facet normal 0 0 1
    outer loop
      vertex 0 -30 11.600000000000023
      vertex 8.908883594599915 -26.285982132908003 11.600000000000023
      vertex 8.775203265468894 -26.1164094438043 11.600000000000023
    endloop
  endfacet
  facet normal 0 0 1
    outer loop
      vertex 0 -30 11.600000000000023
      vertex 9.055456351736995 -26.444543648263007 11.600000000000023
      vertex 8.908883594599915 -26.285982132908003 11.600000000000023
    endloop
  endfacet
  facet normal 0 0 1
    outer loop
      vertex 0 -30 11.600000000000023
      vertex 9.214017867091995 -26.591116405400086 11.600000000000023
      vertex 9.055456351736995 -26.444543648263007 11.600000000000023
    endloop
  endfacet
  facet normal 0 0 1
    outer loop
      vertex 0 -30 11.600000000000023
      vertex 9.3835905561957 -26.724796734531104 11.600000000000023
      vertex 9.214017867091995 -26.591116405400086 11.600000000000023
    endloop
  endfacet
  facet normal 0 0 1
    outer loop
      vertex 0 -30 11.600000000000023
      vertex 9.56312894703114 -26.844760451973755 11.600000000000023
      vertex 9.3835905561957 -26.724796734531104 11.600000000000023
    endloop
  endfacet
  facet normal 0 0 1
    outer loop
      vertex 0 -30 11.600000000000023
      vertex 9.751526125716246 -26.95026794151801 11.600000000000023
      vertex 9.56312894703114 -26.844760451973755 11.600000000000023
    endloop
  endfacet
  facet normal 0 0 1
    outer loop
      vertex 0 -30 11.600000000000023
      vertex 9.947620560996004 -27.04066871440604 11.600000000000023
      vertex 9.751526125716246 -26.95026794151801 11.600000000000023
    endloop
  endfacet
  facet normal 0 0 1
    outer loop
      vertex 0 -30 11.600000000000023
      vertex 10.150203265468894 -27.115405419811673 11.600000000000023
      vertex 9.947620560996004 -27.04066871440604 11.600000000000023
    endloop
  endfacet
  facet normal 0 0 1
    outer loop
      vertex 0 -30 11.600000000000023
      vertex 10.35802524939626 -27.17401728109361 11.600000000000023
      vertex 10.150203265468894 -27.115405419811673 11.600000000000023
    endloop
  endfacet
  facet normal 0 0 1
    outer loop
      vertex 0 -30 11.600000000000023
      vertex 10.569805221139365 -27.21614293663663 11.600000000000023
      vertex 10.35802524939626 -27.17401728109361 11.600000000000023
    endloop
  endfacet
  facet normal 0 0 1
    outer loop
      vertex 0 -30 11.600000000000023
      vertex 10.784237486748426 -27.2415226677661 11.600000000000023
      vertex 10.569805221139365 -27.21614293663663 11.600000000000023
    endloop
  endfacet
  facet normal 0 0 1
    outer loop
      vertex 0 -30 11.600000000000023
      vertex 11 -27.25 11.600000000000023
      vertex 10.784237486748426 -27.2415226677661 11.600000000000023
    endloop
  endfacet
  facet normal 0 0 1
    outer loop
      vertex 11.64197475060374 -21.82598271890639 11.600000000000023
      vertex 11.849796734531106 -21.884594580188327 11.600000000000023
      vertex 15.922441173843726 -18.977471198804817 11.600000000000023
    endloop
  endfacet
  facet normal 0 0 1
    outer loop
      vertex 11.849796734531106 -21.884594580188327 11.600000000000023
      vertex 12.052379439003996 -21.95933128559396 11.600000000000023
      vertex 15.922441173843726 -18.977471198804817 11.600000000000023
    endloop
  endfacet
  facet normal 0 0 1
    outer loop
      vertex 12.052379439003996 -21.95933128559396 11.600000000000023
      vertex 12.248473874283754 -22.04973205848199 11.600000000000023
      vertex 15.922441173843726 -18.977471198804817 11.600000000000023
    endloop
  endfacet
  facet normal 0 0 1
    outer loop
      vertex 12.248473874283754 -22.04973205848199 11.600000000000023
      vertex 12.43687105296886 -22.155239548026245 11.600000000000023
      vertex 15.922441173843726 -18.977471198804817 11.600000000000023
    endloop
  endfacet
  facet normal 0 0 1
    outer loop
      vertex 12.43687105296886 -22.155239548026245 11.600000000000023
      vertex 12.6164094438043 -22.275203265468896 11.600000000000023
      vertex 15.922441173843726 -18.977471198804817 11.600000000000023
    endloop
  endfacet
  facet normal 0 0 1
    outer loop
      vertex 12.6164094438043 -22.275203265468896 11.600000000000023
      vertex 12.785982132908005 -22.408883594599914 11.600000000000023
      vertex 15.922441173843726 -18.977471198804817 11.600000000000023
    endloop
  endfacet
  facet normal 0 0 1
    outer loop
      vertex 12.785982132908005 -22.408883594599914 11.600000000000023
      vertex 12.944543648263005 -22.555456351736993 11.600000000000023
      vertex 15.922441173843726 -18.977471198804817 11.600000000000023
    endloop
  endfacet
  facet normal 0 0 1
    outer loop
      vertex 12.944543648263005 -22.555456351736993 11.600000000000023
      vertex 13.091116405400085 -22.714017867091997 11.600000000000023
      vertex 15.922441173843726 -18.977471198804817 11.600000000000023
    endloop
  endfacet
  facet normal 0 0 1
    outer loop
      vertex 15.922441173843726 -18.977471198804817 11.600000000000023
      vertex 13.091116405400085 -22.714017867091997 11.600000000000023
      vertex 13.224796734531106 -22.8835905561957 11.600000000000023
    endloop
  endfacet
  facet normal 0 0 1
    outer loop
      vertex 15.922441173843726 -18.977471198804817 11.600000000000023
      vertex 13.224796734531106 -22.8835905561957 11.600000000000023
      vertex 13.344760451973753 -23.063128947031142 11.600000000000023
    endloop
  endfacet
  facet normal 0 0 1
    outer loop
      vertex 15.922441173843726 -18.977471198804817 11.600000000000023
      vertex 13.344760451973753 -23.063128947031142 11.600000000000023
      vertex 13.450267941518012 -23.251526125716246 11.600000000000023
    endloop
  endfacet
  facet normal 0 0 1
    outer loop
      vertex 15.922441173843726 -18.977471198804817 11.600000000000023
      vertex 13.450267941518012 -23.251526125716246 11.600000000000023
      vertex 22 -18.977471198804817 11.600000000000023
    endloop
  endfacet
  facet normal 0 0 1
    outer loop
      vertex 22 -18.977471198804817 11.600000000000023
      vertex 13.450267941518012 -23.251526125716246 11.600000000000023
      vertex 13.540668714406038 -23.447620560996004 11.600000000000023
    endloop
  endfacet
  facet normal 0 0 1
    outer loop
      vertex 22 -11.022528801195184 11.600000000000023
      vertex 24.775203265468896 -13.3835905561957 11.600000000000023
      vertex 24.908883594599914 -13.214017867091995 11.600000000000023
    endloop
  endfacet
  facet normal 0 0 1
    outer loop
      vertex 22 -11.022528801195184 11.600000000000023
      vertex 25.3835905561957 -12.775203265468894 11.600000000000023
      vertex 25.563128947031142 -12.655239548026247 11.600000000000023
    endloop
  endfacet
  facet normal 0 0 1
    outer loop
      vertex 22 -11.022528801195184 11.600000000000023
      vertex 25.214017867091997 -12.908883594599915 11.600000000000023
      vertex 25.3835905561957 -12.775203265468894 11.600000000000023
    endloop
  endfacet
  facet normal 0 0 1
    outer loop
      vertex 22 -11.022528801195184 11.600000000000023
      vertex 24.908883594599914 -13.214017867091995 11.600000000000023
      vertex 25.055456351736993 -13.055456351736995 11.600000000000023
    endloop
  endfacet
  facet normal 0 0 1
    outer loop
      vertex 22 -11.022528801195184 11.600000000000023
      vertex 25.055456351736993 -13.055456351736995 11.600000000000023
      vertex 25.214017867091997 -12.908883594599915 11.600000000000023
    endloop
  endfacet
  facet normal 0 0 1
    outer loop
      vertex 22 -11.022528801195184 11.600000000000023
      vertex 24.54973205848199 -13.751526125716246 11.600000000000023
      vertex 24.655239548026245 -13.56312894703114 11.600000000000023
    endloop
  endfacet
  facet normal 0 0 1
    outer loop
      vertex 22 -11.022528801195184 11.600000000000023
      vertex 24.45933128559396 -13.947620560996004 11.600000000000023
      vertex 24.54973205848199 -13.751526125716246 11.600000000000023
    endloop
  endfacet
  facet normal 0 0 1
    outer loop
      vertex 22 -11.022528801195184 11.600000000000023
      vertex 24.655239548026245 -13.56312894703114 11.600000000000023
      vertex 24.775203265468896 -13.3835905561957 11.600000000000023
    endloop
  endfacet
  facet normal 0 0 1
    outer loop
      vertex 22 -11.022528801195184 11.600000000000023
      vertex 24.384594580188327 -14.150203265468894 11.600000000000023
      vertex 24.45933128559396 -13.947620560996004 11.600000000000023
    endloop
  endfacet
  facet normal 0 0 1
    outer loop
      vertex 22 -11.022528801195184 11.600000000000023
      vertex 24.32598271890639 -14.35802524939626 11.600000000000023
      vertex 24.384594580188327 -14.150203265468894 11.600000000000023
    endloop
  endfacet
  facet normal 0 0 1
    outer loop
      vertex 22 -11.022528801195184 11.600000000000023
      vertex 24.28385706336337 -14.569805221139365 11.600000000000023
      vertex 24.32598271890639 -14.35802524939626 11.600000000000023
    endloop
  endfacet
  facet normal 0 0 1
    outer loop
      vertex 22 -11.022528801195184 11.600000000000023
      vertex 24.2584773322339 -14.784237486748426 11.600000000000023
      vertex 24.28385706336337 -14.569805221139365 11.600000000000023
    endloop
  endfacet
  facet normal 0 0 1
    outer loop
      vertex 22 -11.022528801195184 11.600000000000023
      vertex 24.25 -15 11.600000000000023
      vertex 24.2584773322339 -14.784237486748426 11.600000000000023
    endloop
  endfacet
  facet normal 0 0 1
    outer loop
      vertex 22 -11.022528801195184 11.600000000000023
      vertex 24.2584773322339 -15.215762513251574 11.600000000000023
      vertex 24.25 -15 11.600000000000023
    endloop
  endfacet
  facet normal 0 0 1
    outer loop
      vertex 22 -11.022528801195184 11.600000000000023
      vertex 24.28385706336337 -15.430194778860635 11.600000000000023
      vertex 24.2584773322339 -15.215762513251574 11.600000000000023
    endloop
  endfacet
  facet normal 0 0 1
    outer loop
      vertex 22 -11.022528801195184 11.600000000000023
      vertex 24.32598271890639 -15.64197475060374 11.600000000000023
      vertex 24.28385706336337 -15.430194778860635 11.600000000000023
    endloop
  endfacet
  facet normal 0 0 1
    outer loop
      vertex 22 -11.022528801195184 11.600000000000023
      vertex 24.384594580188327 -15.849796734531106 11.600000000000023
      vertex 24.32598271890639 -15.64197475060374 11.600000000000023
    endloop
  endfacet
  facet normal 0 0 1
    outer loop
      vertex 22 -11.022528801195184 11.600000000000023
      vertex 25.563128947031142 -12.655239548026247 11.600000000000023
      vertex 25.751526125716246 -12.549732058481988 11.600000000000023
    endloop
  endfacet
  facet normal 0 0 1
    outer loop
      vertex 22 -11.022528801195184 11.600000000000023
      vertex 25.751526125716246 -12.549732058481988 11.600000000000023
      vertex 25.947620560996004 -12.459331285593962 11.600000000000023
    endloop
  endfacet
  facet normal 0 0 1
    outer loop
      vertex 22 -11.022528801195184 11.600000000000023
      vertex 22 -18.977471198804817 11.600000000000023
      vertex 24.384594580188327 -15.849796734531106 11.600000000000023
    endloop
  endfacet
  facet normal 0 0 1
    outer loop
      vertex 24.384594580188327 -15.849796734531106 11.600000000000023
      vertex 22 -18.977471198804817 11.600000000000023
      vertex 24.45933128559396 -16.052379439003996 11.600000000000023
    endloop
  endfacet
  facet normal 0 0 1
    outer loop
      vertex 24.45933128559396 -16.052379439003996 11.600000000000023
      vertex 22 -18.977471198804817 11.600000000000023
      vertex 24.54973205848199 -16.248473874283754 11.600000000000023
    endloop
  endfacet
  facet normal 0 0 1
    outer loop
      vertex 24.54973205848199 -16.248473874283754 11.600000000000023
      vertex 22 -18.977471198804817 11.600000000000023
      vertex 24.655239548026245 -16.436871052968858 11.600000000000023
    endloop
  endfacet
  facet normal 0 0 1
    outer loop
      vertex 24.655239548026245 -16.436871052968858 11.600000000000023
      vertex 22 -18.977471198804817 11.600000000000023
      vertex 24.775203265468896 -16.6164094438043 11.600000000000023
    endloop
  endfacet
  facet normal 0 0 1
    outer loop
      vertex 24.775203265468896 -16.6164094438043 11.600000000000023
      vertex 22 -18.977471198804817 11.600000000000023
      vertex 24.908883594599914 -16.785982132908003 11.600000000000023
    endloop
  endfacet
  facet normal 0 0 1
    outer loop
      vertex 24.908883594599914 -16.785982132908003 11.600000000000023
      vertex 22 -18.977471198804817 11.600000000000023
      vertex 25.055456351736993 -16.944543648263007 11.600000000000023
    endloop
  endfacet
  facet normal 0 0 1
    outer loop
      vertex 25.055456351736993 -16.944543648263007 11.600000000000023
      vertex 22 -18.977471198804817 11.600000000000023
      vertex 25.214017867091997 -17.091116405400086 11.600000000000023
    endloop
  endfacet
  facet normal 0 0 1
    outer loop
      vertex 25.214017867091997 -17.091116405400086 11.600000000000023
      vertex 26.571214293673595 -23.32710687567993 11.600000000000023
      vertex 25.3835905561957 -17.224796734531104 11.600000000000023
    endloop
  endfacet
  facet normal 0 0 1
    outer loop
      vertex 25.3835905561957 -17.224796734531104 11.600000000000023
      vertex 26.70687244495656 -23.220162612375116 11.600000000000023
      vertex 25.563128947031142 -17.344760451973755 11.600000000000023
    endloop
  endfacet
  facet normal 0 0 1
    outer loop
      vertex 22 -18.977471198804817 11.600000000000023
      vertex 26.571214293673595 -23.32710687567993 11.600000000000023
      vertex 25.214017867091997 -17.091116405400086 11.600000000000023
    endloop
  endfacet
  facet normal 0 0 1
    outer loop
      vertex 22 -18.977471198804817 11.600000000000023
      vertex 26.32710687567993 -23.571214293673595 11.600000000000023
      vertex 26.444365081389595 -23.444365081389595 11.600000000000023
    endloop
  endfacet
  facet normal 0 0 1
    outer loop
      vertex 22 -18.977471198804817 11.600000000000023
      vertex 26.444365081389595 -23.444365081389595 11.600000000000023
      vertex 26.571214293673595 -23.32710687567993 11.600000000000023
    endloop
  endfacet
  facet normal 0 0 1
    outer loop
      vertex 13.540668714406038 -23.447620560996004 11.600000000000023
      vertex 13.615405419811673 -23.650203265468896 11.600000000000023
      vertex 28.015716042803067 -30 11.600000000000023
    endloop
  endfacet
  facet normal 0 0 1
    outer loop
      vertex 13.615405419811673 -23.650203265468896 11.600000000000023
      vertex 13.674017281093612 -23.85802524939626 11.600000000000023
      vertex 28.015716042803067 -30 11.600000000000023
    endloop
  endfacet
  facet normal 0 0 1
    outer loop
      vertex 13.674017281093612 -23.85802524939626 11.600000000000023
      vertex 13.71614293663663 -24.069805221139365 11.600000000000023
      vertex 28.015716042803067 -30 11.600000000000023
    endloop
  endfacet
  facet normal 0 0 1
    outer loop
      vertex 13.71614293663663 -24.069805221139365 11.600000000000023
      vertex 13.741522667766102 -24.284237486748427 11.600000000000023
      vertex 28.015716042803067 -30 11.600000000000023
    endloop
  endfacet
  facet normal 0 0 1
    outer loop
      vertex 13.741522667766102 -24.284237486748427 11.600000000000023
      vertex 13.75 -24.5 11.600000000000023
      vertex 28.015716042803067 -30 11.600000000000023
    endloop
  endfacet
  facet normal 0 0 1
    outer loop
      vertex 13.75 -24.5 11.600000000000023
      vertex 13.741522667766102 -24.715762513251573 11.600000000000023
      vertex 28.015716042803067 -30 11.600000000000023
    endloop
  endfacet
  facet normal 0 0 1
    outer loop
      vertex 13.741522667766102 -24.715762513251573 11.600000000000023
      vertex 13.71614293663663 -24.930194778860635 11.600000000000023
      vertex 28.015716042803067 -30 11.600000000000023
    endloop
  endfacet
  facet normal 0 0 1
    outer loop
      vertex 13.71614293663663 -24.930194778860635 11.600000000000023
      vertex 13.674017281093612 -25.14197475060374 11.600000000000023
      vertex 28.015716042803067 -30 11.600000000000023
    endloop
  endfacet
  facet normal 0 0 1
    outer loop
      vertex 13.674017281093612 -25.14197475060374 11.600000000000023
      vertex 13.615405419811673 -25.349796734531104 11.600000000000023
      vertex 28.015716042803067 -30 11.600000000000023
    endloop
  endfacet
  facet normal 0 0 1
    outer loop
      vertex 13.615405419811673 -25.349796734531104 11.600000000000023
      vertex 13.540668714406038 -25.552379439003996 11.600000000000023
      vertex 28.015716042803067 -30 11.600000000000023
    endloop
  endfacet
  facet normal 0 0 1
    outer loop
      vertex 0 -30 11.600000000000023
      vertex 28.015716042803067 -30 11.600000000000023
      vertex 11 -27.25 11.600000000000023
    endloop
  endfacet
  facet normal 0 0 1
    outer loop
      vertex 11 -27.25 11.600000000000023
      vertex 28.015716042803067 -30 11.600000000000023
      vertex 11.215762513251574 -27.2415226677661 11.600000000000023
    endloop
  endfacet
  facet normal 0 0 1
    outer loop
      vertex 11.215762513251574 -27.2415226677661 11.600000000000023
      vertex 28.015716042803067 -30 11.600000000000023
      vertex 11.430194778860635 -27.21614293663663 11.600000000000023
    endloop
  endfacet
  facet normal 0 0 1
    outer loop
      vertex 11.430194778860635 -27.21614293663663 11.600000000000023
      vertex 28.015716042803067 -30 11.600000000000023
      vertex 11.64197475060374 -27.17401728109361 11.600000000000023
    endloop
  endfacet
  facet normal 0 0 1
    outer loop
      vertex 11.64197475060374 -27.17401728109361 11.600000000000023
      vertex 28.015716042803067 -30 11.600000000000023
      vertex 11.849796734531106 -27.115405419811673 11.600000000000023
    endloop
  endfacet
  facet normal 0 0 1
    outer loop
      vertex 11.849796734531106 -27.115405419811673 11.600000000000023
      vertex 28.015716042803067 -30 11.600000000000023
      vertex 12.052379439003996 -27.04066871440604 11.600000000000023
    endloop
  endfacet
  facet normal 0 0 1
    outer loop
      vertex 12.248473874283754 -26.95026794151801 11.600000000000023
      vertex 12.052379439003996 -27.04066871440604 11.600000000000023
      vertex 28.015716042803067 -30 11.600000000000023
    endloop
  endfacet
  facet normal 0 0 1
    outer loop
      vertex 12.248473874283754 -26.95026794151801 11.600000000000023
      vertex 28.015716042803067 -30 11.600000000000023
      vertex 12.43687105296886 -26.844760451973755 11.600000000000023
    endloop
  endfacet
  facet normal 0 0 1
    outer loop
      vertex 12.785982132908005 -26.591116405400086 11.600000000000023
      vertex 12.6164094438043 -26.724796734531104 11.600000000000023
      vertex 28.015716042803067 -30 11.600000000000023
    endloop
  endfacet
  facet normal 0 0 1
    outer loop
      vertex 12.43687105296886 -26.844760451973755 11.600000000000023
      vertex 28.015716042803067 -30 11.600000000000023
      vertex 12.6164094438043 -26.724796734531104 11.600000000000023
    endloop
  endfacet
  facet normal 0 0 1
    outer loop
      vertex 13.450267941518012 -25.748473874283754 11.600000000000023
      vertex 13.344760451973753 -25.936871052968858 11.600000000000023
      vertex 28.015716042803067 -30 11.600000000000023
    endloop
  endfacet
  facet normal 0 0 1
    outer loop
      vertex 12.944543648263005 -26.444543648263007 11.600000000000023
      vertex 28.015716042803067 -30 11.600000000000023
      vertex 13.091116405400085 -26.285982132908003 11.600000000000023
    endloop
  endfacet
  facet normal 0 0 1
    outer loop
      vertex 13.091116405400085 -26.285982132908003 11.600000000000023
      vertex 28.015716042803067 -30 11.600000000000023
      vertex 13.224796734531106 -26.1164094438043 11.600000000000023
    endloop
  endfacet
  facet normal 0 0 1
    outer loop
      vertex 13.344760451973753 -25.936871052968858 11.600000000000023
      vertex 13.224796734531106 -26.1164094438043 11.600000000000023
      vertex 28.015716042803067 -30 11.600000000000023
    endloop
  endfacet
  facet normal 0 0 1
    outer loop
      vertex 13.540668714406038 -25.552379439003996 11.600000000000023
      vertex 13.450267941518012 -25.748473874283754 11.600000000000023
      vertex 28.015716042803067 -30 11.600000000000023
    endloop
  endfacet
  facet normal 0 0 1
    outer loop
      vertex 12.785982132908005 -26.591116405400086 11.600000000000023
      vertex 28.015716042803067 -30 11.600000000000023
      vertex 12.944543648263005 -26.444543648263007 11.600000000000023
    endloop
  endfacet
  facet normal 0 0 1
    outer loop
      vertex 22 -18.977471198804817 11.600000000000023
      vertex 13.540668714406038 -23.447620560996004 11.600000000000023
      vertex 28.015716042803067 -30 11.600000000000023
    endloop
  endfacet
  facet normal 0 0 1
    outer loop
      vertex 22 -18.977471198804817 11.600000000000023
      vertex 26.03978564678559 -24.001220900572996 11.600000000000023
      vertex 26.124191638420996 -23.850503157624914 11.600000000000023
    endloop
  endfacet
  facet normal 0 0 1
    outer loop
      vertex 22 -18.977471198804817 11.600000000000023
      vertex 25.967465028475168 -24.1580964487968 11.600000000000023
      vertex 26.03978564678559 -24.001220900572996 11.600000000000023
    endloop
  endfacet
  facet normal 0 0 1
    outer loop
      vertex 22 -18.977471198804817 11.600000000000023
      vertex 25.907675664150663 -24.320162612375114 11.600000000000023
      vertex 25.967465028475168 -24.1580964487968 11.600000000000023
    endloop
  endfacet
  facet normal 0 0 1
    outer loop
      vertex 22 -18.977471198804817 11.600000000000023
      vertex 25.86078617512511 -24.486420199517006 11.600000000000023
      vertex 25.907675664150663 -24.320162612375114 11.600000000000023
    endloop
  endfacet
  facet normal 0 0 1
    outer loop
      vertex 22 -18.977471198804817 11.600000000000023
      vertex 26.220162612375116 -23.70687244495656 11.600000000000023
      vertex 26.32710687567993 -23.571214293673595 11.600000000000023
    endloop
  endfacet
  facet normal 0 0 1
    outer loop
      vertex 22 -18.977471198804817 11.600000000000023
      vertex 26.124191638420996 -23.850503157624914 11.600000000000023
      vertex 26.220162612375116 -23.70687244495656 11.600000000000023
    endloop
  endfacet
  facet normal 0 0 1
    outer loop
      vertex 22 -18.977471198804817 11.600000000000023
      vertex 25.827085650690698 -24.655844176911494 11.600000000000023
      vertex 25.86078617512511 -24.486420199517006 11.600000000000023
    endloop
  endfacet
  facet normal 0 0 1
    outer loop
      vertex 22 -18.977471198804817 11.600000000000023
      vertex 25.80678186578712 -24.827389989398743 11.600000000000023
      vertex 25.827085650690698 -24.655844176911494 11.600000000000023
    endloop
  endfacet
  facet normal 0 0 1
    outer loop
      vertex 22 -18.977471198804817 11.600000000000023
      vertex 25.8 -25 11.600000000000023
      vertex 25.80678186578712 -24.827389989398743 11.600000000000023
    endloop
  endfacet
  facet normal 0 0 1
    outer loop
      vertex 22 -18.977471198804817 11.600000000000023
      vertex 25.80678186578712 -25.172610010601257 11.600000000000023
      vertex 25.8 -25 11.600000000000023
    endloop
  endfacet
  facet normal 0 0 1
    outer loop
      vertex 22 -18.977471198804817 11.600000000000023
      vertex 25.827085650690698 -25.344155823088506 11.600000000000023
      vertex 25.80678186578712 -25.172610010601257 11.600000000000023
    endloop
  endfacet
  facet normal 0 0 1
    outer loop
      vertex 22 -18.977471198804817 11.600000000000023
      vertex 25.86078617512511 -25.513579800482994 11.600000000000023
      vertex 25.827085650690698 -25.344155823088506 11.600000000000023
    endloop
  endfacet
  facet normal 0 0 1
    outer loop
      vertex 22 -18.977471198804817 11.600000000000023
      vertex 25.907675664150663 -25.679837387624886 11.600000000000023
      vertex 25.86078617512511 -25.513579800482994 11.600000000000023
    endloop
  endfacet
  facet normal 0 0 1
    outer loop
      vertex 22 -18.977471198804817 11.600000000000023
      vertex 25.967465028475168 -25.8419035512032 11.600000000000023
      vertex 25.907675664150663 -25.679837387624886 11.600000000000023
    endloop
  endfacet
  facet normal 0 0 1
    outer loop
      vertex 22 -18.977471198804817 11.600000000000023
      vertex 26.03978564678559 -25.998779099427004 11.600000000000023
      vertex 25.967465028475168 -25.8419035512032 11.600000000000023
    endloop
  endfacet
  facet normal 0 0 1
    outer loop
      vertex 22 -18.977471198804817 11.600000000000023
      vertex 26.124191638420996 -26.149496842375086 11.600000000000023
      vertex 26.03978564678559 -25.998779099427004 11.600000000000023
    endloop
  endfacet
  facet normal 0 0 1
    outer loop
      vertex 22 -18.977471198804817 11.600000000000023
      vertex 28.015716042803067 -30 11.600000000000023
      vertex 26.124191638420996 -26.149496842375086 11.600000000000023
    endloop
  endfacet
  facet normal 0 0 1
    outer loop
      vertex 28.015716042803067 0 11.600000000000023
      vertex 32.022528801195186 0 11.600000000000023
      vertex 30.015716042803067 2 11.600000000000023
    endloop
  endfacet
  facet normal 0 0 1
    outer loop
      vertex 30.015716042803067 2 11.600000000000023
      vertex 32.022528801195186 0 11.600000000000023
      vertex 32.022528801195186 2 11.600000000000023
    endloop
  endfacet
  facet normal 0 0 1
    outer loop
      vertex 28.015716042803067 0 11.600000000000023
      vertex 28.312868930080462 -3.0246233188097245 11.600000000000023
      vertex 32.022528801195186 0 11.600000000000023
    endloop
  endfacet
  facet normal 0 0 1
    outer loop
      vertex 28.015716042803067 0 11.600000000000023
      vertex 26.152240934977428 -4.234633135269821 11.600000000000023
      vertex 26.217986951623264 -4.0920190005209065 11.600000000000023
    endloop
  endfacet
  facet normal 0 0 1
    outer loop
      vertex 28.015716042803067 0 11.600000000000023
      vertex 26.701103903339632 -3.479188068799938 11.600000000000023
      vertex 26.824429495415053 -3.381966011250105 11.600000000000023
    endloop
  endfacet
  facet normal 0 0 1
    outer loop
      vertex 28.015716042803067 0 11.600000000000023
      vertex 26.294719671291816 -3.9550028705681024 11.600000000000023
      vertex 26.381966011250107 -3.8244294954150537 11.600000000000023
    endloop
  endfacet
  facet normal 0 0 1
    outer loop
      vertex 28.015716042803067 0 11.600000000000023
      vertex 26.381966011250107 -3.8244294954150537 11.600000000000023
      vertex 26.47918806879994 -3.7011039033396327 11.600000000000023
    endloop
  endfacet
  facet normal 0 0 1
    outer loop
      vertex 28.015716042803067 0 11.600000000000023
      vertex 26.585786437626904 -3.585786437626905 11.600000000000023
      vertex 26.701103903339632 -3.479188068799938 11.600000000000023
    endloop
  endfacet
  facet normal 0 0 1
    outer loop
      vertex 28.015716042803067 0 11.600000000000023
      vertex 26.47918806879994 -3.7011039033396327 11.600000000000023
      vertex 26.585786437626904 -3.585786437626905 11.600000000000023
    endloop
  endfacet
  facet normal 0 0 1
    outer loop
      vertex 28.015716042803067 0 11.600000000000023
      vertex 26.824429495415053 -3.381966011250105 11.600000000000023
      vertex 26.9550028705681 -3.2947196712918156 11.600000000000023
    endloop
  endfacet
  facet normal 0 0 1
    outer loop
      vertex 28.015716042803067 0 11.600000000000023
      vertex 26.9550028705681 -3.2947196712918156 11.600000000000023
      vertex 27.092019000520907 -3.2179869516232644 11.600000000000023
    endloop
  endfacet
  facet normal 0 0 1
    outer loop
      vertex 28.015716042803067 0 11.600000000000023
      vertex 27.092019000520907 -3.2179869516232644 11.600000000000023
      vertex 27.23463313526982 -3.1522409349774265 11.600000000000023
    endloop
  endfacet
  facet normal 0 0 1
    outer loop
      vertex 28.015716042803067 0 11.600000000000023
      vertex 27.23463313526982 -3.1522409349774265 11.600000000000023
      vertex 27.381966011250107 -3.0978869674096927 11.600000000000023
    endloop
  endfacet
  facet normal 0 0 1
    outer loop
      vertex 28.015716042803067 0 11.600000000000023
      vertex 26.217986951623264 -4.0920190005209065 11.600000000000023
      vertex 26.294719671291816 -3.9550028705681024 11.600000000000023
    endloop
  endfacet
  facet normal 0 0 1
    outer loop
      vertex 28.015716042803067 0 11.600000000000023
      vertex 27.381966011250107 -3.0978869674096927 11.600000000000023
      vertex 27.53310927228819 -3.055260159204647 11.600000000000023
    endloop
  endfacet
  facet normal 0 0 1
    outer loop
      vertex 28.015716042803067 0 11.600000000000023
      vertex 27.53310927228819 -3.055260159204647 11.600000000000023
      vertex 27.687131069919538 -3.0246233188097245 11.600000000000023
    endloop
  endfacet
  facet normal 0 0 1
    outer loop
      vertex 28.015716042803067 0 11.600000000000023
      vertex 27.687131069919538 -3.0246233188097245 11.600000000000023
      vertex 27.84308180854431 -3.006165332533744 11.600000000000023
    endloop
  endfacet
  facet normal 0 0 1
    outer loop
      vertex 28.015716042803067 0 11.600000000000023
      vertex 27.84308180854431 -3.006165332533744 11.600000000000023
      vertex 28 -3 11.600000000000023
    endloop
  endfacet
  facet normal 0 0 1
    outer loop
      vertex 28.015716042803067 0 11.600000000000023
      vertex 28 -3 11.600000000000023
      vertex 28.15691819145569 -3.006165332533744 11.600000000000023
    endloop
  endfacet
  facet normal 0 0 1
    outer loop
      vertex 28.015716042803067 0 11.600000000000023
      vertex 28.15691819145569 -3.006165332533744 11.600000000000023
      vertex 28.312868930080462 -3.0246233188097245 11.600000000000023
    endloop
  endfacet
  facet normal 0 0 1
    outer loop
      vertex 32.022528801195186 0 11.600000000000023
      vertex 28.312868930080462 -3.0246233188097245 11.600000000000023
      vertex 28.46689072771181 -3.055260159204647 11.600000000000023
    endloop
  endfacet
  facet normal 0 0 1
    outer loop
      vertex 32.022528801195186 0 11.600000000000023
      vertex 28.46689072771181 -3.055260159204647 11.600000000000023
      vertex 28.618033988749893 -3.0978869674096927 11.600000000000023
    endloop
  endfacet
  facet normal 0 0 1
    outer loop
      vertex 32.022528801195186 0 11.600000000000023
      vertex 28.618033988749893 -3.0978869674096927 11.600000000000023
      vertex 28.76536686473018 -3.1522409349774265 11.600000000000023
    endloop
  endfacet
  facet normal 0 0 1
    outer loop
      vertex 32.022528801195186 0 11.600000000000023
      vertex 28.76536686473018 -3.1522409349774265 11.600000000000023
      vertex 28.907980999479093 -3.2179869516232644 11.600000000000023
    endloop
  endfacet
  facet normal 0 0 1
    outer loop
      vertex 32.022528801195186 0 11.600000000000023
      vertex 28.907980999479093 -3.2179869516232644 11.600000000000023
      vertex 29.0449971294319 -3.2947196712918156 11.600000000000023
    endloop
  endfacet
  facet normal 0 0 1
    outer loop
      vertex 32.022528801195186 0 11.600000000000023
      vertex 29.0449971294319 -3.2947196712918156 11.600000000000023
      vertex 29.175570504584947 -3.381966011250105 11.600000000000023
    endloop
  endfacet
  facet normal 0 0 1
    outer loop
      vertex 32.022528801195186 0 11.600000000000023
      vertex 29.175570504584947 -3.381966011250105 11.600000000000023
      vertex 29.298896096660368 -3.479188068799938 11.600000000000023
    endloop
  endfacet
  facet normal 0 0 1
    outer loop
      vertex 32.022528801195186 0 11.600000000000023
      vertex 29.298896096660368 -3.479188068799938 11.600000000000023
      vertex 29.414213562373096 -3.585786437626905 11.600000000000023
    endloop
  endfacet
  facet normal 0 0 1
    outer loop
      vertex 32.022528801195186 0 11.600000000000023
      vertex 29.414213562373096 -3.585786437626905 11.600000000000023
      vertex 29.52081193120006 -3.7011039033396327 11.600000000000023
    endloop
  endfacet
  facet normal 0 0 1
    outer loop
      vertex 32.022528801195186 0 11.600000000000023
      vertex 29.52081193120006 -3.7011039033396327 11.600000000000023
      vertex 29.618033988749893 -3.8244294954150537 11.600000000000023
    endloop
  endfacet
  facet normal 0 0 1
    outer loop
      vertex 32.022528801195186 0 11.600000000000023
      vertex 29.618033988749893 -3.8244294954150537 11.600000000000023
      vertex 29.705280328708184 -3.9550028705681024 11.600000000000023
    endloop
  endfacet
  facet normal 0 0 1
    outer loop
      vertex 32.022528801195186 0 11.600000000000023
      vertex 29.705280328708184 -3.9550028705681024 11.600000000000023
      vertex 29.782013048376736 -4.0920190005209065 11.600000000000023
    endloop
  endfacet
  facet normal 0 0 1
    outer loop
      vertex 32.022528801195186 0 11.600000000000023
      vertex 29.782013048376736 -4.0920190005209065 11.600000000000023
      vertex 29.847759065022572 -4.234633135269821 11.600000000000023
    endloop
  endfacet
  facet normal 0 0 1
    outer loop
      vertex 32.022528801195186 0 11.600000000000023
      vertex 29.847759065022572 -4.234633135269821 11.600000000000023
      vertex 29.902113032590307 -4.381966011250105 11.600000000000023
    endloop
  endfacet
  facet normal 0 0 1
    outer loop
      vertex 32.022528801195186 0 11.600000000000023
      vertex 29.902113032590307 -4.381966011250105 11.600000000000023
      vertex 29.944739840795354 -4.533109272288189 11.600000000000023
    endloop
  endfacet
  facet normal 0 0 1
    outer loop
      vertex 32.022528801195186 0 11.600000000000023
      vertex 29.944739840795354 -4.533109272288189 11.600000000000023
      vertex 29.975376681190276 -4.6871310699195385 11.600000000000023
    endloop
  endfacet
  facet normal 0 0 1
    outer loop
      vertex 32.022528801195186 0 11.600000000000023
      vertex 29.975376681190276 -4.6871310699195385 11.600000000000023
      vertex 29.993834667466256 -4.84308180854431 11.600000000000023
    endloop
  endfacet
  facet normal 0 0 1
    outer loop
      vertex 32.022528801195186 0 11.600000000000023
      vertex 29.993834667466256 -5.15691819145569 11.600000000000023
      vertex 29.975376681190276 -5.3128689300804615 11.600000000000023
    endloop
  endfacet
  facet normal 0 0 1
    outer loop
      vertex 32.022528801195186 0 11.600000000000023
      vertex 29.993834667466256 -4.84308180854431 11.600000000000023
      vertex 30 -5 11.600000000000023
    endloop
  endfacet
  facet normal 0 0 1
    outer loop
      vertex 32.022528801195186 0 11.600000000000023
      vertex 30 -5 11.600000000000023
      vertex 29.993834667466256 -5.15691819145569 11.600000000000023
    endloop
  endfacet
  facet normal 0 0 1
    outer loop
      vertex 32.022528801195186 0 11.600000000000023
      vertex 29.975376681190276 -5.3128689300804615 11.600000000000023
      vertex 29.944739840795354 -5.466890727711811 11.600000000000023
    endloop
  endfacet
  facet normal 0 0 1
    outer loop
      vertex 32.022528801195186 0 11.600000000000023
      vertex 29.944739840795354 -5.466890727711811 11.600000000000023
      vertex 29.902113032590307 -5.618033988749895 11.600000000000023
    endloop
  endfacet
  facet normal 0 0 1
    outer loop
      vertex 32.022528801195186 0 11.600000000000023
      vertex 29.902113032590307 -5.618033988749895 11.600000000000023
      vertex 29.847759065022572 -5.765366864730179 11.600000000000023
    endloop
  endfacet
  facet normal 0 0 1
    outer loop
      vertex 32.022528801195186 0 11.600000000000023
      vertex 29.847759065022572 -5.765366864730179 11.600000000000023
      vertex 27.849796734531104 -12.384594580188327 11.600000000000023
    endloop
  endfacet
  facet normal 0 0 1
    outer loop
      vertex 26.784237486748427 -12.258477332233898 11.600000000000023
      vertex 27.23463313526982 -6.847759065022574 11.600000000000023
      vertex 27.092019000520907 -6.782013048376736 11.600000000000023
    endloop
  endfacet
  facet normal 0 0 1
    outer loop
      vertex 27 -12.25 11.600000000000023
      vertex 27.381966011250107 -6.902113032590307 11.600000000000023
      vertex 27.23463313526982 -6.847759065022574 11.600000000000023
    endloop
  endfacet
  facet normal 0 0 1
    outer loop
      vertex 27 -12.25 11.600000000000023
      vertex 27.53310927228819 -6.944739840795354 11.600000000000023
      vertex 27.381966011250107 -6.902113032590307 11.600000000000023
    endloop
  endfacet
  facet normal 0 0 1
    outer loop
      vertex 27.430194778860635 -12.28385706336337 11.600000000000023
      vertex 27.687131069919538 -6.9753766811902755 11.600000000000023
      vertex 27.53310927228819 -6.944739840795354 11.600000000000023
    endloop
  endfacet
  facet normal 0 0 1
    outer loop
      vertex 27.849796734531104 -12.384594580188327 11.600000000000023
      vertex 29.847759065022572 -5.765366864730179 11.600000000000023
      vertex 29.782013048376736 -5.9079809994790935 11.600000000000023
    endloop
  endfacet
  facet normal 0 0 1
    outer loop
      vertex 27.849796734531104 -12.384594580188327 11.600000000000023
      vertex 29.782013048376736 -5.9079809994790935 11.600000000000023
      vertex 29.705280328708184 -6.044997129431898 11.600000000000023
    endloop
  endfacet
  facet normal 0 0 1
    outer loop
      vertex 27.849796734531104 -12.384594580188327 11.600000000000023
      vertex 29.705280328708184 -6.044997129431898 11.600000000000023
      vertex 29.618033988749893 -6.175570504584947 11.600000000000023
    endloop
  endfacet
  facet normal 0 0 1
    outer loop
      vertex 27.64197475060374 -12.325982718906388 11.600000000000023
      vertex 27.84308180854431 -6.993834667466256 11.600000000000023
      vertex 27.687131069919538 -6.9753766811902755 11.600000000000023
    endloop
  endfacet
  facet normal 0 0 1
    outer loop
      vertex 27.849796734531104 -12.384594580188327 11.600000000000023
      vertex 28 -7 11.600000000000023
      vertex 27.84308180854431 -6.993834667466256 11.600000000000023
    endloop
  endfacet
  facet normal 0 0 1
    outer loop
      vertex 27.849796734531104 -12.384594580188327 11.600000000000023
      vertex 28.15691819145569 -6.993834667466256 11.600000000000023
      vertex 28 -7 11.600000000000023
    endloop
  endfacet
  facet normal 0 0 1
    outer loop
      vertex 27.849796734531104 -12.384594580188327 11.600000000000023
      vertex 28.312868930080462 -6.9753766811902755 11.600000000000023
      vertex 28.15691819145569 -6.993834667466256 11.600000000000023
    endloop
  endfacet
  facet normal 0 0 1
    outer loop
      vertex 27.849796734531104 -12.384594580188327 11.600000000000023
      vertex 28.46689072771181 -6.944739840795354 11.600000000000023
      vertex 28.312868930080462 -6.9753766811902755 11.600000000000023
    endloop
  endfacet
  facet normal 0 0 1
    outer loop
      vertex 27.849796734531104 -12.384594580188327 11.600000000000023
      vertex 28.76536686473018 -6.847759065022574 11.600000000000023
      vertex 28.618033988749893 -6.902113032590307 11.600000000000023
    endloop
  endfacet
  facet normal 0 0 1
    outer loop
      vertex 27.849796734531104 -12.384594580188327 11.600000000000023
      vertex 28.618033988749893 -6.902113032590307 11.600000000000023
      vertex 28.46689072771181 -6.944739840795354 11.600000000000023
    endloop
  endfacet
  facet normal 0 0 1
    outer loop
      vertex 27.849796734531104 -12.384594580188327 11.600000000000023
      vertex 29.298896096660368 -6.520811931200062 11.600000000000023
      vertex 29.175570504584947 -6.618033988749895 11.600000000000023
    endloop
  endfacet
  facet normal 0 0 1
    outer loop
      vertex 27.849796734531104 -12.384594580188327 11.600000000000023
      vertex 28.907980999479093 -6.782013048376736 11.600000000000023
      vertex 28.76536686473018 -6.847759065022574 11.600000000000023
    endloop
  endfacet
  facet normal 0 0 1
    outer loop
      vertex 27.849796734531104 -12.384594580188327 11.600000000000023
      vertex 29.0449971294319 -6.705280328708184 11.600000000000023
      vertex 28.907980999479093 -6.782013048376736 11.600000000000023
    endloop
  endfacet
  facet normal 0 0 1
    outer loop
      vertex 27.849796734531104 -12.384594580188327 11.600000000000023
      vertex 29.175570504584947 -6.618033988749895 11.600000000000023
      vertex 29.0449971294319 -6.705280328708184 11.600000000000023
    endloop
  endfacet
  facet normal 0 0 1
    outer loop
      vertex 27.849796734531104 -12.384594580188327 11.600000000000023
      vertex 29.52081193120006 -6.298896096660368 11.600000000000023
      vertex 29.414213562373096 -6.414213562373095 11.600000000000023
    endloop
  endfacet
  facet normal 0 0 1
    outer loop
      vertex 27.849796734531104 -12.384594580188327 11.600000000000023
      vertex 29.618033988749893 -6.175570504584947 11.600000000000023
      vertex 29.52081193120006 -6.298896096660368 11.600000000000023
    endloop
  endfacet
  facet normal 0 0 1
    outer loop
      vertex 27.849796734531104 -12.384594580188327 11.600000000000023
      vertex 29.414213562373096 -6.414213562373095 11.600000000000023
      vertex 29.298896096660368 -6.520811931200062 11.600000000000023
    endloop
  endfacet
  facet normal 0 0 1
    outer loop
      vertex 26.35802524939626 -12.325982718906388 11.600000000000023
      vertex 26.569805221139365 -12.28385706336337 11.600000000000023
      vertex 27.092019000520907 -6.782013048376736 11.600000000000023
    endloop
  endfacet
  facet normal 0 0 1
    outer loop
      vertex 26.569805221139365 -12.28385706336337 11.600000000000023
      vertex 26.784237486748427 -12.258477332233898 11.600000000000023
      vertex 27.092019000520907 -6.782013048376736 11.600000000000023
    endloop
  endfacet
  facet normal 0 0 1
    outer loop
      vertex 26.784237486748427 -12.258477332233898 11.600000000000023
      vertex 27 -12.25 11.600000000000023
      vertex 27.23463313526982 -6.847759065022574 11.600000000000023
    endloop
  endfacet
  facet normal 0 0 1
    outer loop
      vertex 27 -12.25 11.600000000000023
      vertex 27.215762513251573 -12.258477332233898 11.600000000000023
      vertex 27.53310927228819 -6.944739840795354 11.600000000000023
    endloop
  endfacet
  facet normal 0 0 1
    outer loop
      vertex 27.215762513251573 -12.258477332233898 11.600000000000023
      vertex 27.430194778860635 -12.28385706336337 11.600000000000023
      vertex 27.53310927228819 -6.944739840795354 11.600000000000023
    endloop
  endfacet
  facet normal 0 0 1
    outer loop
      vertex 27.430194778860635 -12.28385706336337 11.600000000000023
      vertex 27.64197475060374 -12.325982718906388 11.600000000000023
      vertex 27.687131069919538 -6.9753766811902755 11.600000000000023
    endloop
  endfacet
  facet normal 0 0 1
    outer loop
      vertex 27.64197475060374 -12.325982718906388 11.600000000000023
      vertex 27.849796734531104 -12.384594580188327 11.600000000000023
      vertex 27.84308180854431 -6.993834667466256 11.600000000000023
    endloop
  endfacet
  facet normal 0 0 1
    outer loop
      vertex 32.022528801195186 0 11.600000000000023
      vertex 27.849796734531104 -12.384594580188327 11.600000000000023
      vertex 28.052379439003996 -12.459331285593962 11.600000000000023
    endloop
  endfacet
  facet normal 0 0 1
    outer loop
      vertex 32.022528801195186 0 11.600000000000023
      vertex 28.052379439003996 -12.459331285593962 11.600000000000023
      vertex 28.248473874283754 -12.549732058481988 11.600000000000023
    endloop
  endfacet
  facet normal 0 0 1
    outer loop
      vertex 32.022528801195186 0 11.600000000000023
      vertex 28.248473874283754 -12.549732058481988 11.600000000000023
      vertex 28.436871052968858 -12.655239548026247 11.600000000000023
    endloop
  endfacet
  facet normal 0 0 1
    outer loop
      vertex 32.022528801195186 0 11.600000000000023
      vertex 28.436871052968858 -12.655239548026247 11.600000000000023
      vertex 28.6164094438043 -12.775203265468894 11.600000000000023
    endloop
  endfacet
  facet normal 0 0 1
    outer loop
      vertex 32.022528801195186 0 11.600000000000023
      vertex 28.6164094438043 -12.775203265468894 11.600000000000023
      vertex 28.785982132908003 -12.908883594599915 11.600000000000023
    endloop
  endfacet
  facet normal 0 0 1
    outer loop
      vertex 32.022528801195186 0 11.600000000000023
      vertex 28.785982132908003 -12.908883594599915 11.600000000000023
      vertex 28.944543648263007 -13.055456351736995 11.600000000000023
    endloop
  endfacet
  facet normal 0 0 1
    outer loop
      vertex 32.022528801195186 0 11.600000000000023
      vertex 28.944543648263007 -13.055456351736995 11.600000000000023
      vertex 29.091116405400086 -13.214017867091995 11.600000000000023
    endloop
  endfacet
  facet normal 0 0 1
    outer loop
      vertex 32.022528801195186 0 11.600000000000023
      vertex 29.091116405400086 -13.214017867091995 11.600000000000023
      vertex 29.224796734531104 -13.3835905561957 11.600000000000023
    endloop
  endfacet
  facet normal 0 0 1
    outer loop
      vertex 32.022528801195186 0 11.600000000000023
      vertex 29.224796734531104 -13.3835905561957 11.600000000000023
      vertex 29.344760451973755 -13.56312894703114 11.600000000000023
    endloop
  endfacet
  facet normal 0 0 1
    outer loop
      vertex 32.022528801195186 0 11.600000000000023
      vertex 29.344760451973755 -13.56312894703114 11.600000000000023
      vertex 29.45026794151801 -13.751526125716246 11.600000000000023
    endloop
  endfacet
  facet normal 0 0 1
    outer loop
      vertex 32.022528801195186 0 11.600000000000023
      vertex 29.45026794151801 -13.751526125716246 11.600000000000023
      vertex 29.54066871440604 -13.947620560996004 11.600000000000023
    endloop
  endfacet
  facet normal 0 0 1
    outer loop
      vertex 32.022528801195186 0 11.600000000000023
      vertex 29.54066871440604 -13.947620560996004 11.600000000000023
      vertex 29.615405419811673 -14.150203265468894 11.600000000000023
    endloop
  endfacet
  facet normal 0 0 1
    outer loop
      vertex 32.022528801195186 0 11.600000000000023
      vertex 29.615405419811673 -14.150203265468894 11.600000000000023
      vertex 29.67401728109361 -14.35802524939626 11.600000000000023
    endloop
  endfacet
  facet normal 0 0 1
    outer loop
      vertex 32.022528801195186 0 11.600000000000023
      vertex 29.67401728109361 -14.35802524939626 11.600000000000023
      vertex 29.71614293663663 -14.569805221139365 11.600000000000023
    endloop
  endfacet
  facet normal 0 0 1
    outer loop
      vertex 32.022528801195186 0 11.600000000000023
      vertex 29.71614293663663 -14.569805221139365 11.600000000000023
      vertex 29.7415226677661 -14.784237486748426 11.600000000000023
    endloop
  endfacet
  facet normal 0 0 1
    outer loop
      vertex 32.022528801195186 0 11.600000000000023
      vertex 29.7415226677661 -14.784237486748426 11.600000000000023
      vertex 29.75 -15 11.600000000000023
    endloop
  endfacet
  facet normal 0 0 1
    outer loop
      vertex 32.022528801195186 0 11.600000000000023
      vertex 29.75 -15 11.600000000000023
      vertex 29.7415226677661 -15.215762513251574 11.600000000000023
    endloop
  endfacet
  facet normal 0 0 1
    outer loop
      vertex 32.022528801195186 0 11.600000000000023
      vertex 29.7415226677661 -15.215762513251574 11.600000000000023
      vertex 29.71614293663663 -15.430194778860635 11.600000000000023
    endloop
  endfacet
  facet normal 0 0 1
    outer loop
      vertex 39.977471198804814 2 11.600000000000023
      vertex 39.977471198804814 0 11.600000000000023
      vertex 41.98428395719693 2 11.600000000000023
    endloop
  endfacet
  facet normal 0 0 1
    outer loop
      vertex 41.98428395719693 2 11.600000000000023
      vertex 39.977471198804814 0 11.600000000000023
      vertex 43.984283957196936 0 11.600000000000023
    endloop
  endfacet
  facet normal 0 0 1
    outer loop
      vertex 39.977471198804814 0 11.600000000000023
      vertex 43.214017867092 -12.908883594599915 11.600000000000023
      vertex 43.984283957196936 0 11.600000000000023
    endloop
  endfacet
  facet normal 0 0 1
    outer loop
      vertex 39.977471198804814 0 11.600000000000023
      vertex 42.775203265468896 -13.3835905561957 11.600000000000023
      vertex 42.908883594599914 -13.214017867091995 11.600000000000023
    endloop
  endfacet
  facet normal 0 0 1
    outer loop
      vertex 39.977471198804814 0 11.600000000000023
      vertex 42.908883594599914 -13.214017867091995 11.600000000000023
      vertex 43.05545635173699 -13.055456351736995 11.600000000000023
    endloop
  endfacet
  facet normal 0 0 1
    outer loop
      vertex 39.977471198804814 0 11.600000000000023
      vertex 43.05545635173699 -13.055456351736995 11.600000000000023
      vertex 43.214017867092 -12.908883594599915 11.600000000000023
    endloop
  endfacet
  facet normal 0 0 1
    outer loop
      vertex 39.977471198804814 0 11.600000000000023
      vertex 42.655239548026245 -13.56312894703114 11.600000000000023
      vertex 42.775203265468896 -13.3835905561957 11.600000000000023
    endloop
  endfacet
  facet normal 0 0 1
    outer loop
      vertex 39.977471198804814 0 11.600000000000023
      vertex 42.549732058481986 -13.751526125716246 11.600000000000023
      vertex 42.655239548026245 -13.56312894703114 11.600000000000023
    endloop
  endfacet
  facet normal 0 0 1
    outer loop
      vertex 39.977471198804814 0 11.600000000000023
      vertex 42.38459458018833 -14.150203265468894 11.600000000000023
      vertex 42.45933128559396 -13.947620560996004 11.600000000000023
    endloop
  endfacet
  facet normal 0 0 1
    outer loop
      vertex 39.977471198804814 0 11.600000000000023
      vertex 42.45933128559396 -13.947620560996004 11.600000000000023
      vertex 42.549732058481986 -13.751526125716246 11.600000000000023
    endloop
  endfacet
  facet normal 0 0 1
    outer loop
      vertex 39.977471198804814 0 11.600000000000023
      vertex 42.28385706336337 -14.569805221139365 11.600000000000023
      vertex 42.32598271890639 -14.35802524939626 11.600000000000023
    endloop
  endfacet
  facet normal 0 0 1
    outer loop
      vertex 39.977471198804814 0 11.600000000000023
      vertex 42.32598271890639 -14.35802524939626 11.600000000000023
      vertex 42.38459458018833 -14.150203265468894 11.600000000000023
    endloop
  endfacet
  facet normal 0 0 1
    outer loop
      vertex 43.984283957196936 0 11.600000000000023
      vertex 43.214017867092 -12.908883594599915 11.600000000000023
      vertex 43.3835905561957 -12.775203265468894 11.600000000000023
    endloop
  endfacet
  facet normal 0 0 1
    outer loop
      vertex 43.984283957196936 0 11.600000000000023
      vertex 43.3835905561957 -12.775203265468894 11.600000000000023
      vertex 43.56312894703114 -12.655239548026247 11.600000000000023
    endloop
  endfacet
  facet normal 0 0 1
    outer loop
      vertex 43.984283957196936 0 11.600000000000023
      vertex 43.56312894703114 -12.655239548026247 11.600000000000023
      vertex 43.751526125716246 -12.549732058481988 11.600000000000023
    endloop
  endfacet
  facet normal 0 0 1
    outer loop
      vertex 43.984283957196936 0 11.600000000000023
      vertex 43.751526125716246 -12.549732058481988 11.600000000000023
      vertex 52 0 11.600000000000023
    endloop
  endfacet
  facet normal 0 0 1
    outer loop
      vertex 52 0 11.600000000000023
      vertex 44.150203265468896 -12.384594580188327 11.600000000000023
      vertex 44.35802524939626 -12.325982718906388 11.600000000000023
    endloop
  endfacet
  facet normal 0 0 1
    outer loop
      vertex 52 0 11.600000000000023
      vertex 44.35802524939626 -12.325982718906388 11.600000000000023
      vertex 44.56980522113936 -12.28385706336337 11.600000000000023
    endloop
  endfacet
  facet normal 0 0 1
    outer loop
      vertex 52 0 11.600000000000023
      vertex 44.56980522113936 -12.28385706336337 11.600000000000023
      vertex 44.784237486748424 -12.258477332233898 11.600000000000023
    endloop
  endfacet
  facet normal 0 0 1
    outer loop
      vertex 52 0 11.600000000000023
      vertex 43.751526125716246 -12.549732058481988 11.600000000000023
      vertex 43.947620560996 -12.459331285593962 11.600000000000023
    endloop
  endfacet
  facet normal 0 0 1
    outer loop
      vertex 52 0 11.600000000000023
      vertex 43.947620560996 -12.459331285593962 11.600000000000023
      vertex 44.150203265468896 -12.384594580188327 11.600000000000023
    endloop
  endfacet
  facet normal 0 0 1
    outer loop
      vertex 52 0 11.600000000000023
      vertex 44.784237486748424 -12.258477332233898 11.600000000000023
      vertex 45 -12.25 11.600000000000023
    endloop
  endfacet
  facet normal 0 0 1
    outer loop
      vertex 52 0 11.600000000000023
      vertex 45 -12.25 11.600000000000023
      vertex 45.215762513251576 -12.258477332233898 11.600000000000023
    endloop
  endfacet
  facet normal 0 0 1
    outer loop
      vertex 52 0 11.600000000000023
      vertex 45.215762513251576 -12.258477332233898 11.600000000000023
      vertex 45.43019477886064 -12.28385706336337 11.600000000000023
    endloop
  endfacet
  facet normal 0 0 1
    outer loop
      vertex 52 0 11.600000000000023
      vertex 45.43019477886064 -12.28385706336337 11.600000000000023
      vertex 45.64197475060374 -12.325982718906388 11.600000000000023
    endloop
  endfacet
  facet normal 0 0 1
    outer loop
      vertex 52 0 11.600000000000023
      vertex 45.64197475060374 -12.325982718906388 11.600000000000023
      vertex 45.849796734531104 -12.384594580188327 11.600000000000023
    endloop
  endfacet
  facet normal 0 0 1
    outer loop
      vertex 52 0 11.600000000000023
      vertex 45.849796734531104 -12.384594580188327 11.600000000000023
      vertex 46.052379439004 -12.459331285593962 11.600000000000023
    endloop
  endfacet
  facet normal 0 0 1
    outer loop
      vertex 52 0 11.600000000000023
      vertex 46.052379439004 -12.459331285593962 11.600000000000023
      vertex 46.248473874283754 -12.549732058481988 11.600000000000023
    endloop
  endfacet
  facet normal 0 0 1
    outer loop
      vertex 52 0 11.600000000000023
      vertex 46.248473874283754 -12.549732058481988 11.600000000000023
      vertex 46.43687105296886 -12.655239548026247 11.600000000000023
    endloop
  endfacet
  facet normal 0 0 1
    outer loop
      vertex 52 0 11.600000000000023
      vertex 46.43687105296886 -12.655239548026247 11.600000000000023
      vertex 46.6164094438043 -12.775203265468894 11.600000000000023
    endloop
  endfacet
  facet normal 0 0 1
    outer loop
      vertex 52 0 11.600000000000023
      vertex 46.6164094438043 -12.775203265468894 11.600000000000023
      vertex 46.785982132908 -12.908883594599915 11.600000000000023
    endloop
  endfacet
  facet normal 0 0 1
    outer loop
      vertex 52 0 11.600000000000023
      vertex 46.785982132908 -12.908883594599915 11.600000000000023
      vertex 46.94454364826301 -13.055456351736995 11.600000000000023
    endloop
  endfacet
  facet normal 0 0 1
    outer loop
      vertex 52 0 11.600000000000023
      vertex 46.94454364826301 -13.055456351736995 11.600000000000023
      vertex 47.091116405400086 -13.214017867091995 11.600000000000023
    endloop
  endfacet
  facet normal 0 0 1
    outer loop
      vertex 52 0 11.600000000000023
      vertex 47.091116405400086 -13.214017867091995 11.600000000000023
      vertex 47.224796734531104 -13.3835905561957 11.600000000000023
    endloop
  endfacet
  facet normal 0 0 1
    outer loop
      vertex 52 0 11.600000000000023
      vertex 47.224796734531104 -13.3835905561957 11.600000000000023
      vertex 47.344760451973755 -13.56312894703114 11.600000000000023
    endloop
  endfacet
  facet normal 0 0 1
    outer loop
      vertex 52 0 11.600000000000023
      vertex 47.344760451973755 -13.56312894703114 11.600000000000023
      vertex 47.450267941518014 -13.751526125716246 11.600000000000023
    endloop
  endfacet
  facet normal 0 0 1
    outer loop
      vertex 52 0 11.600000000000023
      vertex 47.450267941518014 -13.751526125716246 11.600000000000023
      vertex 47.54066871440604 -13.947620560996004 11.600000000000023
    endloop
  endfacet
  facet normal 0 0 1
    outer loop
      vertex 52 0 11.600000000000023
      vertex 47.54066871440604 -13.947620560996004 11.600000000000023
      vertex 47.61540541981167 -14.150203265468894 11.600000000000023
    endloop
  endfacet
  facet normal 0 0 1
    outer loop
      vertex 52 0 11.600000000000023
      vertex 47.61540541981167 -14.150203265468894 11.600000000000023
      vertex 47.67401728109361 -14.35802524939626 11.600000000000023
    endloop
  endfacet
  facet normal 0 0 1
    outer loop
      vertex 52 0 11.600000000000023
      vertex 47.67401728109361 -14.35802524939626 11.600000000000023
      vertex 47.71614293663663 -14.569805221139365 11.600000000000023
    endloop
  endfacet
  facet normal 0 0 1
    outer loop
      vertex 32.022528801195186 0 11.600000000000023
      vertex 29.71614293663663 -15.430194778860635 11.600000000000023
      vertex 32.022528801195186 -30 11.600000000000023
    endloop
  endfacet
  facet normal 0 0 1
    outer loop
      vertex 25.563128947031142 -17.344760451973755 11.600000000000023
      vertex 26.70687244495656 -23.220162612375116 11.600000000000023
      vertex 25.751526125716246 -17.45026794151801 11.600000000000023
    endloop
  endfacet
  facet normal 0 0 1
    outer loop
      vertex 25.751526125716246 -17.45026794151801 11.600000000000023
      vertex 26.850503157624914 -23.124191638420996 11.600000000000023
      vertex 25.947620560996004 -17.54066871440604 11.600000000000023
    endloop
  endfacet
  facet normal 0 0 1
    outer loop
      vertex 25.947620560996004 -17.54066871440604 11.600000000000023
      vertex 27.001220900572996 -23.03978564678559 11.600000000000023
      vertex 26.150203265468896 -17.615405419811673 11.600000000000023
    endloop
  endfacet
  facet normal 0 0 1
    outer loop
      vertex 26.150203265468896 -17.615405419811673 11.600000000000023
      vertex 27.001220900572996 -23.03978564678559 11.600000000000023
      vertex 26.35802524939626 -17.67401728109361 11.600000000000023
    endloop
  endfacet
  facet normal 0 0 1
    outer loop
      vertex 26.35802524939626 -17.67401728109361 11.600000000000023
      vertex 27.1580964487968 -22.967465028475168 11.600000000000023
      vertex 26.569805221139365 -17.71614293663663 11.600000000000023
    endloop
  endfacet
  facet normal 0 0 1
    outer loop
      vertex 26.569805221139365 -17.71614293663663 11.600000000000023
      vertex 27.320162612375114 -22.907675664150663 11.600000000000023
      vertex 26.784237486748427 -17.7415226677661 11.600000000000023
    endloop
  endfacet
  facet normal 0 0 1
    outer loop
      vertex 26.784237486748427 -17.7415226677661 11.600000000000023
      vertex 27.320162612375114 -22.907675664150663 11.600000000000023
      vertex 27 -17.75 11.600000000000023
    endloop
  endfacet
  facet normal 0 0 1
    outer loop
      vertex 27 -17.75 11.600000000000023
      vertex 27.655844176911494 -22.827085650690698 11.600000000000023
      vertex 27.215762513251573 -17.7415226677661 11.600000000000023
    endloop
  endfacet
  facet normal 0 0 1
    outer loop
      vertex 27.215762513251573 -17.7415226677661 11.600000000000023
      vertex 27.827389989398743 -22.80678186578712 11.600000000000023
      vertex 27.430194778860635 -17.71614293663663 11.600000000000023
    endloop
  endfacet
  facet normal 0 0 1
    outer loop
      vertex 27.430194778860635 -17.71614293663663 11.600000000000023
      vertex 27.827389989398743 -22.80678186578712 11.600000000000023
      vertex 27.64197475060374 -17.67401728109361 11.600000000000023
    endloop
  endfacet
  facet normal 0 0 1
    outer loop
      vertex 27.849796734531104 -17.615405419811673 11.600000000000023
      vertex 28.172610010601257 -22.80678186578712 11.600000000000023
      vertex 28.052379439003996 -17.54066871440604 11.600000000000023
    endloop
  endfacet
  facet normal 0 0 1
    outer loop
      vertex 27.849796734531104 -17.615405419811673 11.600000000000023
      vertex 27.64197475060374 -17.67401728109361 11.600000000000023
      vertex 28 -22.8 11.600000000000023
    endloop
  endfacet
  facet normal 0 0 1
    outer loop
      vertex 28.052379439003996 -17.54066871440604 11.600000000000023
      vertex 28.172610010601257 -22.80678186578712 11.600000000000023
      vertex 28.248473874283754 -17.45026794151801 11.600000000000023
    endloop
  endfacet
  facet normal 0 0 1
    outer loop
      vertex 28.248473874283754 -17.45026794151801 11.600000000000023
      vertex 28.344155823088506 -22.827085650690698 11.600000000000023
      vertex 28.436871052968858 -17.344760451973755 11.600000000000023
    endloop
  endfacet
  facet normal 0 0 1
    outer loop
      vertex 28.436871052968858 -17.344760451973755 11.600000000000023
      vertex 28.513579800482994 -22.86078617512511 11.600000000000023
      vertex 28.6164094438043 -17.224796734531104 11.600000000000023
    endloop
  endfacet
  facet normal 0 0 1
    outer loop
      vertex 28.6164094438043 -17.224796734531104 11.600000000000023
      vertex 28.513579800482994 -22.86078617512511 11.600000000000023
      vertex 28.785982132908003 -17.091116405400086 11.600000000000023
    endloop
  endfacet
  facet normal 0 0 1
    outer loop
      vertex 25.3835905561957 -17.224796734531104 11.600000000000023
      vertex 26.571214293673595 -23.32710687567993 11.600000000000023
      vertex 26.70687244495656 -23.220162612375116 11.600000000000023
    endloop
  endfacet
  facet normal 0 0 1
    outer loop
      vertex 25.751526125716246 -17.45026794151801 11.600000000000023
      vertex 26.70687244495656 -23.220162612375116 11.600000000000023
      vertex 26.850503157624914 -23.124191638420996 11.600000000000023
    endloop
  endfacet
  facet normal 0 0 1
    outer loop
      vertex 25.947620560996004 -17.54066871440604 11.600000000000023
      vertex 26.850503157624914 -23.124191638420996 11.600000000000023
      vertex 27.001220900572996 -23.03978564678559 11.600000000000023
    endloop
  endfacet
  facet normal 0 0 1
    outer loop
      vertex 26.35802524939626 -17.67401728109361 11.600000000000023
      vertex 27.001220900572996 -23.03978564678559 11.600000000000023
      vertex 27.1580964487968 -22.967465028475168 11.600000000000023
    endloop
  endfacet
  facet normal 0 0 1
    outer loop
      vertex 26.569805221139365 -17.71614293663663 11.600000000000023
      vertex 27.1580964487968 -22.967465028475168 11.600000000000023
      vertex 27.320162612375114 -22.907675664150663 11.600000000000023
    endloop
  endfacet
  facet normal 0 0 1
    outer loop
      vertex 27 -17.75 11.600000000000023
      vertex 27.320162612375114 -22.907675664150663 11.600000000000023
      vertex 27.486420199517006 -22.86078617512511 11.600000000000023
    endloop
  endfacet
  facet normal 0 0 1
    outer loop
      vertex 27 -17.75 11.600000000000023
      vertex 27.486420199517006 -22.86078617512511 11.600000000000023
      vertex 27.655844176911494 -22.827085650690698 11.600000000000023
    endloop
  endfacet
  facet normal 0 0 1
    outer loop
      vertex 27.215762513251573 -17.7415226677661 11.600000000000023
      vertex 27.655844176911494 -22.827085650690698 11.600000000000023
      vertex 27.827389989398743 -22.80678186578712 11.600000000000023
    endloop
  endfacet
  facet normal 0 0 1
    outer loop
      vertex 27.64197475060374 -17.67401728109361 11.600000000000023
      vertex 27.827389989398743 -22.80678186578712 11.600000000000023
      vertex 28 -22.8 11.600000000000023
    endloop
  endfacet
  facet normal 0 0 1
    outer loop
      vertex 27.849796734531104 -17.615405419811673 11.600000000000023
      vertex 28 -22.8 11.600000000000023
      vertex 28.172610010601257 -22.80678186578712 11.600000000000023
    endloop
  endfacet
  facet normal 0 0 1
    outer loop
      vertex 28.248473874283754 -17.45026794151801 11.600000000000023
      vertex 28.172610010601257 -22.80678186578712 11.600000000000023
      vertex 28.344155823088506 -22.827085650690698 11.600000000000023
    endloop
  endfacet
  facet normal 0 0 1
    outer loop
      vertex 28.436871052968858 -17.344760451973755 11.600000000000023
      vertex 28.344155823088506 -22.827085650690698 11.600000000000023
      vertex 28.513579800482994 -22.86078617512511 11.600000000000023
    endloop
  endfacet
  facet normal 0 0 1
    outer loop
      vertex 28.785982132908003 -17.091116405400086 11.600000000000023
      vertex 28.513579800482994 -22.86078617512511 11.600000000000023
      vertex 28.679837387624886 -22.907675664150663 11.600000000000023
    endloop
  endfacet
  facet normal 0 0 1
    outer loop
      vertex 28.785982132908003 -17.091116405400086 11.600000000000023
      vertex 28.679837387624886 -22.907675664150663 11.600000000000023
      vertex 28.8419035512032 -22.967465028475168 11.600000000000023
    endloop
  endfacet
  facet normal 0 0 1
    outer loop
      vertex 28.785982132908003 -17.091116405400086 11.600000000000023
      vertex 28.8419035512032 -22.967465028475168 11.600000000000023
      vertex 28.998779099427004 -23.03978564678559 11.600000000000023
    endloop
  endfacet
  facet normal 0 0 1
    outer loop
      vertex 28.785982132908003 -17.091116405400086 11.600000000000023
      vertex 28.998779099427004 -23.03978564678559 11.600000000000023
      vertex 29.149496842375086 -23.124191638420996 11.600000000000023
    endloop
  endfacet
  facet normal 0 0 1
    outer loop
      vertex 28.785982132908003 -17.091116405400086 11.600000000000023
      vertex 29.149496842375086 -23.124191638420996 11.600000000000023
      vertex 29.29312755504344 -23.220162612375116 11.600000000000023
    endloop
  endfacet
  facet normal 0 0 1
    outer loop
      vertex 28.785982132908003 -17.091116405400086 11.600000000000023
      vertex 29.29312755504344 -23.220162612375116 11.600000000000023
      vertex 29.428785706326405 -23.32710687567993 11.600000000000023
    endloop
  endfacet
  facet normal 0 0 1
    outer loop
      vertex 29.67401728109361 -15.64197475060374 11.600000000000023
      vertex 29.615405419811673 -15.849796734531106 11.600000000000023
      vertex 32.022528801195186 -30 11.600000000000023
    endloop
  endfacet
  facet normal 0 0 1
    outer loop
      vertex 29.615405419811673 -15.849796734531106 11.600000000000023
      vertex 29.54066871440604 -16.052379439003996 11.600000000000023
      vertex 32.022528801195186 -30 11.600000000000023
    endloop
  endfacet
  facet normal 0 0 1
    outer loop
      vertex 29.71614293663663 -15.430194778860635 11.600000000000023
      vertex 29.67401728109361 -15.64197475060374 11.600000000000023
      vertex 32.022528801195186 -30 11.600000000000023
    endloop
  endfacet
  facet normal 0 0 1
    outer loop
      vertex 28.785982132908003 -17.091116405400086 11.600000000000023
      vertex 29.428785706326405 -23.32710687567993 11.600000000000023
      vertex 29.555634918610405 -23.444365081389595 11.600000000000023
    endloop
  endfacet
  facet normal 0 0 1
    outer loop
      vertex 28.785982132908003 -17.091116405400086 11.600000000000023
      vertex 29.555634918610405 -23.444365081389595 11.600000000000023
      vertex 29.67289312432007 -23.571214293673595 11.600000000000023
    endloop
  endfacet
  facet normal 0 0 1
    outer loop
      vertex 28.944543648263007 -16.944543648263007 11.600000000000023
      vertex 28.785982132908003 -17.091116405400086 11.600000000000023
      vertex 32.022528801195186 -30 11.600000000000023
    endloop
  endfacet
  facet normal 0 0 1
    outer loop
      vertex 28.944543648263007 -16.944543648263007 11.600000000000023
      vertex 32.022528801195186 -30 11.600000000000023
      vertex 29.091116405400086 -16.785982132908003 11.600000000000023
    endloop
  endfacet
  facet normal 0 0 1
    outer loop
      vertex 28.785982132908003 -17.091116405400086 11.600000000000023
      vertex 29.67289312432007 -23.571214293673595 11.600000000000023
      vertex 29.779837387624884 -23.70687244495656 11.600000000000023
    endloop
  endfacet
  facet normal 0 0 1
    outer loop
      vertex 28.785982132908003 -17.091116405400086 11.600000000000023
      vertex 29.779837387624884 -23.70687244495656 11.600000000000023
      vertex 29.875808361579004 -23.850503157624914 11.600000000000023
    endloop
  endfacet
  facet normal 0 0 1
    outer loop
      vertex 28.785982132908003 -17.091116405400086 11.600000000000023
      vertex 29.875808361579004 -23.850503157624914 11.600000000000023
      vertex 29.96021435321441 -24.001220900572996 11.600000000000023
    endloop
  endfacet
  facet normal 0 0 1
    outer loop
      vertex 28.785982132908003 -17.091116405400086 11.600000000000023
      vertex 29.96021435321441 -24.001220900572996 11.600000000000023
      vertex 30.032534971524832 -24.1580964487968 11.600000000000023
    endloop
  endfacet
  facet normal 0 0 1
    outer loop
      vertex 28.785982132908003 -17.091116405400086 11.600000000000023
      vertex 30.032534971524832 -24.1580964487968 11.600000000000023
      vertex 30.092324335849337 -24.320162612375114 11.600000000000023
    endloop
  endfacet
  facet normal 0 0 1
    outer loop
      vertex 28.785982132908003 -17.091116405400086 11.600000000000023
      vertex 30.092324335849337 -24.320162612375114 11.600000000000023
      vertex 30.13921382487489 -24.486420199517006 11.600000000000023
    endloop
  endfacet
  facet normal 0 0 1
    outer loop
      vertex 29.224796734531104 -16.6164094438043 11.600000000000023
      vertex 32.022528801195186 -30 11.600000000000023
      vertex 29.344760451973755 -16.436871052968858 11.600000000000023
    endloop
  endfacet
  facet normal 0 0 1
    outer loop
      vertex 29.54066871440604 -16.052379439003996 11.600000000000023
      vertex 29.45026794151801 -16.248473874283754 11.600000000000023
      vertex 32.022528801195186 -30 11.600000000000023
    endloop
  endfacet
  facet normal 0 0 1
    outer loop
      vertex 29.45026794151801 -16.248473874283754 11.600000000000023
      vertex 29.344760451973755 -16.436871052968858 11.600000000000023
      vertex 32.022528801195186 -30 11.600000000000023
    endloop
  endfacet
  facet normal 0 0 1
    outer loop
      vertex 29.224796734531104 -16.6164094438043 11.600000000000023
      vertex 29.091116405400086 -16.785982132908003 11.600000000000023
      vertex 32.022528801195186 -30 11.600000000000023
    endloop
  endfacet
  facet normal 0 0 1
    outer loop
      vertex 28.785982132908003 -17.091116405400086 11.600000000000023
      vertex 30.13921382487489 -24.486420199517006 11.600000000000023
      vertex 30.172914349309302 -24.655844176911494 11.600000000000023
    endloop
  endfacet
  facet normal 0 0 1
    outer loop
      vertex 28.785982132908003 -17.091116405400086 11.600000000000023
      vertex 30.172914349309302 -24.655844176911494 11.600000000000023
      vertex 32.022528801195186 -30 11.600000000000023
    endloop
  endfacet
  facet normal 0 0 1
    outer loop
      vertex 30.172914349309302 -24.655844176911494 11.600000000000023
      vertex 30.19321813421288 -24.827389989398743 11.600000000000023
      vertex 32.022528801195186 -30 11.600000000000023
    endloop
  endfacet
  facet normal 0 0 1
    outer loop
      vertex 30.19321813421288 -24.827389989398743 11.600000000000023
      vertex 30.2 -25 11.600000000000023
      vertex 32.022528801195186 -30 11.600000000000023
    endloop
  endfacet
  facet normal 0 0 1
    outer loop
      vertex 30.2 -25 11.600000000000023
      vertex 30.19321813421288 -25.172610010601257 11.600000000000023
      vertex 32.022528801195186 -30 11.600000000000023
    endloop
  endfacet
  facet normal 0 0 1
    outer loop
      vertex 30.19321813421288 -25.172610010601257 11.600000000000023
      vertex 30.172914349309302 -25.344155823088506 11.600000000000023
      vertex 32.022528801195186 -30 11.600000000000023
    endloop
  endfacet
  facet normal 0 0 1
    outer loop
      vertex 30.172914349309302 -25.344155823088506 11.600000000000023
      vertex 30.13921382487489 -25.513579800482994 11.600000000000023
      vertex 32.022528801195186 -30 11.600000000000023
    endloop
  endfacet
  facet normal 0 0 1
    outer loop
      vertex 26.124191638420996 -26.149496842375086 11.600000000000023
      vertex 28.015716042803067 -30 11.600000000000023
      vertex 26.220162612375116 -26.29312755504344 11.600000000000023
    endloop
  endfacet
  facet normal 0 0 1
    outer loop
      vertex 26.220162612375116 -26.29312755504344 11.600000000000023
      vertex 28.015716042803067 -30 11.600000000000023
      vertex 26.32710687567993 -26.428785706326405 11.600000000000023
    endloop
  endfacet
  facet normal 0 0 1
    outer loop
      vertex 26.32710687567993 -26.428785706326405 11.600000000000023
      vertex 28.015716042803067 -30 11.600000000000023
      vertex 26.444365081389595 -26.555634918610405 11.600000000000023
    endloop
  endfacet
  facet normal 0 0 1
    outer loop
      vertex 26.444365081389595 -26.555634918610405 11.600000000000023
      vertex 28.015716042803067 -30 11.600000000000023
      vertex 26.571214293673595 -26.67289312432007 11.600000000000023
    endloop
  endfacet
  facet normal 0 0 1
    outer loop
      vertex 26.571214293673595 -26.67289312432007 11.600000000000023
      vertex 28.015716042803067 -30 11.600000000000023
      vertex 26.70687244495656 -26.779837387624884 11.600000000000023
    endloop
  endfacet
  facet normal 0 0 1
    outer loop
      vertex 26.70687244495656 -26.779837387624884 11.600000000000023
      vertex 28.015716042803067 -30 11.600000000000023
      vertex 26.850503157624914 -26.875808361579004 11.600000000000023
    endloop
  endfacet
  facet normal 0 0 1
    outer loop
      vertex 26.850503157624914 -26.875808361579004 11.600000000000023
      vertex 28.015716042803067 -30 11.600000000000023
      vertex 27.001220900572996 -26.96021435321441 11.600000000000023
    endloop
  endfacet
  facet normal 0 0 1
    outer loop
      vertex 27.001220900572996 -26.96021435321441 11.600000000000023
      vertex 28.015716042803067 -30 11.600000000000023
      vertex 27.1580964487968 -27.032534971524832 11.600000000000023
    endloop
  endfacet
  facet normal 0 0 1
    outer loop
      vertex 27.1580964487968 -27.032534971524832 11.600000000000023
      vertex 28.015716042803067 -30 11.600000000000023
      vertex 27.320162612375114 -27.092324335849337 11.600000000000023
    endloop
  endfacet
  facet normal 0 0 1
    outer loop
      vertex 27.320162612375114 -27.092324335849337 11.600000000000023
      vertex 28.015716042803067 -30 11.600000000000023
      vertex 27.486420199517006 -27.13921382487489 11.600000000000023
    endloop
  endfacet
  facet normal 0 0 1
    outer loop
      vertex 27.486420199517006 -27.13921382487489 11.600000000000023
      vertex 28.015716042803067 -30 11.600000000000023
      vertex 27.655844176911494 -27.172914349309302 11.600000000000023
    endloop
  endfacet
  facet normal 0 0 1
    outer loop
      vertex 27.655844176911494 -27.172914349309302 11.600000000000023
      vertex 28.015716042803067 -30 11.600000000000023
      vertex 27.827389989398743 -27.19321813421288 11.600000000000023
    endloop
  endfacet
  facet normal 0 0 1
    outer loop
      vertex 27.827389989398743 -27.19321813421288 11.600000000000023
      vertex 28.015716042803067 -30 11.600000000000023
      vertex 28 -27.2 11.600000000000023
    endloop
  endfacet
  facet normal 0 0 1
    outer loop
      vertex 28 -27.2 11.600000000000023
      vertex 28.015716042803067 -30 11.600000000000023
      vertex 28.172610010601257 -27.19321813421288 11.600000000000023
    endloop
  endfacet
  facet normal 0 0 1
    outer loop
      vertex 28.172610010601257 -27.19321813421288 11.600000000000023
      vertex 28.015716042803067 -30 11.600000000000023
      vertex 28.344155823088506 -27.172914349309302 11.600000000000023
    endloop
  endfacet
  facet normal 0 0 1
    outer loop
      vertex 28.344155823088506 -27.172914349309302 11.600000000000023
      vertex 32.022528801195186 -30 11.600000000000023
      vertex 28.513579800482994 -27.13921382487489 11.600000000000023
    endloop
  endfacet
  facet normal 0 0 1
    outer loop
      vertex 28.513579800482994 -27.13921382487489 11.600000000000023
      vertex 32.022528801195186 -30 11.600000000000023
      vertex 28.679837387624886 -27.092324335849337 11.600000000000023
    endloop
  endfacet
  facet normal 0 0 1
    outer loop
      vertex 28.679837387624886 -27.092324335849337 11.600000000000023
      vertex 32.022528801195186 -30 11.600000000000023
      vertex 28.8419035512032 -27.032534971524832 11.600000000000023
    endloop
  endfacet
  facet normal 0 0 1
    outer loop
      vertex 28.998779099427004 -26.96021435321441 11.600000000000023
      vertex 28.8419035512032 -27.032534971524832 11.600000000000023
      vertex 32.022528801195186 -30 11.600000000000023
    endloop
  endfacet
  facet normal 0 0 1
    outer loop
      vertex 28.998779099427004 -26.96021435321441 11.600000000000023
      vertex 32.022528801195186 -30 11.600000000000023
      vertex 29.149496842375086 -26.875808361579004 11.600000000000023
    endloop
  endfacet
  facet normal 0 0 1
    outer loop
      vertex 30.032534971524832 -25.8419035512032 11.600000000000023
      vertex 29.96021435321441 -25.998779099427004 11.600000000000023
      vertex 32.022528801195186 -30 11.600000000000023
    endloop
  endfacet
  facet normal 0 0 1
    outer loop
      vertex 30.13921382487489 -25.513579800482994 11.600000000000023
      vertex 30.092324335849337 -25.679837387624886 11.600000000000023
      vertex 32.022528801195186 -30 11.600000000000023
    endloop
  endfacet
  facet normal 0 0 1
    outer loop
      vertex 30.092324335849337 -25.679837387624886 11.600000000000023
      vertex 30.032534971524832 -25.8419035512032 11.600000000000023
      vertex 32.022528801195186 -30 11.600000000000023
    endloop
  endfacet
  facet normal 0 0 1
    outer loop
      vertex 29.96021435321441 -25.998779099427004 11.600000000000023
      vertex 29.875808361579004 -26.149496842375086 11.600000000000023
      vertex 32.022528801195186 -30 11.600000000000023
    endloop
  endfacet
  facet normal 0 0 1
    outer loop
      vertex 29.779837387624884 -26.29312755504344 11.600000000000023
      vertex 32.022528801195186 -30 11.600000000000023
      vertex 29.875808361579004 -26.149496842375086 11.600000000000023
    endloop
  endfacet
  facet normal 0 0 1
    outer loop
      vertex 29.779837387624884 -26.29312755504344 11.600000000000023
      vertex 29.67289312432007 -26.428785706326405 11.600000000000023
      vertex 32.022528801195186 -30 11.600000000000023
    endloop
  endfacet
  facet normal 0 0 1
    outer loop
      vertex 29.149496842375086 -26.875808361579004 11.600000000000023
      vertex 32.022528801195186 -30 11.600000000000023
      vertex 29.29312755504344 -26.779837387624884 11.600000000000023
    endloop
  endfacet
  facet normal 0 0 1
    outer loop
      vertex 29.428785706326405 -26.67289312432007 11.600000000000023
      vertex 29.29312755504344 -26.779837387624884 11.600000000000023
      vertex 32.022528801195186 -30 11.600000000000023
    endloop
  endfacet
  facet normal 0 0 1
    outer loop
      vertex 29.428785706326405 -26.67289312432007 11.600000000000023
      vertex 32.022528801195186 -30 11.600000000000023
      vertex 29.555634918610405 -26.555634918610405 11.600000000000023
    endloop
  endfacet
  facet normal 0 0 1
    outer loop
      vertex 29.555634918610405 -26.555634918610405 11.600000000000023
      vertex 32.022528801195186 -30 11.600000000000023
      vertex 29.67289312432007 -26.428785706326405 11.600000000000023
    endloop
  endfacet
  facet normal 0 0 1
    outer loop
      vertex 28.344155823088506 -27.172914349309302 11.600000000000023
      vertex 28.015716042803067 -30 11.600000000000023
      vertex 32.022528801195186 -30 11.600000000000023
    endloop
  endfacet
  facet normal 0 0 1
    outer loop
      vertex 28.015716042803067 -30 11.600000000000023
      vertex 30.015716042803067 -32 11.600000000000023
      vertex 32.022528801195186 -30 11.600000000000023
    endloop
  endfacet
  facet normal 0 0 1
    outer loop
      vertex 30.015716042803067 -32 11.600000000000023
      vertex 32.022528801195186 -32 11.600000000000023
      vertex 32.022528801195186 -30 11.600000000000023
    endloop
  endfacet
  facet normal 0 0 1
    outer loop
      vertex 39.977471198804814 0 11.600000000000023
      vertex 39.977471198804814 -30 11.600000000000023
      vertex 42.28385706336337 -14.569805221139365 11.600000000000023
    endloop
  endfacet
  facet normal 0 0 1
    outer loop
      vertex 42.28385706336337 -14.569805221139365 11.600000000000023
      vertex 39.977471198804814 -30 11.600000000000023
      vertex 42.258477332233895 -14.784237486748426 11.600000000000023
    endloop
  endfacet
  facet normal 0 0 1
    outer loop
      vertex 42.258477332233895 -14.784237486748426 11.600000000000023
      vertex 39.977471198804814 -30 11.600000000000023
      vertex 42.25 -15 11.600000000000023
    endloop
  endfacet
  facet normal 0 0 1
    outer loop
      vertex 42.25 -15 11.600000000000023
      vertex 39.977471198804814 -30 11.600000000000023
      vertex 42.258477332233895 -15.215762513251574 11.600000000000023
    endloop
  endfacet
  facet normal 0 0 1
    outer loop
      vertex 42.258477332233895 -15.215762513251574 11.600000000000023
      vertex 39.977471198804814 -30 11.600000000000023
      vertex 42.28385706336337 -15.430194778860635 11.600000000000023
    endloop
  endfacet
  facet normal 0 0 1
    outer loop
      vertex 42.28385706336337 -15.430194778860635 11.600000000000023
      vertex 39.977471198804814 -30 11.600000000000023
      vertex 42.32598271890639 -15.64197475060374 11.600000000000023
    endloop
  endfacet
  facet normal 0 0 1
    outer loop
      vertex 42.32598271890639 -15.64197475060374 11.600000000000023
      vertex 39.977471198804814 -30 11.600000000000023
      vertex 42.38459458018833 -15.849796734531106 11.600000000000023
    endloop
  endfacet
  facet normal 0 0 1
    outer loop
      vertex 42.38459458018833 -15.849796734531106 11.600000000000023
      vertex 39.977471198804814 -30 11.600000000000023
      vertex 42.45933128559396 -16.052379439003996 11.600000000000023
    endloop
  endfacet
  facet normal 0 0 1
    outer loop
      vertex 42.45933128559396 -16.052379439003996 11.600000000000023
      vertex 39.977471198804814 -30 11.600000000000023
      vertex 42.549732058481986 -16.248473874283754 11.600000000000023
    endloop
  endfacet
  facet normal 0 0 1
    outer loop
      vertex 42.549732058481986 -16.248473874283754 11.600000000000023
      vertex 39.977471198804814 -30 11.600000000000023
      vertex 42.655239548026245 -16.436871052968858 11.600000000000023
    endloop
  endfacet
  facet normal 0 0 1
    outer loop
      vertex 42.655239548026245 -16.436871052968858 11.600000000000023
      vertex 39.977471198804814 -30 11.600000000000023
      vertex 42.775203265468896 -16.6164094438043 11.600000000000023
    endloop
  endfacet
  facet normal 0 0 1
    outer loop
      vertex 42.775203265468896 -16.6164094438043 11.600000000000023
      vertex 39.977471198804814 -30 11.600000000000023
      vertex 42.908883594599914 -16.785982132908003 11.600000000000023
    endloop
  endfacet
  facet normal 0 0 1
    outer loop
      vertex 42.908883594599914 -16.785982132908003 11.600000000000023
      vertex 41.98428395719693 -32 11.600000000000023
      vertex 43.05545635173699 -16.944543648263007 11.600000000000023
    endloop
  endfacet
  facet normal 0 0 1
    outer loop
      vertex 43.214017867092 -17.091116405400086 11.600000000000023
      vertex 43.984283957196936 -30 11.600000000000023
      vertex 43.3835905561957 -17.224796734531104 11.600000000000023
    endloop
  endfacet
  facet normal 0 0 1
    outer loop
      vertex 43.3835905561957 -17.224796734531104 11.600000000000023
      vertex 43.984283957196936 -30 11.600000000000023
      vertex 43.56312894703114 -17.344760451973755 11.600000000000023
    endloop
  endfacet
  facet normal 0 0 1
    outer loop
      vertex 43.56312894703114 -17.344760451973755 11.600000000000023
      vertex 43.984283957196936 -30 11.600000000000023
      vertex 43.751526125716246 -17.45026794151801 11.600000000000023
    endloop
  endfacet
  facet normal 0 0 1
    outer loop
      vertex 43.751526125716246 -17.45026794151801 11.600000000000023
      vertex 43.984283957196936 -30 11.600000000000023
      vertex 43.947620560996 -17.54066871440604 11.600000000000023
    endloop
  endfacet
  facet normal 0 0 1
    outer loop
      vertex 43.947620560996 -17.54066871440604 11.600000000000023
      vertex 43.984283957196936 -30 11.600000000000023
      vertex 44.150203265468896 -17.615405419811673 11.600000000000023
    endloop
  endfacet
  facet normal 0 0 1
    outer loop
      vertex 44.150203265468896 -17.615405419811673 11.600000000000023
      vertex 43.984283957196936 -30 11.600000000000023
      vertex 44.35802524939626 -17.67401728109361 11.600000000000023
    endloop
  endfacet
  facet normal 0 0 1
    outer loop
      vertex 44.35802524939626 -17.67401728109361 11.600000000000023
      vertex 43.984283957196936 -30 11.600000000000023
      vertex 44.56980522113936 -17.71614293663663 11.600000000000023
    endloop
  endfacet
  facet normal 0 0 1
    outer loop
      vertex 44.56980522113936 -17.71614293663663 11.600000000000023
      vertex 43.984283957196936 -30 11.600000000000023
      vertex 44.784237486748424 -17.7415226677661 11.600000000000023
    endloop
  endfacet
  facet normal 0 0 1
    outer loop
      vertex 44.784237486748424 -17.7415226677661 11.600000000000023
      vertex 43.984283957196936 -30 11.600000000000023
      vertex 45 -17.75 11.600000000000023
    endloop
  endfacet
  facet normal 0 0 1
    outer loop
      vertex 45 -17.75 11.600000000000023
      vertex 43.984283957196936 -30 11.600000000000023
      vertex 45.215762513251576 -17.7415226677661 11.600000000000023
    endloop
  endfacet
  facet normal 0 0 1
    outer loop
      vertex 52 0 11.600000000000023
      vertex 47.71614293663663 -14.569805221139365 11.600000000000023
      vertex 52 -30 11.600000000000023
    endloop
  endfacet
  facet normal 0 0 1
    outer loop
      vertex 45.215762513251576 -17.7415226677661 11.600000000000023
      vertex 52 -30 11.600000000000023
      vertex 45.43019477886064 -17.71614293663663 11.600000000000023
    endloop
  endfacet
  facet normal 0 0 1
    outer loop
      vertex 45.43019477886064 -17.71614293663663 11.600000000000023
      vertex 52 -30 11.600000000000023
      vertex 45.64197475060374 -17.67401728109361 11.600000000000023
    endloop
  endfacet
  facet normal 0 0 1
    outer loop
      vertex 45.849796734531104 -17.615405419811673 11.600000000000023
      vertex 45.64197475060374 -17.67401728109361 11.600000000000023
      vertex 52 -30 11.600000000000023
    endloop
  endfacet
  facet normal 0 0 1
    outer loop
      vertex 46.94454364826301 -16.944543648263007 11.600000000000023
      vertex 46.785982132908 -17.091116405400086 11.600000000000023
      vertex 52 -30 11.600000000000023
    endloop
  endfacet
  facet normal 0 0 1
    outer loop
      vertex 47.091116405400086 -16.785982132908003 11.600000000000023
      vertex 46.94454364826301 -16.944543648263007 11.600000000000023
      vertex 52 -30 11.600000000000023
    endloop
  endfacet
  facet normal 0 0 1
    outer loop
      vertex 46.052379439004 -17.54066871440604 11.600000000000023
      vertex 52 -30 11.600000000000023
      vertex 46.248473874283754 -17.45026794151801 11.600000000000023
    endloop
  endfacet
  facet normal 0 0 1
    outer loop
      vertex 46.248473874283754 -17.45026794151801 11.600000000000023
      vertex 52 -30 11.600000000000023
      vertex 46.43687105296886 -17.344760451973755 11.600000000000023
    endloop
  endfacet
  facet normal 0 0 1
    outer loop
      vertex 45.849796734531104 -17.615405419811673 11.600000000000023
      vertex 52 -30 11.600000000000023
      vertex 46.052379439004 -17.54066871440604 11.600000000000023
    endloop
  endfacet
  facet normal 0 0 1
    outer loop
      vertex 46.6164094438043 -17.224796734531104 11.600000000000023
      vertex 46.43687105296886 -17.344760451973755 11.600000000000023
      vertex 52 -30 11.600000000000023
    endloop
  endfacet
  facet normal 0 0 1
    outer loop
      vertex 46.6164094438043 -17.224796734531104 11.600000000000023
      vertex 52 -30 11.600000000000023
      vertex 46.785982132908 -17.091116405400086 11.600000000000023
    endloop
  endfacet
  facet normal 0 0 1
    outer loop
      vertex 47.71614293663663 -14.569805221139365 11.600000000000023
      vertex 47.741522667766105 -14.784237486748426 11.600000000000023
      vertex 52 -30 11.600000000000023
    endloop
  endfacet
  facet normal 0 0 1
    outer loop
      vertex 47.741522667766105 -14.784237486748426 11.600000000000023
      vertex 47.75 -15 11.600000000000023
      vertex 52 -30 11.600000000000023
    endloop
  endfacet
  facet normal 0 0 1
    outer loop
      vertex 47.75 -15 11.600000000000023
      vertex 47.741522667766105 -15.215762513251574 11.600000000000023
      vertex 52 -30 11.600000000000023
    endloop
  endfacet
  facet normal 0 0 1
    outer loop
      vertex 47.71614293663663 -15.430194778860635 11.600000000000023
      vertex 52 -30 11.600000000000023
      vertex 47.741522667766105 -15.215762513251574 11.600000000000023
    endloop
  endfacet
  facet normal 0 0 1
    outer loop
      vertex 47.71614293663663 -15.430194778860635 11.600000000000023
      vertex 47.67401728109361 -15.64197475060374 11.600000000000023
      vertex 52 -30 11.600000000000023
    endloop
  endfacet
  facet normal 0 0 1
    outer loop
      vertex 47.67401728109361 -15.64197475060374 11.600000000000023
      vertex 47.61540541981167 -15.849796734531106 11.600000000000023
      vertex 52 -30 11.600000000000023
    endloop
  endfacet
  facet normal 0 0 1
    outer loop
      vertex 47.61540541981167 -15.849796734531106 11.600000000000023
      vertex 47.54066871440604 -16.052379439003996 11.600000000000023
      vertex 52 -30 11.600000000000023
    endloop
  endfacet
  facet normal 0 0 1
    outer loop
      vertex 47.450267941518014 -16.248473874283754 11.600000000000023
      vertex 47.344760451973755 -16.436871052968858 11.600000000000023
      vertex 52 -30 11.600000000000023
    endloop
  endfacet
  facet normal 0 0 1
    outer loop
      vertex 47.224796734531104 -16.6164094438043 11.600000000000023
      vertex 52 -30 11.600000000000023
      vertex 47.344760451973755 -16.436871052968858 11.600000000000023
    endloop
  endfacet
  facet normal 0 0 1
    outer loop
      vertex 47.450267941518014 -16.248473874283754 11.600000000000023
      vertex 52 -30 11.600000000000023
      vertex 47.54066871440604 -16.052379439003996 11.600000000000023
    endloop
  endfacet
  facet normal 0 0 1
    outer loop
      vertex 47.091116405400086 -16.785982132908003 11.600000000000023
      vertex 52 -30 11.600000000000023
      vertex 47.224796734531104 -16.6164094438043 11.600000000000023
    endloop
  endfacet
  facet normal 0 0 1
    outer loop
      vertex 42.908883594599914 -16.785982132908003 11.600000000000023
      vertex 39.977471198804814 -30 11.600000000000023
      vertex 41.98428395719693 -32 11.600000000000023
    endloop
  endfacet
  facet normal 0 0 1
    outer loop
      vertex 43.05545635173699 -16.944543648263007 11.600000000000023
      vertex 41.98428395719693 -32 11.600000000000023
      vertex 43.214017867092 -17.091116405400086 11.600000000000023
    endloop
  endfacet
  facet normal 0 0 1
    outer loop
      vertex 43.214017867092 -17.091116405400086 11.600000000000023
      vertex 41.98428395719693 -32 11.600000000000023
      vertex 43.984283957196936 -30 11.600000000000023
    endloop
  endfacet
  facet normal 0 0 1
    outer loop
      vertex 39.977471198804814 -30 11.600000000000023
      vertex 39.977471198804814 -32 11.600000000000023
      vertex 41.98428395719693 -32 11.600000000000023
    endloop
  endfacet
  facet normal 0 0 1
    outer loop
      vertex 45.215762513251576 -17.7415226677661 11.600000000000023
      vertex 43.984283957196936 -30 11.600000000000023
      vertex 52 -30 11.600000000000023
    endloop
  endfacet
  facet normal 0.9381913359224876 -0.3461170570774838 0
    outer loop
      vertex 25.967465028475168 -24.1580964487968 7.1000000000000005
      vertex 25.967465028475168 -24.1580964487968 11.600000000000023
      vertex 25.907675664150663 -24.320162612375114 7.1000000000000005
    endloop
  endfacet
  facet normal 0.9624552364536443 -0.27144044986508525 0
    outer loop
      vertex 25.907675664150663 -24.320162612375114 7.1000000000000005
      vertex 25.907675664150663 -24.320162612375114 11.600000000000023
      vertex 25.86078617512511 -24.486420199517006 7.1000000000000005
    endloop
  endfacet
  facet normal 0.9807852804032339 -0.19509032201611068 0
    outer loop
      vertex 25.86078617512511 -24.486420199517006 7.1000000000000005
      vertex 25.86078617512511 -24.486420199517006 11.600000000000023
      vertex 25.827085650690698 -24.655844176911494 7.1000000000000005
    endloop
  endfacet
  facet normal 0.9930684569549262 -0.1175373974578388 0
    outer loop
      vertex 25.827085650690698 -24.655844176911494 7.1000000000000005
      vertex 25.827085650690698 -24.655844176911494 11.600000000000023
      vertex 25.80678186578712 -24.827389989398743 7.1000000000000005
    endloop
  endfacet
  facet normal 0.9992290362407229 -0.03925981575906975 0
    outer loop
      vertex 25.80678186578712 -24.827389989398743 7.1000000000000005
      vertex 25.80678186578712 -24.827389989398743 11.600000000000023
      vertex 25.8 -25 7.1000000000000005
    endloop
  endfacet
  facet normal 0.9992290362407229 0.03925981575906975 0
    outer loop
      vertex 25.8 -25 7.1000000000000005
      vertex 25.8 -25 11.600000000000023
      vertex 25.80678186578712 -25.172610010601257 7.1000000000000005
    endloop
  endfacet
  facet normal 0.9930684569549262 0.1175373974578388 0
    outer loop
      vertex 25.80678186578712 -25.172610010601257 7.1000000000000005
      vertex 25.80678186578712 -25.172610010601257 11.600000000000023
      vertex 25.827085650690698 -25.344155823088506 7.1000000000000005
    endloop
  endfacet
  facet normal 0.9807852804032339 0.19509032201611068 0
    outer loop
      vertex 25.827085650690698 -25.344155823088506 7.1000000000000005
      vertex 25.827085650690698 -25.344155823088506 11.600000000000023
      vertex 25.86078617512511 -25.513579800482994 7.1000000000000005
    endloop
  endfacet
  facet normal 0.9624552364536443 0.27144044986508525 0
    outer loop
      vertex 25.86078617512511 -25.513579800482994 7.1000000000000005
      vertex 25.86078617512511 -25.513579800482994 11.600000000000023
      vertex 25.907675664150663 -25.679837387624886 7.1000000000000005
    endloop
  endfacet
  facet normal 0.9381913359224876 0.3461170570774838 0
    outer loop
      vertex 25.907675664150663 -25.679837387624886 7.1000000000000005
      vertex 25.907675664150663 -25.679837387624886 11.600000000000023
      vertex 25.967465028475168 -25.8419035512032 7.1000000000000005
    endloop
  endfacet
  facet normal 0.9081431738250823 0.41865973753742575 0
    outer loop
      vertex 25.967465028475168 -25.8419035512032 7.1000000000000005
      vertex 25.967465028475168 -25.8419035512032 11.600000000000023
      vertex 26.03978564678559 -25.998779099427004 7.1000000000000005
    endloop
  endfacet
  facet normal 0.9081431738250823 -0.41865973753742575 0
    outer loop
      vertex 25.967465028475168 -24.1580964487968 7.1000000000000005
      vertex 26.03978564678559 -24.001220900572996 11.600000000000023
      vertex 25.967465028475168 -24.1580964487968 11.600000000000023
    endloop
  endfacet
  facet normal 0.9381913359224876 -0.3461170570774838 0
    outer loop
      vertex 25.907675664150663 -24.320162612375114 7.1000000000000005
      vertex 25.967465028475168 -24.1580964487968 11.600000000000023
      vertex 25.907675664150663 -24.320162612375114 11.600000000000023
    endloop
  endfacet
  facet normal 0.9624552364536443 -0.27144044986508525 0
    outer loop
      vertex 25.86078617512511 -24.486420199517006 7.1000000000000005
      vertex 25.907675664150663 -24.320162612375114 11.600000000000023
      vertex 25.86078617512511 -24.486420199517006 11.600000000000023
    endloop
  endfacet
  facet normal 0.9807852804032339 -0.19509032201611068 0
    outer loop
      vertex 25.827085650690698 -24.655844176911494 7.1000000000000005
      vertex 25.86078617512511 -24.486420199517006 11.600000000000023
      vertex 25.827085650690698 -24.655844176911494 11.600000000000023
    endloop
  endfacet
  facet normal 0.9930684569549262 -0.1175373974578388 0
    outer loop
      vertex 25.80678186578712 -24.827389989398743 7.1000000000000005
      vertex 25.827085650690698 -24.655844176911494 11.600000000000023
      vertex 25.80678186578712 -24.827389989398743 11.600000000000023
    endloop
  endfacet
  facet normal 0.9992290362407229 -0.03925981575906975 0
    outer loop
      vertex 25.8 -25 7.1000000000000005
      vertex 25.80678186578712 -24.827389989398743 11.600000000000023
      vertex 25.8 -25 11.600000000000023
    endloop
  endfacet
  facet normal 0.9992290362407229 0.03925981575906975 0
    outer loop
      vertex 25.80678186578712 -25.172610010601257 7.1000000000000005
      vertex 25.8 -25 11.600000000000023
      vertex 25.80678186578712 -25.172610010601257 11.600000000000023
    endloop
  endfacet
  facet normal 0.9930684569549262 0.1175373974578388 0
    outer loop
      vertex 25.827085650690698 -25.344155823088506 7.1000000000000005
      vertex 25.80678186578712 -25.172610010601257 11.600000000000023
      vertex 25.827085650690698 -25.344155823088506 11.600000000000023
    endloop
  endfacet
  facet normal 0.9807852804032339 0.19509032201611068 0
    outer loop
      vertex 25.86078617512511 -25.513579800482994 7.1000000000000005
      vertex 25.827085650690698 -25.344155823088506 11.600000000000023
      vertex 25.86078617512511 -25.513579800482994 11.600000000000023
    endloop
  endfacet
  facet normal 0.9624552364536443 0.27144044986508525 0
    outer loop
      vertex 25.907675664150663 -25.679837387624886 7.1000000000000005
      vertex 25.86078617512511 -25.513579800482994 11.600000000000023
      vertex 25.907675664150663 -25.679837387624886 11.600000000000023
    endloop
  endfacet
  facet normal 0.9381913359224876 0.3461170570774838 0
    outer loop
      vertex 25.967465028475168 -25.8419035512032 7.1000000000000005
      vertex 25.907675664150663 -25.679837387624886 11.600000000000023
      vertex 25.967465028475168 -25.8419035512032 11.600000000000023
    endloop
  endfacet
  facet normal 0 0 1
    outer loop
      vertex 26.70687244495656 -23.220162612375116 7.1000000000000005
      vertex 29.29312755504344 -23.220162612375116 7.1000000000000005
      vertex 26.850503157624914 -23.124191638420996 7.1000000000000005
    endloop
  endfacet
  facet normal 0 0 1
    outer loop
      vertex 26.70687244495656 -23.220162612375116 7.1000000000000005
      vertex 26.571214293673595 -23.32710687567993 7.1000000000000005
      vertex 29.428785706326405 -23.32710687567993 7.1000000000000005
    endloop
  endfacet
  facet normal 0 0 1
    outer loop
      vertex 26.571214293673595 -23.32710687567993 7.1000000000000005
      vertex 26.444365081389595 -23.444365081389595 7.1000000000000005
      vertex 29.555634918610405 -23.444365081389595 7.1000000000000005
    endloop
  endfacet
  facet normal 0 0 1
    outer loop
      vertex 26.32710687567993 -23.571214293673595 7.1000000000000005
      vertex 29.67289312432007 -23.571214293673595 7.1000000000000005
      vertex 26.444365081389595 -23.444365081389595 7.1000000000000005
    endloop
  endfacet
  facet normal 0 0 1
    outer loop
      vertex 26.124191638420996 -23.850503157624914 7.1000000000000005
      vertex 29.875808361579004 -23.850503157624914 7.1000000000000005
      vertex 26.220162612375116 -23.70687244495656 7.1000000000000005
    endloop
  endfacet
  facet normal 0 0 1
    outer loop
      vertex 26.220162612375116 -23.70687244495656 7.1000000000000005
      vertex 29.779837387624884 -23.70687244495656 7.1000000000000005
      vertex 26.32710687567993 -23.571214293673595 7.1000000000000005
    endloop
  endfacet
  facet normal 0 0 1
    outer loop
      vertex 26.124191638420996 -23.850503157624914 7.1000000000000005
      vertex 26.03978564678559 -24.001220900572996 7.1000000000000005
      vertex 29.96021435321441 -24.001220900572996 7.1000000000000005
    endloop
  endfacet
  facet normal 0 0 1
    outer loop
      vertex 25.967465028475168 -24.1580964487968 7.1000000000000005
      vertex 30.032534971524832 -24.1580964487968 7.1000000000000005
      vertex 26.03978564678559 -24.001220900572996 7.1000000000000005
    endloop
  endfacet
  facet normal 0 0 1
    outer loop
      vertex 25.967465028475168 -24.1580964487968 7.1000000000000005
      vertex 25.907675664150663 -24.320162612375114 7.1000000000000005
      vertex 30.092324335849337 -24.320162612375114 7.1000000000000005
    endloop
  endfacet
  facet normal 0 0 1
    outer loop
      vertex 25.907675664150663 -24.320162612375114 7.1000000000000005
      vertex 25.86078617512511 -24.486420199517006 7.1000000000000005
      vertex 30.13921382487489 -24.486420199517006 7.1000000000000005
    endloop
  endfacet
  facet normal 0 0 1
    outer loop
      vertex 27.486420199517006 -22.86078617512511 7.1000000000000005
      vertex 28.513579800482994 -22.86078617512511 7.1000000000000005
      vertex 27.655844176911494 -22.827085650690698 7.1000000000000005
    endloop
  endfacet
  facet normal 0 0 1
    outer loop
      vertex 27.320162612375114 -22.907675664150663 7.1000000000000005
      vertex 28.679837387624886 -22.907675664150663 7.1000000000000005
      vertex 27.486420199517006 -22.86078617512511 7.1000000000000005
    endloop
  endfacet
  facet normal 0 0 1
    outer loop
      vertex 27.655844176911494 -22.827085650690698 7.1000000000000005
      vertex 28.344155823088506 -22.827085650690698 7.1000000000000005
      vertex 27.827389989398743 -22.80678186578712 7.1000000000000005
    endloop
  endfacet
  facet normal 0 0 1
    outer loop
      vertex 27.827389989398743 -22.80678186578712 7.1000000000000005
      vertex 28.172610010601257 -22.80678186578712 7.1000000000000005
      vertex 28 -22.8 7.1000000000000005
    endloop
  endfacet
  facet normal 0 0 1
    outer loop
      vertex 27.001220900572996 -23.03978564678559 7.1000000000000005
      vertex 28.998779099427004 -23.03978564678559 7.1000000000000005
      vertex 27.1580964487968 -22.967465028475168 7.1000000000000005
    endloop
  endfacet
  facet normal 0 0 1
    outer loop
      vertex 27.1580964487968 -22.967465028475168 7.1000000000000005
      vertex 28.8419035512032 -22.967465028475168 7.1000000000000005
      vertex 27.320162612375114 -22.907675664150663 7.1000000000000005
    endloop
  endfacet
  facet normal 0 0 1
    outer loop
      vertex 27.001220900572996 -23.03978564678559 7.1000000000000005
      vertex 26.850503157624914 -23.124191638420996 7.1000000000000005
      vertex 29.149496842375086 -23.124191638420996 7.1000000000000005
    endloop
  endfacet
  facet normal 0 0 1
    outer loop
      vertex 27.827389989398743 -22.80678186578712 7.1000000000000005
      vertex 28.344155823088506 -22.827085650690698 7.1000000000000005
      vertex 28.172610010601257 -22.80678186578712 7.1000000000000005
    endloop
  endfacet
  facet normal 0 0 1
    outer loop
      vertex 27.655844176911494 -22.827085650690698 7.1000000000000005
      vertex 28.513579800482994 -22.86078617512511 7.1000000000000005
      vertex 28.344155823088506 -22.827085650690698 7.1000000000000005
    endloop
  endfacet
  facet normal 0 0 1
    outer loop
      vertex 27.486420199517006 -22.86078617512511 7.1000000000000005
      vertex 28.679837387624886 -22.907675664150663 7.1000000000000005
      vertex 28.513579800482994 -22.86078617512511 7.1000000000000005
    endloop
  endfacet
  facet normal 0 0 1
    outer loop
      vertex 27.320162612375114 -22.907675664150663 7.1000000000000005
      vertex 28.8419035512032 -22.967465028475168 7.1000000000000005
      vertex 28.679837387624886 -22.907675664150663 7.1000000000000005
    endloop
  endfacet
  facet normal 0 0 1
    outer loop
      vertex 27.1580964487968 -22.967465028475168 7.1000000000000005
      vertex 28.998779099427004 -23.03978564678559 7.1000000000000005
      vertex 28.8419035512032 -22.967465028475168 7.1000000000000005
    endloop
  endfacet
  facet normal 0 0 1
    outer loop
      vertex 27.001220900572996 -23.03978564678559 7.1000000000000005
      vertex 29.149496842375086 -23.124191638420996 7.1000000000000005
      vertex 28.998779099427004 -23.03978564678559 7.1000000000000005
    endloop
  endfacet
  facet normal 0 0 1
    outer loop
      vertex 26.850503157624914 -23.124191638420996 7.1000000000000005
      vertex 29.29312755504344 -23.220162612375116 7.1000000000000005
      vertex 29.149496842375086 -23.124191638420996 7.1000000000000005
    endloop
  endfacet
  facet normal 0 0 1
    outer loop
      vertex 26.70687244495656 -23.220162612375116 7.1000000000000005
      vertex 29.428785706326405 -23.32710687567993 7.1000000000000005
      vertex 29.29312755504344 -23.220162612375116 7.1000000000000005
    endloop
  endfacet
  facet normal 0 0 1
    outer loop
      vertex 26.571214293673595 -23.32710687567993 7.1000000000000005
      vertex 29.555634918610405 -23.444365081389595 7.1000000000000005
      vertex 29.428785706326405 -23.32710687567993 7.1000000000000005
    endloop
  endfacet
  facet normal 0 0 1
    outer loop
      vertex 26.444365081389595 -23.444365081389595 7.1000000000000005
      vertex 29.67289312432007 -23.571214293673595 7.1000000000000005
      vertex 29.555634918610405 -23.444365081389595 7.1000000000000005
    endloop
  endfacet
  facet normal 0 0 1
    outer loop
      vertex 26.32710687567993 -23.571214293673595 7.1000000000000005
      vertex 29.779837387624884 -23.70687244495656 7.1000000000000005
      vertex 29.67289312432007 -23.571214293673595 7.1000000000000005
    endloop
  endfacet
  facet normal 0 0 1
    outer loop
      vertex 26.220162612375116 -23.70687244495656 7.1000000000000005
      vertex 29.875808361579004 -23.850503157624914 7.1000000000000005
      vertex 29.779837387624884 -23.70687244495656 7.1000000000000005
    endloop
  endfacet
  facet normal 0 0 1
    outer loop
      vertex 26.124191638420996 -23.850503157624914 7.1000000000000005
      vertex 29.96021435321441 -24.001220900572996 7.1000000000000005
      vertex 29.875808361579004 -23.850503157624914 7.1000000000000005
    endloop
  endfacet
  facet normal 0 0 1
    outer loop
      vertex 26.03978564678559 -24.001220900572996 7.1000000000000005
      vertex 30.032534971524832 -24.1580964487968 7.1000000000000005
      vertex 29.96021435321441 -24.001220900572996 7.1000000000000005
    endloop
  endfacet
  facet normal 0 0 1
    outer loop
      vertex 25.967465028475168 -24.1580964487968 7.1000000000000005
      vertex 30.092324335849337 -24.320162612375114 7.1000000000000005
      vertex 30.032534971524832 -24.1580964487968 7.1000000000000005
    endloop
  endfacet
  facet normal 0 0 1
    outer loop
      vertex 25.907675664150663 -24.320162612375114 7.1000000000000005
      vertex 30.13921382487489 -24.486420199517006 7.1000000000000005
      vertex 30.092324335849337 -24.320162612375114 7.1000000000000005
    endloop
  endfacet
  facet normal 0 0 1
    outer loop
      vertex 25.86078617512511 -24.486420199517006 7.1000000000000005
      vertex 25.827085650690698 -24.655844176911494 7.1000000000000005
      vertex 30.172914349309302 -24.655844176911494 7.1000000000000005
    endloop
  endfacet
  facet normal 0 0 1
    outer loop
      vertex 25.827085650690698 -24.655844176911494 7.1000000000000005
      vertex 25.80678186578712 -24.827389989398743 7.1000000000000005
      vertex 30.19321813421288 -24.827389989398743 7.1000000000000005
    endloop
  endfacet
  facet normal 0 0 1
    outer loop
      vertex 25.80678186578712 -24.827389989398743 7.1000000000000005
      vertex 25.8 -25 7.1000000000000005
      vertex 30.2 -25 7.1000000000000005
    endloop
  endfacet
  facet normal 0 0 1
    outer loop
      vertex 25.8 -25 7.1000000000000005
      vertex 25.80678186578712 -25.172610010601257 7.1000000000000005
      vertex 30.19321813421288 -25.172610010601257 7.1000000000000005
    endloop
  endfacet
  facet normal 0 0 1
    outer loop
      vertex 25.80678186578712 -25.172610010601257 7.1000000000000005
      vertex 25.827085650690698 -25.344155823088506 7.1000000000000005
      vertex 30.172914349309302 -25.344155823088506 7.1000000000000005
    endloop
  endfacet
  facet normal 0 0 1
    outer loop
      vertex 25.827085650690698 -25.344155823088506 7.1000000000000005
      vertex 25.86078617512511 -25.513579800482994 7.1000000000000005
      vertex 30.13921382487489 -25.513579800482994 7.1000000000000005
    endloop
  endfacet
  facet normal 0 0 1
    outer loop
      vertex 25.86078617512511 -25.513579800482994 7.1000000000000005
      vertex 25.907675664150663 -25.679837387624886 7.1000000000000005
      vertex 30.092324335849337 -25.679837387624886 7.1000000000000005
    endloop
  endfacet
  facet normal 0 0 1
    outer loop
      vertex 25.907675664150663 -25.679837387624886 7.1000000000000005
      vertex 25.967465028475168 -25.8419035512032 7.1000000000000005
      vertex 30.032534971524832 -25.8419035512032 7.1000000000000005
    endloop
  endfacet
  facet normal 0 0 1
    outer loop
      vertex 25.967465028475168 -25.8419035512032 7.1000000000000005
      vertex 26.03978564678559 -25.998779099427004 7.1000000000000005
      vertex 29.96021435321441 -25.998779099427004 7.1000000000000005
    endloop
  endfacet
  facet normal 0 0 1
    outer loop
      vertex 26.03978564678559 -25.998779099427004 7.1000000000000005
      vertex 26.124191638420996 -26.149496842375086 7.1000000000000005
      vertex 29.875808361579004 -26.149496842375086 7.1000000000000005
    endloop
  endfacet
  facet normal 0 0 1
    outer loop
      vertex 26.124191638420996 -26.149496842375086 7.1000000000000005
      vertex 26.220162612375116 -26.29312755504344 7.1000000000000005
      vertex 29.779837387624884 -26.29312755504344 7.1000000000000005
    endloop
  endfacet
  facet normal 0 0 1
    outer loop
      vertex 26.220162612375116 -26.29312755504344 7.1000000000000005
      vertex 26.32710687567993 -26.428785706326405 7.1000000000000005
      vertex 29.67289312432007 -26.428785706326405 7.1000000000000005
    endloop
  endfacet
  facet normal 0 0 1
    outer loop
      vertex 26.32710687567993 -26.428785706326405 7.1000000000000005
      vertex 26.444365081389595 -26.555634918610405 7.1000000000000005
      vertex 29.555634918610405 -26.555634918610405 7.1000000000000005
    endloop
  endfacet
  facet normal 0 0 1
    outer loop
      vertex 26.444365081389595 -26.555634918610405 7.1000000000000005
      vertex 26.571214293673595 -26.67289312432007 7.1000000000000005
      vertex 29.428785706326405 -26.67289312432007 7.1000000000000005
    endloop
  endfacet
  facet normal 0 0 1
    outer loop
      vertex 26.571214293673595 -26.67289312432007 7.1000000000000005
      vertex 26.70687244495656 -26.779837387624884 7.1000000000000005
      vertex 29.29312755504344 -26.779837387624884 7.1000000000000005
    endloop
  endfacet
  facet normal 0 0 1
    outer loop
      vertex 26.70687244495656 -26.779837387624884 7.1000000000000005
      vertex 26.850503157624914 -26.875808361579004 7.1000000000000005
      vertex 29.149496842375086 -26.875808361579004 7.1000000000000005
    endloop
  endfacet
  facet normal 0 0 1
    outer loop
      vertex 26.850503157624914 -26.875808361579004 7.1000000000000005
      vertex 27.001220900572996 -26.96021435321441 7.1000000000000005
      vertex 28.998779099427004 -26.96021435321441 7.1000000000000005
    endloop
  endfacet
  facet normal 0 0 1
    outer loop
      vertex 25.86078617512511 -24.486420199517006 7.1000000000000005
      vertex 30.172914349309302 -24.655844176911494 7.1000000000000005
      vertex 30.13921382487489 -24.486420199517006 7.1000000000000005
    endloop
  endfacet
  facet normal 0 0 1
    outer loop
      vertex 25.827085650690698 -24.655844176911494 7.1000000000000005
      vertex 30.19321813421288 -24.827389989398743 7.1000000000000005
      vertex 30.172914349309302 -24.655844176911494 7.1000000000000005
    endloop
  endfacet
  facet normal 0 0 1
    outer loop
      vertex 25.80678186578712 -24.827389989398743 7.1000000000000005
      vertex 30.2 -25 7.1000000000000005
      vertex 30.19321813421288 -24.827389989398743 7.1000000000000005
    endloop
  endfacet
  facet normal 0 0 1
    outer loop
      vertex 25.8 -25 7.1000000000000005
      vertex 30.19321813421288 -25.172610010601257 7.1000000000000005
      vertex 30.2 -25 7.1000000000000005
    endloop
  endfacet
  facet normal 0 0 1
    outer loop
      vertex 25.80678186578712 -25.172610010601257 7.1000000000000005
      vertex 30.172914349309302 -25.344155823088506 7.1000000000000005
      vertex 30.19321813421288 -25.172610010601257 7.1000000000000005
    endloop
  endfacet
  facet normal 0 0 1
    outer loop
      vertex 25.827085650690698 -25.344155823088506 7.1000000000000005
      vertex 30.13921382487489 -25.513579800482994 7.1000000000000005
      vertex 30.172914349309302 -25.344155823088506 7.1000000000000005
    endloop
  endfacet
  facet normal 0 0 1
    outer loop
      vertex 25.86078617512511 -25.513579800482994 7.1000000000000005
      vertex 30.092324335849337 -25.679837387624886 7.1000000000000005
      vertex 30.13921382487489 -25.513579800482994 7.1000000000000005
    endloop
  endfacet
  facet normal 0 0 1
    outer loop
      vertex 25.907675664150663 -25.679837387624886 7.1000000000000005
      vertex 30.032534971524832 -25.8419035512032 7.1000000000000005
      vertex 30.092324335849337 -25.679837387624886 7.1000000000000005
    endloop
  endfacet
  facet normal 0 0 1
    outer loop
      vertex 26.571214293673595 -26.67289312432007 7.1000000000000005
      vertex 29.29312755504344 -26.779837387624884 7.1000000000000005
      vertex 29.428785706326405 -26.67289312432007 7.1000000000000005
    endloop
  endfacet
  facet normal 0 0 1
    outer loop
      vertex 26.70687244495656 -26.779837387624884 7.1000000000000005
      vertex 29.149496842375086 -26.875808361579004 7.1000000000000005
      vertex 29.29312755504344 -26.779837387624884 7.1000000000000005
    endloop
  endfacet
  facet normal 0 0 1
    outer loop
      vertex 26.850503157624914 -26.875808361579004 7.1000000000000005
      vertex 28.998779099427004 -26.96021435321441 7.1000000000000005
      vertex 29.149496842375086 -26.875808361579004 7.1000000000000005
    endloop
  endfacet
  facet normal 0 0 1
    outer loop
      vertex 27.001220900572996 -26.96021435321441 7.1000000000000005
      vertex 28.8419035512032 -27.032534971524832 7.1000000000000005
      vertex 28.998779099427004 -26.96021435321441 7.1000000000000005
    endloop
  endfacet
  facet normal 0 0 1
    outer loop
      vertex 26.03978564678559 -25.998779099427004 7.1000000000000005
      vertex 29.875808361579004 -26.149496842375086 7.1000000000000005
      vertex 29.96021435321441 -25.998779099427004 7.1000000000000005
    endloop
  endfacet
  facet normal 0 0 1
    outer loop
      vertex 25.967465028475168 -25.8419035512032 7.1000000000000005
      vertex 29.96021435321441 -25.998779099427004 7.1000000000000005
      vertex 30.032534971524832 -25.8419035512032 7.1000000000000005
    endloop
  endfacet
  facet normal 0 0 1
    outer loop
      vertex 26.124191638420996 -26.149496842375086 7.1000000000000005
      vertex 29.779837387624884 -26.29312755504344 7.1000000000000005
      vertex 29.875808361579004 -26.149496842375086 7.1000000000000005
    endloop
  endfacet
  facet normal 0 0 1
    outer loop
      vertex 26.220162612375116 -26.29312755504344 7.1000000000000005
      vertex 29.67289312432007 -26.428785706326405 7.1000000000000005
      vertex 29.779837387624884 -26.29312755504344 7.1000000000000005
    endloop
  endfacet
  facet normal 0 0 1
    outer loop
      vertex 26.32710687567993 -26.428785706326405 7.1000000000000005
      vertex 29.555634918610405 -26.555634918610405 7.1000000000000005
      vertex 29.67289312432007 -26.428785706326405 7.1000000000000005
    endloop
  endfacet
  facet normal 0 0 1
    outer loop
      vertex 26.444365081389595 -26.555634918610405 7.1000000000000005
      vertex 29.428785706326405 -26.67289312432007 7.1000000000000005
      vertex 29.555634918610405 -26.555634918610405 7.1000000000000005
    endloop
  endfacet
  facet normal 0 0 1
    outer loop
      vertex 27.001220900572996 -26.96021435321441 7.1000000000000005
      vertex 27.1580964487968 -27.032534971524832 7.1000000000000005
      vertex 28.8419035512032 -27.032534971524832 7.1000000000000005
    endloop
  endfacet
  facet normal 0 0 1
    outer loop
      vertex 27.1580964487968 -27.032534971524832 7.1000000000000005
      vertex 27.320162612375114 -27.092324335849337 7.1000000000000005
      vertex 28.679837387624886 -27.092324335849337 7.1000000000000005
    endloop
  endfacet
  facet normal 0 0 1
    outer loop
      vertex 27.320162612375114 -27.092324335849337 7.1000000000000005
      vertex 27.486420199517006 -27.13921382487489 7.1000000000000005
      vertex 28.513579800482994 -27.13921382487489 7.1000000000000005
    endloop
  endfacet
  facet normal 0 0 1
    outer loop
      vertex 27.486420199517006 -27.13921382487489 7.1000000000000005
      vertex 27.655844176911494 -27.172914349309302 7.1000000000000005
      vertex 28.344155823088506 -27.172914349309302 7.1000000000000005
    endloop
  endfacet
  facet normal 0 0 1
    outer loop
      vertex 27.655844176911494 -27.172914349309302 7.1000000000000005
      vertex 27.827389989398743 -27.19321813421288 7.1000000000000005
      vertex 28.172610010601257 -27.19321813421288 7.1000000000000005
    endloop
  endfacet
  facet normal 0 0 1
    outer loop
      vertex 27.827389989398743 -27.19321813421288 7.1000000000000005
      vertex 28 -27.2 7.1000000000000005
      vertex 28.172610010601257 -27.19321813421288 7.1000000000000005
    endloop
  endfacet
  facet normal 0 0 1
    outer loop
      vertex 27.486420199517006 -27.13921382487489 7.1000000000000005
      vertex 28.344155823088506 -27.172914349309302 7.1000000000000005
      vertex 28.513579800482994 -27.13921382487489 7.1000000000000005
    endloop
  endfacet
  facet normal 0 0 1
    outer loop
      vertex 27.1580964487968 -27.032534971524832 7.1000000000000005
      vertex 28.679837387624886 -27.092324335849337 7.1000000000000005
      vertex 28.8419035512032 -27.032534971524832 7.1000000000000005
    endloop
  endfacet
  facet normal 0 0 1
    outer loop
      vertex 27.320162612375114 -27.092324335849337 7.1000000000000005
      vertex 28.513579800482994 -27.13921382487489 7.1000000000000005
      vertex 28.679837387624886 -27.092324335849337 7.1000000000000005
    endloop
  endfacet
  facet normal 0 0 1
    outer loop
      vertex 27.655844176911494 -27.172914349309302 7.1000000000000005
      vertex 28.172610010601257 -27.19321813421288 7.1000000000000005
      vertex 28.344155823088506 -27.172914349309302 7.1000000000000005
    endloop
  endfacet
  facet normal 0.5555702330196065 -0.8314696123025425 0
    outer loop
      vertex 26.70687244495656 -23.220162612375116 7.1000000000000005
      vertex 26.850503157624914 -23.124191638420996 7.1000000000000005
      vertex 26.850503157624914 -23.124191638420996 11.600000000000023
    endloop
  endfacet
  facet normal 0.4886212414969639 -0.8724960070727921 0
    outer loop
      vertex 27.001220900572996 -23.03978564678559 7.1000000000000005
      vertex 27.001220900572996 -23.03978564678559 11.600000000000023
      vertex 26.850503157624914 -23.124191638420996 7.1000000000000005
    endloop
  endfacet
  facet normal 0.41865973753742575 -0.9081431738250823 0
    outer loop
      vertex 27.001220900572996 -23.03978564678559 7.1000000000000005
      vertex 27.1580964487968 -22.967465028475168 7.1000000000000005
      vertex 27.1580964487968 -22.967465028475168 11.600000000000023
    endloop
  endfacet
  facet normal 0.3461170570774838 -0.9381913359224876 0
    outer loop
      vertex 27.1580964487968 -22.967465028475168 7.1000000000000005
      vertex 27.320162612375114 -22.907675664150663 7.1000000000000005
      vertex 27.320162612375114 -22.907675664150663 11.600000000000023
    endloop
  endfacet
  facet normal 0.27144044986508525 -0.9624552364536443 0
    outer loop
      vertex 27.320162612375114 -22.907675664150663 7.1000000000000005
      vertex 27.486420199517006 -22.86078617512511 7.1000000000000005
      vertex 27.486420199517006 -22.86078617512511 11.600000000000023
    endloop
  endfacet
  facet normal 0.19509032201611068 -0.9807852804032339 0
    outer loop
      vertex 27.486420199517006 -22.86078617512511 7.1000000000000005
      vertex 27.655844176911494 -22.827085650690698 7.1000000000000005
      vertex 27.655844176911494 -22.827085650690698 11.600000000000023
    endloop
  endfacet
  facet normal 0.734322509435683 -0.6788007455329446 0
    outer loop
      vertex 26.32710687567993 -23.571214293673595 7.1000000000000005
      vertex 26.444365081389595 -23.444365081389595 7.1000000000000005
      vertex 26.444365081389595 -23.444365081389595 11.600000000000023
    endloop
  endfacet
  facet normal 0.8314696123025425 -0.5555702330196065 0
    outer loop
      vertex 26.124191638420996 -23.850503157624914 7.1000000000000005
      vertex 26.220162612375116 -23.70687244495656 7.1000000000000005
      vertex 26.220162612375116 -23.70687244495656 11.600000000000023
    endloop
  endfacet
  facet normal 0.7853169308807514 -0.6190939493098256 0
    outer loop
      vertex 26.220162612375116 -23.70687244495656 7.1000000000000005
      vertex 26.32710687567993 -23.571214293673595 7.1000000000000005
      vertex 26.32710687567993 -23.571214293673595 11.600000000000023
    endloop
  endfacet
  facet normal 0.6788007455329446 -0.734322509435683 0
    outer loop
      vertex 26.571214293673595 -23.32710687567993 7.1000000000000005
      vertex 26.571214293673595 -23.32710687567993 11.600000000000023
      vertex 26.444365081389595 -23.444365081389595 7.1000000000000005
    endloop
  endfacet
  facet normal 0.6190939493098256 -0.7853169308807514 0
    outer loop
      vertex 26.70687244495656 -23.220162612375116 7.1000000000000005
      vertex 26.70687244495656 -23.220162612375116 11.600000000000023
      vertex 26.571214293673595 -23.32710687567993 7.1000000000000005
    endloop
  endfacet
  facet normal 0.8724960070727921 -0.4886212414969639 0
    outer loop
      vertex 26.124191638420996 -23.850503157624914 7.1000000000000005
      vertex 26.124191638420996 -23.850503157624914 11.600000000000023
      vertex 26.03978564678559 -24.001220900572996 7.1000000000000005
    endloop
  endfacet
  facet normal 0.9081431738250823 -0.41865973753742575 0
    outer loop
      vertex 25.967465028475168 -24.1580964487968 7.1000000000000005
      vertex 26.03978564678559 -24.001220900572996 7.1000000000000005
      vertex 26.03978564678559 -24.001220900572996 11.600000000000023
    endloop
  endfacet
  facet normal 0.1175373974578388 -0.9930684569549262 0
    outer loop
      vertex 27.655844176911494 -22.827085650690698 7.1000000000000005
      vertex 27.827389989398743 -22.80678186578712 7.1000000000000005
      vertex 27.827389989398743 -22.80678186578712 11.600000000000023
    endloop
  endfacet
  facet normal 0.03925981575906975 -0.9992290362407229 0
    outer loop
      vertex 27.827389989398743 -22.80678186578712 7.1000000000000005
      vertex 28 -22.8 7.1000000000000005
      vertex 28 -22.8 11.600000000000023
    endloop
  endfacet
  facet normal -0.03925981575906975 -0.9992290362407229 0
    outer loop
      vertex 28 -22.8 7.1000000000000005
      vertex 28.172610010601257 -22.80678186578712 7.1000000000000005
      vertex 28.172610010601257 -22.80678186578712 11.600000000000023
    endloop
  endfacet
  facet normal -0.1175373974578388 -0.9930684569549262 0
    outer loop
      vertex 28.172610010601257 -22.80678186578712 7.1000000000000005
      vertex 28.344155823088506 -22.827085650690698 7.1000000000000005
      vertex 28.344155823088506 -22.827085650690698 11.600000000000023
    endloop
  endfacet
  facet normal -0.19509032201611068 -0.9807852804032339 0
    outer loop
      vertex 28.344155823088506 -22.827085650690698 7.1000000000000005
      vertex 28.513579800482994 -22.86078617512511 7.1000000000000005
      vertex 28.513579800482994 -22.86078617512511 11.600000000000023
    endloop
  endfacet
  facet normal -0.27144044986508525 -0.9624552364536443 0
    outer loop
      vertex 28.513579800482994 -22.86078617512511 7.1000000000000005
      vertex 28.679837387624886 -22.907675664150663 7.1000000000000005
      vertex 28.679837387624886 -22.907675664150663 11.600000000000023
    endloop
  endfacet
  facet normal -0.3461170570774838 -0.9381913359224876 0
    outer loop
      vertex 28.679837387624886 -22.907675664150663 7.1000000000000005
      vertex 28.8419035512032 -22.967465028475168 7.1000000000000005
      vertex 28.8419035512032 -22.967465028475168 11.600000000000023
    endloop
  endfacet
  facet normal -0.41865973753742575 -0.9081431738250823 0
    outer loop
      vertex 28.8419035512032 -22.967465028475168 7.1000000000000005
      vertex 28.998779099427004 -23.03978564678559 7.1000000000000005
      vertex 28.998779099427004 -23.03978564678559 11.600000000000023
    endloop
  endfacet
  facet normal -0.4886212414969639 -0.8724960070727921 0
    outer loop
      vertex 28.998779099427004 -23.03978564678559 7.1000000000000005
      vertex 29.149496842375086 -23.124191638420996 7.1000000000000005
      vertex 29.149496842375086 -23.124191638420996 11.600000000000023
    endloop
  endfacet
  facet normal -0.5555702330196065 -0.8314696123025425 0
    outer loop
      vertex 29.149496842375086 -23.124191638420996 7.1000000000000005
      vertex 29.29312755504344 -23.220162612375116 7.1000000000000005
      vertex 29.29312755504344 -23.220162612375116 11.600000000000023
    endloop
  endfacet
  facet normal 0.8724960070727921 0.4886212414969639 0
    outer loop
      vertex 26.03978564678559 -25.998779099427004 7.1000000000000005
      vertex 26.03978564678559 -25.998779099427004 11.600000000000023
      vertex 26.124191638420996 -26.149496842375086 7.1000000000000005
    endloop
  endfacet
  facet normal 0.8314696123025425 0.5555702330196065 0
    outer loop
      vertex 26.124191638420996 -26.149496842375086 7.1000000000000005
      vertex 26.124191638420996 -26.149496842375086 11.600000000000023
      vertex 26.220162612375116 -26.29312755504344 7.1000000000000005
    endloop
  endfacet
  facet normal 0.7853169308807514 0.6190939493098256 0
    outer loop
      vertex 26.220162612375116 -26.29312755504344 7.1000000000000005
      vertex 26.220162612375116 -26.29312755504344 11.600000000000023
      vertex 26.32710687567993 -26.428785706326405 7.1000000000000005
    endloop
  endfacet
  facet normal 0.734322509435683 0.6788007455329446 0
    outer loop
      vertex 26.32710687567993 -26.428785706326405 7.1000000000000005
      vertex 26.32710687567993 -26.428785706326405 11.600000000000023
      vertex 26.444365081389595 -26.555634918610405 7.1000000000000005
    endloop
  endfacet
  facet normal 0.6788007455329446 0.734322509435683 0
    outer loop
      vertex 26.444365081389595 -26.555634918610405 7.1000000000000005
      vertex 26.444365081389595 -26.555634918610405 11.600000000000023
      vertex 26.571214293673595 -26.67289312432007 7.1000000000000005
    endloop
  endfacet
  facet normal 0.6190939493098256 0.7853169308807514 0
    outer loop
      vertex 26.571214293673595 -26.67289312432007 7.1000000000000005
      vertex 26.571214293673595 -26.67289312432007 11.600000000000023
      vertex 26.70687244495656 -26.779837387624884 7.1000000000000005
    endloop
  endfacet
  facet normal 0.5555702330196065 0.8314696123025425 0
    outer loop
      vertex 26.70687244495656 -26.779837387624884 7.1000000000000005
      vertex 26.70687244495656 -26.779837387624884 11.600000000000023
      vertex 26.850503157624914 -26.875808361579004 7.1000000000000005
    endloop
  endfacet
  facet normal 0.4886212414969639 0.8724960070727921 0
    outer loop
      vertex 26.850503157624914 -26.875808361579004 7.1000000000000005
      vertex 26.850503157624914 -26.875808361579004 11.600000000000023
      vertex 27.001220900572996 -26.96021435321441 7.1000000000000005
    endloop
  endfacet
  facet normal 0.41865973753742575 0.9081431738250823 0
    outer loop
      vertex 27.001220900572996 -26.96021435321441 7.1000000000000005
      vertex 27.001220900572996 -26.96021435321441 11.600000000000023
      vertex 27.1580964487968 -27.032534971524832 7.1000000000000005
    endloop
  endfacet
  facet normal -0.4886212414969639 0.8724960070727921 0
    outer loop
      vertex 28.998779099427004 -26.96021435321441 7.1000000000000005
      vertex 28.998779099427004 -26.96021435321441 11.600000000000023
      vertex 29.149496842375086 -26.875808361579004 7.1000000000000005
    endloop
  endfacet
  facet normal -0.5555702330196065 0.8314696123025425 0
    outer loop
      vertex 29.149496842375086 -26.875808361579004 7.1000000000000005
      vertex 29.149496842375086 -26.875808361579004 11.600000000000023
      vertex 29.29312755504344 -26.779837387624884 7.1000000000000005
    endloop
  endfacet
  facet normal 0.5555702330196065 -0.8314696123025425 0
    outer loop
      vertex 26.70687244495656 -23.220162612375116 7.1000000000000005
      vertex 26.850503157624914 -23.124191638420996 11.600000000000023
      vertex 26.70687244495656 -23.220162612375116 11.600000000000023
    endloop
  endfacet
  facet normal 0.4886212414969639 -0.8724960070727921 0
    outer loop
      vertex 26.850503157624914 -23.124191638420996 7.1000000000000005
      vertex 27.001220900572996 -23.03978564678559 11.600000000000023
      vertex 26.850503157624914 -23.124191638420996 11.600000000000023
    endloop
  endfacet
  facet normal 0.41865973753742575 -0.9081431738250823 0
    outer loop
      vertex 27.001220900572996 -23.03978564678559 7.1000000000000005
      vertex 27.1580964487968 -22.967465028475168 11.600000000000023
      vertex 27.001220900572996 -23.03978564678559 11.600000000000023
    endloop
  endfacet
  facet normal 0.3461170570774838 -0.9381913359224876 0
    outer loop
      vertex 27.1580964487968 -22.967465028475168 7.1000000000000005
      vertex 27.320162612375114 -22.907675664150663 11.600000000000023
      vertex 27.1580964487968 -22.967465028475168 11.600000000000023
    endloop
  endfacet
  facet normal 0.27144044986508525 -0.9624552364536443 0
    outer loop
      vertex 27.320162612375114 -22.907675664150663 7.1000000000000005
      vertex 27.486420199517006 -22.86078617512511 11.600000000000023
      vertex 27.320162612375114 -22.907675664150663 11.600000000000023
    endloop
  endfacet
  facet normal 0.19509032201611068 -0.9807852804032339 0
    outer loop
      vertex 27.486420199517006 -22.86078617512511 7.1000000000000005
      vertex 27.655844176911494 -22.827085650690698 11.600000000000023
      vertex 27.486420199517006 -22.86078617512511 11.600000000000023
    endloop
  endfacet
  facet normal 0.734322509435683 -0.6788007455329446 0
    outer loop
      vertex 26.32710687567993 -23.571214293673595 7.1000000000000005
      vertex 26.444365081389595 -23.444365081389595 11.600000000000023
      vertex 26.32710687567993 -23.571214293673595 11.600000000000023
    endloop
  endfacet
  facet normal 0.8314696123025425 -0.5555702330196065 0
    outer loop
      vertex 26.124191638420996 -23.850503157624914 7.1000000000000005
      vertex 26.220162612375116 -23.70687244495656 11.600000000000023
      vertex 26.124191638420996 -23.850503157624914 11.600000000000023
    endloop
  endfacet
  facet normal 0.7853169308807514 -0.6190939493098256 0
    outer loop
      vertex 26.220162612375116 -23.70687244495656 7.1000000000000005
      vertex 26.32710687567993 -23.571214293673595 11.600000000000023
      vertex 26.220162612375116 -23.70687244495656 11.600000000000023
    endloop
  endfacet
  facet normal 0.6788007455329446 -0.734322509435683 0
    outer loop
      vertex 26.444365081389595 -23.444365081389595 7.1000000000000005
      vertex 26.571214293673595 -23.32710687567993 11.600000000000023
      vertex 26.444365081389595 -23.444365081389595 11.600000000000023
    endloop
  endfacet
  facet normal 0.6190939493098256 -0.7853169308807514 0
    outer loop
      vertex 26.571214293673595 -23.32710687567993 7.1000000000000005
      vertex 26.70687244495656 -23.220162612375116 11.600000000000023
      vertex 26.571214293673595 -23.32710687567993 11.600000000000023
    endloop
  endfacet
  facet normal 0.8724960070727921 -0.4886212414969639 0
    outer loop
      vertex 26.03978564678559 -24.001220900572996 7.1000000000000005
      vertex 26.124191638420996 -23.850503157624914 11.600000000000023
      vertex 26.03978564678559 -24.001220900572996 11.600000000000023
    endloop
  endfacet
  facet normal 0.1175373974578388 -0.9930684569549262 0
    outer loop
      vertex 27.655844176911494 -22.827085650690698 7.1000000000000005
      vertex 27.827389989398743 -22.80678186578712 11.600000000000023
      vertex 27.655844176911494 -22.827085650690698 11.600000000000023
    endloop
  endfacet
  facet normal 0.03925981575906975 -0.9992290362407229 0
    outer loop
      vertex 27.827389989398743 -22.80678186578712 7.1000000000000005
      vertex 28 -22.8 11.600000000000023
      vertex 27.827389989398743 -22.80678186578712 11.600000000000023
    endloop
  endfacet
  facet normal -0.03925981575906975 -0.9992290362407229 0
    outer loop
      vertex 28 -22.8 7.1000000000000005
      vertex 28.172610010601257 -22.80678186578712 11.600000000000023
      vertex 28 -22.8 11.600000000000023
    endloop
  endfacet
  facet normal -0.1175373974578388 -0.9930684569549262 0
    outer loop
      vertex 28.172610010601257 -22.80678186578712 7.1000000000000005
      vertex 28.344155823088506 -22.827085650690698 11.600000000000023
      vertex 28.172610010601257 -22.80678186578712 11.600000000000023
    endloop
  endfacet
  facet normal -0.19509032201611068 -0.9807852804032339 0
    outer loop
      vertex 28.344155823088506 -22.827085650690698 7.1000000000000005
      vertex 28.513579800482994 -22.86078617512511 11.600000000000023
      vertex 28.344155823088506 -22.827085650690698 11.600000000000023
    endloop
  endfacet
  facet normal -0.27144044986508525 -0.9624552364536443 0
    outer loop
      vertex 28.513579800482994 -22.86078617512511 7.1000000000000005
      vertex 28.679837387624886 -22.907675664150663 11.600000000000023
      vertex 28.513579800482994 -22.86078617512511 11.600000000000023
    endloop
  endfacet
  facet normal -0.3461170570774838 -0.9381913359224876 0
    outer loop
      vertex 28.679837387624886 -22.907675664150663 7.1000000000000005
      vertex 28.8419035512032 -22.967465028475168 11.600000000000023
      vertex 28.679837387624886 -22.907675664150663 11.600000000000023
    endloop
  endfacet
  facet normal -0.41865973753742575 -0.9081431738250823 0
    outer loop
      vertex 28.8419035512032 -22.967465028475168 7.1000000000000005
      vertex 28.998779099427004 -23.03978564678559 11.600000000000023
      vertex 28.8419035512032 -22.967465028475168 11.600000000000023
    endloop
  endfacet
  facet normal -0.4886212414969639 -0.8724960070727921 0
    outer loop
      vertex 28.998779099427004 -23.03978564678559 7.1000000000000005
      vertex 29.149496842375086 -23.124191638420996 11.600000000000023
      vertex 28.998779099427004 -23.03978564678559 11.600000000000023
    endloop
  endfacet
  facet normal -0.5555702330196065 -0.8314696123025425 0
    outer loop
      vertex 29.149496842375086 -23.124191638420996 7.1000000000000005
      vertex 29.29312755504344 -23.220162612375116 11.600000000000023
      vertex 29.149496842375086 -23.124191638420996 11.600000000000023
    endloop
  endfacet
  facet normal 0.9081431738250823 0.41865973753742575 0
    outer loop
      vertex 25.967465028475168 -25.8419035512032 11.600000000000023
      vertex 26.03978564678559 -25.998779099427004 11.600000000000023
      vertex 26.03978564678559 -25.998779099427004 7.1000000000000005
    endloop
  endfacet
  facet normal 0.8724960070727921 0.4886212414969639 0
    outer loop
      vertex 26.124191638420996 -26.149496842375086 7.1000000000000005
      vertex 26.03978564678559 -25.998779099427004 11.600000000000023
      vertex 26.124191638420996 -26.149496842375086 11.600000000000023
    endloop
  endfacet
  facet normal 0.8314696123025425 0.5555702330196065 0
    outer loop
      vertex 26.220162612375116 -26.29312755504344 7.1000000000000005
      vertex 26.124191638420996 -26.149496842375086 11.600000000000023
      vertex 26.220162612375116 -26.29312755504344 11.600000000000023
    endloop
  endfacet
  facet normal 0.7853169308807514 0.6190939493098256 0
    outer loop
      vertex 26.32710687567993 -26.428785706326405 7.1000000000000005
      vertex 26.220162612375116 -26.29312755504344 11.600000000000023
      vertex 26.32710687567993 -26.428785706326405 11.600000000000023
    endloop
  endfacet
  facet normal 0.734322509435683 0.6788007455329446 0
    outer loop
      vertex 26.444365081389595 -26.555634918610405 7.1000000000000005
      vertex 26.32710687567993 -26.428785706326405 11.600000000000023
      vertex 26.444365081389595 -26.555634918610405 11.600000000000023
    endloop
  endfacet
  facet normal 0.6788007455329446 0.734322509435683 0
    outer loop
      vertex 26.571214293673595 -26.67289312432007 7.1000000000000005
      vertex 26.444365081389595 -26.555634918610405 11.600000000000023
      vertex 26.571214293673595 -26.67289312432007 11.600000000000023
    endloop
  endfacet
  facet normal 0.6190939493098256 0.7853169308807514 0
    outer loop
      vertex 26.70687244495656 -26.779837387624884 7.1000000000000005
      vertex 26.571214293673595 -26.67289312432007 11.600000000000023
      vertex 26.70687244495656 -26.779837387624884 11.600000000000023
    endloop
  endfacet
  facet normal 0.5555702330196065 0.8314696123025425 0
    outer loop
      vertex 26.850503157624914 -26.875808361579004 7.1000000000000005
      vertex 26.70687244495656 -26.779837387624884 11.600000000000023
      vertex 26.850503157624914 -26.875808361579004 11.600000000000023
    endloop
  endfacet
  facet normal 0.4886212414969639 0.8724960070727921 0
    outer loop
      vertex 27.001220900572996 -26.96021435321441 7.1000000000000005
      vertex 26.850503157624914 -26.875808361579004 11.600000000000023
      vertex 27.001220900572996 -26.96021435321441 11.600000000000023
    endloop
  endfacet
  facet normal -0.41865973753742575 0.9081431738250823 0
    outer loop
      vertex 28.998779099427004 -26.96021435321441 7.1000000000000005
      vertex 28.8419035512032 -27.032534971524832 11.600000000000023
      vertex 28.998779099427004 -26.96021435321441 11.600000000000023
    endloop
  endfacet
  facet normal -0.5555702330196065 0.8314696123025425 0
    outer loop
      vertex 29.29312755504344 -26.779837387624884 7.1000000000000005
      vertex 29.149496842375086 -26.875808361579004 11.600000000000023
      vertex 29.29312755504344 -26.779837387624884 11.600000000000023
    endloop
  endfacet
  facet normal -0.4886212414969639 0.8724960070727921 0
    outer loop
      vertex 29.149496842375086 -26.875808361579004 7.1000000000000005
      vertex 28.998779099427004 -26.96021435321441 11.600000000000023
      vertex 29.149496842375086 -26.875808361579004 11.600000000000023
    endloop
  endfacet
  facet normal -0.6190939493098256 -0.7853169308807514 0
    outer loop
      vertex 29.29312755504344 -23.220162612375116 7.1000000000000005
      vertex 29.428785706326405 -23.32710687567993 7.1000000000000005
      vertex 29.428785706326405 -23.32710687567993 11.600000000000023
    endloop
  endfacet
  facet normal -0.6788007455329446 -0.734322509435683 0
    outer loop
      vertex 29.428785706326405 -23.32710687567993 7.1000000000000005
      vertex 29.555634918610405 -23.444365081389595 7.1000000000000005
      vertex 29.555634918610405 -23.444365081389595 11.600000000000023
    endloop
  endfacet
  facet normal -0.734322509435683 -0.6788007455329446 0
    outer loop
      vertex 29.555634918610405 -23.444365081389595 7.1000000000000005
      vertex 29.67289312432007 -23.571214293673595 7.1000000000000005
      vertex 29.67289312432007 -23.571214293673595 11.600000000000023
    endloop
  endfacet
  facet normal -0.7853169308807514 -0.6190939493098256 0
    outer loop
      vertex 29.67289312432007 -23.571214293673595 7.1000000000000005
      vertex 29.779837387624884 -23.70687244495656 7.1000000000000005
      vertex 29.779837387624884 -23.70687244495656 11.600000000000023
    endloop
  endfacet
  facet normal -0.8314696123025425 -0.5555702330196065 0
    outer loop
      vertex 29.779837387624884 -23.70687244495656 7.1000000000000005
      vertex 29.875808361579004 -23.850503157624914 7.1000000000000005
      vertex 29.875808361579004 -23.850503157624914 11.600000000000023
    endloop
  endfacet
  facet normal -0.8724960070727921 -0.4886212414969639 0
    outer loop
      vertex 29.875808361579004 -23.850503157624914 7.1000000000000005
      vertex 29.96021435321441 -24.001220900572996 7.1000000000000005
      vertex 29.96021435321441 -24.001220900572996 11.600000000000023
    endloop
  endfacet
  facet normal -0.9081431738250823 -0.41865973753742575 0
    outer loop
      vertex 29.96021435321441 -24.001220900572996 7.1000000000000005
      vertex 30.032534971524832 -24.1580964487968 7.1000000000000005
      vertex 30.032534971524832 -24.1580964487968 11.600000000000023
    endloop
  endfacet
  facet normal -0.9381913359224876 -0.3461170570774838 0
    outer loop
      vertex 30.032534971524832 -24.1580964487968 7.1000000000000005
      vertex 30.092324335849337 -24.320162612375114 7.1000000000000005
      vertex 30.092324335849337 -24.320162612375114 11.600000000000023
    endloop
  endfacet
  facet normal -0.9624552364536443 -0.27144044986508525 0
    outer loop
      vertex 30.092324335849337 -24.320162612375114 7.1000000000000005
      vertex 30.13921382487489 -24.486420199517006 7.1000000000000005
      vertex 30.13921382487489 -24.486420199517006 11.600000000000023
    endloop
  endfacet
  facet normal -0.9807852804032339 -0.19509032201611068 0
    outer loop
      vertex 30.13921382487489 -24.486420199517006 7.1000000000000005
      vertex 30.172914349309302 -24.655844176911494 7.1000000000000005
      vertex 30.172914349309302 -24.655844176911494 11.600000000000023
    endloop
  endfacet
  facet normal -0.9930684569549262 -0.1175373974578388 0
    outer loop
      vertex 30.172914349309302 -24.655844176911494 7.1000000000000005
      vertex 30.19321813421288 -24.827389989398743 7.1000000000000005
      vertex 30.19321813421288 -24.827389989398743 11.600000000000023
    endloop
  endfacet
  facet normal -0.9992290362407229 -0.03925981575906975 0
    outer loop
      vertex 30.19321813421288 -24.827389989398743 7.1000000000000005
      vertex 30.2 -25 7.1000000000000005
      vertex 30.2 -25 11.600000000000023
    endloop
  endfacet
  facet normal -0.9992290362407229 0.03925981575906975 0
    outer loop
      vertex 30.2 -25 7.1000000000000005
      vertex 30.19321813421288 -25.172610010601257 7.1000000000000005
      vertex 30.19321813421288 -25.172610010601257 11.600000000000023
    endloop
  endfacet
  facet normal -0.9930684569549262 0.1175373974578388 0
    outer loop
      vertex 30.19321813421288 -25.172610010601257 7.1000000000000005
      vertex 30.172914349309302 -25.344155823088506 7.1000000000000005
      vertex 30.172914349309302 -25.344155823088506 11.600000000000023
    endloop
  endfacet
  facet normal -0.9807852804032339 0.19509032201611068 0
    outer loop
      vertex 30.172914349309302 -25.344155823088506 7.1000000000000005
      vertex 30.13921382487489 -25.513579800482994 7.1000000000000005
      vertex 30.13921382487489 -25.513579800482994 11.600000000000023
    endloop
  endfacet
  facet normal -0.9624552364536443 0.27144044986508525 0
    outer loop
      vertex 30.13921382487489 -25.513579800482994 7.1000000000000005
      vertex 30.092324335849337 -25.679837387624886 7.1000000000000005
      vertex 30.092324335849337 -25.679837387624886 11.600000000000023
    endloop
  endfacet
  facet normal -0.9381913359224876 0.3461170570774838 0
    outer loop
      vertex 30.092324335849337 -25.679837387624886 7.1000000000000005
      vertex 30.032534971524832 -25.8419035512032 7.1000000000000005
      vertex 30.032534971524832 -25.8419035512032 11.600000000000023
    endloop
  endfacet
  facet normal -0.9081431738250823 0.41865973753742575 0
    outer loop
      vertex 30.032534971524832 -25.8419035512032 7.1000000000000005
      vertex 29.96021435321441 -25.998779099427004 7.1000000000000005
      vertex 29.96021435321441 -25.998779099427004 11.600000000000023
    endloop
  endfacet
  facet normal -0.8314696123025425 0.5555702330196065 0
    outer loop
      vertex 29.779837387624884 -26.29312755504344 7.1000000000000005
      vertex 29.779837387624884 -26.29312755504344 11.600000000000023
      vertex 29.875808361579004 -26.149496842375086 7.1000000000000005
    endloop
  endfacet
  facet normal -0.8724960070727921 0.4886212414969639 0
    outer loop
      vertex 29.96021435321441 -25.998779099427004 7.1000000000000005
      vertex 29.875808361579004 -26.149496842375086 7.1000000000000005
      vertex 29.875808361579004 -26.149496842375086 11.600000000000023
    endloop
  endfacet
  facet normal -0.734322509435683 0.6788007455329446 0
    outer loop
      vertex 29.555634918610405 -26.555634918610405 7.1000000000000005
      vertex 29.555634918610405 -26.555634918610405 11.600000000000023
      vertex 29.67289312432007 -26.428785706326405 7.1000000000000005
    endloop
  endfacet
  facet normal -0.6788007455329446 0.734322509435683 0
    outer loop
      vertex 29.428785706326405 -26.67289312432007 7.1000000000000005
      vertex 29.428785706326405 -26.67289312432007 11.600000000000023
      vertex 29.555634918610405 -26.555634918610405 7.1000000000000005
    endloop
  endfacet
  facet normal -0.6190939493098256 0.7853169308807514 0
    outer loop
      vertex 29.428785706326405 -26.67289312432007 7.1000000000000005
      vertex 29.29312755504344 -26.779837387624884 7.1000000000000005
      vertex 29.29312755504344 -26.779837387624884 11.600000000000023
    endloop
  endfacet
  facet normal -0.7853169308807514 0.6190939493098256 0
    outer loop
      vertex 29.779837387624884 -26.29312755504344 7.1000000000000005
      vertex 29.67289312432007 -26.428785706326405 7.1000000000000005
      vertex 29.67289312432007 -26.428785706326405 11.600000000000023
    endloop
  endfacet
  facet normal -0.6190939493098256 -0.7853169308807514 0
    outer loop
      vertex 29.29312755504344 -23.220162612375116 7.1000000000000005
      vertex 29.428785706326405 -23.32710687567993 11.600000000000023
      vertex 29.29312755504344 -23.220162612375116 11.600000000000023
    endloop
  endfacet
  facet normal -0.6788007455329446 -0.734322509435683 0
    outer loop
      vertex 29.428785706326405 -23.32710687567993 7.1000000000000005
      vertex 29.555634918610405 -23.444365081389595 11.600000000000023
      vertex 29.428785706326405 -23.32710687567993 11.600000000000023
    endloop
  endfacet
  facet normal -0.734322509435683 -0.6788007455329446 0
    outer loop
      vertex 29.555634918610405 -23.444365081389595 7.1000000000000005
      vertex 29.67289312432007 -23.571214293673595 11.600000000000023
      vertex 29.555634918610405 -23.444365081389595 11.600000000000023
    endloop
  endfacet
  facet normal -0.7853169308807514 -0.6190939493098256 0
    outer loop
      vertex 29.67289312432007 -23.571214293673595 7.1000000000000005
      vertex 29.779837387624884 -23.70687244495656 11.600000000000023
      vertex 29.67289312432007 -23.571214293673595 11.600000000000023
    endloop
  endfacet
  facet normal -0.8314696123025425 -0.5555702330196065 0
    outer loop
      vertex 29.779837387624884 -23.70687244495656 7.1000000000000005
      vertex 29.875808361579004 -23.850503157624914 11.600000000000023
      vertex 29.779837387624884 -23.70687244495656 11.600000000000023
    endloop
  endfacet
  facet normal -0.8724960070727921 -0.4886212414969639 0
    outer loop
      vertex 29.875808361579004 -23.850503157624914 7.1000000000000005
      vertex 29.96021435321441 -24.001220900572996 11.600000000000023
      vertex 29.875808361579004 -23.850503157624914 11.600000000000023
    endloop
  endfacet
  facet normal -0.9081431738250823 -0.41865973753742575 0
    outer loop
      vertex 29.96021435321441 -24.001220900572996 7.1000000000000005
      vertex 30.032534971524832 -24.1580964487968 11.600000000000023
      vertex 29.96021435321441 -24.001220900572996 11.600000000000023
    endloop
  endfacet
  facet normal -0.9381913359224876 -0.3461170570774838 0
    outer loop
      vertex 30.032534971524832 -24.1580964487968 7.1000000000000005
      vertex 30.092324335849337 -24.320162612375114 11.600000000000023
      vertex 30.032534971524832 -24.1580964487968 11.600000000000023
    endloop
  endfacet
  facet normal -0.9624552364536443 -0.27144044986508525 0
    outer loop
      vertex 30.092324335849337 -24.320162612375114 7.1000000000000005
      vertex 30.13921382487489 -24.486420199517006 11.600000000000023
      vertex 30.092324335849337 -24.320162612375114 11.600000000000023
    endloop
  endfacet
  facet normal -0.9807852804032339 -0.19509032201611068 0
    outer loop
      vertex 30.13921382487489 -24.486420199517006 7.1000000000000005
      vertex 30.172914349309302 -24.655844176911494 11.600000000000023
      vertex 30.13921382487489 -24.486420199517006 11.600000000000023
    endloop
  endfacet
  facet normal -0.9930684569549262 -0.1175373974578388 0
    outer loop
      vertex 30.172914349309302 -24.655844176911494 7.1000000000000005
      vertex 30.19321813421288 -24.827389989398743 11.600000000000023
      vertex 30.172914349309302 -24.655844176911494 11.600000000000023
    endloop
  endfacet
  facet normal -0.9992290362407229 -0.03925981575906975 0
    outer loop
      vertex 30.19321813421288 -24.827389989398743 7.1000000000000005
      vertex 30.2 -25 11.600000000000023
      vertex 30.19321813421288 -24.827389989398743 11.600000000000023
    endloop
  endfacet
  facet normal -0.9992290362407229 0.03925981575906975 0
    outer loop
      vertex 30.2 -25 7.1000000000000005
      vertex 30.19321813421288 -25.172610010601257 11.600000000000023
      vertex 30.2 -25 11.600000000000023
    endloop
  endfacet
  facet normal -0.9930684569549262 0.1175373974578388 0
    outer loop
      vertex 30.19321813421288 -25.172610010601257 7.1000000000000005
      vertex 30.172914349309302 -25.344155823088506 11.600000000000023
      vertex 30.19321813421288 -25.172610010601257 11.600000000000023
    endloop
  endfacet
  facet normal -0.9807852804032339 0.19509032201611068 0
    outer loop
      vertex 30.172914349309302 -25.344155823088506 7.1000000000000005
      vertex 30.13921382487489 -25.513579800482994 11.600000000000023
      vertex 30.172914349309302 -25.344155823088506 11.600000000000023
    endloop
  endfacet
  facet normal -0.9624552364536443 0.27144044986508525 0
    outer loop
      vertex 30.13921382487489 -25.513579800482994 7.1000000000000005
      vertex 30.092324335849337 -25.679837387624886 11.600000000000023
      vertex 30.13921382487489 -25.513579800482994 11.600000000000023
    endloop
  endfacet
  facet normal -0.9381913359224876 0.3461170570774838 0
    outer loop
      vertex 30.092324335849337 -25.679837387624886 7.1000000000000005
      vertex 30.032534971524832 -25.8419035512032 11.600000000000023
      vertex 30.092324335849337 -25.679837387624886 11.600000000000023
    endloop
  endfacet
  facet normal -0.9081431738250823 0.41865973753742575 0
    outer loop
      vertex 30.032534971524832 -25.8419035512032 7.1000000000000005
      vertex 29.96021435321441 -25.998779099427004 11.600000000000023
      vertex 30.032534971524832 -25.8419035512032 11.600000000000023
    endloop
  endfacet
  facet normal -0.8724960070727921 0.4886212414969639 0
    outer loop
      vertex 29.96021435321441 -25.998779099427004 7.1000000000000005
      vertex 29.875808361579004 -26.149496842375086 11.600000000000023
      vertex 29.96021435321441 -25.998779099427004 11.600000000000023
    endloop
  endfacet
  facet normal -0.8314696123025425 0.5555702330196065 0
    outer loop
      vertex 29.875808361579004 -26.149496842375086 7.1000000000000005
      vertex 29.779837387624884 -26.29312755504344 11.600000000000023
      vertex 29.875808361579004 -26.149496842375086 11.600000000000023
    endloop
  endfacet
  facet normal -0.7853169308807514 0.6190939493098256 0
    outer loop
      vertex 29.779837387624884 -26.29312755504344 7.1000000000000005
      vertex 29.67289312432007 -26.428785706326405 11.600000000000023
      vertex 29.779837387624884 -26.29312755504344 11.600000000000023
    endloop
  endfacet
  facet normal -0.734322509435683 0.6788007455329446 0
    outer loop
      vertex 29.67289312432007 -26.428785706326405 7.1000000000000005
      vertex 29.555634918610405 -26.555634918610405 11.600000000000023
      vertex 29.67289312432007 -26.428785706326405 11.600000000000023
    endloop
  endfacet
  facet normal -0.6788007455329446 0.734322509435683 0
    outer loop
      vertex 29.555634918610405 -26.555634918610405 7.1000000000000005
      vertex 29.428785706326405 -26.67289312432007 11.600000000000023
      vertex 29.555634918610405 -26.555634918610405 11.600000000000023
    endloop
  endfacet
  facet normal -0.6190939493098256 0.7853169308807514 0
    outer loop
      vertex 29.428785706326405 -26.67289312432007 7.1000000000000005
      vertex 29.29312755504344 -26.779837387624884 11.600000000000023
      vertex 29.428785706326405 -26.67289312432007 11.600000000000023
    endloop
  endfacet
  facet normal 0.3461170570774838 0.9381913359224876 0
    outer loop
      vertex 27.1580964487968 -27.032534971524832 7.1000000000000005
      vertex 27.1580964487968 -27.032534971524832 11.600000000000023
      vertex 27.320162612375114 -27.092324335849337 7.1000000000000005
    endloop
  endfacet
  facet normal 0.27144044986508525 0.9624552364536443 0
    outer loop
      vertex 27.320162612375114 -27.092324335849337 7.1000000000000005
      vertex 27.320162612375114 -27.092324335849337 11.600000000000023
      vertex 27.486420199517006 -27.13921382487489 7.1000000000000005
    endloop
  endfacet
  facet normal 0.19509032201611068 0.9807852804032339 0
    outer loop
      vertex 27.486420199517006 -27.13921382487489 7.1000000000000005
      vertex 27.486420199517006 -27.13921382487489 11.600000000000023
      vertex 27.655844176911494 -27.172914349309302 7.1000000000000005
    endloop
  endfacet
  facet normal 0.1175373974578388 0.9930684569549262 0
    outer loop
      vertex 27.655844176911494 -27.172914349309302 7.1000000000000005
      vertex 27.655844176911494 -27.172914349309302 11.600000000000023
      vertex 27.827389989398743 -27.19321813421288 7.1000000000000005
    endloop
  endfacet
  facet normal 0.03925981575906975 0.9992290362407229 0
    outer loop
      vertex 27.827389989398743 -27.19321813421288 7.1000000000000005
      vertex 27.827389989398743 -27.19321813421288 11.600000000000023
      vertex 28 -27.2 7.1000000000000005
    endloop
  endfacet
  facet normal -0.03925981575906975 0.9992290362407229 0
    outer loop
      vertex 28 -27.2 7.1000000000000005
      vertex 28 -27.2 11.600000000000023
      vertex 28.172610010601257 -27.19321813421288 7.1000000000000005
    endloop
  endfacet
  facet normal -0.1175373974578388 0.9930684569549262 0
    outer loop
      vertex 28.172610010601257 -27.19321813421288 7.1000000000000005
      vertex 28.172610010601257 -27.19321813421288 11.600000000000023
      vertex 28.344155823088506 -27.172914349309302 7.1000000000000005
    endloop
  endfacet
  facet normal -0.19509032201611068 0.9807852804032339 0
    outer loop
      vertex 28.344155823088506 -27.172914349309302 7.1000000000000005
      vertex 28.344155823088506 -27.172914349309302 11.600000000000023
      vertex 28.513579800482994 -27.13921382487489 7.1000000000000005
    endloop
  endfacet
  facet normal -0.27144044986508525 0.9624552364536443 0
    outer loop
      vertex 28.513579800482994 -27.13921382487489 7.1000000000000005
      vertex 28.513579800482994 -27.13921382487489 11.600000000000023
      vertex 28.679837387624886 -27.092324335849337 7.1000000000000005
    endloop
  endfacet
  facet normal -0.3461170570774838 0.9381913359224876 0
    outer loop
      vertex 28.679837387624886 -27.092324335849337 7.1000000000000005
      vertex 28.679837387624886 -27.092324335849337 11.600000000000023
      vertex 28.8419035512032 -27.032534971524832 7.1000000000000005
    endloop
  endfacet
  facet normal -0.41865973753742575 0.9081431738250823 0
    outer loop
      vertex 28.998779099427004 -26.96021435321441 7.1000000000000005
      vertex 28.8419035512032 -27.032534971524832 7.1000000000000005
      vertex 28.8419035512032 -27.032534971524832 11.600000000000023
    endloop
  endfacet
  facet normal 0.41865973753742575 0.9081431738250823 0
    outer loop
      vertex 27.1580964487968 -27.032534971524832 7.1000000000000005
      vertex 27.001220900572996 -26.96021435321441 11.600000000000023
      vertex 27.1580964487968 -27.032534971524832 11.600000000000023
    endloop
  endfacet
  facet normal 0.3461170570774838 0.9381913359224876 0
    outer loop
      vertex 27.320162612375114 -27.092324335849337 7.1000000000000005
      vertex 27.1580964487968 -27.032534971524832 11.600000000000023
      vertex 27.320162612375114 -27.092324335849337 11.600000000000023
    endloop
  endfacet
  facet normal 0.27144044986508525 0.9624552364536443 0
    outer loop
      vertex 27.486420199517006 -27.13921382487489 7.1000000000000005
      vertex 27.320162612375114 -27.092324335849337 11.600000000000023
      vertex 27.486420199517006 -27.13921382487489 11.600000000000023
    endloop
  endfacet
  facet normal 0.19509032201611068 0.9807852804032339 0
    outer loop
      vertex 27.655844176911494 -27.172914349309302 7.1000000000000005
      vertex 27.486420199517006 -27.13921382487489 11.600000000000023
      vertex 27.655844176911494 -27.172914349309302 11.600000000000023
    endloop
  endfacet
  facet normal 0.1175373974578388 0.9930684569549262 0
    outer loop
      vertex 27.827389989398743 -27.19321813421288 7.1000000000000005
      vertex 27.655844176911494 -27.172914349309302 11.600000000000023
      vertex 27.827389989398743 -27.19321813421288 11.600000000000023
    endloop
  endfacet
  facet normal 0.03925981575906975 0.9992290362407229 0
    outer loop
      vertex 28 -27.2 7.1000000000000005
      vertex 27.827389989398743 -27.19321813421288 11.600000000000023
      vertex 28 -27.2 11.600000000000023
    endloop
  endfacet
  facet normal -0.03925981575906975 0.9992290362407229 0
    outer loop
      vertex 28.172610010601257 -27.19321813421288 7.1000000000000005
      vertex 28 -27.2 11.600000000000023
      vertex 28.172610010601257 -27.19321813421288 11.600000000000023
    endloop
  endfacet
  facet normal -0.1175373974578388 0.9930684569549262 0
    outer loop
      vertex 28.344155823088506 -27.172914349309302 7.1000000000000005
      vertex 28.172610010601257 -27.19321813421288 11.600000000000023
      vertex 28.344155823088506 -27.172914349309302 11.600000000000023
    endloop
  endfacet
  facet normal -0.19509032201611068 0.9807852804032339 0
    outer loop
      vertex 28.513579800482994 -27.13921382487489 7.1000000000000005
      vertex 28.344155823088506 -27.172914349309302 11.600000000000023
      vertex 28.513579800482994 -27.13921382487489 11.600000000000023
    endloop
  endfacet
  facet normal -0.27144044986508525 0.9624552364536443 0
    outer loop
      vertex 28.679837387624886 -27.092324335849337 7.1000000000000005
      vertex 28.513579800482994 -27.13921382487489 11.600000000000023
      vertex 28.679837387624886 -27.092324335849337 11.600000000000023
    endloop
  endfacet
  facet normal -0.3461170570774838 0.9381913359224876 0
    outer loop
      vertex 28.8419035512032 -27.032534971524832 7.1000000000000005
      vertex 28.679837387624886 -27.092324335849337 11.600000000000023
      vertex 28.8419035512032 -27.032534971524832 11.600000000000023
    endloop
  endfacet
  facet normal -0.4186597375374281 0.9081431738250813 0
    outer loop
      vertex 27.092019000520907 -3.2179869516232644 16
      vertex 27.23463313526982 -3.1522409349774265 11.600000000000023
      vertex 27.092019000520907 -3.2179869516232644 11.600000000000023
    endloop
  endfacet
  facet normal -0.346117057077491 0.9381913359224848 0
    outer loop
      vertex 27.23463313526982 -3.1522409349774265 16
      vertex 27.381966011250107 -3.0978869674096927 11.600000000000023
      vertex 27.23463313526982 -3.1522409349774265 11.600000000000023
    endloop
  endfacet
  facet normal -0.27144044986507465 0.9624552364536472 0
    outer loop
      vertex 27.381966011250107 -3.0978869674096927 16
      vertex 27.53310927228819 -3.055260159204647 11.600000000000023
      vertex 27.381966011250107 -3.0978869674096927 11.600000000000023
    endloop
  endfacet
  facet normal -0.19509032201613088 0.98078528040323 0
    outer loop
      vertex 27.53310927228819 -3.055260159204647 16
      vertex 27.687131069919538 -3.0246233188097245 11.600000000000023
      vertex 27.53310927228819 -3.055260159204647 11.600000000000023
    endloop
  endfacet
  facet normal -0.6788007455329419 0.7343225094356854 0
    outer loop
      vertex 26.585786437626904 -3.585786437626905 16
      vertex 26.701103903339632 -3.479188068799938 11.600000000000023
      vertex 26.585786437626904 -3.585786437626905 11.600000000000023
    endloop
  endfacet
  facet normal -0.6190939493098334 0.7853169308807453 0
    outer loop
      vertex 26.701103903339632 -3.479188068799938 16
      vertex 26.824429495415053 -3.381966011250105 11.600000000000023
      vertex 26.701103903339632 -3.479188068799938 11.600000000000023
    endloop
  endfacet
  facet normal -0.7343225094356897 0.6788007455329372 0
    outer loop
      vertex 26.47918806879994 -3.7011039033396327 16
      vertex 26.585786437626904 -3.585786437626905 11.600000000000023
      vertex 26.47918806879994 -3.7011039033396327 11.600000000000023
    endloop
  endfacet
  facet normal -0.785316930880748 0.61909394930983 0
    outer loop
      vertex 26.381966011250107 -3.8244294954150537 16
      vertex 26.47918806879994 -3.7011039033396327 11.600000000000023
      vertex 26.381966011250107 -3.8244294954150537 11.600000000000023
    endloop
  endfacet
  facet normal -0.9081431738250866 0.4186597375374164 0
    outer loop
      vertex 26.152240934977428 -4.234633135269821 16
      vertex 26.217986951623264 -4.0920190005209065 11.600000000000023
      vertex 26.152240934977428 -4.234633135269821 11.600000000000023
    endloop
  endfacet
  facet normal -0.8314696123025408 0.555570233019609 0
    outer loop
      vertex 26.294719671291816 -3.9550028705681024 16
      vertex 26.381966011250107 -3.8244294954150537 11.600000000000023
      vertex 26.294719671291816 -3.9550028705681024 11.600000000000023
    endloop
  endfacet
  facet normal -0.8724960070727948 0.48862124149695907 0
    outer loop
      vertex 26.217986951623264 -4.0920190005209065 16
      vertex 26.294719671291816 -3.9550028705681024 11.600000000000023
      vertex 26.217986951623264 -4.0920190005209065 11.600000000000023
    endloop
  endfacet
  facet normal -0.9381913359224808 0.34611705707750223 0
    outer loop
      vertex 26.097886967409693 -4.381966011250105 16
      vertex 26.152240934977428 -4.234633135269821 11.600000000000023
      vertex 26.097886967409693 -4.381966011250105 11.600000000000023
    endloop
  endfacet
  facet normal -0.9624552364536467 0.27144044986507576 0
    outer loop
      vertex 26.055260159204646 -4.533109272288189 16
      vertex 26.097886967409693 -4.381966011250105 11.600000000000023
      vertex 26.055260159204646 -4.533109272288189 11.600000000000023
    endloop
  endfacet
  facet normal -0.5555702330196024 0.8314696123025451 0
    outer loop
      vertex 26.824429495415053 -3.381966011250105 16
      vertex 26.9550028705681 -3.2947196712918156 11.600000000000023
      vertex 26.824429495415053 -3.381966011250105 11.600000000000023
    endloop
  endfacet
  facet normal -0.48862124149695235 0.8724960070727985 0
    outer loop
      vertex 26.9550028705681 -3.2947196712918156 16
      vertex 27.092019000520907 -3.2179869516232644 11.600000000000023
      vertex 26.9550028705681 -3.2947196712918156 11.600000000000023
    endloop
  endfacet
  facet normal -0.11753739745783899 0.9930684569549261 0
    outer loop
      vertex 27.687131069919538 -3.0246233188097245 16
      vertex 27.84308180854431 -3.006165332533744 11.600000000000023
      vertex 27.687131069919538 -3.0246233188097245 11.600000000000023
    endloop
  endfacet
  facet normal -0.03925981575906697 0.999229036240723 0
    outer loop
      vertex 27.84308180854431 -3.006165332533744 16
      vertex 28 -3 11.600000000000023
      vertex 27.84308180854431 -3.006165332533744 11.600000000000023
    endloop
  endfacet
  facet normal 0.03925981575906697 0.999229036240723 0
    outer loop
      vertex 28 -3 16
      vertex 28.15691819145569 -3.006165332533744 11.600000000000023
      vertex 28 -3 11.600000000000023
    endloop
  endfacet
  facet normal 0.11753739745783899 0.9930684569549261 0
    outer loop
      vertex 28.15691819145569 -3.006165332533744 16
      vertex 28.312868930080462 -3.0246233188097245 11.600000000000023
      vertex 28.15691819145569 -3.006165332533744 11.600000000000023
    endloop
  endfacet
  facet normal 0.19509032201613088 0.98078528040323 0
    outer loop
      vertex 28.312868930080462 -3.0246233188097245 16
      vertex 28.46689072771181 -3.055260159204647 11.600000000000023
      vertex 28.312868930080462 -3.0246233188097245 11.600000000000023
    endloop
  endfacet
  facet normal 0.27144044986507465 0.9624552364536472 0
    outer loop
      vertex 28.46689072771181 -3.055260159204647 16
      vertex 28.618033988749893 -3.0978869674096927 11.600000000000023
      vertex 28.46689072771181 -3.055260159204647 11.600000000000023
    endloop
  endfacet
  facet normal 0.346117057077491 0.9381913359224848 0
    outer loop
      vertex 28.618033988749893 -3.0978869674096927 16
      vertex 28.76536686473018 -3.1522409349774265 11.600000000000023
      vertex 28.618033988749893 -3.0978869674096927 11.600000000000023
    endloop
  endfacet
  facet normal 0.4186597375374281 0.9081431738250813 0
    outer loop
      vertex 28.76536686473018 -3.1522409349774265 16
      vertex 28.907980999479093 -3.2179869516232644 11.600000000000023
      vertex 28.76536686473018 -3.1522409349774265 11.600000000000023
    endloop
  endfacet
  facet normal 0.48862124149695235 0.8724960070727985 0
    outer loop
      vertex 28.907980999479093 -3.2179869516232644 16
      vertex 29.0449971294319 -3.2947196712918156 11.600000000000023
      vertex 28.907980999479093 -3.2179869516232644 11.600000000000023
    endloop
  endfacet
  facet normal 0.5555702330196024 0.8314696123025451 0
    outer loop
      vertex 29.0449971294319 -3.2947196712918156 16
      vertex 29.175570504584947 -3.381966011250105 11.600000000000023
      vertex 29.0449971294319 -3.2947196712918156 11.600000000000023
    endloop
  endfacet
  facet normal 0.6190939493098334 0.7853169308807453 0
    outer loop
      vertex 29.175570504584947 -3.381966011250105 16
      vertex 29.298896096660368 -3.479188068799938 11.600000000000023
      vertex 29.175570504584947 -3.381966011250105 11.600000000000023
    endloop
  endfacet
  facet normal -0.9807852804032299 0.1950903220161315 0
    outer loop
      vertex 26.024623318809724 -4.6871310699195385 16
      vertex 26.055260159204646 -4.533109272288189 11.600000000000023
      vertex 26.024623318809724 -4.6871310699195385 11.600000000000023
    endloop
  endfacet
  facet normal -0.9930684569549268 0.11753739745783276 0
    outer loop
      vertex 26.006165332533744 -4.84308180854431 16
      vertex 26.024623318809724 -4.6871310699195385 11.600000000000023
      vertex 26.006165332533744 -4.84308180854431 11.600000000000023
    endloop
  endfacet
  facet normal -0.999229036240723 0.03925981575906742 0
    outer loop
      vertex 26 -5 16
      vertex 26.006165332533744 -4.84308180854431 11.600000000000023
      vertex 26 -5 11.600000000000023
    endloop
  endfacet
  facet normal -0.999229036240723 -0.03925981575906742 0
    outer loop
      vertex 26.006165332533744 -5.15691819145569 16
      vertex 26 -5 11.600000000000023
      vertex 26.006165332533744 -5.15691819145569 11.600000000000023
    endloop
  endfacet
  facet normal -0.9930684569549268 -0.11753739745783276 0
    outer loop
      vertex 26.024623318809724 -5.3128689300804615 16
      vertex 26.006165332533744 -5.15691819145569 11.600000000000023
      vertex 26.024623318809724 -5.3128689300804615 11.600000000000023
    endloop
  endfacet
  facet normal -0.9807852804032299 -0.1950903220161315 0
    outer loop
      vertex 26.055260159204646 -5.466890727711811 16
      vertex 26.024623318809724 -5.3128689300804615 11.600000000000023
      vertex 26.055260159204646 -5.466890727711811 11.600000000000023
    endloop
  endfacet
  facet normal -0.9624552364536467 -0.27144044986507576 0
    outer loop
      vertex 26.097886967409693 -5.618033988749895 16
      vertex 26.055260159204646 -5.466890727711811 11.600000000000023
      vertex 26.097886967409693 -5.618033988749895 11.600000000000023
    endloop
  endfacet
  facet normal -0.9381913359224808 -0.34611705707750223 0
    outer loop
      vertex 26.152240934977428 -5.765366864730179 16
      vertex 26.097886967409693 -5.618033988749895 11.600000000000023
      vertex 26.152240934977428 -5.765366864730179 11.600000000000023
    endloop
  endfacet
  facet normal -0.9081431738250866 -0.4186597375374164 0
    outer loop
      vertex 26.217986951623264 -5.9079809994790935 16
      vertex 26.152240934977428 -5.765366864730179 11.600000000000023
      vertex 26.217986951623264 -5.9079809994790935 11.600000000000023
    endloop
  endfacet
  facet normal -0.8724960070727948 -0.48862124149695907 0
    outer loop
      vertex 26.294719671291816 -6.044997129431898 16
      vertex 26.217986951623264 -5.9079809994790935 11.600000000000023
      vertex 26.294719671291816 -6.044997129431898 11.600000000000023
    endloop
  endfacet
  facet normal -0.8314696123025415 -0.5555702330196076 0
    outer loop
      vertex 26.381966011250107 -6.175570504584947 16
      vertex 26.294719671291816 -6.044997129431898 11.600000000000023
      vertex 26.381966011250107 -6.175570504584947 11.600000000000023
    endloop
  endfacet
  facet normal -0.785316930880748 -0.61909394930983 0
    outer loop
      vertex 26.47918806879994 -6.298896096660368 16
      vertex 26.381966011250107 -6.175570504584947 11.600000000000023
      vertex 26.47918806879994 -6.298896096660368 11.600000000000023
    endloop
  endfacet
  facet normal -0.7343225094356884 -0.6788007455329386 0
    outer loop
      vertex 26.585786437626904 -6.414213562373095 16
      vertex 26.47918806879994 -6.298896096660368 11.600000000000023
      vertex 26.585786437626904 -6.414213562373095 11.600000000000023
    endloop
  endfacet
  facet normal -0.6788007455329419 -0.7343225094356854 0
    outer loop
      vertex 26.701103903339632 -6.520811931200062 16
      vertex 26.585786437626904 -6.414213562373095 11.600000000000023
      vertex 26.701103903339632 -6.520811931200062 11.600000000000023
    endloop
  endfacet
  facet normal -0.6190939493098334 -0.7853169308807453 0
    outer loop
      vertex 26.824429495415053 -6.618033988749895 16
      vertex 26.701103903339632 -6.520811931200062 11.600000000000023
      vertex 26.824429495415053 -6.618033988749895 11.600000000000023
    endloop
  endfacet
  facet normal -0.5555702330196024 -0.8314696123025451 0
    outer loop
      vertex 26.9550028705681 -6.705280328708184 16
      vertex 26.824429495415053 -6.618033988749895 11.600000000000023
      vertex 26.9550028705681 -6.705280328708184 11.600000000000023
    endloop
  endfacet
  facet normal -0.48862124149695235 -0.8724960070727985 0
    outer loop
      vertex 27.092019000520907 -6.782013048376736 16
      vertex 26.9550028705681 -6.705280328708184 11.600000000000023
      vertex 27.092019000520907 -6.782013048376736 11.600000000000023
    endloop
  endfacet
  facet normal -0.4186597375374304 -0.9081431738250801 0
    outer loop
      vertex 27.23463313526982 -6.847759065022574 16
      vertex 27.092019000520907 -6.782013048376736 11.600000000000023
      vertex 27.23463313526982 -6.847759065022574 11.600000000000023
    endloop
  endfacet
  facet normal -0.3461170570774885 -0.9381913359224857 0
    outer loop
      vertex 27.381966011250107 -6.902113032590307 16
      vertex 27.23463313526982 -6.847759065022574 11.600000000000023
      vertex 27.381966011250107 -6.902113032590307 11.600000000000023
    endloop
  endfacet
  facet normal -0.27144044986507726 -0.9624552364536464 0
    outer loop
      vertex 27.53310927228819 -6.944739840795354 16
      vertex 27.381966011250107 -6.902113032590307 11.600000000000023
      vertex 27.53310927228819 -6.944739840795354 11.600000000000023
    endloop
  endfacet
  facet normal -0.19509032201612816 -0.9807852804032304 0
    outer loop
      vertex 27.687131069919538 -6.9753766811902755 16
      vertex 27.53310927228819 -6.944739840795354 11.600000000000023
      vertex 27.687131069919538 -6.9753766811902755 11.600000000000023
    endloop
  endfacet
  facet normal -0.11753739745783899 -0.9930684569549261 0
    outer loop
      vertex 27.84308180854431 -6.993834667466256 16
      vertex 27.687131069919538 -6.9753766811902755 11.600000000000023
      vertex 27.84308180854431 -6.993834667466256 11.600000000000023
    endloop
  endfacet
  facet normal -0.03925981575906697 -0.999229036240723 0
    outer loop
      vertex 28 -7 16
      vertex 27.84308180854431 -6.993834667466256 11.600000000000023
      vertex 28 -7 11.600000000000023
    endloop
  endfacet
  facet normal 0.03925981575906697 -0.999229036240723 0
    outer loop
      vertex 28.15691819145569 -6.993834667466256 16
      vertex 28 -7 11.600000000000023
      vertex 28.15691819145569 -6.993834667466256 11.600000000000023
    endloop
  endfacet
  facet normal 0.11753739745783899 -0.9930684569549261 0
    outer loop
      vertex 28.312868930080462 -6.9753766811902755 16
      vertex 28.15691819145569 -6.993834667466256 11.600000000000023
      vertex 28.312868930080462 -6.9753766811902755 11.600000000000023
    endloop
  endfacet
  facet normal 0.19509032201612816 -0.9807852804032304 0
    outer loop
      vertex 28.46689072771181 -6.944739840795354 16
      vertex 28.312868930080462 -6.9753766811902755 11.600000000000023
      vertex 28.46689072771181 -6.944739840795354 11.600000000000023
    endloop
  endfacet
  facet normal 0.27144044986507726 -0.9624552364536464 0
    outer loop
      vertex 28.618033988749893 -6.902113032590307 16
      vertex 28.46689072771181 -6.944739840795354 11.600000000000023
      vertex 28.618033988749893 -6.902113032590307 11.600000000000023
    endloop
  endfacet
  facet normal 0.3461170570774885 -0.9381913359224857 0
    outer loop
      vertex 28.76536686473018 -6.847759065022574 16
      vertex 28.618033988749893 -6.902113032590307 11.600000000000023
      vertex 28.76536686473018 -6.847759065022574 11.600000000000023
    endloop
  endfacet
  facet normal 0.5555702330196024 -0.8314696123025451 0
    outer loop
      vertex 29.175570504584947 -6.618033988749895 16
      vertex 29.0449971294319 -6.705280328708184 11.600000000000023
      vertex 29.175570504584947 -6.618033988749895 11.600000000000023
    endloop
  endfacet
  facet normal 0.4186597375374304 -0.9081431738250801 0
    outer loop
      vertex 28.907980999479093 -6.782013048376736 16
      vertex 28.76536686473018 -6.847759065022574 11.600000000000023
      vertex 28.907980999479093 -6.782013048376736 11.600000000000023
    endloop
  endfacet
  facet normal 0.48862124149695235 -0.8724960070727985 0
    outer loop
      vertex 29.0449971294319 -6.705280328708184 16
      vertex 28.907980999479093 -6.782013048376736 11.600000000000023
      vertex 29.0449971294319 -6.705280328708184 11.600000000000023
    endloop
  endfacet
  facet normal 0.6788007455329419 0.7343225094356854 0
    outer loop
      vertex 29.298896096660368 -3.479188068799938 16
      vertex 29.414213562373096 -3.585786437626905 11.600000000000023
      vertex 29.298896096660368 -3.479188068799938 11.600000000000023
    endloop
  endfacet
  facet normal 0.7343225094356897 0.6788007455329372 0
    outer loop
      vertex 29.414213562373096 -3.585786437626905 16
      vertex 29.52081193120006 -3.7011039033396327 11.600000000000023
      vertex 29.414213562373096 -3.585786437626905 11.600000000000023
    endloop
  endfacet
  facet normal 0.785316930880748 0.61909394930983 0
    outer loop
      vertex 29.52081193120006 -3.7011039033396327 16
      vertex 29.618033988749893 -3.8244294954150537 11.600000000000023
      vertex 29.52081193120006 -3.7011039033396327 11.600000000000023
    endloop
  endfacet
  facet normal 0.8314696123025408 0.555570233019609 0
    outer loop
      vertex 29.618033988749893 -3.8244294954150537 16
      vertex 29.705280328708184 -3.9550028705681024 11.600000000000023
      vertex 29.618033988749893 -3.8244294954150537 11.600000000000023
    endloop
  endfacet
  facet normal 0.8724960070727948 0.48862124149695907 0
    outer loop
      vertex 29.705280328708184 -3.9550028705681024 16
      vertex 29.782013048376736 -4.0920190005209065 11.600000000000023
      vertex 29.705280328708184 -3.9550028705681024 11.600000000000023
    endloop
  endfacet
  facet normal 0.9081431738250866 0.4186597375374164 0
    outer loop
      vertex 29.782013048376736 -4.0920190005209065 16
      vertex 29.847759065022572 -4.234633135269821 11.600000000000023
      vertex 29.782013048376736 -4.0920190005209065 11.600000000000023
    endloop
  endfacet
  facet normal 0.9381913359224808 0.34611705707750223 0
    outer loop
      vertex 29.847759065022572 -4.234633135269821 16
      vertex 29.902113032590307 -4.381966011250105 11.600000000000023
      vertex 29.847759065022572 -4.234633135269821 11.600000000000023
    endloop
  endfacet
  facet normal 0.9624552364536467 0.27144044986507576 0
    outer loop
      vertex 29.902113032590307 -4.381966011250105 16
      vertex 29.944739840795354 -4.533109272288189 11.600000000000023
      vertex 29.902113032590307 -4.381966011250105 11.600000000000023
    endloop
  endfacet
  facet normal 0.9807852804032299 0.1950903220161315 0
    outer loop
      vertex 29.944739840795354 -4.533109272288189 16
      vertex 29.975376681190276 -4.6871310699195385 11.600000000000023
      vertex 29.944739840795354 -4.533109272288189 11.600000000000023
    endloop
  endfacet
  facet normal 0.9930684569549268 0.11753739745783276 0
    outer loop
      vertex 29.975376681190276 -4.6871310699195385 16
      vertex 29.993834667466256 -4.84308180854431 11.600000000000023
      vertex 29.975376681190276 -4.6871310699195385 11.600000000000023
    endloop
  endfacet
  facet normal 0.999229036240723 0.03925981575906742 0
    outer loop
      vertex 29.993834667466256 -4.84308180854431 16
      vertex 30 -5 11.600000000000023
      vertex 29.993834667466256 -4.84308180854431 11.600000000000023
    endloop
  endfacet
  facet normal 0.999229036240723 -0.03925981575906742 0
    outer loop
      vertex 30 -5 16
      vertex 29.993834667466256 -5.15691819145569 11.600000000000023
      vertex 30 -5 11.600000000000023
    endloop
  endfacet
  facet normal 0.9930684569549268 -0.11753739745783276 0
    outer loop
      vertex 29.993834667466256 -5.15691819145569 16
      vertex 29.975376681190276 -5.3128689300804615 11.600000000000023
      vertex 29.993834667466256 -5.15691819145569 11.600000000000023
    endloop
  endfacet
  facet normal 0.9807852804032299 -0.1950903220161315 0
    outer loop
      vertex 29.975376681190276 -5.3128689300804615 16
      vertex 29.944739840795354 -5.466890727711811 11.600000000000023
      vertex 29.975376681190276 -5.3128689300804615 11.600000000000023
    endloop
  endfacet
  facet normal 0.9624552364536467 -0.27144044986507576 0
    outer loop
      vertex 29.944739840795354 -5.466890727711811 16
      vertex 29.902113032590307 -5.618033988749895 11.600000000000023
      vertex 29.944739840795354 -5.466890727711811 11.600000000000023
    endloop
  endfacet
  facet normal 0.9381913359224808 -0.34611705707750223 0
    outer loop
      vertex 29.902113032590307 -5.618033988749895 16
      vertex 29.847759065022572 -5.765366864730179 11.600000000000023
      vertex 29.902113032590307 -5.618033988749895 11.600000000000023
    endloop
  endfacet
  facet normal 0.785316930880748 -0.61909394930983 0
    outer loop
      vertex 29.618033988749893 -6.175570504584947 16
      vertex 29.52081193120006 -6.298896096660368 11.600000000000023
      vertex 29.618033988749893 -6.175570504584947 11.600000000000023
    endloop
  endfacet
  facet normal 0.7343225094356884 -0.6788007455329386 0
    outer loop
      vertex 29.52081193120006 -6.298896096660368 16
      vertex 29.414213562373096 -6.414213562373095 11.600000000000023
      vertex 29.52081193120006 -6.298896096660368 11.600000000000023
    endloop
  endfacet
  facet normal 0.9081431738250866 -0.4186597375374164 0
    outer loop
      vertex 29.847759065022572 -5.765366864730179 16
      vertex 29.782013048376736 -5.9079809994790935 11.600000000000023
      vertex 29.847759065022572 -5.765366864730179 11.600000000000023
    endloop
  endfacet
  facet normal 0.8724960070727948 -0.48862124149695907 0
    outer loop
      vertex 29.782013048376736 -5.9079809994790935 16
      vertex 29.705280328708184 -6.044997129431898 11.600000000000023
      vertex 29.782013048376736 -5.9079809994790935 11.600000000000023
    endloop
  endfacet
  facet normal 0.8314696123025415 -0.5555702330196076 0
    outer loop
      vertex 29.705280328708184 -6.044997129431898 16
      vertex 29.618033988749893 -6.175570504584947 11.600000000000023
      vertex 29.705280328708184 -6.044997129431898 11.600000000000023
    endloop
  endfacet
  facet normal 0.6788007455329419 -0.7343225094356854 0
    outer loop
      vertex 29.414213562373096 -6.414213562373095 16
      vertex 29.298896096660368 -6.520811931200062 11.600000000000023
      vertex 29.414213562373096 -6.414213562373095 11.600000000000023
    endloop
  endfacet
  facet normal 0.6190939493098334 -0.7853169308807453 0
    outer loop
      vertex 29.298896096660368 -6.520811931200062 16
      vertex 29.175570504584947 -6.618033988749895 11.600000000000023
      vertex 29.298896096660368 -6.520811931200062 11.600000000000023
    endloop
  endfacet
  facet normal -0.48862124149695235 0.8724960070727985 0
    outer loop
      vertex 26.9550028705681 -3.2947196712918156 16
      vertex 27.092019000520907 -3.2179869516232644 16
      vertex 27.092019000520907 -3.2179869516232644 11.600000000000023
    endloop
  endfacet
  facet normal -0.4186597375374281 0.9081431738250813 0
    outer loop
      vertex 27.092019000520907 -3.2179869516232644 16
      vertex 27.23463313526982 -3.1522409349774265 16
      vertex 27.23463313526982 -3.1522409349774265 11.600000000000023
    endloop
  endfacet
  facet normal -0.346117057077491 0.9381913359224848 0
    outer loop
      vertex 27.23463313526982 -3.1522409349774265 16
      vertex 27.381966011250107 -3.0978869674096927 16
      vertex 27.381966011250107 -3.0978869674096927 11.600000000000023
    endloop
  endfacet
  facet normal -0.27144044986507465 0.9624552364536472 0
    outer loop
      vertex 27.381966011250107 -3.0978869674096927 16
      vertex 27.53310927228819 -3.055260159204647 16
      vertex 27.53310927228819 -3.055260159204647 11.600000000000023
    endloop
  endfacet
  facet normal -0.8314696123025408 0.555570233019609 0
    outer loop
      vertex 26.294719671291816 -3.9550028705681024 16
      vertex 26.381966011250107 -3.8244294954150537 16
      vertex 26.381966011250107 -3.8244294954150537 11.600000000000023
    endloop
  endfacet
  facet normal -0.6788007455329419 0.7343225094356854 0
    outer loop
      vertex 26.701103903339632 -3.479188068799938 16
      vertex 26.701103903339632 -3.479188068799938 11.600000000000023
      vertex 26.585786437626904 -3.585786437626905 16
    endloop
  endfacet
  facet normal -0.6190939493098334 0.7853169308807453 0
    outer loop
      vertex 26.701103903339632 -3.479188068799938 16
      vertex 26.824429495415053 -3.381966011250105 16
      vertex 26.824429495415053 -3.381966011250105 11.600000000000023
    endloop
  endfacet
  facet normal -0.7343225094356897 0.6788007455329372 0
    outer loop
      vertex 26.47918806879994 -3.7011039033396327 16
      vertex 26.585786437626904 -3.585786437626905 16
      vertex 26.585786437626904 -3.585786437626905 11.600000000000023
    endloop
  endfacet
  facet normal -0.785316930880748 0.61909394930983 0
    outer loop
      vertex 26.47918806879994 -3.7011039033396327 16
      vertex 26.47918806879994 -3.7011039033396327 11.600000000000023
      vertex 26.381966011250107 -3.8244294954150537 16
    endloop
  endfacet
  facet normal -0.9081431738250866 0.4186597375374164 0
    outer loop
      vertex 26.217986951623264 -4.0920190005209065 16
      vertex 26.217986951623264 -4.0920190005209065 11.600000000000023
      vertex 26.152240934977428 -4.234633135269821 16
    endloop
  endfacet
  facet normal -0.8724960070727948 0.48862124149695907 0
    outer loop
      vertex 26.294719671291816 -3.9550028705681024 16
      vertex 26.294719671291816 -3.9550028705681024 11.600000000000023
      vertex 26.217986951623264 -4.0920190005209065 16
    endloop
  endfacet
  facet normal -0.9381913359224808 0.34611705707750223 0
    outer loop
      vertex 26.152240934977428 -4.234633135269821 16
      vertex 26.152240934977428 -4.234633135269821 11.600000000000023
      vertex 26.097886967409693 -4.381966011250105 16
    endloop
  endfacet
  facet normal -0.9624552364536467 0.27144044986507576 0
    outer loop
      vertex 26.097886967409693 -4.381966011250105 16
      vertex 26.097886967409693 -4.381966011250105 11.600000000000023
      vertex 26.055260159204646 -4.533109272288189 16
    endloop
  endfacet
  facet normal -0.5555702330196024 0.8314696123025451 0
    outer loop
      vertex 26.824429495415053 -3.381966011250105 16
      vertex 26.9550028705681 -3.2947196712918156 16
      vertex 26.9550028705681 -3.2947196712918156 11.600000000000023
    endloop
  endfacet
  facet normal -0.19509032201613088 0.98078528040323 0
    outer loop
      vertex 27.53310927228819 -3.055260159204647 16
      vertex 27.687131069919538 -3.0246233188097245 16
      vertex 27.687131069919538 -3.0246233188097245 11.600000000000023
    endloop
  endfacet
  facet normal -0.11753739745783899 0.9930684569549261 0
    outer loop
      vertex 27.687131069919538 -3.0246233188097245 16
      vertex 27.84308180854431 -3.006165332533744 16
      vertex 27.84308180854431 -3.006165332533744 11.600000000000023
    endloop
  endfacet
  facet normal -0.03925981575906697 0.999229036240723 0
    outer loop
      vertex 27.84308180854431 -3.006165332533744 16
      vertex 28 -3 16
      vertex 28 -3 11.600000000000023
    endloop
  endfacet
  facet normal 0.03925981575906697 0.999229036240723 0
    outer loop
      vertex 28 -3 16
      vertex 28.15691819145569 -3.006165332533744 16
      vertex 28.15691819145569 -3.006165332533744 11.600000000000023
    endloop
  endfacet
  facet normal 0.11753739745783899 0.9930684569549261 0
    outer loop
      vertex 28.15691819145569 -3.006165332533744 16
      vertex 28.312868930080462 -3.0246233188097245 16
      vertex 28.312868930080462 -3.0246233188097245 11.600000000000023
    endloop
  endfacet
  facet normal 0.19509032201613088 0.98078528040323 0
    outer loop
      vertex 28.312868930080462 -3.0246233188097245 16
      vertex 28.46689072771181 -3.055260159204647 16
      vertex 28.46689072771181 -3.055260159204647 11.600000000000023
    endloop
  endfacet
  facet normal 0.27144044986507465 0.9624552364536472 0
    outer loop
      vertex 28.46689072771181 -3.055260159204647 16
      vertex 28.618033988749893 -3.0978869674096927 16
      vertex 28.618033988749893 -3.0978869674096927 11.600000000000023
    endloop
  endfacet
  facet normal 0.346117057077491 0.9381913359224848 0
    outer loop
      vertex 28.618033988749893 -3.0978869674096927 16
      vertex 28.76536686473018 -3.1522409349774265 16
      vertex 28.76536686473018 -3.1522409349774265 11.600000000000023
    endloop
  endfacet
  facet normal 0.4186597375374281 0.9081431738250813 0
    outer loop
      vertex 28.76536686473018 -3.1522409349774265 16
      vertex 28.907980999479093 -3.2179869516232644 16
      vertex 28.907980999479093 -3.2179869516232644 11.600000000000023
    endloop
  endfacet
  facet normal 0.48862124149695235 0.8724960070727985 0
    outer loop
      vertex 28.907980999479093 -3.2179869516232644 16
      vertex 29.0449971294319 -3.2947196712918156 16
      vertex 29.0449971294319 -3.2947196712918156 11.600000000000023
    endloop
  endfacet
  facet normal 0.5555702330196024 0.8314696123025451 0
    outer loop
      vertex 29.0449971294319 -3.2947196712918156 16
      vertex 29.175570504584947 -3.381966011250105 16
      vertex 29.175570504584947 -3.381966011250105 11.600000000000023
    endloop
  endfacet
  facet normal -0.9807852804032299 0.1950903220161315 0
    outer loop
      vertex 26.055260159204646 -4.533109272288189 16
      vertex 26.055260159204646 -4.533109272288189 11.600000000000023
      vertex 26.024623318809724 -4.6871310699195385 16
    endloop
  endfacet
  facet normal -0.9930684569549268 0.11753739745783276 0
    outer loop
      vertex 26.024623318809724 -4.6871310699195385 16
      vertex 26.024623318809724 -4.6871310699195385 11.600000000000023
      vertex 26.006165332533744 -4.84308180854431 16
    endloop
  endfacet
  facet normal -0.999229036240723 0.03925981575906742 0
    outer loop
      vertex 26.006165332533744 -4.84308180854431 16
      vertex 26.006165332533744 -4.84308180854431 11.600000000000023
      vertex 26 -5 16
    endloop
  endfacet
  facet normal -0.999229036240723 -0.03925981575906742 0
    outer loop
      vertex 26 -5 16
      vertex 26 -5 11.600000000000023
      vertex 26.006165332533744 -5.15691819145569 16
    endloop
  endfacet
  facet normal -0.9930684569549268 -0.11753739745783276 0
    outer loop
      vertex 26.006165332533744 -5.15691819145569 16
      vertex 26.006165332533744 -5.15691819145569 11.600000000000023
      vertex 26.024623318809724 -5.3128689300804615 16
    endloop
  endfacet
  facet normal -0.9807852804032299 -0.1950903220161315 0
    outer loop
      vertex 26.024623318809724 -5.3128689300804615 16
      vertex 26.024623318809724 -5.3128689300804615 11.600000000000023
      vertex 26.055260159204646 -5.466890727711811 16
    endloop
  endfacet
  facet normal -0.9624552364536467 -0.27144044986507576 0
    outer loop
      vertex 26.055260159204646 -5.466890727711811 16
      vertex 26.055260159204646 -5.466890727711811 11.600000000000023
      vertex 26.097886967409693 -5.618033988749895 16
    endloop
  endfacet
  facet normal -0.9381913359224808 -0.34611705707750223 0
    outer loop
      vertex 26.097886967409693 -5.618033988749895 16
      vertex 26.097886967409693 -5.618033988749895 11.600000000000023
      vertex 26.152240934977428 -5.765366864730179 16
    endloop
  endfacet
  facet normal -0.9081431738250866 -0.4186597375374164 0
    outer loop
      vertex 26.152240934977428 -5.765366864730179 16
      vertex 26.152240934977428 -5.765366864730179 11.600000000000023
      vertex 26.217986951623264 -5.9079809994790935 16
    endloop
  endfacet
  facet normal -0.8724960070727948 -0.48862124149695907 0
    outer loop
      vertex 26.217986951623264 -5.9079809994790935 16
      vertex 26.217986951623264 -5.9079809994790935 11.600000000000023
      vertex 26.294719671291816 -6.044997129431898 16
    endloop
  endfacet
  facet normal -0.8314696123025415 -0.5555702330196076 0
    outer loop
      vertex 26.294719671291816 -6.044997129431898 16
      vertex 26.294719671291816 -6.044997129431898 11.600000000000023
      vertex 26.381966011250107 -6.175570504584947 16
    endloop
  endfacet
  facet normal -0.785316930880748 -0.61909394930983 0
    outer loop
      vertex 26.381966011250107 -6.175570504584947 16
      vertex 26.381966011250107 -6.175570504584947 11.600000000000023
      vertex 26.47918806879994 -6.298896096660368 16
    endloop
  endfacet
  facet normal -0.7343225094356884 -0.6788007455329386 0
    outer loop
      vertex 26.47918806879994 -6.298896096660368 16
      vertex 26.47918806879994 -6.298896096660368 11.600000000000023
      vertex 26.585786437626904 -6.414213562373095 16
    endloop
  endfacet
  facet normal -0.6788007455329419 -0.7343225094356854 0
    outer loop
      vertex 26.585786437626904 -6.414213562373095 16
      vertex 26.585786437626904 -6.414213562373095 11.600000000000023
      vertex 26.701103903339632 -6.520811931200062 16
    endloop
  endfacet
  facet normal -0.6190939493098334 -0.7853169308807453 0
    outer loop
      vertex 26.701103903339632 -6.520811931200062 16
      vertex 26.701103903339632 -6.520811931200062 11.600000000000023
      vertex 26.824429495415053 -6.618033988749895 16
    endloop
  endfacet
  facet normal -0.5555702330196024 -0.8314696123025451 0
    outer loop
      vertex 26.824429495415053 -6.618033988749895 16
      vertex 26.824429495415053 -6.618033988749895 11.600000000000023
      vertex 26.9550028705681 -6.705280328708184 16
    endloop
  endfacet
  facet normal -0.48862124149695235 -0.8724960070727985 0
    outer loop
      vertex 26.9550028705681 -6.705280328708184 16
      vertex 26.9550028705681 -6.705280328708184 11.600000000000023
      vertex 27.092019000520907 -6.782013048376736 16
    endloop
  endfacet
  facet normal -0.4186597375374304 -0.9081431738250801 0
    outer loop
      vertex 27.092019000520907 -6.782013048376736 16
      vertex 27.092019000520907 -6.782013048376736 11.600000000000023
      vertex 27.23463313526982 -6.847759065022574 16
    endloop
  endfacet
  facet normal -0.3461170570774885 -0.9381913359224857 0
    outer loop
      vertex 27.23463313526982 -6.847759065022574 16
      vertex 27.23463313526982 -6.847759065022574 11.600000000000023
      vertex 27.381966011250107 -6.902113032590307 16
    endloop
  endfacet
  facet normal -0.27144044986507726 -0.9624552364536464 0
    outer loop
      vertex 27.381966011250107 -6.902113032590307 16
      vertex 27.381966011250107 -6.902113032590307 11.600000000000023
      vertex 27.53310927228819 -6.944739840795354 16
    endloop
  endfacet
  facet normal -0.19509032201612816 -0.9807852804032304 0
    outer loop
      vertex 27.53310927228819 -6.944739840795354 16
      vertex 27.53310927228819 -6.944739840795354 11.600000000000023
      vertex 27.687131069919538 -6.9753766811902755 16
    endloop
  endfacet
  facet normal -0.11753739745783899 -0.9930684569549261 0
    outer loop
      vertex 27.687131069919538 -6.9753766811902755 16
      vertex 27.687131069919538 -6.9753766811902755 11.600000000000023
      vertex 27.84308180854431 -6.993834667466256 16
    endloop
  endfacet
  facet normal -0.03925981575906697 -0.999229036240723 0
    outer loop
      vertex 27.84308180854431 -6.993834667466256 16
      vertex 27.84308180854431 -6.993834667466256 11.600000000000023
      vertex 28 -7 16
    endloop
  endfacet
  facet normal 0.03925981575906697 -0.999229036240723 0
    outer loop
      vertex 28 -7 16
      vertex 28 -7 11.600000000000023
      vertex 28.15691819145569 -6.993834667466256 16
    endloop
  endfacet
  facet normal 0.11753739745783899 -0.9930684569549261 0
    outer loop
      vertex 28.15691819145569 -6.993834667466256 16
      vertex 28.15691819145569 -6.993834667466256 11.600000000000023
      vertex 28.312868930080462 -6.9753766811902755 16
    endloop
  endfacet
  facet normal 0.19509032201612816 -0.9807852804032304 0
    outer loop
      vertex 28.312868930080462 -6.9753766811902755 16
      vertex 28.312868930080462 -6.9753766811902755 11.600000000000023
      vertex 28.46689072771181 -6.944739840795354 16
    endloop
  endfacet
  facet normal 0.27144044986507726 -0.9624552364536464 0
    outer loop
      vertex 28.46689072771181 -6.944739840795354 16
      vertex 28.46689072771181 -6.944739840795354 11.600000000000023
      vertex 28.618033988749893 -6.902113032590307 16
    endloop
  endfacet
  facet normal 0.4186597375374304 -0.9081431738250801 0
    outer loop
      vertex 28.76536686473018 -6.847759065022574 16
      vertex 28.76536686473018 -6.847759065022574 11.600000000000023
      vertex 28.907980999479093 -6.782013048376736 16
    endloop
  endfacet
  facet normal 0.3461170570774885 -0.9381913359224857 0
    outer loop
      vertex 28.618033988749893 -6.902113032590307 16
      vertex 28.618033988749893 -6.902113032590307 11.600000000000023
      vertex 28.76536686473018 -6.847759065022574 16
    endloop
  endfacet
  facet normal 0.5555702330196024 -0.8314696123025451 0
    outer loop
      vertex 29.0449971294319 -6.705280328708184 16
      vertex 29.0449971294319 -6.705280328708184 11.600000000000023
      vertex 29.175570504584947 -6.618033988749895 16
    endloop
  endfacet
  facet normal 0.6190939493098334 -0.7853169308807453 0
    outer loop
      vertex 29.175570504584947 -6.618033988749895 16
      vertex 29.175570504584947 -6.618033988749895 11.600000000000023
      vertex 29.298896096660368 -6.520811931200062 16
    endloop
  endfacet
  facet normal 0.48862124149695235 -0.8724960070727985 0
    outer loop
      vertex 28.907980999479093 -6.782013048376736 16
      vertex 28.907980999479093 -6.782013048376736 11.600000000000023
      vertex 29.0449971294319 -6.705280328708184 16
    endloop
  endfacet
  facet normal 0 0 1
    outer loop
      vertex 26.824429495415053 -3.381966011250105 16
      vertex 29.0449971294319 -3.2947196712918156 16
      vertex 26.9550028705681 -3.2947196712918156 16
    endloop
  endfacet
  facet normal 0 0 1
    outer loop
      vertex 26.701103903339632 -3.479188068799938 16
      vertex 29.175570504584947 -3.381966011250105 16
      vertex 26.824429495415053 -3.381966011250105 16
    endloop
  endfacet
  facet normal 0 0 1
    outer loop
      vertex 26.701103903339632 -3.479188068799938 16
      vertex 26.585786437626904 -3.585786437626905 16
      vertex 29.298896096660368 -3.479188068799938 16
    endloop
  endfacet
  facet normal 0 0 1
    outer loop
      vertex 26.47918806879994 -3.7011039033396327 16
      vertex 29.414213562373096 -3.585786437626905 16
      vertex 26.585786437626904 -3.585786437626905 16
    endloop
  endfacet
  facet normal 0 0 1
    outer loop
      vertex 26.47918806879994 -3.7011039033396327 16
      vertex 26.381966011250107 -3.8244294954150537 16
      vertex 29.52081193120006 -3.7011039033396327 16
    endloop
  endfacet
  facet normal 0 0 1
    outer loop
      vertex 26.294719671291816 -3.9550028705681024 16
      vertex 29.618033988749893 -3.8244294954150537 16
      vertex 26.381966011250107 -3.8244294954150537 16
    endloop
  endfacet
  facet normal 0 0 1
    outer loop
      vertex 26.294719671291816 -3.9550028705681024 16
      vertex 26.217986951623264 -4.0920190005209065 16
      vertex 29.705280328708184 -3.9550028705681024 16
    endloop
  endfacet
  facet normal 0 0 1
    outer loop
      vertex 26.217986951623264 -4.0920190005209065 16
      vertex 26.152240934977428 -4.234633135269821 16
      vertex 29.782013048376736 -4.0920190005209065 16
    endloop
  endfacet
  facet normal 0 0 1
    outer loop
      vertex 26.152240934977428 -4.234633135269821 16
      vertex 26.097886967409693 -4.381966011250105 16
      vertex 29.847759065022572 -4.234633135269821 16
    endloop
  endfacet
  facet normal 0 0 1
    outer loop
      vertex 26.097886967409693 -4.381966011250105 16
      vertex 26.055260159204646 -4.533109272288189 16
      vertex 29.902113032590307 -4.381966011250105 16
    endloop
  endfacet
  facet normal 0 0 1
    outer loop
      vertex 27.381966011250107 -3.0978869674096927 16
      vertex 28.46689072771181 -3.055260159204647 16
      vertex 27.53310927228819 -3.055260159204647 16
    endloop
  endfacet
  facet normal 0 0 1
    outer loop
      vertex 26.9550028705681 -3.2947196712918156 16
      vertex 28.907980999479093 -3.2179869516232644 16
      vertex 27.092019000520907 -3.2179869516232644 16
    endloop
  endfacet
  facet normal 0 0 1
    outer loop
      vertex 27.092019000520907 -3.2179869516232644 16
      vertex 28.76536686473018 -3.1522409349774265 16
      vertex 27.23463313526982 -3.1522409349774265 16
    endloop
  endfacet
  facet normal 0 0 1
    outer loop
      vertex 27.23463313526982 -3.1522409349774265 16
      vertex 28.618033988749893 -3.0978869674096927 16
      vertex 27.381966011250107 -3.0978869674096927 16
    endloop
  endfacet
  facet normal 0 0 1
    outer loop
      vertex 27.687131069919538 -3.0246233188097245 16
      vertex 28.15691819145569 -3.006165332533744 16
      vertex 27.84308180854431 -3.006165332533744 16
    endloop
  endfacet
  facet normal 0 0 1
    outer loop
      vertex 27.53310927228819 -3.055260159204647 16
      vertex 28.312868930080462 -3.0246233188097245 16
      vertex 27.687131069919538 -3.0246233188097245 16
    endloop
  endfacet
  facet normal 0 0 1
    outer loop
      vertex 27.84308180854431 -3.006165332533744 16
      vertex 28.15691819145569 -3.006165332533744 16
      vertex 28 -3 16
    endloop
  endfacet
  facet normal 0 0 1
    outer loop
      vertex 27.687131069919538 -3.0246233188097245 16
      vertex 28.312868930080462 -3.0246233188097245 16
      vertex 28.15691819145569 -3.006165332533744 16
    endloop
  endfacet
  facet normal 0 0 1
    outer loop
      vertex 27.53310927228819 -3.055260159204647 16
      vertex 28.46689072771181 -3.055260159204647 16
      vertex 28.312868930080462 -3.0246233188097245 16
    endloop
  endfacet
  facet normal 0 0 1
    outer loop
      vertex 27.381966011250107 -3.0978869674096927 16
      vertex 28.618033988749893 -3.0978869674096927 16
      vertex 28.46689072771181 -3.055260159204647 16
    endloop
  endfacet
  facet normal 0 0 1
    outer loop
      vertex 27.23463313526982 -3.1522409349774265 16
      vertex 28.76536686473018 -3.1522409349774265 16
      vertex 28.618033988749893 -3.0978869674096927 16
    endloop
  endfacet
  facet normal 0 0 1
    outer loop
      vertex 27.092019000520907 -3.2179869516232644 16
      vertex 28.907980999479093 -3.2179869516232644 16
      vertex 28.76536686473018 -3.1522409349774265 16
    endloop
  endfacet
  facet normal 0 0 1
    outer loop
      vertex 26.9550028705681 -3.2947196712918156 16
      vertex 29.0449971294319 -3.2947196712918156 16
      vertex 28.907980999479093 -3.2179869516232644 16
    endloop
  endfacet
  facet normal 0 0 1
    outer loop
      vertex 26.824429495415053 -3.381966011250105 16
      vertex 29.175570504584947 -3.381966011250105 16
      vertex 29.0449971294319 -3.2947196712918156 16
    endloop
  endfacet
  facet normal 0 0 1
    outer loop
      vertex 26.701103903339632 -3.479188068799938 16
      vertex 29.298896096660368 -3.479188068799938 16
      vertex 29.175570504584947 -3.381966011250105 16
    endloop
  endfacet
  facet normal 0 0 1
    outer loop
      vertex 26.585786437626904 -3.585786437626905 16
      vertex 29.414213562373096 -3.585786437626905 16
      vertex 29.298896096660368 -3.479188068799938 16
    endloop
  endfacet
  facet normal 0 0 1
    outer loop
      vertex 26.47918806879994 -3.7011039033396327 16
      vertex 29.52081193120006 -3.7011039033396327 16
      vertex 29.414213562373096 -3.585786437626905 16
    endloop
  endfacet
  facet normal 0 0 1
    outer loop
      vertex 26.381966011250107 -3.8244294954150537 16
      vertex 29.618033988749893 -3.8244294954150537 16
      vertex 29.52081193120006 -3.7011039033396327 16
    endloop
  endfacet
  facet normal 0 0 1
    outer loop
      vertex 26.294719671291816 -3.9550028705681024 16
      vertex 29.705280328708184 -3.9550028705681024 16
      vertex 29.618033988749893 -3.8244294954150537 16
    endloop
  endfacet
  facet normal 0 0 1
    outer loop
      vertex 26.217986951623264 -4.0920190005209065 16
      vertex 29.782013048376736 -4.0920190005209065 16
      vertex 29.705280328708184 -3.9550028705681024 16
    endloop
  endfacet
  facet normal 0 0 1
    outer loop
      vertex 26.152240934977428 -4.234633135269821 16
      vertex 29.847759065022572 -4.234633135269821 16
      vertex 29.782013048376736 -4.0920190005209065 16
    endloop
  endfacet
  facet normal 0 0 1
    outer loop
      vertex 26.097886967409693 -4.381966011250105 16
      vertex 29.902113032590307 -4.381966011250105 16
      vertex 29.847759065022572 -4.234633135269821 16
    endloop
  endfacet
  facet normal 0 0 1
    outer loop
      vertex 26.055260159204646 -4.533109272288189 16
      vertex 29.944739840795354 -4.533109272288189 16
      vertex 29.902113032590307 -4.381966011250105 16
    endloop
  endfacet
  facet normal 0 0 1
    outer loop
      vertex 26.055260159204646 -4.533109272288189 16
      vertex 26.024623318809724 -4.6871310699195385 16
      vertex 29.944739840795354 -4.533109272288189 16
    endloop
  endfacet
  facet normal 0 0 1
    outer loop
      vertex 26.024623318809724 -4.6871310699195385 16
      vertex 26.006165332533744 -4.84308180854431 16
      vertex 29.975376681190276 -4.6871310699195385 16
    endloop
  endfacet
  facet normal 0 0 1
    outer loop
      vertex 26.006165332533744 -4.84308180854431 16
      vertex 26 -5 16
      vertex 29.993834667466256 -4.84308180854431 16
    endloop
  endfacet
  facet normal 0 0 1
    outer loop
      vertex 26 -5 16
      vertex 26.006165332533744 -5.15691819145569 16
      vertex 30 -5 16
    endloop
  endfacet
  facet normal 0 0 1
    outer loop
      vertex 26.006165332533744 -5.15691819145569 16
      vertex 26.024623318809724 -5.3128689300804615 16
      vertex 29.993834667466256 -5.15691819145569 16
    endloop
  endfacet
  facet normal 0 0 1
    outer loop
      vertex 26.024623318809724 -5.3128689300804615 16
      vertex 26.055260159204646 -5.466890727711811 16
      vertex 29.975376681190276 -5.3128689300804615 16
    endloop
  endfacet
  facet normal 0 0 1
    outer loop
      vertex 26.055260159204646 -5.466890727711811 16
      vertex 26.097886967409693 -5.618033988749895 16
      vertex 29.944739840795354 -5.466890727711811 16
    endloop
  endfacet
  facet normal 0 0 1
    outer loop
      vertex 26.097886967409693 -5.618033988749895 16
      vertex 26.152240934977428 -5.765366864730179 16
      vertex 29.902113032590307 -5.618033988749895 16
    endloop
  endfacet
  facet normal 0 0 1
    outer loop
      vertex 26.152240934977428 -5.765366864730179 16
      vertex 26.217986951623264 -5.9079809994790935 16
      vertex 29.847759065022572 -5.765366864730179 16
    endloop
  endfacet
  facet normal 0 0 1
    outer loop
      vertex 26.217986951623264 -5.9079809994790935 16
      vertex 26.294719671291816 -6.044997129431898 16
      vertex 29.782013048376736 -5.9079809994790935 16
    endloop
  endfacet
  facet normal 0 0 1
    outer loop
      vertex 26.294719671291816 -6.044997129431898 16
      vertex 26.381966011250107 -6.175570504584947 16
      vertex 29.705280328708184 -6.044997129431898 16
    endloop
  endfacet
  facet normal 0 0 1
    outer loop
      vertex 26.381966011250107 -6.175570504584947 16
      vertex 26.47918806879994 -6.298896096660368 16
      vertex 29.618033988749893 -6.175570504584947 16
    endloop
  endfacet
  facet normal 0 0 1
    outer loop
      vertex 26.47918806879994 -6.298896096660368 16
      vertex 26.585786437626904 -6.414213562373095 16
      vertex 29.52081193120006 -6.298896096660368 16
    endloop
  endfacet
  facet normal 0 0 1
    outer loop
      vertex 26.585786437626904 -6.414213562373095 16
      vertex 26.701103903339632 -6.520811931200062 16
      vertex 29.414213562373096 -6.414213562373095 16
    endloop
  endfacet
  facet normal 0 0 1
    outer loop
      vertex 26.701103903339632 -6.520811931200062 16
      vertex 26.824429495415053 -6.618033988749895 16
      vertex 29.298896096660368 -6.520811931200062 16
    endloop
  endfacet
  facet normal 0 0 1
    outer loop
      vertex 26.024623318809724 -4.6871310699195385 16
      vertex 29.975376681190276 -4.6871310699195385 16
      vertex 29.944739840795354 -4.533109272288189 16
    endloop
  endfacet
  facet normal 0 0 1
    outer loop
      vertex 26.006165332533744 -4.84308180854431 16
      vertex 29.993834667466256 -4.84308180854431 16
      vertex 29.975376681190276 -4.6871310699195385 16
    endloop
  endfacet
  facet normal 0 0 1
    outer loop
      vertex 26 -5 16
      vertex 30 -5 16
      vertex 29.993834667466256 -4.84308180854431 16
    endloop
  endfacet
  facet normal 0 0 1
    outer loop
      vertex 26.006165332533744 -5.15691819145569 16
      vertex 29.993834667466256 -5.15691819145569 16
      vertex 30 -5 16
    endloop
  endfacet
  facet normal 0 0 1
    outer loop
      vertex 26.024623318809724 -5.3128689300804615 16
      vertex 29.975376681190276 -5.3128689300804615 16
      vertex 29.993834667466256 -5.15691819145569 16
    endloop
  endfacet
  facet normal 0 0 1
    outer loop
      vertex 26.055260159204646 -5.466890727711811 16
      vertex 29.944739840795354 -5.466890727711811 16
      vertex 29.975376681190276 -5.3128689300804615 16
    endloop
  endfacet
  facet normal 0 0 1
    outer loop
      vertex 26.152240934977428 -5.765366864730179 16
      vertex 29.847759065022572 -5.765366864730179 16
      vertex 29.902113032590307 -5.618033988749895 16
    endloop
  endfacet
  facet normal 0 0 1
    outer loop
      vertex 26.097886967409693 -5.618033988749895 16
      vertex 29.902113032590307 -5.618033988749895 16
      vertex 29.944739840795354 -5.466890727711811 16
    endloop
  endfacet
  facet normal 0 0 1
    outer loop
      vertex 26.824429495415053 -6.618033988749895 16
      vertex 26.9550028705681 -6.705280328708184 16
      vertex 29.175570504584947 -6.618033988749895 16
    endloop
  endfacet
  facet normal 0 0 1
    outer loop
      vertex 26.9550028705681 -6.705280328708184 16
      vertex 27.092019000520907 -6.782013048376736 16
      vertex 29.0449971294319 -6.705280328708184 16
    endloop
  endfacet
  facet normal 0 0 1
    outer loop
      vertex 27.092019000520907 -6.782013048376736 16
      vertex 27.23463313526982 -6.847759065022574 16
      vertex 28.907980999479093 -6.782013048376736 16
    endloop
  endfacet
  facet normal 0 0 1
    outer loop
      vertex 27.23463313526982 -6.847759065022574 16
      vertex 27.381966011250107 -6.902113032590307 16
      vertex 28.76536686473018 -6.847759065022574 16
    endloop
  endfacet
  facet normal 0 0 1
    outer loop
      vertex 27.381966011250107 -6.902113032590307 16
      vertex 27.53310927228819 -6.944739840795354 16
      vertex 28.618033988749893 -6.902113032590307 16
    endloop
  endfacet
  facet normal 0 0 1
    outer loop
      vertex 27.53310927228819 -6.944739840795354 16
      vertex 27.687131069919538 -6.9753766811902755 16
      vertex 28.46689072771181 -6.944739840795354 16
    endloop
  endfacet
  facet normal 0 0 1
    outer loop
      vertex 27.687131069919538 -6.9753766811902755 16
      vertex 27.84308180854431 -6.993834667466256 16
      vertex 28.312868930080462 -6.9753766811902755 16
    endloop
  endfacet
  facet normal 0 0 1
    outer loop
      vertex 27.84308180854431 -6.993834667466256 16
      vertex 28 -7 16
      vertex 28.15691819145569 -6.993834667466256 16
    endloop
  endfacet
  facet normal 0 0 1
    outer loop
      vertex 26.824429495415053 -6.618033988749895 16
      vertex 29.175570504584947 -6.618033988749895 16
      vertex 29.298896096660368 -6.520811931200062 16
    endloop
  endfacet
  facet normal 0 0 1
    outer loop
      vertex 26.9550028705681 -6.705280328708184 16
      vertex 29.0449971294319 -6.705280328708184 16
      vertex 29.175570504584947 -6.618033988749895 16
    endloop
  endfacet
  facet normal 0 0 1
    outer loop
      vertex 27.84308180854431 -6.993834667466256 16
      vertex 28.15691819145569 -6.993834667466256 16
      vertex 28.312868930080462 -6.9753766811902755 16
    endloop
  endfacet
  facet normal 0 0 1
    outer loop
      vertex 27.687131069919538 -6.9753766811902755 16
      vertex 28.312868930080462 -6.9753766811902755 16
      vertex 28.46689072771181 -6.944739840795354 16
    endloop
  endfacet
  facet normal 0 0 1
    outer loop
      vertex 27.53310927228819 -6.944739840795354 16
      vertex 28.46689072771181 -6.944739840795354 16
      vertex 28.618033988749893 -6.902113032590307 16
    endloop
  endfacet
  facet normal 0 0 1
    outer loop
      vertex 27.23463313526982 -6.847759065022574 16
      vertex 28.76536686473018 -6.847759065022574 16
      vertex 28.907980999479093 -6.782013048376736 16
    endloop
  endfacet
  facet normal 0 0 1
    outer loop
      vertex 27.092019000520907 -6.782013048376736 16
      vertex 28.907980999479093 -6.782013048376736 16
      vertex 29.0449971294319 -6.705280328708184 16
    endloop
  endfacet
  facet normal 0 0 1
    outer loop
      vertex 27.381966011250107 -6.902113032590307 16
      vertex 28.618033988749893 -6.902113032590307 16
      vertex 28.76536686473018 -6.847759065022574 16
    endloop
  endfacet
  facet normal 0 0 1
    outer loop
      vertex 26.217986951623264 -5.9079809994790935 16
      vertex 29.782013048376736 -5.9079809994790935 16
      vertex 29.847759065022572 -5.765366864730179 16
    endloop
  endfacet
  facet normal 0 0 1
    outer loop
      vertex 26.294719671291816 -6.044997129431898 16
      vertex 29.705280328708184 -6.044997129431898 16
      vertex 29.782013048376736 -5.9079809994790935 16
    endloop
  endfacet
  facet normal 0 0 1
    outer loop
      vertex 26.381966011250107 -6.175570504584947 16
      vertex 29.618033988749893 -6.175570504584947 16
      vertex 29.705280328708184 -6.044997129431898 16
    endloop
  endfacet
  facet normal 0 0 1
    outer loop
      vertex 26.47918806879994 -6.298896096660368 16
      vertex 29.52081193120006 -6.298896096660368 16
      vertex 29.618033988749893 -6.175570504584947 16
    endloop
  endfacet
  facet normal 0 0 1
    outer loop
      vertex 26.585786437626904 -6.414213562373095 16
      vertex 29.414213562373096 -6.414213562373095 16
      vertex 29.52081193120006 -6.298896096660368 16
    endloop
  endfacet
  facet normal 0 0 1
    outer loop
      vertex 26.701103903339632 -6.520811931200062 16
      vertex 29.298896096660368 -6.520811931200062 16
      vertex 29.414213562373096 -6.414213562373095 16
    endloop
  endfacet
  facet normal 0.6190939493098334 0.7853169308807453 0
    outer loop
      vertex 29.175570504584947 -3.381966011250105 16
      vertex 29.298896096660368 -3.479188068799938 16
      vertex 29.298896096660368 -3.479188068799938 11.600000000000023
    endloop
  endfacet
  facet normal 0.6788007455329419 0.7343225094356854 0
    outer loop
      vertex 29.298896096660368 -3.479188068799938 16
      vertex 29.414213562373096 -3.585786437626905 16
      vertex 29.414213562373096 -3.585786437626905 11.600000000000023
    endloop
  endfacet
  facet normal 0.7343225094356897 0.6788007455329372 0
    outer loop
      vertex 29.414213562373096 -3.585786437626905 16
      vertex 29.52081193120006 -3.7011039033396327 16
      vertex 29.52081193120006 -3.7011039033396327 11.600000000000023
    endloop
  endfacet
  facet normal 0.785316930880748 0.61909394930983 0
    outer loop
      vertex 29.52081193120006 -3.7011039033396327 16
      vertex 29.618033988749893 -3.8244294954150537 16
      vertex 29.618033988749893 -3.8244294954150537 11.600000000000023
    endloop
  endfacet
  facet normal 0.8314696123025408 0.555570233019609 0
    outer loop
      vertex 29.618033988749893 -3.8244294954150537 16
      vertex 29.705280328708184 -3.9550028705681024 16
      vertex 29.705280328708184 -3.9550028705681024 11.600000000000023
    endloop
  endfacet
  facet normal 0.8724960070727948 0.48862124149695907 0
    outer loop
      vertex 29.705280328708184 -3.9550028705681024 16
      vertex 29.782013048376736 -4.0920190005209065 16
      vertex 29.782013048376736 -4.0920190005209065 11.600000000000023
    endloop
  endfacet
  facet normal 0.9081431738250866 0.4186597375374164 0
    outer loop
      vertex 29.782013048376736 -4.0920190005209065 16
      vertex 29.847759065022572 -4.234633135269821 16
      vertex 29.847759065022572 -4.234633135269821 11.600000000000023
    endloop
  endfacet
  facet normal 0.9381913359224808 0.34611705707750223 0
    outer loop
      vertex 29.847759065022572 -4.234633135269821 16
      vertex 29.902113032590307 -4.381966011250105 16
      vertex 29.902113032590307 -4.381966011250105 11.600000000000023
    endloop
  endfacet
  facet normal 0.9624552364536467 0.27144044986507576 0
    outer loop
      vertex 29.902113032590307 -4.381966011250105 16
      vertex 29.944739840795354 -4.533109272288189 16
      vertex 29.944739840795354 -4.533109272288189 11.600000000000023
    endloop
  endfacet
  facet normal 0.9807852804032299 0.1950903220161315 0
    outer loop
      vertex 29.944739840795354 -4.533109272288189 16
      vertex 29.975376681190276 -4.6871310699195385 16
      vertex 29.975376681190276 -4.6871310699195385 11.600000000000023
    endloop
  endfacet
  facet normal 0.9930684569549268 0.11753739745783276 0
    outer loop
      vertex 29.975376681190276 -4.6871310699195385 16
      vertex 29.993834667466256 -4.84308180854431 16
      vertex 29.993834667466256 -4.84308180854431 11.600000000000023
    endloop
  endfacet
  facet normal 0.999229036240723 0.03925981575906742 0
    outer loop
      vertex 29.993834667466256 -4.84308180854431 16
      vertex 30 -5 16
      vertex 30 -5 11.600000000000023
    endloop
  endfacet
  facet normal 0.999229036240723 -0.03925981575906742 0
    outer loop
      vertex 30 -5 16
      vertex 29.993834667466256 -5.15691819145569 16
      vertex 29.993834667466256 -5.15691819145569 11.600000000000023
    endloop
  endfacet
  facet normal 0.9930684569549268 -0.11753739745783276 0
    outer loop
      vertex 29.993834667466256 -5.15691819145569 16
      vertex 29.975376681190276 -5.3128689300804615 16
      vertex 29.975376681190276 -5.3128689300804615 11.600000000000023
    endloop
  endfacet
  facet normal 0.9807852804032299 -0.1950903220161315 0
    outer loop
      vertex 29.975376681190276 -5.3128689300804615 16
      vertex 29.944739840795354 -5.466890727711811 16
      vertex 29.944739840795354 -5.466890727711811 11.600000000000023
    endloop
  endfacet
  facet normal 0.9624552364536467 -0.27144044986507576 0
    outer loop
      vertex 29.944739840795354 -5.466890727711811 16
      vertex 29.902113032590307 -5.618033988749895 16
      vertex 29.902113032590307 -5.618033988749895 11.600000000000023
    endloop
  endfacet
  facet normal 0.9381913359224808 -0.34611705707750223 0
    outer loop
      vertex 29.902113032590307 -5.618033988749895 16
      vertex 29.847759065022572 -5.765366864730179 16
      vertex 29.847759065022572 -5.765366864730179 11.600000000000023
    endloop
  endfacet
  facet normal 0.8314696123025415 -0.5555702330196076 0
    outer loop
      vertex 29.618033988749893 -6.175570504584947 16
      vertex 29.618033988749893 -6.175570504584947 11.600000000000023
      vertex 29.705280328708184 -6.044997129431898 16
    endloop
  endfacet
  facet normal 0.785316930880748 -0.61909394930983 0
    outer loop
      vertex 29.618033988749893 -6.175570504584947 16
      vertex 29.52081193120006 -6.298896096660368 16
      vertex 29.52081193120006 -6.298896096660368 11.600000000000023
    endloop
  endfacet
  facet normal 0.9081431738250866 -0.4186597375374164 0
    outer loop
      vertex 29.847759065022572 -5.765366864730179 16
      vertex 29.782013048376736 -5.9079809994790935 16
      vertex 29.782013048376736 -5.9079809994790935 11.600000000000023
    endloop
  endfacet
  facet normal 0.8724960070727948 -0.48862124149695907 0
    outer loop
      vertex 29.782013048376736 -5.9079809994790935 16
      vertex 29.705280328708184 -6.044997129431898 16
      vertex 29.705280328708184 -6.044997129431898 11.600000000000023
    endloop
  endfacet
  facet normal 0.6788007455329419 -0.7343225094356854 0
    outer loop
      vertex 29.414213562373096 -6.414213562373095 16
      vertex 29.298896096660368 -6.520811931200062 16
      vertex 29.298896096660368 -6.520811931200062 11.600000000000023
    endloop
  endfacet
  facet normal 0.7343225094356884 -0.6788007455329386 0
    outer loop
      vertex 29.414213562373096 -6.414213562373095 16
      vertex 29.414213562373096 -6.414213562373095 11.600000000000023
      vertex 29.52081193120006 -6.298896096660368 16
    endloop
  endfacet
endsolid OpenSCAD_Model
