solid OpenSCAD_Model
  facet normal 0.6788007455329422 0.734322509435685 0
    outer loop
      vertex 9.055456351736995 3.555456351736994 11.6
      vertex 9.214017867091995 3.408883594599915 11.6
      vertex 9.055456351736995 3.555456351736994 0
    endloop
  endfacet
  facet normal 0.619093949309834 0.7853169308807448 0
    outer loop
      vertex 9.214017867091995 3.408883594599915 11.6
      vertex 9.3835905561957 3.2752032654688943 11.6
      vertex 9.214017867091995 3.408883594599915 0
    endloop
  endfacet
  facet normal 0.5555702330196018 0.8314696123025455 0
    outer loop
      vertex 9.56312894703114 3.1552395480262465 11.6
      vertex 9.3835905561957 3.2752032654688943 0
      vertex 9.3835905561957 3.2752032654688943 11.6
    endloop
  endfacet
  facet normal 0.4886212414969553 0.8724960070727968 0
    outer loop
      vertex 9.56312894703114 3.1552395480262465 11.6
      vertex 9.751526125716246 3.0497320584819883 11.6
      vertex 9.56312894703114 3.1552395480262465 0
    endloop
  endfacet
  facet normal 0.7853169308807438 0.6190939493098352 0
    outer loop
      vertex 8.908883594599915 3.7140178670919948 11.6
      vertex 8.775203265468894 3.883590556195699 0
      vertex 8.775203265468894 3.883590556195699 11.6
    endloop
  endfacet
  facet normal 0.8314696123025455 0.5555702330196018 0
    outer loop
      vertex 8.655239548026247 4.0631289470311405 11.6
      vertex 8.775203265468894 3.883590556195699 11.6
      vertex 8.655239548026247 4.0631289470311405 0
    endloop
  endfacet
  facet normal 0.9081431738250824 0.4186597375374257 0
    outer loop
      vertex 8.459331285593962 4.447620560996003 11.6
      vertex 8.549732058481988 4.251526125716246 11.6
      vertex 8.459331285593962 4.447620560996003 0
    endloop
  endfacet
  facet normal 0.9381913359224835 0.34611705707749457 0
    outer loop
      vertex 8.459331285593962 4.447620560996003 11.6
      vertex 8.384594580188327 4.650203265468894 0
      vertex 8.384594580188327 4.650203265468894 11.6
    endloop
  endfacet
  facet normal 0.8724960070727961 0.48862124149695685 0
    outer loop
      vertex 8.655239548026247 4.0631289470311405 11.6
      vertex 8.549732058481988 4.251526125716246 0
      vertex 8.549732058481988 4.251526125716246 11.6
    endloop
  endfacet
  facet normal 0.734322509435686 0.6788007455329412 0
    outer loop
      vertex 9.055456351736995 3.555456351736994 11.6
      vertex 8.908883594599915 3.7140178670919948 0
      vertex 8.908883594599915 3.7140178670919948 11.6
    endloop
  endfacet
  facet normal 0.34611705707749413 0.9381913359224838 0
    outer loop
      vertex 9.947620560996004 2.9593312855939615 11.6
      vertex 10.150203265468894 2.884594580188328 11.6
      vertex 9.947620560996004 2.9593312855939615 0
    endloop
  endfacet
  facet normal 0.2714404498650757 0.9624552364536468 0
    outer loop
      vertex 10.150203265468894 2.884594580188328 11.6
      vertex 10.35802524939626 2.8259827189063893 11.6
      vertex 10.150203265468894 2.884594580188328 0
    endloop
  endfacet
  facet normal 0.1950903220161277 0.9807852804032307 0
    outer loop
      vertex 10.35802524939626 2.8259827189063893 11.6
      vertex 10.569805221139365 2.7838570633633712 11.6
      vertex 10.35802524939626 2.8259827189063893 0
    endloop
  endfacet
  facet normal 0.4186597375374258 0.9081431738250823 0
    outer loop
      vertex 9.947620560996004 2.9593312855939615 11.6
      vertex 9.751526125716246 3.0497320584819883 0
      vertex 9.751526125716246 3.0497320584819883 11.6
    endloop
  endfacet
  facet normal 0.11753739745783723 0.9930684569549263 0
    outer loop
      vertex 10.569805221139365 2.7838570633633712 11.6
      vertex 10.784237486748426 2.7584773322338982 11.6
      vertex 10.569805221139365 2.7838570633633712 0
    endloop
  endfacet
  facet normal 0.03925981575906927 0.9992290362407229 0
    outer loop
      vertex 10.784237486748426 2.7584773322338982 11.6
      vertex 11 2.75 11.6
      vertex 10.784237486748426 2.7584773322338982 0
    endloop
  endfacet
  facet normal -0.03925981575906927 0.9992290362407229 0
    outer loop
      vertex 11 2.75 11.6
      vertex 11.215762513251574 2.7584773322338982 11.6
      vertex 11 2.75 0
    endloop
  endfacet
  facet normal -0.11753739745783723 0.9930684569549263 0
    outer loop
      vertex 11.215762513251574 2.7584773322338982 11.6
      vertex 11.430194778860635 2.7838570633633712 11.6
      vertex 11.215762513251574 2.7584773322338982 0
    endloop
  endfacet
  facet normal -0.1950903220161277 0.9807852804032307 0
    outer loop
      vertex 11.430194778860635 2.7838570633633712 11.6
      vertex 11.64197475060374 2.8259827189063893 11.6
      vertex 11.430194778860635 2.7838570633633712 0
    endloop
  endfacet
  facet normal -0.2714404498650757 0.9624552364536468 0
    outer loop
      vertex 11.64197475060374 2.8259827189063893 11.6
      vertex 11.849796734531106 2.884594580188328 11.6
      vertex 11.64197475060374 2.8259827189063893 0
    endloop
  endfacet
  facet normal -0.34611705707749413 0.9381913359224838 0
    outer loop
      vertex 11.849796734531106 2.884594580188328 11.6
      vertex 12.052379439003996 2.9593312855939615 11.6
      vertex 11.849796734531106 2.884594580188328 0
    endloop
  endfacet
  facet normal -0.4186597375374258 0.9081431738250823 0
    outer loop
      vertex 12.052379439003996 2.9593312855939615 11.6
      vertex 12.248473874283754 3.0497320584819883 11.6
      vertex 12.052379439003996 2.9593312855939615 0
    endloop
  endfacet
  facet normal -0.4886212414969553 0.8724960070727968 0
    outer loop
      vertex 12.248473874283754 3.0497320584819883 11.6
      vertex 12.43687105296886 3.1552395480262465 11.6
      vertex 12.248473874283754 3.0497320584819883 0
    endloop
  endfacet
  facet normal -0.5555702330196018 0.8314696123025455 0
    outer loop
      vertex 12.43687105296886 3.1552395480262465 11.6
      vertex 12.6164094438043 3.2752032654688943 11.6
      vertex 12.43687105296886 3.1552395480262465 0
    endloop
  endfacet
  facet normal -0.619093949309834 0.7853169308807448 0
    outer loop
      vertex 12.6164094438043 3.2752032654688943 11.6
      vertex 12.785982132908005 3.408883594599915 11.6
      vertex 12.6164094438043 3.2752032654688943 0
    endloop
  endfacet
  facet normal -0.6788007455329422 0.734322509435685 0
    outer loop
      vertex 12.785982132908005 3.408883594599915 11.6
      vertex 12.944543648263005 3.555456351736994 11.6
      vertex 12.785982132908005 3.408883594599915 0
    endloop
  endfacet
  facet normal -0.734322509435686 0.6788007455329412 0
    outer loop
      vertex 12.944543648263005 3.555456351736994 11.6
      vertex 13.091116405400085 3.7140178670919948 11.6
      vertex 12.944543648263005 3.555456351736994 0
    endloop
  endfacet
  facet normal 0.980785280403231 0.19509032201612572 0
    outer loop
      vertex 8.325982718906388 4.85802524939626 11.6
      vertex 8.28385706336337 5.069805221139365 0
      vertex 8.28385706336337 5.069805221139365 11.6
    endloop
  endfacet
  facet normal 0.9624552364536464 0.2714404498650776 0
    outer loop
      vertex 8.384594580188327 4.650203265468894 11.6
      vertex 8.325982718906388 4.85802524939626 0
      vertex 8.325982718906388 4.85802524939626 11.6
    endloop
  endfacet
  facet normal 0.9930684569549267 0.11753739745783473 0
    outer loop
      vertex 8.28385706336337 5.069805221139365 11.6
      vertex 8.258477332233898 5.2842374867484265 0
      vertex 8.258477332233898 5.2842374867484265 11.6
    endloop
  endfacet
  facet normal 0.9992290362407229 0.03925981575906943 0
    outer loop
      vertex 8.258477332233898 5.2842374867484265 11.6
      vertex 8.25 5.5 0
      vertex 8.25 5.5 11.6
    endloop
  endfacet
  facet normal 0.9992290362407229 -0.03925981575906943 0
    outer loop
      vertex 8.25 5.5 11.6
      vertex 8.258477332233898 5.7157625132515735 0
      vertex 8.258477332233898 5.7157625132515735 11.6
    endloop
  endfacet
  facet normal 0.9930684569549267 -0.11753739745783473 0
    outer loop
      vertex 8.258477332233898 5.7157625132515735 11.6
      vertex 8.28385706336337 5.930194778860635 0
      vertex 8.28385706336337 5.930194778860635 11.6
    endloop
  endfacet
  facet normal 0.980785280403231 -0.19509032201612572 0
    outer loop
      vertex 8.28385706336337 5.930194778860635 11.6
      vertex 8.325982718906388 6.14197475060374 0
      vertex 8.325982718906388 6.14197475060374 11.6
    endloop
  endfacet
  facet normal 0.9624552364536464 -0.2714404498650776 0
    outer loop
      vertex 8.325982718906388 6.14197475060374 11.6
      vertex 8.384594580188327 6.349796734531106 0
      vertex 8.384594580188327 6.349796734531106 11.6
    endloop
  endfacet
  facet normal 0.9381913359224835 -0.34611705707749457 0
    outer loop
      vertex 8.384594580188327 6.349796734531106 11.6
      vertex 8.459331285593962 6.552379439003997 0
      vertex 8.459331285593962 6.552379439003997 11.6
    endloop
  endfacet
  facet normal 0.9081431738250824 -0.4186597375374257 0
    outer loop
      vertex 8.459331285593962 6.552379439003997 11.6
      vertex 8.549732058481988 6.748473874283754 0
      vertex 8.549732058481988 6.748473874283754 11.6
    endloop
  endfacet
  facet normal 0.8724960070727961 -0.48862124149695685 0
    outer loop
      vertex 8.549732058481988 6.748473874283754 11.6
      vertex 8.655239548026247 6.9368710529688595 0
      vertex 8.655239548026247 6.9368710529688595 11.6
    endloop
  endfacet
  facet normal 0.8314696123025455 -0.5555702330196018 0
    outer loop
      vertex 8.655239548026247 6.9368710529688595 11.6
      vertex 8.775203265468894 7.116409443804301 0
      vertex 8.775203265468894 7.116409443804301 11.6
    endloop
  endfacet
  facet normal 0.7853169308807438 -0.6190939493098352 0
    outer loop
      vertex 8.775203265468894 7.116409443804301 11.6
      vertex 8.908883594599915 7.285982132908005 0
      vertex 8.908883594599915 7.285982132908005 11.6
    endloop
  endfacet
  facet normal 0.734322509435685 -0.6788007455329422 0
    outer loop
      vertex 8.908883594599915 7.285982132908005 11.6
      vertex 9.055456351736995 7.444543648263005 0
      vertex 9.055456351736995 7.444543648263005 11.6
    endloop
  endfacet
  facet normal 0.6788007455329422 -0.734322509435685 0
    outer loop
      vertex 9.055456351736995 7.444543648263005 11.6
      vertex 9.214017867091995 7.591116405400085 0
      vertex 9.214017867091995 7.591116405400085 11.6
    endloop
  endfacet
  facet normal 0.6190939493098352 -0.7853169308807438 0
    outer loop
      vertex 9.214017867091995 7.591116405400085 11.6
      vertex 9.3835905561957 7.724796734531106 0
      vertex 9.3835905561957 7.724796734531106 11.6
    endloop
  endfacet
  facet normal 0.5555702330196018 -0.8314696123025455 0
    outer loop
      vertex 9.3835905561957 7.724796734531106 11.6
      vertex 9.56312894703114 7.8447604519737535 0
      vertex 9.56312894703114 7.8447604519737535 11.6
    endloop
  endfacet
  facet normal 0.48862124149695685 -0.8724960070727961 0
    outer loop
      vertex 9.56312894703114 7.8447604519737535 11.6
      vertex 9.751526125716246 7.950267941518012 0
      vertex 9.751526125716246 7.950267941518012 11.6
    endloop
  endfacet
  facet normal 0.41865973753742414 -0.908143173825083 0
    outer loop
      vertex 9.751526125716246 7.950267941518012 11.6
      vertex 9.947620560996004 8.040668714406038 0
      vertex 9.947620560996004 8.040668714406038 11.6
    endloop
  endfacet
  facet normal 0.34611705707749596 -0.9381913359224832 0
    outer loop
      vertex 9.947620560996004 8.040668714406038 11.6
      vertex 10.150203265468894 8.115405419811673 0
      vertex 10.150203265468894 8.115405419811673 11.6
    endloop
  endfacet
  facet normal 0.2714404498650776 -0.9624552364536464 0
    outer loop
      vertex 10.150203265468894 8.115405419811673 11.6
      vertex 10.35802524939626 8.174017281093612 0
      vertex 10.35802524939626 8.174017281093612 11.6
    endloop
  endfacet
  facet normal 0.19509032201612572 -0.980785280403231 0
    outer loop
      vertex 10.35802524939626 8.174017281093612 11.6
      vertex 10.569805221139365 8.21614293663663 0
      vertex 10.569805221139365 8.21614293663663 11.6
    endloop
  endfacet
  facet normal 0.11753739745783522 -0.9930684569549266 0
    outer loop
      vertex 10.569805221139365 8.21614293663663 11.6
      vertex 10.784237486748426 8.241522667766102 0
      vertex 10.784237486748426 8.241522667766102 11.6
    endloop
  endfacet
  facet normal 0.03925981575906927 -0.9992290362407229 0
    outer loop
      vertex 10.784237486748426 8.241522667766102 11.6
      vertex 11 8.25 0
      vertex 11 8.25 11.6
    endloop
  endfacet
  facet normal -0.03925981575906927 -0.9992290362407229 0
    outer loop
      vertex 11 8.25 11.6
      vertex 11.215762513251574 8.241522667766102 0
      vertex 11.215762513251574 8.241522667766102 11.6
    endloop
  endfacet
  facet normal -0.11753739745783522 -0.9930684569549266 0
    outer loop
      vertex 11.215762513251574 8.241522667766102 11.6
      vertex 11.430194778860635 8.21614293663663 0
      vertex 11.430194778860635 8.21614293663663 11.6
    endloop
  endfacet
  facet normal -0.19509032201612572 -0.980785280403231 0
    outer loop
      vertex 11.430194778860635 8.21614293663663 11.6
      vertex 11.64197475060374 8.174017281093612 0
      vertex 11.64197475060374 8.174017281093612 11.6
    endloop
  endfacet
  facet normal -0.2714404498650776 -0.9624552364536464 0
    outer loop
      vertex 11.64197475060374 8.174017281093612 11.6
      vertex 11.849796734531106 8.115405419811673 0
      vertex 11.849796734531106 8.115405419811673 11.6
    endloop
  endfacet
  facet normal -0.41865973753742414 -0.908143173825083 0
    outer loop
      vertex 12.052379439003996 8.040668714406038 11.6
      vertex 12.248473874283754 7.950267941518012 0
      vertex 12.248473874283754 7.950267941518012 11.6
    endloop
  endfacet
  facet normal -0.34611705707749596 -0.9381913359224832 0
    outer loop
      vertex 11.849796734531106 8.115405419811673 11.6
      vertex 12.052379439003996 8.040668714406038 0
      vertex 12.052379439003996 8.040668714406038 11.6
    endloop
  endfacet
  facet normal -0.6190939493098352 -0.7853169308807438 0
    outer loop
      vertex 12.785982132908005 7.591116405400085 11.6
      vertex 12.6164094438043 7.724796734531106 11.6
      vertex 12.785982132908005 7.591116405400085 0
    endloop
  endfacet
  facet normal -0.6788007455329422 -0.734322509435685 0
    outer loop
      vertex 12.785982132908005 7.591116405400085 11.6
      vertex 12.944543648263005 7.444543648263005 0
      vertex 12.944543648263005 7.444543648263005 11.6
    endloop
  endfacet
  facet normal -0.48862124149695685 -0.8724960070727961 0
    outer loop
      vertex 12.248473874283754 7.950267941518012 11.6
      vertex 12.43687105296886 7.8447604519737535 0
      vertex 12.43687105296886 7.8447604519737535 11.6
    endloop
  endfacet
  facet normal -0.5555702330196018 -0.8314696123025455 0
    outer loop
      vertex 12.43687105296886 7.8447604519737535 11.6
      vertex 12.6164094438043 7.724796734531106 0
      vertex 12.6164094438043 7.724796734531106 11.6
    endloop
  endfacet
  facet normal 0.619093949309834 0.7853169308807448 0
    outer loop
      vertex 9.3835905561957 3.2752032654688943 11.6
      vertex 9.3835905561957 3.2752032654688943 0
      vertex 9.214017867091995 3.408883594599915 0
    endloop
  endfacet
  facet normal 0.6788007455329422 0.734322509435685 0
    outer loop
      vertex 9.214017867091995 3.408883594599915 11.6
      vertex 9.214017867091995 3.408883594599915 0
      vertex 9.055456351736995 3.555456351736994 0
    endloop
  endfacet
  facet normal 0.5555702330196018 0.8314696123025455 0
    outer loop
      vertex 9.56312894703114 3.1552395480262465 11.6
      vertex 9.56312894703114 3.1552395480262465 0
      vertex 9.3835905561957 3.2752032654688943 0
    endloop
  endfacet
  facet normal 0.4886212414969553 0.8724960070727968 0
    outer loop
      vertex 9.751526125716246 3.0497320584819883 11.6
      vertex 9.751526125716246 3.0497320584819883 0
      vertex 9.56312894703114 3.1552395480262465 0
    endloop
  endfacet
  facet normal 0.7853169308807438 0.6190939493098352 0
    outer loop
      vertex 8.908883594599915 3.7140178670919948 11.6
      vertex 8.908883594599915 3.7140178670919948 0
      vertex 8.775203265468894 3.883590556195699 0
    endloop
  endfacet
  facet normal 0.8724960070727961 0.48862124149695685 0
    outer loop
      vertex 8.655239548026247 4.0631289470311405 11.6
      vertex 8.655239548026247 4.0631289470311405 0
      vertex 8.549732058481988 4.251526125716246 0
    endloop
  endfacet
  facet normal 0.8314696123025455 0.5555702330196018 0
    outer loop
      vertex 8.775203265468894 3.883590556195699 11.6
      vertex 8.775203265468894 3.883590556195699 0
      vertex 8.655239548026247 4.0631289470311405 0
    endloop
  endfacet
  facet normal 0.9081431738250824 0.4186597375374257 0
    outer loop
      vertex 8.549732058481988 4.251526125716246 11.6
      vertex 8.549732058481988 4.251526125716246 0
      vertex 8.459331285593962 4.447620560996003 0
    endloop
  endfacet
  facet normal 0.9381913359224835 0.34611705707749457 0
    outer loop
      vertex 8.459331285593962 4.447620560996003 11.6
      vertex 8.459331285593962 4.447620560996003 0
      vertex 8.384594580188327 4.650203265468894 0
    endloop
  endfacet
  facet normal 0.9624552364536464 0.2714404498650776 0
    outer loop
      vertex 8.384594580188327 4.650203265468894 11.6
      vertex 8.384594580188327 4.650203265468894 0
      vertex 8.325982718906388 4.85802524939626 0
    endloop
  endfacet
  facet normal 0.734322509435686 0.6788007455329412 0
    outer loop
      vertex 9.055456351736995 3.555456351736994 11.6
      vertex 9.055456351736995 3.555456351736994 0
      vertex 8.908883594599915 3.7140178670919948 0
    endloop
  endfacet
  facet normal 0.34611705707749413 0.9381913359224838 0
    outer loop
      vertex 10.150203265468894 2.884594580188328 11.6
      vertex 10.150203265468894 2.884594580188328 0
      vertex 9.947620560996004 2.9593312855939615 0
    endloop
  endfacet
  facet normal 0.2714404498650757 0.9624552364536468 0
    outer loop
      vertex 10.35802524939626 2.8259827189063893 11.6
      vertex 10.35802524939626 2.8259827189063893 0
      vertex 10.150203265468894 2.884594580188328 0
    endloop
  endfacet
  facet normal 0.1950903220161277 0.9807852804032307 0
    outer loop
      vertex 10.569805221139365 2.7838570633633712 11.6
      vertex 10.569805221139365 2.7838570633633712 0
      vertex 10.35802524939626 2.8259827189063893 0
    endloop
  endfacet
  facet normal 0.4186597375374258 0.9081431738250823 0
    outer loop
      vertex 9.947620560996004 2.9593312855939615 11.6
      vertex 9.947620560996004 2.9593312855939615 0
      vertex 9.751526125716246 3.0497320584819883 0
    endloop
  endfacet
  facet normal 0.11753739745783723 0.9930684569549263 0
    outer loop
      vertex 10.784237486748426 2.7584773322338982 11.6
      vertex 10.784237486748426 2.7584773322338982 0
      vertex 10.569805221139365 2.7838570633633712 0
    endloop
  endfacet
  facet normal 0.03925981575906927 0.9992290362407229 0
    outer loop
      vertex 11 2.75 11.6
      vertex 11 2.75 0
      vertex 10.784237486748426 2.7584773322338982 0
    endloop
  endfacet
  facet normal -0.03925981575906927 0.9992290362407229 0
    outer loop
      vertex 11.215762513251574 2.7584773322338982 11.6
      vertex 11.215762513251574 2.7584773322338982 0
      vertex 11 2.75 0
    endloop
  endfacet
  facet normal -0.11753739745783723 0.9930684569549263 0
    outer loop
      vertex 11.430194778860635 2.7838570633633712 11.6
      vertex 11.430194778860635 2.7838570633633712 0
      vertex 11.215762513251574 2.7584773322338982 0
    endloop
  endfacet
  facet normal -0.1950903220161277 0.9807852804032307 0
    outer loop
      vertex 11.64197475060374 2.8259827189063893 11.6
      vertex 11.64197475060374 2.8259827189063893 0
      vertex 11.430194778860635 2.7838570633633712 0
    endloop
  endfacet
  facet normal -0.2714404498650757 0.9624552364536468 0
    outer loop
      vertex 11.849796734531106 2.884594580188328 11.6
      vertex 11.849796734531106 2.884594580188328 0
      vertex 11.64197475060374 2.8259827189063893 0
    endloop
  endfacet
  facet normal -0.34611705707749413 0.9381913359224838 0
    outer loop
      vertex 12.052379439003996 2.9593312855939615 11.6
      vertex 12.052379439003996 2.9593312855939615 0
      vertex 11.849796734531106 2.884594580188328 0
    endloop
  endfacet
  facet normal -0.4186597375374258 0.9081431738250823 0
    outer loop
      vertex 12.248473874283754 3.0497320584819883 11.6
      vertex 12.248473874283754 3.0497320584819883 0
      vertex 12.052379439003996 2.9593312855939615 0
    endloop
  endfacet
  facet normal -0.4886212414969553 0.8724960070727968 0
    outer loop
      vertex 12.43687105296886 3.1552395480262465 11.6
      vertex 12.43687105296886 3.1552395480262465 0
      vertex 12.248473874283754 3.0497320584819883 0
    endloop
  endfacet
  facet normal -0.5555702330196018 0.8314696123025455 0
    outer loop
      vertex 12.6164094438043 3.2752032654688943 11.6
      vertex 12.6164094438043 3.2752032654688943 0
      vertex 12.43687105296886 3.1552395480262465 0
    endloop
  endfacet
  facet normal -0.619093949309834 0.7853169308807448 0
    outer loop
      vertex 12.785982132908005 3.408883594599915 11.6
      vertex 12.785982132908005 3.408883594599915 0
      vertex 12.6164094438043 3.2752032654688943 0
    endloop
  endfacet
  facet normal -0.6788007455329422 0.734322509435685 0
    outer loop
      vertex 12.944543648263005 3.555456351736994 11.6
      vertex 12.944543648263005 3.555456351736994 0
      vertex 12.785982132908005 3.408883594599915 0
    endloop
  endfacet
  facet normal 0.980785280403231 0.19509032201612572 0
    outer loop
      vertex 8.325982718906388 4.85802524939626 11.6
      vertex 8.325982718906388 4.85802524939626 0
      vertex 8.28385706336337 5.069805221139365 0
    endloop
  endfacet
  facet normal 0.9930684569549267 0.11753739745783473 0
    outer loop
      vertex 8.28385706336337 5.069805221139365 11.6
      vertex 8.28385706336337 5.069805221139365 0
      vertex 8.258477332233898 5.2842374867484265 0
    endloop
  endfacet
  facet normal 0.9992290362407229 0.03925981575906943 0
    outer loop
      vertex 8.258477332233898 5.2842374867484265 11.6
      vertex 8.258477332233898 5.2842374867484265 0
      vertex 8.25 5.5 0
    endloop
  endfacet
  facet normal 0.9992290362407229 -0.03925981575906943 0
    outer loop
      vertex 8.25 5.5 11.6
      vertex 8.25 5.5 0
      vertex 8.258477332233898 5.7157625132515735 0
    endloop
  endfacet
  facet normal 0.9930684569549267 -0.11753739745783473 0
    outer loop
      vertex 8.258477332233898 5.7157625132515735 11.6
      vertex 8.258477332233898 5.7157625132515735 0
      vertex 8.28385706336337 5.930194778860635 0
    endloop
  endfacet
  facet normal 0.980785280403231 -0.19509032201612572 0
    outer loop
      vertex 8.28385706336337 5.930194778860635 11.6
      vertex 8.28385706336337 5.930194778860635 0
      vertex 8.325982718906388 6.14197475060374 0
    endloop
  endfacet
  facet normal 0.9624552364536464 -0.2714404498650776 0
    outer loop
      vertex 8.325982718906388 6.14197475060374 11.6
      vertex 8.325982718906388 6.14197475060374 0
      vertex 8.384594580188327 6.349796734531106 0
    endloop
  endfacet
  facet normal 0.9381913359224835 -0.34611705707749457 0
    outer loop
      vertex 8.384594580188327 6.349796734531106 11.6
      vertex 8.384594580188327 6.349796734531106 0
      vertex 8.459331285593962 6.552379439003997 0
    endloop
  endfacet
  facet normal 0.9081431738250824 -0.4186597375374257 0
    outer loop
      vertex 8.459331285593962 6.552379439003997 11.6
      vertex 8.459331285593962 6.552379439003997 0
      vertex 8.549732058481988 6.748473874283754 0
    endloop
  endfacet
  facet normal 0.8724960070727961 -0.48862124149695685 0
    outer loop
      vertex 8.549732058481988 6.748473874283754 11.6
      vertex 8.549732058481988 6.748473874283754 0
      vertex 8.655239548026247 6.9368710529688595 0
    endloop
  endfacet
  facet normal 0.8314696123025455 -0.5555702330196018 0
    outer loop
      vertex 8.655239548026247 6.9368710529688595 11.6
      vertex 8.655239548026247 6.9368710529688595 0
      vertex 8.775203265468894 7.116409443804301 0
    endloop
  endfacet
  facet normal 0.7853169308807438 -0.6190939493098352 0
    outer loop
      vertex 8.775203265468894 7.116409443804301 11.6
      vertex 8.775203265468894 7.116409443804301 0
      vertex 8.908883594599915 7.285982132908005 0
    endloop
  endfacet
  facet normal 0.734322509435685 -0.6788007455329422 0
    outer loop
      vertex 8.908883594599915 7.285982132908005 11.6
      vertex 8.908883594599915 7.285982132908005 0
      vertex 9.055456351736995 7.444543648263005 0
    endloop
  endfacet
  facet normal 0.6788007455329422 -0.734322509435685 0
    outer loop
      vertex 9.055456351736995 7.444543648263005 11.6
      vertex 9.055456351736995 7.444543648263005 0
      vertex 9.214017867091995 7.591116405400085 0
    endloop
  endfacet
  facet normal 0.6190939493098352 -0.7853169308807438 0
    outer loop
      vertex 9.214017867091995 7.591116405400085 11.6
      vertex 9.214017867091995 7.591116405400085 0
      vertex 9.3835905561957 7.724796734531106 0
    endloop
  endfacet
  facet normal 0.5555702330196018 -0.8314696123025455 0
    outer loop
      vertex 9.3835905561957 7.724796734531106 11.6
      vertex 9.3835905561957 7.724796734531106 0
      vertex 9.56312894703114 7.8447604519737535 0
    endloop
  endfacet
  facet normal 0.48862124149695685 -0.8724960070727961 0
    outer loop
      vertex 9.56312894703114 7.8447604519737535 11.6
      vertex 9.56312894703114 7.8447604519737535 0
      vertex 9.751526125716246 7.950267941518012 0
    endloop
  endfacet
  facet normal 0.41865973753742414 -0.908143173825083 0
    outer loop
      vertex 9.751526125716246 7.950267941518012 11.6
      vertex 9.751526125716246 7.950267941518012 0
      vertex 9.947620560996004 8.040668714406038 0
    endloop
  endfacet
  facet normal 0.34611705707749596 -0.9381913359224832 0
    outer loop
      vertex 9.947620560996004 8.040668714406038 11.6
      vertex 9.947620560996004 8.040668714406038 0
      vertex 10.150203265468894 8.115405419811673 0
    endloop
  endfacet
  facet normal 0.2714404498650776 -0.9624552364536464 0
    outer loop
      vertex 10.150203265468894 8.115405419811673 11.6
      vertex 10.150203265468894 8.115405419811673 0
      vertex 10.35802524939626 8.174017281093612 0
    endloop
  endfacet
  facet normal 0.19509032201612572 -0.980785280403231 0
    outer loop
      vertex 10.35802524939626 8.174017281093612 11.6
      vertex 10.35802524939626 8.174017281093612 0
      vertex 10.569805221139365 8.21614293663663 0
    endloop
  endfacet
  facet normal 0.11753739745783522 -0.9930684569549266 0
    outer loop
      vertex 10.569805221139365 8.21614293663663 11.6
      vertex 10.569805221139365 8.21614293663663 0
      vertex 10.784237486748426 8.241522667766102 0
    endloop
  endfacet
  facet normal 0.03925981575906927 -0.9992290362407229 0
    outer loop
      vertex 10.784237486748426 8.241522667766102 11.6
      vertex 10.784237486748426 8.241522667766102 0
      vertex 11 8.25 0
    endloop
  endfacet
  facet normal -0.03925981575906927 -0.9992290362407229 0
    outer loop
      vertex 11 8.25 11.6
      vertex 11 8.25 0
      vertex 11.215762513251574 8.241522667766102 0
    endloop
  endfacet
  facet normal -0.11753739745783522 -0.9930684569549266 0
    outer loop
      vertex 11.215762513251574 8.241522667766102 11.6
      vertex 11.215762513251574 8.241522667766102 0
      vertex 11.430194778860635 8.21614293663663 0
    endloop
  endfacet
  facet normal -0.19509032201612572 -0.980785280403231 0
    outer loop
      vertex 11.430194778860635 8.21614293663663 11.6
      vertex 11.430194778860635 8.21614293663663 0
      vertex 11.64197475060374 8.174017281093612 0
    endloop
  endfacet
  facet normal -0.2714404498650776 -0.9624552364536464 0
    outer loop
      vertex 11.64197475060374 8.174017281093612 11.6
      vertex 11.64197475060374 8.174017281093612 0
      vertex 11.849796734531106 8.115405419811673 0
    endloop
  endfacet
  facet normal -0.41865973753742414 -0.908143173825083 0
    outer loop
      vertex 12.052379439003996 8.040668714406038 11.6
      vertex 12.052379439003996 8.040668714406038 0
      vertex 12.248473874283754 7.950267941518012 0
    endloop
  endfacet
  facet normal -0.34611705707749596 -0.9381913359224832 0
    outer loop
      vertex 11.849796734531106 8.115405419811673 11.6
      vertex 11.849796734531106 8.115405419811673 0
      vertex 12.052379439003996 8.040668714406038 0
    endloop
  endfacet
  facet normal -0.734322509435685 -0.6788007455329422 0
    outer loop
      vertex 12.944543648263005 7.444543648263005 11.6
      vertex 12.944543648263005 7.444543648263005 0
      vertex 13.091116405400085 7.285982132908005 0
    endloop
  endfacet
  facet normal -0.6190939493098352 -0.7853169308807438 0
    outer loop
      vertex 12.6164094438043 7.724796734531106 11.6
      vertex 12.6164094438043 7.724796734531106 0
      vertex 12.785982132908005 7.591116405400085 0
    endloop
  endfacet
  facet normal -0.6788007455329422 -0.734322509435685 0
    outer loop
      vertex 12.785982132908005 7.591116405400085 11.6
      vertex 12.785982132908005 7.591116405400085 0
      vertex 12.944543648263005 7.444543648263005 0
    endloop
  endfacet
  facet normal -0.48862124149695685 -0.8724960070727961 0
    outer loop
      vertex 12.248473874283754 7.950267941518012 11.6
      vertex 12.248473874283754 7.950267941518012 0
      vertex 12.43687105296886 7.8447604519737535 0
    endloop
  endfacet
  facet normal -0.5555702330196018 -0.8314696123025455 0
    outer loop
      vertex 12.43687105296886 7.8447604519737535 11.6
      vertex 12.43687105296886 7.8447604519737535 0
      vertex 12.6164094438043 7.724796734531106 0
    endloop
  endfacet
  facet normal -0.7853169308807438 0.6190939493098352 0
    outer loop
      vertex 13.091116405400085 3.7140178670919948 11.6
      vertex 13.224796734531106 3.883590556195699 11.6
      vertex 13.091116405400085 3.7140178670919948 0
    endloop
  endfacet
  facet normal -0.8314696123025455 0.5555702330196018 0
    outer loop
      vertex 13.224796734531106 3.883590556195699 11.6
      vertex 13.344760451973753 4.0631289470311405 11.6
      vertex 13.224796734531106 3.883590556195699 0
    endloop
  endfacet
  facet normal -0.8724960070727961 0.48862124149695685 0
    outer loop
      vertex 13.344760451973753 4.0631289470311405 11.6
      vertex 13.450267941518012 4.251526125716246 11.6
      vertex 13.344760451973753 4.0631289470311405 0
    endloop
  endfacet
  facet normal -0.9081431738250824 0.4186597375374257 0
    outer loop
      vertex 13.450267941518012 4.251526125716246 11.6
      vertex 13.540668714406038 4.447620560996003 11.6
      vertex 13.450267941518012 4.251526125716246 0
    endloop
  endfacet
  facet normal -0.9381913359224835 0.34611705707749457 0
    outer loop
      vertex 13.540668714406038 4.447620560996003 11.6
      vertex 13.615405419811673 4.650203265468894 11.6
      vertex 13.540668714406038 4.447620560996003 0
    endloop
  endfacet
  facet normal -0.9624552364536464 0.2714404498650776 0
    outer loop
      vertex 13.615405419811673 4.650203265468894 11.6
      vertex 13.674017281093612 4.85802524939626 11.6
      vertex 13.615405419811673 4.650203265468894 0
    endloop
  endfacet
  facet normal -0.980785280403231 0.19509032201612572 0
    outer loop
      vertex 13.674017281093612 4.85802524939626 11.6
      vertex 13.71614293663663 5.069805221139365 11.6
      vertex 13.674017281093612 4.85802524939626 0
    endloop
  endfacet
  facet normal -0.9930684569549267 0.11753739745783473 0
    outer loop
      vertex 13.71614293663663 5.069805221139365 11.6
      vertex 13.741522667766102 5.2842374867484265 11.6
      vertex 13.71614293663663 5.069805221139365 0
    endloop
  endfacet
  facet normal -0.9992290362407229 0.03925981575906943 0
    outer loop
      vertex 13.741522667766102 5.2842374867484265 11.6
      vertex 13.75 5.5 11.6
      vertex 13.741522667766102 5.2842374867484265 0
    endloop
  endfacet
  facet normal -0.9992290362407229 -0.03925981575906943 0
    outer loop
      vertex 13.75 5.5 11.6
      vertex 13.741522667766102 5.7157625132515735 11.6
      vertex 13.75 5.5 0
    endloop
  endfacet
  facet normal -0.9930684569549267 -0.11753739745783473 0
    outer loop
      vertex 13.741522667766102 5.7157625132515735 11.6
      vertex 13.71614293663663 5.930194778860635 11.6
      vertex 13.741522667766102 5.7157625132515735 0
    endloop
  endfacet
  facet normal -0.980785280403231 -0.19509032201612572 0
    outer loop
      vertex 13.71614293663663 5.930194778860635 11.6
      vertex 13.674017281093612 6.14197475060374 11.6
      vertex 13.71614293663663 5.930194778860635 0
    endloop
  endfacet
  facet normal -0.9624552364536464 -0.2714404498650776 0
    outer loop
      vertex 13.674017281093612 6.14197475060374 11.6
      vertex 13.615405419811673 6.349796734531106 11.6
      vertex 13.674017281093612 6.14197475060374 0
    endloop
  endfacet
  facet normal -0.9381913359224835 -0.34611705707749457 0
    outer loop
      vertex 13.615405419811673 6.349796734531106 11.6
      vertex 13.540668714406038 6.552379439003997 11.6
      vertex 13.615405419811673 6.349796734531106 0
    endloop
  endfacet
  facet normal -0.8314696123025455 -0.5555702330196018 0
    outer loop
      vertex 13.344760451973753 6.9368710529688595 11.6
      vertex 13.224796734531106 7.116409443804301 11.6
      vertex 13.344760451973753 6.9368710529688595 0
    endloop
  endfacet
  facet normal -0.9081431738250824 -0.4186597375374257 0
    outer loop
      vertex 13.540668714406038 6.552379439003997 11.6
      vertex 13.450267941518012 6.748473874283754 11.6
      vertex 13.540668714406038 6.552379439003997 0
    endloop
  endfacet
  facet normal -0.8724960070727961 -0.48862124149695685 0
    outer loop
      vertex 13.344760451973753 6.9368710529688595 11.6
      vertex 13.450267941518012 6.748473874283754 0
      vertex 13.450267941518012 6.748473874283754 11.6
    endloop
  endfacet
  facet normal -0.7853169308807438 -0.6190939493098352 0
    outer loop
      vertex 13.224796734531106 7.116409443804301 11.6
      vertex 13.091116405400085 7.285982132908005 11.6
      vertex 13.224796734531106 7.116409443804301 0
    endloop
  endfacet
  facet normal -0.734322509435685 -0.6788007455329422 0
    outer loop
      vertex 12.944543648263005 7.444543648263005 11.6
      vertex 13.091116405400085 7.285982132908005 0
      vertex 13.091116405400085 7.285982132908005 11.6
    endloop
  endfacet
  facet normal -0.734322509435686 0.6788007455329412 0
    outer loop
      vertex 13.091116405400085 3.7140178670919948 11.6
      vertex 13.091116405400085 3.7140178670919948 0
      vertex 12.944543648263005 3.555456351736994 0
    endloop
  endfacet
  facet normal -0.7853169308807438 0.6190939493098352 0
    outer loop
      vertex 13.224796734531106 3.883590556195699 11.6
      vertex 13.224796734531106 3.883590556195699 0
      vertex 13.091116405400085 3.7140178670919948 0
    endloop
  endfacet
  facet normal -0.8314696123025455 0.5555702330196018 0
    outer loop
      vertex 13.344760451973753 4.0631289470311405 11.6
      vertex 13.344760451973753 4.0631289470311405 0
      vertex 13.224796734531106 3.883590556195699 0
    endloop
  endfacet
  facet normal -0.8724960070727961 0.48862124149695685 0
    outer loop
      vertex 13.450267941518012 4.251526125716246 11.6
      vertex 13.450267941518012 4.251526125716246 0
      vertex 13.344760451973753 4.0631289470311405 0
    endloop
  endfacet
  facet normal -0.9081431738250824 0.4186597375374257 0
    outer loop
      vertex 13.540668714406038 4.447620560996003 11.6
      vertex 13.540668714406038 4.447620560996003 0
      vertex 13.450267941518012 4.251526125716246 0
    endloop
  endfacet
  facet normal -0.9381913359224835 0.34611705707749457 0
    outer loop
      vertex 13.615405419811673 4.650203265468894 11.6
      vertex 13.615405419811673 4.650203265468894 0
      vertex 13.540668714406038 4.447620560996003 0
    endloop
  endfacet
  facet normal -0.9624552364536464 0.2714404498650776 0
    outer loop
      vertex 13.674017281093612 4.85802524939626 11.6
      vertex 13.674017281093612 4.85802524939626 0
      vertex 13.615405419811673 4.650203265468894 0
    endloop
  endfacet
  facet normal -0.980785280403231 0.19509032201612572 0
    outer loop
      vertex 13.71614293663663 5.069805221139365 11.6
      vertex 13.71614293663663 5.069805221139365 0
      vertex 13.674017281093612 4.85802524939626 0
    endloop
  endfacet
  facet normal -0.9930684569549267 0.11753739745783473 0
    outer loop
      vertex 13.741522667766102 5.2842374867484265 11.6
      vertex 13.741522667766102 5.2842374867484265 0
      vertex 13.71614293663663 5.069805221139365 0
    endloop
  endfacet
  facet normal -0.9992290362407229 0.03925981575906943 0
    outer loop
      vertex 13.75 5.5 11.6
      vertex 13.75 5.5 0
      vertex 13.741522667766102 5.2842374867484265 0
    endloop
  endfacet
  facet normal -0.9992290362407229 -0.03925981575906943 0
    outer loop
      vertex 13.741522667766102 5.7157625132515735 11.6
      vertex 13.741522667766102 5.7157625132515735 0
      vertex 13.75 5.5 0
    endloop
  endfacet
  facet normal -0.9930684569549267 -0.11753739745783473 0
    outer loop
      vertex 13.71614293663663 5.930194778860635 11.6
      vertex 13.71614293663663 5.930194778860635 0
      vertex 13.741522667766102 5.7157625132515735 0
    endloop
  endfacet
  facet normal -0.980785280403231 -0.19509032201612572 0
    outer loop
      vertex 13.674017281093612 6.14197475060374 11.6
      vertex 13.674017281093612 6.14197475060374 0
      vertex 13.71614293663663 5.930194778860635 0
    endloop
  endfacet
  facet normal -0.9381913359224835 -0.34611705707749457 0
    outer loop
      vertex 13.540668714406038 6.552379439003997 11.6
      vertex 13.540668714406038 6.552379439003997 0
      vertex 13.615405419811673 6.349796734531106 0
    endloop
  endfacet
  facet normal -0.9624552364536464 -0.2714404498650776 0
    outer loop
      vertex 13.615405419811673 6.349796734531106 11.6
      vertex 13.615405419811673 6.349796734531106 0
      vertex 13.674017281093612 6.14197475060374 0
    endloop
  endfacet
  facet normal -0.8724960070727961 -0.48862124149695685 0
    outer loop
      vertex 13.344760451973753 6.9368710529688595 11.6
      vertex 13.344760451973753 6.9368710529688595 0
      vertex 13.450267941518012 6.748473874283754 0
    endloop
  endfacet
  facet normal -0.8314696123025455 -0.5555702330196018 0
    outer loop
      vertex 13.224796734531106 7.116409443804301 11.6
      vertex 13.224796734531106 7.116409443804301 0
      vertex 13.344760451973753 6.9368710529688595 0
    endloop
  endfacet
  facet normal -0.9081431738250824 -0.4186597375374257 0
    outer loop
      vertex 13.450267941518012 6.748473874283754 11.6
      vertex 13.450267941518012 6.748473874283754 0
      vertex 13.540668714406038 6.552379439003997 0
    endloop
  endfacet
  facet normal -0.7853169308807438 -0.6190939493098352 0
    outer loop
      vertex 13.091116405400085 7.285982132908005 11.6
      vertex 13.091116405400085 7.285982132908005 0
      vertex 13.224796734531106 7.116409443804301 0
    endloop
  endfacet
  facet normal 0.6788007455329422 0.734322509435685 0
    outer loop
      vertex 9.055456351736995 22.555456351736993 11.6
      vertex 9.214017867091995 22.408883594599914 11.6
      vertex 9.055456351736995 22.555456351736993 0
    endloop
  endfacet
  facet normal 0.6190939493098251 0.7853169308807519 0
    outer loop
      vertex 9.214017867091995 22.408883594599914 11.6
      vertex 9.3835905561957 22.275203265468896 11.6
      vertex 9.214017867091995 22.408883594599914 0
    endloop
  endfacet
  facet normal 0.5555702330196132 0.831469612302538 0
    outer loop
      vertex 9.56312894703114 22.155239548026245 11.6
      vertex 9.3835905561957 22.275203265468896 0
      vertex 9.3835905561957 22.275203265468896 11.6
    endloop
  endfacet
  facet normal 0.4886212414969443 0.8724960070728031 0
    outer loop
      vertex 9.56312894703114 22.155239548026245 11.6
      vertex 9.751526125716246 22.04973205848199 11.6
      vertex 9.56312894703114 22.155239548026245 0
    endloop
  endfacet
  facet normal 0.7853169308807408 0.6190939493098393 0
    outer loop
      vertex 8.908883594599915 22.714017867091997 11.6
      vertex 8.775203265468894 22.8835905561957 0
      vertex 8.775203265468894 22.8835905561957 11.6
    endloop
  endfacet
  facet normal 0.8314696123025481 0.555570233019598 0
    outer loop
      vertex 8.655239548026247 23.063128947031142 11.6
      vertex 8.775203265468894 22.8835905561957 11.6
      vertex 8.655239548026247 23.063128947031142 0
    endloop
  endfacet
  facet normal 0.908143173825083 0.41865973753742414 0
    outer loop
      vertex 8.459331285593962 23.447620560996004 11.6
      vertex 8.549732058481988 23.251526125716246 11.6
      vertex 8.459331285593962 23.447620560996004 0
    endloop
  endfacet
  facet normal 0.9381913359224839 0.34611705707749324 0
    outer loop
      vertex 8.459331285593962 23.447620560996004 11.6
      vertex 8.384594580188327 23.650203265468896 0
      vertex 8.384594580188327 23.650203265468896 11.6
    endloop
  endfacet
  facet normal 0.8724960070727942 0.4886212414969604 0
    outer loop
      vertex 8.655239548026247 23.063128947031142 11.6
      vertex 8.549732058481988 23.251526125716246 0
      vertex 8.549732058481988 23.251526125716246 11.6
    endloop
  endfacet
  facet normal 0.7343225094356925 0.678800745532934 0
    outer loop
      vertex 9.055456351736995 22.555456351736993 11.6
      vertex 8.908883594599915 22.714017867091997 0
      vertex 8.908883594599915 22.714017867091997 11.6
    endloop
  endfacet
  facet normal 0.34611705707749596 0.9381913359224832 0
    outer loop
      vertex 9.947620560996004 21.95933128559396 11.6
      vertex 10.150203265468894 21.884594580188327 11.6
      vertex 9.947620560996004 21.95933128559396 0
    endloop
  endfacet
  facet normal 0.2714404498650776 0.9624552364536464 0
    outer loop
      vertex 10.150203265468894 21.884594580188327 11.6
      vertex 10.35802524939626 21.82598271890639 11.6
      vertex 10.150203265468894 21.884594580188327 0
    endloop
  endfacet
  facet normal 0.19509032201612572 0.980785280403231 0
    outer loop
      vertex 10.35802524939626 21.82598271890639 11.6
      vertex 10.569805221139365 21.78385706336337 11.6
      vertex 10.35802524939626 21.82598271890639 0
    endloop
  endfacet
  facet normal 0.418659737537431 0.90814317382508 0
    outer loop
      vertex 9.947620560996004 21.95933128559396 11.6
      vertex 9.751526125716246 22.04973205848199 0
      vertex 9.751526125716246 22.04973205848199 11.6
    endloop
  endfacet
  facet normal 0.11753739745783522 0.9930684569549266 0
    outer loop
      vertex 10.569805221139365 21.78385706336337 11.6
      vertex 10.784237486748426 21.7584773322339 11.6
      vertex 10.569805221139365 21.78385706336337 0
    endloop
  endfacet
  facet normal 0.03925981575906927 0.9992290362407229 0
    outer loop
      vertex 10.784237486748426 21.7584773322339 11.6
      vertex 11 21.75 11.6
      vertex 10.784237486748426 21.7584773322339 0
    endloop
  endfacet
  facet normal -0.03925981575906927 0.9992290362407229 0
    outer loop
      vertex 11 21.75 11.6
      vertex 11.215762513251574 21.7584773322339 11.6
      vertex 11 21.75 0
    endloop
  endfacet
  facet normal -0.11753739745783522 0.9930684569549266 0
    outer loop
      vertex 11.215762513251574 21.7584773322339 11.6
      vertex 11.430194778860635 21.78385706336337 11.6
      vertex 11.215762513251574 21.7584773322339 0
    endloop
  endfacet
  facet normal -0.19509032201612572 0.980785280403231 0
    outer loop
      vertex 11.430194778860635 21.78385706336337 11.6
      vertex 11.64197475060374 21.82598271890639 11.6
      vertex 11.430194778860635 21.78385706336337 0
    endloop
  endfacet
  facet normal -0.2714404498650776 0.9624552364536464 0
    outer loop
      vertex 11.64197475060374 21.82598271890639 11.6
      vertex 11.849796734531106 21.884594580188327 11.6
      vertex 11.64197475060374 21.82598271890639 0
    endloop
  endfacet
  facet normal -0.34611705707749596 0.9381913359224832 0
    outer loop
      vertex 11.849796734531106 21.884594580188327 11.6
      vertex 12.052379439003996 21.95933128559396 11.6
      vertex 11.849796734531106 21.884594580188327 0
    endloop
  endfacet
  facet normal -0.418659737537431 0.90814317382508 0
    outer loop
      vertex 12.052379439003996 21.95933128559396 11.6
      vertex 12.248473874283754 22.04973205848199 11.6
      vertex 12.052379439003996 21.95933128559396 0
    endloop
  endfacet
  facet normal -0.4886212414969443 0.8724960070728031 0
    outer loop
      vertex 12.248473874283754 22.04973205848199 11.6
      vertex 12.43687105296886 22.155239548026245 11.6
      vertex 12.248473874283754 22.04973205848199 0
    endloop
  endfacet
  facet normal -0.5555702330196132 0.831469612302538 0
    outer loop
      vertex 12.43687105296886 22.155239548026245 11.6
      vertex 12.6164094438043 22.275203265468896 11.6
      vertex 12.43687105296886 22.155239548026245 0
    endloop
  endfacet
  facet normal -0.6190939493098251 0.7853169308807519 0
    outer loop
      vertex 12.6164094438043 22.275203265468896 11.6
      vertex 12.785982132908005 22.408883594599914 11.6
      vertex 12.6164094438043 22.275203265468896 0
    endloop
  endfacet
  facet normal -0.6788007455329422 0.734322509435685 0
    outer loop
      vertex 12.785982132908005 22.408883594599914 11.6
      vertex 12.944543648263005 22.555456351736993 11.6
      vertex 12.785982132908005 22.408883594599914 0
    endloop
  endfacet
  facet normal -0.7343225094356925 0.678800745532934 0
    outer loop
      vertex 12.944543648263005 22.555456351736993 11.6
      vertex 13.091116405400085 22.714017867091997 11.6
      vertex 12.944543648263005 22.555456351736993 0
    endloop
  endfacet
  facet normal 0.980785280403231 0.19509032201612572 0
    outer loop
      vertex 8.325982718906388 23.85802524939626 11.6
      vertex 8.28385706336337 24.069805221139365 0
      vertex 8.28385706336337 24.069805221139365 11.6
    endloop
  endfacet
  facet normal 0.9624552364536457 0.27144044986507976 0
    outer loop
      vertex 8.384594580188327 23.650203265468896 11.6
      vertex 8.325982718906388 23.85802524939626 0
      vertex 8.325982718906388 23.85802524939626 11.6
    endloop
  endfacet
  facet normal 0.9930684569549267 0.11753739745783426 0
    outer loop
      vertex 8.28385706336337 24.069805221139365 11.6
      vertex 8.258477332233898 24.284237486748427 0
      vertex 8.258477332233898 24.284237486748427 11.6
    endloop
  endfacet
  facet normal 0.9992290362407229 0.039259815759069595 0
    outer loop
      vertex 8.258477332233898 24.284237486748427 11.6
      vertex 8.25 24.5 0
      vertex 8.25 24.5 11.6
    endloop
  endfacet
  facet normal 0.9992290362407229 -0.039259815759069595 0
    outer loop
      vertex 8.25 24.5 11.6
      vertex 8.258477332233898 24.715762513251573 0
      vertex 8.258477332233898 24.715762513251573 11.6
    endloop
  endfacet
  facet normal 0.9930684569549267 -0.11753739745783426 0
    outer loop
      vertex 8.258477332233898 24.715762513251573 11.6
      vertex 8.28385706336337 24.930194778860635 0
      vertex 8.28385706336337 24.930194778860635 11.6
    endloop
  endfacet
  facet normal 0.980785280403231 -0.19509032201612572 0
    outer loop
      vertex 8.28385706336337 24.930194778860635 11.6
      vertex 8.325982718906388 25.14197475060374 0
      vertex 8.325982718906388 25.14197475060374 11.6
    endloop
  endfacet
  facet normal 0.9624552364536457 -0.27144044986507976 0
    outer loop
      vertex 8.325982718906388 25.14197475060374 11.6
      vertex 8.384594580188327 25.349796734531104 0
      vertex 8.384594580188327 25.349796734531104 11.6
    endloop
  endfacet
  facet normal 0.9381913359224839 -0.34611705707749324 0
    outer loop
      vertex 8.384594580188327 25.349796734531104 11.6
      vertex 8.459331285593962 25.552379439003996 0
      vertex 8.459331285593962 25.552379439003996 11.6
    endloop
  endfacet
  facet normal 0.908143173825083 -0.41865973753742414 0
    outer loop
      vertex 8.459331285593962 25.552379439003996 11.6
      vertex 8.549732058481988 25.748473874283754 0
      vertex 8.549732058481988 25.748473874283754 11.6
    endloop
  endfacet
  facet normal 0.8724960070727942 -0.4886212414969604 0
    outer loop
      vertex 8.549732058481988 25.748473874283754 11.6
      vertex 8.655239548026247 25.936871052968858 0
      vertex 8.655239548026247 25.936871052968858 11.6
    endloop
  endfacet
  facet normal 0.8314696123025481 -0.555570233019598 0
    outer loop
      vertex 8.655239548026247 25.936871052968858 11.6
      vertex 8.775203265468894 26.1164094438043 0
      vertex 8.775203265468894 26.1164094438043 11.6
    endloop
  endfacet
  facet normal 0.7853169308807408 -0.6190939493098393 0
    outer loop
      vertex 8.775203265468894 26.1164094438043 11.6
      vertex 8.908883594599915 26.285982132908003 0
      vertex 8.908883594599915 26.285982132908003 11.6
    endloop
  endfacet
  facet normal 0.7343225094356925 -0.678800745532934 0
    outer loop
      vertex 8.908883594599915 26.285982132908003 11.6
      vertex 9.055456351736995 26.444543648263007 0
      vertex 9.055456351736995 26.444543648263007 11.6
    endloop
  endfacet
  facet normal 0.6788007455329422 -0.734322509435685 0
    outer loop
      vertex 9.055456351736995 26.444543648263007 11.6
      vertex 9.214017867091995 26.591116405400086 0
      vertex 9.214017867091995 26.591116405400086 11.6
    endloop
  endfacet
  facet normal 0.6190939493098251 -0.7853169308807519 0
    outer loop
      vertex 9.214017867091995 26.591116405400086 11.6
      vertex 9.3835905561957 26.724796734531104 0
      vertex 9.3835905561957 26.724796734531104 11.6
    endloop
  endfacet
  facet normal 0.5555702330196132 -0.831469612302538 0
    outer loop
      vertex 9.3835905561957 26.724796734531104 11.6
      vertex 9.56312894703114 26.844760451973755 0
      vertex 9.56312894703114 26.844760451973755 11.6
    endloop
  endfacet
  facet normal 0.4886212414969443 -0.8724960070728031 0
    outer loop
      vertex 9.56312894703114 26.844760451973755 11.6
      vertex 9.751526125716246 26.95026794151801 0
      vertex 9.751526125716246 26.95026794151801 11.6
    endloop
  endfacet
  facet normal 0.418659737537431 -0.90814317382508 0
    outer loop
      vertex 9.751526125716246 26.95026794151801 11.6
      vertex 9.947620560996004 27.04066871440604 0
      vertex 9.947620560996004 27.04066871440604 11.6
    endloop
  endfacet
  facet normal 0.34611705707749596 -0.9381913359224832 0
    outer loop
      vertex 9.947620560996004 27.04066871440604 11.6
      vertex 10.150203265468894 27.115405419811673 0
      vertex 10.150203265468894 27.115405419811673 11.6
    endloop
  endfacet
  facet normal 0.2714404498650776 -0.9624552364536464 0
    outer loop
      vertex 10.150203265468894 27.115405419811673 11.6
      vertex 10.35802524939626 27.17401728109361 0
      vertex 10.35802524939626 27.17401728109361 11.6
    endloop
  endfacet
  facet normal 0.19509032201612572 -0.980785280403231 0
    outer loop
      vertex 10.35802524939626 27.17401728109361 11.6
      vertex 10.569805221139365 27.21614293663663 0
      vertex 10.569805221139365 27.21614293663663 11.6
    endloop
  endfacet
  facet normal 0.11753739745783522 -0.9930684569549266 0
    outer loop
      vertex 10.569805221139365 27.21614293663663 11.6
      vertex 10.784237486748426 27.2415226677661 0
      vertex 10.784237486748426 27.2415226677661 11.6
    endloop
  endfacet
  facet normal 0.03925981575906927 -0.9992290362407229 0
    outer loop
      vertex 10.784237486748426 27.2415226677661 11.6
      vertex 11 27.25 0
      vertex 11 27.25 11.6
    endloop
  endfacet
  facet normal -0.03925981575906927 -0.9992290362407229 0
    outer loop
      vertex 11 27.25 11.6
      vertex 11.215762513251574 27.2415226677661 0
      vertex 11.215762513251574 27.2415226677661 11.6
    endloop
  endfacet
  facet normal -0.11753739745783522 -0.9930684569549266 0
    outer loop
      vertex 11.215762513251574 27.2415226677661 11.6
      vertex 11.430194778860635 27.21614293663663 0
      vertex 11.430194778860635 27.21614293663663 11.6
    endloop
  endfacet
  facet normal -0.19509032201612572 -0.980785280403231 0
    outer loop
      vertex 11.430194778860635 27.21614293663663 11.6
      vertex 11.64197475060374 27.17401728109361 0
      vertex 11.64197475060374 27.17401728109361 11.6
    endloop
  endfacet
  facet normal -0.2714404498650776 -0.9624552364536464 0
    outer loop
      vertex 11.64197475060374 27.17401728109361 11.6
      vertex 11.849796734531106 27.115405419811673 0
      vertex 11.849796734531106 27.115405419811673 11.6
    endloop
  endfacet
  facet normal -0.418659737537431 -0.90814317382508 0
    outer loop
      vertex 12.052379439003996 27.04066871440604 11.6
      vertex 12.248473874283754 26.95026794151801 0
      vertex 12.248473874283754 26.95026794151801 11.6
    endloop
  endfacet
  facet normal -0.34611705707749596 -0.9381913359224832 0
    outer loop
      vertex 11.849796734531106 27.115405419811673 11.6
      vertex 12.052379439003996 27.04066871440604 0
      vertex 12.052379439003996 27.04066871440604 11.6
    endloop
  endfacet
  facet normal -0.6190939493098251 -0.7853169308807519 0
    outer loop
      vertex 12.785982132908005 26.591116405400086 11.6
      vertex 12.6164094438043 26.724796734531104 11.6
      vertex 12.785982132908005 26.591116405400086 0
    endloop
  endfacet
  facet normal -0.6788007455329422 -0.734322509435685 0
    outer loop
      vertex 12.785982132908005 26.591116405400086 11.6
      vertex 12.944543648263005 26.444543648263007 0
      vertex 12.944543648263005 26.444543648263007 11.6
    endloop
  endfacet
  facet normal -0.4886212414969443 -0.8724960070728031 0
    outer loop
      vertex 12.248473874283754 26.95026794151801 11.6
      vertex 12.43687105296886 26.844760451973755 0
      vertex 12.43687105296886 26.844760451973755 11.6
    endloop
  endfacet
  facet normal -0.5555702330196132 -0.831469612302538 0
    outer loop
      vertex 12.43687105296886 26.844760451973755 11.6
      vertex 12.6164094438043 26.724796734531104 0
      vertex 12.6164094438043 26.724796734531104 11.6
    endloop
  endfacet
  facet normal 0.6190939493098251 0.7853169308807519 0
    outer loop
      vertex 9.3835905561957 22.275203265468896 11.6
      vertex 9.3835905561957 22.275203265468896 0
      vertex 9.214017867091995 22.408883594599914 0
    endloop
  endfacet
  facet normal 0.6788007455329422 0.734322509435685 0
    outer loop
      vertex 9.214017867091995 22.408883594599914 11.6
      vertex 9.214017867091995 22.408883594599914 0
      vertex 9.055456351736995 22.555456351736993 0
    endloop
  endfacet
  facet normal 0.5555702330196132 0.831469612302538 0
    outer loop
      vertex 9.56312894703114 22.155239548026245 11.6
      vertex 9.56312894703114 22.155239548026245 0
      vertex 9.3835905561957 22.275203265468896 0
    endloop
  endfacet
  facet normal 0.4886212414969443 0.8724960070728031 0
    outer loop
      vertex 9.751526125716246 22.04973205848199 11.6
      vertex 9.751526125716246 22.04973205848199 0
      vertex 9.56312894703114 22.155239548026245 0
    endloop
  endfacet
  facet normal 0.7853169308807408 0.6190939493098393 0
    outer loop
      vertex 8.908883594599915 22.714017867091997 11.6
      vertex 8.908883594599915 22.714017867091997 0
      vertex 8.775203265468894 22.8835905561957 0
    endloop
  endfacet
  facet normal 0.8724960070727942 0.4886212414969604 0
    outer loop
      vertex 8.655239548026247 23.063128947031142 11.6
      vertex 8.655239548026247 23.063128947031142 0
      vertex 8.549732058481988 23.251526125716246 0
    endloop
  endfacet
  facet normal 0.8314696123025481 0.555570233019598 0
    outer loop
      vertex 8.775203265468894 22.8835905561957 11.6
      vertex 8.775203265468894 22.8835905561957 0
      vertex 8.655239548026247 23.063128947031142 0
    endloop
  endfacet
  facet normal 0.908143173825083 0.41865973753742414 0
    outer loop
      vertex 8.549732058481988 23.251526125716246 11.6
      vertex 8.549732058481988 23.251526125716246 0
      vertex 8.459331285593962 23.447620560996004 0
    endloop
  endfacet
  facet normal 0.9381913359224839 0.34611705707749324 0
    outer loop
      vertex 8.459331285593962 23.447620560996004 11.6
      vertex 8.459331285593962 23.447620560996004 0
      vertex 8.384594580188327 23.650203265468896 0
    endloop
  endfacet
  facet normal 0.9624552364536457 0.27144044986507976 0
    outer loop
      vertex 8.384594580188327 23.650203265468896 11.6
      vertex 8.384594580188327 23.650203265468896 0
      vertex 8.325982718906388 23.85802524939626 0
    endloop
  endfacet
  facet normal 0.7343225094356925 0.678800745532934 0
    outer loop
      vertex 9.055456351736995 22.555456351736993 11.6
      vertex 9.055456351736995 22.555456351736993 0
      vertex 8.908883594599915 22.714017867091997 0
    endloop
  endfacet
  facet normal 0.34611705707749596 0.9381913359224832 0
    outer loop
      vertex 10.150203265468894 21.884594580188327 11.6
      vertex 10.150203265468894 21.884594580188327 0
      vertex 9.947620560996004 21.95933128559396 0
    endloop
  endfacet
  facet normal 0.2714404498650776 0.9624552364536464 0
    outer loop
      vertex 10.35802524939626 21.82598271890639 11.6
      vertex 10.35802524939626 21.82598271890639 0
      vertex 10.150203265468894 21.884594580188327 0
    endloop
  endfacet
  facet normal 0.19509032201612572 0.980785280403231 0
    outer loop
      vertex 10.569805221139365 21.78385706336337 11.6
      vertex 10.569805221139365 21.78385706336337 0
      vertex 10.35802524939626 21.82598271890639 0
    endloop
  endfacet
  facet normal 0.418659737537431 0.90814317382508 0
    outer loop
      vertex 9.947620560996004 21.95933128559396 11.6
      vertex 9.947620560996004 21.95933128559396 0
      vertex 9.751526125716246 22.04973205848199 0
    endloop
  endfacet
  facet normal 0.11753739745783522 0.9930684569549266 0
    outer loop
      vertex 10.784237486748426 21.7584773322339 11.6
      vertex 10.784237486748426 21.7584773322339 0
      vertex 10.569805221139365 21.78385706336337 0
    endloop
  endfacet
  facet normal 0.03925981575906927 0.9992290362407229 0
    outer loop
      vertex 11 21.75 11.6
      vertex 11 21.75 0
      vertex 10.784237486748426 21.7584773322339 0
    endloop
  endfacet
  facet normal -0.03925981575906927 0.9992290362407229 0
    outer loop
      vertex 11.215762513251574 21.7584773322339 11.6
      vertex 11.215762513251574 21.7584773322339 0
      vertex 11 21.75 0
    endloop
  endfacet
  facet normal -0.11753739745783522 0.9930684569549266 0
    outer loop
      vertex 11.430194778860635 21.78385706336337 11.6
      vertex 11.430194778860635 21.78385706336337 0
      vertex 11.215762513251574 21.7584773322339 0
    endloop
  endfacet
  facet normal -0.19509032201612572 0.980785280403231 0
    outer loop
      vertex 11.64197475060374 21.82598271890639 11.6
      vertex 11.64197475060374 21.82598271890639 0
      vertex 11.430194778860635 21.78385706336337 0
    endloop
  endfacet
  facet normal -0.2714404498650776 0.9624552364536464 0
    outer loop
      vertex 11.849796734531106 21.884594580188327 11.6
      vertex 11.849796734531106 21.884594580188327 0
      vertex 11.64197475060374 21.82598271890639 0
    endloop
  endfacet
  facet normal -0.34611705707749596 0.9381913359224832 0
    outer loop
      vertex 12.052379439003996 21.95933128559396 11.6
      vertex 12.052379439003996 21.95933128559396 0
      vertex 11.849796734531106 21.884594580188327 0
    endloop
  endfacet
  facet normal -0.418659737537431 0.90814317382508 0
    outer loop
      vertex 12.248473874283754 22.04973205848199 11.6
      vertex 12.248473874283754 22.04973205848199 0
      vertex 12.052379439003996 21.95933128559396 0
    endloop
  endfacet
  facet normal -0.4886212414969443 0.8724960070728031 0
    outer loop
      vertex 12.43687105296886 22.155239548026245 11.6
      vertex 12.43687105296886 22.155239548026245 0
      vertex 12.248473874283754 22.04973205848199 0
    endloop
  endfacet
  facet normal -0.5555702330196132 0.831469612302538 0
    outer loop
      vertex 12.6164094438043 22.275203265468896 11.6
      vertex 12.6164094438043 22.275203265468896 0
      vertex 12.43687105296886 22.155239548026245 0
    endloop
  endfacet
  facet normal -0.6190939493098251 0.7853169308807519 0
    outer loop
      vertex 12.785982132908005 22.408883594599914 11.6
      vertex 12.785982132908005 22.408883594599914 0
      vertex 12.6164094438043 22.275203265468896 0
    endloop
  endfacet
  facet normal -0.6788007455329422 0.734322509435685 0
    outer loop
      vertex 12.944543648263005 22.555456351736993 11.6
      vertex 12.944543648263005 22.555456351736993 0
      vertex 12.785982132908005 22.408883594599914 0
    endloop
  endfacet
  facet normal 0.980785280403231 0.19509032201612572 0
    outer loop
      vertex 8.325982718906388 23.85802524939626 11.6
      vertex 8.325982718906388 23.85802524939626 0
      vertex 8.28385706336337 24.069805221139365 0
    endloop
  endfacet
  facet normal 0.9930684569549267 0.11753739745783426 0
    outer loop
      vertex 8.28385706336337 24.069805221139365 11.6
      vertex 8.28385706336337 24.069805221139365 0
      vertex 8.258477332233898 24.284237486748427 0
    endloop
  endfacet
  facet normal 0.9992290362407229 0.039259815759069595 0
    outer loop
      vertex 8.258477332233898 24.284237486748427 11.6
      vertex 8.258477332233898 24.284237486748427 0
      vertex 8.25 24.5 0
    endloop
  endfacet
  facet normal 0.9992290362407229 -0.039259815759069595 0
    outer loop
      vertex 8.25 24.5 11.6
      vertex 8.25 24.5 0
      vertex 8.258477332233898 24.715762513251573 0
    endloop
  endfacet
  facet normal 0.9930684569549267 -0.11753739745783426 0
    outer loop
      vertex 8.258477332233898 24.715762513251573 11.6
      vertex 8.258477332233898 24.715762513251573 0
      vertex 8.28385706336337 24.930194778860635 0
    endloop
  endfacet
  facet normal 0.980785280403231 -0.19509032201612572 0
    outer loop
      vertex 8.28385706336337 24.930194778860635 11.6
      vertex 8.28385706336337 24.930194778860635 0
      vertex 8.325982718906388 25.14197475060374 0
    endloop
  endfacet
  facet normal 0.9624552364536457 -0.27144044986507976 0
    outer loop
      vertex 8.325982718906388 25.14197475060374 11.6
      vertex 8.325982718906388 25.14197475060374 0
      vertex 8.384594580188327 25.349796734531104 0
    endloop
  endfacet
  facet normal 0.9381913359224839 -0.34611705707749324 0
    outer loop
      vertex 8.384594580188327 25.349796734531104 11.6
      vertex 8.384594580188327 25.349796734531104 0
      vertex 8.459331285593962 25.552379439003996 0
    endloop
  endfacet
  facet normal 0.908143173825083 -0.41865973753742414 0
    outer loop
      vertex 8.459331285593962 25.552379439003996 11.6
      vertex 8.459331285593962 25.552379439003996 0
      vertex 8.549732058481988 25.748473874283754 0
    endloop
  endfacet
  facet normal 0.8724960070727942 -0.4886212414969604 0
    outer loop
      vertex 8.549732058481988 25.748473874283754 11.6
      vertex 8.549732058481988 25.748473874283754 0
      vertex 8.655239548026247 25.936871052968858 0
    endloop
  endfacet
  facet normal 0.8314696123025481 -0.555570233019598 0
    outer loop
      vertex 8.655239548026247 25.936871052968858 11.6
      vertex 8.655239548026247 25.936871052968858 0
      vertex 8.775203265468894 26.1164094438043 0
    endloop
  endfacet
  facet normal 0.7853169308807408 -0.6190939493098393 0
    outer loop
      vertex 8.775203265468894 26.1164094438043 11.6
      vertex 8.775203265468894 26.1164094438043 0
      vertex 8.908883594599915 26.285982132908003 0
    endloop
  endfacet
  facet normal 0.7343225094356925 -0.678800745532934 0
    outer loop
      vertex 8.908883594599915 26.285982132908003 11.6
      vertex 8.908883594599915 26.285982132908003 0
      vertex 9.055456351736995 26.444543648263007 0
    endloop
  endfacet
  facet normal 0.6788007455329422 -0.734322509435685 0
    outer loop
      vertex 9.055456351736995 26.444543648263007 11.6
      vertex 9.055456351736995 26.444543648263007 0
      vertex 9.214017867091995 26.591116405400086 0
    endloop
  endfacet
  facet normal 0.6190939493098251 -0.7853169308807519 0
    outer loop
      vertex 9.214017867091995 26.591116405400086 11.6
      vertex 9.214017867091995 26.591116405400086 0
      vertex 9.3835905561957 26.724796734531104 0
    endloop
  endfacet
  facet normal 0.5555702330196132 -0.831469612302538 0
    outer loop
      vertex 9.3835905561957 26.724796734531104 11.6
      vertex 9.3835905561957 26.724796734531104 0
      vertex 9.56312894703114 26.844760451973755 0
    endloop
  endfacet
  facet normal 0.4886212414969443 -0.8724960070728031 0
    outer loop
      vertex 9.56312894703114 26.844760451973755 11.6
      vertex 9.56312894703114 26.844760451973755 0
      vertex 9.751526125716246 26.95026794151801 0
    endloop
  endfacet
  facet normal 0.418659737537431 -0.90814317382508 0
    outer loop
      vertex 9.751526125716246 26.95026794151801 11.6
      vertex 9.751526125716246 26.95026794151801 0
      vertex 9.947620560996004 27.04066871440604 0
    endloop
  endfacet
  facet normal 0.34611705707749596 -0.9381913359224832 0
    outer loop
      vertex 9.947620560996004 27.04066871440604 11.6
      vertex 9.947620560996004 27.04066871440604 0
      vertex 10.150203265468894 27.115405419811673 0
    endloop
  endfacet
  facet normal 0.2714404498650776 -0.9624552364536464 0
    outer loop
      vertex 10.150203265468894 27.115405419811673 11.6
      vertex 10.150203265468894 27.115405419811673 0
      vertex 10.35802524939626 27.17401728109361 0
    endloop
  endfacet
  facet normal 0.19509032201612572 -0.980785280403231 0
    outer loop
      vertex 10.35802524939626 27.17401728109361 11.6
      vertex 10.35802524939626 27.17401728109361 0
      vertex 10.569805221139365 27.21614293663663 0
    endloop
  endfacet
  facet normal 0.11753739745783522 -0.9930684569549266 0
    outer loop
      vertex 10.569805221139365 27.21614293663663 11.6
      vertex 10.569805221139365 27.21614293663663 0
      vertex 10.784237486748426 27.2415226677661 0
    endloop
  endfacet
  facet normal 0.03925981575906927 -0.9992290362407229 0
    outer loop
      vertex 10.784237486748426 27.2415226677661 11.6
      vertex 10.784237486748426 27.2415226677661 0
      vertex 11 27.25 0
    endloop
  endfacet
  facet normal -0.03925981575906927 -0.9992290362407229 0
    outer loop
      vertex 11 27.25 11.6
      vertex 11 27.25 0
      vertex 11.215762513251574 27.2415226677661 0
    endloop
  endfacet
  facet normal -0.11753739745783522 -0.9930684569549266 0
    outer loop
      vertex 11.215762513251574 27.2415226677661 11.6
      vertex 11.215762513251574 27.2415226677661 0
      vertex 11.430194778860635 27.21614293663663 0
    endloop
  endfacet
  facet normal -0.19509032201612572 -0.980785280403231 0
    outer loop
      vertex 11.430194778860635 27.21614293663663 11.6
      vertex 11.430194778860635 27.21614293663663 0
      vertex 11.64197475060374 27.17401728109361 0
    endloop
  endfacet
  facet normal -0.2714404498650776 -0.9624552364536464 0
    outer loop
      vertex 11.64197475060374 27.17401728109361 11.6
      vertex 11.64197475060374 27.17401728109361 0
      vertex 11.849796734531106 27.115405419811673 0
    endloop
  endfacet
  facet normal -0.418659737537431 -0.90814317382508 0
    outer loop
      vertex 12.052379439003996 27.04066871440604 11.6
      vertex 12.052379439003996 27.04066871440604 0
      vertex 12.248473874283754 26.95026794151801 0
    endloop
  endfacet
  facet normal -0.34611705707749596 -0.9381913359224832 0
    outer loop
      vertex 11.849796734531106 27.115405419811673 11.6
      vertex 11.849796734531106 27.115405419811673 0
      vertex 12.052379439003996 27.04066871440604 0
    endloop
  endfacet
  facet normal -0.7343225094356925 -0.678800745532934 0
    outer loop
      vertex 12.944543648263005 26.444543648263007 11.6
      vertex 12.944543648263005 26.444543648263007 0
      vertex 13.091116405400085 26.285982132908003 0
    endloop
  endfacet
  facet normal -0.6190939493098251 -0.7853169308807519 0
    outer loop
      vertex 12.6164094438043 26.724796734531104 11.6
      vertex 12.6164094438043 26.724796734531104 0
      vertex 12.785982132908005 26.591116405400086 0
    endloop
  endfacet
  facet normal -0.6788007455329422 -0.734322509435685 0
    outer loop
      vertex 12.785982132908005 26.591116405400086 11.6
      vertex 12.785982132908005 26.591116405400086 0
      vertex 12.944543648263005 26.444543648263007 0
    endloop
  endfacet
  facet normal -0.4886212414969443 -0.8724960070728031 0
    outer loop
      vertex 12.248473874283754 26.95026794151801 11.6
      vertex 12.248473874283754 26.95026794151801 0
      vertex 12.43687105296886 26.844760451973755 0
    endloop
  endfacet
  facet normal -0.5555702330196132 -0.831469612302538 0
    outer loop
      vertex 12.43687105296886 26.844760451973755 11.6
      vertex 12.43687105296886 26.844760451973755 0
      vertex 12.6164094438043 26.724796734531104 0
    endloop
  endfacet
  facet normal -0.7853169308807408 0.6190939493098393 0
    outer loop
      vertex 13.091116405400085 22.714017867091997 11.6
      vertex 13.224796734531106 22.8835905561957 11.6
      vertex 13.091116405400085 22.714017867091997 0
    endloop
  endfacet
  facet normal -0.8314696123025481 0.555570233019598 0
    outer loop
      vertex 13.224796734531106 22.8835905561957 11.6
      vertex 13.344760451973753 23.063128947031142 11.6
      vertex 13.224796734531106 22.8835905561957 0
    endloop
  endfacet
  facet normal -0.8724960070727942 0.4886212414969604 0
    outer loop
      vertex 13.344760451973753 23.063128947031142 11.6
      vertex 13.450267941518012 23.251526125716246 11.6
      vertex 13.344760451973753 23.063128947031142 0
    endloop
  endfacet
  facet normal -0.908143173825083 0.41865973753742414 0
    outer loop
      vertex 13.450267941518012 23.251526125716246 11.6
      vertex 13.540668714406038 23.447620560996004 11.6
      vertex 13.450267941518012 23.251526125716246 0
    endloop
  endfacet
  facet normal -0.9381913359224839 0.34611705707749324 0
    outer loop
      vertex 13.540668714406038 23.447620560996004 11.6
      vertex 13.615405419811673 23.650203265468896 11.6
      vertex 13.540668714406038 23.447620560996004 0
    endloop
  endfacet
  facet normal -0.9624552364536457 0.27144044986507976 0
    outer loop
      vertex 13.615405419811673 23.650203265468896 11.6
      vertex 13.674017281093612 23.85802524939626 11.6
      vertex 13.615405419811673 23.650203265468896 0
    endloop
  endfacet
  facet normal -0.980785280403231 0.19509032201612572 0
    outer loop
      vertex 13.674017281093612 23.85802524939626 11.6
      vertex 13.71614293663663 24.069805221139365 11.6
      vertex 13.674017281093612 23.85802524939626 0
    endloop
  endfacet
  facet normal -0.9930684569549267 0.11753739745783426 0
    outer loop
      vertex 13.71614293663663 24.069805221139365 11.6
      vertex 13.741522667766102 24.284237486748427 11.6
      vertex 13.71614293663663 24.069805221139365 0
    endloop
  endfacet
  facet normal -0.9992290362407229 0.039259815759069595 0
    outer loop
      vertex 13.741522667766102 24.284237486748427 11.6
      vertex 13.75 24.5 11.6
      vertex 13.741522667766102 24.284237486748427 0
    endloop
  endfacet
  facet normal -0.9992290362407229 -0.039259815759069595 0
    outer loop
      vertex 13.75 24.5 11.6
      vertex 13.741522667766102 24.715762513251573 11.6
      vertex 13.75 24.5 0
    endloop
  endfacet
  facet normal -0.9930684569549267 -0.11753739745783426 0
    outer loop
      vertex 13.741522667766102 24.715762513251573 11.6
      vertex 13.71614293663663 24.930194778860635 11.6
      vertex 13.741522667766102 24.715762513251573 0
    endloop
  endfacet
  facet normal -0.980785280403231 -0.19509032201612572 0
    outer loop
      vertex 13.71614293663663 24.930194778860635 11.6
      vertex 13.674017281093612 25.14197475060374 11.6
      vertex 13.71614293663663 24.930194778860635 0
    endloop
  endfacet
  facet normal -0.9624552364536457 -0.27144044986507976 0
    outer loop
      vertex 13.674017281093612 25.14197475060374 11.6
      vertex 13.615405419811673 25.349796734531104 11.6
      vertex 13.674017281093612 25.14197475060374 0
    endloop
  endfacet
  facet normal -0.9381913359224839 -0.34611705707749324 0
    outer loop
      vertex 13.615405419811673 25.349796734531104 11.6
      vertex 13.540668714406038 25.552379439003996 11.6
      vertex 13.615405419811673 25.349796734531104 0
    endloop
  endfacet
  facet normal -0.8314696123025481 -0.555570233019598 0
    outer loop
      vertex 13.344760451973753 25.936871052968858 11.6
      vertex 13.224796734531106 26.1164094438043 11.6
      vertex 13.344760451973753 25.936871052968858 0
    endloop
  endfacet
  facet normal -0.908143173825083 -0.41865973753742414 0
    outer loop
      vertex 13.540668714406038 25.552379439003996 11.6
      vertex 13.450267941518012 25.748473874283754 11.6
      vertex 13.540668714406038 25.552379439003996 0
    endloop
  endfacet
  facet normal -0.8724960070727942 -0.4886212414969604 0
    outer loop
      vertex 13.344760451973753 25.936871052968858 11.6
      vertex 13.450267941518012 25.748473874283754 0
      vertex 13.450267941518012 25.748473874283754 11.6
    endloop
  endfacet
  facet normal -0.7853169308807408 -0.6190939493098393 0
    outer loop
      vertex 13.224796734531106 26.1164094438043 11.6
      vertex 13.091116405400085 26.285982132908003 11.6
      vertex 13.224796734531106 26.1164094438043 0
    endloop
  endfacet
  facet normal -0.7343225094356925 -0.678800745532934 0
    outer loop
      vertex 12.944543648263005 26.444543648263007 11.6
      vertex 13.091116405400085 26.285982132908003 0
      vertex 13.091116405400085 26.285982132908003 11.6
    endloop
  endfacet
  facet normal -0.7343225094356925 0.678800745532934 0
    outer loop
      vertex 13.091116405400085 22.714017867091997 11.6
      vertex 13.091116405400085 22.714017867091997 0
      vertex 12.944543648263005 22.555456351736993 0
    endloop
  endfacet
  facet normal -0.7853169308807408 0.6190939493098393 0
    outer loop
      vertex 13.224796734531106 22.8835905561957 11.6
      vertex 13.224796734531106 22.8835905561957 0
      vertex 13.091116405400085 22.714017867091997 0
    endloop
  endfacet
  facet normal -0.8314696123025481 0.555570233019598 0
    outer loop
      vertex 13.344760451973753 23.063128947031142 11.6
      vertex 13.344760451973753 23.063128947031142 0
      vertex 13.224796734531106 22.8835905561957 0
    endloop
  endfacet
  facet normal -0.8724960070727942 0.4886212414969604 0
    outer loop
      vertex 13.450267941518012 23.251526125716246 11.6
      vertex 13.450267941518012 23.251526125716246 0
      vertex 13.344760451973753 23.063128947031142 0
    endloop
  endfacet
  facet normal -0.908143173825083 0.41865973753742414 0
    outer loop
      vertex 13.540668714406038 23.447620560996004 11.6
      vertex 13.540668714406038 23.447620560996004 0
      vertex 13.450267941518012 23.251526125716246 0
    endloop
  endfacet
  facet normal -0.9381913359224839 0.34611705707749324 0
    outer loop
      vertex 13.615405419811673 23.650203265468896 11.6
      vertex 13.615405419811673 23.650203265468896 0
      vertex 13.540668714406038 23.447620560996004 0
    endloop
  endfacet
  facet normal -0.9624552364536457 0.27144044986507976 0
    outer loop
      vertex 13.674017281093612 23.85802524939626 11.6
      vertex 13.674017281093612 23.85802524939626 0
      vertex 13.615405419811673 23.650203265468896 0
    endloop
  endfacet
  facet normal -0.980785280403231 0.19509032201612572 0
    outer loop
      vertex 13.71614293663663 24.069805221139365 11.6
      vertex 13.71614293663663 24.069805221139365 0
      vertex 13.674017281093612 23.85802524939626 0
    endloop
  endfacet
  facet normal -0.9930684569549267 0.11753739745783426 0
    outer loop
      vertex 13.741522667766102 24.284237486748427 11.6
      vertex 13.741522667766102 24.284237486748427 0
      vertex 13.71614293663663 24.069805221139365 0
    endloop
  endfacet
  facet normal -0.9992290362407229 0.039259815759069595 0
    outer loop
      vertex 13.75 24.5 11.6
      vertex 13.75 24.5 0
      vertex 13.741522667766102 24.284237486748427 0
    endloop
  endfacet
  facet normal -0.9992290362407229 -0.039259815759069595 0
    outer loop
      vertex 13.741522667766102 24.715762513251573 11.6
      vertex 13.741522667766102 24.715762513251573 0
      vertex 13.75 24.5 0
    endloop
  endfacet
  facet normal -0.9930684569549267 -0.11753739745783426 0
    outer loop
      vertex 13.71614293663663 24.930194778860635 11.6
      vertex 13.71614293663663 24.930194778860635 0
      vertex 13.741522667766102 24.715762513251573 0
    endloop
  endfacet
  facet normal -0.980785280403231 -0.19509032201612572 0
    outer loop
      vertex 13.674017281093612 25.14197475060374 11.6
      vertex 13.674017281093612 25.14197475060374 0
      vertex 13.71614293663663 24.930194778860635 0
    endloop
  endfacet
  facet normal -0.9381913359224839 -0.34611705707749324 0
    outer loop
      vertex 13.540668714406038 25.552379439003996 11.6
      vertex 13.540668714406038 25.552379439003996 0
      vertex 13.615405419811673 25.349796734531104 0
    endloop
  endfacet
  facet normal -0.9624552364536457 -0.27144044986507976 0
    outer loop
      vertex 13.615405419811673 25.349796734531104 11.6
      vertex 13.615405419811673 25.349796734531104 0
      vertex 13.674017281093612 25.14197475060374 0
    endloop
  endfacet
  facet normal -0.8724960070727942 -0.4886212414969604 0
    outer loop
      vertex 13.344760451973753 25.936871052968858 11.6
      vertex 13.344760451973753 25.936871052968858 0
      vertex 13.450267941518012 25.748473874283754 0
    endloop
  endfacet
  facet normal -0.8314696123025481 -0.555570233019598 0
    outer loop
      vertex 13.224796734531106 26.1164094438043 11.6
      vertex 13.224796734531106 26.1164094438043 0
      vertex 13.344760451973753 25.936871052968858 0
    endloop
  endfacet
  facet normal -0.908143173825083 -0.41865973753742414 0
    outer loop
      vertex 13.450267941518012 25.748473874283754 11.6
      vertex 13.450267941518012 25.748473874283754 0
      vertex 13.540668714406038 25.552379439003996 0
    endloop
  endfacet
  facet normal -0.7853169308807408 -0.6190939493098393 0
    outer loop
      vertex 13.091116405400085 26.285982132908003 11.6
      vertex 13.091116405400085 26.285982132908003 0
      vertex 13.224796734531106 26.1164094438043 0
    endloop
  endfacet
  facet normal 0.678800745532934 0.7343225094356925 0
    outer loop
      vertex 25.055456351736993 13.055456351736995 11.6
      vertex 25.214017867091997 12.908883594599915 11.6
      vertex 25.055456351736993 13.055456351736995 0
    endloop
  endfacet
  facet normal 0.555570233019598 0.8314696123025481 0
    outer loop
      vertex 25.563128947031142 12.655239548026247 11.6
      vertex 25.3835905561957 12.775203265468894 0
      vertex 25.3835905561957 12.775203265468894 11.6
    endloop
  endfacet
  facet normal 0.6190939493098393 0.7853169308807408 0
    outer loop
      vertex 25.214017867091997 12.908883594599915 11.6
      vertex 25.3835905561957 12.775203265468894 11.6
      vertex 25.214017867091997 12.908883594599915 0
    endloop
  endfacet
  facet normal 0.4886212414969604 0.8724960070727942 0
    outer loop
      vertex 25.563128947031142 12.655239548026247 11.6
      vertex 25.751526125716246 12.549732058481988 11.6
      vertex 25.563128947031142 12.655239548026247 0
    endloop
  endfacet
  facet normal 0.41865973753742414 0.908143173825083 0
    outer loop
      vertex 25.947620560996004 12.459331285593962 11.6
      vertex 25.751526125716246 12.549732058481988 0
      vertex 25.751526125716246 12.549732058481988 11.6
    endloop
  endfacet
  facet normal 0.831469612302538 0.5555702330196132 0
    outer loop
      vertex 24.775203265468896 13.3835905561957 11.6
      vertex 24.655239548026245 13.56312894703114 0
      vertex 24.655239548026245 13.56312894703114 11.6
    endloop
  endfacet
  facet normal 0.734322509435685 0.6788007455329422 0
    outer loop
      vertex 25.055456351736993 13.055456351736995 11.6
      vertex 24.908883594599914 13.214017867091995 0
      vertex 24.908883594599914 13.214017867091995 11.6
    endloop
  endfacet
  facet normal 0.7853169308807519 0.6190939493098251 0
    outer loop
      vertex 24.775203265468896 13.3835905561957 11.6
      vertex 24.908883594599914 13.214017867091995 11.6
      vertex 24.775203265468896 13.3835905561957 0
    endloop
  endfacet
  facet normal 0.90814317382508 0.418659737537431 0
    outer loop
      vertex 24.54973205848199 13.751526125716246 11.6
      vertex 24.45933128559396 13.947620560996004 0
      vertex 24.45933128559396 13.947620560996004 11.6
    endloop
  endfacet
  facet normal 0.8724960070728031 0.4886212414969443 0
    outer loop
      vertex 24.655239548026245 13.56312894703114 11.6
      vertex 24.54973205848199 13.751526125716246 0
      vertex 24.54973205848199 13.751526125716246 11.6
    endloop
  endfacet
  facet normal 0.9381913359224832 0.34611705707749596 0
    outer loop
      vertex 24.45933128559396 13.947620560996004 11.6
      vertex 24.384594580188327 14.150203265468894 0
      vertex 24.384594580188327 14.150203265468894 11.6
    endloop
  endfacet
  facet normal 0.9624552364536464 0.2714404498650776 0
    outer loop
      vertex 24.384594580188327 14.150203265468894 11.6
      vertex 24.32598271890639 14.35802524939626 0
      vertex 24.32598271890639 14.35802524939626 11.6
    endloop
  endfacet
  facet normal 0.980785280403231 0.19509032201612572 0
    outer loop
      vertex 24.32598271890639 14.35802524939626 11.6
      vertex 24.28385706336337 14.569805221139365 0
      vertex 24.28385706336337 14.569805221139365 11.6
    endloop
  endfacet
  facet normal 0.9930684569549266 0.11753739745783522 0
    outer loop
      vertex 24.28385706336337 14.569805221139365 11.6
      vertex 24.2584773322339 14.784237486748426 0
      vertex 24.2584773322339 14.784237486748426 11.6
    endloop
  endfacet
  facet normal 0.9992290362407229 0.03925981575906927 0
    outer loop
      vertex 24.2584773322339 14.784237486748426 11.6
      vertex 24.25 15 0
      vertex 24.25 15 11.6
    endloop
  endfacet
  facet normal 0.9992290362407229 -0.03925981575906927 0
    outer loop
      vertex 24.25 15 11.6
      vertex 24.2584773322339 15.215762513251574 0
      vertex 24.2584773322339 15.215762513251574 11.6
    endloop
  endfacet
  facet normal 0.9930684569549266 -0.11753739745783522 0
    outer loop
      vertex 24.2584773322339 15.215762513251574 11.6
      vertex 24.28385706336337 15.430194778860635 0
      vertex 24.28385706336337 15.430194778860635 11.6
    endloop
  endfacet
  facet normal 0.980785280403231 -0.19509032201612572 0
    outer loop
      vertex 24.28385706336337 15.430194778860635 11.6
      vertex 24.32598271890639 15.64197475060374 0
      vertex 24.32598271890639 15.64197475060374 11.6
    endloop
  endfacet
  facet normal 0.9624552364536464 -0.2714404498650776 0
    outer loop
      vertex 24.32598271890639 15.64197475060374 11.6
      vertex 24.384594580188327 15.849796734531106 0
      vertex 24.384594580188327 15.849796734531106 11.6
    endloop
  endfacet
  facet normal 0.9381913359224832 -0.34611705707749596 0
    outer loop
      vertex 24.384594580188327 15.849796734531106 11.6
      vertex 24.45933128559396 16.052379439003996 0
      vertex 24.45933128559396 16.052379439003996 11.6
    endloop
  endfacet
  facet normal 0.90814317382508 -0.418659737537431 0
    outer loop
      vertex 24.45933128559396 16.052379439003996 11.6
      vertex 24.54973205848199 16.248473874283754 0
      vertex 24.54973205848199 16.248473874283754 11.6
    endloop
  endfacet
  facet normal 0.8724960070728011 -0.48862124149694786 0
    outer loop
      vertex 24.54973205848199 16.248473874283754 11.6
      vertex 24.655239548026245 16.436871052968858 0
      vertex 24.655239548026245 16.436871052968858 11.6
    endloop
  endfacet
  facet normal 0.8314696123025406 -0.5555702330196094 0
    outer loop
      vertex 24.655239548026245 16.436871052968858 11.6
      vertex 24.775203265468896 16.6164094438043 0
      vertex 24.775203265468896 16.6164094438043 11.6
    endloop
  endfacet
  facet normal 0.7853169308807487 -0.6190939493098291 0
    outer loop
      vertex 24.775203265468896 16.6164094438043 11.6
      vertex 24.908883594599914 16.785982132908003 0
      vertex 24.908883594599914 16.785982132908003 11.6
    endloop
  endfacet
  facet normal 0.7343225094356925 -0.678800745532934 0
    outer loop
      vertex 24.908883594599914 16.785982132908003 11.6
      vertex 25.055456351736993 16.944543648263007 0
      vertex 25.055456351736993 16.944543648263007 11.6
    endloop
  endfacet
  facet normal 0.678800745532934 -0.7343225094356925 0
    outer loop
      vertex 25.055456351736993 16.944543648263007 11.6
      vertex 25.214017867091997 17.091116405400086 0
      vertex 25.214017867091997 17.091116405400086 11.6
    endloop
  endfacet
  facet normal 0.6190939493098291 -0.7853169308807487 0
    outer loop
      vertex 25.214017867091997 17.091116405400086 11.6
      vertex 25.3835905561957 17.224796734531104 0
      vertex 25.3835905561957 17.224796734531104 11.6
    endloop
  endfacet
  facet normal 0.5555702330196094 -0.8314696123025406 0
    outer loop
      vertex 25.3835905561957 17.224796734531104 11.6
      vertex 25.563128947031142 17.344760451973755 0
      vertex 25.563128947031142 17.344760451973755 11.6
    endloop
  endfacet
  facet normal 0.48862124149694786 -0.8724960070728011 0
    outer loop
      vertex 25.563128947031142 17.344760451973755 11.6
      vertex 25.751526125716246 17.45026794151801 0
      vertex 25.751526125716246 17.45026794151801 11.6
    endloop
  endfacet
  facet normal 0.418659737537431 -0.90814317382508 0
    outer loop
      vertex 25.751526125716246 17.45026794151801 11.6
      vertex 25.947620560996004 17.54066871440604 0
      vertex 25.947620560996004 17.54066871440604 11.6
    endloop
  endfacet
  facet normal 0.9624552364536464 0.2714404498650776 0
    outer loop
      vertex 24.384594580188327 14.150203265468894 11.6
      vertex 24.384594580188327 14.150203265468894 0
      vertex 24.32598271890639 14.35802524939626 0
    endloop
  endfacet
  facet normal 0.678800745532934 0.7343225094356925 0
    outer loop
      vertex 25.214017867091997 12.908883594599915 11.6
      vertex 25.214017867091997 12.908883594599915 0
      vertex 25.055456351736993 13.055456351736995 0
    endloop
  endfacet
  facet normal 0.555570233019598 0.8314696123025481 0
    outer loop
      vertex 25.563128947031142 12.655239548026247 11.6
      vertex 25.563128947031142 12.655239548026247 0
      vertex 25.3835905561957 12.775203265468894 0
    endloop
  endfacet
  facet normal 0.6190939493098393 0.7853169308807408 0
    outer loop
      vertex 25.3835905561957 12.775203265468894 11.6
      vertex 25.3835905561957 12.775203265468894 0
      vertex 25.214017867091997 12.908883594599915 0
    endloop
  endfacet
  facet normal 0.4886212414969604 0.8724960070727942 0
    outer loop
      vertex 25.751526125716246 12.549732058481988 11.6
      vertex 25.751526125716246 12.549732058481988 0
      vertex 25.563128947031142 12.655239548026247 0
    endloop
  endfacet
  facet normal 0.41865973753742414 0.908143173825083 0
    outer loop
      vertex 25.947620560996004 12.459331285593962 11.6
      vertex 25.947620560996004 12.459331285593962 0
      vertex 25.751526125716246 12.549732058481988 0
    endloop
  endfacet
  facet normal 0.831469612302538 0.5555702330196132 0
    outer loop
      vertex 24.775203265468896 13.3835905561957 11.6
      vertex 24.775203265468896 13.3835905561957 0
      vertex 24.655239548026245 13.56312894703114 0
    endloop
  endfacet
  facet normal 0.8724960070728031 0.4886212414969443 0
    outer loop
      vertex 24.655239548026245 13.56312894703114 11.6
      vertex 24.655239548026245 13.56312894703114 0
      vertex 24.54973205848199 13.751526125716246 0
    endloop
  endfacet
  facet normal 0.7853169308807519 0.6190939493098251 0
    outer loop
      vertex 24.908883594599914 13.214017867091995 11.6
      vertex 24.908883594599914 13.214017867091995 0
      vertex 24.775203265468896 13.3835905561957 0
    endloop
  endfacet
  facet normal 0.734322509435685 0.6788007455329422 0
    outer loop
      vertex 25.055456351736993 13.055456351736995 11.6
      vertex 25.055456351736993 13.055456351736995 0
      vertex 24.908883594599914 13.214017867091995 0
    endloop
  endfacet
  facet normal 0.90814317382508 0.418659737537431 0
    outer loop
      vertex 24.54973205848199 13.751526125716246 11.6
      vertex 24.54973205848199 13.751526125716246 0
      vertex 24.45933128559396 13.947620560996004 0
    endloop
  endfacet
  facet normal 0.9381913359224832 0.34611705707749596 0
    outer loop
      vertex 24.45933128559396 13.947620560996004 11.6
      vertex 24.45933128559396 13.947620560996004 0
      vertex 24.384594580188327 14.150203265468894 0
    endloop
  endfacet
  facet normal 0.980785280403231 0.19509032201612572 0
    outer loop
      vertex 24.32598271890639 14.35802524939626 11.6
      vertex 24.32598271890639 14.35802524939626 0
      vertex 24.28385706336337 14.569805221139365 0
    endloop
  endfacet
  facet normal 0.9930684569549266 0.11753739745783522 0
    outer loop
      vertex 24.28385706336337 14.569805221139365 11.6
      vertex 24.28385706336337 14.569805221139365 0
      vertex 24.2584773322339 14.784237486748426 0
    endloop
  endfacet
  facet normal 0.9992290362407229 0.03925981575906927 0
    outer loop
      vertex 24.2584773322339 14.784237486748426 11.6
      vertex 24.2584773322339 14.784237486748426 0
      vertex 24.25 15 0
    endloop
  endfacet
  facet normal 0.9992290362407229 -0.03925981575906927 0
    outer loop
      vertex 24.25 15 11.6
      vertex 24.25 15 0
      vertex 24.2584773322339 15.215762513251574 0
    endloop
  endfacet
  facet normal 0.9930684569549266 -0.11753739745783522 0
    outer loop
      vertex 24.2584773322339 15.215762513251574 11.6
      vertex 24.2584773322339 15.215762513251574 0
      vertex 24.28385706336337 15.430194778860635 0
    endloop
  endfacet
  facet normal 0.980785280403231 -0.19509032201612572 0
    outer loop
      vertex 24.28385706336337 15.430194778860635 11.6
      vertex 24.28385706336337 15.430194778860635 0
      vertex 24.32598271890639 15.64197475060374 0
    endloop
  endfacet
  facet normal 0.9624552364536464 -0.2714404498650776 0
    outer loop
      vertex 24.32598271890639 15.64197475060374 11.6
      vertex 24.32598271890639 15.64197475060374 0
      vertex 24.384594580188327 15.849796734531106 0
    endloop
  endfacet
  facet normal 0.9381913359224832 -0.34611705707749596 0
    outer loop
      vertex 24.384594580188327 15.849796734531106 11.6
      vertex 24.384594580188327 15.849796734531106 0
      vertex 24.45933128559396 16.052379439003996 0
    endloop
  endfacet
  facet normal 0.90814317382508 -0.418659737537431 0
    outer loop
      vertex 24.45933128559396 16.052379439003996 11.6
      vertex 24.45933128559396 16.052379439003996 0
      vertex 24.54973205848199 16.248473874283754 0
    endloop
  endfacet
  facet normal 0.8724960070728011 -0.48862124149694786 0
    outer loop
      vertex 24.54973205848199 16.248473874283754 11.6
      vertex 24.54973205848199 16.248473874283754 0
      vertex 24.655239548026245 16.436871052968858 0
    endloop
  endfacet
  facet normal 0.8314696123025406 -0.5555702330196094 0
    outer loop
      vertex 24.655239548026245 16.436871052968858 11.6
      vertex 24.655239548026245 16.436871052968858 0
      vertex 24.775203265468896 16.6164094438043 0
    endloop
  endfacet
  facet normal 0.7853169308807487 -0.6190939493098291 0
    outer loop
      vertex 24.775203265468896 16.6164094438043 11.6
      vertex 24.775203265468896 16.6164094438043 0
      vertex 24.908883594599914 16.785982132908003 0
    endloop
  endfacet
  facet normal 0.7343225094356925 -0.678800745532934 0
    outer loop
      vertex 24.908883594599914 16.785982132908003 11.6
      vertex 24.908883594599914 16.785982132908003 0
      vertex 25.055456351736993 16.944543648263007 0
    endloop
  endfacet
  facet normal 0.678800745532934 -0.7343225094356925 0
    outer loop
      vertex 25.055456351736993 16.944543648263007 11.6
      vertex 25.055456351736993 16.944543648263007 0
      vertex 25.214017867091997 17.091116405400086 0
    endloop
  endfacet
  facet normal 0.6190939493098291 -0.7853169308807487 0
    outer loop
      vertex 25.214017867091997 17.091116405400086 11.6
      vertex 25.214017867091997 17.091116405400086 0
      vertex 25.3835905561957 17.224796734531104 0
    endloop
  endfacet
  facet normal 0.5555702330196094 -0.8314696123025406 0
    outer loop
      vertex 25.3835905561957 17.224796734531104 11.6
      vertex 25.3835905561957 17.224796734531104 0
      vertex 25.563128947031142 17.344760451973755 0
    endloop
  endfacet
  facet normal 0.48862124149694786 -0.8724960070728011 0
    outer loop
      vertex 25.563128947031142 17.344760451973755 11.6
      vertex 25.563128947031142 17.344760451973755 0
      vertex 25.751526125716246 17.45026794151801 0
    endloop
  endfacet
  facet normal 0.418659737537431 -0.90814317382508 0
    outer loop
      vertex 25.751526125716246 17.45026794151801 11.6
      vertex 25.751526125716246 17.45026794151801 0
      vertex 25.947620560996004 17.54066871440604 0
    endloop
  endfacet
  facet normal 0.34611705707749324 0.9381913359224839 0
    outer loop
      vertex 25.947620560996004 12.459331285593962 11.6
      vertex 26.150203265468896 12.384594580188327 11.6
      vertex 25.947620560996004 12.459331285593962 0
    endloop
  endfacet
  facet normal 0.27144044986507976 0.9624552364536457 0
    outer loop
      vertex 26.150203265468896 12.384594580188327 11.6
      vertex 26.35802524939626 12.325982718906388 11.6
      vertex 26.150203265468896 12.384594580188327 0
    endloop
  endfacet
  facet normal 0.19509032201612572 0.980785280403231 0
    outer loop
      vertex 26.35802524939626 12.325982718906388 11.6
      vertex 26.569805221139365 12.28385706336337 11.6
      vertex 26.35802524939626 12.325982718906388 0
    endloop
  endfacet
  facet normal 0.11753739745783426 0.9930684569549267 0
    outer loop
      vertex 26.569805221139365 12.28385706336337 11.6
      vertex 26.784237486748427 12.258477332233898 11.6
      vertex 26.569805221139365 12.28385706336337 0
    endloop
  endfacet
  facet normal 0.039259815759069595 0.9992290362407229 0
    outer loop
      vertex 26.784237486748427 12.258477332233898 11.6
      vertex 27 12.25 11.6
      vertex 26.784237486748427 12.258477332233898 0
    endloop
  endfacet
  facet normal -0.039259815759069595 0.9992290362407229 0
    outer loop
      vertex 27 12.25 11.6
      vertex 27.215762513251573 12.258477332233898 11.6
      vertex 27 12.25 0
    endloop
  endfacet
  facet normal -0.11753739745783426 0.9930684569549267 0
    outer loop
      vertex 27.215762513251573 12.258477332233898 11.6
      vertex 27.430194778860635 12.28385706336337 11.6
      vertex 27.215762513251573 12.258477332233898 0
    endloop
  endfacet
  facet normal -0.19509032201612572 0.980785280403231 0
    outer loop
      vertex 27.430194778860635 12.28385706336337 11.6
      vertex 27.64197475060374 12.325982718906388 11.6
      vertex 27.430194778860635 12.28385706336337 0
    endloop
  endfacet
  facet normal -0.27144044986507976 0.9624552364536457 0
    outer loop
      vertex 27.64197475060374 12.325982718906388 11.6
      vertex 27.849796734531104 12.384594580188327 11.6
      vertex 27.64197475060374 12.325982718906388 0
    endloop
  endfacet
  facet normal -0.34611705707749324 0.9381913359224839 0
    outer loop
      vertex 27.849796734531104 12.384594580188327 11.6
      vertex 28.052379439003996 12.459331285593962 11.6
      vertex 27.849796734531104 12.384594580188327 0
    endloop
  endfacet
  facet normal -0.41865973753742414 0.908143173825083 0
    outer loop
      vertex 28.052379439003996 12.459331285593962 11.6
      vertex 28.248473874283754 12.549732058481988 11.6
      vertex 28.052379439003996 12.459331285593962 0
    endloop
  endfacet
  facet normal -0.4886212414969604 0.8724960070727942 0
    outer loop
      vertex 28.248473874283754 12.549732058481988 11.6
      vertex 28.436871052968858 12.655239548026247 11.6
      vertex 28.248473874283754 12.549732058481988 0
    endloop
  endfacet
  facet normal -0.555570233019598 0.8314696123025481 0
    outer loop
      vertex 28.436871052968858 12.655239548026247 11.6
      vertex 28.6164094438043 12.775203265468894 11.6
      vertex 28.436871052968858 12.655239548026247 0
    endloop
  endfacet
  facet normal -0.6190939493098393 0.7853169308807408 0
    outer loop
      vertex 28.6164094438043 12.775203265468894 11.6
      vertex 28.785982132908003 12.908883594599915 11.6
      vertex 28.6164094438043 12.775203265468894 0
    endloop
  endfacet
  facet normal -0.678800745532934 0.7343225094356925 0
    outer loop
      vertex 28.785982132908003 12.908883594599915 11.6
      vertex 28.944543648263007 13.055456351736995 11.6
      vertex 28.785982132908003 12.908883594599915 0
    endloop
  endfacet
  facet normal -0.734322509435685 0.6788007455329422 0
    outer loop
      vertex 28.944543648263007 13.055456351736995 11.6
      vertex 29.091116405400086 13.214017867091995 11.6
      vertex 28.944543648263007 13.055456351736995 0
    endloop
  endfacet
  facet normal -0.7853169308807519 0.6190939493098251 0
    outer loop
      vertex 29.091116405400086 13.214017867091995 11.6
      vertex 29.224796734531104 13.3835905561957 11.6
      vertex 29.091116405400086 13.214017867091995 0
    endloop
  endfacet
  facet normal -0.831469612302538 0.5555702330196132 0
    outer loop
      vertex 29.224796734531104 13.3835905561957 11.6
      vertex 29.344760451973755 13.56312894703114 11.6
      vertex 29.224796734531104 13.3835905561957 0
    endloop
  endfacet
  facet normal -0.8724960070728031 0.4886212414969443 0
    outer loop
      vertex 29.344760451973755 13.56312894703114 11.6
      vertex 29.45026794151801 13.751526125716246 11.6
      vertex 29.344760451973755 13.56312894703114 0
    endloop
  endfacet
  facet normal -0.90814317382508 0.418659737537431 0
    outer loop
      vertex 29.45026794151801 13.751526125716246 11.6
      vertex 29.54066871440604 13.947620560996004 11.6
      vertex 29.45026794151801 13.751526125716246 0
    endloop
  endfacet
  facet normal -0.9381913359224832 0.34611705707749596 0
    outer loop
      vertex 29.54066871440604 13.947620560996004 11.6
      vertex 29.615405419811673 14.150203265468894 11.6
      vertex 29.54066871440604 13.947620560996004 0
    endloop
  endfacet
  facet normal -0.9624552364536464 0.2714404498650776 0
    outer loop
      vertex 29.615405419811673 14.150203265468894 11.6
      vertex 29.67401728109361 14.35802524939626 11.6
      vertex 29.615405419811673 14.150203265468894 0
    endloop
  endfacet
  facet normal 0.34611705707749324 -0.9381913359224839 0
    outer loop
      vertex 25.947620560996004 17.54066871440604 11.6
      vertex 26.150203265468896 17.615405419811673 0
      vertex 26.150203265468896 17.615405419811673 11.6
    endloop
  endfacet
  facet normal 0.27144044986507976 -0.9624552364536457 0
    outer loop
      vertex 26.150203265468896 17.615405419811673 11.6
      vertex 26.35802524939626 17.67401728109361 0
      vertex 26.35802524939626 17.67401728109361 11.6
    endloop
  endfacet
  facet normal 0.19509032201612572 -0.980785280403231 0
    outer loop
      vertex 26.35802524939626 17.67401728109361 11.6
      vertex 26.569805221139365 17.71614293663663 0
      vertex 26.569805221139365 17.71614293663663 11.6
    endloop
  endfacet
  facet normal 0.11753739745783426 -0.9930684569549267 0
    outer loop
      vertex 26.569805221139365 17.71614293663663 11.6
      vertex 26.784237486748427 17.7415226677661 0
      vertex 26.784237486748427 17.7415226677661 11.6
    endloop
  endfacet
  facet normal 0.039259815759069595 -0.9992290362407229 0
    outer loop
      vertex 26.784237486748427 17.7415226677661 11.6
      vertex 27 17.75 0
      vertex 27 17.75 11.6
    endloop
  endfacet
  facet normal -0.039259815759069595 -0.9992290362407229 0
    outer loop
      vertex 27 17.75 11.6
      vertex 27.215762513251573 17.7415226677661 0
      vertex 27.215762513251573 17.7415226677661 11.6
    endloop
  endfacet
  facet normal -0.11753739745783426 -0.9930684569549267 0
    outer loop
      vertex 27.215762513251573 17.7415226677661 11.6
      vertex 27.430194778860635 17.71614293663663 0
      vertex 27.430194778860635 17.71614293663663 11.6
    endloop
  endfacet
  facet normal -0.19509032201612572 -0.980785280403231 0
    outer loop
      vertex 27.430194778860635 17.71614293663663 11.6
      vertex 27.64197475060374 17.67401728109361 0
      vertex 27.64197475060374 17.67401728109361 11.6
    endloop
  endfacet
  facet normal -0.27144044986507976 -0.9624552364536457 0
    outer loop
      vertex 27.64197475060374 17.67401728109361 11.6
      vertex 27.849796734531104 17.615405419811673 0
      vertex 27.849796734531104 17.615405419811673 11.6
    endloop
  endfacet
  facet normal -0.34611705707749324 -0.9381913359224839 0
    outer loop
      vertex 27.849796734531104 17.615405419811673 11.6
      vertex 28.052379439003996 17.54066871440604 0
      vertex 28.052379439003996 17.54066871440604 11.6
    endloop
  endfacet
  facet normal -0.418659737537431 -0.90814317382508 0
    outer loop
      vertex 28.248473874283754 17.45026794151801 11.6
      vertex 28.052379439003996 17.54066871440604 11.6
      vertex 28.248473874283754 17.45026794151801 0
    endloop
  endfacet
  facet normal -0.48862124149694786 -0.8724960070728011 0
    outer loop
      vertex 28.436871052968858 17.344760451973755 11.6
      vertex 28.248473874283754 17.45026794151801 11.6
      vertex 28.436871052968858 17.344760451973755 0
    endloop
  endfacet
  facet normal -0.6190939493098291 -0.7853169308807487 0
    outer loop
      vertex 28.785982132908003 17.091116405400086 11.6
      vertex 28.6164094438043 17.224796734531104 11.6
      vertex 28.785982132908003 17.091116405400086 0
    endloop
  endfacet
  facet normal -0.7343225094356925 -0.678800745532934 0
    outer loop
      vertex 29.091116405400086 16.785982132908003 11.6
      vertex 28.944543648263007 16.944543648263007 11.6
      vertex 29.091116405400086 16.785982132908003 0
    endloop
  endfacet
  facet normal -0.7853169308807487 -0.6190939493098291 0
    outer loop
      vertex 29.224796734531104 16.6164094438043 11.6
      vertex 29.091116405400086 16.785982132908003 11.6
      vertex 29.224796734531104 16.6164094438043 0
    endloop
  endfacet
  facet normal -0.678800745532934 -0.7343225094356925 0
    outer loop
      vertex 28.785982132908003 17.091116405400086 11.6
      vertex 28.944543648263007 16.944543648263007 0
      vertex 28.944543648263007 16.944543648263007 11.6
    endloop
  endfacet
  facet normal -0.5555702330196094 -0.8314696123025406 0
    outer loop
      vertex 28.436871052968858 17.344760451973755 11.6
      vertex 28.6164094438043 17.224796734531104 0
      vertex 28.6164094438043 17.224796734531104 11.6
    endloop
  endfacet
  facet normal -0.980785280403231 0.19509032201612572 0
    outer loop
      vertex 29.67401728109361 14.35802524939626 11.6
      vertex 29.71614293663663 14.569805221139365 11.6
      vertex 29.67401728109361 14.35802524939626 0
    endloop
  endfacet
  facet normal -0.9930684569549266 0.11753739745783522 0
    outer loop
      vertex 29.71614293663663 14.569805221139365 11.6
      vertex 29.7415226677661 14.784237486748426 11.6
      vertex 29.71614293663663 14.569805221139365 0
    endloop
  endfacet
  facet normal -0.9992290362407229 0.03925981575906927 0
    outer loop
      vertex 29.7415226677661 14.784237486748426 11.6
      vertex 29.75 15 11.6
      vertex 29.7415226677661 14.784237486748426 0
    endloop
  endfacet
  facet normal -0.9992290362407229 -0.03925981575906927 0
    outer loop
      vertex 29.75 15 11.6
      vertex 29.7415226677661 15.215762513251574 11.6
      vertex 29.75 15 0
    endloop
  endfacet
  facet normal -0.9930684569549266 -0.11753739745783522 0
    outer loop
      vertex 29.7415226677661 15.215762513251574 11.6
      vertex 29.71614293663663 15.430194778860635 11.6
      vertex 29.7415226677661 15.215762513251574 0
    endloop
  endfacet
  facet normal -0.9624552364536464 -0.2714404498650776 0
    outer loop
      vertex 29.615405419811673 15.849796734531106 11.6
      vertex 29.67401728109361 15.64197475060374 0
      vertex 29.67401728109361 15.64197475060374 11.6
    endloop
  endfacet
  facet normal -0.9381913359224832 -0.34611705707749596 0
    outer loop
      vertex 29.615405419811673 15.849796734531106 11.6
      vertex 29.54066871440604 16.052379439003996 11.6
      vertex 29.615405419811673 15.849796734531106 0
    endloop
  endfacet
  facet normal -0.980785280403231 -0.19509032201612572 0
    outer loop
      vertex 29.71614293663663 15.430194778860635 11.6
      vertex 29.67401728109361 15.64197475060374 11.6
      vertex 29.71614293663663 15.430194778860635 0
    endloop
  endfacet
  facet normal -0.8724960070728011 -0.48862124149694786 0
    outer loop
      vertex 29.45026794151801 16.248473874283754 11.6
      vertex 29.344760451973755 16.436871052968858 11.6
      vertex 29.45026794151801 16.248473874283754 0
    endloop
  endfacet
  facet normal -0.90814317382508 -0.418659737537431 0
    outer loop
      vertex 29.45026794151801 16.248473874283754 11.6
      vertex 29.54066871440604 16.052379439003996 0
      vertex 29.54066871440604 16.052379439003996 11.6
    endloop
  endfacet
  facet normal -0.8314696123025406 -0.5555702330196094 0
    outer loop
      vertex 29.224796734531104 16.6164094438043 11.6
      vertex 29.344760451973755 16.436871052968858 0
      vertex 29.344760451973755 16.436871052968858 11.6
    endloop
  endfacet
  facet normal 0.34611705707749324 0.9381913359224839 0
    outer loop
      vertex 25.947620560996004 12.459331285593962 0
      vertex 26.150203265468896 12.384594580188327 11.6
      vertex 26.150203265468896 12.384594580188327 0
    endloop
  endfacet
  facet normal 0.27144044986507976 0.9624552364536457 0
    outer loop
      vertex 26.35802524939626 12.325982718906388 11.6
      vertex 26.35802524939626 12.325982718906388 0
      vertex 26.150203265468896 12.384594580188327 0
    endloop
  endfacet
  facet normal 0.19509032201612572 0.980785280403231 0
    outer loop
      vertex 26.569805221139365 12.28385706336337 11.6
      vertex 26.569805221139365 12.28385706336337 0
      vertex 26.35802524939626 12.325982718906388 0
    endloop
  endfacet
  facet normal 0.11753739745783426 0.9930684569549267 0
    outer loop
      vertex 26.784237486748427 12.258477332233898 11.6
      vertex 26.784237486748427 12.258477332233898 0
      vertex 26.569805221139365 12.28385706336337 0
    endloop
  endfacet
  facet normal 0.039259815759069595 0.9992290362407229 0
    outer loop
      vertex 27 12.25 11.6
      vertex 27 12.25 0
      vertex 26.784237486748427 12.258477332233898 0
    endloop
  endfacet
  facet normal -0.039259815759069595 0.9992290362407229 0
    outer loop
      vertex 27.215762513251573 12.258477332233898 11.6
      vertex 27.215762513251573 12.258477332233898 0
      vertex 27 12.25 0
    endloop
  endfacet
  facet normal -0.11753739745783426 0.9930684569549267 0
    outer loop
      vertex 27.430194778860635 12.28385706336337 11.6
      vertex 27.430194778860635 12.28385706336337 0
      vertex 27.215762513251573 12.258477332233898 0
    endloop
  endfacet
  facet normal -0.19509032201612572 0.980785280403231 0
    outer loop
      vertex 27.64197475060374 12.325982718906388 11.6
      vertex 27.64197475060374 12.325982718906388 0
      vertex 27.430194778860635 12.28385706336337 0
    endloop
  endfacet
  facet normal -0.27144044986507976 0.9624552364536457 0
    outer loop
      vertex 27.849796734531104 12.384594580188327 11.6
      vertex 27.849796734531104 12.384594580188327 0
      vertex 27.64197475060374 12.325982718906388 0
    endloop
  endfacet
  facet normal -0.34611705707749324 0.9381913359224839 0
    outer loop
      vertex 28.052379439003996 12.459331285593962 11.6
      vertex 28.052379439003996 12.459331285593962 0
      vertex 27.849796734531104 12.384594580188327 0
    endloop
  endfacet
  facet normal -0.41865973753742414 0.908143173825083 0
    outer loop
      vertex 28.248473874283754 12.549732058481988 11.6
      vertex 28.248473874283754 12.549732058481988 0
      vertex 28.052379439003996 12.459331285593962 0
    endloop
  endfacet
  facet normal -0.4886212414969604 0.8724960070727942 0
    outer loop
      vertex 28.436871052968858 12.655239548026247 11.6
      vertex 28.436871052968858 12.655239548026247 0
      vertex 28.248473874283754 12.549732058481988 0
    endloop
  endfacet
  facet normal -0.555570233019598 0.8314696123025481 0
    outer loop
      vertex 28.6164094438043 12.775203265468894 11.6
      vertex 28.6164094438043 12.775203265468894 0
      vertex 28.436871052968858 12.655239548026247 0
    endloop
  endfacet
  facet normal -0.6190939493098393 0.7853169308807408 0
    outer loop
      vertex 28.785982132908003 12.908883594599915 11.6
      vertex 28.785982132908003 12.908883594599915 0
      vertex 28.6164094438043 12.775203265468894 0
    endloop
  endfacet
  facet normal -0.678800745532934 0.7343225094356925 0
    outer loop
      vertex 28.944543648263007 13.055456351736995 11.6
      vertex 28.944543648263007 13.055456351736995 0
      vertex 28.785982132908003 12.908883594599915 0
    endloop
  endfacet
  facet normal -0.734322509435685 0.6788007455329422 0
    outer loop
      vertex 29.091116405400086 13.214017867091995 11.6
      vertex 29.091116405400086 13.214017867091995 0
      vertex 28.944543648263007 13.055456351736995 0
    endloop
  endfacet
  facet normal -0.7853169308807519 0.6190939493098251 0
    outer loop
      vertex 29.224796734531104 13.3835905561957 11.6
      vertex 29.224796734531104 13.3835905561957 0
      vertex 29.091116405400086 13.214017867091995 0
    endloop
  endfacet
  facet normal -0.831469612302538 0.5555702330196132 0
    outer loop
      vertex 29.344760451973755 13.56312894703114 11.6
      vertex 29.344760451973755 13.56312894703114 0
      vertex 29.224796734531104 13.3835905561957 0
    endloop
  endfacet
  facet normal -0.8724960070728031 0.4886212414969443 0
    outer loop
      vertex 29.45026794151801 13.751526125716246 11.6
      vertex 29.45026794151801 13.751526125716246 0
      vertex 29.344760451973755 13.56312894703114 0
    endloop
  endfacet
  facet normal -0.90814317382508 0.418659737537431 0
    outer loop
      vertex 29.54066871440604 13.947620560996004 11.6
      vertex 29.54066871440604 13.947620560996004 0
      vertex 29.45026794151801 13.751526125716246 0
    endloop
  endfacet
  facet normal -0.9381913359224832 0.34611705707749596 0
    outer loop
      vertex 29.615405419811673 14.150203265468894 11.6
      vertex 29.615405419811673 14.150203265468894 0
      vertex 29.54066871440604 13.947620560996004 0
    endloop
  endfacet
  facet normal 0.34611705707749324 -0.9381913359224839 0
    outer loop
      vertex 25.947620560996004 17.54066871440604 11.6
      vertex 25.947620560996004 17.54066871440604 0
      vertex 26.150203265468896 17.615405419811673 0
    endloop
  endfacet
  facet normal 0.27144044986507976 -0.9624552364536457 0
    outer loop
      vertex 26.150203265468896 17.615405419811673 11.6
      vertex 26.150203265468896 17.615405419811673 0
      vertex 26.35802524939626 17.67401728109361 0
    endloop
  endfacet
  facet normal 0.19509032201612572 -0.980785280403231 0
    outer loop
      vertex 26.35802524939626 17.67401728109361 11.6
      vertex 26.35802524939626 17.67401728109361 0
      vertex 26.569805221139365 17.71614293663663 0
    endloop
  endfacet
  facet normal 0.11753739745783426 -0.9930684569549267 0
    outer loop
      vertex 26.569805221139365 17.71614293663663 11.6
      vertex 26.569805221139365 17.71614293663663 0
      vertex 26.784237486748427 17.7415226677661 0
    endloop
  endfacet
  facet normal 0.039259815759069595 -0.9992290362407229 0
    outer loop
      vertex 26.784237486748427 17.7415226677661 11.6
      vertex 26.784237486748427 17.7415226677661 0
      vertex 27 17.75 0
    endloop
  endfacet
  facet normal -0.039259815759069595 -0.9992290362407229 0
    outer loop
      vertex 27 17.75 11.6
      vertex 27 17.75 0
      vertex 27.215762513251573 17.7415226677661 0
    endloop
  endfacet
  facet normal -0.11753739745783426 -0.9930684569549267 0
    outer loop
      vertex 27.215762513251573 17.7415226677661 11.6
      vertex 27.215762513251573 17.7415226677661 0
      vertex 27.430194778860635 17.71614293663663 0
    endloop
  endfacet
  facet normal -0.19509032201612572 -0.980785280403231 0
    outer loop
      vertex 27.430194778860635 17.71614293663663 11.6
      vertex 27.430194778860635 17.71614293663663 0
      vertex 27.64197475060374 17.67401728109361 0
    endloop
  endfacet
  facet normal -0.27144044986507976 -0.9624552364536457 0
    outer loop
      vertex 27.64197475060374 17.67401728109361 11.6
      vertex 27.64197475060374 17.67401728109361 0
      vertex 27.849796734531104 17.615405419811673 0
    endloop
  endfacet
  facet normal -0.34611705707749324 -0.9381913359224839 0
    outer loop
      vertex 27.849796734531104 17.615405419811673 11.6
      vertex 27.849796734531104 17.615405419811673 0
      vertex 28.052379439003996 17.54066871440604 0
    endloop
  endfacet
  facet normal -0.418659737537431 -0.90814317382508 0
    outer loop
      vertex 28.052379439003996 17.54066871440604 11.6
      vertex 28.052379439003996 17.54066871440604 0
      vertex 28.248473874283754 17.45026794151801 0
    endloop
  endfacet
  facet normal -0.48862124149694786 -0.8724960070728011 0
    outer loop
      vertex 28.248473874283754 17.45026794151801 11.6
      vertex 28.248473874283754 17.45026794151801 0
      vertex 28.436871052968858 17.344760451973755 0
    endloop
  endfacet
  facet normal -0.678800745532934 -0.7343225094356925 0
    outer loop
      vertex 28.785982132908003 17.091116405400086 11.6
      vertex 28.785982132908003 17.091116405400086 0
      vertex 28.944543648263007 16.944543648263007 0
    endloop
  endfacet
  facet normal -0.6190939493098291 -0.7853169308807487 0
    outer loop
      vertex 28.6164094438043 17.224796734531104 11.6
      vertex 28.6164094438043 17.224796734531104 0
      vertex 28.785982132908003 17.091116405400086 0
    endloop
  endfacet
  facet normal -0.7343225094356925 -0.678800745532934 0
    outer loop
      vertex 28.944543648263007 16.944543648263007 11.6
      vertex 28.944543648263007 16.944543648263007 0
      vertex 29.091116405400086 16.785982132908003 0
    endloop
  endfacet
  facet normal -0.7853169308807487 -0.6190939493098291 0
    outer loop
      vertex 29.091116405400086 16.785982132908003 11.6
      vertex 29.091116405400086 16.785982132908003 0
      vertex 29.224796734531104 16.6164094438043 0
    endloop
  endfacet
  facet normal -0.5555702330196094 -0.8314696123025406 0
    outer loop
      vertex 28.436871052968858 17.344760451973755 11.6
      vertex 28.436871052968858 17.344760451973755 0
      vertex 28.6164094438043 17.224796734531104 0
    endloop
  endfacet
  facet normal -0.9624552364536464 0.2714404498650776 0
    outer loop
      vertex 29.67401728109361 14.35802524939626 11.6
      vertex 29.67401728109361 14.35802524939626 0
      vertex 29.615405419811673 14.150203265468894 0
    endloop
  endfacet
  facet normal -0.980785280403231 0.19509032201612572 0
    outer loop
      vertex 29.71614293663663 14.569805221139365 11.6
      vertex 29.71614293663663 14.569805221139365 0
      vertex 29.67401728109361 14.35802524939626 0
    endloop
  endfacet
  facet normal -0.9930684569549266 0.11753739745783522 0
    outer loop
      vertex 29.7415226677661 14.784237486748426 11.6
      vertex 29.7415226677661 14.784237486748426 0
      vertex 29.71614293663663 14.569805221139365 0
    endloop
  endfacet
  facet normal -0.9992290362407229 0.03925981575906927 0
    outer loop
      vertex 29.75 15 11.6
      vertex 29.75 15 0
      vertex 29.7415226677661 14.784237486748426 0
    endloop
  endfacet
  facet normal -0.9992290362407229 -0.03925981575906927 0
    outer loop
      vertex 29.7415226677661 15.215762513251574 11.6
      vertex 29.7415226677661 15.215762513251574 0
      vertex 29.75 15 0
    endloop
  endfacet
  facet normal -0.9930684569549266 -0.11753739745783522 0
    outer loop
      vertex 29.71614293663663 15.430194778860635 11.6
      vertex 29.71614293663663 15.430194778860635 0
      vertex 29.7415226677661 15.215762513251574 0
    endloop
  endfacet
  facet normal -0.9624552364536464 -0.2714404498650776 0
    outer loop
      vertex 29.615405419811673 15.849796734531106 11.6
      vertex 29.615405419811673 15.849796734531106 0
      vertex 29.67401728109361 15.64197475060374 0
    endloop
  endfacet
  facet normal -0.9381913359224832 -0.34611705707749596 0
    outer loop
      vertex 29.54066871440604 16.052379439003996 11.6
      vertex 29.54066871440604 16.052379439003996 0
      vertex 29.615405419811673 15.849796734531106 0
    endloop
  endfacet
  facet normal -0.980785280403231 -0.19509032201612572 0
    outer loop
      vertex 29.67401728109361 15.64197475060374 11.6
      vertex 29.67401728109361 15.64197475060374 0
      vertex 29.71614293663663 15.430194778860635 0
    endloop
  endfacet
  facet normal -0.90814317382508 -0.418659737537431 0
    outer loop
      vertex 29.45026794151801 16.248473874283754 11.6
      vertex 29.45026794151801 16.248473874283754 0
      vertex 29.54066871440604 16.052379439003996 0
    endloop
  endfacet
  facet normal -0.8724960070728011 -0.48862124149694786 0
    outer loop
      vertex 29.344760451973755 16.436871052968858 11.6
      vertex 29.344760451973755 16.436871052968858 0
      vertex 29.45026794151801 16.248473874283754 0
    endloop
  endfacet
  facet normal -0.8314696123025406 -0.5555702330196094 0
    outer loop
      vertex 29.224796734531104 16.6164094438043 11.6
      vertex 29.224796734531104 16.6164094438043 0
      vertex 29.344760451973755 16.436871052968858 0
    endloop
  endfacet
  facet normal 0.5555702330196056 0.8314696123025429 0
    outer loop
      vertex 43.3835905561957 12.775203265468894 11.6
      vertex 43.56312894703114 12.655239548026247 11.6
      vertex 43.3835905561957 12.775203265468894 0
    endloop
  endfacet
  facet normal 0.678800745532934 0.7343225094356925 0
    outer loop
      vertex 43.05545635173699 13.055456351736995 11.6
      vertex 43.214017867092 12.908883594599915 11.6
      vertex 43.05545635173699 13.055456351736995 0
    endloop
  endfacet
  facet normal 0.6190939493098393 0.7853169308807408 0
    outer loop
      vertex 43.214017867092 12.908883594599915 11.6
      vertex 43.3835905561957 12.775203265468894 11.6
      vertex 43.214017867092 12.908883594599915 0
    endloop
  endfacet
  facet normal 0.4886212414969533 0.872496007072798 0
    outer loop
      vertex 43.56312894703114 12.655239548026247 11.6
      vertex 43.751526125716246 12.549732058481988 11.6
      vertex 43.56312894703114 12.655239548026247 0
    endloop
  endfacet
  facet normal 0.41865973753743047 0.9081431738250803 0
    outer loop
      vertex 43.751526125716246 12.549732058481988 11.6
      vertex 43.947620560996 12.459331285593962 11.6
      vertex 43.751526125716246 12.549732058481988 0
    endloop
  endfacet
  facet normal 0.7853169308807519 0.6190939493098251 0
    outer loop
      vertex 42.908883594599914 13.214017867091995 11.6
      vertex 42.775203265468896 13.3835905561957 0
      vertex 42.775203265468896 13.3835905561957 11.6
    endloop
  endfacet
  facet normal 0.734322509435685 0.6788007455329422 0
    outer loop
      vertex 43.05545635173699 13.055456351736995 11.6
      vertex 42.908883594599914 13.214017867091995 0
      vertex 42.908883594599914 13.214017867091995 11.6
    endloop
  endfacet
  facet normal 0.831469612302538 0.5555702330196132 0
    outer loop
      vertex 42.655239548026245 13.56312894703114 11.6
      vertex 42.775203265468896 13.3835905561957 11.6
      vertex 42.655239548026245 13.56312894703114 0
    endloop
  endfacet
  facet normal 0.8724960070727961 0.48862124149695685 0
    outer loop
      vertex 42.655239548026245 13.56312894703114 11.6
      vertex 42.549732058481986 13.751526125716246 0
      vertex 42.549732058481986 13.751526125716246 11.6
    endloop
  endfacet
  facet normal 0.9081431738250862 0.4186597375374174 0
    outer loop
      vertex 42.549732058481986 13.751526125716246 11.6
      vertex 42.45933128559396 13.947620560996004 0
      vertex 42.45933128559396 13.947620560996004 11.6
    endloop
  endfacet
  facet normal 0.9381913359224832 0.34611705707749596 0
    outer loop
      vertex 42.45933128559396 13.947620560996004 11.6
      vertex 42.38459458018833 14.150203265468894 0
      vertex 42.38459458018833 14.150203265468894 11.6
    endloop
  endfacet
  facet normal 0.3461170570774879 0.9381913359224859 0
    outer loop
      vertex 43.947620560996 12.459331285593962 11.6
      vertex 44.150203265468896 12.384594580188327 11.6
      vertex 43.947620560996 12.459331285593962 0
    endloop
  endfacet
  facet normal 0.2714404498650755 0.962455236453647 0
    outer loop
      vertex 44.150203265468896 12.384594580188327 11.6
      vertex 44.35802524939626 12.325982718906388 11.6
      vertex 44.150203265468896 12.384594580188327 0
    endloop
  endfacet
  facet normal 0.19509032201613202 0.9807852804032297 0
    outer loop
      vertex 44.35802524939626 12.325982718906388 11.6
      vertex 44.56980522113936 12.28385706336337 11.6
      vertex 44.35802524939626 12.325982718906388 0
    endloop
  endfacet
  facet normal 0.11753739745783426 0.9930684569549267 0
    outer loop
      vertex 44.56980522113936 12.28385706336337 11.6
      vertex 44.784237486748424 12.258477332233898 11.6
      vertex 44.56980522113936 12.28385706336337 0
    endloop
  endfacet
  facet normal 0.03925981575906894 0.9992290362407229 0
    outer loop
      vertex 44.784237486748424 12.258477332233898 11.6
      vertex 45 12.25 11.6
      vertex 44.784237486748424 12.258477332233898 0
    endloop
  endfacet
  facet normal -0.03925981575906894 0.9992290362407229 0
    outer loop
      vertex 45 12.25 11.6
      vertex 45.215762513251576 12.258477332233898 11.6
      vertex 45 12.25 0
    endloop
  endfacet
  facet normal -0.11753739745783426 0.9930684569549267 0
    outer loop
      vertex 45.215762513251576 12.258477332233898 11.6
      vertex 45.43019477886064 12.28385706336337 11.6
      vertex 45.215762513251576 12.258477332233898 0
    endloop
  endfacet
  facet normal 0.9624552364536464 0.2714404498650776 0
    outer loop
      vertex 42.38459458018833 14.150203265468894 11.6
      vertex 42.32598271890639 14.35802524939626 0
      vertex 42.32598271890639 14.35802524939626 11.6
    endloop
  endfacet
  facet normal 0.980785280403231 0.19509032201612572 0
    outer loop
      vertex 42.32598271890639 14.35802524939626 11.6
      vertex 42.28385706336337 14.569805221139365 0
      vertex 42.28385706336337 14.569805221139365 11.6
    endloop
  endfacet
  facet normal 0.9930684569549247 0.11753739745785145 0
    outer loop
      vertex 42.28385706336337 14.569805221139365 11.6
      vertex 42.258477332233895 14.784237486748426 0
      vertex 42.258477332233895 14.784237486748426 11.6
    endloop
  endfacet
  facet normal 0.9992290362407236 0.039259815759052845 0
    outer loop
      vertex 42.258477332233895 14.784237486748426 11.6
      vertex 42.25 15 0
      vertex 42.25 15 11.6
    endloop
  endfacet
  facet normal 0.9992290362407236 -0.039259815759052845 0
    outer loop
      vertex 42.25 15 11.6
      vertex 42.258477332233895 15.215762513251574 0
      vertex 42.258477332233895 15.215762513251574 11.6
    endloop
  endfacet
  facet normal 0.9930684569549247 -0.11753739745785145 0
    outer loop
      vertex 42.258477332233895 15.215762513251574 11.6
      vertex 42.28385706336337 15.430194778860635 0
      vertex 42.28385706336337 15.430194778860635 11.6
    endloop
  endfacet
  facet normal 0.980785280403231 -0.19509032201612572 0
    outer loop
      vertex 42.28385706336337 15.430194778860635 11.6
      vertex 42.32598271890639 15.64197475060374 0
      vertex 42.32598271890639 15.64197475060374 11.6
    endloop
  endfacet
  facet normal 0.9624552364536464 -0.2714404498650776 0
    outer loop
      vertex 42.32598271890639 15.64197475060374 11.6
      vertex 42.38459458018833 15.849796734531106 0
      vertex 42.38459458018833 15.849796734531106 11.6
    endloop
  endfacet
  facet normal 0.9381913359224832 -0.34611705707749596 0
    outer loop
      vertex 42.38459458018833 15.849796734531106 11.6
      vertex 42.45933128559396 16.052379439003996 0
      vertex 42.45933128559396 16.052379439003996 11.6
    endloop
  endfacet
  facet normal 0.9081431738250862 -0.4186597375374174 0
    outer loop
      vertex 42.45933128559396 16.052379439003996 11.6
      vertex 42.549732058481986 16.248473874283754 0
      vertex 42.549732058481986 16.248473874283754 11.6
    endloop
  endfacet
  facet normal 0.8724960070727942 -0.4886212414969604 0
    outer loop
      vertex 42.549732058481986 16.248473874283754 11.6
      vertex 42.655239548026245 16.436871052968858 0
      vertex 42.655239548026245 16.436871052968858 11.6
    endloop
  endfacet
  facet normal 0.8314696123025406 -0.5555702330196094 0
    outer loop
      vertex 42.655239548026245 16.436871052968858 11.6
      vertex 42.775203265468896 16.6164094438043 0
      vertex 42.775203265468896 16.6164094438043 11.6
    endloop
  endfacet
  facet normal 0.7853169308807487 -0.6190939493098291 0
    outer loop
      vertex 42.775203265468896 16.6164094438043 11.6
      vertex 42.908883594599914 16.785982132908003 0
      vertex 42.908883594599914 16.785982132908003 11.6
    endloop
  endfacet
  facet normal 0.7343225094356925 -0.678800745532934 0
    outer loop
      vertex 42.908883594599914 16.785982132908003 11.6
      vertex 43.05545635173699 16.944543648263007 0
      vertex 43.05545635173699 16.944543648263007 11.6
    endloop
  endfacet
  facet normal 0.678800745532934 -0.7343225094356925 0
    outer loop
      vertex 43.05545635173699 16.944543648263007 11.6
      vertex 43.214017867092 17.091116405400086 0
      vertex 43.214017867092 17.091116405400086 11.6
    endloop
  endfacet
  facet normal 0.6190939493098291 -0.7853169308807487 0
    outer loop
      vertex 43.214017867092 17.091116405400086 11.6
      vertex 43.3835905561957 17.224796734531104 0
      vertex 43.3835905561957 17.224796734531104 11.6
    endloop
  endfacet
  facet normal 0.5555702330196169 -0.8314696123025355 0
    outer loop
      vertex 43.3835905561957 17.224796734531104 11.6
      vertex 43.56312894703114 17.344760451973755 0
      vertex 43.56312894703114 17.344760451973755 11.6
    endloop
  endfacet
  facet normal 0.4886212414969408 -0.8724960070728051 0
    outer loop
      vertex 43.56312894703114 17.344760451973755 11.6
      vertex 43.751526125716246 17.45026794151801 0
      vertex 43.751526125716246 17.45026794151801 11.6
    endloop
  endfacet
  facet normal 0.41865973753743724 -0.908143173825077 0
    outer loop
      vertex 43.751526125716246 17.45026794151801 11.6
      vertex 43.947620560996 17.54066871440604 0
      vertex 43.947620560996 17.54066871440604 11.6
    endloop
  endfacet
  facet normal 0.3461170570774879 -0.9381913359224859 0
    outer loop
      vertex 43.947620560996 17.54066871440604 11.6
      vertex 44.150203265468896 17.615405419811673 0
      vertex 44.150203265468896 17.615405419811673 11.6
    endloop
  endfacet
  facet normal 0.2714404498650755 -0.962455236453647 0
    outer loop
      vertex 44.150203265468896 17.615405419811673 11.6
      vertex 44.35802524939626 17.67401728109361 0
      vertex 44.35802524939626 17.67401728109361 11.6
    endloop
  endfacet
  facet normal 0.19509032201613202 -0.9807852804032297 0
    outer loop
      vertex 44.35802524939626 17.67401728109361 11.6
      vertex 44.56980522113936 17.71614293663663 0
      vertex 44.56980522113936 17.71614293663663 11.6
    endloop
  endfacet
  facet normal 0.11753739745783426 -0.9930684569549267 0
    outer loop
      vertex 44.56980522113936 17.71614293663663 11.6
      vertex 44.784237486748424 17.7415226677661 0
      vertex 44.784237486748424 17.7415226677661 11.6
    endloop
  endfacet
  facet normal 0.03925981575906894 -0.9992290362407229 0
    outer loop
      vertex 44.784237486748424 17.7415226677661 11.6
      vertex 45 17.75 0
      vertex 45 17.75 11.6
    endloop
  endfacet
  facet normal -0.03925981575906894 -0.9992290362407229 0
    outer loop
      vertex 45 17.75 11.6
      vertex 45.215762513251576 17.7415226677661 0
      vertex 45.215762513251576 17.7415226677661 11.6
    endloop
  endfacet
  facet normal -0.11753739745783426 -0.9930684569549267 0
    outer loop
      vertex 45.215762513251576 17.7415226677661 11.6
      vertex 45.43019477886064 17.71614293663663 0
      vertex 45.43019477886064 17.71614293663663 11.6
    endloop
  endfacet
  facet normal -0.19509032201613202 0.9807852804032297 0
    outer loop
      vertex 45.43019477886064 12.28385706336337 11.6
      vertex 45.64197475060374 12.325982718906388 11.6
      vertex 45.43019477886064 12.28385706336337 0
    endloop
  endfacet
  facet normal -0.2714404498650755 0.962455236453647 0
    outer loop
      vertex 45.64197475060374 12.325982718906388 11.6
      vertex 45.849796734531104 12.384594580188327 11.6
      vertex 45.64197475060374 12.325982718906388 0
    endloop
  endfacet
  facet normal -0.3461170570774879 0.9381913359224859 0
    outer loop
      vertex 45.849796734531104 12.384594580188327 11.6
      vertex 46.052379439004 12.459331285593962 11.6
      vertex 45.849796734531104 12.384594580188327 0
    endloop
  endfacet
  facet normal -0.41865973753743047 0.9081431738250803 0
    outer loop
      vertex 46.052379439004 12.459331285593962 11.6
      vertex 46.248473874283754 12.549732058481988 11.6
      vertex 46.052379439004 12.459331285593962 0
    endloop
  endfacet
  facet normal -0.4886212414969533 0.872496007072798 0
    outer loop
      vertex 46.248473874283754 12.549732058481988 11.6
      vertex 46.43687105296886 12.655239548026247 11.6
      vertex 46.248473874283754 12.549732058481988 0
    endloop
  endfacet
  facet normal -0.5555702330196056 0.8314696123025429 0
    outer loop
      vertex 46.43687105296886 12.655239548026247 11.6
      vertex 46.6164094438043 12.775203265468894 11.6
      vertex 46.43687105296886 12.655239548026247 0
    endloop
  endfacet
  facet normal -0.6190939493098393 0.7853169308807408 0
    outer loop
      vertex 46.6164094438043 12.775203265468894 11.6
      vertex 46.785982132908 12.908883594599915 11.6
      vertex 46.6164094438043 12.775203265468894 0
    endloop
  endfacet
  facet normal -0.678800745532934 0.7343225094356925 0
    outer loop
      vertex 46.785982132908 12.908883594599915 11.6
      vertex 46.94454364826301 13.055456351736995 11.6
      vertex 46.785982132908 12.908883594599915 0
    endloop
  endfacet
  facet normal -0.734322509435685 0.6788007455329422 0
    outer loop
      vertex 46.94454364826301 13.055456351736995 11.6
      vertex 47.091116405400086 13.214017867091995 11.6
      vertex 46.94454364826301 13.055456351736995 0
    endloop
  endfacet
  facet normal -0.7853169308807519 0.6190939493098251 0
    outer loop
      vertex 47.091116405400086 13.214017867091995 11.6
      vertex 47.224796734531104 13.3835905561957 11.6
      vertex 47.091116405400086 13.214017867091995 0
    endloop
  endfacet
  facet normal -0.831469612302538 0.5555702330196132 0
    outer loop
      vertex 47.224796734531104 13.3835905561957 11.6
      vertex 47.344760451973755 13.56312894703114 11.6
      vertex 47.224796734531104 13.3835905561957 0
    endloop
  endfacet
  facet normal -0.8724960070727961 0.48862124149695685 0
    outer loop
      vertex 47.344760451973755 13.56312894703114 11.6
      vertex 47.450267941518014 13.751526125716246 11.6
      vertex 47.344760451973755 13.56312894703114 0
    endloop
  endfacet
  facet normal -0.9081431738250862 0.4186597375374174 0
    outer loop
      vertex 47.450267941518014 13.751526125716246 11.6
      vertex 47.54066871440604 13.947620560996004 11.6
      vertex 47.450267941518014 13.751526125716246 0
    endloop
  endfacet
  facet normal -0.9381913359224832 0.34611705707749596 0
    outer loop
      vertex 47.54066871440604 13.947620560996004 11.6
      vertex 47.61540541981167 14.150203265468894 11.6
      vertex 47.54066871440604 13.947620560996004 0
    endloop
  endfacet
  facet normal -0.9624552364536464 0.2714404498650776 0
    outer loop
      vertex 47.61540541981167 14.150203265468894 11.6
      vertex 47.67401728109361 14.35802524939626 11.6
      vertex 47.61540541981167 14.150203265468894 0
    endloop
  endfacet
  facet normal -0.980785280403231 0.19509032201612572 0
    outer loop
      vertex 47.67401728109361 14.35802524939626 11.6
      vertex 47.71614293663663 14.569805221139365 11.6
      vertex 47.67401728109361 14.35802524939626 0
    endloop
  endfacet
  facet normal -0.9930684569549247 0.11753739745785145 0
    outer loop
      vertex 47.71614293663663 14.569805221139365 11.6
      vertex 47.741522667766105 14.784237486748426 11.6
      vertex 47.71614293663663 14.569805221139365 0
    endloop
  endfacet
  facet normal -0.9992290362407236 0.039259815759052845 0
    outer loop
      vertex 47.741522667766105 14.784237486748426 11.6
      vertex 47.75 15 11.6
      vertex 47.741522667766105 14.784237486748426 0
    endloop
  endfacet
  facet normal -0.9992290362407236 -0.039259815759052845 0
    outer loop
      vertex 47.75 15 11.6
      vertex 47.741522667766105 15.215762513251574 11.6
      vertex 47.75 15 0
    endloop
  endfacet
  facet normal -0.9930684569549247 -0.11753739745785145 0
    outer loop
      vertex 47.71614293663663 15.430194778860635 11.6
      vertex 47.741522667766105 15.215762513251574 0
      vertex 47.741522667766105 15.215762513251574 11.6
    endloop
  endfacet
  facet normal -0.980785280403231 -0.19509032201612572 0
    outer loop
      vertex 47.71614293663663 15.430194778860635 11.6
      vertex 47.67401728109361 15.64197475060374 11.6
      vertex 47.71614293663663 15.430194778860635 0
    endloop
  endfacet
  facet normal -0.9624552364536464 -0.2714404498650776 0
    outer loop
      vertex 47.67401728109361 15.64197475060374 11.6
      vertex 47.61540541981167 15.849796734531106 11.6
      vertex 47.67401728109361 15.64197475060374 0
    endloop
  endfacet
  facet normal -0.9381913359224832 -0.34611705707749596 0
    outer loop
      vertex 47.61540541981167 15.849796734531106 11.6
      vertex 47.54066871440604 16.052379439003996 11.6
      vertex 47.61540541981167 15.849796734531106 0
    endloop
  endfacet
  facet normal -0.9081431738250862 -0.4186597375374174 0
    outer loop
      vertex 47.450267941518014 16.248473874283754 11.6
      vertex 47.54066871440604 16.052379439003996 0
      vertex 47.54066871440604 16.052379439003996 11.6
    endloop
  endfacet
  facet normal -0.8724960070727942 -0.4886212414969604 0
    outer loop
      vertex 47.450267941518014 16.248473874283754 11.6
      vertex 47.344760451973755 16.436871052968858 11.6
      vertex 47.450267941518014 16.248473874283754 0
    endloop
  endfacet
  facet normal -0.8314696123025406 -0.5555702330196094 0
    outer loop
      vertex 47.224796734531104 16.6164094438043 11.6
      vertex 47.344760451973755 16.436871052968858 0
      vertex 47.344760451973755 16.436871052968858 11.6
    endloop
  endfacet
  facet normal -0.19509032201613202 -0.9807852804032297 0
    outer loop
      vertex 45.43019477886064 17.71614293663663 11.6
      vertex 45.64197475060374 17.67401728109361 0
      vertex 45.64197475060374 17.67401728109361 11.6
    endloop
  endfacet
  facet normal -0.2714404498650755 -0.962455236453647 0
    outer loop
      vertex 45.64197475060374 17.67401728109361 11.6
      vertex 45.849796734531104 17.615405419811673 0
      vertex 45.849796734531104 17.615405419811673 11.6
    endloop
  endfacet
  facet normal -0.41865973753743724 -0.908143173825077 0
    outer loop
      vertex 46.248473874283754 17.45026794151801 11.6
      vertex 46.052379439004 17.54066871440604 11.6
      vertex 46.248473874283754 17.45026794151801 0
    endloop
  endfacet
  facet normal -0.3461170570774879 -0.9381913359224859 0
    outer loop
      vertex 45.849796734531104 17.615405419811673 11.6
      vertex 46.052379439004 17.54066871440604 0
      vertex 46.052379439004 17.54066871440604 11.6
    endloop
  endfacet
  facet normal -0.7343225094356925 -0.678800745532934 0
    outer loop
      vertex 47.091116405400086 16.785982132908003 11.6
      vertex 46.94454364826301 16.944543648263007 11.6
      vertex 47.091116405400086 16.785982132908003 0
    endloop
  endfacet
  facet normal -0.678800745532934 -0.7343225094356925 0
    outer loop
      vertex 46.785982132908 17.091116405400086 11.6
      vertex 46.94454364826301 16.944543648263007 0
      vertex 46.94454364826301 16.944543648263007 11.6
    endloop
  endfacet
  facet normal -0.6190939493098291 -0.7853169308807487 0
    outer loop
      vertex 46.785982132908 17.091116405400086 11.6
      vertex 46.6164094438043 17.224796734531104 11.6
      vertex 46.785982132908 17.091116405400086 0
    endloop
  endfacet
  facet normal -0.4886212414969408 -0.8724960070728051 0
    outer loop
      vertex 46.248473874283754 17.45026794151801 11.6
      vertex 46.43687105296886 17.344760451973755 0
      vertex 46.43687105296886 17.344760451973755 11.6
    endloop
  endfacet
  facet normal -0.5555702330196169 -0.8314696123025355 0
    outer loop
      vertex 46.43687105296886 17.344760451973755 11.6
      vertex 46.6164094438043 17.224796734531104 0
      vertex 46.6164094438043 17.224796734531104 11.6
    endloop
  endfacet
  facet normal -0.7853169308807487 -0.6190939493098291 0
    outer loop
      vertex 47.224796734531104 16.6164094438043 11.6
      vertex 47.091116405400086 16.785982132908003 11.6
      vertex 47.224796734531104 16.6164094438043 0
    endloop
  endfacet
  facet normal 0.678800745532934 0.7343225094356925 0
    outer loop
      vertex 43.214017867092 12.908883594599915 11.6
      vertex 43.214017867092 12.908883594599915 0
      vertex 43.05545635173699 13.055456351736995 0
    endloop
  endfacet
  facet normal 0.6190939493098393 0.7853169308807408 0
    outer loop
      vertex 43.3835905561957 12.775203265468894 11.6
      vertex 43.3835905561957 12.775203265468894 0
      vertex 43.214017867092 12.908883594599915 0
    endloop
  endfacet
  facet normal 0.5555702330196056 0.8314696123025429 0
    outer loop
      vertex 43.56312894703114 12.655239548026247 11.6
      vertex 43.56312894703114 12.655239548026247 0
      vertex 43.3835905561957 12.775203265468894 0
    endloop
  endfacet
  facet normal 0.4886212414969533 0.872496007072798 0
    outer loop
      vertex 43.751526125716246 12.549732058481988 11.6
      vertex 43.751526125716246 12.549732058481988 0
      vertex 43.56312894703114 12.655239548026247 0
    endloop
  endfacet
  facet normal 0.8724960070727961 0.48862124149695685 0
    outer loop
      vertex 42.655239548026245 13.56312894703114 11.6
      vertex 42.655239548026245 13.56312894703114 0
      vertex 42.549732058481986 13.751526125716246 0
    endloop
  endfacet
  facet normal 0.734322509435685 0.6788007455329422 0
    outer loop
      vertex 43.05545635173699 13.055456351736995 11.6
      vertex 43.05545635173699 13.055456351736995 0
      vertex 42.908883594599914 13.214017867091995 0
    endloop
  endfacet
  facet normal 0.7853169308807519 0.6190939493098251 0
    outer loop
      vertex 42.908883594599914 13.214017867091995 11.6
      vertex 42.908883594599914 13.214017867091995 0
      vertex 42.775203265468896 13.3835905561957 0
    endloop
  endfacet
  facet normal 0.831469612302538 0.5555702330196132 0
    outer loop
      vertex 42.775203265468896 13.3835905561957 11.6
      vertex 42.775203265468896 13.3835905561957 0
      vertex 42.655239548026245 13.56312894703114 0
    endloop
  endfacet
  facet normal 0.9081431738250862 0.4186597375374174 0
    outer loop
      vertex 42.549732058481986 13.751526125716246 11.6
      vertex 42.549732058481986 13.751526125716246 0
      vertex 42.45933128559396 13.947620560996004 0
    endloop
  endfacet
  facet normal 0.9381913359224832 0.34611705707749596 0
    outer loop
      vertex 42.45933128559396 13.947620560996004 11.6
      vertex 42.45933128559396 13.947620560996004 0
      vertex 42.38459458018833 14.150203265468894 0
    endloop
  endfacet
  facet normal 0.9624552364536464 0.2714404498650776 0
    outer loop
      vertex 42.38459458018833 14.150203265468894 11.6
      vertex 42.38459458018833 14.150203265468894 0
      vertex 42.32598271890639 14.35802524939626 0
    endloop
  endfacet
  facet normal 0.3461170570774879 0.9381913359224859 0
    outer loop
      vertex 44.150203265468896 12.384594580188327 11.6
      vertex 44.150203265468896 12.384594580188327 0
      vertex 43.947620560996 12.459331285593962 0
    endloop
  endfacet
  facet normal 0.2714404498650755 0.962455236453647 0
    outer loop
      vertex 44.35802524939626 12.325982718906388 11.6
      vertex 44.35802524939626 12.325982718906388 0
      vertex 44.150203265468896 12.384594580188327 0
    endloop
  endfacet
  facet normal 0.19509032201613202 0.9807852804032297 0
    outer loop
      vertex 44.56980522113936 12.28385706336337 11.6
      vertex 44.56980522113936 12.28385706336337 0
      vertex 44.35802524939626 12.325982718906388 0
    endloop
  endfacet
  facet normal 0.41865973753743047 0.9081431738250803 0
    outer loop
      vertex 43.947620560996 12.459331285593962 11.6
      vertex 43.947620560996 12.459331285593962 0
      vertex 43.751526125716246 12.549732058481988 0
    endloop
  endfacet
  facet normal 0.11753739745783426 0.9930684569549267 0
    outer loop
      vertex 44.784237486748424 12.258477332233898 11.6
      vertex 44.784237486748424 12.258477332233898 0
      vertex 44.56980522113936 12.28385706336337 0
    endloop
  endfacet
  facet normal 0.03925981575906894 0.9992290362407229 0
    outer loop
      vertex 45 12.25 11.6
      vertex 45 12.25 0
      vertex 44.784237486748424 12.258477332233898 0
    endloop
  endfacet
  facet normal -0.03925981575906894 0.9992290362407229 0
    outer loop
      vertex 45.215762513251576 12.258477332233898 11.6
      vertex 45.215762513251576 12.258477332233898 0
      vertex 45 12.25 0
    endloop
  endfacet
  facet normal -0.11753739745783426 0.9930684569549267 0
    outer loop
      vertex 45.43019477886064 12.28385706336337 11.6
      vertex 45.43019477886064 12.28385706336337 0
      vertex 45.215762513251576 12.258477332233898 0
    endloop
  endfacet
  facet normal 0.980785280403231 0.19509032201612572 0
    outer loop
      vertex 42.32598271890639 14.35802524939626 11.6
      vertex 42.32598271890639 14.35802524939626 0
      vertex 42.28385706336337 14.569805221139365 0
    endloop
  endfacet
  facet normal 0.9930684569549247 0.11753739745785145 0
    outer loop
      vertex 42.28385706336337 14.569805221139365 11.6
      vertex 42.28385706336337 14.569805221139365 0
      vertex 42.258477332233895 14.784237486748426 0
    endloop
  endfacet
  facet normal 0.9992290362407236 0.039259815759052845 0
    outer loop
      vertex 42.258477332233895 14.784237486748426 11.6
      vertex 42.258477332233895 14.784237486748426 0
      vertex 42.25 15 0
    endloop
  endfacet
  facet normal 0.9992290362407236 -0.039259815759052845 0
    outer loop
      vertex 42.25 15 11.6
      vertex 42.25 15 0
      vertex 42.258477332233895 15.215762513251574 0
    endloop
  endfacet
  facet normal 0.9930684569549247 -0.11753739745785145 0
    outer loop
      vertex 42.258477332233895 15.215762513251574 11.6
      vertex 42.258477332233895 15.215762513251574 0
      vertex 42.28385706336337 15.430194778860635 0
    endloop
  endfacet
  facet normal 0.980785280403231 -0.19509032201612572 0
    outer loop
      vertex 42.28385706336337 15.430194778860635 11.6
      vertex 42.28385706336337 15.430194778860635 0
      vertex 42.32598271890639 15.64197475060374 0
    endloop
  endfacet
  facet normal 0.9624552364536464 -0.2714404498650776 0
    outer loop
      vertex 42.32598271890639 15.64197475060374 11.6
      vertex 42.32598271890639 15.64197475060374 0
      vertex 42.38459458018833 15.849796734531106 0
    endloop
  endfacet
  facet normal 0.9381913359224832 -0.34611705707749596 0
    outer loop
      vertex 42.38459458018833 15.849796734531106 11.6
      vertex 42.38459458018833 15.849796734531106 0
      vertex 42.45933128559396 16.052379439003996 0
    endloop
  endfacet
  facet normal 0.9081431738250862 -0.4186597375374174 0
    outer loop
      vertex 42.45933128559396 16.052379439003996 11.6
      vertex 42.45933128559396 16.052379439003996 0
      vertex 42.549732058481986 16.248473874283754 0
    endloop
  endfacet
  facet normal 0.8724960070727942 -0.4886212414969604 0
    outer loop
      vertex 42.549732058481986 16.248473874283754 11.6
      vertex 42.549732058481986 16.248473874283754 0
      vertex 42.655239548026245 16.436871052968858 0
    endloop
  endfacet
  facet normal 0.8314696123025406 -0.5555702330196094 0
    outer loop
      vertex 42.655239548026245 16.436871052968858 11.6
      vertex 42.655239548026245 16.436871052968858 0
      vertex 42.775203265468896 16.6164094438043 0
    endloop
  endfacet
  facet normal 0.7853169308807487 -0.6190939493098291 0
    outer loop
      vertex 42.775203265468896 16.6164094438043 11.6
      vertex 42.775203265468896 16.6164094438043 0
      vertex 42.908883594599914 16.785982132908003 0
    endloop
  endfacet
  facet normal 0.7343225094356925 -0.678800745532934 0
    outer loop
      vertex 42.908883594599914 16.785982132908003 11.6
      vertex 42.908883594599914 16.785982132908003 0
      vertex 43.05545635173699 16.944543648263007 0
    endloop
  endfacet
  facet normal 0.678800745532934 -0.7343225094356925 0
    outer loop
      vertex 43.05545635173699 16.944543648263007 11.6
      vertex 43.05545635173699 16.944543648263007 0
      vertex 43.214017867092 17.091116405400086 0
    endloop
  endfacet
  facet normal 0.6190939493098291 -0.7853169308807487 0
    outer loop
      vertex 43.214017867092 17.091116405400086 11.6
      vertex 43.214017867092 17.091116405400086 0
      vertex 43.3835905561957 17.224796734531104 0
    endloop
  endfacet
  facet normal 0.5555702330196169 -0.8314696123025355 0
    outer loop
      vertex 43.3835905561957 17.224796734531104 11.6
      vertex 43.3835905561957 17.224796734531104 0
      vertex 43.56312894703114 17.344760451973755 0
    endloop
  endfacet
  facet normal 0.4886212414969408 -0.8724960070728051 0
    outer loop
      vertex 43.56312894703114 17.344760451973755 11.6
      vertex 43.56312894703114 17.344760451973755 0
      vertex 43.751526125716246 17.45026794151801 0
    endloop
  endfacet
  facet normal 0.41865973753743724 -0.908143173825077 0
    outer loop
      vertex 43.751526125716246 17.45026794151801 11.6
      vertex 43.751526125716246 17.45026794151801 0
      vertex 43.947620560996 17.54066871440604 0
    endloop
  endfacet
  facet normal 0.3461170570774879 -0.9381913359224859 0
    outer loop
      vertex 43.947620560996 17.54066871440604 11.6
      vertex 43.947620560996 17.54066871440604 0
      vertex 44.150203265468896 17.615405419811673 0
    endloop
  endfacet
  facet normal 0.2714404498650755 -0.962455236453647 0
    outer loop
      vertex 44.150203265468896 17.615405419811673 11.6
      vertex 44.150203265468896 17.615405419811673 0
      vertex 44.35802524939626 17.67401728109361 0
    endloop
  endfacet
  facet normal 0.19509032201613202 -0.9807852804032297 0
    outer loop
      vertex 44.35802524939626 17.67401728109361 11.6
      vertex 44.35802524939626 17.67401728109361 0
      vertex 44.56980522113936 17.71614293663663 0
    endloop
  endfacet
  facet normal 0.11753739745783426 -0.9930684569549267 0
    outer loop
      vertex 44.56980522113936 17.71614293663663 11.6
      vertex 44.56980522113936 17.71614293663663 0
      vertex 44.784237486748424 17.7415226677661 0
    endloop
  endfacet
  facet normal 0.03925981575906894 -0.9992290362407229 0
    outer loop
      vertex 44.784237486748424 17.7415226677661 11.6
      vertex 44.784237486748424 17.7415226677661 0
      vertex 45 17.75 0
    endloop
  endfacet
  facet normal -0.03925981575906894 -0.9992290362407229 0
    outer loop
      vertex 45 17.75 11.6
      vertex 45 17.75 0
      vertex 45.215762513251576 17.7415226677661 0
    endloop
  endfacet
  facet normal -0.11753739745783426 -0.9930684569549267 0
    outer loop
      vertex 45.215762513251576 17.7415226677661 11.6
      vertex 45.215762513251576 17.7415226677661 0
      vertex 45.43019477886064 17.71614293663663 0
    endloop
  endfacet
  facet normal -0.19509032201613202 0.9807852804032297 0
    outer loop
      vertex 45.64197475060374 12.325982718906388 11.6
      vertex 45.64197475060374 12.325982718906388 0
      vertex 45.43019477886064 12.28385706336337 0
    endloop
  endfacet
  facet normal -0.2714404498650755 0.962455236453647 0
    outer loop
      vertex 45.849796734531104 12.384594580188327 11.6
      vertex 45.849796734531104 12.384594580188327 0
      vertex 45.64197475060374 12.325982718906388 0
    endloop
  endfacet
  facet normal -0.3461170570774879 0.9381913359224859 0
    outer loop
      vertex 46.052379439004 12.459331285593962 11.6
      vertex 46.052379439004 12.459331285593962 0
      vertex 45.849796734531104 12.384594580188327 0
    endloop
  endfacet
  facet normal -0.41865973753743047 0.9081431738250803 0
    outer loop
      vertex 46.248473874283754 12.549732058481988 11.6
      vertex 46.248473874283754 12.549732058481988 0
      vertex 46.052379439004 12.459331285593962 0
    endloop
  endfacet
  facet normal -0.4886212414969533 0.872496007072798 0
    outer loop
      vertex 46.43687105296886 12.655239548026247 11.6
      vertex 46.43687105296886 12.655239548026247 0
      vertex 46.248473874283754 12.549732058481988 0
    endloop
  endfacet
  facet normal -0.5555702330196056 0.8314696123025429 0
    outer loop
      vertex 46.6164094438043 12.775203265468894 11.6
      vertex 46.6164094438043 12.775203265468894 0
      vertex 46.43687105296886 12.655239548026247 0
    endloop
  endfacet
  facet normal -0.6190939493098393 0.7853169308807408 0
    outer loop
      vertex 46.785982132908 12.908883594599915 11.6
      vertex 46.785982132908 12.908883594599915 0
      vertex 46.6164094438043 12.775203265468894 0
    endloop
  endfacet
  facet normal -0.678800745532934 0.7343225094356925 0
    outer loop
      vertex 46.94454364826301 13.055456351736995 11.6
      vertex 46.94454364826301 13.055456351736995 0
      vertex 46.785982132908 12.908883594599915 0
    endloop
  endfacet
  facet normal -0.734322509435685 0.6788007455329422 0
    outer loop
      vertex 47.091116405400086 13.214017867091995 11.6
      vertex 47.091116405400086 13.214017867091995 0
      vertex 46.94454364826301 13.055456351736995 0
    endloop
  endfacet
  facet normal -0.7853169308807519 0.6190939493098251 0
    outer loop
      vertex 47.224796734531104 13.3835905561957 11.6
      vertex 47.224796734531104 13.3835905561957 0
      vertex 47.091116405400086 13.214017867091995 0
    endloop
  endfacet
  facet normal -0.831469612302538 0.5555702330196132 0
    outer loop
      vertex 47.344760451973755 13.56312894703114 11.6
      vertex 47.344760451973755 13.56312894703114 0
      vertex 47.224796734531104 13.3835905561957 0
    endloop
  endfacet
  facet normal -0.8724960070727961 0.48862124149695685 0
    outer loop
      vertex 47.450267941518014 13.751526125716246 11.6
      vertex 47.450267941518014 13.751526125716246 0
      vertex 47.344760451973755 13.56312894703114 0
    endloop
  endfacet
  facet normal -0.9081431738250862 0.4186597375374174 0
    outer loop
      vertex 47.54066871440604 13.947620560996004 11.6
      vertex 47.54066871440604 13.947620560996004 0
      vertex 47.450267941518014 13.751526125716246 0
    endloop
  endfacet
  facet normal -0.9381913359224832 0.34611705707749596 0
    outer loop
      vertex 47.61540541981167 14.150203265468894 11.6
      vertex 47.61540541981167 14.150203265468894 0
      vertex 47.54066871440604 13.947620560996004 0
    endloop
  endfacet
  facet normal -0.9624552364536464 0.2714404498650776 0
    outer loop
      vertex 47.67401728109361 14.35802524939626 11.6
      vertex 47.67401728109361 14.35802524939626 0
      vertex 47.61540541981167 14.150203265468894 0
    endloop
  endfacet
  facet normal -0.980785280403231 0.19509032201612572 0
    outer loop
      vertex 47.71614293663663 14.569805221139365 11.6
      vertex 47.71614293663663 14.569805221139365 0
      vertex 47.67401728109361 14.35802524939626 0
    endloop
  endfacet
  facet normal -0.9930684569549247 0.11753739745785145 0
    outer loop
      vertex 47.741522667766105 14.784237486748426 11.6
      vertex 47.741522667766105 14.784237486748426 0
      vertex 47.71614293663663 14.569805221139365 0
    endloop
  endfacet
  facet normal -0.9992290362407236 0.039259815759052845 0
    outer loop
      vertex 47.75 15 11.6
      vertex 47.75 15 0
      vertex 47.741522667766105 14.784237486748426 0
    endloop
  endfacet
  facet normal -0.9930684569549247 -0.11753739745785145 0
    outer loop
      vertex 47.71614293663663 15.430194778860635 11.6
      vertex 47.71614293663663 15.430194778860635 0
      vertex 47.741522667766105 15.215762513251574 0
    endloop
  endfacet
  facet normal -0.9992290362407236 -0.039259815759052845 0
    outer loop
      vertex 47.741522667766105 15.215762513251574 11.6
      vertex 47.741522667766105 15.215762513251574 0
      vertex 47.75 15 0
    endloop
  endfacet
  facet normal -0.980785280403231 -0.19509032201612572 0
    outer loop
      vertex 47.67401728109361 15.64197475060374 11.6
      vertex 47.67401728109361 15.64197475060374 0
      vertex 47.71614293663663 15.430194778860635 0
    endloop
  endfacet
  facet normal -0.9624552364536464 -0.2714404498650776 0
    outer loop
      vertex 47.61540541981167 15.849796734531106 11.6
      vertex 47.61540541981167 15.849796734531106 0
      vertex 47.67401728109361 15.64197475060374 0
    endloop
  endfacet
  facet normal -0.9381913359224832 -0.34611705707749596 0
    outer loop
      vertex 47.54066871440604 16.052379439003996 11.6
      vertex 47.54066871440604 16.052379439003996 0
      vertex 47.61540541981167 15.849796734531106 0
    endloop
  endfacet
  facet normal -0.9081431738250862 -0.4186597375374174 0
    outer loop
      vertex 47.450267941518014 16.248473874283754 11.6
      vertex 47.450267941518014 16.248473874283754 0
      vertex 47.54066871440604 16.052379439003996 0
    endloop
  endfacet
  facet normal -0.8314696123025406 -0.5555702330196094 0
    outer loop
      vertex 47.224796734531104 16.6164094438043 11.6
      vertex 47.224796734531104 16.6164094438043 0
      vertex 47.344760451973755 16.436871052968858 0
    endloop
  endfacet
  facet normal -0.8724960070727942 -0.4886212414969604 0
    outer loop
      vertex 47.344760451973755 16.436871052968858 11.6
      vertex 47.344760451973755 16.436871052968858 0
      vertex 47.450267941518014 16.248473874283754 0
    endloop
  endfacet
  facet normal -0.19509032201613202 -0.9807852804032297 0
    outer loop
      vertex 45.43019477886064 17.71614293663663 11.6
      vertex 45.43019477886064 17.71614293663663 0
      vertex 45.64197475060374 17.67401728109361 0
    endloop
  endfacet
  facet normal -0.2714404498650755 -0.962455236453647 0
    outer loop
      vertex 45.64197475060374 17.67401728109361 11.6
      vertex 45.64197475060374 17.67401728109361 0
      vertex 45.849796734531104 17.615405419811673 0
    endloop
  endfacet
  facet normal -0.41865973753743724 -0.908143173825077 0
    outer loop
      vertex 46.052379439004 17.54066871440604 11.6
      vertex 46.052379439004 17.54066871440604 0
      vertex 46.248473874283754 17.45026794151801 0
    endloop
  endfacet
  facet normal -0.4886212414969408 -0.8724960070728051 0
    outer loop
      vertex 46.248473874283754 17.45026794151801 11.6
      vertex 46.248473874283754 17.45026794151801 0
      vertex 46.43687105296886 17.344760451973755 0
    endloop
  endfacet
  facet normal -0.3461170570774879 -0.9381913359224859 0
    outer loop
      vertex 45.849796734531104 17.615405419811673 11.6
      vertex 45.849796734531104 17.615405419811673 0
      vertex 46.052379439004 17.54066871440604 0
    endloop
  endfacet
  facet normal -0.6190939493098291 -0.7853169308807487 0
    outer loop
      vertex 46.6164094438043 17.224796734531104 11.6
      vertex 46.6164094438043 17.224796734531104 0
      vertex 46.785982132908 17.091116405400086 0
    endloop
  endfacet
  facet normal -0.7343225094356925 -0.678800745532934 0
    outer loop
      vertex 46.94454364826301 16.944543648263007 11.6
      vertex 46.94454364826301 16.944543648263007 0
      vertex 47.091116405400086 16.785982132908003 0
    endloop
  endfacet
  facet normal -0.678800745532934 -0.7343225094356925 0
    outer loop
      vertex 46.785982132908 17.091116405400086 11.6
      vertex 46.785982132908 17.091116405400086 0
      vertex 46.94454364826301 16.944543648263007 0
    endloop
  endfacet
  facet normal -0.5555702330196169 -0.8314696123025355 0
    outer loop
      vertex 46.43687105296886 17.344760451973755 11.6
      vertex 46.43687105296886 17.344760451973755 0
      vertex 46.6164094438043 17.224796734531104 0
    endloop
  endfacet
  facet normal -0.7853169308807487 -0.6190939493098291 0
    outer loop
      vertex 47.091116405400086 16.785982132908003 11.6
      vertex 47.091116405400086 16.785982132908003 0
      vertex 47.224796734531104 16.6164094438043 0
    endloop
  endfacet
  facet normal -1 0 0
    outer loop
      vertex 0 18.977471198804814 11.6
      vertex 0 30 11.6
      vertex 0 18.950753362380553 11.374262139839077
    endloop
  endfacet
  facet normal -1 0 0
    outer loop
      vertex 0 18.950753362380553 11.374262139839077
      vertex 0 30 11.6
      vertex 0 18.889479681590707 11.066218544576378
    endloop
  endfacet
  facet normal -1 0 0
    outer loop
      vertex 0 18.889479681590707 11.066218544576378
      vertex 0 30 11.6
      vertex 0 18.804226065180615 10.76393202250021
    endloop
  endfacet
  facet normal -1 0 0
    outer loop
      vertex 0 0 11.6
      vertex 0 11.022528801195186 11.6
      vertex 0 0 0
    endloop
  endfacet
  facet normal -1 0 0
    outer loop
      vertex 0 11.022528801195186 11.6
      vertex 0 11.049246637619449 11.374262139839077
      vertex 0 0 0
    endloop
  endfacet
  facet normal -1 0 0
    outer loop
      vertex 0 11.049246637619449 11.374262139839077
      vertex 0 11.110520318409293 11.066218544576378
      vertex 0 0 0
    endloop
  endfacet
  facet normal -1 0 0
    outer loop
      vertex 0 11.110520318409293 11.066218544576378
      vertex 0 11.195773934819385 10.76393202250021
      vertex 0 0 0
    endloop
  endfacet
  facet normal -1 0 0
    outer loop
      vertex 0 11.195773934819385 10.76393202250021
      vertex 0 11.304481869954852 10.469266270539642
      vertex 0 0 0
    endloop
  endfacet
  facet normal -1 0 0
    outer loop
      vertex 0 11.304481869954852 10.469266270539642
      vertex 0 11.435973903246529 10.184038001041813
      vertex 0 0 0
    endloop
  endfacet
  facet normal -1 0 0
    outer loop
      vertex 0 11.435973903246529 10.184038001041813
      vertex 0 11.589439342583631 9.910005741136205
      vertex 0 0 0
    endloop
  endfacet
  facet normal -1 0 0
    outer loop
      vertex 0 11.589439342583631 9.910005741136205
      vertex 0 11.76393202250021 9.648858990830107
      vertex 0 0 0
    endloop
  endfacet
  facet normal -1 0 0
    outer loop
      vertex 0 11.76393202250021 9.648858990830107
      vertex 0 11.958376137599876 9.402207806679264
      vertex 0 0 0
    endloop
  endfacet
  facet normal -1 0 0
    outer loop
      vertex 0 11.958376137599876 9.402207806679264
      vertex 0 12.17157287525381 9.17157287525381
      vertex 0 0 0
    endloop
  endfacet
  facet normal -1 0 0
    outer loop
      vertex 0 12.17157287525381 9.17157287525381
      vertex 0 12.402207806679264 8.958376137599876
      vertex 0 0 0
    endloop
  endfacet
  facet normal -1 0 0
    outer loop
      vertex 0 12.402207806679264 8.958376137599876
      vertex 0 12.648858990830107 8.76393202250021
      vertex 0 0 0
    endloop
  endfacet
  facet normal -1 0 0
    outer loop
      vertex 0 12.648858990830107 8.76393202250021
      vertex 0 12.910005741136205 8.589439342583631
      vertex 0 0 0
    endloop
  endfacet
  facet normal -1 0 0
    outer loop
      vertex 0 12.910005741136205 8.589439342583631
      vertex 0 13.184038001041813 8.435973903246529
      vertex 0 0 0
    endloop
  endfacet
  facet normal -1 0 0
    outer loop
      vertex 0 13.184038001041813 8.435973903246529
      vertex 0 13.469266270539642 8.304481869954852
      vertex 0 0 0
    endloop
  endfacet
  facet normal 0 -1 0
    outer loop
      vertex 0 0 11.6
      vertex 0 0 0
      vertex 26.866666666666667 0 11.6
    endloop
  endfacet
  facet normal 0 0 -1
    outer loop
      vertex 0 0 0
      vertex 9.055456351736995 3.555456351736994 0
      vertex 9.214017867091995 3.408883594599915 0
    endloop
  endfacet
  facet normal 0 0 -1
    outer loop
      vertex 0 0 0
      vertex 9.56312894703114 3.1552395480262465 0
      vertex 9.751526125716246 3.0497320584819883 0
    endloop
  endfacet
  facet normal 0 0 -1
    outer loop
      vertex 0 0 0
      vertex 9.214017867091995 3.408883594599915 0
      vertex 9.3835905561957 3.2752032654688943 0
    endloop
  endfacet
  facet normal 0 0 -1
    outer loop
      vertex 0 0 0
      vertex 9.3835905561957 3.2752032654688943 0
      vertex 9.56312894703114 3.1552395480262465 0
    endloop
  endfacet
  facet normal 0 0 -1
    outer loop
      vertex 0 0 0
      vertex 8.459331285593962 4.447620560996003 0
      vertex 8.549732058481988 4.251526125716246 0
    endloop
  endfacet
  facet normal 0 0 -1
    outer loop
      vertex 0 0 0
      vertex 8.384594580188327 4.650203265468894 0
      vertex 8.459331285593962 4.447620560996003 0
    endloop
  endfacet
  facet normal 0 0 -1
    outer loop
      vertex 0 0 0
      vertex 8.325982718906388 4.85802524939626 0
      vertex 8.384594580188327 4.650203265468894 0
    endloop
  endfacet
  facet normal 0 0 -1
    outer loop
      vertex 0 0 0
      vertex 8.28385706336337 5.069805221139365 0
      vertex 8.325982718906388 4.85802524939626 0
    endloop
  endfacet
  facet normal 0 0 -1
    outer loop
      vertex 0 0 0
      vertex 8.258477332233898 5.2842374867484265 0
      vertex 8.28385706336337 5.069805221139365 0
    endloop
  endfacet
  facet normal 0 0 -1
    outer loop
      vertex 0 0 0
      vertex 8.655239548026247 4.0631289470311405 0
      vertex 8.775203265468894 3.883590556195699 0
    endloop
  endfacet
  facet normal 0 0 -1
    outer loop
      vertex 0 0 0
      vertex 8.908883594599915 3.7140178670919948 0
      vertex 9.055456351736995 3.555456351736994 0
    endloop
  endfacet
  facet normal 0 0 -1
    outer loop
      vertex 0 0 0
      vertex 8.775203265468894 3.883590556195699 0
      vertex 8.908883594599915 3.7140178670919948 0
    endloop
  endfacet
  facet normal 0 0 -1
    outer loop
      vertex 0 0 0
      vertex 8.549732058481988 4.251526125716246 0
      vertex 8.655239548026247 4.0631289470311405 0
    endloop
  endfacet
  facet normal 0 0 -1
    outer loop
      vertex 0 0 0
      vertex 8.25 5.5 0
      vertex 8.258477332233898 5.2842374867484265 0
    endloop
  endfacet
  facet normal 0 0 -1
    outer loop
      vertex 0 0 0
      vertex 8.258477332233898 5.7157625132515735 0
      vertex 8.25 5.5 0
    endloop
  endfacet
  facet normal 0 0 -1
    outer loop
      vertex 0 0 0
      vertex 8.28385706336337 5.930194778860635 0
      vertex 8.258477332233898 5.7157625132515735 0
    endloop
  endfacet
  facet normal 0 0 -1
    outer loop
      vertex 0 0 0
      vertex 8.325982718906388 6.14197475060374 0
      vertex 8.28385706336337 5.930194778860635 0
    endloop
  endfacet
  facet normal 0 0 -1
    outer loop
      vertex 0 0 0
      vertex 8.384594580188327 6.349796734531106 0
      vertex 8.325982718906388 6.14197475060374 0
    endloop
  endfacet
  facet normal 0 0 -1
    outer loop
      vertex 0 0 0
      vertex 8.459331285593962 6.552379439003997 0
      vertex 8.384594580188327 6.349796734531106 0
    endloop
  endfacet
  facet normal 0 0 -1
    outer loop
      vertex 0 0 0
      vertex 8.549732058481988 6.748473874283754 0
      vertex 8.459331285593962 6.552379439003997 0
    endloop
  endfacet
  facet normal 0 0 -1
    outer loop
      vertex 0 0 0
      vertex 8.655239548026247 6.9368710529688595 0
      vertex 8.549732058481988 6.748473874283754 0
    endloop
  endfacet
  facet normal 0 0 -1
    outer loop
      vertex 0 0 0
      vertex 8.775203265468894 7.116409443804301 0
      vertex 8.655239548026247 6.9368710529688595 0
    endloop
  endfacet
  facet normal 0 0 -1
    outer loop
      vertex 0 0 0
      vertex 8.908883594599915 7.285982132908005 0
      vertex 8.775203265468894 7.116409443804301 0
    endloop
  endfacet
  facet normal 0 0 -1
    outer loop
      vertex 0 0 0
      vertex 9.751526125716246 3.0497320584819883 0
      vertex 9.947620560996004 2.9593312855939615 0
    endloop
  endfacet
  facet normal 0 0 -1
    outer loop
      vertex 0 0 0
      vertex 9.947620560996004 2.9593312855939615 0
      vertex 10.150203265468894 2.884594580188328 0
    endloop
  endfacet
  facet normal 0 0 -1
    outer loop
      vertex 0 0 0
      vertex 10.150203265468894 2.884594580188328 0
      vertex 10.35802524939626 2.8259827189063893 0
    endloop
  endfacet
  facet normal 0 0 -1
    outer loop
      vertex 0 0 0
      vertex 10.35802524939626 2.8259827189063893 0
      vertex 10.569805221139365 2.7838570633633712 0
    endloop
  endfacet
  facet normal 0 0 -1
    outer loop
      vertex 0 0 0
      vertex 10.569805221139365 2.7838570633633712 0
      vertex 10.784237486748426 2.7584773322338982 0
    endloop
  endfacet
  facet normal -1 0 0
    outer loop
      vertex 0 13.469266270539642 8.304481869954852
      vertex 0 30 0
      vertex 0 0 0
    endloop
  endfacet
  facet normal 0 0 -1
    outer loop
      vertex 0 0 0
      vertex 8.908883594599915 22.714017867091997 0
      vertex 8.908883594599915 7.285982132908005 0
    endloop
  endfacet
  facet normal 0 0 -1
    outer loop
      vertex 0 0 0
      vertex 0 30 0
      vertex 8.28385706336337 24.069805221139365 0
    endloop
  endfacet
  facet normal 0 0 -1
    outer loop
      vertex 0 0 0
      vertex 8.655239548026247 23.063128947031142 0
      vertex 8.775203265468894 22.8835905561957 0
    endloop
  endfacet
  facet normal 0 0 -1
    outer loop
      vertex 0 0 0
      vertex 8.775203265468894 22.8835905561957 0
      vertex 8.908883594599915 22.714017867091997 0
    endloop
  endfacet
  facet normal 0 0 -1
    outer loop
      vertex 0 0 0
      vertex 8.459331285593962 23.447620560996004 0
      vertex 8.549732058481988 23.251526125716246 0
    endloop
  endfacet
  facet normal 0 0 -1
    outer loop
      vertex 0 0 0
      vertex 8.384594580188327 23.650203265468896 0
      vertex 8.459331285593962 23.447620560996004 0
    endloop
  endfacet
  facet normal 0 0 -1
    outer loop
      vertex 0 0 0
      vertex 8.325982718906388 23.85802524939626 0
      vertex 8.384594580188327 23.650203265468896 0
    endloop
  endfacet
  facet normal 0 0 -1
    outer loop
      vertex 0 0 0
      vertex 8.28385706336337 24.069805221139365 0
      vertex 8.325982718906388 23.85802524939626 0
    endloop
  endfacet
  facet normal 0 0 -1
    outer loop
      vertex 0 0 0
      vertex 8.549732058481988 23.251526125716246 0
      vertex 8.655239548026247 23.063128947031142 0
    endloop
  endfacet
  facet normal 0 0 -1
    outer loop
      vertex 8.908883594599915 7.285982132908005 0
      vertex 9.055456351736995 22.555456351736993 0
      vertex 9.055456351736995 7.444543648263005 0
    endloop
  endfacet
  facet normal 0 0 -1
    outer loop
      vertex 9.055456351736995 7.444543648263005 0
      vertex 9.214017867091995 22.408883594599914 0
      vertex 9.214017867091995 7.591116405400085 0
    endloop
  endfacet
  facet normal 0 0 -1
    outer loop
      vertex 9.214017867091995 7.591116405400085 0
      vertex 9.3835905561957 22.275203265468896 0
      vertex 9.3835905561957 7.724796734531106 0
    endloop
  endfacet
  facet normal 0 0 -1
    outer loop
      vertex 9.3835905561957 7.724796734531106 0
      vertex 9.56312894703114 22.155239548026245 0
      vertex 9.56312894703114 7.8447604519737535 0
    endloop
  endfacet
  facet normal 0 0 -1
    outer loop
      vertex 9.56312894703114 7.8447604519737535 0
      vertex 9.751526125716246 22.04973205848199 0
      vertex 9.751526125716246 7.950267941518012 0
    endloop
  endfacet
  facet normal 0 0 -1
    outer loop
      vertex 9.751526125716246 7.950267941518012 0
      vertex 9.947620560996004 21.95933128559396 0
      vertex 9.947620560996004 8.040668714406038 0
    endloop
  endfacet
  facet normal 0 0 -1
    outer loop
      vertex 9.947620560996004 8.040668714406038 0
      vertex 10.150203265468894 21.884594580188327 0
      vertex 10.150203265468894 8.115405419811673 0
    endloop
  endfacet
  facet normal 0 0 -1
    outer loop
      vertex 10.150203265468894 8.115405419811673 0
      vertex 10.35802524939626 21.82598271890639 0
      vertex 10.35802524939626 8.174017281093612 0
    endloop
  endfacet
  facet normal 0 0 -1
    outer loop
      vertex 10.35802524939626 8.174017281093612 0
      vertex 10.569805221139365 21.78385706336337 0
      vertex 10.569805221139365 8.21614293663663 0
    endloop
  endfacet
  facet normal 0 0 -1
    outer loop
      vertex 10.569805221139365 8.21614293663663 0
      vertex 10.784237486748426 21.7584773322339 0
      vertex 10.784237486748426 8.241522667766102 0
    endloop
  endfacet
  facet normal 0 0 -1
    outer loop
      vertex 10.784237486748426 8.241522667766102 0
      vertex 11 21.75 0
      vertex 11 8.25 0
    endloop
  endfacet
  facet normal 0 0 -1
    outer loop
      vertex 11 8.25 0
      vertex 11.215762513251574 21.7584773322339 0
      vertex 11.215762513251574 8.241522667766102 0
    endloop
  endfacet
  facet normal 0 0 -1
    outer loop
      vertex 11.215762513251574 8.241522667766102 0
      vertex 11.430194778860635 21.78385706336337 0
      vertex 11.430194778860635 8.21614293663663 0
    endloop
  endfacet
  facet normal 0 0 -1
    outer loop
      vertex 11.430194778860635 8.21614293663663 0
      vertex 11.64197475060374 21.82598271890639 0
      vertex 11.64197475060374 8.174017281093612 0
    endloop
  endfacet
  facet normal 0 0 -1
    outer loop
      vertex 11.64197475060374 8.174017281093612 0
      vertex 11.849796734531106 21.884594580188327 0
      vertex 11.849796734531106 8.115405419811673 0
    endloop
  endfacet
  facet normal 0 0 -1
    outer loop
      vertex 11.849796734531106 8.115405419811673 0
      vertex 12.052379439003996 21.95933128559396 0
      vertex 12.052379439003996 8.040668714406038 0
    endloop
  endfacet
  facet normal 0 0 -1
    outer loop
      vertex 12.052379439003996 8.040668714406038 0
      vertex 12.248473874283754 22.04973205848199 0
      vertex 12.248473874283754 7.950267941518012 0
    endloop
  endfacet
  facet normal 0 0 -1
    outer loop
      vertex 12.248473874283754 7.950267941518012 0
      vertex 12.43687105296886 22.155239548026245 0
      vertex 12.43687105296886 7.8447604519737535 0
    endloop
  endfacet
  facet normal 0 0 -1
    outer loop
      vertex 9.055456351736995 7.444543648263005 0
      vertex 9.055456351736995 22.555456351736993 0
      vertex 9.214017867091995 22.408883594599914 0
    endloop
  endfacet
  facet normal 0 0 -1
    outer loop
      vertex 9.214017867091995 7.591116405400085 0
      vertex 9.214017867091995 22.408883594599914 0
      vertex 9.3835905561957 22.275203265468896 0
    endloop
  endfacet
  facet normal 0 0 -1
    outer loop
      vertex 8.908883594599915 7.285982132908005 0
      vertex 8.908883594599915 22.714017867091997 0
      vertex 9.055456351736995 22.555456351736993 0
    endloop
  endfacet
  facet normal 0 0 -1
    outer loop
      vertex 9.3835905561957 7.724796734531106 0
      vertex 9.3835905561957 22.275203265468896 0
      vertex 9.56312894703114 22.155239548026245 0
    endloop
  endfacet
  facet normal 0 0 -1
    outer loop
      vertex 9.56312894703114 7.8447604519737535 0
      vertex 9.56312894703114 22.155239548026245 0
      vertex 9.751526125716246 22.04973205848199 0
    endloop
  endfacet
  facet normal 0 0 -1
    outer loop
      vertex 9.751526125716246 7.950267941518012 0
      vertex 9.751526125716246 22.04973205848199 0
      vertex 9.947620560996004 21.95933128559396 0
    endloop
  endfacet
  facet normal 0 0 -1
    outer loop
      vertex 9.947620560996004 8.040668714406038 0
      vertex 9.947620560996004 21.95933128559396 0
      vertex 10.150203265468894 21.884594580188327 0
    endloop
  endfacet
  facet normal 0 0 -1
    outer loop
      vertex 10.150203265468894 8.115405419811673 0
      vertex 10.150203265468894 21.884594580188327 0
      vertex 10.35802524939626 21.82598271890639 0
    endloop
  endfacet
  facet normal 0 0 -1
    outer loop
      vertex 10.35802524939626 8.174017281093612 0
      vertex 10.35802524939626 21.82598271890639 0
      vertex 10.569805221139365 21.78385706336337 0
    endloop
  endfacet
  facet normal 0 0 -1
    outer loop
      vertex 10.569805221139365 8.21614293663663 0
      vertex 10.569805221139365 21.78385706336337 0
      vertex 10.784237486748426 21.7584773322339 0
    endloop
  endfacet
  facet normal 0 0 -1
    outer loop
      vertex 10.784237486748426 8.241522667766102 0
      vertex 10.784237486748426 21.7584773322339 0
      vertex 11 21.75 0
    endloop
  endfacet
  facet normal 0 0 -1
    outer loop
      vertex 11 8.25 0
      vertex 11 21.75 0
      vertex 11.215762513251574 21.7584773322339 0
    endloop
  endfacet
  facet normal 0 0 -1
    outer loop
      vertex 11.215762513251574 8.241522667766102 0
      vertex 11.215762513251574 21.7584773322339 0
      vertex 11.430194778860635 21.78385706336337 0
    endloop
  endfacet
  facet normal 0 0 -1
    outer loop
      vertex 11.430194778860635 8.21614293663663 0
      vertex 11.430194778860635 21.78385706336337 0
      vertex 11.64197475060374 21.82598271890639 0
    endloop
  endfacet
  facet normal 0 0 -1
    outer loop
      vertex 11.64197475060374 8.174017281093612 0
      vertex 11.64197475060374 21.82598271890639 0
      vertex 11.849796734531106 21.884594580188327 0
    endloop
  endfacet
  facet normal 0 0 -1
    outer loop
      vertex 11.849796734531106 8.115405419811673 0
      vertex 11.849796734531106 21.884594580188327 0
      vertex 12.052379439003996 21.95933128559396 0
    endloop
  endfacet
  facet normal 0 0 -1
    outer loop
      vertex 12.052379439003996 8.040668714406038 0
      vertex 12.052379439003996 21.95933128559396 0
      vertex 12.248473874283754 22.04973205848199 0
    endloop
  endfacet
  facet normal 0 0 -1
    outer loop
      vertex 12.248473874283754 7.950267941518012 0
      vertex 12.248473874283754 22.04973205848199 0
      vertex 12.43687105296886 22.155239548026245 0
    endloop
  endfacet
  facet normal 0 0 -1
    outer loop
      vertex 13.344760451973753 4.0631289470311405 0
      vertex 13.450267941518012 4.251526125716246 0
      vertex 27 12.25 0
    endloop
  endfacet
  facet normal 0 0 -1
    outer loop
      vertex 13.450267941518012 4.251526125716246 0
      vertex 13.540668714406038 4.447620560996003 0
      vertex 26.784237486748427 12.258477332233898 0
    endloop
  endfacet
  facet normal 0 0 -1
    outer loop
      vertex 13.674017281093612 4.85802524939626 0
      vertex 13.71614293663663 5.069805221139365 0
      vertex 26.150203265468896 12.384594580188327 0
    endloop
  endfacet
  facet normal 0 0 -1
    outer loop
      vertex 13.71614293663663 5.069805221139365 0
      vertex 13.741522667766102 5.2842374867484265 0
      vertex 25.947620560996004 12.459331285593962 0
    endloop
  endfacet
  facet normal 0 0 -1
    outer loop
      vertex 13.741522667766102 5.2842374867484265 0
      vertex 13.75 5.5 0
      vertex 25.751526125716246 12.549732058481988 0
    endloop
  endfacet
  facet normal 0 0 -1
    outer loop
      vertex 13.75 5.5 0
      vertex 13.741522667766102 5.7157625132515735 0
      vertex 25.563128947031142 12.655239548026247 0
    endloop
  endfacet
  facet normal 0 0 -1
    outer loop
      vertex 13.741522667766102 5.7157625132515735 0
      vertex 13.71614293663663 5.930194778860635 0
      vertex 25.3835905561957 12.775203265468894 0
    endloop
  endfacet
  facet normal 0 0 -1
    outer loop
      vertex 13.224796734531106 7.116409443804301 0
      vertex 13.091116405400085 7.285982132908005 0
      vertex 24.54973205848199 13.751526125716246 0
    endloop
  endfacet
  facet normal 0 0 -1
    outer loop
      vertex 13.674017281093612 6.14197475060374 0
      vertex 13.615405419811673 6.349796734531106 0
      vertex 25.055456351736993 13.055456351736995 0
    endloop
  endfacet
  facet normal 0 0 -1
    outer loop
      vertex 13.540668714406038 6.552379439003997 0
      vertex 13.450267941518012 6.748473874283754 0
      vertex 24.775203265468896 13.3835905561957 0
    endloop
  endfacet
  facet normal 0 0 -1
    outer loop
      vertex 13.615405419811673 6.349796734531106 0
      vertex 13.540668714406038 6.552379439003997 0
      vertex 24.908883594599914 13.214017867091995 0
    endloop
  endfacet
  facet normal 0 0 -1
    outer loop
      vertex 13.71614293663663 5.930194778860635 0
      vertex 13.674017281093612 6.14197475060374 0
      vertex 25.214017867091997 12.908883594599915 0
    endloop
  endfacet
  facet normal 0 0 -1
    outer loop
      vertex 13.344760451973753 6.9368710529688595 0
      vertex 24.655239548026245 13.56312894703114 0
      vertex 13.450267941518012 6.748473874283754 0
    endloop
  endfacet
  facet normal 0 0 -1
    outer loop
      vertex 13.344760451973753 6.9368710529688595 0
      vertex 13.224796734531106 7.116409443804301 0
      vertex 24.655239548026245 13.56312894703114 0
    endloop
  endfacet
  facet normal 0 0 -1
    outer loop
      vertex 13.540668714406038 4.447620560996003 0
      vertex 13.615405419811673 4.650203265468894 0
      vertex 26.569805221139365 12.28385706336337 0
    endloop
  endfacet
  facet normal 0 0 -1
    outer loop
      vertex 13.615405419811673 4.650203265468894 0
      vertex 13.674017281093612 4.85802524939626 0
      vertex 26.35802524939626 12.325982718906388 0
    endloop
  endfacet
  facet normal 0 0 -1
    outer loop
      vertex 0 0 0
      vertex 10.784237486748426 2.7584773322338982 0
      vertex 52 0 0
    endloop
  endfacet
  facet normal 0 0 -1
    outer loop
      vertex 10.784237486748426 2.7584773322338982 0
      vertex 11 2.75 0
      vertex 52 0 0
    endloop
  endfacet
  facet normal 0 0 -1
    outer loop
      vertex 11 2.75 0
      vertex 11.215762513251574 2.7584773322338982 0
      vertex 52 0 0
    endloop
  endfacet
  facet normal 0 0 -1
    outer loop
      vertex 11.215762513251574 2.7584773322338982 0
      vertex 11.430194778860635 2.7838570633633712 0
      vertex 52 0 0
    endloop
  endfacet
  facet normal 0 0 -1
    outer loop
      vertex 11.430194778860635 2.7838570633633712 0
      vertex 11.64197475060374 2.8259827189063893 0
      vertex 52 0 0
    endloop
  endfacet
  facet normal 0 0 -1
    outer loop
      vertex 11.64197475060374 2.8259827189063893 0
      vertex 11.849796734531106 2.884594580188328 0
      vertex 52 0 0
    endloop
  endfacet
  facet normal 0 0 -1
    outer loop
      vertex 11.849796734531106 2.884594580188328 0
      vertex 12.052379439003996 2.9593312855939615 0
      vertex 52 0 0
    endloop
  endfacet
  facet normal 0 0 -1
    outer loop
      vertex 12.052379439003996 2.9593312855939615 0
      vertex 12.248473874283754 3.0497320584819883 0
      vertex 52 0 0
    endloop
  endfacet
  facet normal 0 0 -1
    outer loop
      vertex 12.248473874283754 3.0497320584819883 0
      vertex 12.43687105296886 3.1552395480262465 0
      vertex 52 0 0
    endloop
  endfacet
  facet normal 0 0 -1
    outer loop
      vertex 12.43687105296886 3.1552395480262465 0
      vertex 12.6164094438043 3.2752032654688943 0
      vertex 52 0 0
    endloop
  endfacet
  facet normal 0 0 -1
    outer loop
      vertex 12.6164094438043 3.2752032654688943 0
      vertex 12.785982132908005 3.408883594599915 0
      vertex 52 0 0
    endloop
  endfacet
  facet normal 0 0 -1
    outer loop
      vertex 12.785982132908005 3.408883594599915 0
      vertex 12.944543648263005 3.555456351736994 0
      vertex 52 0 0
    endloop
  endfacet
  facet normal 0 0 -1
    outer loop
      vertex 12.785982132908005 7.591116405400085 0
      vertex 12.6164094438043 7.724796734531106 0
      vertex 24.28385706336337 14.569805221139365 0
    endloop
  endfacet
  facet normal 0 0 -1
    outer loop
      vertex 12.944543648263005 7.444543648263005 0
      vertex 24.45933128559396 13.947620560996004 0
      vertex 13.091116405400085 7.285982132908005 0
    endloop
  endfacet
  facet normal 0 0 -1
    outer loop
      vertex 12.785982132908005 7.591116405400085 0
      vertex 24.32598271890639 14.35802524939626 0
      vertex 12.944543648263005 7.444543648263005 0
    endloop
  endfacet
  facet normal 0 0 -1
    outer loop
      vertex 12.43687105296886 7.8447604519737535 0
      vertex 24.2584773322339 14.784237486748426 0
      vertex 12.6164094438043 7.724796734531106 0
    endloop
  endfacet
  facet normal 0 0 -1
    outer loop
      vertex 12.43687105296886 7.8447604519737535 0
      vertex 12.43687105296886 22.155239548026245 0
      vertex 24.25 15 0
    endloop
  endfacet
  facet normal 0 0 -1
    outer loop
      vertex 13.540668714406038 6.552379439003997 0
      vertex 24.775203265468896 13.3835905561957 0
      vertex 24.908883594599914 13.214017867091995 0
    endloop
  endfacet
  facet normal 0 0 -1
    outer loop
      vertex 13.450267941518012 6.748473874283754 0
      vertex 24.655239548026245 13.56312894703114 0
      vertex 24.775203265468896 13.3835905561957 0
    endloop
  endfacet
  facet normal 0 0 -1
    outer loop
      vertex 13.091116405400085 7.285982132908005 0
      vertex 24.45933128559396 13.947620560996004 0
      vertex 24.54973205848199 13.751526125716246 0
    endloop
  endfacet
  facet normal 0 0 -1
    outer loop
      vertex 12.944543648263005 7.444543648263005 0
      vertex 24.384594580188327 14.150203265468894 0
      vertex 24.45933128559396 13.947620560996004 0
    endloop
  endfacet
  facet normal 0 0 -1
    outer loop
      vertex 13.224796734531106 7.116409443804301 0
      vertex 24.54973205848199 13.751526125716246 0
      vertex 24.655239548026245 13.56312894703114 0
    endloop
  endfacet
  facet normal 0 0 -1
    outer loop
      vertex 13.71614293663663 5.930194778860635 0
      vertex 25.214017867091997 12.908883594599915 0
      vertex 25.3835905561957 12.775203265468894 0
    endloop
  endfacet
  facet normal 0 0 -1
    outer loop
      vertex 13.75 5.5 0
      vertex 25.563128947031142 12.655239548026247 0
      vertex 25.751526125716246 12.549732058481988 0
    endloop
  endfacet
  facet normal 0 0 -1
    outer loop
      vertex 13.741522667766102 5.7157625132515735 0
      vertex 25.3835905561957 12.775203265468894 0
      vertex 25.563128947031142 12.655239548026247 0
    endloop
  endfacet
  facet normal 0 0 -1
    outer loop
      vertex 13.741522667766102 5.2842374867484265 0
      vertex 25.751526125716246 12.549732058481988 0
      vertex 25.947620560996004 12.459331285593962 0
    endloop
  endfacet
  facet normal 0 0 -1
    outer loop
      vertex 13.615405419811673 4.650203265468894 0
      vertex 26.35802524939626 12.325982718906388 0
      vertex 26.569805221139365 12.28385706336337 0
    endloop
  endfacet
  facet normal 0 0 -1
    outer loop
      vertex 13.540668714406038 4.447620560996003 0
      vertex 26.569805221139365 12.28385706336337 0
      vertex 26.784237486748427 12.258477332233898 0
    endloop
  endfacet
  facet normal 0 0 -1
    outer loop
      vertex 13.674017281093612 4.85802524939626 0
      vertex 26.150203265468896 12.384594580188327 0
      vertex 26.35802524939626 12.325982718906388 0
    endloop
  endfacet
  facet normal 0 0 -1
    outer loop
      vertex 13.71614293663663 5.069805221139365 0
      vertex 25.947620560996004 12.459331285593962 0
      vertex 26.150203265468896 12.384594580188327 0
    endloop
  endfacet
  facet normal 0 0 -1
    outer loop
      vertex 13.450267941518012 4.251526125716246 0
      vertex 26.784237486748427 12.258477332233898 0
      vertex 27 12.25 0
    endloop
  endfacet
  facet normal 0 0 -1
    outer loop
      vertex 13.344760451973753 4.0631289470311405 0
      vertex 27 12.25 0
      vertex 27.215762513251573 12.258477332233898 0
    endloop
  endfacet
  facet normal 0 0 -1
    outer loop
      vertex 13.674017281093612 6.14197475060374 0
      vertex 25.055456351736993 13.055456351736995 0
      vertex 25.214017867091997 12.908883594599915 0
    endloop
  endfacet
  facet normal 0 0 -1
    outer loop
      vertex 13.615405419811673 6.349796734531106 0
      vertex 24.908883594599914 13.214017867091995 0
      vertex 25.055456351736993 13.055456351736995 0
    endloop
  endfacet
  facet normal 0 0 -1
    outer loop
      vertex 12.944543648263005 7.444543648263005 0
      vertex 24.32598271890639 14.35802524939626 0
      vertex 24.384594580188327 14.150203265468894 0
    endloop
  endfacet
  facet normal 0 0 -1
    outer loop
      vertex 12.785982132908005 7.591116405400085 0
      vertex 24.28385706336337 14.569805221139365 0
      vertex 24.32598271890639 14.35802524939626 0
    endloop
  endfacet
  facet normal 0 0 -1
    outer loop
      vertex 12.6164094438043 7.724796734531106 0
      vertex 24.2584773322339 14.784237486748426 0
      vertex 24.28385706336337 14.569805221139365 0
    endloop
  endfacet
  facet normal 0 0 -1
    outer loop
      vertex 12.43687105296886 7.8447604519737535 0
      vertex 24.25 15 0
      vertex 24.2584773322339 14.784237486748426 0
    endloop
  endfacet
  facet normal 0 0 -1
    outer loop
      vertex 24.25 15 0
      vertex 12.43687105296886 22.155239548026245 0
      vertex 24.2584773322339 15.215762513251574 0
    endloop
  endfacet
  facet normal 0 0 -1
    outer loop
      vertex 24.2584773322339 15.215762513251574 0
      vertex 12.6164094438043 22.275203265468896 0
      vertex 24.28385706336337 15.430194778860635 0
    endloop
  endfacet
  facet normal 0 0 -1
    outer loop
      vertex 24.28385706336337 15.430194778860635 0
      vertex 12.785982132908005 22.408883594599914 0
      vertex 24.32598271890639 15.64197475060374 0
    endloop
  endfacet
  facet normal 0 0 -1
    outer loop
      vertex 24.32598271890639 15.64197475060374 0
      vertex 12.944543648263005 22.555456351736993 0
      vertex 24.384594580188327 15.849796734531106 0
    endloop
  endfacet
  facet normal 0 0 -1
    outer loop
      vertex 24.384594580188327 15.849796734531106 0
      vertex 13.224796734531106 22.8835905561957 0
      vertex 24.45933128559396 16.052379439003996 0
    endloop
  endfacet
  facet normal 0 0 -1
    outer loop
      vertex 24.45933128559396 16.052379439003996 0
      vertex 13.344760451973753 23.063128947031142 0
      vertex 24.54973205848199 16.248473874283754 0
    endloop
  endfacet
  facet normal 0 0 -1
    outer loop
      vertex 24.54973205848199 16.248473874283754 0
      vertex 13.344760451973753 23.063128947031142 0
      vertex 24.655239548026245 16.436871052968858 0
    endloop
  endfacet
  facet normal 0 0 -1
    outer loop
      vertex 24.655239548026245 16.436871052968858 0
      vertex 13.450267941518012 23.251526125716246 0
      vertex 24.775203265468896 16.6164094438043 0
    endloop
  endfacet
  facet normal 0 0 -1
    outer loop
      vertex 24.775203265468896 16.6164094438043 0
      vertex 13.540668714406038 23.447620560996004 0
      vertex 24.908883594599914 16.785982132908003 0
    endloop
  endfacet
  facet normal -1 0 0
    outer loop
      vertex 0 18.804226065180615 10.76393202250021
      vertex 0 30 0
      vertex 0 18.695518130045148 10.469266270539642
    endloop
  endfacet
  facet normal -1 0 0
    outer loop
      vertex 0 18.695518130045148 10.469266270539642
      vertex 0 30 0
      vertex 0 18.564026096753473 10.184038001041813
    endloop
  endfacet
  facet normal -1 0 0
    outer loop
      vertex 0 18.564026096753473 10.184038001041813
      vertex 0 30 0
      vertex 0 18.41056065741637 9.910005741136205
    endloop
  endfacet
  facet normal -1 0 0
    outer loop
      vertex 0 18.41056065741637 9.910005741136205
      vertex 0 30 0
      vertex 0 18.23606797749979 9.648858990830107
    endloop
  endfacet
  facet normal -1 0 0
    outer loop
      vertex 0 18.23606797749979 9.648858990830107
      vertex 0 30 0
      vertex 0 18.041623862400122 9.402207806679264
    endloop
  endfacet
  facet normal -1 0 0
    outer loop
      vertex 0 18.041623862400122 9.402207806679264
      vertex 0 30 0
      vertex 0 17.82842712474619 9.17157287525381
    endloop
  endfacet
  facet normal -1 0 0
    outer loop
      vertex 0 17.82842712474619 9.17157287525381
      vertex 0 30 0
      vertex 0 17.597792193320736 8.958376137599876
    endloop
  endfacet
  facet normal -1 0 0
    outer loop
      vertex 0 18.804226065180615 10.76393202250021
      vertex 0 30 11.6
      vertex 0 30 0
    endloop
  endfacet
  facet normal -1 0 0
    outer loop
      vertex 0 13.469266270539642 8.304481869954852
      vertex 0 13.76393202250021 8.195773934819385
      vertex 0 30 0
    endloop
  endfacet
  facet normal -1 0 0
    outer loop
      vertex 0 17.089994258863797 8.589439342583631
      vertex 0 30 0
      vertex 0 16.815961998958187 8.435973903246529
    endloop
  endfacet
  facet normal -1 0 0
    outer loop
      vertex 0 16.53073372946036 8.304481869954852
      vertex 0 30 0
      vertex 0 16.23606797749979 8.195773934819385
    endloop
  endfacet
  facet normal -1 0 0
    outer loop
      vertex 0 16.53073372946036 8.304481869954852
      vertex 0 16.815961998958187 8.435973903246529
      vertex 0 30 0
    endloop
  endfacet
  facet normal -1 0 0
    outer loop
      vertex 0 13.76393202250021 8.195773934819385
      vertex 0 14.066218544576378 8.110520318409293
      vertex 0 30 0
    endloop
  endfacet
  facet normal -1 0 0
    outer loop
      vertex 0 14.066218544576378 8.110520318409293
      vertex 0 14.374262139839077 8.049246637619449
      vertex 0 30 0
    endloop
  endfacet
  facet normal -1 0 0
    outer loop
      vertex 0 14.374262139839077 8.049246637619449
      vertex 0 14.68616361708862 8.012330665067488
      vertex 0 30 0
    endloop
  endfacet
  facet normal -1 0 0
    outer loop
      vertex 0 14.68616361708862 8.012330665067488
      vertex 0 15 8
      vertex 0 30 0
    endloop
  endfacet
  facet normal -1 0 0
    outer loop
      vertex 0 15 8
      vertex 0 15.31383638291138 8.012330665067488
      vertex 0 30 0
    endloop
  endfacet
  facet normal -1 0 0
    outer loop
      vertex 0 15.933781455423622 8.110520318409293
      vertex 0 30 0
      vertex 0 15.625737860160923 8.049246637619449
    endloop
  endfacet
  facet normal -1 0 0
    outer loop
      vertex 0 16.23606797749979 8.195773934819385
      vertex 0 30 0
      vertex 0 15.933781455423622 8.110520318409293
    endloop
  endfacet
  facet normal -1 0 0
    outer loop
      vertex 0 15.31383638291138 8.012330665067488
      vertex 0 15.625737860160923 8.049246637619449
      vertex 0 30 0
    endloop
  endfacet
  facet normal -1 0 0
    outer loop
      vertex 0 17.597792193320736 8.958376137599876
      vertex 0 30 0
      vertex 0 17.351141009169893 8.76393202250021
    endloop
  endfacet
  facet normal -1 0 0
    outer loop
      vertex 0 17.351141009169893 8.76393202250021
      vertex 0 30 0
      vertex 0 17.089994258863797 8.589439342583631
    endloop
  endfacet
  facet normal 0 1 0
    outer loop
      vertex 0 30 11.6
      vertex 28.015716042803067 30 11.6
      vertex 0 30 0
    endloop
  endfacet
  facet normal 0 0 -1
    outer loop
      vertex 8.28385706336337 24.069805221139365 0
      vertex 0 30 0
      vertex 8.258477332233898 24.284237486748427 0
    endloop
  endfacet
  facet normal 0 0 -1
    outer loop
      vertex 8.258477332233898 24.284237486748427 0
      vertex 0 30 0
      vertex 8.25 24.5 0
    endloop
  endfacet
  facet normal 0 0 -1
    outer loop
      vertex 8.25 24.5 0
      vertex 0 30 0
      vertex 8.258477332233898 24.715762513251573 0
    endloop
  endfacet
  facet normal 0 0 -1
    outer loop
      vertex 8.258477332233898 24.715762513251573 0
      vertex 0 30 0
      vertex 8.28385706336337 24.930194778860635 0
    endloop
  endfacet
  facet normal 0 0 -1
    outer loop
      vertex 8.28385706336337 24.930194778860635 0
      vertex 0 30 0
      vertex 8.325982718906388 25.14197475060374 0
    endloop
  endfacet
  facet normal 0 0 -1
    outer loop
      vertex 8.325982718906388 25.14197475060374 0
      vertex 0 30 0
      vertex 8.384594580188327 25.349796734531104 0
    endloop
  endfacet
  facet normal 0 0 -1
    outer loop
      vertex 8.384594580188327 25.349796734531104 0
      vertex 0 30 0
      vertex 8.459331285593962 25.552379439003996 0
    endloop
  endfacet
  facet normal 0 0 -1
    outer loop
      vertex 8.459331285593962 25.552379439003996 0
      vertex 0 30 0
      vertex 8.549732058481988 25.748473874283754 0
    endloop
  endfacet
  facet normal 0 0 -1
    outer loop
      vertex 8.549732058481988 25.748473874283754 0
      vertex 0 30 0
      vertex 8.655239548026247 25.936871052968858 0
    endloop
  endfacet
  facet normal 0 0 -1
    outer loop
      vertex 8.655239548026247 25.936871052968858 0
      vertex 0 30 0
      vertex 8.775203265468894 26.1164094438043 0
    endloop
  endfacet
  facet normal 0 0 -1
    outer loop
      vertex 8.775203265468894 26.1164094438043 0
      vertex 0 30 0
      vertex 8.908883594599915 26.285982132908003 0
    endloop
  endfacet
  facet normal 0 0 -1
    outer loop
      vertex 8.908883594599915 26.285982132908003 0
      vertex 0 30 0
      vertex 9.055456351736995 26.444543648263007 0
    endloop
  endfacet
  facet normal 0 0 -1
    outer loop
      vertex 9.055456351736995 26.444543648263007 0
      vertex 0 30 0
      vertex 9.214017867091995 26.591116405400086 0
    endloop
  endfacet
  facet normal 0 0 -1
    outer loop
      vertex 9.214017867091995 26.591116405400086 0
      vertex 0 30 0
      vertex 9.3835905561957 26.724796734531104 0
    endloop
  endfacet
  facet normal 0 0 -1
    outer loop
      vertex 9.3835905561957 26.724796734531104 0
      vertex 0 30 0
      vertex 9.56312894703114 26.844760451973755 0
    endloop
  endfacet
  facet normal 0 0 -1
    outer loop
      vertex 9.56312894703114 26.844760451973755 0
      vertex 0 30 0
      vertex 9.751526125716246 26.95026794151801 0
    endloop
  endfacet
  facet normal 0 0 -1
    outer loop
      vertex 9.751526125716246 26.95026794151801 0
      vertex 0 30 0
      vertex 9.947620560996004 27.04066871440604 0
    endloop
  endfacet
  facet normal 0 0 -1
    outer loop
      vertex 9.947620560996004 27.04066871440604 0
      vertex 0 30 0
      vertex 10.150203265468894 27.115405419811673 0
    endloop
  endfacet
  facet normal 0 0 -1
    outer loop
      vertex 10.150203265468894 27.115405419811673 0
      vertex 0 30 0
      vertex 10.35802524939626 27.17401728109361 0
    endloop
  endfacet
  facet normal 0 0 -1
    outer loop
      vertex 10.35802524939626 27.17401728109361 0
      vertex 0 30 0
      vertex 10.569805221139365 27.21614293663663 0
    endloop
  endfacet
  facet normal 0 0 -1
    outer loop
      vertex 10.569805221139365 27.21614293663663 0
      vertex 0 30 0
      vertex 10.784237486748426 27.2415226677661 0
    endloop
  endfacet
  facet normal 0 1 0
    outer loop
      vertex 0 30 0
      vertex 28.015716042803067 30 11.6
      vertex 28.024661330134975 30 11.37232723417724
    endloop
  endfacet
  facet normal 0 1 0
    outer loop
      vertex 0 30 0
      vertex 28.024661330134975 30 11.37232723417724
      vertex 28.098493275238898 30 10.748524279678152
    endloop
  endfacet
  facet normal 0 1 0
    outer loop
      vertex 0 30 0
      vertex 28.098493275238898 30 10.748524279678152
      vertex 28.221040636818586 30 10.132437089152758
    endloop
  endfacet
  facet normal 0 1 0
    outer loop
      vertex 0 30 0
      vertex 28.221040636818586 30 10.132437089152758
      vertex 28.39154786963877 30 9.52786404500042
    endloop
  endfacet
  facet normal 0 1 0
    outer loop
      vertex 0 30 0
      vertex 28.39154786963877 30 9.52786404500042
      vertex 28.608963739909704 30 8.938532541079281
    endloop
  endfacet
  facet normal 0 1 0
    outer loop
      vertex 0 30 0
      vertex 28.608963739909704 30 8.938532541079281
      vertex 28.871947806493058 30 8.368076002083626
    endloop
  endfacet
  facet normal 0 1 0
    outer loop
      vertex 0 30 0
      vertex 28.871947806493058 30 8.368076002083626
      vertex 29.178878685167263 30 7.82001148227241
    endloop
  endfacet
  facet normal 0 1 0
    outer loop
      vertex 0 30 0
      vertex 29.178878685167263 30 7.82001148227241
      vertex 29.52786404500042 30 7.297717981660215
    endloop
  endfacet
  facet normal 0 1 0
    outer loop
      vertex 0 30 0
      vertex 29.52786404500042 30 7.297717981660215
      vertex 29.91675227519975 30 6.804415613358531
    endloop
  endfacet
  facet normal 0 1 0
    outer loop
      vertex 0 30 0
      vertex 29.91675227519975 30 6.804415613358531
      vertex 30.34314575050762 30 6.343145750507619
    endloop
  endfacet
  facet normal 0 1 0
    outer loop
      vertex 0 30 0
      vertex 30.34314575050762 30 6.343145750507619
      vertex 30.80441561335853 30 5.9167522751997526
    endloop
  endfacet
  facet normal 0 0 -1
    outer loop
      vertex 24.2584773322339 15.215762513251574 0
      vertex 12.43687105296886 22.155239548026245 0
      vertex 12.6164094438043 22.275203265468896 0
    endloop
  endfacet
  facet normal 0 0 -1
    outer loop
      vertex 24.28385706336337 15.430194778860635 0
      vertex 12.6164094438043 22.275203265468896 0
      vertex 12.785982132908005 22.408883594599914 0
    endloop
  endfacet
  facet normal 0 0 -1
    outer loop
      vertex 24.32598271890639 15.64197475060374 0
      vertex 12.785982132908005 22.408883594599914 0
      vertex 12.944543648263005 22.555456351736993 0
    endloop
  endfacet
  facet normal 0 0 -1
    outer loop
      vertex 24.384594580188327 15.849796734531106 0
      vertex 12.944543648263005 22.555456351736993 0
      vertex 13.091116405400085 22.714017867091997 0
    endloop
  endfacet
  facet normal 0 0 -1
    outer loop
      vertex 24.384594580188327 15.849796734531106 0
      vertex 13.091116405400085 22.714017867091997 0
      vertex 13.224796734531106 22.8835905561957 0
    endloop
  endfacet
  facet normal 0 0 -1
    outer loop
      vertex 24.45933128559396 16.052379439003996 0
      vertex 13.224796734531106 22.8835905561957 0
      vertex 13.344760451973753 23.063128947031142 0
    endloop
  endfacet
  facet normal 0 0 -1
    outer loop
      vertex 24.655239548026245 16.436871052968858 0
      vertex 13.344760451973753 23.063128947031142 0
      vertex 13.450267941518012 23.251526125716246 0
    endloop
  endfacet
  facet normal 0 0 -1
    outer loop
      vertex 24.775203265468896 16.6164094438043 0
      vertex 13.450267941518012 23.251526125716246 0
      vertex 13.540668714406038 23.447620560996004 0
    endloop
  endfacet
  facet normal 0 0 -1
    outer loop
      vertex 24.908883594599914 16.785982132908003 0
      vertex 13.540668714406038 23.447620560996004 0
      vertex 13.615405419811673 23.650203265468896 0
    endloop
  endfacet
  facet normal 0 0 -1
    outer loop
      vertex 25.055456351736993 16.944543648263007 0
      vertex 13.615405419811673 23.650203265468896 0
      vertex 13.674017281093612 23.85802524939626 0
    endloop
  endfacet
  facet normal 0 0 -1
    outer loop
      vertex 25.214017867091997 17.091116405400086 0
      vertex 13.674017281093612 23.85802524939626 0
      vertex 13.71614293663663 24.069805221139365 0
    endloop
  endfacet
  facet normal 0 0 -1
    outer loop
      vertex 25.3835905561957 17.224796734531104 0
      vertex 13.71614293663663 24.069805221139365 0
      vertex 13.741522667766102 24.284237486748427 0
    endloop
  endfacet
  facet normal 0 0 -1
    outer loop
      vertex 25.563128947031142 17.344760451973755 0
      vertex 13.741522667766102 24.284237486748427 0
      vertex 13.75 24.5 0
    endloop
  endfacet
  facet normal 0 0 -1
    outer loop
      vertex 25.751526125716246 17.45026794151801 0
      vertex 13.75 24.5 0
      vertex 13.741522667766102 24.715762513251573 0
    endloop
  endfacet
  facet normal 0 0 -1
    outer loop
      vertex 25.947620560996004 17.54066871440604 0
      vertex 13.741522667766102 24.715762513251573 0
      vertex 13.71614293663663 24.930194778860635 0
    endloop
  endfacet
  facet normal 0 0 -1
    outer loop
      vertex 13.71614293663663 24.930194778860635 0
      vertex 13.674017281093612 25.14197475060374 0
      vertex 26.150203265468896 17.615405419811673 0
    endloop
  endfacet
  facet normal 0 0 -1
    outer loop
      vertex 13.674017281093612 25.14197475060374 0
      vertex 13.615405419811673 25.349796734531104 0
      vertex 26.35802524939626 17.67401728109361 0
    endloop
  endfacet
  facet normal 0 0 -1
    outer loop
      vertex 13.615405419811673 25.349796734531104 0
      vertex 13.540668714406038 25.552379439003996 0
      vertex 26.569805221139365 17.71614293663663 0
    endloop
  endfacet
  facet normal 0 0 -1
    outer loop
      vertex 13.540668714406038 25.552379439003996 0
      vertex 13.450267941518012 25.748473874283754 0
      vertex 26.784237486748427 17.7415226677661 0
    endloop
  endfacet
  facet normal 0 0 -1
    outer loop
      vertex 13.344760451973753 25.936871052968858 0
      vertex 27 17.75 0
      vertex 13.450267941518012 25.748473874283754 0
    endloop
  endfacet
  facet normal 0 0 -1
    outer loop
      vertex 24.908883594599914 16.785982132908003 0
      vertex 13.615405419811673 23.650203265468896 0
      vertex 25.055456351736993 16.944543648263007 0
    endloop
  endfacet
  facet normal 0 0 -1
    outer loop
      vertex 25.055456351736993 16.944543648263007 0
      vertex 13.674017281093612 23.85802524939626 0
      vertex 25.214017867091997 17.091116405400086 0
    endloop
  endfacet
  facet normal 0 0 -1
    outer loop
      vertex 25.214017867091997 17.091116405400086 0
      vertex 13.71614293663663 24.069805221139365 0
      vertex 25.3835905561957 17.224796734531104 0
    endloop
  endfacet
  facet normal 0 0 -1
    outer loop
      vertex 25.3835905561957 17.224796734531104 0
      vertex 13.741522667766102 24.284237486748427 0
      vertex 25.563128947031142 17.344760451973755 0
    endloop
  endfacet
  facet normal 0 0 -1
    outer loop
      vertex 25.563128947031142 17.344760451973755 0
      vertex 13.75 24.5 0
      vertex 25.751526125716246 17.45026794151801 0
    endloop
  endfacet
  facet normal 0 0 -1
    outer loop
      vertex 25.751526125716246 17.45026794151801 0
      vertex 13.741522667766102 24.715762513251573 0
      vertex 25.947620560996004 17.54066871440604 0
    endloop
  endfacet
  facet normal 0 0 -1
    outer loop
      vertex 25.947620560996004 17.54066871440604 0
      vertex 13.71614293663663 24.930194778860635 0
      vertex 26.150203265468896 17.615405419811673 0
    endloop
  endfacet
  facet normal 0 0 -1
    outer loop
      vertex 13.674017281093612 25.14197475060374 0
      vertex 26.35802524939626 17.67401728109361 0
      vertex 26.150203265468896 17.615405419811673 0
    endloop
  endfacet
  facet normal 0 0 -1
    outer loop
      vertex 13.615405419811673 25.349796734531104 0
      vertex 26.569805221139365 17.71614293663663 0
      vertex 26.35802524939626 17.67401728109361 0
    endloop
  endfacet
  facet normal 0 0 -1
    outer loop
      vertex 13.540668714406038 25.552379439003996 0
      vertex 26.784237486748427 17.7415226677661 0
      vertex 26.569805221139365 17.71614293663663 0
    endloop
  endfacet
  facet normal 0 0 -1
    outer loop
      vertex 13.450267941518012 25.748473874283754 0
      vertex 27 17.75 0
      vertex 26.784237486748427 17.7415226677661 0
    endloop
  endfacet
  facet normal 0 0 -1
    outer loop
      vertex 13.344760451973753 25.936871052968858 0
      vertex 27.215762513251573 17.7415226677661 0
      vertex 27 17.75 0
    endloop
  endfacet
  facet normal 0 0 -1
    outer loop
      vertex 10.784237486748426 27.2415226677661 0
      vertex 52 30 0
      vertex 11 27.25 0
    endloop
  endfacet
  facet normal 0 0 -1
    outer loop
      vertex 11 27.25 0
      vertex 52 30 0
      vertex 11.215762513251574 27.2415226677661 0
    endloop
  endfacet
  facet normal 0 0 -1
    outer loop
      vertex 11.215762513251574 27.2415226677661 0
      vertex 52 30 0
      vertex 11.430194778860635 27.21614293663663 0
    endloop
  endfacet
  facet normal 0 0 -1
    outer loop
      vertex 11.430194778860635 27.21614293663663 0
      vertex 52 30 0
      vertex 11.64197475060374 27.17401728109361 0
    endloop
  endfacet
  facet normal 0 0 -1
    outer loop
      vertex 11.64197475060374 27.17401728109361 0
      vertex 52 30 0
      vertex 11.849796734531106 27.115405419811673 0
    endloop
  endfacet
  facet normal 0 0 -1
    outer loop
      vertex 12.43687105296886 26.844760451973755 0
      vertex 52 30 0
      vertex 12.6164094438043 26.724796734531104 0
    endloop
  endfacet
  facet normal 0 0 -1
    outer loop
      vertex 12.785982132908005 26.591116405400086 0
      vertex 52 30 0
      vertex 12.944543648263005 26.444543648263007 0
    endloop
  endfacet
  facet normal 0 0 -1
    outer loop
      vertex 12.785982132908005 26.591116405400086 0
      vertex 12.6164094438043 26.724796734531104 0
      vertex 52 30 0
    endloop
  endfacet
  facet normal 0 0 -1
    outer loop
      vertex 11.849796734531106 27.115405419811673 0
      vertex 52 30 0
      vertex 12.052379439003996 27.04066871440604 0
    endloop
  endfacet
  facet normal 0 0 -1
    outer loop
      vertex 12.052379439003996 27.04066871440604 0
      vertex 52 30 0
      vertex 12.248473874283754 26.95026794151801 0
    endloop
  endfacet
  facet normal 0 0 -1
    outer loop
      vertex 12.248473874283754 26.95026794151801 0
      vertex 52 30 0
      vertex 12.43687105296886 26.844760451973755 0
    endloop
  endfacet
  facet normal 0 1 0
    outer loop
      vertex 0 30 0
      vertex 30.80441561335853 30 5.9167522751997526
      vertex 31.297717981660213 30 5.52786404500042
    endloop
  endfacet
  facet normal 0 1 0
    outer loop
      vertex 0 30 0
      vertex 31.297717981660213 30 5.52786404500042
      vertex 31.82001148227241 30 5.178878685167263
    endloop
  endfacet
  facet normal 0 1 0
    outer loop
      vertex 0 30 0
      vertex 31.82001148227241 30 5.178878685167263
      vertex 32.368076002083626 30 4.871947806493057
    endloop
  endfacet
  facet normal 0 1 0
    outer loop
      vertex 0 30 0
      vertex 32.368076002083626 30 4.871947806493057
      vertex 32.93853254107928 30 4.608963739909706
    endloop
  endfacet
  facet normal 0 1 0
    outer loop
      vertex 0 30 0
      vertex 32.93853254107928 30 4.608963739909706
      vertex 33.52786404500042 30 4.391547869638772
    endloop
  endfacet
  facet normal 0 1 0
    outer loop
      vertex 0 30 0
      vertex 33.52786404500042 30 4.391547869638772
      vertex 34.13243708915276 30 4.2210406368185875
    endloop
  endfacet
  facet normal 0 0 -1
    outer loop
      vertex 10.784237486748426 27.2415226677661 0
      vertex 0 30 0
      vertex 52 30 0
    endloop
  endfacet
  facet normal 0 -1 0
    outer loop
      vertex 26.866666666666667 0 11.6
      vertex 32.04924663761945 0 11.374262139839077
      vertex 32.022528801195186 0 11.6
    endloop
  endfacet
  facet normal 0 -1 0
    outer loop
      vertex 26.866666666666667 0 11.6
      vertex 32.11052031840929 0 11.066218544576378
      vertex 32.04924663761945 0 11.374262139839077
    endloop
  endfacet
  facet normal 0 -1 0
    outer loop
      vertex 26.866666666666667 0 11.6
      vertex 32.195773934819385 0 10.76393202250021
      vertex 32.11052031840929 0 11.066218544576378
    endloop
  endfacet
  facet normal 0 -1 0
    outer loop
      vertex 26.866666666666667 0 11.6
      vertex 32.304481869954856 0 10.469266270539642
      vertex 32.195773934819385 0 10.76393202250021
    endloop
  endfacet
  facet normal 0 -1 0
    outer loop
      vertex 26.866666666666667 0 11.6
      vertex 32.43597390324653 0 10.184038001041813
      vertex 32.304481869954856 0 10.469266270539642
    endloop
  endfacet
  facet normal 0 -1 0
    outer loop
      vertex 26.866666666666667 0 11.6
      vertex 32.58943934258363 0 9.910005741136205
      vertex 32.43597390324653 0 10.184038001041813
    endloop
  endfacet
  facet normal 0 -1 0
    outer loop
      vertex 26.866666666666667 0 11.6
      vertex 32.763932022500214 0 9.648858990830107
      vertex 32.58943934258363 0 9.910005741136205
    endloop
  endfacet
  facet normal 0 -1 0
    outer loop
      vertex 26.866666666666667 0 11.6
      vertex 32.95837613759988 0 9.402207806679264
      vertex 32.763932022500214 0 9.648858990830107
    endloop
  endfacet
  facet normal 0 -1 0
    outer loop
      vertex 26.866666666666667 0 11.6
      vertex 33.17157287525381 0 9.17157287525381
      vertex 32.95837613759988 0 9.402207806679264
    endloop
  endfacet
  facet normal 0 -1 0
    outer loop
      vertex 26.866666666666667 0 11.6
      vertex 33.402207806679264 0 8.958376137599876
      vertex 33.17157287525381 0 9.17157287525381
    endloop
  endfacet
  facet normal 0 -1 0
    outer loop
      vertex 26.866666666666667 0 11.6
      vertex 33.64885899083011 0 8.76393202250021
      vertex 33.402207806679264 0 8.958376137599876
    endloop
  endfacet
  facet normal 0 -1 0
    outer loop
      vertex 26.866666666666667 0 11.6
      vertex 33.9100057411362 0 8.589439342583631
      vertex 33.64885899083011 0 8.76393202250021
    endloop
  endfacet
  facet normal 0 -1 0
    outer loop
      vertex 26.866666666666667 0 11.6
      vertex 34.18403800104181 0 8.435973903246529
      vertex 33.9100057411362 0 8.589439342583631
    endloop
  endfacet
  facet normal 0 -1 0
    outer loop
      vertex 26.866666666666667 0 11.6
      vertex 34.46926627053964 0 8.304481869954852
      vertex 34.18403800104181 0 8.435973903246529
    endloop
  endfacet
  facet normal 0 1 0
    outer loop
      vertex 46.491845121678764 30 11.6
      vertex 52 30 11.6
      vertex 46.474422526009285 30 11.267557028560814
    endloop
  endfacet
  facet normal 0 1 0
    outer loop
      vertex 46.474422526009285 30 11.267557028560814
      vertex 52 30 11.6
      vertex 46.44247989806721 30 10.902451137194403
    endloop
  endfacet
  facet normal 0 1 0
    outer loop
      vertex 46.44247989806721 30 10.902451137194403
      vertex 52 30 11.6
      vertex 46.39781472050709 30 10.538682437528363
    endloop
  endfacet
  facet normal 0 1 0
    outer loop
      vertex 46.39781472050709 30 10.538682437528363
      vertex 52 30 11.6
      vertex 46.34048140560283 30 10.176694134430376
    endloop
  endfacet
  facet normal 0 1 0
    outer loop
      vertex 46.34048140560283 30 10.176694134430376
      vertex 52 30 11.6
      vertex 46.27054980491013 30 9.816927248004504
    endloop
  endfacet
  facet normal 0 1 0
    outer loop
      vertex 52 30 11.6
      vertex 46.18810512344934 30 9.459820094593594
      vertex 46.27054980491013 30 9.816927248004504
    endloop
  endfacet
  facet normal 0 1 0
    outer loop
      vertex 52 30 11.6
      vertex 46.09324780733307 30 9.105807763722922
      vertex 46.18810512344934 30 9.459820094593594
    endloop
  endfacet
  facet normal 0 1 0
    outer loop
      vertex 52 30 11.6
      vertex 45.986093422402746 30 8.755321558132476
      vertex 46.09324780733307 30 9.105807763722922
    endloop
  endfacet
  facet normal 0 -1 0
    outer loop
      vertex 26.866666666666667 0 11.6
      vertex 52 0 0
      vertex 34.46926627053964 0 8.304481869954852
    endloop
  endfacet
  facet normal 0 -1 0
    outer loop
      vertex 0 0 0
      vertex 52 0 0
      vertex 26.866666666666667 0 11.6
    endloop
  endfacet
  facet normal 0 0 -1
    outer loop
      vertex 12.944543648263005 3.555456351736994 0
      vertex 13.091116405400085 3.7140178670919948 0
      vertex 52 0 0
    endloop
  endfacet
  facet normal 0 0 -1
    outer loop
      vertex 13.091116405400085 3.7140178670919948 0
      vertex 13.224796734531106 3.883590556195699 0
      vertex 52 0 0
    endloop
  endfacet
  facet normal 0 0 -1
    outer loop
      vertex 13.224796734531106 3.883590556195699 0
      vertex 13.344760451973753 4.0631289470311405 0
      vertex 52 0 0
    endloop
  endfacet
  facet normal 0 0 -1
    outer loop
      vertex 13.344760451973753 4.0631289470311405 0
      vertex 27.215762513251573 12.258477332233898 0
      vertex 52 0 0
    endloop
  endfacet
  facet normal 0 0 -1
    outer loop
      vertex 27.215762513251573 12.258477332233898 0
      vertex 27.430194778860635 12.28385706336337 0
      vertex 52 0 0
    endloop
  endfacet
  facet normal 0 0 -1
    outer loop
      vertex 27.430194778860635 12.28385706336337 0
      vertex 27.64197475060374 12.325982718906388 0
      vertex 52 0 0
    endloop
  endfacet
  facet normal 0 0 -1
    outer loop
      vertex 27.64197475060374 12.325982718906388 0
      vertex 27.849796734531104 12.384594580188327 0
      vertex 52 0 0
    endloop
  endfacet
  facet normal 0 0 -1
    outer loop
      vertex 27.849796734531104 12.384594580188327 0
      vertex 28.052379439003996 12.459331285593962 0
      vertex 52 0 0
    endloop
  endfacet
  facet normal 0 0 -1
    outer loop
      vertex 28.052379439003996 12.459331285593962 0
      vertex 28.248473874283754 12.549732058481988 0
      vertex 52 0 0
    endloop
  endfacet
  facet normal 0 0 -1
    outer loop
      vertex 28.248473874283754 12.549732058481988 0
      vertex 28.436871052968858 12.655239548026247 0
      vertex 52 0 0
    endloop
  endfacet
  facet normal 0 0 -1
    outer loop
      vertex 28.436871052968858 12.655239548026247 0
      vertex 28.6164094438043 12.775203265468894 0
      vertex 52 0 0
    endloop
  endfacet
  facet normal 0 0 -1
    outer loop
      vertex 28.6164094438043 12.775203265468894 0
      vertex 28.785982132908003 12.908883594599915 0
      vertex 52 0 0
    endloop
  endfacet
  facet normal 0 0 -1
    outer loop
      vertex 28.785982132908003 12.908883594599915 0
      vertex 28.944543648263007 13.055456351736995 0
      vertex 52 0 0
    endloop
  endfacet
  facet normal 0 0 -1
    outer loop
      vertex 28.944543648263007 13.055456351736995 0
      vertex 29.091116405400086 13.214017867091995 0
      vertex 52 0 0
    endloop
  endfacet
  facet normal 0 0 -1
    outer loop
      vertex 29.091116405400086 13.214017867091995 0
      vertex 29.224796734531104 13.3835905561957 0
      vertex 52 0 0
    endloop
  endfacet
  facet normal 0 0 -1
    outer loop
      vertex 29.224796734531104 13.3835905561957 0
      vertex 29.344760451973755 13.56312894703114 0
      vertex 52 0 0
    endloop
  endfacet
  facet normal 0 0 -1
    outer loop
      vertex 29.344760451973755 13.56312894703114 0
      vertex 29.45026794151801 13.751526125716246 0
      vertex 52 0 0
    endloop
  endfacet
  facet normal 0 0 -1
    outer loop
      vertex 29.45026794151801 13.751526125716246 0
      vertex 29.54066871440604 13.947620560996004 0
      vertex 52 0 0
    endloop
  endfacet
  facet normal 0 0 -1
    outer loop
      vertex 29.54066871440604 13.947620560996004 0
      vertex 29.615405419811673 14.150203265468894 0
      vertex 52 0 0
    endloop
  endfacet
  facet normal 0 0 -1
    outer loop
      vertex 29.615405419811673 14.150203265468894 0
      vertex 29.67401728109361 14.35802524939626 0
      vertex 52 0 0
    endloop
  endfacet
  facet normal 0 0 -1
    outer loop
      vertex 29.67401728109361 14.35802524939626 0
      vertex 29.71614293663663 14.569805221139365 0
      vertex 52 0 0
    endloop
  endfacet
  facet normal 0 0 -1
    outer loop
      vertex 29.71614293663663 14.569805221139365 0
      vertex 29.7415226677661 14.784237486748426 0
      vertex 52 0 0
    endloop
  endfacet
  facet normal 0 0 -1
    outer loop
      vertex 29.7415226677661 14.784237486748426 0
      vertex 29.75 15 0
      vertex 52 0 0
    endloop
  endfacet
  facet normal 0 0 -1
    outer loop
      vertex 29.75 15 0
      vertex 29.7415226677661 15.215762513251574 0
      vertex 52 0 0
    endloop
  endfacet
  facet normal 0 0 -1
    outer loop
      vertex 29.7415226677661 15.215762513251574 0
      vertex 29.71614293663663 15.430194778860635 0
      vertex 52 0 0
    endloop
  endfacet
  facet normal 0 0 -1
    outer loop
      vertex 29.71614293663663 15.430194778860635 0
      vertex 29.67401728109361 15.64197475060374 0
      vertex 52 0 0
    endloop
  endfacet
  facet normal 0 0 -1
    outer loop
      vertex 29.615405419811673 15.849796734531106 0
      vertex 52 0 0
      vertex 29.67401728109361 15.64197475060374 0
    endloop
  endfacet
  facet normal 0 0 -1
    outer loop
      vertex 29.615405419811673 15.849796734531106 0
      vertex 29.54066871440604 16.052379439003996 0
      vertex 52 0 0
    endloop
  endfacet
  facet normal 0 0 -1
    outer loop
      vertex 29.54066871440604 16.052379439003996 0
      vertex 42.775203265468896 13.3835905561957 0
      vertex 42.908883594599914 13.214017867091995 0
    endloop
  endfacet
  facet normal 0 0 -1
    outer loop
      vertex 29.54066871440604 16.052379439003996 0
      vertex 42.908883594599914 13.214017867091995 0
      vertex 43.05545635173699 13.055456351736995 0
    endloop
  endfacet
  facet normal 0 0 -1
    outer loop
      vertex 29.54066871440604 16.052379439003996 0
      vertex 43.214017867092 12.908883594599915 0
      vertex 43.3835905561957 12.775203265468894 0
    endloop
  endfacet
  facet normal 0 0 -1
    outer loop
      vertex 29.54066871440604 16.052379439003996 0
      vertex 43.56312894703114 12.655239548026247 0
      vertex 43.751526125716246 12.549732058481988 0
    endloop
  endfacet
  facet normal 0 0 -1
    outer loop
      vertex 29.54066871440604 16.052379439003996 0
      vertex 43.3835905561957 12.775203265468894 0
      vertex 43.56312894703114 12.655239548026247 0
    endloop
  endfacet
  facet normal 0 0 -1
    outer loop
      vertex 29.54066871440604 16.052379439003996 0
      vertex 43.05545635173699 13.055456351736995 0
      vertex 43.214017867092 12.908883594599915 0
    endloop
  endfacet
  facet normal 0 0 -1
    outer loop
      vertex 29.45026794151801 16.248473874283754 0
      vertex 42.45933128559396 16.052379439003996 0
      vertex 29.54066871440604 16.052379439003996 0
    endloop
  endfacet
  facet normal 0 0 -1
    outer loop
      vertex 29.45026794151801 16.248473874283754 0
      vertex 29.344760451973755 16.436871052968858 0
      vertex 42.549732058481986 16.248473874283754 0
    endloop
  endfacet
  facet normal 0 0 -1
    outer loop
      vertex 29.224796734531104 16.6164094438043 0
      vertex 42.655239548026245 16.436871052968858 0
      vertex 29.344760451973755 16.436871052968858 0
    endloop
  endfacet
  facet normal 0 0 -1
    outer loop
      vertex 29.224796734531104 16.6164094438043 0
      vertex 29.091116405400086 16.785982132908003 0
      vertex 42.775203265468896 16.6164094438043 0
    endloop
  endfacet
  facet normal 0 0 -1
    outer loop
      vertex 29.091116405400086 16.785982132908003 0
      vertex 28.944543648263007 16.944543648263007 0
      vertex 42.908883594599914 16.785982132908003 0
    endloop
  endfacet
  facet normal 0 0 -1
    outer loop
      vertex 28.785982132908003 17.091116405400086 0
      vertex 43.05545635173699 16.944543648263007 0
      vertex 28.944543648263007 16.944543648263007 0
    endloop
  endfacet
  facet normal 0 0 -1
    outer loop
      vertex 28.785982132908003 17.091116405400086 0
      vertex 28.6164094438043 17.224796734531104 0
      vertex 43.214017867092 17.091116405400086 0
    endloop
  endfacet
  facet normal 0 0 -1
    outer loop
      vertex 28.436871052968858 17.344760451973755 0
      vertex 43.3835905561957 17.224796734531104 0
      vertex 28.6164094438043 17.224796734531104 0
    endloop
  endfacet
  facet normal 0 0 -1
    outer loop
      vertex 28.436871052968858 17.344760451973755 0
      vertex 28.248473874283754 17.45026794151801 0
      vertex 43.56312894703114 17.344760451973755 0
    endloop
  endfacet
  facet normal 0 0 -1
    outer loop
      vertex 29.54066871440604 16.052379439003996 0
      vertex 42.45933128559396 13.947620560996004 0
      vertex 42.549732058481986 13.751526125716246 0
    endloop
  endfacet
  facet normal 0 0 -1
    outer loop
      vertex 29.54066871440604 16.052379439003996 0
      vertex 42.38459458018833 14.150203265468894 0
      vertex 42.45933128559396 13.947620560996004 0
    endloop
  endfacet
  facet normal 0 0 -1
    outer loop
      vertex 29.54066871440604 16.052379439003996 0
      vertex 42.32598271890639 14.35802524939626 0
      vertex 42.38459458018833 14.150203265468894 0
    endloop
  endfacet
  facet normal 0 0 -1
    outer loop
      vertex 29.54066871440604 16.052379439003996 0
      vertex 42.28385706336337 14.569805221139365 0
      vertex 42.32598271890639 14.35802524939626 0
    endloop
  endfacet
  facet normal 0 0 -1
    outer loop
      vertex 29.54066871440604 16.052379439003996 0
      vertex 42.258477332233895 14.784237486748426 0
      vertex 42.28385706336337 14.569805221139365 0
    endloop
  endfacet
  facet normal 0 0 -1
    outer loop
      vertex 29.54066871440604 16.052379439003996 0
      vertex 42.25 15 0
      vertex 42.258477332233895 14.784237486748426 0
    endloop
  endfacet
  facet normal 0 0 -1
    outer loop
      vertex 29.54066871440604 16.052379439003996 0
      vertex 42.258477332233895 15.215762513251574 0
      vertex 42.25 15 0
    endloop
  endfacet
  facet normal 0 0 -1
    outer loop
      vertex 29.54066871440604 16.052379439003996 0
      vertex 42.655239548026245 13.56312894703114 0
      vertex 42.775203265468896 13.3835905561957 0
    endloop
  endfacet
  facet normal 0 0 -1
    outer loop
      vertex 29.54066871440604 16.052379439003996 0
      vertex 42.549732058481986 13.751526125716246 0
      vertex 42.655239548026245 13.56312894703114 0
    endloop
  endfacet
  facet normal 0 0 -1
    outer loop
      vertex 29.54066871440604 16.052379439003996 0
      vertex 42.28385706336337 15.430194778860635 0
      vertex 42.258477332233895 15.215762513251574 0
    endloop
  endfacet
  facet normal 0 0 -1
    outer loop
      vertex 29.54066871440604 16.052379439003996 0
      vertex 42.32598271890639 15.64197475060374 0
      vertex 42.28385706336337 15.430194778860635 0
    endloop
  endfacet
  facet normal 0 0 -1
    outer loop
      vertex 29.54066871440604 16.052379439003996 0
      vertex 42.38459458018833 15.849796734531106 0
      vertex 42.32598271890639 15.64197475060374 0
    endloop
  endfacet
  facet normal 0 0 -1
    outer loop
      vertex 29.54066871440604 16.052379439003996 0
      vertex 42.45933128559396 16.052379439003996 0
      vertex 42.38459458018833 15.849796734531106 0
    endloop
  endfacet
  facet normal 0 0 -1
    outer loop
      vertex 29.45026794151801 16.248473874283754 0
      vertex 42.549732058481986 16.248473874283754 0
      vertex 42.45933128559396 16.052379439003996 0
    endloop
  endfacet
  facet normal 0 0 -1
    outer loop
      vertex 29.344760451973755 16.436871052968858 0
      vertex 42.655239548026245 16.436871052968858 0
      vertex 42.549732058481986 16.248473874283754 0
    endloop
  endfacet
  facet normal 0 0 -1
    outer loop
      vertex 29.224796734531104 16.6164094438043 0
      vertex 42.775203265468896 16.6164094438043 0
      vertex 42.655239548026245 16.436871052968858 0
    endloop
  endfacet
  facet normal 0 0 -1
    outer loop
      vertex 29.091116405400086 16.785982132908003 0
      vertex 42.908883594599914 16.785982132908003 0
      vertex 42.775203265468896 16.6164094438043 0
    endloop
  endfacet
  facet normal 0 0 -1
    outer loop
      vertex 28.944543648263007 16.944543648263007 0
      vertex 43.05545635173699 16.944543648263007 0
      vertex 42.908883594599914 16.785982132908003 0
    endloop
  endfacet
  facet normal 0 0 -1
    outer loop
      vertex 28.785982132908003 17.091116405400086 0
      vertex 43.214017867092 17.091116405400086 0
      vertex 43.05545635173699 16.944543648263007 0
    endloop
  endfacet
  facet normal 0 0 -1
    outer loop
      vertex 28.6164094438043 17.224796734531104 0
      vertex 43.3835905561957 17.224796734531104 0
      vertex 43.214017867092 17.091116405400086 0
    endloop
  endfacet
  facet normal 0 0 -1
    outer loop
      vertex 28.436871052968858 17.344760451973755 0
      vertex 43.56312894703114 17.344760451973755 0
      vertex 43.3835905561957 17.224796734531104 0
    endloop
  endfacet
  facet normal 0 0 -1
    outer loop
      vertex 28.248473874283754 17.45026794151801 0
      vertex 43.751526125716246 17.45026794151801 0
      vertex 43.56312894703114 17.344760451973755 0
    endloop
  endfacet
  facet normal 0 -1 0
    outer loop
      vertex 39.804226065180615 0 10.76393202250021
      vertex 39.695518130045144 0 10.469266270539642
      vertex 52 0 0
    endloop
  endfacet
  facet normal 0 -1 0
    outer loop
      vertex 39.977471198804814 0 11.6
      vertex 39.95075336238055 0 11.374262139839077
      vertex 52 0 0
    endloop
  endfacet
  facet normal 0 -1 0
    outer loop
      vertex 39.95075336238055 0 11.374262139839077
      vertex 39.88947968159071 0 11.066218544576378
      vertex 52 0 0
    endloop
  endfacet
  facet normal 0 -1 0
    outer loop
      vertex 39.88947968159071 0 11.066218544576378
      vertex 39.804226065180615 0 10.76393202250021
      vertex 52 0 0
    endloop
  endfacet
  facet normal 0 -1 0
    outer loop
      vertex 39.695518130045144 0 10.469266270539642
      vertex 39.56402609675347 0 10.184038001041813
      vertex 52 0 0
    endloop
  endfacet
  facet normal 0 -1 0
    outer loop
      vertex 39.56402609675347 0 10.184038001041813
      vertex 39.41056065741637 0 9.910005741136205
      vertex 52 0 0
    endloop
  endfacet
  facet normal 0 -1 0
    outer loop
      vertex 39.41056065741637 0 9.910005741136205
      vertex 39.236067977499786 0 9.648858990830107
      vertex 52 0 0
    endloop
  endfacet
  facet normal 0 -1 0
    outer loop
      vertex 39.236067977499786 0 9.648858990830107
      vertex 39.04162386240012 0 9.402207806679264
      vertex 52 0 0
    endloop
  endfacet
  facet normal 0 -1 0
    outer loop
      vertex 38.82842712474619 0 9.17157287525381
      vertex 52 0 0
      vertex 39.04162386240012 0 9.402207806679264
    endloop
  endfacet
  facet normal 0 -1 0
    outer loop
      vertex 38.82842712474619 0 9.17157287525381
      vertex 38.597792193320736 0 8.958376137599876
      vertex 52 0 0
    endloop
  endfacet
  facet normal 0 -1 0
    outer loop
      vertex 34.46926627053964 0 8.304481869954852
      vertex 52 0 0
      vertex 34.763932022500214 0 8.195773934819385
    endloop
  endfacet
  facet normal 0 -1 0
    outer loop
      vertex 34.763932022500214 0 8.195773934819385
      vertex 52 0 0
      vertex 35.06621854457638 0 8.110520318409293
    endloop
  endfacet
  facet normal 0 -1 0
    outer loop
      vertex 35.06621854457638 0 8.110520318409293
      vertex 52 0 0
      vertex 35.374262139839075 0 8.049246637619449
    endloop
  endfacet
  facet normal 0 -1 0
    outer loop
      vertex 35.374262139839075 0 8.049246637619449
      vertex 52 0 0
      vertex 35.68616361708862 0 8.012330665067488
    endloop
  endfacet
  facet normal 0 -1 0
    outer loop
      vertex 35.68616361708862 0 8.012330665067488
      vertex 52 0 0
      vertex 36 0 8
    endloop
  endfacet
  facet normal 0 -1 0
    outer loop
      vertex 36 0 8
      vertex 52 0 0
      vertex 36.31383638291138 0 8.012330665067488
    endloop
  endfacet
  facet normal 0 -1 0
    outer loop
      vertex 36.31383638291138 0 8.012330665067488
      vertex 52 0 0
      vertex 36.625737860160925 0 8.049246637619449
    endloop
  endfacet
  facet normal 0 -1 0
    outer loop
      vertex 36.93378145542362 0 8.110520318409293
      vertex 36.625737860160925 0 8.049246637619449
      vertex 52 0 0
    endloop
  endfacet
  facet normal 0 -1 0
    outer loop
      vertex 37.236067977499786 0 8.195773934819385
      vertex 36.93378145542362 0 8.110520318409293
      vertex 52 0 0
    endloop
  endfacet
  facet normal 0 -1 0
    outer loop
      vertex 38.597792193320736 0 8.958376137599876
      vertex 38.35114100916989 0 8.76393202250021
      vertex 52 0 0
    endloop
  endfacet
  facet normal 0 -1 0
    outer loop
      vertex 38.35114100916989 0 8.76393202250021
      vertex 38.0899942588638 0 8.589439342583631
      vertex 52 0 0
    endloop
  endfacet
  facet normal 0 -1 0
    outer loop
      vertex 38.0899942588638 0 8.589439342583631
      vertex 37.81596199895819 0 8.435973903246529
      vertex 52 0 0
    endloop
  endfacet
  facet normal 0 -1 0
    outer loop
      vertex 37.81596199895819 0 8.435973903246529
      vertex 37.53073372946036 0 8.304481869954852
      vertex 52 0 0
    endloop
  endfacet
  facet normal 0 -1 0
    outer loop
      vertex 37.236067977499786 0 8.195773934819385
      vertex 52 0 0
      vertex 37.53073372946036 0 8.304481869954852
    endloop
  endfacet
  facet normal 0 -1 0
    outer loop
      vertex 39.977471198804814 0 11.6
      vertex 52 0 0
      vertex 52 0 11.6
    endloop
  endfacet
  facet normal 0 0 -1
    outer loop
      vertex 29.54066871440604 16.052379439003996 0
      vertex 44.35802524939626 12.325982718906388 0
      vertex 52 0 0
    endloop
  endfacet
  facet normal 0 0 -1
    outer loop
      vertex 52 0 0
      vertex 44.35802524939626 12.325982718906388 0
      vertex 44.56980522113936 12.28385706336337 0
    endloop
  endfacet
  facet normal 0 0 -1
    outer loop
      vertex 52 0 0
      vertex 44.56980522113936 12.28385706336337 0
      vertex 44.784237486748424 12.258477332233898 0
    endloop
  endfacet
  facet normal 0 0 -1
    outer loop
      vertex 52 0 0
      vertex 44.784237486748424 12.258477332233898 0
      vertex 45 12.25 0
    endloop
  endfacet
  facet normal 0 0 -1
    outer loop
      vertex 52 0 0
      vertex 45 12.25 0
      vertex 45.215762513251576 12.258477332233898 0
    endloop
  endfacet
  facet normal 0 0 -1
    outer loop
      vertex 52 0 0
      vertex 45.215762513251576 12.258477332233898 0
      vertex 45.43019477886064 12.28385706336337 0
    endloop
  endfacet
  facet normal 0 0 -1
    outer loop
      vertex 52 0 0
      vertex 45.43019477886064 12.28385706336337 0
      vertex 45.64197475060374 12.325982718906388 0
    endloop
  endfacet
  facet normal 0 0 -1
    outer loop
      vertex 52 0 0
      vertex 45.64197475060374 12.325982718906388 0
      vertex 45.849796734531104 12.384594580188327 0
    endloop
  endfacet
  facet normal 0 0 -1
    outer loop
      vertex 52 0 0
      vertex 45.849796734531104 12.384594580188327 0
      vertex 46.052379439004 12.459331285593962 0
    endloop
  endfacet
  facet normal 0 0 -1
    outer loop
      vertex 52 0 0
      vertex 46.052379439004 12.459331285593962 0
      vertex 46.248473874283754 12.549732058481988 0
    endloop
  endfacet
  facet normal 0 0 -1
    outer loop
      vertex 52 0 0
      vertex 46.248473874283754 12.549732058481988 0
      vertex 46.43687105296886 12.655239548026247 0
    endloop
  endfacet
  facet normal 0 0 -1
    outer loop
      vertex 52 0 0
      vertex 46.43687105296886 12.655239548026247 0
      vertex 46.6164094438043 12.775203265468894 0
    endloop
  endfacet
  facet normal 0 0 -1
    outer loop
      vertex 52 0 0
      vertex 46.6164094438043 12.775203265468894 0
      vertex 46.785982132908 12.908883594599915 0
    endloop
  endfacet
  facet normal 0 0 -1
    outer loop
      vertex 52 0 0
      vertex 46.785982132908 12.908883594599915 0
      vertex 46.94454364826301 13.055456351736995 0
    endloop
  endfacet
  facet normal 0 0 -1
    outer loop
      vertex 52 0 0
      vertex 46.94454364826301 13.055456351736995 0
      vertex 47.091116405400086 13.214017867091995 0
    endloop
  endfacet
  facet normal 0 0 -1
    outer loop
      vertex 52 0 0
      vertex 47.091116405400086 13.214017867091995 0
      vertex 47.224796734531104 13.3835905561957 0
    endloop
  endfacet
  facet normal 0 0 -1
    outer loop
      vertex 52 0 0
      vertex 47.224796734531104 13.3835905561957 0
      vertex 47.344760451973755 13.56312894703114 0
    endloop
  endfacet
  facet normal 0 0 -1
    outer loop
      vertex 52 0 0
      vertex 47.344760451973755 13.56312894703114 0
      vertex 47.450267941518014 13.751526125716246 0
    endloop
  endfacet
  facet normal 0 0 -1
    outer loop
      vertex 52 0 0
      vertex 47.450267941518014 13.751526125716246 0
      vertex 47.54066871440604 13.947620560996004 0
    endloop
  endfacet
  facet normal 0 0 -1
    outer loop
      vertex 52 0 0
      vertex 47.54066871440604 13.947620560996004 0
      vertex 47.61540541981167 14.150203265468894 0
    endloop
  endfacet
  facet normal 0 0 -1
    outer loop
      vertex 29.54066871440604 16.052379439003996 0
      vertex 43.947620560996 12.459331285593962 0
      vertex 44.150203265468896 12.384594580188327 0
    endloop
  endfacet
  facet normal 0 0 -1
    outer loop
      vertex 29.54066871440604 16.052379439003996 0
      vertex 44.150203265468896 12.384594580188327 0
      vertex 44.35802524939626 12.325982718906388 0
    endloop
  endfacet
  facet normal 0 0 -1
    outer loop
      vertex 29.54066871440604 16.052379439003996 0
      vertex 43.751526125716246 12.549732058481988 0
      vertex 43.947620560996 12.459331285593962 0
    endloop
  endfacet
  facet normal 1 0 0
    outer loop
      vertex 52 0 11.6
      vertex 52 0 0
      vertex 52 30 0
    endloop
  endfacet
  facet normal 0 0 -1
    outer loop
      vertex 52 0 0
      vertex 47.61540541981167 14.150203265468894 0
      vertex 47.67401728109361 14.35802524939626 0
    endloop
  endfacet
  facet normal 0 0 -1
    outer loop
      vertex 52 0 0
      vertex 47.67401728109361 14.35802524939626 0
      vertex 47.71614293663663 14.569805221139365 0
    endloop
  endfacet
  facet normal 0 0 -1
    outer loop
      vertex 52 0 0
      vertex 47.71614293663663 14.569805221139365 0
      vertex 47.741522667766105 14.784237486748426 0
    endloop
  endfacet
  facet normal 0 0 -1
    outer loop
      vertex 52 0 0
      vertex 47.741522667766105 14.784237486748426 0
      vertex 47.75 15 0
    endloop
  endfacet
  facet normal 0 0 -1
    outer loop
      vertex 52 0 0
      vertex 47.75 15 0
      vertex 47.741522667766105 15.215762513251574 0
    endloop
  endfacet
  facet normal 0 0 -1
    outer loop
      vertex 52 0 0
      vertex 47.741522667766105 15.215762513251574 0
      vertex 47.71614293663663 15.430194778860635 0
    endloop
  endfacet
  facet normal 0 0 -1
    outer loop
      vertex 52 0 0
      vertex 47.71614293663663 15.430194778860635 0
      vertex 47.67401728109361 15.64197475060374 0
    endloop
  endfacet
  facet normal 0 0 -1
    outer loop
      vertex 52 0 0
      vertex 47.67401728109361 15.64197475060374 0
      vertex 52 30 0
    endloop
  endfacet
  facet normal 0 0 -1
    outer loop
      vertex 13.344760451973753 25.936871052968858 0
      vertex 13.224796734531106 26.1164094438043 0
      vertex 52 30 0
    endloop
  endfacet
  facet normal 0 0 -1
    outer loop
      vertex 12.944543648263005 26.444543648263007 0
      vertex 52 30 0
      vertex 13.091116405400085 26.285982132908003 0
    endloop
  endfacet
  facet normal 0 0 -1
    outer loop
      vertex 13.224796734531106 26.1164094438043 0
      vertex 13.091116405400085 26.285982132908003 0
      vertex 52 30 0
    endloop
  endfacet
  facet normal 0 0 -1
    outer loop
      vertex 13.344760451973753 25.936871052968858 0
      vertex 52 30 0
      vertex 27.215762513251573 17.7415226677661 0
    endloop
  endfacet
  facet normal 0 0 -1
    outer loop
      vertex 27.215762513251573 17.7415226677661 0
      vertex 52 30 0
      vertex 27.430194778860635 17.71614293663663 0
    endloop
  endfacet
  facet normal 0 0 -1
    outer loop
      vertex 27.430194778860635 17.71614293663663 0
      vertex 52 30 0
      vertex 27.64197475060374 17.67401728109361 0
    endloop
  endfacet
  facet normal 0 0 -1
    outer loop
      vertex 28.248473874283754 17.45026794151801 0
      vertex 28.052379439003996 17.54066871440604 0
      vertex 52 30 0
    endloop
  endfacet
  facet normal 0 0 -1
    outer loop
      vertex 27.64197475060374 17.67401728109361 0
      vertex 52 30 0
      vertex 27.849796734531104 17.615405419811673 0
    endloop
  endfacet
  facet normal 0 0 -1
    outer loop
      vertex 27.849796734531104 17.615405419811673 0
      vertex 52 30 0
      vertex 28.052379439003996 17.54066871440604 0
    endloop
  endfacet
  facet normal 0 1 0
    outer loop
      vertex 0 30 0
      vertex 34.13243708915276 30 4.2210406368185875
      vertex 52 30 0
    endloop
  endfacet
  facet normal 1 0 0
    outer loop
      vertex 52 0 11.6
      vertex 52 30 0
      vertex 52 30 11.6
    endloop
  endfacet
  facet normal 0 1 0
    outer loop
      vertex 41.140734036044215 30 5.873511745374169
      vertex 42.749269900022504 30 3.9565333519216015
      vertex 40.70228201833979 30 5.52786404500042
    endloop
  endfacet
  facet normal 0 1 0
    outer loop
      vertex 40.179988517727594 30 5.178878685167263
      vertex 40.70228201833979 30 5.52786404500042
      vertex 42.749269900022504 30 3.9565333519216015
    endloop
  endfacet
  facet normal 0 1 0
    outer loop
      vertex 40.179988517727594 30 5.178878685167263
      vertex 42.749269900022504 30 3.9565333519216015
      vertex 39.631923997916374 30 4.871947806493057
    endloop
  endfacet
  facet normal 0 1 0
    outer loop
      vertex 52 30 11.6
      vertex 52 30 0
      vertex 45.986093422402746 30 8.755321558132476
    endloop
  endfacet
  facet normal 0 1 0
    outer loop
      vertex 45.986093422402746 30 8.755321558132476
      vertex 52 30 0
      vertex 45.86677252114367 30 8.40878849682062
    endloop
  endfacet
  facet normal 0 1 0
    outer loop
      vertex 45.86677252114367 30 8.40878849682062
      vertex 52 30 0
      vertex 45.73543047090517 30 8.066630770365137
    endloop
  endfacet
  facet normal 0 1 0
    outer loop
      vertex 45.73543047090517 30 8.066630770365137
      vertex 52 30 0
      vertex 45.592227307310644 30 7.729265250264399
    endloop
  endfacet
  facet normal 0 1 0
    outer loop
      vertex 45.437337485506234 30 7.39710295548835
      vertex 45.592227307310644 30 7.729265250264399
      vertex 52 30 0
    endloop
  endfacet
  facet normal 0 1 0
    outer loop
      vertex 45.437337485506234 30 7.39710295548835
      vertex 52 30 0
      vertex 45.270949722759596 30 7.070548591523498
    endloop
  endfacet
  facet normal 0 1 0
    outer loop
      vertex 45.270949722759596 30 7.070548591523498
      vertex 52 30 0
      vertex 45.09326674026229 30 6.74999999666634
    endloop
  endfacet
  facet normal 0 1 0
    outer loop
      vertex 45.09326674026229 30 6.74999999666634
      vertex 52 30 0
      vertex 44.904505011193294 30 6.4358477251508726
    endloop
  endfacet
  facet normal 0 1 0
    outer loop
      vertex 44.904505011193294 30 6.4358477251508726
      vertex 52 30 0
      vertex 44.70489451196767 30 6.1284745136995715
    endloop
  endfacet
  facet normal 0 0 -1
    outer loop
      vertex 28.248473874283754 17.45026794151801 0
      vertex 52 30 0
      vertex 43.751526125716246 17.45026794151801 0
    endloop
  endfacet
  facet normal 0 0 -1
    outer loop
      vertex 46.785982132908 17.091116405400086 0
      vertex 52 30 0
      vertex 46.94454364826301 16.944543648263007 0
    endloop
  endfacet
  facet normal 0 0 -1
    outer loop
      vertex 47.091116405400086 16.785982132908003 0
      vertex 46.94454364826301 16.944543648263007 0
      vertex 52 30 0
    endloop
  endfacet
  facet normal 0 0 -1
    outer loop
      vertex 43.751526125716246 17.45026794151801 0
      vertex 52 30 0
      vertex 43.947620560996 17.54066871440604 0
    endloop
  endfacet
  facet normal 0 0 -1
    outer loop
      vertex 43.947620560996 17.54066871440604 0
      vertex 52 30 0
      vertex 44.150203265468896 17.615405419811673 0
    endloop
  endfacet
  facet normal 0 0 -1
    outer loop
      vertex 44.150203265468896 17.615405419811673 0
      vertex 52 30 0
      vertex 44.35802524939626 17.67401728109361 0
    endloop
  endfacet
  facet normal 0 0 -1
    outer loop
      vertex 44.35802524939626 17.67401728109361 0
      vertex 52 30 0
      vertex 44.56980522113936 17.71614293663663 0
    endloop
  endfacet
  facet normal 0 0 -1
    outer loop
      vertex 44.56980522113936 17.71614293663663 0
      vertex 52 30 0
      vertex 44.784237486748424 17.7415226677661 0
    endloop
  endfacet
  facet normal 0 0 -1
    outer loop
      vertex 44.784237486748424 17.7415226677661 0
      vertex 52 30 0
      vertex 45 17.75 0
    endloop
  endfacet
  facet normal 0 0 -1
    outer loop
      vertex 45 17.75 0
      vertex 52 30 0
      vertex 45.215762513251576 17.7415226677661 0
    endloop
  endfacet
  facet normal 0 0 -1
    outer loop
      vertex 45.215762513251576 17.7415226677661 0
      vertex 52 30 0
      vertex 45.43019477886064 17.71614293663663 0
    endloop
  endfacet
  facet normal 0 0 -1
    outer loop
      vertex 45.43019477886064 17.71614293663663 0
      vertex 52 30 0
      vertex 45.64197475060374 17.67401728109361 0
    endloop
  endfacet
  facet normal 0 0 -1
    outer loop
      vertex 45.64197475060374 17.67401728109361 0
      vertex 52 30 0
      vertex 45.849796734531104 17.615405419811673 0
    endloop
  endfacet
  facet normal 0 0 -1
    outer loop
      vertex 46.248473874283754 17.45026794151801 0
      vertex 46.052379439004 17.54066871440604 0
      vertex 52 30 0
    endloop
  endfacet
  facet normal 0 0 -1
    outer loop
      vertex 46.248473874283754 17.45026794151801 0
      vertex 52 30 0
      vertex 46.43687105296886 17.344760451973755 0
    endloop
  endfacet
  facet normal 0 0 -1
    outer loop
      vertex 45.849796734531104 17.615405419811673 0
      vertex 52 30 0
      vertex 46.052379439004 17.54066871440604 0
    endloop
  endfacet
  facet normal 0 0 -1
    outer loop
      vertex 46.43687105296886 17.344760451973755 0
      vertex 52 30 0
      vertex 46.6164094438043 17.224796734531104 0
    endloop
  endfacet
  facet normal 0 0 -1
    outer loop
      vertex 46.785982132908 17.091116405400086 0
      vertex 46.6164094438043 17.224796734531104 0
      vertex 52 30 0
    endloop
  endfacet
  facet normal 0 0 -1
    outer loop
      vertex 47.67401728109361 15.64197475060374 0
      vertex 47.61540541981167 15.849796734531106 0
      vertex 52 30 0
    endloop
  endfacet
  facet normal 0 0 -1
    outer loop
      vertex 47.61540541981167 15.849796734531106 0
      vertex 47.54066871440604 16.052379439003996 0
      vertex 52 30 0
    endloop
  endfacet
  facet normal 0 0 -1
    outer loop
      vertex 47.450267941518014 16.248473874283754 0
      vertex 52 30 0
      vertex 47.54066871440604 16.052379439003996 0
    endloop
  endfacet
  facet normal 0 0 -1
    outer loop
      vertex 47.450267941518014 16.248473874283754 0
      vertex 47.344760451973755 16.436871052968858 0
      vertex 52 30 0
    endloop
  endfacet
  facet normal 0 0 -1
    outer loop
      vertex 47.224796734531104 16.6164094438043 0
      vertex 52 30 0
      vertex 47.344760451973755 16.436871052968858 0
    endloop
  endfacet
  facet normal 0 0 -1
    outer loop
      vertex 47.224796734531104 16.6164094438043 0
      vertex 47.091116405400086 16.785982132908003 0
      vertex 52 30 0
    endloop
  endfacet
  facet normal 0 1 0
    outer loop
      vertex 34.13243708915276 30 4.2210406368185875
      vertex 34.74852427967815 30 4.098493275238898
      vertex 52 30 0
    endloop
  endfacet
  facet normal 0 1 0
    outer loop
      vertex 34.74852427967815 30 4.098493275238898
      vertex 35.37232723417724 30 4.024661330134976
      vertex 52 30 0
    endloop
  endfacet
  facet normal 0 1 0
    outer loop
      vertex 35.37232723417724 30 4.024661330134976
      vertex 36 30 4
      vertex 52 30 0
    endloop
  endfacet
  facet normal 0 1 0
    outer loop
      vertex 36 30 4
      vertex 36.62767276582276 30 4.024661330134976
      vertex 52 30 0
    endloop
  endfacet
  facet normal 0 1 0
    outer loop
      vertex 36.62767276582276 30 4.024661330134976
      vertex 37.25147572032185 30 4.098493275238898
      vertex 52 30 0
    endloop
  endfacet
  facet normal 0 1 0
    outer loop
      vertex 38.47213595499958 30 4.391547869638772
      vertex 39.06146745892072 30 4.608963739909706
      vertex 52 30 0
    endloop
  endfacet
  facet normal 0 1 0
    outer loop
      vertex 39.631923997916374 30 4.871947806493057
      vertex 52 30 0
      vertex 39.06146745892072 30 4.608963739909706
    endloop
  endfacet
  facet normal 0 1 0
    outer loop
      vertex 37.25147572032185 30 4.098493275238898
      vertex 37.86756291084724 30 4.2210406368185875
      vertex 52 30 0
    endloop
  endfacet
  facet normal 0 1 0
    outer loop
      vertex 38.47213595499958 30 4.391547869638772
      vertex 52 30 0
      vertex 37.86756291084724 30 4.2210406368185875
    endloop
  endfacet
  facet normal 0 1 0
    outer loop
      vertex 39.631923997916374 30 4.871947806493057
      vertex 42.749269900022504 30 3.9565333519216015
      vertex 52 30 0
    endloop
  endfacet
  facet normal 0 1 0
    outer loop
      vertex 44.49467844059625 30 5.828254853839606
      vertex 44.70489451196767 30 6.1284745136995715
      vertex 52 30 0
    endloop
  endfacet
  facet normal 0 1 0
    outer loop
      vertex 44.49467844059625 30 5.828254853839606
      vertex 52 30 0
      vertex 44.27411290985535 30 5.535554510198887
    endloop
  endfacet
  facet normal 0 1 0
    outer loop
      vertex 44.27411290985535 30 5.535554510198887
      vertex 52 30 0
      vertex 44.0434666521414 30 5.25073009911978
    endloop
  endfacet
  facet normal 0 1 0
    outer loop
      vertex 43.55306790028214 30 4.70608711174097
      vertex 52 30 0
      vertex 43.29391288651289 30 4.446932095913439
    endloop
  endfacet
  facet normal 0 1 0
    outer loop
      vertex 44.0434666521414 30 5.25073009911978
      vertex 52 30 0
      vertex 43.80302066852183 30 4.974128635748935
    endloop
  endfacet
  facet normal 0 1 0
    outer loop
      vertex 43.80302066852183 30 4.974128635748935
      vertex 52 30 0
      vertex 43.55306790028214 30 4.70608711174097
    endloop
  endfacet
  facet normal 0 1 0
    outer loop
      vertex 43.29391288651289 30 4.446932095913439
      vertex 52 30 0
      vertex 43.02587136498291 30 4.196979336685504
    endloop
  endfacet
  facet normal 0 1 0
    outer loop
      vertex 43.02587136498291 30 4.196979336685504
      vertex 52 30 0
      vertex 42.749269900022504 30 3.9565333519216015
    endloop
  endfacet
  facet normal 0 0.9930684569549261 0.11753739745784071
    outer loop
      vertex 0 11.022528801195186 11.6
      vertex 11.022528801195186 11.022528801195186 11.6
      vertex 0 11.049246637619449 11.374262139839077
    endloop
  endfacet
  facet normal 0 0.980785280403231 0.19509032201612603
    outer loop
      vertex 0 11.049246637619449 11.374262139839077
      vertex 22 11.049246637619449 11.374262139839077
      vertex 0 11.110520318409293 11.066218544576378
    endloop
  endfacet
  facet normal 0 0.9624552364536468 0.2714404498650758
    outer loop
      vertex 0 11.110520318409293 11.066218544576378
      vertex 22 11.110520318409293 11.066218544576378
      vertex 0 11.195773934819385 10.76393202250021
    endloop
  endfacet
  facet normal 0 0.9381913359224844 0.34611705707749224
    outer loop
      vertex 0 11.195773934819385 10.76393202250021
      vertex 22 11.195773934819385 10.76393202250021
      vertex 0 11.304481869954852 10.469266270539642
    endloop
  endfacet
  facet normal 0 0.9081431738250803 0.41865973753743047
    outer loop
      vertex 0 11.304481869954852 10.469266270539642
      vertex 22 11.304481869954852 10.469266270539642
      vertex 0 11.435973903246529 10.184038001041813
    endloop
  endfacet
  facet normal 0 0.8724960070727972 0.48862124149695474
    outer loop
      vertex 0 11.435973903246529 10.184038001041813
      vertex 22 11.435973903246529 10.184038001041813
      vertex 0 11.589439342583631 9.910005741136205
    endloop
  endfacet
  facet normal 0 0.9930684569549258 0.11753739745784067
    outer loop
      vertex 0 11.049246637619449 11.374262139839077
      vertex 11.022528801195186 11.022528801195186 11.6
      vertex 22 11.022528801195186 11.6
    endloop
  endfacet
  facet normal 0 -0.993068456954927 0.11753739745783298
    outer loop
      vertex 0 18.977471198804814 11.6
      vertex 0 18.950753362380553 11.374262139839077
      vertex 22 18.950753362380553 11.374262139839077
    endloop
  endfacet
  facet normal 0 -0.9807852804032299 0.19509032201613147
    outer loop
      vertex 0 18.950753362380553 11.374262139839077
      vertex 0 18.889479681590707 11.066218544576378
      vertex 22 18.889479681590707 11.066218544576378
    endloop
  endfacet
  facet normal 0 -0.9624552364536468 0.2714404498650758
    outer loop
      vertex 0 18.889479681590707 11.066218544576378
      vertex 0 18.804226065180615 10.76393202250021
      vertex 22 18.804226065180615 10.76393202250021
    endloop
  endfacet
  facet normal 0 -0.9381913359224844 0.34611705707749224
    outer loop
      vertex 0 18.804226065180615 10.76393202250021
      vertex 0 18.695518130045148 10.469266270539642
      vertex 22 18.695518130045148 10.469266270539642
    endloop
  endfacet
  facet normal 0 -0.9081431738250824 0.4186597375374258
    outer loop
      vertex 0 18.695518130045148 10.469266270539642
      vertex 0 18.564026096753473 10.184038001041813
      vertex 22 18.564026096753473 10.184038001041813
    endloop
  endfacet
  facet normal 0 -0.8724960070727948 0.4886212414969591
    outer loop
      vertex 0 18.564026096753473 10.184038001041813
      vertex 0 18.41056065741637 9.910005741136205
      vertex 22 18.41056065741637 9.910005741136205
    endloop
  endfacet
  facet normal 0 0.8314696123025468 0.5555702330195998
    outer loop
      vertex 0 11.589439342583631 9.910005741136205
      vertex 22 11.589439342583631 9.910005741136205
      vertex 0 11.76393202250021 9.648858990830107
    endloop
  endfacet
  facet normal 0 0.7853169308807454 0.6190939493098334
    outer loop
      vertex 0 11.76393202250021 9.648858990830107
      vertex 22 11.76393202250021 9.648858990830107
      vertex 0 11.958376137599876 9.402207806679264
    endloop
  endfacet
  facet normal 0 0.7343225094356828 0.6788007455329447
    outer loop
      vertex 0 11.958376137599876 9.402207806679264
      vertex 22 11.958376137599876 9.402207806679264
      vertex 0 12.17157287525381 9.17157287525381
    endloop
  endfacet
  facet normal 0 0.6788007455329447 0.7343225094356828
    outer loop
      vertex 0 12.17157287525381 9.17157287525381
      vertex 22 12.17157287525381 9.17157287525381
      vertex 0 12.402207806679264 8.958376137599876
    endloop
  endfacet
  facet normal 0 0.6190939493098334 0.7853169308807454
    outer loop
      vertex 0 12.402207806679264 8.958376137599876
      vertex 22 12.402207806679264 8.958376137599876
      vertex 0 12.648858990830107 8.76393202250021
    endloop
  endfacet
  facet normal 0 0.5555702330195998 0.8314696123025468
    outer loop
      vertex 0 12.648858990830107 8.76393202250021
      vertex 22 12.648858990830107 8.76393202250021
      vertex 0 12.910005741136205 8.589439342583631
    endloop
  endfacet
  facet normal 0 0.48862124149695474 0.8724960070727972
    outer loop
      vertex 0 12.910005741136205 8.589439342583631
      vertex 22 12.910005741136205 8.589439342583631
      vertex 0 13.184038001041813 8.435973903246529
    endloop
  endfacet
  facet normal 0 0.41865973753743047 0.9081431738250803
    outer loop
      vertex 0 13.184038001041813 8.435973903246529
      vertex 22 13.184038001041813 8.435973903246529
      vertex 0 13.469266270539642 8.304481869954852
    endloop
  endfacet
  facet normal 0 0.34611705707749224 0.9381913359224844
    outer loop
      vertex 0 13.469266270539642 8.304481869954852
      vertex 22 13.469266270539642 8.304481869954852
      vertex 0 13.76393202250021 8.195773934819385
    endloop
  endfacet
  facet normal 0 0.2714404498650758 0.9624552364536468
    outer loop
      vertex 0 13.76393202250021 8.195773934819385
      vertex 22 13.76393202250021 8.195773934819385
      vertex 0 14.066218544576378 8.110520318409293
    endloop
  endfacet
  facet normal 0 0.19509032201612603 0.980785280403231
    outer loop
      vertex 0 14.066218544576378 8.110520318409293
      vertex 22 14.066218544576378 8.110520318409293
      vertex 0 14.374262139839077 8.049246637619449
    endloop
  endfacet
  facet normal 0 -0.8314696123025468 0.5555702330195998
    outer loop
      vertex 0 18.41056065741637 9.910005741136205
      vertex 0 18.23606797749979 9.648858990830107
      vertex 22 18.23606797749979 9.648858990830107
    endloop
  endfacet
  facet normal 0 -0.6788007455329419 0.7343225094356854
    outer loop
      vertex 0 17.82842712474619 9.17157287525381
      vertex 0 17.597792193320736 8.958376137599876
      vertex 22 17.597792193320736 8.958376137599876
    endloop
  endfacet
  facet normal 0 -0.7853169308807427 0.619093949309837
    outer loop
      vertex 0 18.23606797749979 9.648858990830107
      vertex 0 18.041623862400122 9.402207806679264
      vertex 22 18.041623862400122 9.402207806679264
    endloop
  endfacet
  facet normal 0 -0.7343225094356884 0.6788007455329386
    outer loop
      vertex 0 18.041623862400122 9.402207806679264
      vertex 0 17.82842712474619 9.17157287525381
      vertex 22 17.82842712474619 9.17157287525381
    endloop
  endfacet
  facet normal 0 0.11753739745783834 0.9930684569549262
    outer loop
      vertex 0 14.374262139839077 8.049246637619449
      vertex 22 14.374262139839077 8.049246637619449
      vertex 0 14.68616361708862 8.012330665067488
    endloop
  endfacet
  facet normal 0 0.039259815759067423 0.999229036240723
    outer loop
      vertex 0 14.68616361708862 8.012330665067488
      vertex 22 14.68616361708862 8.012330665067488
      vertex 0 15 8
    endloop
  endfacet
  facet normal 0 -0.039259815759067423 0.999229036240723
    outer loop
      vertex 0 15 8
      vertex 22 15 8
      vertex 0 15.31383638291138 8.012330665067488
    endloop
  endfacet
  facet normal 0 -0.11753739745783834 0.9930684569549262
    outer loop
      vertex 0 15.31383638291138 8.012330665067488
      vertex 22 15.31383638291138 8.012330665067488
      vertex 0 15.625737860160923 8.049246637619449
    endloop
  endfacet
  facet normal 0 -0.19509032201612603 0.980785280403231
    outer loop
      vertex 0 15.933781455423622 8.110520318409293
      vertex 0 15.625737860160923 8.049246637619449
      vertex 22 15.625737860160923 8.049246637619449
    endloop
  endfacet
  facet normal 0 -0.2714404498650758 0.9624552364536468
    outer loop
      vertex 0 16.23606797749979 8.195773934819385
      vertex 0 15.933781455423622 8.110520318409293
      vertex 22 15.933781455423622 8.110520318409293
    endloop
  endfacet
  facet normal 0 -0.34611705707749224 0.9381913359224844
    outer loop
      vertex 0 16.53073372946036 8.304481869954852
      vertex 0 16.23606797749979 8.195773934819385
      vertex 22 16.23606797749979 8.195773934819385
    endloop
  endfacet
  facet normal 0 -0.6190939493098334 0.7853169308807454
    outer loop
      vertex 0 17.597792193320736 8.958376137599876
      vertex 0 17.351141009169893 8.76393202250021
      vertex 22 17.351141009169893 8.76393202250021
    endloop
  endfacet
  facet normal 0 -0.5555702330196024 0.831469612302545
    outer loop
      vertex 0 17.351141009169893 8.76393202250021
      vertex 0 17.089994258863797 8.589439342583631
      vertex 22 17.089994258863797 8.589439342583631
    endloop
  endfacet
  facet normal 0 -0.48862124149695235 0.8724960070727986
    outer loop
      vertex 0 17.089994258863797 8.589439342583631
      vertex 0 16.815961998958187 8.435973903246529
      vertex 22 16.815961998958187 8.435973903246529
    endloop
  endfacet
  facet normal 0 -0.41865973753743047 0.9081431738250803
    outer loop
      vertex 0 16.53073372946036 8.304481869954852
      vertex 22 16.53073372946036 8.304481869954852
      vertex 0 16.815961998958187 8.435973903246529
    endloop
  endfacet
  facet normal 0 0.9930684569549258 0.11753739745784068
    outer loop
      vertex 0 11.049246637619449 11.374262139839077
      vertex 22 11.022528801195186 11.6
      vertex 22 11.049246637619449 11.374262139839077
    endloop
  endfacet
  facet normal 0 0.980785280403231 0.19509032201612603
    outer loop
      vertex 0 11.110520318409293 11.066218544576378
      vertex 22 11.049246637619449 11.374262139839077
      vertex 22 11.110520318409293 11.066218544576378
    endloop
  endfacet
  facet normal 0 0.9624552364536468 0.2714404498650758
    outer loop
      vertex 0 11.195773934819385 10.76393202250021
      vertex 22 11.110520318409293 11.066218544576378
      vertex 22 11.195773934819385 10.76393202250021
    endloop
  endfacet
  facet normal 0 0.9381913359224844 0.34611705707749224
    outer loop
      vertex 0 11.304481869954852 10.469266270539642
      vertex 22 11.195773934819385 10.76393202250021
      vertex 22 11.304481869954852 10.469266270539642
    endloop
  endfacet
  facet normal 0 0.9081431738250803 0.41865973753743047
    outer loop
      vertex 0 11.435973903246529 10.184038001041813
      vertex 22 11.304481869954852 10.469266270539642
      vertex 22 11.435973903246529 10.184038001041813
    endloop
  endfacet
  facet normal 0 0.8724960070727972 0.48862124149695474
    outer loop
      vertex 0 11.589439342583631 9.910005741136205
      vertex 22 11.435973903246529 10.184038001041813
      vertex 22 11.589439342583631 9.910005741136205
    endloop
  endfacet
  facet normal 0 -0.993068456954927 0.11753739745783298
    outer loop
      vertex 0 18.977471198804814 11.6
      vertex 22 18.950753362380553 11.374262139839077
      vertex 22 18.977471198804814 11.6
    endloop
  endfacet
  facet normal 0 -0.9807852804032299 0.19509032201613147
    outer loop
      vertex 0 18.950753362380553 11.374262139839077
      vertex 22 18.889479681590707 11.066218544576378
      vertex 22 18.950753362380553 11.374262139839077
    endloop
  endfacet
  facet normal 0 -0.9624552364536468 0.2714404498650758
    outer loop
      vertex 0 18.889479681590707 11.066218544576378
      vertex 22 18.804226065180615 10.76393202250021
      vertex 22 18.889479681590707 11.066218544576378
    endloop
  endfacet
  facet normal 0 -0.9381913359224844 0.34611705707749224
    outer loop
      vertex 0 18.804226065180615 10.76393202250021
      vertex 22 18.695518130045148 10.469266270539642
      vertex 22 18.804226065180615 10.76393202250021
    endloop
  endfacet
  facet normal 0 -0.9081431738250824 0.4186597375374258
    outer loop
      vertex 0 18.695518130045148 10.469266270539642
      vertex 22 18.564026096753473 10.184038001041813
      vertex 22 18.695518130045148 10.469266270539642
    endloop
  endfacet
  facet normal 0 -0.8724960070727948 0.4886212414969591
    outer loop
      vertex 0 18.564026096753473 10.184038001041813
      vertex 22 18.41056065741637 9.910005741136205
      vertex 22 18.564026096753473 10.184038001041813
    endloop
  endfacet
  facet normal 0 0.8314696123025468 0.5555702330195998
    outer loop
      vertex 0 11.76393202250021 9.648858990830107
      vertex 22 11.589439342583631 9.910005741136205
      vertex 22 11.76393202250021 9.648858990830107
    endloop
  endfacet
  facet normal 0 0.7853169308807454 0.6190939493098334
    outer loop
      vertex 0 11.958376137599876 9.402207806679264
      vertex 22 11.76393202250021 9.648858990830107
      vertex 22 11.958376137599876 9.402207806679264
    endloop
  endfacet
  facet normal 0 0.7343225094356828 0.6788007455329447
    outer loop
      vertex 0 12.17157287525381 9.17157287525381
      vertex 22 11.958376137599876 9.402207806679264
      vertex 22 12.17157287525381 9.17157287525381
    endloop
  endfacet
  facet normal 0 0.6788007455329447 0.7343225094356828
    outer loop
      vertex 0 12.402207806679264 8.958376137599876
      vertex 22 12.17157287525381 9.17157287525381
      vertex 22 12.402207806679264 8.958376137599876
    endloop
  endfacet
  facet normal 0 0.6190939493098334 0.7853169308807454
    outer loop
      vertex 0 12.648858990830107 8.76393202250021
      vertex 22 12.402207806679264 8.958376137599876
      vertex 22 12.648858990830107 8.76393202250021
    endloop
  endfacet
  facet normal 0 0.5555702330195998 0.8314696123025468
    outer loop
      vertex 0 12.910005741136205 8.589439342583631
      vertex 22 12.648858990830107 8.76393202250021
      vertex 22 12.910005741136205 8.589439342583631
    endloop
  endfacet
  facet normal 0 0.48862124149695474 0.8724960070727972
    outer loop
      vertex 0 13.184038001041813 8.435973903246529
      vertex 22 12.910005741136205 8.589439342583631
      vertex 22 13.184038001041813 8.435973903246529
    endloop
  endfacet
  facet normal 0 0.41865973753743047 0.9081431738250803
    outer loop
      vertex 0 13.469266270539642 8.304481869954852
      vertex 22 13.184038001041813 8.435973903246529
      vertex 22 13.469266270539642 8.304481869954852
    endloop
  endfacet
  facet normal 0 0.34611705707749224 0.9381913359224844
    outer loop
      vertex 0 13.76393202250021 8.195773934819385
      vertex 22 13.469266270539642 8.304481869954852
      vertex 22 13.76393202250021 8.195773934819385
    endloop
  endfacet
  facet normal 0 0.2714404498650758 0.9624552364536468
    outer loop
      vertex 0 14.066218544576378 8.110520318409293
      vertex 22 13.76393202250021 8.195773934819385
      vertex 22 14.066218544576378 8.110520318409293
    endloop
  endfacet
  facet normal 0 -0.8314696123025468 0.5555702330195998
    outer loop
      vertex 0 18.41056065741637 9.910005741136205
      vertex 22 18.23606797749979 9.648858990830107
      vertex 22 18.41056065741637 9.910005741136205
    endloop
  endfacet
  facet normal 0 -0.7853169308807427 0.619093949309837
    outer loop
      vertex 0 18.23606797749979 9.648858990830107
      vertex 22 18.041623862400122 9.402207806679264
      vertex 22 18.23606797749979 9.648858990830107
    endloop
  endfacet
  facet normal 0 -0.6788007455329419 0.7343225094356854
    outer loop
      vertex 0 17.82842712474619 9.17157287525381
      vertex 22 17.597792193320736 8.958376137599876
      vertex 22 17.82842712474619 9.17157287525381
    endloop
  endfacet
  facet normal 0 -0.7343225094356884 0.6788007455329386
    outer loop
      vertex 0 18.041623862400122 9.402207806679264
      vertex 22 17.82842712474619 9.17157287525381
      vertex 22 18.041623862400122 9.402207806679264
    endloop
  endfacet
  facet normal 0 0.19509032201612603 0.980785280403231
    outer loop
      vertex 0 14.374262139839077 8.049246637619449
      vertex 22 14.066218544576378 8.110520318409293
      vertex 22 14.374262139839077 8.049246637619449
    endloop
  endfacet
  facet normal 0 0.11753739745783834 0.9930684569549262
    outer loop
      vertex 0 14.68616361708862 8.012330665067488
      vertex 22 14.374262139839077 8.049246637619449
      vertex 22 14.68616361708862 8.012330665067488
    endloop
  endfacet
  facet normal 0 0.039259815759067423 0.999229036240723
    outer loop
      vertex 0 15 8
      vertex 22 14.68616361708862 8.012330665067488
      vertex 22 15 8
    endloop
  endfacet
  facet normal 0 -0.039259815759067423 0.999229036240723
    outer loop
      vertex 0 15.31383638291138 8.012330665067488
      vertex 22 15 8
      vertex 22 15.31383638291138 8.012330665067488
    endloop
  endfacet
  facet normal 0 -0.34611705707749224 0.9381913359224844
    outer loop
      vertex 0 16.53073372946036 8.304481869954852
      vertex 22 16.23606797749979 8.195773934819385
      vertex 22 16.53073372946036 8.304481869954852
    endloop
  endfacet
  facet normal 0 -0.11753739745783834 0.9930684569549262
    outer loop
      vertex 0 15.625737860160923 8.049246637619449
      vertex 22 15.31383638291138 8.012330665067488
      vertex 22 15.625737860160923 8.049246637619449
    endloop
  endfacet
  facet normal 0 -0.19509032201612603 0.980785280403231
    outer loop
      vertex 0 15.933781455423622 8.110520318409293
      vertex 22 15.625737860160923 8.049246637619449
      vertex 22 15.933781455423622 8.110520318409293
    endloop
  endfacet
  facet normal 0 -0.2714404498650758 0.9624552364536468
    outer loop
      vertex 0 16.23606797749979 8.195773934819385
      vertex 22 15.933781455423622 8.110520318409293
      vertex 22 16.23606797749979 8.195773934819385
    endloop
  endfacet
  facet normal 0 -0.6190939493098334 0.7853169308807454
    outer loop
      vertex 0 17.597792193320736 8.958376137599876
      vertex 22 17.351141009169893 8.76393202250021
      vertex 22 17.597792193320736 8.958376137599876
    endloop
  endfacet
  facet normal 0 -0.48862124149695235 0.8724960070727986
    outer loop
      vertex 0 17.089994258863797 8.589439342583631
      vertex 22 16.815961998958187 8.435973903246529
      vertex 22 17.089994258863797 8.589439342583631
    endloop
  endfacet
  facet normal 0 -0.5555702330196024 0.831469612302545
    outer loop
      vertex 0 17.351141009169893 8.76393202250021
      vertex 22 17.089994258863797 8.589439342583631
      vertex 22 17.351141009169893 8.76393202250021
    endloop
  endfacet
  facet normal 0 -0.41865973753743047 0.9081431738250803
    outer loop
      vertex 0 16.815961998958187 8.435973903246529
      vertex 22 16.53073372946036 8.304481869954852
      vertex 22 16.815961998958187 8.435973903246529
    endloop
  endfacet
  facet normal -1 0 0
    outer loop
      vertex 22 11.022528801195186 11.6
      vertex 22 18.977471198804814 11.6
      vertex 22 11.049246637619449 11.374262139839077
    endloop
  endfacet
  facet normal -1 0 0
    outer loop
      vertex 22 11.049246637619449 11.374262139839077
      vertex 22 18.950753362380553 11.374262139839077
      vertex 22 11.110520318409293 11.066218544576378
    endloop
  endfacet
  facet normal -1 0 0
    outer loop
      vertex 22 11.110520318409293 11.066218544576378
      vertex 22 18.889479681590707 11.066218544576378
      vertex 22 11.195773934819385 10.76393202250021
    endloop
  endfacet
  facet normal -1 0 0
    outer loop
      vertex 22 11.195773934819385 10.76393202250021
      vertex 22 18.804226065180615 10.76393202250021
      vertex 22 11.304481869954852 10.469266270539642
    endloop
  endfacet
  facet normal -1 0 0
    outer loop
      vertex 22 11.304481869954852 10.469266270539642
      vertex 22 18.695518130045148 10.469266270539642
      vertex 22 11.435973903246529 10.184038001041813
    endloop
  endfacet
  facet normal -1 0 0
    outer loop
      vertex 22 11.435973903246529 10.184038001041813
      vertex 22 18.564026096753473 10.184038001041813
      vertex 22 11.589439342583631 9.910005741136205
    endloop
  endfacet
  facet normal -1 0 0
    outer loop
      vertex 22 11.049246637619449 11.374262139839077
      vertex 22 18.977471198804814 11.6
      vertex 22 18.950753362380553 11.374262139839077
    endloop
  endfacet
  facet normal -1 0 0
    outer loop
      vertex 22 11.110520318409293 11.066218544576378
      vertex 22 18.950753362380553 11.374262139839077
      vertex 22 18.889479681590707 11.066218544576378
    endloop
  endfacet
  facet normal -1 0 0
    outer loop
      vertex 22 11.195773934819385 10.76393202250021
      vertex 22 18.889479681590707 11.066218544576378
      vertex 22 18.804226065180615 10.76393202250021
    endloop
  endfacet
  facet normal -1 0 0
    outer loop
      vertex 22 11.304481869954852 10.469266270539642
      vertex 22 18.804226065180615 10.76393202250021
      vertex 22 18.695518130045148 10.469266270539642
    endloop
  endfacet
  facet normal -1 0 0
    outer loop
      vertex 22 11.435973903246529 10.184038001041813
      vertex 22 18.695518130045148 10.469266270539642
      vertex 22 18.564026096753473 10.184038001041813
    endloop
  endfacet
  facet normal -1 0 0
    outer loop
      vertex 22 18.564026096753473 10.184038001041813
      vertex 22 18.41056065741637 9.910005741136205
      vertex 22 11.589439342583631 9.910005741136205
    endloop
  endfacet
  facet normal -1 0 0
    outer loop
      vertex 22 11.589439342583631 9.910005741136205
      vertex 22 18.41056065741637 9.910005741136205
      vertex 22 11.76393202250021 9.648858990830107
    endloop
  endfacet
  facet normal -1 0 0
    outer loop
      vertex 22 11.76393202250021 9.648858990830107
      vertex 22 18.23606797749979 9.648858990830107
      vertex 22 11.958376137599876 9.402207806679264
    endloop
  endfacet
  facet normal -1 0 0
    outer loop
      vertex 22 11.958376137599876 9.402207806679264
      vertex 22 18.041623862400122 9.402207806679264
      vertex 22 12.17157287525381 9.17157287525381
    endloop
  endfacet
  facet normal -1 0 0
    outer loop
      vertex 22 12.17157287525381 9.17157287525381
      vertex 22 17.82842712474619 9.17157287525381
      vertex 22 12.402207806679264 8.958376137599876
    endloop
  endfacet
  facet normal -1 0 0
    outer loop
      vertex 22 12.402207806679264 8.958376137599876
      vertex 22 17.597792193320736 8.958376137599876
      vertex 22 12.648858990830107 8.76393202250021
    endloop
  endfacet
  facet normal -1 0 0
    outer loop
      vertex 22 11.76393202250021 9.648858990830107
      vertex 22 18.41056065741637 9.910005741136205
      vertex 22 18.23606797749979 9.648858990830107
    endloop
  endfacet
  facet normal -1 0 0
    outer loop
      vertex 22 11.958376137599876 9.402207806679264
      vertex 22 18.23606797749979 9.648858990830107
      vertex 22 18.041623862400122 9.402207806679264
    endloop
  endfacet
  facet normal -1 0 0
    outer loop
      vertex 22 12.17157287525381 9.17157287525381
      vertex 22 18.041623862400122 9.402207806679264
      vertex 22 17.82842712474619 9.17157287525381
    endloop
  endfacet
  facet normal -1 0 0
    outer loop
      vertex 22 12.402207806679264 8.958376137599876
      vertex 22 17.82842712474619 9.17157287525381
      vertex 22 17.597792193320736 8.958376137599876
    endloop
  endfacet
  facet normal -1 0 0
    outer loop
      vertex 22 12.648858990830107 8.76393202250021
      vertex 22 17.351141009169893 8.76393202250021
      vertex 22 12.910005741136205 8.589439342583631
    endloop
  endfacet
  facet normal -1 0 0
    outer loop
      vertex 22 12.910005741136205 8.589439342583631
      vertex 22 17.089994258863797 8.589439342583631
      vertex 22 13.184038001041813 8.435973903246529
    endloop
  endfacet
  facet normal -1 0 0
    outer loop
      vertex 22 12.648858990830107 8.76393202250021
      vertex 22 17.597792193320736 8.958376137599876
      vertex 22 17.351141009169893 8.76393202250021
    endloop
  endfacet
  facet normal -1 0 0
    outer loop
      vertex 22 17.351141009169893 8.76393202250021
      vertex 22 17.089994258863797 8.589439342583631
      vertex 22 12.910005741136205 8.589439342583631
    endloop
  endfacet
  facet normal -1 0 0
    outer loop
      vertex 22 13.184038001041813 8.435973903246529
      vertex 22 16.815961998958187 8.435973903246529
      vertex 22 13.469266270539642 8.304481869954852
    endloop
  endfacet
  facet normal -1 0 0
    outer loop
      vertex 22 13.469266270539642 8.304481869954852
      vertex 22 16.53073372946036 8.304481869954852
      vertex 22 13.76393202250021 8.195773934819385
    endloop
  endfacet
  facet normal -1 0 0
    outer loop
      vertex 22 13.76393202250021 8.195773934819385
      vertex 22 16.23606797749979 8.195773934819385
      vertex 22 14.066218544576378 8.110520318409293
    endloop
  endfacet
  facet normal -1 0 0
    outer loop
      vertex 22 14.066218544576378 8.110520318409293
      vertex 22 15.933781455423622 8.110520318409293
      vertex 22 14.374262139839077 8.049246637619449
    endloop
  endfacet
  facet normal -1 0 0
    outer loop
      vertex 22 14.066218544576378 8.110520318409293
      vertex 22 16.23606797749979 8.195773934819385
      vertex 22 15.933781455423622 8.110520318409293
    endloop
  endfacet
  facet normal -1 0 0
    outer loop
      vertex 22 14.374262139839077 8.049246637619449
      vertex 22 15.625737860160923 8.049246637619449
      vertex 22 14.68616361708862 8.012330665067488
    endloop
  endfacet
  facet normal -1 0 0
    outer loop
      vertex 22 14.68616361708862 8.012330665067488
      vertex 22 15.31383638291138 8.012330665067488
      vertex 22 15 8
    endloop
  endfacet
  facet normal -1 0 0
    outer loop
      vertex 22 14.374262139839077 8.049246637619449
      vertex 22 15.933781455423622 8.110520318409293
      vertex 22 15.625737860160923 8.049246637619449
    endloop
  endfacet
  facet normal -1 0 0
    outer loop
      vertex 22 14.68616361708862 8.012330665067488
      vertex 22 15.625737860160923 8.049246637619449
      vertex 22 15.31383638291138 8.012330665067488
    endloop
  endfacet
  facet normal -1 0 0
    outer loop
      vertex 22 13.184038001041813 8.435973903246529
      vertex 22 17.089994258863797 8.589439342583631
      vertex 22 16.815961998958187 8.435973903246529
    endloop
  endfacet
  facet normal -1 0 0
    outer loop
      vertex 22 13.469266270539642 8.304481869954852
      vertex 22 16.815961998958187 8.435973903246529
      vertex 22 16.53073372946036 8.304481869954852
    endloop
  endfacet
  facet normal -1 0 0
    outer loop
      vertex 22 13.76393202250021 8.195773934819385
      vertex 22 16.53073372946036 8.304481869954852
      vertex 22 16.23606797749979 8.195773934819385
    endloop
  endfacet
  facet normal 0.9930684569549268 0 0.11753739745783297
    outer loop
      vertex 32.022528801195186 0 11.6
      vertex 32.04924663761945 0 11.374262139839077
      vertex 32.04924663761945 30 11.374262139839077
    endloop
  endfacet
  facet normal 0.9807852804032298 0 0.19509032201613144
    outer loop
      vertex 32.04924663761945 0 11.374262139839077
      vertex 32.11052031840929 0 11.066218544576378
      vertex 32.11052031840929 30 11.066218544576378
    endloop
  endfacet
  facet normal 0.9624552364536467 0 0.2714404498650758
    outer loop
      vertex 32.11052031840929 0 11.066218544576378
      vertex 32.195773934819385 0 10.76393202250021
      vertex 32.195773934819385 30 10.76393202250021
    endloop
  endfacet
  facet normal 0.9381913359224808 0 0.34611705707750223
    outer loop
      vertex 32.195773934819385 0 10.76393202250021
      vertex 32.304481869954856 0 10.469266270539642
      vertex 32.304481869954856 30 10.469266270539642
    endloop
  endfacet
  facet normal 0.9081431738250866 0 0.4186597375374164
    outer loop
      vertex 32.304481869954856 0 10.469266270539642
      vertex 32.43597390324653 0 10.184038001041813
      vertex 32.43597390324653 30 10.184038001041813
    endloop
  endfacet
  facet normal 0.8724960070727947 0 0.48862124149695907
    outer loop
      vertex 32.43597390324653 0 10.184038001041813
      vertex 32.58943934258363 0 9.910005741136205
      vertex 32.58943934258363 30 9.910005741136205
    endloop
  endfacet
  facet normal 0.8314696123025416 0 0.5555702330196076
    outer loop
      vertex 32.58943934258363 0 9.910005741136205
      vertex 32.763932022500214 0 9.648858990830107
      vertex 32.763932022500214 30 9.648858990830107
    endloop
  endfacet
  facet normal 0.7853169308807482 0 0.61909394930983
    outer loop
      vertex 32.763932022500214 0 9.648858990830107
      vertex 32.95837613759988 0 9.402207806679264
      vertex 32.95837613759988 30 9.402207806679264
    endloop
  endfacet
  facet normal 0.7343225094356884 0 0.6788007455329386
    outer loop
      vertex 32.95837613759988 0 9.402207806679264
      vertex 33.17157287525381 0 9.17157287525381
      vertex 33.17157287525381 30 9.17157287525381
    endloop
  endfacet
  facet normal 0.6788007455329419 0 0.7343225094356853
    outer loop
      vertex 33.17157287525381 0 9.17157287525381
      vertex 33.402207806679264 0 8.958376137599876
      vertex 33.402207806679264 30 8.958376137599876
    endloop
  endfacet
  facet normal 0.6190939493098334 0 0.7853169308807454
    outer loop
      vertex 33.402207806679264 0 8.958376137599876
      vertex 33.64885899083011 0 8.76393202250021
      vertex 33.64885899083011 30 8.76393202250021
    endloop
  endfacet
  facet normal 0.5555702330196025 0 0.8314696123025451
    outer loop
      vertex 33.64885899083011 0 8.76393202250021
      vertex 33.9100057411362 0 8.589439342583631
      vertex 33.9100057411362 30 8.589439342583631
    endloop
  endfacet
  facet normal 0.48862124149695235 0 0.8724960070727986
    outer loop
      vertex 33.9100057411362 0 8.589439342583631
      vertex 34.18403800104181 0 8.435973903246529
      vertex 34.18403800104181 30 8.435973903246529
    endloop
  endfacet
  facet normal 0.41865973753743047 0 0.9081431738250803
    outer loop
      vertex 34.18403800104181 0 8.435973903246529
      vertex 34.46926627053964 0 8.304481869954852
      vertex 34.46926627053964 30 8.304481869954852
    endloop
  endfacet
  facet normal 0.3461170570774886 0 0.9381913359224857
    outer loop
      vertex 34.46926627053964 0 8.304481869954852
      vertex 34.763932022500214 0 8.195773934819385
      vertex 34.763932022500214 30 8.195773934819385
    endloop
  endfacet
  facet normal 0.27144044986507726 0 0.9624552364536464
    outer loop
      vertex 34.763932022500214 0 8.195773934819385
      vertex 35.06621854457638 0 8.110520318409293
      vertex 35.06621854457638 30 8.110520318409293
    endloop
  endfacet
  facet normal 0.19509032201612816 0 0.9807852804032304
    outer loop
      vertex 35.06621854457638 0 8.110520318409293
      vertex 35.374262139839075 0 8.049246637619449
      vertex 35.374262139839075 30 8.049246637619449
    endloop
  endfacet
  facet normal 0.11753739745783902 0 0.9930684569549262
    outer loop
      vertex 35.374262139839075 0 8.049246637619449
      vertex 35.68616361708862 0 8.012330665067488
      vertex 35.68616361708862 30 8.012330665067488
    endloop
  endfacet
  facet normal -0.7343225094356884 0 0.6788007455329386
    outer loop
      vertex 38.82842712474619 0 9.17157287525381
      vertex 39.04162386240012 0 9.402207806679264
      vertex 39.04162386240012 30 9.402207806679264
    endloop
  endfacet
  facet normal -0.6788007455329419 0 0.7343225094356853
    outer loop
      vertex 38.82842712474619 0 9.17157287525381
      vertex 38.82842712474619 30 9.17157287525381
      vertex 38.597792193320736 0 8.958376137599876
    endloop
  endfacet
  facet normal 0.03925981575906697 0 0.9992290362407229
    outer loop
      vertex 35.68616361708862 0 8.012330665067488
      vertex 36 0 8
      vertex 36 30 8
    endloop
  endfacet
  facet normal -0.03925981575906697 0 0.9992290362407229
    outer loop
      vertex 36 0 8
      vertex 36.31383638291138 0 8.012330665067488
      vertex 36.31383638291138 30 8.012330665067488
    endloop
  endfacet
  facet normal -0.11753739745783902 0 0.9930684569549262
    outer loop
      vertex 36.31383638291138 0 8.012330665067488
      vertex 36.625737860160925 0 8.049246637619449
      vertex 36.625737860160925 30 8.049246637619449
    endloop
  endfacet
  facet normal -0.19509032201612816 0 0.9807852804032304
    outer loop
      vertex 36.93378145542362 0 8.110520318409293
      vertex 36.93378145542362 30 8.110520318409293
      vertex 36.625737860160925 0 8.049246637619449
    endloop
  endfacet
  facet normal -0.27144044986507726 0 0.9624552364536464
    outer loop
      vertex 37.236067977499786 0 8.195773934819385
      vertex 37.236067977499786 30 8.195773934819385
      vertex 36.93378145542362 0 8.110520318409293
    endloop
  endfacet
  facet normal -0.48862124149695235 0 0.8724960070727986
    outer loop
      vertex 38.0899942588638 0 8.589439342583631
      vertex 38.0899942588638 30 8.589439342583631
      vertex 37.81596199895819 0 8.435973903246529
    endloop
  endfacet
  facet normal -0.6190939493098334 0 0.7853169308807454
    outer loop
      vertex 38.597792193320736 0 8.958376137599876
      vertex 38.597792193320736 30 8.958376137599876
      vertex 38.35114100916989 0 8.76393202250021
    endloop
  endfacet
  facet normal -0.5555702330196025 0 0.8314696123025451
    outer loop
      vertex 38.35114100916989 0 8.76393202250021
      vertex 38.35114100916989 30 8.76393202250021
      vertex 38.0899942588638 0 8.589439342583631
    endloop
  endfacet
  facet normal -0.41865973753743047 0 0.9081431738250803
    outer loop
      vertex 37.81596199895819 0 8.435973903246529
      vertex 37.81596199895819 30 8.435973903246529
      vertex 37.53073372946036 0 8.304481869954852
    endloop
  endfacet
  facet normal -0.3461170570774886 0 0.9381913359224857
    outer loop
      vertex 37.236067977499786 0 8.195773934819385
      vertex 37.53073372946036 0 8.304481869954852
      vertex 37.53073372946036 30 8.304481869954852
    endloop
  endfacet
  facet normal -0.9930684569549268 0 0.11753739745783297
    outer loop
      vertex 39.977471198804814 0 11.6
      vertex 39.977471198804814 30 11.6
      vertex 39.95075336238055 0 11.374262139839077
    endloop
  endfacet
  facet normal -0.9807852804032298 0 0.19509032201613144
    outer loop
      vertex 39.95075336238055 0 11.374262139839077
      vertex 39.95075336238055 30 11.374262139839077
      vertex 39.88947968159071 0 11.066218544576378
    endloop
  endfacet
  facet normal -0.9381913359224808 0 0.34611705707750223
    outer loop
      vertex 39.804226065180615 0 10.76393202250021
      vertex 39.804226065180615 30 10.76393202250021
      vertex 39.695518130045144 0 10.469266270539642
    endloop
  endfacet
  facet normal -0.9624552364536467 0 0.2714404498650758
    outer loop
      vertex 39.88947968159071 0 11.066218544576378
      vertex 39.88947968159071 30 11.066218544576378
      vertex 39.804226065180615 0 10.76393202250021
    endloop
  endfacet
  facet normal -0.9081431738250866 0 0.4186597375374164
    outer loop
      vertex 39.695518130045144 0 10.469266270539642
      vertex 39.695518130045144 30 10.469266270539642
      vertex 39.56402609675347 0 10.184038001041813
    endloop
  endfacet
  facet normal -0.8724960070727947 0 0.48862124149695907
    outer loop
      vertex 39.56402609675347 0 10.184038001041813
      vertex 39.56402609675347 30 10.184038001041813
      vertex 39.41056065741637 0 9.910005741136205
    endloop
  endfacet
  facet normal -0.8314696123025416 0 0.5555702330196076
    outer loop
      vertex 39.41056065741637 0 9.910005741136205
      vertex 39.41056065741637 30 9.910005741136205
      vertex 39.236067977499786 0 9.648858990830107
    endloop
  endfacet
  facet normal -0.7853169308807482 0 0.61909394930983
    outer loop
      vertex 39.236067977499786 0 9.648858990830107
      vertex 39.236067977499786 30 9.648858990830107
      vertex 39.04162386240012 0 9.402207806679264
    endloop
  endfacet
  facet normal 0.9930684569549268 0 0.11753739745783297
    outer loop
      vertex 32.022528801195186 0 11.6
      vertex 32.04924663761945 30 11.374262139839077
      vertex 32.022528801195186 30 11.6
    endloop
  endfacet
  facet normal 0.9807852804032298 0 0.19509032201613144
    outer loop
      vertex 32.04924663761945 0 11.374262139839077
      vertex 32.11052031840929 30 11.066218544576378
      vertex 32.04924663761945 30 11.374262139839077
    endloop
  endfacet
  facet normal 0.9624552364536467 0 0.2714404498650758
    outer loop
      vertex 32.11052031840929 0 11.066218544576378
      vertex 32.195773934819385 30 10.76393202250021
      vertex 32.11052031840929 30 11.066218544576378
    endloop
  endfacet
  facet normal 0.9381913359224808 0 0.34611705707750223
    outer loop
      vertex 32.195773934819385 0 10.76393202250021
      vertex 32.304481869954856 30 10.469266270539642
      vertex 32.195773934819385 30 10.76393202250021
    endloop
  endfacet
  facet normal 0.9081431738250866 0 0.4186597375374164
    outer loop
      vertex 32.304481869954856 0 10.469266270539642
      vertex 32.43597390324653 30 10.184038001041813
      vertex 32.304481869954856 30 10.469266270539642
    endloop
  endfacet
  facet normal 0.8724960070727947 0 0.48862124149695907
    outer loop
      vertex 32.43597390324653 0 10.184038001041813
      vertex 32.58943934258363 30 9.910005741136205
      vertex 32.43597390324653 30 10.184038001041813
    endloop
  endfacet
  facet normal 0.8314696123025416 0 0.5555702330196076
    outer loop
      vertex 32.58943934258363 0 9.910005741136205
      vertex 32.763932022500214 30 9.648858990830107
      vertex 32.58943934258363 30 9.910005741136205
    endloop
  endfacet
  facet normal 0.7853169308807482 0 0.61909394930983
    outer loop
      vertex 32.763932022500214 0 9.648858990830107
      vertex 32.95837613759988 30 9.402207806679264
      vertex 32.763932022500214 30 9.648858990830107
    endloop
  endfacet
  facet normal 0.7343225094356884 0 0.6788007455329386
    outer loop
      vertex 32.95837613759988 0 9.402207806679264
      vertex 33.17157287525381 30 9.17157287525381
      vertex 32.95837613759988 30 9.402207806679264
    endloop
  endfacet
  facet normal 0.6788007455329419 0 0.7343225094356853
    outer loop
      vertex 33.17157287525381 0 9.17157287525381
      vertex 33.402207806679264 30 8.958376137599876
      vertex 33.17157287525381 30 9.17157287525381
    endloop
  endfacet
  facet normal 0.6190939493098334 0 0.7853169308807454
    outer loop
      vertex 33.402207806679264 0 8.958376137599876
      vertex 33.64885899083011 30 8.76393202250021
      vertex 33.402207806679264 30 8.958376137599876
    endloop
  endfacet
  facet normal 0.5555702330196025 0 0.8314696123025451
    outer loop
      vertex 33.64885899083011 0 8.76393202250021
      vertex 33.9100057411362 30 8.589439342583631
      vertex 33.64885899083011 30 8.76393202250021
    endloop
  endfacet
  facet normal 0.48862124149695235 0 0.8724960070727986
    outer loop
      vertex 33.9100057411362 0 8.589439342583631
      vertex 34.18403800104181 30 8.435973903246529
      vertex 33.9100057411362 30 8.589439342583631
    endloop
  endfacet
  facet normal 0.41865973753743047 0 0.9081431738250803
    outer loop
      vertex 34.18403800104181 0 8.435973903246529
      vertex 34.46926627053964 30 8.304481869954852
      vertex 34.18403800104181 30 8.435973903246529
    endloop
  endfacet
  facet normal 0.3461170570774886 0 0.9381913359224857
    outer loop
      vertex 34.46926627053964 0 8.304481869954852
      vertex 34.763932022500214 30 8.195773934819385
      vertex 34.46926627053964 30 8.304481869954852
    endloop
  endfacet
  facet normal 0.27144044986507726 0 0.9624552364536464
    outer loop
      vertex 34.763932022500214 0 8.195773934819385
      vertex 35.06621854457638 30 8.110520318409293
      vertex 34.763932022500214 30 8.195773934819385
    endloop
  endfacet
  facet normal 0.19509032201612816 0 0.9807852804032304
    outer loop
      vertex 35.06621854457638 0 8.110520318409293
      vertex 35.374262139839075 30 8.049246637619449
      vertex 35.06621854457638 30 8.110520318409293
    endloop
  endfacet
  facet normal 0.11753739745783902 0 0.9930684569549262
    outer loop
      vertex 35.374262139839075 0 8.049246637619449
      vertex 35.68616361708862 30 8.012330665067488
      vertex 35.374262139839075 30 8.049246637619449
    endloop
  endfacet
  facet normal -0.7343225094356884 0 0.6788007455329386
    outer loop
      vertex 38.82842712474619 0 9.17157287525381
      vertex 39.04162386240012 30 9.402207806679264
      vertex 38.82842712474619 30 9.17157287525381
    endloop
  endfacet
  facet normal -0.6788007455329419 0 0.7343225094356853
    outer loop
      vertex 38.597792193320736 0 8.958376137599876
      vertex 38.82842712474619 30 9.17157287525381
      vertex 38.597792193320736 30 8.958376137599876
    endloop
  endfacet
  facet normal 0.03925981575906697 0 0.9992290362407229
    outer loop
      vertex 35.68616361708862 0 8.012330665067488
      vertex 36 30 8
      vertex 35.68616361708862 30 8.012330665067488
    endloop
  endfacet
  facet normal -0.03925981575906697 0 0.9992290362407229
    outer loop
      vertex 36 0 8
      vertex 36.31383638291138 30 8.012330665067488
      vertex 36 30 8
    endloop
  endfacet
  facet normal -0.11753739745783902 0 0.9930684569549262
    outer loop
      vertex 36.31383638291138 0 8.012330665067488
      vertex 36.625737860160925 30 8.049246637619449
      vertex 36.31383638291138 30 8.012330665067488
    endloop
  endfacet
  facet normal -0.19509032201612816 0 0.9807852804032304
    outer loop
      vertex 36.625737860160925 0 8.049246637619449
      vertex 36.93378145542362 30 8.110520318409293
      vertex 36.625737860160925 30 8.049246637619449
    endloop
  endfacet
  facet normal -0.27144044986507726 0 0.9624552364536464
    outer loop
      vertex 36.93378145542362 0 8.110520318409293
      vertex 37.236067977499786 30 8.195773934819385
      vertex 36.93378145542362 30 8.110520318409293
    endloop
  endfacet
  facet normal -0.3461170570774886 0 0.9381913359224857
    outer loop
      vertex 37.236067977499786 0 8.195773934819385
      vertex 37.53073372946036 30 8.304481869954852
      vertex 37.236067977499786 30 8.195773934819385
    endloop
  endfacet
  facet normal -0.5555702330196025 0 0.8314696123025451
    outer loop
      vertex 38.0899942588638 0 8.589439342583631
      vertex 38.35114100916989 30 8.76393202250021
      vertex 38.0899942588638 30 8.589439342583631
    endloop
  endfacet
  facet normal -0.6190939493098334 0 0.7853169308807454
    outer loop
      vertex 38.35114100916989 0 8.76393202250021
      vertex 38.597792193320736 30 8.958376137599876
      vertex 38.35114100916989 30 8.76393202250021
    endloop
  endfacet
  facet normal -0.41865973753743047 0 0.9081431738250803
    outer loop
      vertex 37.53073372946036 0 8.304481869954852
      vertex 37.81596199895819 30 8.435973903246529
      vertex 37.53073372946036 30 8.304481869954852
    endloop
  endfacet
  facet normal -0.48862124149695235 0 0.8724960070727986
    outer loop
      vertex 37.81596199895819 0 8.435973903246529
      vertex 38.0899942588638 30 8.589439342583631
      vertex 37.81596199895819 30 8.435973903246529
    endloop
  endfacet
  facet normal -0.9930684569549268 0 0.11753739745783297
    outer loop
      vertex 39.95075336238055 0 11.374262139839077
      vertex 39.977471198804814 30 11.6
      vertex 39.95075336238055 30 11.374262139839077
    endloop
  endfacet
  facet normal -0.9807852804032298 0 0.19509032201613144
    outer loop
      vertex 39.88947968159071 0 11.066218544576378
      vertex 39.95075336238055 30 11.374262139839077
      vertex 39.88947968159071 30 11.066218544576378
    endloop
  endfacet
  facet normal -0.9381913359224808 0 0.34611705707750223
    outer loop
      vertex 39.695518130045144 0 10.469266270539642
      vertex 39.804226065180615 30 10.76393202250021
      vertex 39.695518130045144 30 10.469266270539642
    endloop
  endfacet
  facet normal -0.9624552364536467 0 0.2714404498650758
    outer loop
      vertex 39.804226065180615 0 10.76393202250021
      vertex 39.88947968159071 30 11.066218544576378
      vertex 39.804226065180615 30 10.76393202250021
    endloop
  endfacet
  facet normal -0.9081431738250866 0 0.4186597375374164
    outer loop
      vertex 39.56402609675347 0 10.184038001041813
      vertex 39.695518130045144 30 10.469266270539642
      vertex 39.56402609675347 30 10.184038001041813
    endloop
  endfacet
  facet normal -0.8724960070727947 0 0.48862124149695907
    outer loop
      vertex 39.41056065741637 0 9.910005741136205
      vertex 39.56402609675347 30 10.184038001041813
      vertex 39.41056065741637 30 9.910005741136205
    endloop
  endfacet
  facet normal -0.8314696123025416 0 0.5555702330196076
    outer loop
      vertex 39.236067977499786 0 9.648858990830107
      vertex 39.41056065741637 30 9.910005741136205
      vertex 39.236067977499786 30 9.648858990830107
    endloop
  endfacet
  facet normal -0.7853169308807482 0 0.61909394930983
    outer loop
      vertex 39.04162386240012 0 9.402207806679264
      vertex 39.236067977499786 30 9.648858990830107
      vertex 39.04162386240012 30 9.402207806679264
    endloop
  endfacet
  facet normal -0.7068340466645096 0.7068340466645096 -0.027771585330112415
    outer loop
      vertex 28.015716042803067 30 11.6
      vertex 30.015716042803067 32 11.6
      vertex 28.024661330134975 30 11.37232723417724
    endloop
  endfacet
  facet normal -0.7024761797206508 0.7068340466645097 -0.08314353493178932
    outer loop
      vertex 28.024661330134975 30 11.37232723417724
      vertex 30.01849599760123 32 11.529245425632931
      vertex 28.098493275238898 30 10.748524279678152
    endloop
  endfacet
  facet normal -0.6937873135317802 0.7068340466645098 -0.13800287699257857
    outer loop
      vertex 28.098493275238898 30 10.748524279678152
      vertex 30.073869956429174 32 11.061393209758615
      vertex 28.221040636818586 30 10.132437089152758
    endloop
  endfacet
  facet normal -0.6808210178472927 0.7068340466645102 -0.1920113854260979
    outer loop
      vertex 30.165780477613943 32 10.599327816864568
      vertex 28.39154786963877 30 9.52786404500042
      vertex 28.221040636818586 30 10.132437089152758
    endloop
  endfacet
  facet normal -0.7068340466645093 0.7068340466645097 -0.027771585330114267
    outer loop
      vertex 28.024661330134975 30 11.37232723417724
      vertex 30.015716042803067 32 11.6
      vertex 30.01849599760123 32 11.529245425632931
    endloop
  endfacet
  facet normal 0 1 0
    outer loop
      vertex 30.015716042803067 32 11.6
      vertex 32.022528801195186 32 11.6
      vertex 30.01849599760123 32 11.529245425632931
    endloop
  endfacet
  facet normal -0.7024761797206505 0.7068340466645099 -0.08314353493179044
    outer loop
      vertex 28.098493275238898 30 10.748524279678152
      vertex 30.01849599760123 32 11.529245425632931
      vertex 30.073869956429174 32 11.061393209758615
    endloop
  endfacet
  facet normal 0 1 0
    outer loop
      vertex 30.01849599760123 32 11.529245425632931
      vertex 32.022528801195186 32 11.6
      vertex 30.073869956429174 32 11.061393209758615
    endloop
  endfacet
  facet normal 0 1 0
    outer loop
      vertex 30.073869956429174 32 11.061393209758615
      vertex 32.022528801195186 32 11.6
      vertex 30.165780477613943 32 10.599327816864568
    endloop
  endfacet
  facet normal -0.6937873135317791 0.7068340466645103 -0.1380028769925821
    outer loop
      vertex 30.073869956429174 32 11.061393209758615
      vertex 30.165780477613943 32 10.599327816864568
      vertex 28.221040636818586 30 10.132437089152758
    endloop
  endfacet
  facet normal 0 1 0
    outer loop
      vertex 32.022528801195186 32 11.6
      vertex 30.293660902229078 32 10.145898033750315
      vertex 30.165780477613943 32 10.599327816864568
    endloop
  endfacet
  facet normal -0.6808210178472945 0.7068340466645096 -0.1920113854260933
    outer loop
      vertex 30.165780477613943 32 10.599327816864568
      vertex 30.293660902229078 32 10.145898033750315
      vertex 28.39154786963877 30 9.52786404500042
    endloop
  endfacet
  facet normal 0 1 0
    outer loop
      vertex 32.022528801195186 32 11.6
      vertex 30.45672280493228 32 9.703899405809462
      vertex 30.293660902229078 32 10.145898033750315
    endloop
  endfacet
  facet normal 0 1 0
    outer loop
      vertex 32.022528801195186 32 11.6
      vertex 30.653960854869794 32 9.27605700156272
      vertex 30.45672280493228 32 9.703899405809462
    endloop
  endfacet
  facet normal 0 1 0
    outer loop
      vertex 32.022528801195186 32 11.6
      vertex 32.04924663761945 32 11.374262139839077
      vertex 31.757359312880716 32 7.757359312880714
    endloop
  endfacet
  facet normal 0 1 0
    outer loop
      vertex 32.04924663761945 32 11.374262139839077
      vertex 32.11052031840929 32 11.066218544576378
      vertex 31.757359312880716 32 7.757359312880714
    endloop
  endfacet
  facet normal -0.6636572341918161 0.7068340466645097 -0.24483607981819752
    outer loop
      vertex 28.39154786963877 30 9.52786404500042
      vertex 30.293660902229078 32 10.145898033750315
      vertex 28.608963739909704 30 8.938532541079281
    endloop
  endfacet
  facet normal -0.6424017829991191 0.70683404666451 -0.2961512783619647
    outer loop
      vertex 28.608963739909704 30 8.938532541079281
      vertex 30.45672280493228 32 9.703899405809462
      vertex 28.871947806493058 30 8.368076002083626
    endloop
  endfacet
  facet normal -0.6636572341918147 0.7068340466645101 -0.24483607981820038
    outer loop
      vertex 28.608963739909704 30 8.938532541079281
      vertex 30.293660902229078 32 10.145898033750315
      vertex 30.45672280493228 32 9.703899405809462
    endloop
  endfacet
  facet normal -0.6424017829991202 0.7068340466645097 -0.2961512783619629
    outer loop
      vertex 30.45672280493228 32 9.703899405809462
      vertex 30.653960854869794 32 9.27605700156272
      vertex 28.871947806493058 30 8.368076002083626
    endloop
  endfacet
  facet normal 0 1 0
    outer loop
      vertex 32.022528801195186 32 11.6
      vertex 30.884159013875447 32 8.865008611704308
      vertex 30.653960854869794 32 9.27605700156272
    endloop
  endfacet
  facet normal 0 1 0
    outer loop
      vertex 32.022528801195186 32 11.6
      vertex 31.145898033750314 32 8.473288486245162
      vertex 30.884159013875447 32 8.865008611704308
    endloop
  endfacet
  facet normal 0 1 0
    outer loop
      vertex 32.11052031840929 32 11.066218544576378
      vertex 32.195773934819385 32 10.76393202250021
      vertex 32.1033117100189 32 7.437564206399815
    endloop
  endfacet
  facet normal 0 1 0
    outer loop
      vertex 32.195773934819385 32 10.76393202250021
      vertex 32.304481869954856 32 10.469266270539642
      vertex 32.1033117100189 32 7.437564206399815
    endloop
  endfacet
  facet normal 0 1 0
    outer loop
      vertex 32.022528801195186 32 11.6
      vertex 31.437564206399813 32 8.103311710018898
      vertex 31.145898033750314 32 8.473288486245162
    endloop
  endfacet
  facet normal 0 1 0
    outer loop
      vertex 32.304481869954856 32 10.469266270539642
      vertex 32.43597390324653 32 10.184038001041813
      vertex 32.1033117100189 32 7.437564206399815
    endloop
  endfacet
  facet normal 0 1 0
    outer loop
      vertex 32.022528801195186 32 11.6
      vertex 31.757359312880716 32 7.757359312880714
      vertex 31.437564206399813 32 8.103311710018898
    endloop
  endfacet
  facet normal 0 1 0
    outer loop
      vertex 32.43597390324653 32 10.184038001041813
      vertex 32.58943934258363 32 9.910005741136205
      vertex 32.1033117100189 32 7.437564206399815
    endloop
  endfacet
  facet normal -0.6171857111939659 0.7068340466645098 -0.3456406057943311
    outer loop
      vertex 30.653960854869794 32 9.27605700156272
      vertex 29.178878685167263 30 7.82001148227241
      vertex 28.871947806493058 30 8.368076002083626
    endloop
  endfacet
  facet normal -0.6171857111939663 0.7068340466645097 -0.34564060579433065
    outer loop
      vertex 30.653960854869794 32 9.27605700156272
      vertex 30.884159013875447 32 8.865008611704308
      vertex 29.178878685167263 30 7.82001148227241
    endloop
  endfacet
  facet normal -0.5881644842442273 0.7068340466645093 -0.39299894395481055
    outer loop
      vertex 30.884159013875447 32 8.865008611704308
      vertex 31.145898033750314 32 8.473288486245162
      vertex 29.52786404500042 30 7.297717981660215
    endloop
  endfacet
  facet normal 0 1 0
    outer loop
      vertex 32.11052031840929 32 11.066218544576378
      vertex 32.1033117100189 32 7.437564206399815
      vertex 31.757359312880716 32 7.757359312880714
    endloop
  endfacet
  facet normal 0 1 0
    outer loop
      vertex 32.58943934258363 32 9.910005741136205
      vertex 32.47328848624516 32 7.145898033750315
      vertex 32.1033117100189 32 7.437564206399815
    endloop
  endfacet
  facet normal 0 1 0
    outer loop
      vertex 32.58943934258363 32 9.910005741136205
      vertex 32.763932022500214 32 9.648858990830107
      vertex 32.47328848624516 32 7.145898033750315
    endloop
  endfacet
  facet normal 0 1 0
    outer loop
      vertex 32.763932022500214 32 9.648858990830107
      vertex 32.95837613759988 32 9.402207806679264
      vertex 32.47328848624516 32 7.145898033750315
    endloop
  endfacet
  facet normal 0 1 0
    outer loop
      vertex 32.95837613759988 32 9.402207806679264
      vertex 33.17157287525381 32 9.17157287525381
      vertex 32.865008611704305 32 6.884159013875447
    endloop
  endfacet
  facet normal 0 1 0
    outer loop
      vertex 33.17157287525381 32 9.17157287525381
      vertex 33.402207806679264 32 8.958376137599876
      vertex 32.865008611704305 32 6.884159013875447
    endloop
  endfacet
  facet normal 0 1 0
    outer loop
      vertex 33.402207806679264 32 8.958376137599876
      vertex 33.64885899083011 32 8.76393202250021
      vertex 33.27605700156272 32 6.653960854869792
    endloop
  endfacet
  facet normal 0 1 0
    outer loop
      vertex 33.64885899083011 32 8.76393202250021
      vertex 33.9100057411362 32 8.589439342583631
      vertex 33.27605700156272 32 6.653960854869792
    endloop
  endfacet
  facet normal 0 1 0
    outer loop
      vertex 38.82842712474619 32 9.17157287525381
      vertex 39.04162386240012 32 9.402207806679264
      vertex 39.011087728749466 32 8.655848289080222
    endloop
  endfacet
  facet normal 0 1 0
    outer loop
      vertex 38.82842712474619 32 9.17157287525381
      vertex 39.011087728749466 32 8.655848289080222
      vertex 38.89254424241697 32 8.552800007001755
    endloop
  endfacet
  facet normal 0 1 0
    outer loop
      vertex 38.82842712474619 32 9.17157287525381
      vertex 38.72394299843728 32 6.653960854869792
      vertex 38.597792193320736 32 8.958376137599876
    endloop
  endfacet
  facet normal 0 1 0
    outer loop
      vertex 38.597792193320736 32 8.958376137599876
      vertex 38.29610059419054 32 6.45672280493228
      vertex 38.35114100916989 32 8.76393202250021
    endloop
  endfacet
  facet normal 0 1 0
    outer loop
      vertex 38.82842712474619 32 9.17157287525381
      vertex 38.89254424241697 32 8.552800007001755
      vertex 38.72394299843728 32 6.653960854869792
    endloop
  endfacet
  facet normal 0 1 0
    outer loop
      vertex 39.977471198804814 32 11.6
      vertex 40.48150581233889 32 11.6
      vertex 39.95075336238055 32 11.374262139839077
    endloop
  endfacet
  facet normal 0 1 0
    outer loop
      vertex 40.48150581233889 32 11.6
      vertex 40.4753485258138 32 11.529621916840101
      vertex 40.45620630820893 32 11.373721048448592
    endloop
  endfacet
  facet normal 0 1 0
    outer loop
      vertex 40.48150581233889 32 11.6
      vertex 40.45620630820893 32 11.373721048448592
      vertex 40.43163488760067 32 11.218583201884629
    endloop
  endfacet
  facet normal 0 1 0
    outer loop
      vertex 40.48150581233889 32 11.6
      vertex 40.43163488760067 32 11.218583201884629
      vertex 40.401664198825586 32 11.064397390007636
    endloop
  endfacet
  facet normal 0 1 0
    outer loop
      vertex 40.48150581233889 32 11.6
      vertex 40.401664198825586 32 11.064397390007636
      vertex 40.36633076481346 32 10.911351469046538
    endloop
  endfacet
  facet normal 0 1 0
    outer loop
      vertex 40.48150581233889 32 11.6
      vertex 40.36633076481346 32 10.911351469046538
      vertex 40.32567763319364 32 10.759631896874106
    endloop
  endfacet
  facet normal 0 1 0
    outer loop
      vertex 40.48150581233889 32 11.6
      vertex 39.973264170240725 32 9.887377967410966
      vertex 39.95075336238055 32 11.374262139839077
    endloop
  endfacet
  facet normal 0 1 0
    outer loop
      vertex 39.95075336238055 32 11.374262139839077
      vertex 39.973264170240725 32 9.887377967410966
      vertex 39.88947968159071 32 11.066218544576378
    endloop
  endfacet
  facet normal 0 1 0
    outer loop
      vertex 40.48150581233889 32 11.6
      vertex 40.32567763319364 32 10.759631896874106
      vertex 40.2797543218926 32 10.609423528192673
    endloop
  endfacet
  facet normal 0 1 0
    outer loop
      vertex 40.48150581233889 32 11.6
      vertex 40.2797543218926 32 10.609423528192673
      vertex 40.22861679625533 32 10.460909353915977
    endloop
  endfacet
  facet normal 0 1 0
    outer loop
      vertex 40.48150581233889 32 11.6
      vertex 40.22861679625533 32 10.460909353915977
      vertex 40.17232734711776 32 10.314270327842376
    endloop
  endfacet
  facet normal 0 1 0
    outer loop
      vertex 40.48150581233889 32 11.6
      vertex 40.11095456117563 32 10.169685109185462
      vertex 40.04457320717446 32 10.027329836137145
    endloop
  endfacet
  facet normal 0 1 0
    outer loop
      vertex 40.48150581233889 32 11.6
      vertex 40.04457320717446 32 10.027329836137145
      vertex 39.973264170240725 32 9.887377967410966
    endloop
  endfacet
  facet normal 0 1 0
    outer loop
      vertex 40.48150581233889 32 11.6
      vertex 40.17232734711776 32 10.314270327842376
      vertex 40.11095456117563 32 10.169685109185462
    endloop
  endfacet
  facet normal 0 1 0
    outer loop
      vertex 39.804226065180615 32 10.76393202250021
      vertex 39.81621642957497 32 9.615363310199118
      vertex 39.695518130045144 32 10.469266270539642
    endloop
  endfacet
  facet normal 0 1 0
    outer loop
      vertex 39.88947968159071 32 11.066218544576378
      vertex 39.81621642957497 32 9.615363310199118
      vertex 39.804226065180615 32 10.76393202250021
    endloop
  endfacet
  facet normal 0 1 0
    outer loop
      vertex 39.88947968159071 32 11.066218544576378
      vertex 39.973264170240725 32 9.887377967410966
      vertex 39.897114319634376 32 9.74999999863629
    endloop
  endfacet
  facet normal 0 1 0
    outer loop
      vertex 39.88947968159071 32 11.066218544576378
      vertex 39.897114319634376 32 9.74999999863629
      vertex 39.81621642957497 32 9.615363310199118
    endloop
  endfacet
  facet normal 0 1 0
    outer loop
      vertex 39.695518130045144 32 10.469266270539642
      vertex 39.54604838935818 32 9.22952336530739
      vertex 39.56402609675347 32 10.184038001041813
    endloop
  endfacet
  facet normal 0 1 0
    outer loop
      vertex 39.56402609675347 32 10.184038001041813
      vertex 39.54604838935818 32 9.22952336530739
      vertex 39.41056065741637 32 9.910005741136205
    endloop
  endfacet
  facet normal 0 1 0
    outer loop
      vertex 39.695518130045144 32 10.469266270539642
      vertex 39.81621642957497 32 9.615363310199118
      vertex 39.730669078936685 32 9.483631934507676
    endloop
  endfacet
  facet normal 0 1 0
    outer loop
      vertex 39.695518130045144 32 10.469266270539642
      vertex 39.730669078936685 32 9.483631934507676
      vertex 39.640576473061785 32 9.354966367795548
    endloop
  endfacet
  facet normal 0 1 0
    outer loop
      vertex 39.695518130045144 32 10.469266270539642
      vertex 39.640576473061785 32 9.354966367795548
      vertex 39.54604838935818 32 9.22952336530739
    endloop
  endfacet
  facet normal 0 1 0
    outer loop
      vertex 39.41056065741637 32 9.910005741136205
      vertex 39.23702909819163 32 8.874037334502916
      vertex 39.236067977499786 32 9.648858990830107
    endloop
  endfacet
  facet normal 0 1 0
    outer loop
      vertex 39.236067977499786 32 9.648858990830107
      vertex 39.125962667577674 32 8.762970897348975
      vertex 39.04162386240012 32 9.402207806679264
    endloop
  endfacet
  facet normal 0 1 0
    outer loop
      vertex 39.41056065741637 32 9.910005741136205
      vertex 39.44719999236042 32 9.107455756250797
      vertex 39.34415171180203 32 8.988912270469536
    endloop
  endfacet
  facet normal 0 1 0
    outer loop
      vertex 39.41056065741637 32 9.910005741136205
      vertex 39.34415171180203 32 8.988912270469536
      vertex 39.23702909819163 32 8.874037334502916
    endloop
  endfacet
  facet normal 0 1 0
    outer loop
      vertex 39.41056065741637 32 9.910005741136205
      vertex 39.54604838935818 32 9.22952336530739
      vertex 39.44719999236042 32 9.107455756250797
    endloop
  endfacet
  facet normal 0 1 0
    outer loop
      vertex 39.236067977499786 32 9.648858990830107
      vertex 39.23702909819163 32 8.874037334502916
      vertex 39.125962667577674 32 8.762970897348975
    endloop
  endfacet
  facet normal 0 1 0
    outer loop
      vertex 39.04162386240012 32 9.402207806679264
      vertex 39.125962667577674 32 8.762970897348975
      vertex 39.011087728749466 32 8.655848289080222
    endloop
  endfacet
  facet normal -0.5881644842442256 0.7068340466645096 -0.39299894395481255
    outer loop
      vertex 30.884159013875447 32 8.865008611704308
      vertex 29.52786404500042 30 7.297717981660215
      vertex 29.178878685167263 30 7.82001148227241
    endloop
  endfacet
  facet normal -0.5555170276645811 0.7068340466645094 -0.4379343129404034
    outer loop
      vertex 31.145898033750314 32 8.473288486245162
      vertex 29.91675227519975 30 6.804415613358531
      vertex 29.52786404500042 30 7.297717981660215
    endloop
  endfacet
  facet normal -0.5194446238812264 0.7068340466645094 -0.4801696712587804
    outer loop
      vertex 31.437564206399813 32 8.103311710018898
      vertex 30.34314575050762 30 6.343145750507619
      vertex 29.91675227519975 30 6.804415613358531
    endloop
  endfacet
  facet normal -0.5555170276645803 0.7068340466645096 -0.43793431294040414
    outer loop
      vertex 31.145898033750314 32 8.473288486245162
      vertex 31.437564206399813 32 8.103311710018898
      vertex 29.91675227519975 30 6.804415613358531
    endloop
  endfacet
  facet normal -0.5194446238812253 0.7068340466645097 -0.4801696712587812
    outer loop
      vertex 31.437564206399813 32 8.103311710018898
      vertex 31.757359312880716 32 7.757359312880714
      vertex 30.34314575050762 30 6.343145750507619
    endloop
  endfacet
  facet normal -0.48016967125877796 0.7068340466645101 -0.5194446238812276
    outer loop
      vertex 31.757359312880716 32 7.757359312880714
      vertex 32.1033117100189 32 7.437564206399815
      vertex 30.80441561335853 30 5.9167522751997526
    endloop
  endfacet
  facet normal -0.4801696712587807 0.7068340466645097 -0.5194446238812258
    outer loop
      vertex 31.757359312880716 32 7.757359312880714
      vertex 30.80441561335853 30 5.9167522751997526
      vertex 30.34314575050762 30 6.343145750507619
    endloop
  endfacet
  facet normal -0.43793431294040364 0.70683404666451 -0.5555170276645801
    outer loop
      vertex 32.1033117100189 32 7.437564206399815
      vertex 31.297717981660213 30 5.52786404500042
      vertex 30.80441561335853 30 5.9167522751997526
    endloop
  endfacet
  facet normal -0.4379343129404067 0.7068340466645096 -0.5555170276645782
    outer loop
      vertex 32.1033117100189 32 7.437564206399815
      vertex 32.47328848624516 32 7.145898033750315
      vertex 31.297717981660213 30 5.52786404500042
    endloop
  endfacet
  facet normal -0.3929989439548137 0.7068340466645093 -0.5881644842442253
    outer loop
      vertex 32.47328848624516 32 7.145898033750315
      vertex 32.865008611704305 32 6.884159013875447
      vertex 31.82001148227241 30 5.178878685167263
    endloop
  endfacet
  facet normal -0.39299894395481166 0.7068340466645097 -0.5881644842442263
    outer loop
      vertex 32.47328848624516 32 7.145898033750315
      vertex 31.82001148227241 30 5.178878685167263
      vertex 31.297717981660213 30 5.52786404500042
    endloop
  endfacet
  facet normal -0.34564060579433203 0.7068340466645094 -0.6171857111939658
    outer loop
      vertex 32.865008611704305 32 6.884159013875447
      vertex 32.368076002083626 30 4.871947806493057
      vertex 31.82001148227241 30 5.178878685167263
    endloop
  endfacet
  facet normal 0 1 0
    outer loop
      vertex 32.95837613759988 32 9.402207806679264
      vertex 32.865008611704305 32 6.884159013875447
      vertex 32.47328848624516 32 7.145898033750315
    endloop
  endfacet
  facet normal 0 1 0
    outer loop
      vertex 33.9100057411362 32 8.589439342583631
      vertex 34.18403800104181 32 8.435973903246529
      vertex 33.70389940580946 32 6.45672280493228
    endloop
  endfacet
  facet normal 0 1 0
    outer loop
      vertex 33.402207806679264 32 8.958376137599876
      vertex 33.27605700156272 32 6.653960854869792
      vertex 32.865008611704305 32 6.884159013875447
    endloop
  endfacet
  facet normal 0 1 0
    outer loop
      vertex 33.9100057411362 32 8.589439342583631
      vertex 33.70389940580946 32 6.45672280493228
      vertex 33.27605700156272 32 6.653960854869792
    endloop
  endfacet
  facet normal 0 1 0
    outer loop
      vertex 34.18403800104181 32 8.435973903246529
      vertex 34.14589803375031 32 6.293660902229079
      vertex 33.70389940580946 32 6.45672280493228
    endloop
  endfacet
  facet normal 0 1 0
    outer loop
      vertex 34.18403800104181 32 8.435973903246529
      vertex 34.46926627053964 32 8.304481869954852
      vertex 34.14589803375031 32 6.293660902229079
    endloop
  endfacet
  facet normal 0 1 0
    outer loop
      vertex 34.46926627053964 32 8.304481869954852
      vertex 34.763932022500214 32 8.195773934819385
      vertex 34.14589803375031 32 6.293660902229079
    endloop
  endfacet
  facet normal 0 1 0
    outer loop
      vertex 34.763932022500214 32 8.195773934819385
      vertex 35.06621854457638 32 8.110520318409293
      vertex 34.599327816864566 32 6.165780477613941
    endloop
  endfacet
  facet normal 0 1 0
    outer loop
      vertex 35.06621854457638 32 8.110520318409293
      vertex 35.374262139839075 32 8.049246637619449
      vertex 35.06139320975861 32 6.073869956429173
    endloop
  endfacet
  facet normal 0 1 0
    outer loop
      vertex 35.374262139839075 32 8.049246637619449
      vertex 35.68616361708862 32 8.012330665067488
      vertex 35.06139320975861 32 6.073869956429173
    endloop
  endfacet
  facet normal -0.3456406057943304 0.7068340466645096 -0.6171857111939664
    outer loop
      vertex 32.865008611704305 32 6.884159013875447
      vertex 33.27605700156272 32 6.653960854869792
      vertex 32.368076002083626 30 4.871947806493057
    endloop
  endfacet
  facet normal 0 1 0
    outer loop
      vertex 34.763932022500214 32 8.195773934819385
      vertex 34.599327816864566 32 6.165780477613941
      vertex 34.14589803375031 32 6.293660902229079
    endloop
  endfacet
  facet normal 0 1 0
    outer loop
      vertex 35.06621854457638 32 8.110520318409293
      vertex 35.06139320975861 32 6.073869956429173
      vertex 34.599327816864566 32 6.165780477613941
    endloop
  endfacet
  facet normal 0 1 0
    outer loop
      vertex 35.68616361708862 32 8.012330665067488
      vertex 35.52924542563293 32 6.018495997601232
      vertex 35.06139320975861 32 6.073869956429173
    endloop
  endfacet
  facet normal 0 1 0
    outer loop
      vertex 35.68616361708862 32 8.012330665067488
      vertex 36 32 6
      vertex 35.52924542563293 32 6.018495997601232
    endloop
  endfacet
  facet normal 0 1 0
    outer loop
      vertex 35.68616361708862 32 8.012330665067488
      vertex 36 32 8
      vertex 36 32 6
    endloop
  endfacet
  facet normal 0 1 0
    outer loop
      vertex 36 32 8
      vertex 36.31383638291138 32 8.012330665067488
      vertex 36 32 6
    endloop
  endfacet
  facet normal 0 1 0
    outer loop
      vertex 36.31383638291138 32 8.012330665067488
      vertex 36.625737860160925 32 8.049246637619449
      vertex 36.47075457436707 32 6.018495997601232
    endloop
  endfacet
  facet normal 0 1 0
    outer loop
      vertex 36.93378145542362 32 8.110520318409293
      vertex 36.93860679024139 32 6.073869956429173
      vertex 36.625737860160925 32 8.049246637619449
    endloop
  endfacet
  facet normal 0 1 0
    outer loop
      vertex 37.236067977499786 32 8.195773934819385
      vertex 36.93860679024139 32 6.073869956429173
      vertex 36.93378145542362 32 8.110520318409293
    endloop
  endfacet
  facet normal 0 1 0
    outer loop
      vertex 38.0899942588638 32 8.589439342583631
      vertex 37.85410196624969 32 6.293660902229079
      vertex 37.81596199895819 32 8.435973903246529
    endloop
  endfacet
  facet normal 0 1 0
    outer loop
      vertex 37.81596199895819 32 8.435973903246529
      vertex 37.85410196624969 32 6.293660902229079
      vertex 37.53073372946036 32 8.304481869954852
    endloop
  endfacet
  facet normal 0 1 0
    outer loop
      vertex 37.236067977499786 32 8.195773934819385
      vertex 37.53073372946036 32 8.304481869954852
      vertex 37.400672183135434 32 6.165780477613941
    endloop
  endfacet
  facet normal 0 1 0
    outer loop
      vertex 38.35114100916989 32 8.76393202250021
      vertex 38.29610059419054 32 6.45672280493228
      vertex 38.0899942588638 32 8.589439342583631
    endloop
  endfacet
  facet normal 0 1 0
    outer loop
      vertex 38.0899942588638 32 8.589439342583631
      vertex 38.29610059419054 32 6.45672280493228
      vertex 37.85410196624969 32 6.293660902229079
    endloop
  endfacet
  facet normal 0 1 0
    outer loop
      vertex 38.597792193320736 32 8.958376137599876
      vertex 38.72394299843728 32 6.653960854869792
      vertex 38.29610059419054 32 6.45672280493228
    endloop
  endfacet
  facet normal 0 1 0
    outer loop
      vertex 36.31383638291138 32 8.012330665067488
      vertex 36.47075457436707 32 6.018495997601232
      vertex 36 32 6
    endloop
  endfacet
  facet normal 0 1 0
    outer loop
      vertex 37.236067977499786 32 8.195773934819385
      vertex 37.400672183135434 32 6.165780477613941
      vertex 36.93860679024139 32 6.073869956429173
    endloop
  endfacet
  facet normal 0 1 0
    outer loop
      vertex 36.625737860160925 32 8.049246637619449
      vertex 36.93860679024139 32 6.073869956429173
      vertex 36.47075457436707 32 6.018495997601232
    endloop
  endfacet
  facet normal 0 1 0
    outer loop
      vertex 37.53073372946036 32 8.304481869954852
      vertex 37.85410196624969 32 6.293660902229079
      vertex 37.400672183135434 32 6.165780477613941
    endloop
  endfacet
  facet normal -0.29615127836196165 0.7068340466645096 -0.6424017829991211
    outer loop
      vertex 33.27605700156272 32 6.653960854869792
      vertex 32.93853254107928 30 4.608963739909706
      vertex 32.368076002083626 30 4.871947806493057
    endloop
  endfacet
  facet normal -0.24483607981819908 0.7068340466645094 -0.6636572341918157
    outer loop
      vertex 33.70389940580946 32 6.45672280493228
      vertex 33.52786404500042 30 4.391547869638772
      vertex 32.93853254107928 30 4.608963739909706
    endloop
  endfacet
  facet normal -0.2961512783619629 0.7068340466645093 -0.6424017829991207
    outer loop
      vertex 33.27605700156272 32 6.653960854869792
      vertex 33.70389940580946 32 6.45672280493228
      vertex 32.93853254107928 30 4.608963739909706
    endloop
  endfacet
  facet normal -0.24483607981819852 0.7068340466645096 -0.6636572341918159
    outer loop
      vertex 33.70389940580946 32 6.45672280493228
      vertex 34.14589803375031 32 6.293660902229079
      vertex 33.52786404500042 30 4.391547869638772
    endloop
  endfacet
  facet normal -0.19201138542609703 0.7068340466645094 -0.6808210178472935
    outer loop
      vertex 34.14589803375031 32 6.293660902229079
      vertex 34.599327816864566 32 6.165780477613941
      vertex 34.13243708915276 30 4.2210406368185875
    endloop
  endfacet
  facet normal -0.13800287699258093 0.7068340466645096 -0.69378731353178
    outer loop
      vertex 34.599327816864566 32 6.165780477613941
      vertex 35.06139320975861 32 6.073869956429173
      vertex 34.74852427967815 30 4.098493275238898
    endloop
  endfacet
  facet normal -0.08314353493178785 0.7068340466645096 -0.702476179720651
    outer loop
      vertex 35.06139320975861 32 6.073869956429173
      vertex 35.52924542563293 32 6.018495997601232
      vertex 35.37232723417724 30 4.024661330134976
    endloop
  endfacet
  facet normal -0.19201138542609664 0.7068340466645094 -0.6808210178472937
    outer loop
      vertex 34.14589803375031 32 6.293660902229079
      vertex 34.13243708915276 30 4.2210406368185875
      vertex 33.52786404500042 30 4.391547869638772
    endloop
  endfacet
  facet normal -0.13800287699258135 0.7068340466645096 -0.69378731353178
    outer loop
      vertex 34.599327816864566 32 6.165780477613941
      vertex 34.74852427967815 30 4.098493275238898
      vertex 34.13243708915276 30 4.2210406368185875
    endloop
  endfacet
  facet normal -0.08314353493178786 0.7068340466645096 -0.702476179720651
    outer loop
      vertex 35.06139320975861 32 6.073869956429173
      vertex 35.37232723417724 30 4.024661330134976
      vertex 34.74852427967815 30 4.098493275238898
    endloop
  endfacet
  facet normal -0.027771585330112893 0.7068340466645097 -0.7068340466645097
    outer loop
      vertex 35.52924542563293 32 6.018495997601232
      vertex 36 30 4
      vertex 35.37232723417724 30 4.024661330134976
    endloop
  endfacet
  facet normal 0.24483607981819908 0.7068340466645094 -0.6636572341918157
    outer loop
      vertex 38.29610059419054 32 6.45672280493228
      vertex 39.06146745892072 30 4.608963739909706
      vertex 38.47213595499958 30 4.391547869638772
    endloop
  endfacet
  facet normal -0.02777158533011312 0.7068340466645096 -0.7068340466645096
    outer loop
      vertex 35.52924542563293 32 6.018495997601232
      vertex 36 32 6
      vertex 36 30 4
    endloop
  endfacet
  facet normal 0.02777158533011312 0.7068340466645096 -0.7068340466645096
    outer loop
      vertex 36 32 6
      vertex 36.47075457436707 32 6.018495997601232
      vertex 36 30 4
    endloop
  endfacet
  facet normal 0.08314353493178785 0.7068340466645096 -0.702476179720651
    outer loop
      vertex 36.47075457436707 32 6.018495997601232
      vertex 36.93860679024139 32 6.073869956429173
      vertex 36.62767276582276 30 4.024661330134976
    endloop
  endfacet
  facet normal 0.13800287699258093 0.7068340466645096 -0.69378731353178
    outer loop
      vertex 36.93860679024139 32 6.073869956429173
      vertex 37.400672183135434 32 6.165780477613941
      vertex 37.25147572032185 30 4.098493275238898
    endloop
  endfacet
  facet normal 0.19201138542609703 0.7068340466645096 -0.6808210178472935
    outer loop
      vertex 37.400672183135434 32 6.165780477613941
      vertex 37.85410196624969 32 6.293660902229079
      vertex 37.86756291084724 30 4.2210406368185875
    endloop
  endfacet
  facet normal 0.2961512783619629 0.7068340466645093 -0.6424017829991207
    outer loop
      vertex 38.72394299843728 32 6.653960854869792
      vertex 39.06146745892072 30 4.608963739909706
      vertex 38.29610059419054 32 6.45672280493228
    endloop
  endfacet
  facet normal 0.24483607981819852 0.7068340466645096 -0.6636572341918159
    outer loop
      vertex 37.85410196624969 32 6.293660902229079
      vertex 38.29610059419054 32 6.45672280493228
      vertex 38.47213595499958 30 4.391547869638772
    endloop
  endfacet
  facet normal 0.027771585330112893 0.7068340466645097 -0.7068340466645097
    outer loop
      vertex 36.47075457436707 32 6.018495997601232
      vertex 36.62767276582276 30 4.024661330134976
      vertex 36 30 4
    endloop
  endfacet
  facet normal 0.08314353493178786 0.7068340466645096 -0.702476179720651
    outer loop
      vertex 36.93860679024139 32 6.073869956429173
      vertex 37.25147572032185 30 4.098493275238898
      vertex 36.62767276582276 30 4.024661330134976
    endloop
  endfacet
  facet normal 0.13800287699258135 0.7068340466645096 -0.69378731353178
    outer loop
      vertex 37.400672183135434 32 6.165780477613941
      vertex 37.86756291084724 30 4.2210406368185875
      vertex 37.25147572032185 30 4.098493275238898
    endloop
  endfacet
  facet normal 0.19201138542609664 0.7068340466645094 -0.6808210178472937
    outer loop
      vertex 37.85410196624969 32 6.293660902229079
      vertex 38.47213595499958 30 4.391547869638772
      vertex 37.86756291084724 30 4.2210406368185875
    endloop
  endfacet
  facet normal 0 1 0
    outer loop
      vertex 38.89254424241697 32 8.552800007001755
      vertex 39.85555052670158 32 7.4051338087692296
      vertex 38.72394299843728 32 6.653960854869792
    endloop
  endfacet
  facet normal 0 1 0
    outer loop
      vertex 39.85555052670158 32 7.4051338087692296
      vertex 39.52671151375484 32 7.145898033750315
      vertex 39.134991388295695 32 6.884159013875447
    endloop
  endfacet
  facet normal 0.4379343129404038 0.7068340466645096 -0.5555170276645804
    outer loop
      vertex 39.52671151375484 32 7.145898033750315
      vertex 41.140734036044215 30 5.873511745374169
      vertex 40.70228201833979 30 5.52786404500042
    endloop
  endfacet
  facet normal 0 1 0
    outer loop
      vertex 38.72394299843728 32 6.653960854869792
      vertex 39.85555052670158 32 7.4051338087692296
      vertex 39.134991388295695 32 6.884159013875447
    endloop
  endfacet
  facet normal 0.4379343129404058 0.70683404666451 -0.5555170276645784
    outer loop
      vertex 39.85555052670158 32 7.4051338087692296
      vertex 41.140734036044215 30 5.873511745374169
      vertex 39.52671151375484 32 7.145898033750315
    endloop
  endfacet
  facet normal 0.3929989439548135 0.7068340466645097 -0.5881644842442251
    outer loop
      vertex 39.52671151375484 32 7.145898033750315
      vertex 40.179988517727594 30 5.178878685167263
      vertex 39.134991388295695 32 6.884159013875447
    endloop
  endfacet
  facet normal 0.3456406057943304 0.7068340466645097 -0.6171857111939664
    outer loop
      vertex 38.72394299843728 32 6.653960854869792
      vertex 39.134991388295695 32 6.884159013875447
      vertex 39.631923997916374 30 4.871947806493057
    endloop
  endfacet
  facet normal 0.34564060579433015 0.7068340466645097 -0.6171857111939665
    outer loop
      vertex 39.134991388295695 32 6.884159013875447
      vertex 40.179988517727594 30 5.178878685167263
      vertex 39.631923997916374 30 4.871947806493057
    endloop
  endfacet
  facet normal 0.39299894395481344 0.7068340466645097 -0.588164484244225
    outer loop
      vertex 39.52671151375484 32 7.145898033750315
      vertex 40.70228201833979 30 5.52786404500042
      vertex 40.179988517727594 30 5.178878685167263
    endloop
  endfacet
  facet normal 0.29615127836196165 0.7068340466645096 -0.6424017829991211
    outer loop
      vertex 38.72394299843728 32 6.653960854869792
      vertex 39.631923997916374 30 4.871947806493057
      vertex 39.06146745892072 30 4.608963739909706
    endloop
  endfacet
  facet normal 0.9930684569549268 0 0.11753739745783298
    outer loop
      vertex 32.022528801195186 30 11.6
      vertex 32.04924663761945 30 11.374262139839077
      vertex 32.04924663761945 32 11.374262139839077
    endloop
  endfacet
  facet normal 0.9807852804032299 0 0.19509032201613147
    outer loop
      vertex 32.04924663761945 30 11.374262139839077
      vertex 32.11052031840929 30 11.066218544576378
      vertex 32.11052031840929 32 11.066218544576378
    endloop
  endfacet
  facet normal 0.9930684569549268 0 0.11753739745783298
    outer loop
      vertex 32.022528801195186 30 11.6
      vertex 32.04924663761945 32 11.374262139839077
      vertex 32.022528801195186 32 11.6
    endloop
  endfacet
  facet normal 0.9807852804032299 0 0.19509032201613147
    outer loop
      vertex 32.04924663761945 30 11.374262139839077
      vertex 32.11052031840929 32 11.066218544576378
      vertex 32.04924663761945 32 11.374262139839077
    endloop
  endfacet
  facet normal 0.9624552364536468 0 0.2714404498650758
    outer loop
      vertex 32.11052031840929 30 11.066218544576378
      vertex 32.195773934819385 30 10.76393202250021
      vertex 32.195773934819385 32 10.76393202250021
    endloop
  endfacet
  facet normal 0.9381913359224808 0 0.3461170570775022
    outer loop
      vertex 32.195773934819385 30 10.76393202250021
      vertex 32.304481869954856 30 10.469266270539642
      vertex 32.304481869954856 32 10.469266270539642
    endloop
  endfacet
  facet normal 0.9081431738250867 0 0.41865973753741653
    outer loop
      vertex 32.304481869954856 30 10.469266270539642
      vertex 32.43597390324653 30 10.184038001041813
      vertex 32.43597390324653 32 10.184038001041813
    endloop
  endfacet
  facet normal 0.9624552364536468 0 0.2714404498650758
    outer loop
      vertex 32.11052031840929 30 11.066218544576378
      vertex 32.195773934819385 32 10.76393202250021
      vertex 32.11052031840929 32 11.066218544576378
    endloop
  endfacet
  facet normal 0.9381913359224808 0 0.3461170570775022
    outer loop
      vertex 32.195773934819385 30 10.76393202250021
      vertex 32.304481869954856 32 10.469266270539642
      vertex 32.195773934819385 32 10.76393202250021
    endloop
  endfacet
  facet normal 0.9081431738250867 0 0.41865973753741653
    outer loop
      vertex 32.304481869954856 30 10.469266270539642
      vertex 32.43597390324653 32 10.184038001041813
      vertex 32.304481869954856 32 10.469266270539642
    endloop
  endfacet
  facet normal 0.8724960070727948 0 0.48862124149695907
    outer loop
      vertex 32.43597390324653 30 10.184038001041813
      vertex 32.58943934258363 32 9.910005741136205
      vertex 32.43597390324653 32 10.184038001041813
    endloop
  endfacet
  facet normal 0.8724960070727948 0 0.48862124149695907
    outer loop
      vertex 32.43597390324653 30 10.184038001041813
      vertex 32.58943934258363 30 9.910005741136205
      vertex 32.58943934258363 32 9.910005741136205
    endloop
  endfacet
  facet normal 0.8314696123025417 0 0.5555702330196077
    outer loop
      vertex 32.58943934258363 30 9.910005741136205
      vertex 32.763932022500214 30 9.648858990830107
      vertex 32.763932022500214 32 9.648858990830107
    endloop
  endfacet
  facet normal 0.7853169308807482 0 0.61909394930983
    outer loop
      vertex 32.763932022500214 30 9.648858990830107
      vertex 32.95837613759988 30 9.402207806679264
      vertex 32.95837613759988 32 9.402207806679264
    endloop
  endfacet
  facet normal 0.7343225094356884 0 0.6788007455329387
    outer loop
      vertex 32.95837613759988 30 9.402207806679264
      vertex 33.17157287525381 30 9.17157287525381
      vertex 33.17157287525381 32 9.17157287525381
    endloop
  endfacet
  facet normal 0.6788007455329419 0 0.7343225094356854
    outer loop
      vertex 33.17157287525381 30 9.17157287525381
      vertex 33.402207806679264 30 8.958376137599876
      vertex 33.402207806679264 32 8.958376137599876
    endloop
  endfacet
  facet normal 0.8314696123025417 0 0.5555702330196077
    outer loop
      vertex 32.58943934258363 30 9.910005741136205
      vertex 32.763932022500214 32 9.648858990830107
      vertex 32.58943934258363 32 9.910005741136205
    endloop
  endfacet
  facet normal 0.7853169308807482 0 0.61909394930983
    outer loop
      vertex 32.763932022500214 30 9.648858990830107
      vertex 32.95837613759988 32 9.402207806679264
      vertex 32.763932022500214 32 9.648858990830107
    endloop
  endfacet
  facet normal 0.7343225094356884 0 0.6788007455329387
    outer loop
      vertex 32.95837613759988 30 9.402207806679264
      vertex 33.17157287525381 32 9.17157287525381
      vertex 32.95837613759988 32 9.402207806679264
    endloop
  endfacet
  facet normal 0.6788007455329419 0 0.7343225094356854
    outer loop
      vertex 33.17157287525381 30 9.17157287525381
      vertex 33.402207806679264 32 8.958376137599876
      vertex 33.17157287525381 32 9.17157287525381
    endloop
  endfacet
  facet normal 0.6190939493098334 0 0.7853169308807454
    outer loop
      vertex 33.402207806679264 30 8.958376137599876
      vertex 33.64885899083011 30 8.76393202250021
      vertex 33.64885899083011 32 8.76393202250021
    endloop
  endfacet
  facet normal 0.5555702330196025 0 0.8314696123025451
    outer loop
      vertex 33.64885899083011 30 8.76393202250021
      vertex 33.9100057411362 30 8.589439342583631
      vertex 33.9100057411362 32 8.589439342583631
    endloop
  endfacet
  facet normal 0.48862124149695235 0 0.8724960070727986
    outer loop
      vertex 33.9100057411362 30 8.589439342583631
      vertex 34.18403800104181 30 8.435973903246529
      vertex 34.18403800104181 32 8.435973903246529
    endloop
  endfacet
  facet normal 0.41865973753743047 0 0.9081431738250801
    outer loop
      vertex 34.18403800104181 30 8.435973903246529
      vertex 34.46926627053964 30 8.304481869954852
      vertex 34.46926627053964 32 8.304481869954852
    endloop
  endfacet
  facet normal 0.3461170570774886 0 0.9381913359224858
    outer loop
      vertex 34.46926627053964 30 8.304481869954852
      vertex 34.763932022500214 30 8.195773934819385
      vertex 34.763932022500214 32 8.195773934819385
    endloop
  endfacet
  facet normal 0.2714404498650773 0 0.9624552364536464
    outer loop
      vertex 34.763932022500214 30 8.195773934819385
      vertex 35.06621854457638 30 8.110520318409293
      vertex 35.06621854457638 32 8.110520318409293
    endloop
  endfacet
  facet normal 0.1950903220161282 0 0.9807852804032305
    outer loop
      vertex 35.06621854457638 30 8.110520318409293
      vertex 35.374262139839075 30 8.049246637619449
      vertex 35.374262139839075 32 8.049246637619449
    endloop
  endfacet
  facet normal 0.11753739745783902 0 0.9930684569549263
    outer loop
      vertex 35.374262139839075 30 8.049246637619449
      vertex 35.68616361708862 30 8.012330665067488
      vertex 35.68616361708862 32 8.012330665067488
    endloop
  endfacet
  facet normal 0.6190939493098334 0 0.7853169308807454
    outer loop
      vertex 33.402207806679264 30 8.958376137599876
      vertex 33.64885899083011 32 8.76393202250021
      vertex 33.402207806679264 32 8.958376137599876
    endloop
  endfacet
  facet normal 0.5555702330196025 0 0.8314696123025451
    outer loop
      vertex 33.64885899083011 30 8.76393202250021
      vertex 33.9100057411362 32 8.589439342583631
      vertex 33.64885899083011 32 8.76393202250021
    endloop
  endfacet
  facet normal 0.48862124149695235 0 0.8724960070727986
    outer loop
      vertex 33.9100057411362 30 8.589439342583631
      vertex 34.18403800104181 32 8.435973903246529
      vertex 33.9100057411362 32 8.589439342583631
    endloop
  endfacet
  facet normal 0.41865973753743047 0 0.9081431738250801
    outer loop
      vertex 34.18403800104181 30 8.435973903246529
      vertex 34.46926627053964 32 8.304481869954852
      vertex 34.18403800104181 32 8.435973903246529
    endloop
  endfacet
  facet normal 0.3461170570774886 0 0.9381913359224858
    outer loop
      vertex 34.46926627053964 30 8.304481869954852
      vertex 34.763932022500214 32 8.195773934819385
      vertex 34.46926627053964 32 8.304481869954852
    endloop
  endfacet
  facet normal 0.2714404498650773 0 0.9624552364536464
    outer loop
      vertex 34.763932022500214 30 8.195773934819385
      vertex 35.06621854457638 32 8.110520318409293
      vertex 34.763932022500214 32 8.195773934819385
    endloop
  endfacet
  facet normal 0.1950903220161282 0 0.9807852804032305
    outer loop
      vertex 35.06621854457638 30 8.110520318409293
      vertex 35.374262139839075 32 8.049246637619449
      vertex 35.06621854457638 32 8.110520318409293
    endloop
  endfacet
  facet normal 0.11753739745783902 0 0.9930684569549263
    outer loop
      vertex 35.374262139839075 30 8.049246637619449
      vertex 35.68616361708862 32 8.012330665067488
      vertex 35.374262139839075 32 8.049246637619449
    endloop
  endfacet
  facet normal -0.7343225094356884 0 0.6788007455329387
    outer loop
      vertex 38.82842712474619 30 9.17157287525381
      vertex 39.04162386240012 30 9.402207806679264
      vertex 39.04162386240012 32 9.402207806679264
    endloop
  endfacet
  facet normal -0.6788007455329419 0 0.7343225094356854
    outer loop
      vertex 38.82842712474619 30 9.17157287525381
      vertex 38.82842712474619 32 9.17157287525381
      vertex 38.597792193320736 30 8.958376137599876
    endloop
  endfacet
  facet normal -0.7343225094356884 0 0.6788007455329387
    outer loop
      vertex 38.82842712474619 30 9.17157287525381
      vertex 39.04162386240012 32 9.402207806679264
      vertex 38.82842712474619 32 9.17157287525381
    endloop
  endfacet
  facet normal -0.6788007455329419 0 0.7343225094356854
    outer loop
      vertex 38.597792193320736 30 8.958376137599876
      vertex 38.82842712474619 32 9.17157287525381
      vertex 38.597792193320736 32 8.958376137599876
    endloop
  endfacet
  facet normal 0.03925981575906698 0 0.9992290362407231
    outer loop
      vertex 35.68616361708862 30 8.012330665067488
      vertex 36 30 8
      vertex 36 32 8
    endloop
  endfacet
  facet normal -0.03925981575906698 0 0.9992290362407231
    outer loop
      vertex 36 30 8
      vertex 36.31383638291138 30 8.012330665067488
      vertex 36.31383638291138 32 8.012330665067488
    endloop
  endfacet
  facet normal -0.11753739745783902 0 0.9930684569549263
    outer loop
      vertex 36.31383638291138 30 8.012330665067488
      vertex 36.625737860160925 30 8.049246637619449
      vertex 36.625737860160925 32 8.049246637619449
    endloop
  endfacet
  facet normal -0.1950903220161282 0 0.9807852804032305
    outer loop
      vertex 36.93378145542362 30 8.110520318409293
      vertex 36.93378145542362 32 8.110520318409293
      vertex 36.625737860160925 30 8.049246637619449
    endloop
  endfacet
  facet normal -0.2714404498650773 0 0.9624552364536464
    outer loop
      vertex 37.236067977499786 30 8.195773934819385
      vertex 37.236067977499786 32 8.195773934819385
      vertex 36.93378145542362 30 8.110520318409293
    endloop
  endfacet
  facet normal -0.48862124149695235 0 0.8724960070727986
    outer loop
      vertex 38.0899942588638 30 8.589439342583631
      vertex 38.0899942588638 32 8.589439342583631
      vertex 37.81596199895819 30 8.435973903246529
    endloop
  endfacet
  facet normal -0.6190939493098334 0 0.7853169308807454
    outer loop
      vertex 38.597792193320736 30 8.958376137599876
      vertex 38.597792193320736 32 8.958376137599876
      vertex 38.35114100916989 30 8.76393202250021
    endloop
  endfacet
  facet normal -0.5555702330196025 0 0.8314696123025451
    outer loop
      vertex 38.35114100916989 30 8.76393202250021
      vertex 38.35114100916989 32 8.76393202250021
      vertex 38.0899942588638 30 8.589439342583631
    endloop
  endfacet
  facet normal -0.41865973753743047 0 0.9081431738250801
    outer loop
      vertex 37.81596199895819 30 8.435973903246529
      vertex 37.81596199895819 32 8.435973903246529
      vertex 37.53073372946036 30 8.304481869954852
    endloop
  endfacet
  facet normal -0.3461170570774886 0 0.9381913359224858
    outer loop
      vertex 37.236067977499786 30 8.195773934819385
      vertex 37.53073372946036 30 8.304481869954852
      vertex 37.53073372946036 32 8.304481869954852
    endloop
  endfacet
  facet normal 0.03925981575906698 0 0.9992290362407231
    outer loop
      vertex 35.68616361708862 30 8.012330665067488
      vertex 36 32 8
      vertex 35.68616361708862 32 8.012330665067488
    endloop
  endfacet
  facet normal -0.03925981575906698 0 0.9992290362407231
    outer loop
      vertex 36 30 8
      vertex 36.31383638291138 32 8.012330665067488
      vertex 36 32 8
    endloop
  endfacet
  facet normal -0.11753739745783902 0 0.9930684569549263
    outer loop
      vertex 36.31383638291138 30 8.012330665067488
      vertex 36.625737860160925 32 8.049246637619449
      vertex 36.31383638291138 32 8.012330665067488
    endloop
  endfacet
  facet normal -0.1950903220161282 0 0.9807852804032305
    outer loop
      vertex 36.625737860160925 30 8.049246637619449
      vertex 36.93378145542362 32 8.110520318409293
      vertex 36.625737860160925 32 8.049246637619449
    endloop
  endfacet
  facet normal -0.2714404498650773 0 0.9624552364536464
    outer loop
      vertex 36.93378145542362 30 8.110520318409293
      vertex 37.236067977499786 32 8.195773934819385
      vertex 36.93378145542362 32 8.110520318409293
    endloop
  endfacet
  facet normal -0.3461170570774886 0 0.9381913359224858
    outer loop
      vertex 37.236067977499786 30 8.195773934819385
      vertex 37.53073372946036 32 8.304481869954852
      vertex 37.236067977499786 32 8.195773934819385
    endloop
  endfacet
  facet normal -0.5555702330196025 0 0.8314696123025451
    outer loop
      vertex 38.35114100916989 32 8.76393202250021
      vertex 38.0899942588638 32 8.589439342583631
      vertex 38.0899942588638 30 8.589439342583631
    endloop
  endfacet
  facet normal -0.6190939493098334 0 0.7853169308807454
    outer loop
      vertex 38.35114100916989 30 8.76393202250021
      vertex 38.597792193320736 32 8.958376137599876
      vertex 38.35114100916989 32 8.76393202250021
    endloop
  endfacet
  facet normal -0.41865973753743047 0 0.9081431738250801
    outer loop
      vertex 37.53073372946036 30 8.304481869954852
      vertex 37.81596199895819 32 8.435973903246529
      vertex 37.53073372946036 32 8.304481869954852
    endloop
  endfacet
  facet normal -0.48862124149695235 0 0.8724960070727986
    outer loop
      vertex 37.81596199895819 30 8.435973903246529
      vertex 38.0899942588638 32 8.589439342583631
      vertex 37.81596199895819 32 8.435973903246529
    endloop
  endfacet
  facet normal -0.9930684569549268 0 0.11753739745783298
    outer loop
      vertex 39.977471198804814 30 11.6
      vertex 39.977471198804814 32 11.6
      vertex 39.95075336238055 30 11.374262139839077
    endloop
  endfacet
  facet normal -0.9807852804032299 0 0.19509032201613147
    outer loop
      vertex 39.95075336238055 30 11.374262139839077
      vertex 39.95075336238055 32 11.374262139839077
      vertex 39.88947968159071 30 11.066218544576378
    endloop
  endfacet
  facet normal -0.9930684569549268 0 0.11753739745783298
    outer loop
      vertex 39.95075336238055 30 11.374262139839077
      vertex 39.977471198804814 32 11.6
      vertex 39.95075336238055 32 11.374262139839077
    endloop
  endfacet
  facet normal -0.9807852804032299 0 0.19509032201613147
    outer loop
      vertex 39.88947968159071 30 11.066218544576378
      vertex 39.95075336238055 32 11.374262139839077
      vertex 39.88947968159071 32 11.066218544576378
    endloop
  endfacet
  facet normal -0.9381913359224808 0 0.3461170570775022
    outer loop
      vertex 39.804226065180615 30 10.76393202250021
      vertex 39.804226065180615 32 10.76393202250021
      vertex 39.695518130045144 30 10.469266270539642
    endloop
  endfacet
  facet normal -0.9624552364536468 0 0.2714404498650758
    outer loop
      vertex 39.88947968159071 30 11.066218544576378
      vertex 39.88947968159071 32 11.066218544576378
      vertex 39.804226065180615 30 10.76393202250021
    endloop
  endfacet
  facet normal -0.9081431738250867 0 0.41865973753741653
    outer loop
      vertex 39.695518130045144 30 10.469266270539642
      vertex 39.695518130045144 32 10.469266270539642
      vertex 39.56402609675347 30 10.184038001041813
    endloop
  endfacet
  facet normal -0.8724960070727948 0 0.48862124149695907
    outer loop
      vertex 39.56402609675347 30 10.184038001041813
      vertex 39.56402609675347 32 10.184038001041813
      vertex 39.41056065741637 30 9.910005741136205
    endloop
  endfacet
  facet normal -0.9381913359224808 0 0.3461170570775022
    outer loop
      vertex 39.695518130045144 30 10.469266270539642
      vertex 39.804226065180615 32 10.76393202250021
      vertex 39.695518130045144 32 10.469266270539642
    endloop
  endfacet
  facet normal -0.9624552364536468 0 0.2714404498650758
    outer loop
      vertex 39.88947968159071 32 11.066218544576378
      vertex 39.804226065180615 32 10.76393202250021
      vertex 39.804226065180615 30 10.76393202250021
    endloop
  endfacet
  facet normal -0.9081431738250867 0 0.41865973753741653
    outer loop
      vertex 39.56402609675347 30 10.184038001041813
      vertex 39.695518130045144 32 10.469266270539642
      vertex 39.56402609675347 32 10.184038001041813
    endloop
  endfacet
  facet normal -0.8724960070727948 0 0.48862124149695907
    outer loop
      vertex 39.56402609675347 32 10.184038001041813
      vertex 39.41056065741637 32 9.910005741136205
      vertex 39.41056065741637 30 9.910005741136205
    endloop
  endfacet
  facet normal -0.8314696123025417 0 0.5555702330196077
    outer loop
      vertex 39.41056065741637 30 9.910005741136205
      vertex 39.41056065741637 32 9.910005741136205
      vertex 39.236067977499786 30 9.648858990830107
    endloop
  endfacet
  facet normal -0.7853169308807482 0 0.61909394930983
    outer loop
      vertex 39.236067977499786 30 9.648858990830107
      vertex 39.236067977499786 32 9.648858990830107
      vertex 39.04162386240012 30 9.402207806679264
    endloop
  endfacet
  facet normal -0.8314696123025417 0 0.5555702330196077
    outer loop
      vertex 39.236067977499786 30 9.648858990830107
      vertex 39.41056065741637 32 9.910005741136205
      vertex 39.236067977499786 32 9.648858990830107
    endloop
  endfacet
  facet normal -0.7853169308807482 0 0.61909394930983
    outer loop
      vertex 39.236067977499786 32 9.648858990830107
      vertex 39.04162386240012 32 9.402207806679264
      vertex 39.04162386240012 30 9.402207806679264
    endloop
  endfacet
  facet normal -0.6560590346298385 0 0.754709575320576
    outer loop
      vertex 38.89254424241697 32 8.552800007001755
      vertex 39.011087728749466 32 8.655848289080222
      vertex 39.011087728749466 38 8.655848289080222
    endloop
  endfacet
  facet normal -0.6560590346298385 0 0.754709575320576
    outer loop
      vertex 38.89254424241697 32 8.552800007001755
      vertex 39.011087728749466 38 8.655848289080222
      vertex 38.89254424241697 38 8.552800007001755
    endloop
  endfacet
  facet normal -0.9961946955257297 0 0.08715577207734859
    outer loop
      vertex 40.48150581233889 32 11.6
      vertex 40.48150581233889 38 11.6
      vertex 40.4753485258138 32 11.529621916840101
    endloop
  endfacet
  facet normal -0.9925461532315483 0 0.12186933045379336
    outer loop
      vertex 40.4753485258138 32 11.529621916840101
      vertex 40.4753485258138 38 11.529621916840101
      vertex 40.45620630820893 32 11.373721048448592
    endloop
  endfacet
  facet normal -0.9876883409816589 0 0.15643446259983193
    outer loop
      vertex 40.45620630820893 32 11.373721048448592
      vertex 40.45620630820893 38 11.373721048448592
      vertex 40.43163488760067 32 11.218583201884629
    endloop
  endfacet
  facet normal -0.9816271798728913 0 0.19080901376715506
    outer loop
      vertex 40.43163488760067 32 11.218583201884629
      vertex 40.43163488760067 38 11.218583201884629
      vertex 40.401664198825586 32 11.064397390007636
    endloop
  endfacet
  facet normal -0.9743700660680873 0 0.22495104878722197
    outer loop
      vertex 40.401664198825586 32 11.064397390007636
      vertex 40.401664198825586 38 11.064397390007636
      vertex 40.36633076481346 32 10.911351469046538
    endloop
  endfacet
  facet normal -0.9961946955257297 0 0.08715577207734859
    outer loop
      vertex 40.4753485258138 32 11.529621916840101
      vertex 40.48150581233889 38 11.6
      vertex 40.4753485258138 38 11.529621916840101
    endloop
  endfacet
  facet normal -0.9925461532315483 0 0.12186933045379336
    outer loop
      vertex 40.45620630820893 32 11.373721048448592
      vertex 40.4753485258138 38 11.529621916840101
      vertex 40.45620630820893 38 11.373721048448592
    endloop
  endfacet
  facet normal -0.9876883409816589 0 0.15643446259983193
    outer loop
      vertex 40.43163488760067 32 11.218583201884629
      vertex 40.45620630820893 38 11.373721048448592
      vertex 40.43163488760067 38 11.218583201884629
    endloop
  endfacet
  facet normal -0.9816271798728913 0 0.19080901376715506
    outer loop
      vertex 40.401664198825586 32 11.064397390007636
      vertex 40.43163488760067 38 11.218583201884629
      vertex 40.401664198825586 38 11.064397390007636
    endloop
  endfacet
  facet normal -0.9659258345970256 0 0.25881901409679986
    outer loop
      vertex 40.36633076481346 32 10.911351469046538
      vertex 40.36633076481346 38 10.911351469046538
      vertex 40.32567763319364 32 10.759631896874106
    endloop
  endfacet
  facet normal -0.9563047481605529 0 0.29237173024350593
    outer loop
      vertex 40.32567763319364 32 10.759631896874106
      vertex 40.32567763319364 38 10.759631896874106
      vertex 40.2797543218926 32 10.609423528192673
    endloop
  endfacet
  facet normal -0.9455185864392541 0 0.3255681229756911
    outer loop
      vertex 40.2797543218926 32 10.609423528192673
      vertex 40.2797543218926 38 10.609423528192673
      vertex 40.22861679625533 32 10.460909353915977
    endloop
  endfacet
  facet normal -0.9335804245902037 0 0.3583679545131999
    outer loop
      vertex 40.22861679625533 32 10.460909353915977
      vertex 40.22861679625533 38 10.460909353915977
      vertex 40.17232734711776 32 10.314270327842376
    endloop
  endfacet
  facet normal -0.9205048492709367 0 0.39073113834027895
    outer loop
      vertex 40.17232734711776 32 10.314270327842376
      vertex 40.17232734711776 38 10.314270327842376
      vertex 40.11095456117563 32 10.169685109185462
    endloop
  endfacet
  facet normal -0.9063077870366569 0 0.4226182617406845
    outer loop
      vertex 40.11095456117563 32 10.169685109185462
      vertex 40.11095456117563 38 10.169685109185462
      vertex 40.04457320717446 32 10.027329836137145
    endloop
  endfacet
  facet normal -0.9743700660680873 0 0.22495104878722197
    outer loop
      vertex 40.36633076481346 32 10.911351469046538
      vertex 40.401664198825586 38 11.064397390007636
      vertex 40.36633076481346 38 10.911351469046538
    endloop
  endfacet
  facet normal -0.9659258345970256 0 0.25881901409679986
    outer loop
      vertex 40.32567763319364 32 10.759631896874106
      vertex 40.36633076481346 38 10.911351469046538
      vertex 40.32567763319364 38 10.759631896874106
    endloop
  endfacet
  facet normal -0.9563047481605529 0 0.29237173024350593
    outer loop
      vertex 40.2797543218926 32 10.609423528192673
      vertex 40.32567763319364 38 10.759631896874106
      vertex 40.2797543218926 38 10.609423528192673
    endloop
  endfacet
  facet normal -0.9455185864392541 0 0.3255681229756911
    outer loop
      vertex 40.22861679625533 32 10.460909353915977
      vertex 40.2797543218926 38 10.609423528192673
      vertex 40.22861679625533 38 10.460909353915977
    endloop
  endfacet
  facet normal -0.9335804245902037 0 0.3583679545131999
    outer loop
      vertex 40.17232734711776 32 10.314270327842376
      vertex 40.22861679625533 38 10.460909353915977
      vertex 40.17232734711776 38 10.314270327842376
    endloop
  endfacet
  facet normal -0.9205048492709367 0 0.39073113834027895
    outer loop
      vertex 40.11095456117563 32 10.169685109185462
      vertex 40.17232734711776 38 10.314270327842376
      vertex 40.11095456117563 38 10.169685109185462
    endloop
  endfacet
  facet normal -0.9063077870366569 0 0.4226182617406845
    outer loop
      vertex 40.11095456117563 38 10.169685109185462
      vertex 40.04457320717446 38 10.027329836137145
      vertex 40.04457320717446 32 10.027329836137145
    endloop
  endfacet
  facet normal 0 1 0
    outer loop
      vertex 40.32567763319364 38 10.759631896874106
      vertex 45.986093422402746 38 8.755321558132476
      vertex 40.2797543218926 38 10.609423528192673
    endloop
  endfacet
  facet normal 0 1 0
    outer loop
      vertex 40.48150581233889 38 11.6
      vertex 46.491845121678764 38 11.6
      vertex 40.4753485258138 38 11.529621916840101
    endloop
  endfacet
  facet normal 0 1 0
    outer loop
      vertex 40.4753485258138 38 11.529621916840101
      vertex 46.39781472050709 38 10.538682437528363
      vertex 40.45620630820893 38 11.373721048448592
    endloop
  endfacet
  facet normal 0 1 0
    outer loop
      vertex 40.4753485258138 38 11.529621916840101
      vertex 46.491845121678764 38 11.6
      vertex 46.44247989806721 38 10.902451137194403
    endloop
  endfacet
  facet normal 0 1 0
    outer loop
      vertex 40.45620630820893 38 11.373721048448592
      vertex 46.34048140560283 38 10.176694134430376
      vertex 40.43163488760067 38 11.218583201884629
    endloop
  endfacet
  facet normal 0 1 0
    outer loop
      vertex 40.43163488760067 38 11.218583201884629
      vertex 46.27054980491013 38 9.816927248004504
      vertex 40.401664198825586 38 11.064397390007636
    endloop
  endfacet
  facet normal 0 1 0
    outer loop
      vertex 40.401664198825586 38 11.064397390007636
      vertex 46.18810512344934 38 9.459820094593594
      vertex 40.36633076481346 38 10.911351469046538
    endloop
  endfacet
  facet normal 0 1 0
    outer loop
      vertex 40.36633076481346 38 10.911351469046538
      vertex 46.09324780733307 38 9.105807763722922
      vertex 40.32567763319364 38 10.759631896874106
    endloop
  endfacet
  facet normal 0 1 0
    outer loop
      vertex 40.4753485258138 38 11.529621916840101
      vertex 46.44247989806721 38 10.902451137194403
      vertex 46.39781472050709 38 10.538682437528363
    endloop
  endfacet
  facet normal 0 1 0
    outer loop
      vertex 40.45620630820893 38 11.373721048448592
      vertex 46.39781472050709 38 10.538682437528363
      vertex 46.34048140560283 38 10.176694134430376
    endloop
  endfacet
  facet normal 0 1 0
    outer loop
      vertex 40.43163488760067 38 11.218583201884629
      vertex 46.34048140560283 38 10.176694134430376
      vertex 46.27054980491013 38 9.816927248004504
    endloop
  endfacet
  facet normal 0 1 0
    outer loop
      vertex 40.401664198825586 38 11.064397390007636
      vertex 46.27054980491013 38 9.816927248004504
      vertex 46.18810512344934 38 9.459820094593594
    endloop
  endfacet
  facet normal -0.8386705824801365 0 0.5446390126335319
    outer loop
      vertex 39.730669078936685 32 9.483631934507676
      vertex 39.81621642957497 32 9.615363310199118
      vertex 39.81621642957497 38 9.615363310199118
    endloop
  endfacet
  facet normal -0.8910065290468429 0 0.4539904902042526
    outer loop
      vertex 40.04457320717446 32 10.027329836137145
      vertex 40.04457320717446 38 10.027329836137145
      vertex 39.973264170240725 32 9.887377967410966
    endloop
  endfacet
  facet normal -0.8746197097192271 0 0.4848096155921982
    outer loop
      vertex 39.973264170240725 32 9.887377967410966
      vertex 39.897114319634376 38 9.74999999863629
      vertex 39.897114319634376 32 9.74999999863629
    endloop
  endfacet
  facet normal -0.857167283553694 0 0.5150381034498139
    outer loop
      vertex 39.897114319634376 32 9.74999999863629
      vertex 39.897114319634376 38 9.74999999863629
      vertex 39.81621642957497 32 9.615363310199118
    endloop
  endfacet
  facet normal -0.8191520258774901 0 0.5735764626453945
    outer loop
      vertex 39.730669078936685 32 9.483631934507676
      vertex 39.730669078936685 38 9.483631934507676
      vertex 39.640576473061785 32 9.354966367795548
    endloop
  endfacet
  facet normal -0.7986355066152516 0 0.6018150277065207
    outer loop
      vertex 39.640576473061785 32 9.354966367795548
      vertex 39.640576473061785 38 9.354966367795548
      vertex 39.54604838935818 32 9.22952336530739
    endloop
  endfacet
  facet normal -0.7771459732471769 0 0.6293203764901453
    outer loop
      vertex 39.54604838935818 32 9.22952336530739
      vertex 39.54604838935818 38 9.22952336530739
      vertex 39.44719999236042 32 9.107455756250797
    endloop
  endfacet
  facet normal -0.7547095786017642 0 0.6560590308552634
    outer loop
      vertex 39.44719999236042 32 9.107455756250797
      vertex 39.44719999236042 38 9.107455756250797
      vertex 39.34415171180203 32 8.988912270469536
    endloop
  endfacet
  facet normal -0.8386705824801365 0 0.5446390126335319
    outer loop
      vertex 39.730669078936685 32 9.483631934507676
      vertex 39.81621642957497 38 9.615363310199118
      vertex 39.730669078936685 38 9.483631934507676
    endloop
  endfacet
  facet normal -0.8910065290468429 0 0.4539904902042526
    outer loop
      vertex 39.973264170240725 32 9.887377967410966
      vertex 40.04457320717446 38 10.027329836137145
      vertex 39.973264170240725 38 9.887377967410966
    endloop
  endfacet
  facet normal -0.8746197097192271 0 0.4848096155921982
    outer loop
      vertex 39.973264170240725 32 9.887377967410966
      vertex 39.973264170240725 38 9.887377967410966
      vertex 39.897114319634376 38 9.74999999863629
    endloop
  endfacet
  facet normal -0.857167283553694 0 0.5150381034498139
    outer loop
      vertex 39.81621642957497 32 9.615363310199118
      vertex 39.897114319634376 38 9.74999999863629
      vertex 39.81621642957497 38 9.615363310199118
    endloop
  endfacet
  facet normal -0.8191520258774901 0 0.5735764626453945
    outer loop
      vertex 39.640576473061785 32 9.354966367795548
      vertex 39.730669078936685 38 9.483631934507676
      vertex 39.640576473061785 38 9.354966367795548
    endloop
  endfacet
  facet normal -0.7986355066152516 0 0.6018150277065207
    outer loop
      vertex 39.54604838935818 32 9.22952336530739
      vertex 39.640576473061785 38 9.354966367795548
      vertex 39.54604838935818 38 9.22952336530739
    endloop
  endfacet
  facet normal -0.7547095786017642 0 0.6560590308552634
    outer loop
      vertex 39.34415171180203 32 8.988912270469536
      vertex 39.44719999236042 38 9.107455756250797
      vertex 39.34415171180203 38 8.988912270469536
    endloop
  endfacet
  facet normal -0.7771459732471769 0 0.6293203764901453
    outer loop
      vertex 39.44719999236042 32 9.107455756250797
      vertex 39.54604838935818 38 9.22952336530739
      vertex 39.44719999236042 38 9.107455756250797
    endloop
  endfacet
  facet normal 0 1 0
    outer loop
      vertex 40.2797543218926 38 10.609423528192673
      vertex 45.86677252114367 38 8.40878849682062
      vertex 40.22861679625533 38 10.460909353915977
    endloop
  endfacet
  facet normal 0 1 0
    outer loop
      vertex 40.22861679625533 38 10.460909353915977
      vertex 45.73543047090517 38 8.066630770365137
      vertex 40.17232734711776 38 10.314270327842376
    endloop
  endfacet
  facet normal 0 1 0
    outer loop
      vertex 40.17232734711776 38 10.314270327842376
      vertex 45.592227307310644 38 7.729265250264399
      vertex 40.11095456117563 38 10.169685109185462
    endloop
  endfacet
  facet normal 0 1 0
    outer loop
      vertex 40.11095456117563 38 10.169685109185462
      vertex 45.437337485506234 38 7.39710295548835
      vertex 40.04457320717446 38 10.027329836137145
    endloop
  endfacet
  facet normal -0.7313536927200395 0 0.6819983696056481
    outer loop
      vertex 39.34415171180203 32 8.988912270469536
      vertex 39.34415171180203 38 8.988912270469536
      vertex 39.23702909819163 32 8.874037334502916
    endloop
  endfacet
  facet normal -0.707106802005033 0 0.7071067603680615
    outer loop
      vertex 39.23702909819163 32 8.874037334502916
      vertex 39.23702909819163 38 8.874037334502916
      vertex 39.125962667577674 32 8.762970897348975
    endloop
  endfacet
  facet normal -0.6819983423286731 0 0.73135371815623
    outer loop
      vertex 39.125962667577674 32 8.762970897348975
      vertex 39.125962667577674 38 8.762970897348975
      vertex 39.011087728749466 32 8.655848289080222
    endloop
  endfacet
  facet normal -0.766044442910908 0 -0.6427876099345073
    outer loop
      vertex 38.89254424241697 32 8.552800007001755
      vertex 38.89254424241697 38 8.552800007001755
      vertex 39.85555052670158 32 7.4051338087692296
    endloop
  endfacet
  facet normal -0.7313536927200395 0 0.6819983696056481
    outer loop
      vertex 39.23702909819163 32 8.874037334502916
      vertex 39.34415171180203 38 8.988912270469536
      vertex 39.23702909819163 38 8.874037334502916
    endloop
  endfacet
  facet normal -0.707106802005033 0 0.7071067603680615
    outer loop
      vertex 39.125962667577674 32 8.762970897348975
      vertex 39.23702909819163 38 8.874037334502916
      vertex 39.125962667577674 38 8.762970897348975
    endloop
  endfacet
  facet normal -0.6819983423286731 0 0.73135371815623
    outer loop
      vertex 39.125962667577674 38 8.762970897348975
      vertex 39.011087728749466 38 8.655848289080222
      vertex 39.011087728749466 32 8.655848289080222
    endloop
  endfacet
  facet normal 0 1 0
    outer loop
      vertex 40.04457320717446 38 10.027329836137145
      vertex 45.270949722759596 38 7.070548591523498
      vertex 39.973264170240725 38 9.887377967410966
    endloop
  endfacet
  facet normal 0 1 0
    outer loop
      vertex 39.973264170240725 38 9.887377967410966
      vertex 45.09326674026229 38 6.74999999666634
      vertex 39.897114319634376 38 9.74999999863629
    endloop
  endfacet
  facet normal 0 1 0
    outer loop
      vertex 39.897114319634376 38 9.74999999863629
      vertex 44.904505011193294 38 6.4358477251508726
      vertex 39.81621642957497 38 9.615363310199118
    endloop
  endfacet
  facet normal 0 1 0
    outer loop
      vertex 39.730669078936685 38 9.483631934507676
      vertex 39.81621642957497 38 9.615363310199118
      vertex 44.904505011193294 38 6.4358477251508726
    endloop
  endfacet
  facet normal 0 1 0
    outer loop
      vertex 39.730669078936685 38 9.483631934507676
      vertex 44.70489451196767 38 6.1284745136995715
      vertex 39.640576473061785 38 9.354966367795548
    endloop
  endfacet
  facet normal 0 1 0
    outer loop
      vertex 39.640576473061785 38 9.354966367795548
      vertex 44.49467844059625 38 5.828254853839606
      vertex 39.54604838935818 38 9.22952336530739
    endloop
  endfacet
  facet normal 0 1 0
    outer loop
      vertex 40.36633076481346 38 10.911351469046538
      vertex 46.18810512344934 38 9.459820094593594
      vertex 46.09324780733307 38 9.105807763722922
    endloop
  endfacet
  facet normal 0 1 0
    outer loop
      vertex 40.32567763319364 38 10.759631896874106
      vertex 46.09324780733307 38 9.105807763722922
      vertex 45.986093422402746 38 8.755321558132476
    endloop
  endfacet
  facet normal 0 1 0
    outer loop
      vertex 40.2797543218926 38 10.609423528192673
      vertex 45.986093422402746 38 8.755321558132476
      vertex 45.86677252114367 38 8.40878849682062
    endloop
  endfacet
  facet normal 0 1 0
    outer loop
      vertex 40.17232734711776 38 10.314270327842376
      vertex 45.73543047090517 38 8.066630770365137
      vertex 45.592227307310644 38 7.729265250264399
    endloop
  endfacet
  facet normal 0 1 0
    outer loop
      vertex 40.11095456117563 38 10.169685109185462
      vertex 45.592227307310644 38 7.729265250264399
      vertex 45.437337485506234 38 7.39710295548835
    endloop
  endfacet
  facet normal 0 1 0
    outer loop
      vertex 40.04457320717446 38 10.027329836137145
      vertex 45.437337485506234 38 7.39710295548835
      vertex 45.270949722759596 38 7.070548591523498
    endloop
  endfacet
  facet normal 0 1 0
    outer loop
      vertex 40.22861679625533 38 10.460909353915977
      vertex 45.86677252114367 38 8.40878849682062
      vertex 45.73543047090517 38 8.066630770365137
    endloop
  endfacet
  facet normal 0.9986295351002664 0 -0.052335949646736046
    outer loop
      vertex 46.491845121678764 30 11.6
      vertex 46.474422526009285 30 11.267557028560814
      vertex 46.474422526009285 38 11.267557028560814
    endloop
  endfacet
  facet normal 0.996194697745638 0 -0.08715574670368544
    outer loop
      vertex 46.474422526009285 30 11.267557028560814
      vertex 46.44247989806721 30 10.902451137194403
      vertex 46.474422526009285 38 11.267557028560814
    endloop
  endfacet
  facet normal 0.992546152465966 0 -0.12186933668896077
    outer loop
      vertex 46.44247989806721 30 10.902451137194403
      vertex 46.39781472050709 30 10.538682437528363
      vertex 46.44247989806721 38 10.902451137194403
    endloop
  endfacet
  facet normal 0.987688340547053 0 -0.15643446534382632
    outer loop
      vertex 46.39781472050709 30 10.538682437528363
      vertex 46.34048140560283 30 10.176694134430376
      vertex 46.39781472050709 38 10.538682437528363
    endloop
  endfacet
  facet normal 0.9816271823786709 0 -0.19080900087603683
    outer loop
      vertex 46.34048140560283 30 10.176694134430376
      vertex 46.27054980491013 30 9.816927248004504
      vertex 46.34048140560283 38 10.176694134430376
    endloop
  endfacet
  facet normal 0.9986295351002664 0 -0.052335949646736046
    outer loop
      vertex 46.491845121678764 30 11.6
      vertex 46.474422526009285 38 11.267557028560814
      vertex 46.491845121678764 38 11.6
    endloop
  endfacet
  facet normal 0.996194697745638 0 -0.08715574670368544
    outer loop
      vertex 46.44247989806721 30 10.902451137194403
      vertex 46.44247989806721 38 10.902451137194403
      vertex 46.474422526009285 38 11.267557028560814
    endloop
  endfacet
  facet normal 0 1 0
    outer loop
      vertex 46.491845121678764 38 11.6
      vertex 46.474422526009285 38 11.267557028560814
      vertex 46.44247989806721 38 10.902451137194403
    endloop
  endfacet
  facet normal 0.992546152465966 0 -0.12186933668896077
    outer loop
      vertex 46.39781472050709 30 10.538682437528363
      vertex 46.39781472050709 38 10.538682437528363
      vertex 46.44247989806721 38 10.902451137194403
    endloop
  endfacet
  facet normal 0.987688340547053 0 -0.15643446534382632
    outer loop
      vertex 46.34048140560283 30 10.176694134430376
      vertex 46.34048140560283 38 10.176694134430376
      vertex 46.39781472050709 38 10.538682437528363
    endloop
  endfacet
  facet normal 0.9743700654342289 0 -0.22495105153276465
    outer loop
      vertex 46.27054980491013 30 9.816927248004504
      vertex 46.18810512344934 30 9.459820094593594
      vertex 46.27054980491013 38 9.816927248004504
    endloop
  endfacet
  facet normal 0.9659258276882392 0 -0.2588190398807438
    outer loop
      vertex 46.18810512344934 30 9.459820094593594
      vertex 46.09324780733307 30 9.105807763722922
      vertex 46.18810512344934 38 9.459820094593594
    endloop
  endfacet
  facet normal 0.9563047571429857 0 -0.29237170086329384
    outer loop
      vertex 46.09324780733307 30 9.105807763722922
      vertex 45.986093422402746 30 8.755321558132476
      vertex 46.09324780733307 38 9.105807763722922
    endloop
  endfacet
  facet normal 0.9455185761607184 0 -0.32556815282672785
    outer loop
      vertex 45.986093422402746 30 8.755321558132476
      vertex 45.86677252114367 30 8.40878849682062
      vertex 45.986093422402746 38 8.755321558132476
    endloop
  endfacet
  facet normal 0.9335804221677085 0 -0.35836796082401523
    outer loop
      vertex 45.86677252114367 30 8.40878849682062
      vertex 45.73543047090517 30 8.066630770365137
      vertex 45.86677252114367 38 8.40878849682062
    endloop
  endfacet
  facet normal 0.9816271823786709 0 -0.19080900087603683
    outer loop
      vertex 46.34048140560283 38 10.176694134430376
      vertex 46.27054980491013 30 9.816927248004504
      vertex 46.27054980491013 38 9.816927248004504
    endloop
  endfacet
  facet normal 0.9743700654342289 0 -0.22495105153276465
    outer loop
      vertex 46.18810512344934 30 9.459820094593594
      vertex 46.18810512344934 38 9.459820094593594
      vertex 46.27054980491013 38 9.816927248004504
    endloop
  endfacet
  facet normal 0.9659258276882392 0 -0.2588190398807438
    outer loop
      vertex 46.09324780733307 30 9.105807763722922
      vertex 46.09324780733307 38 9.105807763722922
      vertex 46.18810512344934 38 9.459820094593594
    endloop
  endfacet
  facet normal 0.9563047571429857 0 -0.29237170086329384
    outer loop
      vertex 45.986093422402746 30 8.755321558132476
      vertex 45.986093422402746 38 8.755321558132476
      vertex 46.09324780733307 38 9.105807763722922
    endloop
  endfacet
  facet normal 0.9455185761607184 0 -0.32556815282672785
    outer loop
      vertex 45.986093422402746 38 8.755321558132476
      vertex 45.86677252114367 30 8.40878849682062
      vertex 45.86677252114367 38 8.40878849682062
    endloop
  endfacet
  facet normal 0.9335804221677085 0 -0.35836796082401523
    outer loop
      vertex 45.73543047090517 30 8.066630770365137
      vertex 45.73543047090517 38 8.066630770365137
      vertex 45.86677252114367 38 8.40878849682062
    endloop
  endfacet
  facet normal 0.8910065201454086 0 -0.4539905076743009
    outer loop
      vertex 45.437337485506234 30 7.39710295548835
      vertex 45.270949722759596 30 7.070548591523498
      vertex 45.437337485506234 38 7.39710295548835
    endloop
  endfacet
  facet normal 0.8746197129964491 0 -0.48480960967993303
    outer loop
      vertex 45.270949722759596 30 7.070548591523498
      vertex 45.09326674026229 30 6.74999999666634
      vertex 45.270949722759596 38 7.070548591523498
    endloop
  endfacet
  facet normal 0.8571672998139925 0 -0.5150380763881337
    outer loop
      vertex 45.09326674026229 30 6.74999999666634
      vertex 44.904505011193294 30 6.4358477251508726
      vertex 45.09326674026229 38 6.74999999666634
    endloop
  endfacet
  facet normal 0.8191520411882449 0 -0.5735764407793715
    outer loop
      vertex 44.49467844059625 30 5.828254853839606
      vertex 44.70489451196767 38 6.1284745136995715
      vertex 44.70489451196767 30 6.1284745136995715
    endloop
  endfacet
  facet normal 0.8386705657473823 0 -0.5446390383997146
    outer loop
      vertex 44.904505011193294 30 6.4358477251508726
      vertex 44.70489451196767 30 6.1284745136995715
      vertex 44.904505011193294 38 6.4358477251508726
    endloop
  endfacet
  facet normal 0 1 0
    outer loop
      vertex 39.125962667577674 38 8.762970897348975
      vertex 43.29391288651289 38 4.446932095913439
      vertex 39.011087728749466 38 8.655848289080222
    endloop
  endfacet
  facet normal 0 1 0
    outer loop
      vertex 38.89254424241697 38 8.552800007001755
      vertex 39.011087728749466 38 8.655848289080222
      vertex 43.02587136498291 38 4.196979336685504
    endloop
  endfacet
  facet normal 0 1 0
    outer loop
      vertex 39.44719999236042 38 9.107455756250797
      vertex 44.0434666521414 38 5.25073009911978
      vertex 39.34415171180203 38 8.988912270469536
    endloop
  endfacet
  facet normal 0 1 0
    outer loop
      vertex 39.54604838935818 38 9.22952336530739
      vertex 44.27411290985535 38 5.535554510198887
      vertex 39.44719999236042 38 9.107455756250797
    endloop
  endfacet
  facet normal 0 1 0
    outer loop
      vertex 39.34415171180203 38 8.988912270469536
      vertex 43.80302066852183 38 4.974128635748935
      vertex 39.23702909819163 38 8.874037334502916
    endloop
  endfacet
  facet normal 0 1 0
    outer loop
      vertex 39.23702909819163 38 8.874037334502916
      vertex 43.55306790028214 38 4.70608711174097
      vertex 39.125962667577674 38 8.762970897348975
    endloop
  endfacet
  facet normal -0.7660444429109086 -2.4671622782251615e-16 -0.6427876099345067
    outer loop
      vertex 38.89254424241697 38 8.552800007001755
      vertex 42.749269900022504 38 3.9565333519216015
      vertex 39.85555052670158 32 7.4051338087692296
    endloop
  endfacet
  facet normal 0 1 0
    outer loop
      vertex 39.23702909819163 38 8.874037334502916
      vertex 43.80302066852183 38 4.974128635748935
      vertex 43.55306790028214 38 4.70608711174097
    endloop
  endfacet
  facet normal 0.9063077870366496 0 -0.4226182617407001
    outer loop
      vertex 45.437337485506234 30 7.39710295548835
      vertex 45.437337485506234 38 7.39710295548835
      vertex 45.592227307310644 38 7.729265250264399
    endloop
  endfacet
  facet normal 0.8910065201454086 0 -0.4539905076743009
    outer loop
      vertex 45.437337485506234 38 7.39710295548835
      vertex 45.270949722759596 30 7.070548591523498
      vertex 45.270949722759596 38 7.070548591523498
    endloop
  endfacet
  facet normal 0 1 0
    outer loop
      vertex 39.973264170240725 38 9.887377967410966
      vertex 45.270949722759596 38 7.070548591523498
      vertex 45.09326674026229 38 6.74999999666634
    endloop
  endfacet
  facet normal 0 1 0
    outer loop
      vertex 39.897114319634376 38 9.74999999863629
      vertex 45.09326674026229 38 6.74999999666634
      vertex 44.904505011193294 38 6.4358477251508726
    endloop
  endfacet
  facet normal 0 1 0
    outer loop
      vertex 39.640576473061785 38 9.354966367795548
      vertex 44.70489451196767 38 6.1284745136995715
      vertex 44.49467844059625 38 5.828254853839606
    endloop
  endfacet
  facet normal 0 1 0
    outer loop
      vertex 39.730669078936685 38 9.483631934507676
      vertex 44.904505011193294 38 6.4358477251508726
      vertex 44.70489451196767 38 6.1284745136995715
    endloop
  endfacet
  facet normal 0.8746197129964491 0 -0.48480960967993303
    outer loop
      vertex 45.09326674026229 30 6.74999999666634
      vertex 45.09326674026229 38 6.74999999666634
      vertex 45.270949722759596 38 7.070548591523498
    endloop
  endfacet
  facet normal 0.8571672998139925 0 -0.5150380763881337
    outer loop
      vertex 44.904505011193294 30 6.4358477251508726
      vertex 44.904505011193294 38 6.4358477251508726
      vertex 45.09326674026229 38 6.74999999666634
    endloop
  endfacet
  facet normal 0.8386705657473823 0 -0.5446390383997146
    outer loop
      vertex 44.70489451196767 30 6.1284745136995715
      vertex 44.70489451196767 38 6.1284745136995715
      vertex 44.904505011193294 38 6.4358477251508726
    endloop
  endfacet
  facet normal 0 1 0
    outer loop
      vertex 39.54604838935818 38 9.22952336530739
      vertex 44.49467844059625 38 5.828254853839606
      vertex 44.27411290985535 38 5.535554510198887
    endloop
  endfacet
  facet normal 0 1 0
    outer loop
      vertex 39.44719999236042 38 9.107455756250797
      vertex 44.27411290985535 38 5.535554510198887
      vertex 44.0434666521414 38 5.25073009911978
    endloop
  endfacet
  facet normal 0 1 0
    outer loop
      vertex 39.34415171180203 38 8.988912270469536
      vertex 44.0434666521414 38 5.25073009911978
      vertex 43.80302066852183 38 4.974128635748935
    endloop
  endfacet
  facet normal -0.7660444429109088 0 -0.6427876099345066
    outer loop
      vertex 41.140734036044215 30 5.873511745374169
      vertex 42.749269900022504 38 3.9565333519216015
      vertex 42.749269900022504 30 3.9565333519216015
    endloop
  endfacet
  facet normal 0.7986355083110414 0 -0.6018150254561319
    outer loop
      vertex 44.49467844059625 30 5.828254853839606
      vertex 44.27411290985535 30 5.535554510198887
      vertex 44.49467844059625 38 5.828254853839606
    endloop
  endfacet
  facet normal 0.777145964982677 0 -0.6293203866959529
    outer loop
      vertex 44.27411290985535 30 5.535554510198887
      vertex 44.0434666521414 30 5.25073009911978
      vertex 44.27411290985535 38 5.535554510198887
    endloop
  endfacet
  facet normal 0.7547095804244336 0 -0.6560590287585222
    outer loop
      vertex 44.0434666521414 30 5.25073009911978
      vertex 43.80302066852183 30 4.974128635748935
      vertex 44.0434666521414 38 5.25073009911978
    endloop
  endfacet
  facet normal 0.7313536970043377 0 -0.6819983650113007
    outer loop
      vertex 43.80302066852183 30 4.974128635748935
      vertex 43.55306790028214 30 4.70608711174097
      vertex 43.80302066852183 38 4.974128635748935
    endloop
  endfacet
  facet normal 0.7071067839945734 0 -0.7071067783785216
    outer loop
      vertex 43.55306790028214 30 4.70608711174097
      vertex 43.29391288651289 30 4.446932095913439
      vertex 43.55306790028214 38 4.70608711174097
    endloop
  endfacet
  facet normal 0.6560590283894985 0 -0.7547095807452211
    outer loop
      vertex 43.02587136498291 30 4.196979336685504
      vertex 42.749269900022504 30 3.9565333519216015
      vertex 43.02587136498291 38 4.196979336685504
    endloop
  endfacet
  facet normal 0.6819983552317241 0 -0.7313537061239405
    outer loop
      vertex 43.29391288651289 30 4.446932095913439
      vertex 43.02587136498291 30 4.196979336685504
      vertex 43.29391288651289 38 4.446932095913439
    endloop
  endfacet
  facet normal -0.7660444429109089 8.458842096096264e-17 -0.6427876099345063
    outer loop
      vertex 39.85555052670158 32 7.4051338087692296
      vertex 42.749269900022504 38 3.9565333519216015
      vertex 41.140734036044215 30 5.873511745374169
    endloop
  endfacet
  facet normal 0 1 0
    outer loop
      vertex 39.011087728749466 38 8.655848289080222
      vertex 43.29391288651289 38 4.446932095913439
      vertex 43.02587136498291 38 4.196979336685504
    endloop
  endfacet
  facet normal 0 1 0
    outer loop
      vertex 39.125962667577674 38 8.762970897348975
      vertex 43.55306790028214 38 4.70608711174097
      vertex 43.29391288651289 38 4.446932095913439
    endloop
  endfacet
  facet normal 0 1 0
    outer loop
      vertex 38.89254424241697 38 8.552800007001755
      vertex 43.02587136498291 38 4.196979336685504
      vertex 42.749269900022504 38 3.9565333519216015
    endloop
  endfacet
  facet normal 0.8191520411882449 0 -0.5735764407793715
    outer loop
      vertex 44.49467844059625 30 5.828254853839606
      vertex 44.49467844059625 38 5.828254853839606
      vertex 44.70489451196767 38 6.1284745136995715
    endloop
  endfacet
  facet normal 0.7986355083110414 0 -0.6018150254561319
    outer loop
      vertex 44.49467844059625 38 5.828254853839606
      vertex 44.27411290985535 30 5.535554510198887
      vertex 44.27411290985535 38 5.535554510198887
    endloop
  endfacet
  facet normal 0.777145964982677 0 -0.6293203866959529
    outer loop
      vertex 44.0434666521414 30 5.25073009911978
      vertex 44.0434666521414 38 5.25073009911978
      vertex 44.27411290985535 38 5.535554510198887
    endloop
  endfacet
  facet normal 0.7547095804244336 0 -0.6560590287585222
    outer loop
      vertex 43.80302066852183 30 4.974128635748935
      vertex 43.80302066852183 38 4.974128635748935
      vertex 44.0434666521414 38 5.25073009911978
    endloop
  endfacet
  facet normal 0.7313536970043377 0 -0.6819983650113007
    outer loop
      vertex 43.55306790028214 30 4.70608711174097
      vertex 43.55306790028214 38 4.70608711174097
      vertex 43.80302066852183 38 4.974128635748935
    endloop
  endfacet
  facet normal 0.7071067839945734 0 -0.7071067783785216
    outer loop
      vertex 43.29391288651289 30 4.446932095913439
      vertex 43.29391288651289 38 4.446932095913439
      vertex 43.55306790028214 38 4.70608711174097
    endloop
  endfacet
  facet normal 0.6560590283894985 0 -0.7547095807452211
    outer loop
      vertex 42.749269900022504 30 3.9565333519216015
      vertex 42.749269900022504 38 3.9565333519216015
      vertex 43.02587136498291 38 4.196979336685504
    endloop
  endfacet
  facet normal 0.6819983552317241 0 -0.7313537061239405
    outer loop
      vertex 43.29391288651289 38 4.446932095913439
      vertex 43.02587136498291 30 4.196979336685504
      vertex 43.02587136498291 38 4.196979336685504
    endloop
  endfacet
  facet normal 0.9205048569320482 0 -0.3907311202918313
    outer loop
      vertex 45.73543047090517 30 8.066630770365137
      vertex 45.592227307310644 30 7.729265250264399
      vertex 45.73543047090517 38 8.066630770365137
    endloop
  endfacet
  facet normal 0.9063077870366496 0 -0.4226182617407001
    outer loop
      vertex 45.437337485506234 30 7.39710295548835
      vertex 45.592227307310644 38 7.729265250264399
      vertex 45.592227307310644 30 7.729265250264399
    endloop
  endfacet
  facet normal 0.9205048569320482 0 -0.3907311202918313
    outer loop
      vertex 45.592227307310644 30 7.729265250264399
      vertex 45.592227307310644 38 7.729265250264399
      vertex 45.73543047090517 38 8.066630770365137
    endloop
  endfacet
  facet normal 0 0 1
    outer loop
      vertex 0 0 11.6
      vertex 9.214017867091995 3.408883594599915 11.6
      vertex 9.055456351736995 3.555456351736994 11.6
    endloop
  endfacet
  facet normal 0 0 1
    outer loop
      vertex 0 0 11.6
      vertex 9.751526125716246 3.0497320584819883 11.6
      vertex 9.56312894703114 3.1552395480262465 11.6
    endloop
  endfacet
  facet normal 0 0 1
    outer loop
      vertex 0 0 11.6
      vertex 9.3835905561957 3.2752032654688943 11.6
      vertex 9.214017867091995 3.408883594599915 11.6
    endloop
  endfacet
  facet normal 0 0 1
    outer loop
      vertex 0 0 11.6
      vertex 9.56312894703114 3.1552395480262465 11.6
      vertex 9.3835905561957 3.2752032654688943 11.6
    endloop
  endfacet
  facet normal 0 0 1
    outer loop
      vertex 0 0 11.6
      vertex 8.549732058481988 4.251526125716246 11.6
      vertex 8.459331285593962 4.447620560996003 11.6
    endloop
  endfacet
  facet normal 0 0 1
    outer loop
      vertex 0 0 11.6
      vertex 8.459331285593962 4.447620560996003 11.6
      vertex 8.384594580188327 4.650203265468894 11.6
    endloop
  endfacet
  facet normal 0 0 1
    outer loop
      vertex 0 0 11.6
      vertex 8.384594580188327 4.650203265468894 11.6
      vertex 8.325982718906388 4.85802524939626 11.6
    endloop
  endfacet
  facet normal 0 0 1
    outer loop
      vertex 0 0 11.6
      vertex 8.325982718906388 4.85802524939626 11.6
      vertex 8.28385706336337 5.069805221139365 11.6
    endloop
  endfacet
  facet normal 0 0 1
    outer loop
      vertex 0 0 11.6
      vertex 8.28385706336337 5.069805221139365 11.6
      vertex 8.258477332233898 5.2842374867484265 11.6
    endloop
  endfacet
  facet normal 0 0 1
    outer loop
      vertex 0 0 11.6
      vertex 8.775203265468894 3.883590556195699 11.6
      vertex 8.655239548026247 4.0631289470311405 11.6
    endloop
  endfacet
  facet normal 0 0 1
    outer loop
      vertex 0 0 11.6
      vertex 9.055456351736995 3.555456351736994 11.6
      vertex 8.908883594599915 3.7140178670919948 11.6
    endloop
  endfacet
  facet normal 0 0 1
    outer loop
      vertex 0 0 11.6
      vertex 8.908883594599915 3.7140178670919948 11.6
      vertex 8.775203265468894 3.883590556195699 11.6
    endloop
  endfacet
  facet normal 0 0 1
    outer loop
      vertex 0 0 11.6
      vertex 8.655239548026247 4.0631289470311405 11.6
      vertex 8.549732058481988 4.251526125716246 11.6
    endloop
  endfacet
  facet normal 0 0 1
    outer loop
      vertex 0 0 11.6
      vertex 8.258477332233898 5.2842374867484265 11.6
      vertex 8.25 5.5 11.6
    endloop
  endfacet
  facet normal 0 0 1
    outer loop
      vertex 0 0 11.6
      vertex 8.25 5.5 11.6
      vertex 8.258477332233898 5.7157625132515735 11.6
    endloop
  endfacet
  facet normal 0 0 1
    outer loop
      vertex 0 0 11.6
      vertex 8.258477332233898 5.7157625132515735 11.6
      vertex 8.28385706336337 5.930194778860635 11.6
    endloop
  endfacet
  facet normal 0 0 1
    outer loop
      vertex 0 0 11.6
      vertex 8.28385706336337 5.930194778860635 11.6
      vertex 8.325982718906388 6.14197475060374 11.6
    endloop
  endfacet
  facet normal 0 0 1
    outer loop
      vertex 0 0 11.6
      vertex 8.325982718906388 6.14197475060374 11.6
      vertex 8.384594580188327 6.349796734531106 11.6
    endloop
  endfacet
  facet normal 0 0 1
    outer loop
      vertex 0 0 11.6
      vertex 8.384594580188327 6.349796734531106 11.6
      vertex 8.459331285593962 6.552379439003997 11.6
    endloop
  endfacet
  facet normal 0 0 1
    outer loop
      vertex 0 0 11.6
      vertex 8.459331285593962 6.552379439003997 11.6
      vertex 8.549732058481988 6.748473874283754 11.6
    endloop
  endfacet
  facet normal 0 0 1
    outer loop
      vertex 0 0 11.6
      vertex 8.549732058481988 6.748473874283754 11.6
      vertex 8.655239548026247 6.9368710529688595 11.6
    endloop
  endfacet
  facet normal 0 0 1
    outer loop
      vertex 0 0 11.6
      vertex 8.655239548026247 6.9368710529688595 11.6
      vertex 8.775203265468894 7.116409443804301 11.6
    endloop
  endfacet
  facet normal 0 0 1
    outer loop
      vertex 0 0 11.6
      vertex 8.775203265468894 7.116409443804301 11.6
      vertex 8.908883594599915 7.285982132908005 11.6
    endloop
  endfacet
  facet normal 0 0 1
    outer loop
      vertex 0 0 11.6
      vertex 8.908883594599915 7.285982132908005 11.6
      vertex 9.055456351736995 7.444543648263005 11.6
    endloop
  endfacet
  facet normal 0 0 1
    outer loop
      vertex 0 0 11.6
      vertex 9.055456351736995 7.444543648263005 11.6
      vertex 9.214017867091995 7.591116405400085 11.6
    endloop
  endfacet
  facet normal 0 0 1
    outer loop
      vertex 0 0 11.6
      vertex 11.022528801195186 11.022528801195186 11.6
      vertex 0 11.022528801195186 11.6
    endloop
  endfacet
  facet normal 0 0 1
    outer loop
      vertex 0 0 11.6
      vertex 9.947620560996004 2.9593312855939615 11.6
      vertex 9.751526125716246 3.0497320584819883 11.6
    endloop
  endfacet
  facet normal 0 0 1
    outer loop
      vertex 0 0 11.6
      vertex 10.150203265468894 2.884594580188328 11.6
      vertex 9.947620560996004 2.9593312855939615 11.6
    endloop
  endfacet
  facet normal 0 0 1
    outer loop
      vertex 0 0 11.6
      vertex 10.35802524939626 2.8259827189063893 11.6
      vertex 10.150203265468894 2.884594580188328 11.6
    endloop
  endfacet
  facet normal 0 0 1
    outer loop
      vertex 0 0 11.6
      vertex 10.569805221139365 2.7838570633633712 11.6
      vertex 10.35802524939626 2.8259827189063893 11.6
    endloop
  endfacet
  facet normal 0 0 1
    outer loop
      vertex 0 0 11.6
      vertex 10.784237486748426 2.7584773322338982 11.6
      vertex 10.569805221139365 2.7838570633633712 11.6
    endloop
  endfacet
  facet normal 0 0 1
    outer loop
      vertex 0 0 11.6
      vertex 11 2.75 11.6
      vertex 10.784237486748426 2.7584773322338982 11.6
    endloop
  endfacet
  facet normal 0 0 1
    outer loop
      vertex 0 0 11.6
      vertex 26.866666666666667 0 11.6
      vertex 11 2.75 11.6
    endloop
  endfacet
  facet normal 0 0 1
    outer loop
      vertex 0 0 11.6
      vertex 9.214017867091995 7.591116405400085 11.6
      vertex 11.022528801195186 11.022528801195186 11.6
    endloop
  endfacet
  facet normal 0 0 1
    outer loop
      vertex 9.214017867091995 7.591116405400085 11.6
      vertex 9.3835905561957 7.724796734531106 11.6
      vertex 11.022528801195186 11.022528801195186 11.6
    endloop
  endfacet
  facet normal 0 0 1
    outer loop
      vertex 9.3835905561957 7.724796734531106 11.6
      vertex 9.56312894703114 7.8447604519737535 11.6
      vertex 11.022528801195186 11.022528801195186 11.6
    endloop
  endfacet
  facet normal 0 0 1
    outer loop
      vertex 9.56312894703114 7.8447604519737535 11.6
      vertex 9.751526125716246 7.950267941518012 11.6
      vertex 11.022528801195186 11.022528801195186 11.6
    endloop
  endfacet
  facet normal 0 0 1
    outer loop
      vertex 9.751526125716246 7.950267941518012 11.6
      vertex 9.947620560996004 8.040668714406038 11.6
      vertex 11.022528801195186 11.022528801195186 11.6
    endloop
  endfacet
  facet normal 0 0 1
    outer loop
      vertex 9.947620560996004 8.040668714406038 11.6
      vertex 10.150203265468894 8.115405419811673 11.6
      vertex 11.022528801195186 11.022528801195186 11.6
    endloop
  endfacet
  facet normal 0 0 1
    outer loop
      vertex 10.150203265468894 8.115405419811673 11.6
      vertex 10.35802524939626 8.174017281093612 11.6
      vertex 11.022528801195186 11.022528801195186 11.6
    endloop
  endfacet
  facet normal 0 0 1
    outer loop
      vertex 10.35802524939626 8.174017281093612 11.6
      vertex 10.569805221139365 8.21614293663663 11.6
      vertex 11.022528801195186 11.022528801195186 11.6
    endloop
  endfacet
  facet normal 0 0 1
    outer loop
      vertex 10.569805221139365 8.21614293663663 11.6
      vertex 10.784237486748426 8.241522667766102 11.6
      vertex 11.022528801195186 11.022528801195186 11.6
    endloop
  endfacet
  facet normal 0 0 1
    outer loop
      vertex 10.784237486748426 8.241522667766102 11.6
      vertex 11 8.25 11.6
      vertex 11.022528801195186 11.022528801195186 11.6
    endloop
  endfacet
  facet normal 0 0 1
    outer loop
      vertex 11 8.25 11.6
      vertex 11.215762513251574 8.241522667766102 11.6
      vertex 11.022528801195186 11.022528801195186 11.6
    endloop
  endfacet
  facet normal 0 0 1
    outer loop
      vertex 11.215762513251574 8.241522667766102 11.6
      vertex 11.430194778860635 8.21614293663663 11.6
      vertex 11.022528801195186 11.022528801195186 11.6
    endloop
  endfacet
  facet normal 0 0 1
    outer loop
      vertex 11.430194778860635 8.21614293663663 11.6
      vertex 11.64197475060374 8.174017281093612 11.6
      vertex 11.022528801195186 11.022528801195186 11.6
    endloop
  endfacet
  facet normal 0 0 1
    outer loop
      vertex 11.64197475060374 8.174017281093612 11.6
      vertex 11.849796734531106 8.115405419811673 11.6
      vertex 11.022528801195186 11.022528801195186 11.6
    endloop
  endfacet
  facet normal 0 0 1
    outer loop
      vertex 12.052379439003996 8.040668714406038 11.6
      vertex 12.248473874283754 7.950267941518012 11.6
      vertex 11.022528801195186 11.022528801195186 11.6
    endloop
  endfacet
  facet normal 0 0 1
    outer loop
      vertex 11.849796734531106 8.115405419811673 11.6
      vertex 12.052379439003996 8.040668714406038 11.6
      vertex 11.022528801195186 11.022528801195186 11.6
    endloop
  endfacet
  facet normal 0 0 1
    outer loop
      vertex 11 2.75 11.6
      vertex 26.866666666666667 0 11.6
      vertex 11.215762513251574 2.7584773322338982 11.6
    endloop
  endfacet
  facet normal 0 0 1
    outer loop
      vertex 11.215762513251574 2.7584773322338982 11.6
      vertex 26.866666666666667 0 11.6
      vertex 11.430194778860635 2.7838570633633712 11.6
    endloop
  endfacet
  facet normal 0 0 1
    outer loop
      vertex 11.430194778860635 2.7838570633633712 11.6
      vertex 26.866666666666667 0 11.6
      vertex 11.64197475060374 2.8259827189063893 11.6
    endloop
  endfacet
  facet normal 0 0 1
    outer loop
      vertex 11.64197475060374 2.8259827189063893 11.6
      vertex 26.866666666666667 0 11.6
      vertex 11.849796734531106 2.884594580188328 11.6
    endloop
  endfacet
  facet normal 0 0 1
    outer loop
      vertex 11.849796734531106 2.884594580188328 11.6
      vertex 26.866666666666667 0 11.6
      vertex 12.052379439003996 2.9593312855939615 11.6
    endloop
  endfacet
  facet normal 0 0 1
    outer loop
      vertex 12.052379439003996 2.9593312855939615 11.6
      vertex 26.866666666666667 0 11.6
      vertex 12.248473874283754 3.0497320584819883 11.6
    endloop
  endfacet
  facet normal 0 0 1
    outer loop
      vertex 12.248473874283754 3.0497320584819883 11.6
      vertex 26.866666666666667 0 11.6
      vertex 12.43687105296886 3.1552395480262465 11.6
    endloop
  endfacet
  facet normal 0 0 1
    outer loop
      vertex 12.43687105296886 3.1552395480262465 11.6
      vertex 26.866666666666667 0 11.6
      vertex 12.6164094438043 3.2752032654688943 11.6
    endloop
  endfacet
  facet normal 0 0 1
    outer loop
      vertex 12.6164094438043 3.2752032654688943 11.6
      vertex 26.866666666666667 0 11.6
      vertex 12.785982132908005 3.408883594599915 11.6
    endloop
  endfacet
  facet normal 0 0 1
    outer loop
      vertex 12.785982132908005 3.408883594599915 11.6
      vertex 26.866666666666667 0 11.6
      vertex 12.944543648263005 3.555456351736994 11.6
    endloop
  endfacet
  facet normal 0 0 1
    outer loop
      vertex 12.944543648263005 3.555456351736994 11.6
      vertex 26.866666666666667 0 11.6
      vertex 13.091116405400085 3.7140178670919948 11.6
    endloop
  endfacet
  facet normal 0 0 1
    outer loop
      vertex 13.091116405400085 3.7140178670919948 11.6
      vertex 26.866666666666667 0 11.6
      vertex 13.224796734531106 3.883590556195699 11.6
    endloop
  endfacet
  facet normal 0 0 1
    outer loop
      vertex 13.224796734531106 3.883590556195699 11.6
      vertex 26.866666666666667 0 11.6
      vertex 13.344760451973753 4.0631289470311405 11.6
    endloop
  endfacet
  facet normal 0 0 1
    outer loop
      vertex 13.344760451973753 4.0631289470311405 11.6
      vertex 26.866666666666667 0 11.6
      vertex 13.450267941518012 4.251526125716246 11.6
    endloop
  endfacet
  facet normal 0 0 1
    outer loop
      vertex 13.450267941518012 4.251526125716246 11.6
      vertex 26.866666666666667 0 11.6
      vertex 13.540668714406038 4.447620560996003 11.6
    endloop
  endfacet
  facet normal 0 0 1
    outer loop
      vertex 13.540668714406038 4.447620560996003 11.6
      vertex 26.866666666666667 0 11.6
      vertex 13.615405419811673 4.650203265468894 11.6
    endloop
  endfacet
  facet normal 0 0 1
    outer loop
      vertex 13.615405419811673 4.650203265468894 11.6
      vertex 26.866666666666667 0 11.6
      vertex 13.674017281093612 4.85802524939626 11.6
    endloop
  endfacet
  facet normal 0 0 1
    outer loop
      vertex 13.674017281093612 4.85802524939626 11.6
      vertex 26.866666666666667 0 11.6
      vertex 13.71614293663663 5.069805221139365 11.6
    endloop
  endfacet
  facet normal 0 0 1
    outer loop
      vertex 13.71614293663663 5.069805221139365 11.6
      vertex 26.866666666666667 0 11.6
      vertex 13.741522667766102 5.2842374867484265 11.6
    endloop
  endfacet
  facet normal 0 0 1
    outer loop
      vertex 13.741522667766102 5.2842374867484265 11.6
      vertex 26.866666666666667 0 11.6
      vertex 13.75 5.5 11.6
    endloop
  endfacet
  facet normal 0 0 1
    outer loop
      vertex 13.75 5.5 11.6
      vertex 26.866666666666667 0 11.6
      vertex 13.741522667766102 5.7157625132515735 11.6
    endloop
  endfacet
  facet normal 0 0 1
    outer loop
      vertex 13.741522667766102 5.7157625132515735 11.6
      vertex 26.866666666666667 0 11.6
      vertex 13.71614293663663 5.930194778860635 11.6
    endloop
  endfacet
  facet normal 0 0 1
    outer loop
      vertex 13.71614293663663 5.930194778860635 11.6
      vertex 26.866666666666667 0 11.6
      vertex 13.674017281093612 6.14197475060374 11.6
    endloop
  endfacet
  facet normal 0 0 1
    outer loop
      vertex 13.674017281093612 6.14197475060374 11.6
      vertex 26.866666666666667 0 11.6
      vertex 13.615405419811673 6.349796734531106 11.6
    endloop
  endfacet
  facet normal 0 0 1
    outer loop
      vertex 13.615405419811673 6.349796734531106 11.6
      vertex 26.866666666666667 0 11.6
      vertex 13.540668714406038 6.552379439003997 11.6
    endloop
  endfacet
  facet normal 0 0 1
    outer loop
      vertex 13.540668714406038 6.552379439003997 11.6
      vertex 26.866666666666667 0 11.6
      vertex 13.450267941518012 6.748473874283754 11.6
    endloop
  endfacet
  facet normal 0 0 1
    outer loop
      vertex 13.344760451973753 6.9368710529688595 11.6
      vertex 13.450267941518012 6.748473874283754 11.6
      vertex 26.866666666666667 0 11.6
    endloop
  endfacet
  facet normal 0 0 1
    outer loop
      vertex 12.43687105296886 7.8447604519737535 11.6
      vertex 12.6164094438043 7.724796734531106 11.6
      vertex 22 11.022528801195186 11.6
    endloop
  endfacet
  facet normal 0 0 1
    outer loop
      vertex 12.785982132908005 7.591116405400085 11.6
      vertex 22 11.022528801195186 11.6
      vertex 12.6164094438043 7.724796734531106 11.6
    endloop
  endfacet
  facet normal 0 0 1
    outer loop
      vertex 12.944543648263005 7.444543648263005 11.6
      vertex 13.091116405400085 7.285982132908005 11.6
      vertex 22 11.022528801195186 11.6
    endloop
  endfacet
  facet normal 0 0 1
    outer loop
      vertex 13.344760451973753 6.9368710529688595 11.6
      vertex 22 11.022528801195186 11.6
      vertex 13.224796734531106 7.116409443804301 11.6
    endloop
  endfacet
  facet normal 0 0 1
    outer loop
      vertex 13.224796734531106 7.116409443804301 11.6
      vertex 22 11.022528801195186 11.6
      vertex 13.091116405400085 7.285982132908005 11.6
    endloop
  endfacet
  facet normal 0 0 1
    outer loop
      vertex 12.785982132908005 7.591116405400085 11.6
      vertex 12.944543648263005 7.444543648263005 11.6
      vertex 22 11.022528801195186 11.6
    endloop
  endfacet
  facet normal 0 0 1
    outer loop
      vertex 12.248473874283754 7.950267941518012 11.6
      vertex 12.43687105296886 7.8447604519737535 11.6
      vertex 22 11.022528801195186 11.6
    endloop
  endfacet
  facet normal 0 0 1
    outer loop
      vertex 13.344760451973753 6.9368710529688595 11.6
      vertex 26.866666666666667 0 11.6
      vertex 22 11.022528801195186 11.6
    endloop
  endfacet
  facet normal 0 0 1
    outer loop
      vertex 22 11.022528801195186 11.6
      vertex 26.866666666666667 0 11.6
      vertex 26.217986951623264 4.0920190005209065 11.6
    endloop
  endfacet
  facet normal 0 0 1
    outer loop
      vertex 22 11.022528801195186 11.6
      vertex 26.217986951623264 4.0920190005209065 11.6
      vertex 26.152240934977428 4.234633135269821 11.6
    endloop
  endfacet
  facet normal 0 0 1
    outer loop
      vertex 22 11.022528801195186 11.6
      vertex 26.152240934977428 4.234633135269821 11.6
      vertex 26.097886967409693 4.381966011250105 11.6
    endloop
  endfacet
  facet normal 0 0 1
    outer loop
      vertex 22 11.022528801195186 11.6
      vertex 26.097886967409693 4.381966011250105 11.6
      vertex 26.055260159204646 4.533109272288189 11.6
    endloop
  endfacet
  facet normal 0 0 1
    outer loop
      vertex 22 11.022528801195186 11.6
      vertex 26.055260159204646 4.533109272288189 11.6
      vertex 26.024623318809724 4.6871310699195385 11.6
    endloop
  endfacet
  facet normal 0 0 1
    outer loop
      vertex 22 11.022528801195186 11.6
      vertex 26.024623318809724 4.6871310699195385 11.6
      vertex 26.006165332533744 4.84308180854431 11.6
    endloop
  endfacet
  facet normal 0 0 1
    outer loop
      vertex 22 11.022528801195186 11.6
      vertex 26.006165332533744 4.84308180854431 11.6
      vertex 26 5 11.6
    endloop
  endfacet
  facet normal 0 0 1
    outer loop
      vertex 22 11.022528801195186 11.6
      vertex 26 5 11.6
      vertex 26.006165332533744 5.15691819145569 11.6
    endloop
  endfacet
  facet normal 0 0 1
    outer loop
      vertex 22 11.022528801195186 11.6
      vertex 26.006165332533744 5.15691819145569 11.6
      vertex 26.024623318809724 5.3128689300804615 11.6
    endloop
  endfacet
  facet normal 0 0 1
    outer loop
      vertex 22 11.022528801195186 11.6
      vertex 26.024623318809724 5.3128689300804615 11.6
      vertex 26.055260159204646 5.466890727711811 11.6
    endloop
  endfacet
  facet normal 0 0 1
    outer loop
      vertex 22 11.022528801195186 11.6
      vertex 26.055260159204646 5.466890727711811 11.6
      vertex 26.097886967409693 5.618033988749895 11.6
    endloop
  endfacet
  facet normal 0 0 1
    outer loop
      vertex 25.214017867091997 12.908883594599915 11.6
      vertex 26.097886967409693 5.618033988749895 11.6
      vertex 26.152240934977428 5.765366864730179 11.6
    endloop
  endfacet
  facet normal 0 0 1
    outer loop
      vertex 25.3835905561957 12.775203265468894 11.6
      vertex 26.152240934977428 5.765366864730179 11.6
      vertex 26.217986951623264 5.9079809994790935 11.6
    endloop
  endfacet
  facet normal 0 0 1
    outer loop
      vertex 12.248473874283754 7.950267941518012 11.6
      vertex 22 11.022528801195186 11.6
      vertex 11.022528801195186 11.022528801195186 11.6
    endloop
  endfacet
  facet normal 0 0 1
    outer loop
      vertex 22 11.022528801195186 11.6
      vertex 26.097886967409693 5.618033988749895 11.6
      vertex 24.908883594599914 13.214017867091995 11.6
    endloop
  endfacet
  facet normal 0 0 1
    outer loop
      vertex 25.055456351736993 13.055456351736995 11.6
      vertex 24.908883594599914 13.214017867091995 11.6
      vertex 26.097886967409693 5.618033988749895 11.6
    endloop
  endfacet
  facet normal 0 0 1
    outer loop
      vertex 25.055456351736993 13.055456351736995 11.6
      vertex 26.097886967409693 5.618033988749895 11.6
      vertex 25.214017867091997 12.908883594599915 11.6
    endloop
  endfacet
  facet normal 0 0 1
    outer loop
      vertex 25.214017867091997 12.908883594599915 11.6
      vertex 26.152240934977428 5.765366864730179 11.6
      vertex 25.3835905561957 12.775203265468894 11.6
    endloop
  endfacet
  facet normal 0 0 1
    outer loop
      vertex 25.563128947031142 12.655239548026247 11.6
      vertex 25.3835905561957 12.775203265468894 11.6
      vertex 26.217986951623264 5.9079809994790935 11.6
    endloop
  endfacet
  facet normal 0 0 1
    outer loop
      vertex 25.563128947031142 12.655239548026247 11.6
      vertex 26.294719671291816 6.044997129431898 11.6
      vertex 25.751526125716246 12.549732058481988 11.6
    endloop
  endfacet
  facet normal 0 0 1
    outer loop
      vertex 22 11.022528801195186 11.6
      vertex 24.908883594599914 13.214017867091995 11.6
      vertex 24.775203265468896 13.3835905561957 11.6
    endloop
  endfacet
  facet normal 0 0 1
    outer loop
      vertex 22 11.022528801195186 11.6
      vertex 24.775203265468896 13.3835905561957 11.6
      vertex 24.655239548026245 13.56312894703114 11.6
    endloop
  endfacet
  facet normal 0 0 1
    outer loop
      vertex 22 11.022528801195186 11.6
      vertex 24.655239548026245 13.56312894703114 11.6
      vertex 24.54973205848199 13.751526125716246 11.6
    endloop
  endfacet
  facet normal 0 0 1
    outer loop
      vertex 22 11.022528801195186 11.6
      vertex 24.54973205848199 13.751526125716246 11.6
      vertex 24.45933128559396 13.947620560996004 11.6
    endloop
  endfacet
  facet normal 0 0 1
    outer loop
      vertex 22 11.022528801195186 11.6
      vertex 24.45933128559396 13.947620560996004 11.6
      vertex 24.384594580188327 14.150203265468894 11.6
    endloop
  endfacet
  facet normal 0 0 1
    outer loop
      vertex 22 11.022528801195186 11.6
      vertex 24.32598271890639 14.35802524939626 11.6
      vertex 24.28385706336337 14.569805221139365 11.6
    endloop
  endfacet
  facet normal 0 0 1
    outer loop
      vertex 22 11.022528801195186 11.6
      vertex 24.28385706336337 14.569805221139365 11.6
      vertex 24.2584773322339 14.784237486748426 11.6
    endloop
  endfacet
  facet normal 0 0 1
    outer loop
      vertex 22 11.022528801195186 11.6
      vertex 24.2584773322339 14.784237486748426 11.6
      vertex 24.25 15 11.6
    endloop
  endfacet
  facet normal 0 0 1
    outer loop
      vertex 22 11.022528801195186 11.6
      vertex 24.384594580188327 14.150203265468894 11.6
      vertex 24.32598271890639 14.35802524939626 11.6
    endloop
  endfacet
  facet normal 0 0 1
    outer loop
      vertex 22 11.022528801195186 11.6
      vertex 24.25 15 11.6
      vertex 22 18.977471198804814 11.6
    endloop
  endfacet
  facet normal 0 0 1
    outer loop
      vertex 22 18.977471198804814 11.6
      vertex 24.25 15 11.6
      vertex 24.2584773322339 15.215762513251574 11.6
    endloop
  endfacet
  facet normal 0 0 1
    outer loop
      vertex 22 18.977471198804814 11.6
      vertex 24.2584773322339 15.215762513251574 11.6
      vertex 24.28385706336337 15.430194778860635 11.6
    endloop
  endfacet
  facet normal 0 0 1
    outer loop
      vertex 22 18.977471198804814 11.6
      vertex 24.28385706336337 15.430194778860635 11.6
      vertex 24.32598271890639 15.64197475060374 11.6
    endloop
  endfacet
  facet normal 0 0 1
    outer loop
      vertex 22 18.977471198804814 11.6
      vertex 24.32598271890639 15.64197475060374 11.6
      vertex 24.384594580188327 15.849796734531106 11.6
    endloop
  endfacet
  facet normal 0 0 1
    outer loop
      vertex 22 18.977471198804814 11.6
      vertex 24.384594580188327 15.849796734531106 11.6
      vertex 24.45933128559396 16.052379439003996 11.6
    endloop
  endfacet
  facet normal 0 0 1
    outer loop
      vertex 22 18.977471198804814 11.6
      vertex 24.45933128559396 16.052379439003996 11.6
      vertex 24.54973205848199 16.248473874283754 11.6
    endloop
  endfacet
  facet normal 0 0 1
    outer loop
      vertex 22 18.977471198804814 11.6
      vertex 24.54973205848199 16.248473874283754 11.6
      vertex 24.655239548026245 16.436871052968858 11.6
    endloop
  endfacet
  facet normal 0 0 1
    outer loop
      vertex 22 18.977471198804814 11.6
      vertex 24.655239548026245 16.436871052968858 11.6
      vertex 24.775203265468896 16.6164094438043 11.6
    endloop
  endfacet
  facet normal 0 0 1
    outer loop
      vertex 22 18.977471198804814 11.6
      vertex 24.775203265468896 16.6164094438043 11.6
      vertex 24.908883594599914 16.785982132908003 11.6
    endloop
  endfacet
  facet normal 0 0 1
    outer loop
      vertex 22 18.977471198804814 11.6
      vertex 24.908883594599914 16.785982132908003 11.6
      vertex 25.055456351736993 16.944543648263007 11.6
    endloop
  endfacet
  facet normal 0 0 1
    outer loop
      vertex 22 18.977471198804814 11.6
      vertex 25.055456351736993 16.944543648263007 11.6
      vertex 25.214017867091997 17.091116405400086 11.6
    endloop
  endfacet
  facet normal 0 0 1
    outer loop
      vertex 22 18.977471198804814 11.6
      vertex 25.214017867091997 17.091116405400086 11.6
      vertex 25.3835905561957 17.224796734531104 11.6
    endloop
  endfacet
  facet normal 0 0 1
    outer loop
      vertex 22 18.977471198804814 11.6
      vertex 25.3835905561957 17.224796734531104 11.6
      vertex 25.563128947031142 17.344760451973755 11.6
    endloop
  endfacet
  facet normal 0 0 1
    outer loop
      vertex 22 18.977471198804814 11.6
      vertex 25.563128947031142 17.344760451973755 11.6
      vertex 25.751526125716246 17.45026794151801 11.6
    endloop
  endfacet
  facet normal 0 0 1
    outer loop
      vertex 22 18.977471198804814 11.6
      vertex 25.751526125716246 17.45026794151801 11.6
      vertex 25.947620560996004 17.54066871440604 11.6
    endloop
  endfacet
  facet normal 0 0 1
    outer loop
      vertex 0 18.977471198804814 11.6
      vertex 9.214017867091995 22.408883594599914 11.6
      vertex 9.055456351736995 22.555456351736993 11.6
    endloop
  endfacet
  facet normal 0 0 1
    outer loop
      vertex 0 18.977471198804814 11.6
      vertex 9.751526125716246 22.04973205848199 11.6
      vertex 9.56312894703114 22.155239548026245 11.6
    endloop
  endfacet
  facet normal 0 0 1
    outer loop
      vertex 0 18.977471198804814 11.6
      vertex 9.3835905561957 22.275203265468896 11.6
      vertex 9.214017867091995 22.408883594599914 11.6
    endloop
  endfacet
  facet normal 0 0 1
    outer loop
      vertex 0 18.977471198804814 11.6
      vertex 9.56312894703114 22.155239548026245 11.6
      vertex 9.3835905561957 22.275203265468896 11.6
    endloop
  endfacet
  facet normal 0 0 1
    outer loop
      vertex 0 18.977471198804814 11.6
      vertex 8.775203265468894 22.8835905561957 11.6
      vertex 8.655239548026247 23.063128947031142 11.6
    endloop
  endfacet
  facet normal 0 0 1
    outer loop
      vertex 0 18.977471198804814 11.6
      vertex 9.055456351736995 22.555456351736993 11.6
      vertex 8.908883594599915 22.714017867091997 11.6
    endloop
  endfacet
  facet normal 0 0 1
    outer loop
      vertex 0 18.977471198804814 11.6
      vertex 8.908883594599915 22.714017867091997 11.6
      vertex 8.775203265468894 22.8835905561957 11.6
    endloop
  endfacet
  facet normal 0 0 1
    outer loop
      vertex 0 18.977471198804814 11.6
      vertex 8.655239548026247 23.063128947031142 11.6
      vertex 0 30 11.6
    endloop
  endfacet
  facet normal 0 0 1
    outer loop
      vertex 8.459331285593962 23.447620560996004 11.6
      vertex 0 30 11.6
      vertex 8.549732058481988 23.251526125716246 11.6
    endloop
  endfacet
  facet normal 0 0 1
    outer loop
      vertex 8.459331285593962 23.447620560996004 11.6
      vertex 8.384594580188327 23.650203265468896 11.6
      vertex 0 30 11.6
    endloop
  endfacet
  facet normal 0 0 1
    outer loop
      vertex 8.384594580188327 23.650203265468896 11.6
      vertex 8.325982718906388 23.85802524939626 11.6
      vertex 0 30 11.6
    endloop
  endfacet
  facet normal 0 0 1
    outer loop
      vertex 8.325982718906388 23.85802524939626 11.6
      vertex 8.28385706336337 24.069805221139365 11.6
      vertex 0 30 11.6
    endloop
  endfacet
  facet normal 0 0 1
    outer loop
      vertex 8.28385706336337 24.069805221139365 11.6
      vertex 8.258477332233898 24.284237486748427 11.6
      vertex 0 30 11.6
    endloop
  endfacet
  facet normal 0 0 1
    outer loop
      vertex 8.655239548026247 23.063128947031142 11.6
      vertex 8.549732058481988 23.251526125716246 11.6
      vertex 0 30 11.6
    endloop
  endfacet
  facet normal 0 0 1
    outer loop
      vertex 8.258477332233898 24.284237486748427 11.6
      vertex 8.25 24.5 11.6
      vertex 0 30 11.6
    endloop
  endfacet
  facet normal 0 0 1
    outer loop
      vertex 8.25 24.5 11.6
      vertex 8.258477332233898 24.715762513251573 11.6
      vertex 0 30 11.6
    endloop
  endfacet
  facet normal 0 0 1
    outer loop
      vertex 8.258477332233898 24.715762513251573 11.6
      vertex 8.28385706336337 24.930194778860635 11.6
      vertex 0 30 11.6
    endloop
  endfacet
  facet normal 0 0 1
    outer loop
      vertex 8.28385706336337 24.930194778860635 11.6
      vertex 8.325982718906388 25.14197475060374 11.6
      vertex 0 30 11.6
    endloop
  endfacet
  facet normal 0 0 1
    outer loop
      vertex 8.325982718906388 25.14197475060374 11.6
      vertex 8.384594580188327 25.349796734531104 11.6
      vertex 0 30 11.6
    endloop
  endfacet
  facet normal 0 0 1
    outer loop
      vertex 8.384594580188327 25.349796734531104 11.6
      vertex 8.459331285593962 25.552379439003996 11.6
      vertex 0 30 11.6
    endloop
  endfacet
  facet normal 0 0 1
    outer loop
      vertex 8.459331285593962 25.552379439003996 11.6
      vertex 8.549732058481988 25.748473874283754 11.6
      vertex 0 30 11.6
    endloop
  endfacet
  facet normal 0 0 1
    outer loop
      vertex 8.549732058481988 25.748473874283754 11.6
      vertex 8.655239548026247 25.936871052968858 11.6
      vertex 0 30 11.6
    endloop
  endfacet
  facet normal 0 0 1
    outer loop
      vertex 8.655239548026247 25.936871052968858 11.6
      vertex 8.775203265468894 26.1164094438043 11.6
      vertex 0 30 11.6
    endloop
  endfacet
  facet normal 0 0 1
    outer loop
      vertex 8.775203265468894 26.1164094438043 11.6
      vertex 8.908883594599915 26.285982132908003 11.6
      vertex 0 30 11.6
    endloop
  endfacet
  facet normal 0 0 1
    outer loop
      vertex 8.908883594599915 26.285982132908003 11.6
      vertex 9.055456351736995 26.444543648263007 11.6
      vertex 0 30 11.6
    endloop
  endfacet
  facet normal 0 0 1
    outer loop
      vertex 9.055456351736995 26.444543648263007 11.6
      vertex 9.214017867091995 26.591116405400086 11.6
      vertex 0 30 11.6
    endloop
  endfacet
  facet normal 0 0 1
    outer loop
      vertex 9.214017867091995 26.591116405400086 11.6
      vertex 9.3835905561957 26.724796734531104 11.6
      vertex 0 30 11.6
    endloop
  endfacet
  facet normal 0 0 1
    outer loop
      vertex 9.3835905561957 26.724796734531104 11.6
      vertex 9.56312894703114 26.844760451973755 11.6
      vertex 0 30 11.6
    endloop
  endfacet
  facet normal 0 0 1
    outer loop
      vertex 9.56312894703114 26.844760451973755 11.6
      vertex 9.751526125716246 26.95026794151801 11.6
      vertex 0 30 11.6
    endloop
  endfacet
  facet normal 0 0 1
    outer loop
      vertex 0 18.977471198804814 11.6
      vertex 9.947620560996004 21.95933128559396 11.6
      vertex 9.751526125716246 22.04973205848199 11.6
    endloop
  endfacet
  facet normal 0 0 1
    outer loop
      vertex 0 18.977471198804814 11.6
      vertex 10.150203265468894 21.884594580188327 11.6
      vertex 9.947620560996004 21.95933128559396 11.6
    endloop
  endfacet
  facet normal 0 0 1
    outer loop
      vertex 0 18.977471198804814 11.6
      vertex 10.35802524939626 21.82598271890639 11.6
      vertex 10.150203265468894 21.884594580188327 11.6
    endloop
  endfacet
  facet normal 0 0 1
    outer loop
      vertex 0 18.977471198804814 11.6
      vertex 10.569805221139365 21.78385706336337 11.6
      vertex 10.35802524939626 21.82598271890639 11.6
    endloop
  endfacet
  facet normal 0 0 1
    outer loop
      vertex 0 18.977471198804814 11.6
      vertex 10.784237486748426 21.7584773322339 11.6
      vertex 10.569805221139365 21.78385706336337 11.6
    endloop
  endfacet
  facet normal 0 0 1
    outer loop
      vertex 0 18.977471198804814 11.6
      vertex 11 21.75 11.6
      vertex 10.784237486748426 21.7584773322339 11.6
    endloop
  endfacet
  facet normal 0 0 1
    outer loop
      vertex 0 18.977471198804814 11.6
      vertex 22 18.977471198804814 11.6
      vertex 11 21.75 11.6
    endloop
  endfacet
  facet normal 0 0 1
    outer loop
      vertex 9.751526125716246 26.95026794151801 11.6
      vertex 9.947620560996004 27.04066871440604 11.6
      vertex 0 30 11.6
    endloop
  endfacet
  facet normal 0 0 1
    outer loop
      vertex 9.947620560996004 27.04066871440604 11.6
      vertex 10.150203265468894 27.115405419811673 11.6
      vertex 0 30 11.6
    endloop
  endfacet
  facet normal 0 0 1
    outer loop
      vertex 10.150203265468894 27.115405419811673 11.6
      vertex 10.35802524939626 27.17401728109361 11.6
      vertex 0 30 11.6
    endloop
  endfacet
  facet normal 0 0 1
    outer loop
      vertex 10.35802524939626 27.17401728109361 11.6
      vertex 10.569805221139365 27.21614293663663 11.6
      vertex 0 30 11.6
    endloop
  endfacet
  facet normal 0 0 1
    outer loop
      vertex 10.569805221139365 27.21614293663663 11.6
      vertex 10.784237486748426 27.2415226677661 11.6
      vertex 0 30 11.6
    endloop
  endfacet
  facet normal 0 0 1
    outer loop
      vertex 10.784237486748426 27.2415226677661 11.6
      vertex 11 27.25 11.6
      vertex 0 30 11.6
    endloop
  endfacet
  facet normal 0 0 1
    outer loop
      vertex 11 27.25 11.6
      vertex 11.215762513251574 27.2415226677661 11.6
      vertex 0 30 11.6
    endloop
  endfacet
  facet normal 0 0 1
    outer loop
      vertex 11.215762513251574 27.2415226677661 11.6
      vertex 11.430194778860635 27.21614293663663 11.6
      vertex 0 30 11.6
    endloop
  endfacet
  facet normal 0 0 1
    outer loop
      vertex 11.430194778860635 27.21614293663663 11.6
      vertex 11.64197475060374 27.17401728109361 11.6
      vertex 0 30 11.6
    endloop
  endfacet
  facet normal 0 0 1
    outer loop
      vertex 22 18.977471198804814 11.6
      vertex 11.215762513251574 21.7584773322339 11.6
      vertex 11 21.75 11.6
    endloop
  endfacet
  facet normal 0 0 1
    outer loop
      vertex 22 18.977471198804814 11.6
      vertex 11.430194778860635 21.78385706336337 11.6
      vertex 11.215762513251574 21.7584773322339 11.6
    endloop
  endfacet
  facet normal 0 0 1
    outer loop
      vertex 22 18.977471198804814 11.6
      vertex 11.64197475060374 21.82598271890639 11.6
      vertex 11.430194778860635 21.78385706336337 11.6
    endloop
  endfacet
  facet normal 0 0 1
    outer loop
      vertex 22 18.977471198804814 11.6
      vertex 11.849796734531106 21.884594580188327 11.6
      vertex 11.64197475060374 21.82598271890639 11.6
    endloop
  endfacet
  facet normal 0 0 1
    outer loop
      vertex 22 18.977471198804814 11.6
      vertex 12.052379439003996 21.95933128559396 11.6
      vertex 11.849796734531106 21.884594580188327 11.6
    endloop
  endfacet
  facet normal 0 0 1
    outer loop
      vertex 22 18.977471198804814 11.6
      vertex 12.248473874283754 22.04973205848199 11.6
      vertex 12.052379439003996 21.95933128559396 11.6
    endloop
  endfacet
  facet normal 0 0 1
    outer loop
      vertex 22 18.977471198804814 11.6
      vertex 12.43687105296886 22.155239548026245 11.6
      vertex 12.248473874283754 22.04973205848199 11.6
    endloop
  endfacet
  facet normal 0 0 1
    outer loop
      vertex 22 18.977471198804814 11.6
      vertex 12.6164094438043 22.275203265468896 11.6
      vertex 12.43687105296886 22.155239548026245 11.6
    endloop
  endfacet
  facet normal 0 0 1
    outer loop
      vertex 22 18.977471198804814 11.6
      vertex 12.785982132908005 22.408883594599914 11.6
      vertex 12.6164094438043 22.275203265468896 11.6
    endloop
  endfacet
  facet normal 0 0 1
    outer loop
      vertex 22 18.977471198804814 11.6
      vertex 12.944543648263005 22.555456351736993 11.6
      vertex 12.785982132908005 22.408883594599914 11.6
    endloop
  endfacet
  facet normal 0 0 1
    outer loop
      vertex 22 18.977471198804814 11.6
      vertex 13.091116405400085 22.714017867091997 11.6
      vertex 12.944543648263005 22.555456351736993 11.6
    endloop
  endfacet
  facet normal 0 0 1
    outer loop
      vertex 22 18.977471198804814 11.6
      vertex 13.224796734531106 22.8835905561957 11.6
      vertex 13.091116405400085 22.714017867091997 11.6
    endloop
  endfacet
  facet normal 0 0 1
    outer loop
      vertex 22 18.977471198804814 11.6
      vertex 13.344760451973753 23.063128947031142 11.6
      vertex 13.224796734531106 22.8835905561957 11.6
    endloop
  endfacet
  facet normal 0 0 1
    outer loop
      vertex 22 18.977471198804814 11.6
      vertex 13.450267941518012 23.251526125716246 11.6
      vertex 13.344760451973753 23.063128947031142 11.6
    endloop
  endfacet
  facet normal 0 0 1
    outer loop
      vertex 22 18.977471198804814 11.6
      vertex 13.540668714406038 23.447620560996004 11.6
      vertex 13.450267941518012 23.251526125716246 11.6
    endloop
  endfacet
  facet normal 0 0 1
    outer loop
      vertex 22 18.977471198804814 11.6
      vertex 13.615405419811673 23.650203265468896 11.6
      vertex 13.540668714406038 23.447620560996004 11.6
    endloop
  endfacet
  facet normal 0 0 1
    outer loop
      vertex 22 18.977471198804814 11.6
      vertex 13.674017281093612 23.85802524939626 11.6
      vertex 13.615405419811673 23.650203265468896 11.6
    endloop
  endfacet
  facet normal 0 0 1
    outer loop
      vertex 22 18.977471198804814 11.6
      vertex 13.71614293663663 24.069805221139365 11.6
      vertex 13.674017281093612 23.85802524939626 11.6
    endloop
  endfacet
  facet normal 0 0 1
    outer loop
      vertex 22 18.977471198804814 11.6
      vertex 13.741522667766102 24.284237486748427 11.6
      vertex 13.71614293663663 24.069805221139365 11.6
    endloop
  endfacet
  facet normal 0 0 1
    outer loop
      vertex 22 18.977471198804814 11.6
      vertex 13.75 24.5 11.6
      vertex 13.741522667766102 24.284237486748427 11.6
    endloop
  endfacet
  facet normal 0 0 1
    outer loop
      vertex 22 18.977471198804814 11.6
      vertex 13.741522667766102 24.715762513251573 11.6
      vertex 13.75 24.5 11.6
    endloop
  endfacet
  facet normal 0 0 1
    outer loop
      vertex 12.43687105296886 26.844760451973755 11.6
      vertex 12.6164094438043 26.724796734531104 11.6
      vertex 28.015716042803067 30 11.6
    endloop
  endfacet
  facet normal 0 0 1
    outer loop
      vertex 12.785982132908005 26.591116405400086 11.6
      vertex 28.015716042803067 30 11.6
      vertex 12.6164094438043 26.724796734531104 11.6
    endloop
  endfacet
  facet normal 0 0 1
    outer loop
      vertex 11.64197475060374 27.17401728109361 11.6
      vertex 11.849796734531106 27.115405419811673 11.6
      vertex 28.015716042803067 30 11.6
    endloop
  endfacet
  facet normal 0 0 1
    outer loop
      vertex 11.849796734531106 27.115405419811673 11.6
      vertex 12.052379439003996 27.04066871440604 11.6
      vertex 28.015716042803067 30 11.6
    endloop
  endfacet
  facet normal 0 0 1
    outer loop
      vertex 12.052379439003996 27.04066871440604 11.6
      vertex 12.248473874283754 26.95026794151801 11.6
      vertex 28.015716042803067 30 11.6
    endloop
  endfacet
  facet normal 0 0 1
    outer loop
      vertex 12.248473874283754 26.95026794151801 11.6
      vertex 12.43687105296886 26.844760451973755 11.6
      vertex 28.015716042803067 30 11.6
    endloop
  endfacet
  facet normal 0 0 1
    outer loop
      vertex 13.71614293663663 24.930194778860635 11.6
      vertex 28.015716042803067 30 11.6
      vertex 13.674017281093612 25.14197475060374 11.6
    endloop
  endfacet
  facet normal 0 0 1
    outer loop
      vertex 13.741522667766102 24.715762513251573 11.6
      vertex 28.015716042803067 30 11.6
      vertex 13.71614293663663 24.930194778860635 11.6
    endloop
  endfacet
  facet normal 0 0 1
    outer loop
      vertex 13.344760451973753 25.936871052968858 11.6
      vertex 13.450267941518012 25.748473874283754 11.6
      vertex 28.015716042803067 30 11.6
    endloop
  endfacet
  facet normal 0 0 1
    outer loop
      vertex 13.674017281093612 25.14197475060374 11.6
      vertex 28.015716042803067 30 11.6
      vertex 13.615405419811673 25.349796734531104 11.6
    endloop
  endfacet
  facet normal 0 0 1
    outer loop
      vertex 13.615405419811673 25.349796734531104 11.6
      vertex 28.015716042803067 30 11.6
      vertex 13.540668714406038 25.552379439003996 11.6
    endloop
  endfacet
  facet normal 0 0 1
    outer loop
      vertex 13.540668714406038 25.552379439003996 11.6
      vertex 28.015716042803067 30 11.6
      vertex 13.450267941518012 25.748473874283754 11.6
    endloop
  endfacet
  facet normal 0 0 1
    outer loop
      vertex 12.944543648263005 26.444543648263007 11.6
      vertex 13.091116405400085 26.285982132908003 11.6
      vertex 28.015716042803067 30 11.6
    endloop
  endfacet
  facet normal 0 0 1
    outer loop
      vertex 13.344760451973753 25.936871052968858 11.6
      vertex 28.015716042803067 30 11.6
      vertex 13.224796734531106 26.1164094438043 11.6
    endloop
  endfacet
  facet normal 0 0 1
    outer loop
      vertex 13.224796734531106 26.1164094438043 11.6
      vertex 28.015716042803067 30 11.6
      vertex 13.091116405400085 26.285982132908003 11.6
    endloop
  endfacet
  facet normal 0 0 1
    outer loop
      vertex 12.785982132908005 26.591116405400086 11.6
      vertex 12.944543648263005 26.444543648263007 11.6
      vertex 28.015716042803067 30 11.6
    endloop
  endfacet
  facet normal 0 0 1
    outer loop
      vertex 22 18.977471198804814 11.6
      vertex 25.947620560996004 17.54066871440604 11.6
      vertex 26.701103903339632 23.47918806879994 11.6
    endloop
  endfacet
  facet normal 0 0 1
    outer loop
      vertex 22 18.977471198804814 11.6
      vertex 26.152240934977428 24.23463313526982 11.6
      vertex 26.097886967409693 24.381966011250107 11.6
    endloop
  endfacet
  facet normal 0 0 1
    outer loop
      vertex 22 18.977471198804814 11.6
      vertex 26.47918806879994 23.701103903339632 11.6
      vertex 26.381966011250107 23.824429495415053 11.6
    endloop
  endfacet
  facet normal 0 0 1
    outer loop
      vertex 22 18.977471198804814 11.6
      vertex 26.381966011250107 23.824429495415053 11.6
      vertex 26.294719671291816 23.9550028705681 11.6
    endloop
  endfacet
  facet normal 0 0 1
    outer loop
      vertex 22 18.977471198804814 11.6
      vertex 26.585786437626904 23.585786437626904 11.6
      vertex 26.47918806879994 23.701103903339632 11.6
    endloop
  endfacet
  facet normal 0 0 1
    outer loop
      vertex 22 18.977471198804814 11.6
      vertex 26.701103903339632 23.47918806879994 11.6
      vertex 26.585786437626904 23.585786437626904 11.6
    endloop
  endfacet
  facet normal 0 0 1
    outer loop
      vertex 22 18.977471198804814 11.6
      vertex 26.294719671291816 23.9550028705681 11.6
      vertex 26.217986951623264 24.092019000520907 11.6
    endloop
  endfacet
  facet normal 0 0 1
    outer loop
      vertex 22 18.977471198804814 11.6
      vertex 26.217986951623264 24.092019000520907 11.6
      vertex 26.152240934977428 24.23463313526982 11.6
    endloop
  endfacet
  facet normal 0 0 1
    outer loop
      vertex 22 18.977471198804814 11.6
      vertex 26.097886967409693 24.381966011250107 11.6
      vertex 26.055260159204646 24.53310927228819 11.6
    endloop
  endfacet
  facet normal 0 0 1
    outer loop
      vertex 22 18.977471198804814 11.6
      vertex 26.024623318809724 24.687131069919538 11.6
      vertex 26.006165332533744 24.84308180854431 11.6
    endloop
  endfacet
  facet normal 0 0 1
    outer loop
      vertex 22 18.977471198804814 11.6
      vertex 26.055260159204646 24.53310927228819 11.6
      vertex 26.024623318809724 24.687131069919538 11.6
    endloop
  endfacet
  facet normal 0 0 1
    outer loop
      vertex 22 18.977471198804814 11.6
      vertex 26.006165332533744 24.84308180854431 11.6
      vertex 26 25 11.6
    endloop
  endfacet
  facet normal 0 0 1
    outer loop
      vertex 22 18.977471198804814 11.6
      vertex 26 25 11.6
      vertex 26.006165332533744 25.15691819145569 11.6
    endloop
  endfacet
  facet normal 0 0 1
    outer loop
      vertex 22 18.977471198804814 11.6
      vertex 26.006165332533744 25.15691819145569 11.6
      vertex 26.024623318809724 25.312868930080462 11.6
    endloop
  endfacet
  facet normal 0 0 1
    outer loop
      vertex 22 18.977471198804814 11.6
      vertex 26.024623318809724 25.312868930080462 11.6
      vertex 26.055260159204646 25.46689072771181 11.6
    endloop
  endfacet
  facet normal 0 0 1
    outer loop
      vertex 22 18.977471198804814 11.6
      vertex 26.055260159204646 25.46689072771181 11.6
      vertex 26.097886967409693 25.618033988749893 11.6
    endloop
  endfacet
  facet normal 0 0 1
    outer loop
      vertex 22 18.977471198804814 11.6
      vertex 26.097886967409693 25.618033988749893 11.6
      vertex 26.152240934977428 25.76536686473018 11.6
    endloop
  endfacet
  facet normal 0 0 1
    outer loop
      vertex 22 18.977471198804814 11.6
      vertex 28.015716042803067 30 11.6
      vertex 13.741522667766102 24.715762513251573 11.6
    endloop
  endfacet
  facet normal 0 0 1
    outer loop
      vertex 22 18.977471198804814 11.6
      vertex 26.152240934977428 25.76536686473018 11.6
      vertex 28.015716042803067 30 11.6
    endloop
  endfacet
  facet normal 0 0 1
    outer loop
      vertex 11.64197475060374 27.17401728109361 11.6
      vertex 28.015716042803067 30 11.6
      vertex 0 30 11.6
    endloop
  endfacet
  facet normal 0 0 1
    outer loop
      vertex 26.866666666666667 0 11.6
      vertex 26.824429495415053 3.381966011250105 11.6
      vertex 26.701103903339632 3.479188068799938 11.6
    endloop
  endfacet
  facet normal 0 0 1
    outer loop
      vertex 26.866666666666667 0 11.6
      vertex 26.701103903339632 3.479188068799938 11.6
      vertex 26.585786437626904 3.585786437626905 11.6
    endloop
  endfacet
  facet normal 0 0 1
    outer loop
      vertex 26.866666666666667 0 11.6
      vertex 26.9550028705681 3.2947196712918156 11.6
      vertex 26.824429495415053 3.381966011250105 11.6
    endloop
  endfacet
  facet normal 0 0 1
    outer loop
      vertex 26.866666666666667 0 11.6
      vertex 27.092019000520907 3.2179869516232644 11.6
      vertex 26.9550028705681 3.2947196712918156 11.6
    endloop
  endfacet
  facet normal 0 0 1
    outer loop
      vertex 26.866666666666667 0 11.6
      vertex 27.23463313526982 3.1522409349774265 11.6
      vertex 27.092019000520907 3.2179869516232644 11.6
    endloop
  endfacet
  facet normal 0 0 1
    outer loop
      vertex 26.866666666666667 0 11.6
      vertex 27.381966011250107 3.0978869674096927 11.6
      vertex 27.23463313526982 3.1522409349774265 11.6
    endloop
  endfacet
  facet normal 0 0 1
    outer loop
      vertex 26.866666666666667 0 11.6
      vertex 27.53310927228819 3.055260159204647 11.6
      vertex 27.381966011250107 3.0978869674096927 11.6
    endloop
  endfacet
  facet normal 0 0 1
    outer loop
      vertex 26.866666666666667 0 11.6
      vertex 27.687131069919538 3.0246233188097245 11.6
      vertex 27.53310927228819 3.055260159204647 11.6
    endloop
  endfacet
  facet normal 0 0 1
    outer loop
      vertex 26.866666666666667 0 11.6
      vertex 27.84308180854431 3.006165332533744 11.6
      vertex 27.687131069919538 3.0246233188097245 11.6
    endloop
  endfacet
  facet normal 0 0 1
    outer loop
      vertex 26.866666666666667 0 11.6
      vertex 28 3 11.6
      vertex 27.84308180854431 3.006165332533744 11.6
    endloop
  endfacet
  facet normal 0 0 1
    outer loop
      vertex 26.866666666666667 0 11.6
      vertex 32.022528801195186 0 11.6
      vertex 28 3 11.6
    endloop
  endfacet
  facet normal 0 0 1
    outer loop
      vertex 26.866666666666667 0 11.6
      vertex 26.47918806879994 3.7011039033396327 11.6
      vertex 26.381966011250107 3.8244294954150537 11.6
    endloop
  endfacet
  facet normal 0 0 1
    outer loop
      vertex 26.866666666666667 0 11.6
      vertex 26.381966011250107 3.8244294954150537 11.6
      vertex 26.294719671291816 3.9550028705681024 11.6
    endloop
  endfacet
  facet normal 0 0 1
    outer loop
      vertex 26.866666666666667 0 11.6
      vertex 26.585786437626904 3.585786437626905 11.6
      vertex 26.47918806879994 3.7011039033396327 11.6
    endloop
  endfacet
  facet normal 0 0 1
    outer loop
      vertex 26.866666666666667 0 11.6
      vertex 26.294719671291816 3.9550028705681024 11.6
      vertex 26.217986951623264 4.0920190005209065 11.6
    endloop
  endfacet
  facet normal 0 0 1
    outer loop
      vertex 32.022528801195186 0 11.6
      vertex 28.15691819145569 3.006165332533744 11.6
      vertex 28 3 11.6
    endloop
  endfacet
  facet normal 0 0 1
    outer loop
      vertex 32.022528801195186 0 11.6
      vertex 28.312868930080462 3.0246233188097245 11.6
      vertex 28.15691819145569 3.006165332533744 11.6
    endloop
  endfacet
  facet normal 0 0 1
    outer loop
      vertex 32.022528801195186 0 11.6
      vertex 28.46689072771181 3.055260159204647 11.6
      vertex 28.312868930080462 3.0246233188097245 11.6
    endloop
  endfacet
  facet normal 0 0 1
    outer loop
      vertex 32.022528801195186 0 11.6
      vertex 28.618033988749893 3.0978869674096927 11.6
      vertex 28.46689072771181 3.055260159204647 11.6
    endloop
  endfacet
  facet normal 0 0 1
    outer loop
      vertex 32.022528801195186 0 11.6
      vertex 28.76536686473018 3.1522409349774265 11.6
      vertex 28.618033988749893 3.0978869674096927 11.6
    endloop
  endfacet
  facet normal 0 0 1
    outer loop
      vertex 32.022528801195186 0 11.6
      vertex 28.907980999479093 3.2179869516232644 11.6
      vertex 28.76536686473018 3.1522409349774265 11.6
    endloop
  endfacet
  facet normal 0 0 1
    outer loop
      vertex 32.022528801195186 0 11.6
      vertex 29.0449971294319 3.2947196712918156 11.6
      vertex 28.907980999479093 3.2179869516232644 11.6
    endloop
  endfacet
  facet normal 0 0 1
    outer loop
      vertex 32.022528801195186 0 11.6
      vertex 29.175570504584947 3.381966011250105 11.6
      vertex 29.0449971294319 3.2947196712918156 11.6
    endloop
  endfacet
  facet normal 0 0 1
    outer loop
      vertex 32.022528801195186 0 11.6
      vertex 29.298896096660368 3.479188068799938 11.6
      vertex 29.175570504584947 3.381966011250105 11.6
    endloop
  endfacet
  facet normal 0 0 1
    outer loop
      vertex 32.022528801195186 0 11.6
      vertex 29.414213562373096 3.585786437626905 11.6
      vertex 29.298896096660368 3.479188068799938 11.6
    endloop
  endfacet
  facet normal 0 0 1
    outer loop
      vertex 32.022528801195186 0 11.6
      vertex 29.52081193120006 3.7011039033396327 11.6
      vertex 29.414213562373096 3.585786437626905 11.6
    endloop
  endfacet
  facet normal 0 0 1
    outer loop
      vertex 32.022528801195186 0 11.6
      vertex 29.618033988749893 3.8244294954150537 11.6
      vertex 29.52081193120006 3.7011039033396327 11.6
    endloop
  endfacet
  facet normal 0 0 1
    outer loop
      vertex 32.022528801195186 0 11.6
      vertex 29.705280328708184 3.9550028705681024 11.6
      vertex 29.618033988749893 3.8244294954150537 11.6
    endloop
  endfacet
  facet normal 0 0 1
    outer loop
      vertex 32.022528801195186 0 11.6
      vertex 29.782013048376736 4.0920190005209065 11.6
      vertex 29.705280328708184 3.9550028705681024 11.6
    endloop
  endfacet
  facet normal 0 0 1
    outer loop
      vertex 32.022528801195186 0 11.6
      vertex 29.847759065022572 4.234633135269821 11.6
      vertex 29.782013048376736 4.0920190005209065 11.6
    endloop
  endfacet
  facet normal 0 0 1
    outer loop
      vertex 32.022528801195186 0 11.6
      vertex 29.902113032590307 4.381966011250105 11.6
      vertex 29.847759065022572 4.234633135269821 11.6
    endloop
  endfacet
  facet normal 0 0 1
    outer loop
      vertex 32.022528801195186 0 11.6
      vertex 29.944739840795354 4.533109272288189 11.6
      vertex 29.902113032590307 4.381966011250105 11.6
    endloop
  endfacet
  facet normal 0 0 1
    outer loop
      vertex 32.022528801195186 0 11.6
      vertex 29.975376681190276 4.6871310699195385 11.6
      vertex 29.944739840795354 4.533109272288189 11.6
    endloop
  endfacet
  facet normal 0 0 1
    outer loop
      vertex 32.022528801195186 0 11.6
      vertex 29.993834667466256 4.84308180854431 11.6
      vertex 29.975376681190276 4.6871310699195385 11.6
    endloop
  endfacet
  facet normal 0 0 1
    outer loop
      vertex 32.022528801195186 0 11.6
      vertex 29.975376681190276 5.3128689300804615 11.6
      vertex 29.993834667466256 5.15691819145569 11.6
    endloop
  endfacet
  facet normal 0 0 1
    outer loop
      vertex 32.022528801195186 0 11.6
      vertex 30 5 11.6
      vertex 29.993834667466256 4.84308180854431 11.6
    endloop
  endfacet
  facet normal 0 0 1
    outer loop
      vertex 32.022528801195186 0 11.6
      vertex 29.993834667466256 5.15691819145569 11.6
      vertex 30 5 11.6
    endloop
  endfacet
  facet normal 0 0 1
    outer loop
      vertex 32.022528801195186 0 11.6
      vertex 29.944739840795354 5.466890727711811 11.6
      vertex 29.975376681190276 5.3128689300804615 11.6
    endloop
  endfacet
  facet normal 0 0 1
    outer loop
      vertex 25.563128947031142 12.655239548026247 11.6
      vertex 26.217986951623264 5.9079809994790935 11.6
      vertex 26.294719671291816 6.044997129431898 11.6
    endloop
  endfacet
  facet normal 0 0 1
    outer loop
      vertex 25.751526125716246 12.549732058481988 11.6
      vertex 26.294719671291816 6.044997129431898 11.6
      vertex 26.381966011250107 6.175570504584947 11.6
    endloop
  endfacet
  facet normal 0 0 1
    outer loop
      vertex 25.947620560996004 12.459331285593962 11.6
      vertex 26.381966011250107 6.175570504584947 11.6
      vertex 26.47918806879994 6.298896096660368 11.6
    endloop
  endfacet
  facet normal 0 0 1
    outer loop
      vertex 26.150203265468896 12.384594580188327 11.6
      vertex 26.47918806879994 6.298896096660368 11.6
      vertex 26.585786437626904 6.414213562373095 11.6
    endloop
  endfacet
  facet normal 0 0 1
    outer loop
      vertex 26.35802524939626 12.325982718906388 11.6
      vertex 26.585786437626904 6.414213562373095 11.6
      vertex 26.701103903339632 6.520811931200062 11.6
    endloop
  endfacet
  facet normal 0 0 1
    outer loop
      vertex 26.569805221139365 12.28385706336337 11.6
      vertex 26.701103903339632 6.520811931200062 11.6
      vertex 26.824429495415053 6.618033988749895 11.6
    endloop
  endfacet
  facet normal 0 0 1
    outer loop
      vertex 26.784237486748427 12.258477332233898 11.6
      vertex 26.824429495415053 6.618033988749895 11.6
      vertex 26.9550028705681 6.705280328708184 11.6
    endloop
  endfacet
  facet normal 0 0 1
    outer loop
      vertex 27 12.25 11.6
      vertex 26.9550028705681 6.705280328708184 11.6
      vertex 27.092019000520907 6.782013048376736 11.6
    endloop
  endfacet
  facet normal 0 0 1
    outer loop
      vertex 27.215762513251573 12.258477332233898 11.6
      vertex 27.092019000520907 6.782013048376736 11.6
      vertex 27.23463313526982 6.847759065022574 11.6
    endloop
  endfacet
  facet normal 0 0 1
    outer loop
      vertex 27.430194778860635 12.28385706336337 11.6
      vertex 27.23463313526982 6.847759065022574 11.6
      vertex 27.381966011250107 6.902113032590307 11.6
    endloop
  endfacet
  facet normal 0 0 1
    outer loop
      vertex 27.64197475060374 12.325982718906388 11.6
      vertex 27.381966011250107 6.902113032590307 11.6
      vertex 27.53310927228819 6.944739840795354 11.6
    endloop
  endfacet
  facet normal 0 0 1
    outer loop
      vertex 28.052379439003996 12.459331285593962 11.6
      vertex 29.782013048376736 5.9079809994790935 11.6
      vertex 29.847759065022572 5.765366864730179 11.6
    endloop
  endfacet
  facet normal 0 0 1
    outer loop
      vertex 28.052379439003996 12.459331285593962 11.6
      vertex 29.705280328708184 6.044997129431898 11.6
      vertex 29.782013048376736 5.9079809994790935 11.6
    endloop
  endfacet
  facet normal 0 0 1
    outer loop
      vertex 28.052379439003996 12.459331285593962 11.6
      vertex 29.618033988749893 6.175570504584947 11.6
      vertex 29.705280328708184 6.044997129431898 11.6
    endloop
  endfacet
  facet normal 0 0 1
    outer loop
      vertex 28.052379439003996 12.459331285593962 11.6
      vertex 29.52081193120006 6.298896096660368 11.6
      vertex 29.618033988749893 6.175570504584947 11.6
    endloop
  endfacet
  facet normal 0 0 1
    outer loop
      vertex 28.052379439003996 12.459331285593962 11.6
      vertex 27.53310927228819 6.944739840795354 11.6
      vertex 27.687131069919538 6.9753766811902755 11.6
    endloop
  endfacet
  facet normal 0 0 1
    outer loop
      vertex 28.052379439003996 12.459331285593962 11.6
      vertex 27.687131069919538 6.9753766811902755 11.6
      vertex 27.84308180854431 6.993834667466256 11.6
    endloop
  endfacet
  facet normal 0 0 1
    outer loop
      vertex 28.052379439003996 12.459331285593962 11.6
      vertex 27.84308180854431 6.993834667466256 11.6
      vertex 28 7 11.6
    endloop
  endfacet
  facet normal 0 0 1
    outer loop
      vertex 28.052379439003996 12.459331285593962 11.6
      vertex 28 7 11.6
      vertex 28.15691819145569 6.993834667466256 11.6
    endloop
  endfacet
  facet normal 0 0 1
    outer loop
      vertex 28.052379439003996 12.459331285593962 11.6
      vertex 28.15691819145569 6.993834667466256 11.6
      vertex 28.312868930080462 6.9753766811902755 11.6
    endloop
  endfacet
  facet normal 0 0 1
    outer loop
      vertex 28.052379439003996 12.459331285593962 11.6
      vertex 28.312868930080462 6.9753766811902755 11.6
      vertex 28.46689072771181 6.944739840795354 11.6
    endloop
  endfacet
  facet normal 0 0 1
    outer loop
      vertex 28.052379439003996 12.459331285593962 11.6
      vertex 28.46689072771181 6.944739840795354 11.6
      vertex 28.618033988749893 6.902113032590307 11.6
    endloop
  endfacet
  facet normal 0 0 1
    outer loop
      vertex 28.052379439003996 12.459331285593962 11.6
      vertex 29.175570504584947 6.618033988749895 11.6
      vertex 29.298896096660368 6.520811931200062 11.6
    endloop
  endfacet
  facet normal 0 0 1
    outer loop
      vertex 28.052379439003996 12.459331285593962 11.6
      vertex 29.0449971294319 6.705280328708184 11.6
      vertex 29.175570504584947 6.618033988749895 11.6
    endloop
  endfacet
  facet normal 0 0 1
    outer loop
      vertex 28.052379439003996 12.459331285593962 11.6
      vertex 28.618033988749893 6.902113032590307 11.6
      vertex 28.76536686473018 6.847759065022574 11.6
    endloop
  endfacet
  facet normal 0 0 1
    outer loop
      vertex 28.052379439003996 12.459331285593962 11.6
      vertex 28.76536686473018 6.847759065022574 11.6
      vertex 28.907980999479093 6.782013048376736 11.6
    endloop
  endfacet
  facet normal 0 0 1
    outer loop
      vertex 28.052379439003996 12.459331285593962 11.6
      vertex 28.907980999479093 6.782013048376736 11.6
      vertex 29.0449971294319 6.705280328708184 11.6
    endloop
  endfacet
  facet normal 0 0 1
    outer loop
      vertex 28.052379439003996 12.459331285593962 11.6
      vertex 29.414213562373096 6.414213562373095 11.6
      vertex 29.52081193120006 6.298896096660368 11.6
    endloop
  endfacet
  facet normal 0 0 1
    outer loop
      vertex 28.052379439003996 12.459331285593962 11.6
      vertex 29.298896096660368 6.520811931200062 11.6
      vertex 29.414213562373096 6.414213562373095 11.6
    endloop
  endfacet
  facet normal 0 0 1
    outer loop
      vertex 32.022528801195186 0 11.6
      vertex 28.052379439003996 12.459331285593962 11.6
      vertex 29.944739840795354 5.466890727711811 11.6
    endloop
  endfacet
  facet normal 0 0 1
    outer loop
      vertex 28.052379439003996 12.459331285593962 11.6
      vertex 29.902113032590307 5.618033988749895 11.6
      vertex 29.944739840795354 5.466890727711811 11.6
    endloop
  endfacet
  facet normal 0 0 1
    outer loop
      vertex 28.052379439003996 12.459331285593962 11.6
      vertex 29.847759065022572 5.765366864730179 11.6
      vertex 29.902113032590307 5.618033988749895 11.6
    endloop
  endfacet
  facet normal 0 0 1
    outer loop
      vertex 32.022528801195186 0 11.6
      vertex 28.248473874283754 12.549732058481988 11.6
      vertex 28.052379439003996 12.459331285593962 11.6
    endloop
  endfacet
  facet normal 0 0 1
    outer loop
      vertex 32.022528801195186 0 11.6
      vertex 28.436871052968858 12.655239548026247 11.6
      vertex 28.248473874283754 12.549732058481988 11.6
    endloop
  endfacet
  facet normal 0 0 1
    outer loop
      vertex 32.022528801195186 0 11.6
      vertex 28.6164094438043 12.775203265468894 11.6
      vertex 28.436871052968858 12.655239548026247 11.6
    endloop
  endfacet
  facet normal 0 0 1
    outer loop
      vertex 32.022528801195186 0 11.6
      vertex 28.785982132908003 12.908883594599915 11.6
      vertex 28.6164094438043 12.775203265468894 11.6
    endloop
  endfacet
  facet normal 0 0 1
    outer loop
      vertex 32.022528801195186 0 11.6
      vertex 28.944543648263007 13.055456351736995 11.6
      vertex 28.785982132908003 12.908883594599915 11.6
    endloop
  endfacet
  facet normal 0 0 1
    outer loop
      vertex 32.022528801195186 0 11.6
      vertex 29.091116405400086 13.214017867091995 11.6
      vertex 28.944543648263007 13.055456351736995 11.6
    endloop
  endfacet
  facet normal 0 0 1
    outer loop
      vertex 32.022528801195186 0 11.6
      vertex 29.224796734531104 13.3835905561957 11.6
      vertex 29.091116405400086 13.214017867091995 11.6
    endloop
  endfacet
  facet normal 0 0 1
    outer loop
      vertex 32.022528801195186 0 11.6
      vertex 29.344760451973755 13.56312894703114 11.6
      vertex 29.224796734531104 13.3835905561957 11.6
    endloop
  endfacet
  facet normal 0 0 1
    outer loop
      vertex 32.022528801195186 0 11.6
      vertex 29.45026794151801 13.751526125716246 11.6
      vertex 29.344760451973755 13.56312894703114 11.6
    endloop
  endfacet
  facet normal 0 0 1
    outer loop
      vertex 32.022528801195186 0 11.6
      vertex 29.54066871440604 13.947620560996004 11.6
      vertex 29.45026794151801 13.751526125716246 11.6
    endloop
  endfacet
  facet normal 0 0 1
    outer loop
      vertex 32.022528801195186 0 11.6
      vertex 29.615405419811673 14.150203265468894 11.6
      vertex 29.54066871440604 13.947620560996004 11.6
    endloop
  endfacet
  facet normal 0 0 1
    outer loop
      vertex 25.947620560996004 12.459331285593962 11.6
      vertex 26.47918806879994 6.298896096660368 11.6
      vertex 26.150203265468896 12.384594580188327 11.6
    endloop
  endfacet
  facet normal 0 0 1
    outer loop
      vertex 26.150203265468896 12.384594580188327 11.6
      vertex 26.585786437626904 6.414213562373095 11.6
      vertex 26.35802524939626 12.325982718906388 11.6
    endloop
  endfacet
  facet normal 0 0 1
    outer loop
      vertex 25.947620560996004 12.459331285593962 11.6
      vertex 25.751526125716246 12.549732058481988 11.6
      vertex 26.381966011250107 6.175570504584947 11.6
    endloop
  endfacet
  facet normal 0 0 1
    outer loop
      vertex 26.35802524939626 12.325982718906388 11.6
      vertex 26.701103903339632 6.520811931200062 11.6
      vertex 26.569805221139365 12.28385706336337 11.6
    endloop
  endfacet
  facet normal 0 0 1
    outer loop
      vertex 26.569805221139365 12.28385706336337 11.6
      vertex 26.824429495415053 6.618033988749895 11.6
      vertex 26.784237486748427 12.258477332233898 11.6
    endloop
  endfacet
  facet normal 0 0 1
    outer loop
      vertex 26.784237486748427 12.258477332233898 11.6
      vertex 26.9550028705681 6.705280328708184 11.6
      vertex 27 12.25 11.6
    endloop
  endfacet
  facet normal 0 0 1
    outer loop
      vertex 27 12.25 11.6
      vertex 27.092019000520907 6.782013048376736 11.6
      vertex 27.215762513251573 12.258477332233898 11.6
    endloop
  endfacet
  facet normal 0 0 1
    outer loop
      vertex 27.215762513251573 12.258477332233898 11.6
      vertex 27.23463313526982 6.847759065022574 11.6
      vertex 27.430194778860635 12.28385706336337 11.6
    endloop
  endfacet
  facet normal 0 0 1
    outer loop
      vertex 27.430194778860635 12.28385706336337 11.6
      vertex 27.381966011250107 6.902113032590307 11.6
      vertex 27.64197475060374 12.325982718906388 11.6
    endloop
  endfacet
  facet normal 0 0 1
    outer loop
      vertex 27.64197475060374 12.325982718906388 11.6
      vertex 27.53310927228819 6.944739840795354 11.6
      vertex 27.849796734531104 12.384594580188327 11.6
    endloop
  endfacet
  facet normal 0 0 1
    outer loop
      vertex 27.849796734531104 12.384594580188327 11.6
      vertex 27.53310927228819 6.944739840795354 11.6
      vertex 28.052379439003996 12.459331285593962 11.6
    endloop
  endfacet
  facet normal 0 0 1
    outer loop
      vertex 32.022528801195186 0 11.6
      vertex 29.67401728109361 14.35802524939626 11.6
      vertex 29.615405419811673 14.150203265468894 11.6
    endloop
  endfacet
  facet normal 0 0 1
    outer loop
      vertex 32.022528801195186 0 11.6
      vertex 29.71614293663663 14.569805221139365 11.6
      vertex 29.67401728109361 14.35802524939626 11.6
    endloop
  endfacet
  facet normal 0 0 1
    outer loop
      vertex 32.022528801195186 0 11.6
      vertex 32.022528801195186 30 11.6
      vertex 29.71614293663663 14.569805221139365 11.6
    endloop
  endfacet
  facet normal 0 0 1
    outer loop
      vertex 39.977471198804814 0 11.6
      vertex 43.3835905561957 12.775203265468894 11.6
      vertex 43.214017867092 12.908883594599915 11.6
    endloop
  endfacet
  facet normal 0 0 1
    outer loop
      vertex 39.977471198804814 0 11.6
      vertex 43.05545635173699 13.055456351736995 11.6
      vertex 42.908883594599914 13.214017867091995 11.6
    endloop
  endfacet
  facet normal 0 0 1
    outer loop
      vertex 39.977471198804814 0 11.6
      vertex 42.908883594599914 13.214017867091995 11.6
      vertex 42.775203265468896 13.3835905561957 11.6
    endloop
  endfacet
  facet normal 0 0 1
    outer loop
      vertex 39.977471198804814 0 11.6
      vertex 43.214017867092 12.908883594599915 11.6
      vertex 43.05545635173699 13.055456351736995 11.6
    endloop
  endfacet
  facet normal 0 0 1
    outer loop
      vertex 39.977471198804814 0 11.6
      vertex 42.775203265468896 13.3835905561957 11.6
      vertex 42.655239548026245 13.56312894703114 11.6
    endloop
  endfacet
  facet normal 0 0 1
    outer loop
      vertex 39.977471198804814 0 11.6
      vertex 42.655239548026245 13.56312894703114 11.6
      vertex 42.549732058481986 13.751526125716246 11.6
    endloop
  endfacet
  facet normal 0 0 1
    outer loop
      vertex 39.977471198804814 0 11.6
      vertex 42.45933128559396 13.947620560996004 11.6
      vertex 42.38459458018833 14.150203265468894 11.6
    endloop
  endfacet
  facet normal 0 0 1
    outer loop
      vertex 39.977471198804814 0 11.6
      vertex 42.549732058481986 13.751526125716246 11.6
      vertex 42.45933128559396 13.947620560996004 11.6
    endloop
  endfacet
  facet normal 0 0 1
    outer loop
      vertex 39.977471198804814 0 11.6
      vertex 44.150203265468896 12.384594580188327 11.6
      vertex 43.947620560996 12.459331285593962 11.6
    endloop
  endfacet
  facet normal 0 0 1
    outer loop
      vertex 39.977471198804814 0 11.6
      vertex 44.35802524939626 12.325982718906388 11.6
      vertex 44.150203265468896 12.384594580188327 11.6
    endloop
  endfacet
  facet normal 0 0 1
    outer loop
      vertex 39.977471198804814 0 11.6
      vertex 44.56980522113936 12.28385706336337 11.6
      vertex 44.35802524939626 12.325982718906388 11.6
    endloop
  endfacet
  facet normal 0 0 1
    outer loop
      vertex 39.977471198804814 0 11.6
      vertex 44.784237486748424 12.258477332233898 11.6
      vertex 44.56980522113936 12.28385706336337 11.6
    endloop
  endfacet
  facet normal 0 0 1
    outer loop
      vertex 39.977471198804814 0 11.6
      vertex 45 12.25 11.6
      vertex 44.784237486748424 12.258477332233898 11.6
    endloop
  endfacet
  facet normal 0 0 1
    outer loop
      vertex 39.977471198804814 0 11.6
      vertex 43.751526125716246 12.549732058481988 11.6
      vertex 43.56312894703114 12.655239548026247 11.6
    endloop
  endfacet
  facet normal 0 0 1
    outer loop
      vertex 39.977471198804814 0 11.6
      vertex 43.56312894703114 12.655239548026247 11.6
      vertex 43.3835905561957 12.775203265468894 11.6
    endloop
  endfacet
  facet normal 0 0 1
    outer loop
      vertex 39.977471198804814 0 11.6
      vertex 43.947620560996 12.459331285593962 11.6
      vertex 43.751526125716246 12.549732058481988 11.6
    endloop
  endfacet
  facet normal 0 0 1
    outer loop
      vertex 39.977471198804814 0 11.6
      vertex 52 0 11.6
      vertex 45 12.25 11.6
    endloop
  endfacet
  facet normal 0 0 1
    outer loop
      vertex 52 0 11.6
      vertex 45.215762513251576 12.258477332233898 11.6
      vertex 45 12.25 11.6
    endloop
  endfacet
  facet normal 0 0 1
    outer loop
      vertex 52 0 11.6
      vertex 45.43019477886064 12.28385706336337 11.6
      vertex 45.215762513251576 12.258477332233898 11.6
    endloop
  endfacet
  facet normal 0 0 1
    outer loop
      vertex 52 0 11.6
      vertex 45.64197475060374 12.325982718906388 11.6
      vertex 45.43019477886064 12.28385706336337 11.6
    endloop
  endfacet
  facet normal 0 0 1
    outer loop
      vertex 52 0 11.6
      vertex 45.849796734531104 12.384594580188327 11.6
      vertex 45.64197475060374 12.325982718906388 11.6
    endloop
  endfacet
  facet normal 0 0 1
    outer loop
      vertex 52 0 11.6
      vertex 46.052379439004 12.459331285593962 11.6
      vertex 45.849796734531104 12.384594580188327 11.6
    endloop
  endfacet
  facet normal 0 0 1
    outer loop
      vertex 52 0 11.6
      vertex 46.248473874283754 12.549732058481988 11.6
      vertex 46.052379439004 12.459331285593962 11.6
    endloop
  endfacet
  facet normal 0 0 1
    outer loop
      vertex 52 0 11.6
      vertex 46.43687105296886 12.655239548026247 11.6
      vertex 46.248473874283754 12.549732058481988 11.6
    endloop
  endfacet
  facet normal 0 0 1
    outer loop
      vertex 52 0 11.6
      vertex 46.6164094438043 12.775203265468894 11.6
      vertex 46.43687105296886 12.655239548026247 11.6
    endloop
  endfacet
  facet normal 0 0 1
    outer loop
      vertex 52 0 11.6
      vertex 46.785982132908 12.908883594599915 11.6
      vertex 46.6164094438043 12.775203265468894 11.6
    endloop
  endfacet
  facet normal 0 0 1
    outer loop
      vertex 52 0 11.6
      vertex 46.94454364826301 13.055456351736995 11.6
      vertex 46.785982132908 12.908883594599915 11.6
    endloop
  endfacet
  facet normal 0 0 1
    outer loop
      vertex 52 0 11.6
      vertex 47.091116405400086 13.214017867091995 11.6
      vertex 46.94454364826301 13.055456351736995 11.6
    endloop
  endfacet
  facet normal 0 0 1
    outer loop
      vertex 52 0 11.6
      vertex 47.224796734531104 13.3835905561957 11.6
      vertex 47.091116405400086 13.214017867091995 11.6
    endloop
  endfacet
  facet normal 0 0 1
    outer loop
      vertex 52 0 11.6
      vertex 47.344760451973755 13.56312894703114 11.6
      vertex 47.224796734531104 13.3835905561957 11.6
    endloop
  endfacet
  facet normal 0 0 1
    outer loop
      vertex 52 0 11.6
      vertex 47.450267941518014 13.751526125716246 11.6
      vertex 47.344760451973755 13.56312894703114 11.6
    endloop
  endfacet
  facet normal 0 0 1
    outer loop
      vertex 52 0 11.6
      vertex 47.54066871440604 13.947620560996004 11.6
      vertex 47.450267941518014 13.751526125716246 11.6
    endloop
  endfacet
  facet normal 0 0 1
    outer loop
      vertex 52 0 11.6
      vertex 47.61540541981167 14.150203265468894 11.6
      vertex 47.54066871440604 13.947620560996004 11.6
    endloop
  endfacet
  facet normal 0 0 1
    outer loop
      vertex 39.977471198804814 0 11.6
      vertex 42.32598271890639 14.35802524939626 11.6
      vertex 42.28385706336337 14.569805221139365 11.6
    endloop
  endfacet
  facet normal 0 0 1
    outer loop
      vertex 39.977471198804814 0 11.6
      vertex 42.38459458018833 14.150203265468894 11.6
      vertex 42.32598271890639 14.35802524939626 11.6
    endloop
  endfacet
  facet normal 0 0 1
    outer loop
      vertex 39.977471198804814 0 11.6
      vertex 42.28385706336337 14.569805221139365 11.6
      vertex 42.258477332233895 14.784237486748426 11.6
    endloop
  endfacet
  facet normal 0 0 1
    outer loop
      vertex 39.977471198804814 0 11.6
      vertex 42.258477332233895 14.784237486748426 11.6
      vertex 42.25 15 11.6
    endloop
  endfacet
  facet normal 0 0 1
    outer loop
      vertex 39.977471198804814 0 11.6
      vertex 42.25 15 11.6
      vertex 42.258477332233895 15.215762513251574 11.6
    endloop
  endfacet
  facet normal 0 0 1
    outer loop
      vertex 39.977471198804814 0 11.6
      vertex 42.258477332233895 15.215762513251574 11.6
      vertex 42.28385706336337 15.430194778860635 11.6
    endloop
  endfacet
  facet normal 0 0 1
    outer loop
      vertex 39.977471198804814 0 11.6
      vertex 42.28385706336337 15.430194778860635 11.6
      vertex 39.977471198804814 30 11.6
    endloop
  endfacet
  facet normal 0 0 1
    outer loop
      vertex 52 0 11.6
      vertex 47.67401728109361 14.35802524939626 11.6
      vertex 47.61540541981167 14.150203265468894 11.6
    endloop
  endfacet
  facet normal 0 0 1
    outer loop
      vertex 52 0 11.6
      vertex 47.71614293663663 14.569805221139365 11.6
      vertex 47.67401728109361 14.35802524939626 11.6
    endloop
  endfacet
  facet normal 0 0 1
    outer loop
      vertex 52 0 11.6
      vertex 47.741522667766105 14.784237486748426 11.6
      vertex 47.71614293663663 14.569805221139365 11.6
    endloop
  endfacet
  facet normal 0 0 1
    outer loop
      vertex 52 0 11.6
      vertex 47.75 15 11.6
      vertex 47.741522667766105 14.784237486748426 11.6
    endloop
  endfacet
  facet normal 0 0 1
    outer loop
      vertex 52 0 11.6
      vertex 47.741522667766105 15.215762513251574 11.6
      vertex 47.75 15 11.6
    endloop
  endfacet
  facet normal 0 0 1
    outer loop
      vertex 52 0 11.6
      vertex 47.71614293663663 15.430194778860635 11.6
      vertex 47.741522667766105 15.215762513251574 11.6
    endloop
  endfacet
  facet normal 0 0 1
    outer loop
      vertex 52 0 11.6
      vertex 52 30 11.6
      vertex 47.71614293663663 15.430194778860635 11.6
    endloop
  endfacet
  facet normal 0 0 1
    outer loop
      vertex 25.947620560996004 17.54066871440604 11.6
      vertex 26.150203265468896 17.615405419811673 11.6
      vertex 28.618033988749893 23.097886967409693 11.6
    endloop
  endfacet
  facet normal 0 0 1
    outer loop
      vertex 26.150203265468896 17.615405419811673 11.6
      vertex 26.35802524939626 17.67401728109361 11.6
      vertex 28.76536686473018 23.152240934977428 11.6
    endloop
  endfacet
  facet normal 0 0 1
    outer loop
      vertex 26.35802524939626 17.67401728109361 11.6
      vertex 26.569805221139365 17.71614293663663 11.6
      vertex 28.76536686473018 23.152240934977428 11.6
    endloop
  endfacet
  facet normal 0 0 1
    outer loop
      vertex 26.569805221139365 17.71614293663663 11.6
      vertex 26.784237486748427 17.7415226677661 11.6
      vertex 29.0449971294319 23.294719671291816 11.6
    endloop
  endfacet
  facet normal 0 0 1
    outer loop
      vertex 25.947620560996004 17.54066871440604 11.6
      vertex 27.092019000520907 23.217986951623264 11.6
      vertex 26.9550028705681 23.294719671291816 11.6
    endloop
  endfacet
  facet normal 0 0 1
    outer loop
      vertex 25.947620560996004 17.54066871440604 11.6
      vertex 27.23463313526982 23.152240934977428 11.6
      vertex 27.092019000520907 23.217986951623264 11.6
    endloop
  endfacet
  facet normal 0 0 1
    outer loop
      vertex 25.947620560996004 17.54066871440604 11.6
      vertex 27.381966011250107 23.097886967409693 11.6
      vertex 27.23463313526982 23.152240934977428 11.6
    endloop
  endfacet
  facet normal 0 0 1
    outer loop
      vertex 25.947620560996004 17.54066871440604 11.6
      vertex 27.53310927228819 23.055260159204646 11.6
      vertex 27.381966011250107 23.097886967409693 11.6
    endloop
  endfacet
  facet normal 0 0 1
    outer loop
      vertex 25.947620560996004 17.54066871440604 11.6
      vertex 27.687131069919538 23.024623318809724 11.6
      vertex 27.53310927228819 23.055260159204646 11.6
    endloop
  endfacet
  facet normal 0 0 1
    outer loop
      vertex 25.947620560996004 17.54066871440604 11.6
      vertex 27.84308180854431 23.006165332533744 11.6
      vertex 27.687131069919538 23.024623318809724 11.6
    endloop
  endfacet
  facet normal 0 0 1
    outer loop
      vertex 25.947620560996004 17.54066871440604 11.6
      vertex 28 23 11.6
      vertex 27.84308180854431 23.006165332533744 11.6
    endloop
  endfacet
  facet normal 0 0 1
    outer loop
      vertex 25.947620560996004 17.54066871440604 11.6
      vertex 28.15691819145569 23.006165332533744 11.6
      vertex 28 23 11.6
    endloop
  endfacet
  facet normal 0 0 1
    outer loop
      vertex 25.947620560996004 17.54066871440604 11.6
      vertex 28.312868930080462 23.024623318809724 11.6
      vertex 28.15691819145569 23.006165332533744 11.6
    endloop
  endfacet
  facet normal 0 0 1
    outer loop
      vertex 25.947620560996004 17.54066871440604 11.6
      vertex 28.46689072771181 23.055260159204646 11.6
      vertex 28.312868930080462 23.024623318809724 11.6
    endloop
  endfacet
  facet normal 0 0 1
    outer loop
      vertex 26.784237486748427 17.7415226677661 11.6
      vertex 27 17.75 11.6
      vertex 29.175570504584947 23.381966011250107 11.6
    endloop
  endfacet
  facet normal 0 0 1
    outer loop
      vertex 27 17.75 11.6
      vertex 27.215762513251573 17.7415226677661 11.6
      vertex 29.298896096660368 23.47918806879994 11.6
    endloop
  endfacet
  facet normal 0 0 1
    outer loop
      vertex 27.215762513251573 17.7415226677661 11.6
      vertex 27.430194778860635 17.71614293663663 11.6
      vertex 29.52081193120006 23.701103903339632 11.6
    endloop
  endfacet
  facet normal 0 0 1
    outer loop
      vertex 25.947620560996004 17.54066871440604 11.6
      vertex 28.618033988749893 23.097886967409693 11.6
      vertex 28.46689072771181 23.055260159204646 11.6
    endloop
  endfacet
  facet normal 0 0 1
    outer loop
      vertex 26.150203265468896 17.615405419811673 11.6
      vertex 28.76536686473018 23.152240934977428 11.6
      vertex 28.618033988749893 23.097886967409693 11.6
    endloop
  endfacet
  facet normal 0 0 1
    outer loop
      vertex 26.569805221139365 17.71614293663663 11.6
      vertex 28.907980999479093 23.217986951623264 11.6
      vertex 28.76536686473018 23.152240934977428 11.6
    endloop
  endfacet
  facet normal 0 0 1
    outer loop
      vertex 25.947620560996004 17.54066871440604 11.6
      vertex 26.824429495415053 23.381966011250107 11.6
      vertex 26.701103903339632 23.47918806879994 11.6
    endloop
  endfacet
  facet normal 0 0 1
    outer loop
      vertex 25.947620560996004 17.54066871440604 11.6
      vertex 26.9550028705681 23.294719671291816 11.6
      vertex 26.824429495415053 23.381966011250107 11.6
    endloop
  endfacet
  facet normal 0 0 1
    outer loop
      vertex 26.569805221139365 17.71614293663663 11.6
      vertex 29.0449971294319 23.294719671291816 11.6
      vertex 28.907980999479093 23.217986951623264 11.6
    endloop
  endfacet
  facet normal 0 0 1
    outer loop
      vertex 26.784237486748427 17.7415226677661 11.6
      vertex 29.175570504584947 23.381966011250107 11.6
      vertex 29.0449971294319 23.294719671291816 11.6
    endloop
  endfacet
  facet normal 0 0 1
    outer loop
      vertex 27 17.75 11.6
      vertex 29.298896096660368 23.47918806879994 11.6
      vertex 29.175570504584947 23.381966011250107 11.6
    endloop
  endfacet
  facet normal 0 0 1
    outer loop
      vertex 27.215762513251573 17.7415226677661 11.6
      vertex 29.414213562373096 23.585786437626904 11.6
      vertex 29.298896096660368 23.47918806879994 11.6
    endloop
  endfacet
  facet normal 0 0 1
    outer loop
      vertex 27.215762513251573 17.7415226677661 11.6
      vertex 29.52081193120006 23.701103903339632 11.6
      vertex 29.414213562373096 23.585786437626904 11.6
    endloop
  endfacet
  facet normal 0 0 1
    outer loop
      vertex 27.430194778860635 17.71614293663663 11.6
      vertex 29.618033988749893 23.824429495415053 11.6
      vertex 29.52081193120006 23.701103903339632 11.6
    endloop
  endfacet
  facet normal 0 0 1
    outer loop
      vertex 27.430194778860635 17.71614293663663 11.6
      vertex 27.64197475060374 17.67401728109361 11.6
      vertex 32.022528801195186 30 11.6
    endloop
  endfacet
  facet normal 0 0 1
    outer loop
      vertex 27.430194778860635 17.71614293663663 11.6
      vertex 29.705280328708184 23.9550028705681 11.6
      vertex 29.618033988749893 23.824429495415053 11.6
    endloop
  endfacet
  facet normal 0 0 1
    outer loop
      vertex 27.430194778860635 17.71614293663663 11.6
      vertex 29.782013048376736 24.092019000520907 11.6
      vertex 29.705280328708184 23.9550028705681 11.6
    endloop
  endfacet
  facet normal 0 0 1
    outer loop
      vertex 27.64197475060374 17.67401728109361 11.6
      vertex 27.849796734531104 17.615405419811673 11.6
      vertex 32.022528801195186 30 11.6
    endloop
  endfacet
  facet normal 0 0 1
    outer loop
      vertex 27.430194778860635 17.71614293663663 11.6
      vertex 29.847759065022572 24.23463313526982 11.6
      vertex 29.782013048376736 24.092019000520907 11.6
    endloop
  endfacet
  facet normal 0 0 1
    outer loop
      vertex 29.71614293663663 14.569805221139365 11.6
      vertex 32.022528801195186 30 11.6
      vertex 29.7415226677661 14.784237486748426 11.6
    endloop
  endfacet
  facet normal 0 0 1
    outer loop
      vertex 29.7415226677661 14.784237486748426 11.6
      vertex 32.022528801195186 30 11.6
      vertex 29.75 15 11.6
    endloop
  endfacet
  facet normal 0 0 1
    outer loop
      vertex 29.75 15 11.6
      vertex 32.022528801195186 30 11.6
      vertex 29.7415226677661 15.215762513251574 11.6
    endloop
  endfacet
  facet normal 0 0 1
    outer loop
      vertex 28.785982132908003 17.091116405400086 11.6
      vertex 28.944543648263007 16.944543648263007 11.6
      vertex 32.022528801195186 30 11.6
    endloop
  endfacet
  facet normal 0 0 1
    outer loop
      vertex 29.091116405400086 16.785982132908003 11.6
      vertex 32.022528801195186 30 11.6
      vertex 28.944543648263007 16.944543648263007 11.6
    endloop
  endfacet
  facet normal 0 0 1
    outer loop
      vertex 29.615405419811673 15.849796734531106 11.6
      vertex 29.67401728109361 15.64197475060374 11.6
      vertex 32.022528801195186 30 11.6
    endloop
  endfacet
  facet normal 0 0 1
    outer loop
      vertex 29.45026794151801 16.248473874283754 11.6
      vertex 29.54066871440604 16.052379439003996 11.6
      vertex 32.022528801195186 30 11.6
    endloop
  endfacet
  facet normal 0 0 1
    outer loop
      vertex 29.615405419811673 15.849796734531106 11.6
      vertex 32.022528801195186 30 11.6
      vertex 29.54066871440604 16.052379439003996 11.6
    endloop
  endfacet
  facet normal 0 0 1
    outer loop
      vertex 29.7415226677661 15.215762513251574 11.6
      vertex 32.022528801195186 30 11.6
      vertex 29.71614293663663 15.430194778860635 11.6
    endloop
  endfacet
  facet normal 0 0 1
    outer loop
      vertex 29.71614293663663 15.430194778860635 11.6
      vertex 32.022528801195186 30 11.6
      vertex 29.67401728109361 15.64197475060374 11.6
    endloop
  endfacet
  facet normal 0 0 1
    outer loop
      vertex 29.224796734531104 16.6164094438043 11.6
      vertex 29.344760451973755 16.436871052968858 11.6
      vertex 32.022528801195186 30 11.6
    endloop
  endfacet
  facet normal 0 0 1
    outer loop
      vertex 29.45026794151801 16.248473874283754 11.6
      vertex 32.022528801195186 30 11.6
      vertex 29.344760451973755 16.436871052968858 11.6
    endloop
  endfacet
  facet normal 0 0 1
    outer loop
      vertex 29.224796734531104 16.6164094438043 11.6
      vertex 32.022528801195186 30 11.6
      vertex 29.091116405400086 16.785982132908003 11.6
    endloop
  endfacet
  facet normal 0 0 1
    outer loop
      vertex 28.248473874283754 17.45026794151801 11.6
      vertex 32.022528801195186 30 11.6
      vertex 28.052379439003996 17.54066871440604 11.6
    endloop
  endfacet
  facet normal 0 0 1
    outer loop
      vertex 28.436871052968858 17.344760451973755 11.6
      vertex 32.022528801195186 30 11.6
      vertex 28.248473874283754 17.45026794151801 11.6
    endloop
  endfacet
  facet normal 0 0 1
    outer loop
      vertex 27.849796734531104 17.615405419811673 11.6
      vertex 28.052379439003996 17.54066871440604 11.6
      vertex 32.022528801195186 30 11.6
    endloop
  endfacet
  facet normal 0 0 1
    outer loop
      vertex 28.436871052968858 17.344760451973755 11.6
      vertex 28.6164094438043 17.224796734531104 11.6
      vertex 32.022528801195186 30 11.6
    endloop
  endfacet
  facet normal 0 0 1
    outer loop
      vertex 28.785982132908003 17.091116405400086 11.6
      vertex 32.022528801195186 30 11.6
      vertex 28.6164094438043 17.224796734531104 11.6
    endloop
  endfacet
  facet normal 0 0 1
    outer loop
      vertex 28.015716042803067 30 11.6
      vertex 26.152240934977428 25.76536686473018 11.6
      vertex 26.217986951623264 25.907980999479093 11.6
    endloop
  endfacet
  facet normal 0 0 1
    outer loop
      vertex 28.015716042803067 30 11.6
      vertex 26.217986951623264 25.907980999479093 11.6
      vertex 26.294719671291816 26.0449971294319 11.6
    endloop
  endfacet
  facet normal 0 0 1
    outer loop
      vertex 28.015716042803067 30 11.6
      vertex 26.294719671291816 26.0449971294319 11.6
      vertex 26.381966011250107 26.175570504584947 11.6
    endloop
  endfacet
  facet normal 0 0 1
    outer loop
      vertex 28.015716042803067 30 11.6
      vertex 26.381966011250107 26.175570504584947 11.6
      vertex 26.47918806879994 26.298896096660368 11.6
    endloop
  endfacet
  facet normal 0 0 1
    outer loop
      vertex 28.015716042803067 30 11.6
      vertex 26.47918806879994 26.298896096660368 11.6
      vertex 26.585786437626904 26.414213562373096 11.6
    endloop
  endfacet
  facet normal 0 0 1
    outer loop
      vertex 30.015716042803067 32 11.6
      vertex 26.585786437626904 26.414213562373096 11.6
      vertex 26.701103903339632 26.52081193120006 11.6
    endloop
  endfacet
  facet normal 0 0 1
    outer loop
      vertex 30.015716042803067 32 11.6
      vertex 26.701103903339632 26.52081193120006 11.6
      vertex 26.824429495415053 26.618033988749893 11.6
    endloop
  endfacet
  facet normal 0 0 1
    outer loop
      vertex 30.015716042803067 32 11.6
      vertex 26.824429495415053 26.618033988749893 11.6
      vertex 26.9550028705681 26.705280328708184 11.6
    endloop
  endfacet
  facet normal 0 0 1
    outer loop
      vertex 30.015716042803067 32 11.6
      vertex 26.9550028705681 26.705280328708184 11.6
      vertex 27.092019000520907 26.782013048376736 11.6
    endloop
  endfacet
  facet normal 0 0 1
    outer loop
      vertex 27.430194778860635 17.71614293663663 11.6
      vertex 32.022528801195186 30 11.6
      vertex 29.847759065022572 24.23463313526982 11.6
    endloop
  endfacet
  facet normal 0 0 1
    outer loop
      vertex 32.022528801195186 30 11.6
      vertex 29.902113032590307 24.381966011250107 11.6
      vertex 29.847759065022572 24.23463313526982 11.6
    endloop
  endfacet
  facet normal 0 0 1
    outer loop
      vertex 32.022528801195186 30 11.6
      vertex 29.944739840795354 24.53310927228819 11.6
      vertex 29.902113032590307 24.381966011250107 11.6
    endloop
  endfacet
  facet normal 0 0 1
    outer loop
      vertex 32.022528801195186 30 11.6
      vertex 29.975376681190276 24.687131069919538 11.6
      vertex 29.944739840795354 24.53310927228819 11.6
    endloop
  endfacet
  facet normal 0 0 1
    outer loop
      vertex 32.022528801195186 30 11.6
      vertex 29.993834667466256 24.84308180854431 11.6
      vertex 29.975376681190276 24.687131069919538 11.6
    endloop
  endfacet
  facet normal 0 0 1
    outer loop
      vertex 32.022528801195186 30 11.6
      vertex 30 25 11.6
      vertex 29.993834667466256 24.84308180854431 11.6
    endloop
  endfacet
  facet normal 0 0 1
    outer loop
      vertex 32.022528801195186 30 11.6
      vertex 29.975376681190276 25.312868930080462 11.6
      vertex 29.993834667466256 25.15691819145569 11.6
    endloop
  endfacet
  facet normal 0 0 1
    outer loop
      vertex 32.022528801195186 30 11.6
      vertex 29.944739840795354 25.46689072771181 11.6
      vertex 29.975376681190276 25.312868930080462 11.6
    endloop
  endfacet
  facet normal 0 0 1
    outer loop
      vertex 32.022528801195186 30 11.6
      vertex 29.993834667466256 25.15691819145569 11.6
      vertex 30 25 11.6
    endloop
  endfacet
  facet normal 0 0 1
    outer loop
      vertex 32.022528801195186 30 11.6
      vertex 29.902113032590307 25.618033988749893 11.6
      vertex 29.944739840795354 25.46689072771181 11.6
    endloop
  endfacet
  facet normal 0 0 1
    outer loop
      vertex 32.022528801195186 30 11.6
      vertex 29.847759065022572 25.76536686473018 11.6
      vertex 29.902113032590307 25.618033988749893 11.6
    endloop
  endfacet
  facet normal 0 0 1
    outer loop
      vertex 32.022528801195186 30 11.6
      vertex 29.782013048376736 25.907980999479093 11.6
      vertex 29.847759065022572 25.76536686473018 11.6
    endloop
  endfacet
  facet normal 0 0 1
    outer loop
      vertex 32.022528801195186 30 11.6
      vertex 28.76536686473018 26.847759065022572 11.6
      vertex 28.907980999479093 26.782013048376736 11.6
    endloop
  endfacet
  facet normal 0 0 1
    outer loop
      vertex 32.022528801195186 30 11.6
      vertex 28.907980999479093 26.782013048376736 11.6
      vertex 29.0449971294319 26.705280328708184 11.6
    endloop
  endfacet
  facet normal 0 0 1
    outer loop
      vertex 32.022528801195186 30 11.6
      vertex 28.312868930080462 26.975376681190276 11.6
      vertex 28.46689072771181 26.944739840795354 11.6
    endloop
  endfacet
  facet normal 0 0 1
    outer loop
      vertex 32.022528801195186 30 11.6
      vertex 28.46689072771181 26.944739840795354 11.6
      vertex 28.618033988749893 26.902113032590307 11.6
    endloop
  endfacet
  facet normal 0 0 1
    outer loop
      vertex 32.022528801195186 30 11.6
      vertex 28.618033988749893 26.902113032590307 11.6
      vertex 28.76536686473018 26.847759065022572 11.6
    endloop
  endfacet
  facet normal 0 0 1
    outer loop
      vertex 32.022528801195186 30 11.6
      vertex 29.618033988749893 26.175570504584947 11.6
      vertex 29.705280328708184 26.0449971294319 11.6
    endloop
  endfacet
  facet normal 0 0 1
    outer loop
      vertex 32.022528801195186 30 11.6
      vertex 29.414213562373096 26.414213562373096 11.6
      vertex 29.52081193120006 26.298896096660368 11.6
    endloop
  endfacet
  facet normal 0 0 1
    outer loop
      vertex 32.022528801195186 30 11.6
      vertex 29.52081193120006 26.298896096660368 11.6
      vertex 29.618033988749893 26.175570504584947 11.6
    endloop
  endfacet
  facet normal 0 0 1
    outer loop
      vertex 32.022528801195186 30 11.6
      vertex 29.298896096660368 26.52081193120006 11.6
      vertex 29.414213562373096 26.414213562373096 11.6
    endloop
  endfacet
  facet normal 0 0 1
    outer loop
      vertex 32.022528801195186 30 11.6
      vertex 29.175570504584947 26.618033988749893 11.6
      vertex 29.298896096660368 26.52081193120006 11.6
    endloop
  endfacet
  facet normal 0 0 1
    outer loop
      vertex 32.022528801195186 30 11.6
      vertex 29.0449971294319 26.705280328708184 11.6
      vertex 29.175570504584947 26.618033988749893 11.6
    endloop
  endfacet
  facet normal 0 0 1
    outer loop
      vertex 32.022528801195186 30 11.6
      vertex 29.705280328708184 26.0449971294319 11.6
      vertex 29.782013048376736 25.907980999479093 11.6
    endloop
  endfacet
  facet normal 0 0 1
    outer loop
      vertex 30.015716042803067 32 11.6
      vertex 27.092019000520907 26.782013048376736 11.6
      vertex 27.23463313526982 26.847759065022572 11.6
    endloop
  endfacet
  facet normal 0 0 1
    outer loop
      vertex 30.015716042803067 32 11.6
      vertex 27.23463313526982 26.847759065022572 11.6
      vertex 27.381966011250107 26.902113032590307 11.6
    endloop
  endfacet
  facet normal 0 0 1
    outer loop
      vertex 30.015716042803067 32 11.6
      vertex 27.381966011250107 26.902113032590307 11.6
      vertex 27.53310927228819 26.944739840795354 11.6
    endloop
  endfacet
  facet normal 0 0 1
    outer loop
      vertex 30.015716042803067 32 11.6
      vertex 27.53310927228819 26.944739840795354 11.6
      vertex 27.687131069919538 26.975376681190276 11.6
    endloop
  endfacet
  facet normal 0 0 1
    outer loop
      vertex 28.015716042803067 30 11.6
      vertex 26.585786437626904 26.414213562373096 11.6
      vertex 30.015716042803067 32 11.6
    endloop
  endfacet
  facet normal 0 0 1
    outer loop
      vertex 30.015716042803067 32 11.6
      vertex 27.687131069919538 26.975376681190276 11.6
      vertex 27.84308180854431 26.993834667466256 11.6
    endloop
  endfacet
  facet normal 0 0 1
    outer loop
      vertex 30.015716042803067 32 11.6
      vertex 27.84308180854431 26.993834667466256 11.6
      vertex 28 27 11.6
    endloop
  endfacet
  facet normal 0 0 1
    outer loop
      vertex 30.015716042803067 32 11.6
      vertex 28 27 11.6
      vertex 28.15691819145569 26.993834667466256 11.6
    endloop
  endfacet
  facet normal 0 0 1
    outer loop
      vertex 30.015716042803067 32 11.6
      vertex 28.15691819145569 26.993834667466256 11.6
      vertex 28.312868930080462 26.975376681190276 11.6
    endloop
  endfacet
  facet normal 0 0 1
    outer loop
      vertex 32.022528801195186 30 11.6
      vertex 32.022528801195186 32 11.6
      vertex 28.312868930080462 26.975376681190276 11.6
    endloop
  endfacet
  facet normal 0 0 1
    outer loop
      vertex 30.015716042803067 32 11.6
      vertex 28.312868930080462 26.975376681190276 11.6
      vertex 32.022528801195186 32 11.6
    endloop
  endfacet
  facet normal 0 0 1
    outer loop
      vertex 42.28385706336337 15.430194778860635 11.6
      vertex 42.32598271890639 15.64197475060374 11.6
      vertex 39.977471198804814 30 11.6
    endloop
  endfacet
  facet normal 0 0 1
    outer loop
      vertex 42.32598271890639 15.64197475060374 11.6
      vertex 42.38459458018833 15.849796734531106 11.6
      vertex 39.977471198804814 30 11.6
    endloop
  endfacet
  facet normal 0 0 1
    outer loop
      vertex 42.38459458018833 15.849796734531106 11.6
      vertex 42.45933128559396 16.052379439003996 11.6
      vertex 39.977471198804814 30 11.6
    endloop
  endfacet
  facet normal 0 0 1
    outer loop
      vertex 42.45933128559396 16.052379439003996 11.6
      vertex 42.549732058481986 16.248473874283754 11.6
      vertex 39.977471198804814 30 11.6
    endloop
  endfacet
  facet normal 0 0 1
    outer loop
      vertex 42.549732058481986 16.248473874283754 11.6
      vertex 42.655239548026245 16.436871052968858 11.6
      vertex 39.977471198804814 30 11.6
    endloop
  endfacet
  facet normal 0 0 1
    outer loop
      vertex 42.655239548026245 16.436871052968858 11.6
      vertex 42.775203265468896 16.6164094438043 11.6
      vertex 39.977471198804814 30 11.6
    endloop
  endfacet
  facet normal 0 0 1
    outer loop
      vertex 42.775203265468896 16.6164094438043 11.6
      vertex 42.908883594599914 16.785982132908003 11.6
      vertex 39.977471198804814 30 11.6
    endloop
  endfacet
  facet normal 0 0 1
    outer loop
      vertex 42.908883594599914 16.785982132908003 11.6
      vertex 43.05545635173699 16.944543648263007 11.6
      vertex 39.977471198804814 30 11.6
    endloop
  endfacet
  facet normal 0 0 1
    outer loop
      vertex 43.05545635173699 16.944543648263007 11.6
      vertex 43.214017867092 17.091116405400086 11.6
      vertex 39.977471198804814 30 11.6
    endloop
  endfacet
  facet normal 0 0 1
    outer loop
      vertex 43.214017867092 17.091116405400086 11.6
      vertex 43.3835905561957 17.224796734531104 11.6
      vertex 39.977471198804814 30 11.6
    endloop
  endfacet
  facet normal 0 0 1
    outer loop
      vertex 43.3835905561957 17.224796734531104 11.6
      vertex 43.56312894703114 17.344760451973755 11.6
      vertex 39.977471198804814 30 11.6
    endloop
  endfacet
  facet normal 0 0 1
    outer loop
      vertex 43.56312894703114 17.344760451973755 11.6
      vertex 43.751526125716246 17.45026794151801 11.6
      vertex 46.491845121678764 30 11.6
    endloop
  endfacet
  facet normal 0 0 1
    outer loop
      vertex 43.751526125716246 17.45026794151801 11.6
      vertex 43.947620560996 17.54066871440604 11.6
      vertex 46.491845121678764 30 11.6
    endloop
  endfacet
  facet normal 0 0 1
    outer loop
      vertex 43.947620560996 17.54066871440604 11.6
      vertex 44.150203265468896 17.615405419811673 11.6
      vertex 46.491845121678764 30 11.6
    endloop
  endfacet
  facet normal 0 0 1
    outer loop
      vertex 44.150203265468896 17.615405419811673 11.6
      vertex 44.35802524939626 17.67401728109361 11.6
      vertex 46.491845121678764 30 11.6
    endloop
  endfacet
  facet normal 0 0 1
    outer loop
      vertex 44.35802524939626 17.67401728109361 11.6
      vertex 44.56980522113936 17.71614293663663 11.6
      vertex 46.491845121678764 30 11.6
    endloop
  endfacet
  facet normal 0 0 1
    outer loop
      vertex 44.56980522113936 17.71614293663663 11.6
      vertex 44.784237486748424 17.7415226677661 11.6
      vertex 46.491845121678764 30 11.6
    endloop
  endfacet
  facet normal 0 0 1
    outer loop
      vertex 44.784237486748424 17.7415226677661 11.6
      vertex 45 17.75 11.6
      vertex 46.491845121678764 30 11.6
    endloop
  endfacet
  facet normal 0 0 1
    outer loop
      vertex 43.56312894703114 17.344760451973755 11.6
      vertex 46.491845121678764 30 11.6
      vertex 39.977471198804814 30 11.6
    endloop
  endfacet
  facet normal 0 0 1
    outer loop
      vertex 46.785982132908 17.091116405400086 11.6
      vertex 46.94454364826301 16.944543648263007 11.6
      vertex 52 30 11.6
    endloop
  endfacet
  facet normal 0 0 1
    outer loop
      vertex 47.091116405400086 16.785982132908003 11.6
      vertex 52 30 11.6
      vertex 46.94454364826301 16.944543648263007 11.6
    endloop
  endfacet
  facet normal 0 0 1
    outer loop
      vertex 45 17.75 11.6
      vertex 45.215762513251576 17.7415226677661 11.6
      vertex 46.491845121678764 30 11.6
    endloop
  endfacet
  facet normal 0 0 1
    outer loop
      vertex 45.215762513251576 17.7415226677661 11.6
      vertex 45.43019477886064 17.71614293663663 11.6
      vertex 46.491845121678764 30 11.6
    endloop
  endfacet
  facet normal 0 0 1
    outer loop
      vertex 45.43019477886064 17.71614293663663 11.6
      vertex 45.64197475060374 17.67401728109361 11.6
      vertex 52 30 11.6
    endloop
  endfacet
  facet normal 0 0 1
    outer loop
      vertex 45.64197475060374 17.67401728109361 11.6
      vertex 45.849796734531104 17.615405419811673 11.6
      vertex 52 30 11.6
    endloop
  endfacet
  facet normal 0 0 1
    outer loop
      vertex 46.248473874283754 17.45026794151801 11.6
      vertex 52 30 11.6
      vertex 46.052379439004 17.54066871440604 11.6
    endloop
  endfacet
  facet normal 0 0 1
    outer loop
      vertex 46.248473874283754 17.45026794151801 11.6
      vertex 46.43687105296886 17.344760451973755 11.6
      vertex 52 30 11.6
    endloop
  endfacet
  facet normal 0 0 1
    outer loop
      vertex 45.849796734531104 17.615405419811673 11.6
      vertex 46.052379439004 17.54066871440604 11.6
      vertex 52 30 11.6
    endloop
  endfacet
  facet normal 0 0 1
    outer loop
      vertex 46.43687105296886 17.344760451973755 11.6
      vertex 46.6164094438043 17.224796734531104 11.6
      vertex 52 30 11.6
    endloop
  endfacet
  facet normal 0 0 1
    outer loop
      vertex 46.785982132908 17.091116405400086 11.6
      vertex 52 30 11.6
      vertex 46.6164094438043 17.224796734531104 11.6
    endloop
  endfacet
  facet normal 0 0 1
    outer loop
      vertex 47.71614293663663 15.430194778860635 11.6
      vertex 52 30 11.6
      vertex 47.67401728109361 15.64197475060374 11.6
    endloop
  endfacet
  facet normal 0 0 1
    outer loop
      vertex 47.67401728109361 15.64197475060374 11.6
      vertex 52 30 11.6
      vertex 47.61540541981167 15.849796734531106 11.6
    endloop
  endfacet
  facet normal 0 0 1
    outer loop
      vertex 47.61540541981167 15.849796734531106 11.6
      vertex 52 30 11.6
      vertex 47.54066871440604 16.052379439003996 11.6
    endloop
  endfacet
  facet normal 0 0 1
    outer loop
      vertex 47.450267941518014 16.248473874283754 11.6
      vertex 47.54066871440604 16.052379439003996 11.6
      vertex 52 30 11.6
    endloop
  endfacet
  facet normal 0 0 1
    outer loop
      vertex 47.450267941518014 16.248473874283754 11.6
      vertex 52 30 11.6
      vertex 47.344760451973755 16.436871052968858 11.6
    endloop
  endfacet
  facet normal 0 0 1
    outer loop
      vertex 47.224796734531104 16.6164094438043 11.6
      vertex 47.344760451973755 16.436871052968858 11.6
      vertex 52 30 11.6
    endloop
  endfacet
  facet normal 0 0 1
    outer loop
      vertex 47.224796734531104 16.6164094438043 11.6
      vertex 52 30 11.6
      vertex 47.091116405400086 16.785982132908003 11.6
    endloop
  endfacet
  facet normal 0 0 1
    outer loop
      vertex 45.43019477886064 17.71614293663663 11.6
      vertex 52 30 11.6
      vertex 46.491845121678764 30 11.6
    endloop
  endfacet
  facet normal 0 0 1
    outer loop
      vertex 39.977471198804814 30 11.6
      vertex 46.491845121678764 30 11.6
      vertex 39.977471198804814 32 11.6
    endloop
  endfacet
  facet normal 0 0 1
    outer loop
      vertex 39.977471198804814 32 11.6
      vertex 46.491845121678764 30 11.6
      vertex 40.48150581233889 32 11.6
    endloop
  endfacet
  facet normal 0 0 1
    outer loop
      vertex 40.48150581233889 32 11.6
      vertex 46.491845121678764 30 11.6
      vertex 40.48150581233889 38 11.6
    endloop
  endfacet
  facet normal 0 0 1
    outer loop
      vertex 40.48150581233889 38 11.6
      vertex 46.491845121678764 30 11.6
      vertex 46.491845121678764 38 11.6
    endloop
  endfacet
  facet normal 0 0 1
    outer loop
      vertex 26.701103903339632 3.479188068799938 16
      vertex 26.824429495415053 3.381966011250105 16
      vertex 29.298896096660368 3.479188068799938 16
    endloop
  endfacet
  facet normal 0 0 1
    outer loop
      vertex 26.585786437626904 3.585786437626905 16
      vertex 26.701103903339632 3.479188068799938 16
      vertex 29.414213562373096 3.585786437626905 16
    endloop
  endfacet
  facet normal 0 0 1
    outer loop
      vertex 26.47918806879994 3.7011039033396327 16
      vertex 26.585786437626904 3.585786437626905 16
      vertex 29.52081193120006 3.7011039033396327 16
    endloop
  endfacet
  facet normal 0 0 1
    outer loop
      vertex 26.47918806879994 3.7011039033396327 16
      vertex 29.618033988749893 3.8244294954150537 16
      vertex 26.381966011250107 3.8244294954150537 16
    endloop
  endfacet
  facet normal 0 0 1
    outer loop
      vertex 26.294719671291816 3.9550028705681024 16
      vertex 26.381966011250107 3.8244294954150537 16
      vertex 29.705280328708184 3.9550028705681024 16
    endloop
  endfacet
  facet normal 0 0 1
    outer loop
      vertex 26.217986951623264 4.0920190005209065 16
      vertex 26.294719671291816 3.9550028705681024 16
      vertex 29.782013048376736 4.0920190005209065 16
    endloop
  endfacet
  facet normal 0 0 1
    outer loop
      vertex 26.152240934977428 4.234633135269821 16
      vertex 26.217986951623264 4.0920190005209065 16
      vertex 29.847759065022572 4.234633135269821 16
    endloop
  endfacet
  facet normal 0 0 1
    outer loop
      vertex 26.097886967409693 4.381966011250105 16
      vertex 26.152240934977428 4.234633135269821 16
      vertex 29.902113032590307 4.381966011250105 16
    endloop
  endfacet
  facet normal 0 0 1
    outer loop
      vertex 26.097886967409693 4.381966011250105 16
      vertex 29.944739840795354 4.533109272288189 16
      vertex 26.055260159204646 4.533109272288189 16
    endloop
  endfacet
  facet normal 0 0 1
    outer loop
      vertex 26.024623318809724 4.6871310699195385 16
      vertex 26.055260159204646 4.533109272288189 16
      vertex 29.975376681190276 4.6871310699195385 16
    endloop
  endfacet
  facet normal 0 0 1
    outer loop
      vertex 27.23463313526982 3.1522409349774265 16
      vertex 27.381966011250107 3.0978869674096927 16
      vertex 28.76536686473018 3.1522409349774265 16
    endloop
  endfacet
  facet normal 0 0 1
    outer loop
      vertex 27.092019000520907 3.2179869516232644 16
      vertex 27.23463313526982 3.1522409349774265 16
      vertex 28.907980999479093 3.2179869516232644 16
    endloop
  endfacet
  facet normal 0 0 1
    outer loop
      vertex 27.381966011250107 3.0978869674096927 16
      vertex 27.53310927228819 3.055260159204647 16
      vertex 28.618033988749893 3.0978869674096927 16
    endloop
  endfacet
  facet normal 0 0 1
    outer loop
      vertex 27.53310927228819 3.055260159204647 16
      vertex 27.687131069919538 3.0246233188097245 16
      vertex 28.46689072771181 3.055260159204647 16
    endloop
  endfacet
  facet normal 0 0 1
    outer loop
      vertex 27.687131069919538 3.0246233188097245 16
      vertex 27.84308180854431 3.006165332533744 16
      vertex 28.312868930080462 3.0246233188097245 16
    endloop
  endfacet
  facet normal 0 0 1
    outer loop
      vertex 27.84308180854431 3.006165332533744 16
      vertex 28 3 16
      vertex 28.15691819145569 3.006165332533744 16
    endloop
  endfacet
  facet normal 0 0 1
    outer loop
      vertex 26.9550028705681 3.2947196712918156 16
      vertex 27.092019000520907 3.2179869516232644 16
      vertex 29.0449971294319 3.2947196712918156 16
    endloop
  endfacet
  facet normal 0 0 1
    outer loop
      vertex 26.824429495415053 3.381966011250105 16
      vertex 26.9550028705681 3.2947196712918156 16
      vertex 29.175570504584947 3.381966011250105 16
    endloop
  endfacet
  facet normal 0 0 1
    outer loop
      vertex 27.84308180854431 3.006165332533744 16
      vertex 28.15691819145569 3.006165332533744 16
      vertex 28.312868930080462 3.0246233188097245 16
    endloop
  endfacet
  facet normal 0 0 1
    outer loop
      vertex 27.687131069919538 3.0246233188097245 16
      vertex 28.312868930080462 3.0246233188097245 16
      vertex 28.46689072771181 3.055260159204647 16
    endloop
  endfacet
  facet normal 0 0 1
    outer loop
      vertex 27.53310927228819 3.055260159204647 16
      vertex 28.46689072771181 3.055260159204647 16
      vertex 28.618033988749893 3.0978869674096927 16
    endloop
  endfacet
  facet normal 0 0 1
    outer loop
      vertex 27.381966011250107 3.0978869674096927 16
      vertex 28.618033988749893 3.0978869674096927 16
      vertex 28.76536686473018 3.1522409349774265 16
    endloop
  endfacet
  facet normal 0 0 1
    outer loop
      vertex 27.23463313526982 3.1522409349774265 16
      vertex 28.76536686473018 3.1522409349774265 16
      vertex 28.907980999479093 3.2179869516232644 16
    endloop
  endfacet
  facet normal 0 0 1
    outer loop
      vertex 27.092019000520907 3.2179869516232644 16
      vertex 28.907980999479093 3.2179869516232644 16
      vertex 29.0449971294319 3.2947196712918156 16
    endloop
  endfacet
  facet normal 0 0 1
    outer loop
      vertex 26.9550028705681 3.2947196712918156 16
      vertex 29.0449971294319 3.2947196712918156 16
      vertex 29.175570504584947 3.381966011250105 16
    endloop
  endfacet
  facet normal 0 0 1
    outer loop
      vertex 26.824429495415053 3.381966011250105 16
      vertex 29.175570504584947 3.381966011250105 16
      vertex 29.298896096660368 3.479188068799938 16
    endloop
  endfacet
  facet normal 0 0 1
    outer loop
      vertex 26.701103903339632 3.479188068799938 16
      vertex 29.298896096660368 3.479188068799938 16
      vertex 29.414213562373096 3.585786437626905 16
    endloop
  endfacet
  facet normal 0 0 1
    outer loop
      vertex 26.585786437626904 3.585786437626905 16
      vertex 29.414213562373096 3.585786437626905 16
      vertex 29.52081193120006 3.7011039033396327 16
    endloop
  endfacet
  facet normal 0 0 1
    outer loop
      vertex 26.47918806879994 3.7011039033396327 16
      vertex 29.52081193120006 3.7011039033396327 16
      vertex 29.618033988749893 3.8244294954150537 16
    endloop
  endfacet
  facet normal 0 0 1
    outer loop
      vertex 26.381966011250107 3.8244294954150537 16
      vertex 29.618033988749893 3.8244294954150537 16
      vertex 29.705280328708184 3.9550028705681024 16
    endloop
  endfacet
  facet normal 0 0 1
    outer loop
      vertex 26.294719671291816 3.9550028705681024 16
      vertex 29.705280328708184 3.9550028705681024 16
      vertex 29.782013048376736 4.0920190005209065 16
    endloop
  endfacet
  facet normal 0 0 1
    outer loop
      vertex 26.217986951623264 4.0920190005209065 16
      vertex 29.782013048376736 4.0920190005209065 16
      vertex 29.847759065022572 4.234633135269821 16
    endloop
  endfacet
  facet normal 0 0 1
    outer loop
      vertex 26.152240934977428 4.234633135269821 16
      vertex 29.847759065022572 4.234633135269821 16
      vertex 29.902113032590307 4.381966011250105 16
    endloop
  endfacet
  facet normal 0 0 1
    outer loop
      vertex 26.097886967409693 4.381966011250105 16
      vertex 29.902113032590307 4.381966011250105 16
      vertex 29.944739840795354 4.533109272288189 16
    endloop
  endfacet
  facet normal 0 0 1
    outer loop
      vertex 26.055260159204646 4.533109272288189 16
      vertex 29.944739840795354 4.533109272288189 16
      vertex 29.975376681190276 4.6871310699195385 16
    endloop
  endfacet
  facet normal 0 0 1
    outer loop
      vertex 26.024623318809724 4.6871310699195385 16
      vertex 29.975376681190276 4.6871310699195385 16
      vertex 29.993834667466256 4.84308180854431 16
    endloop
  endfacet
  facet normal -0.6788007455329419 -0.7343225094356853 0
    outer loop
      vertex 26.585786437626904 3.585786437626905 16
      vertex 26.585786437626904 3.585786437626905 11.6
      vertex 26.701103903339632 3.479188068799938 16
    endloop
  endfacet
  facet normal -0.6190939493098335 -0.7853169308807454 0
    outer loop
      vertex 26.701103903339632 3.479188068799938 16
      vertex 26.701103903339632 3.479188068799938 11.6
      vertex 26.824429495415053 3.381966011250105 16
    endloop
  endfacet
  facet normal -0.41865973753742813 -0.9081431738250814 0
    outer loop
      vertex 27.092019000520907 3.2179869516232644 16
      vertex 27.092019000520907 3.2179869516232644 11.6
      vertex 27.23463313526982 3.1522409349774265 16
    endloop
  endfacet
  facet normal -0.5555702330196025 -0.8314696123025451 0
    outer loop
      vertex 26.824429495415053 3.381966011250105 16
      vertex 26.824429495415053 3.381966011250105 11.6
      vertex 26.9550028705681 3.2947196712918156 16
    endloop
  endfacet
  facet normal -0.4886212414969524 -0.8724960070727986 0
    outer loop
      vertex 26.9550028705681 3.2947196712918156 16
      vertex 26.9550028705681 3.2947196712918156 11.6
      vertex 27.092019000520907 3.2179869516232644 16
    endloop
  endfacet
  facet normal -0.3461170570774911 -0.9381913359224848 0
    outer loop
      vertex 27.23463313526982 3.1522409349774265 16
      vertex 27.23463313526982 3.1522409349774265 11.6
      vertex 27.381966011250107 3.0978869674096927 16
    endloop
  endfacet
  facet normal -0.2714404498650747 -0.9624552364536472 0
    outer loop
      vertex 27.381966011250107 3.0978869674096927 16
      vertex 27.381966011250107 3.0978869674096927 11.6
      vertex 27.53310927228819 3.055260159204647 16
    endloop
  endfacet
  facet normal -0.1950903220161309 -0.9807852804032299 0
    outer loop
      vertex 27.53310927228819 3.055260159204647 16
      vertex 27.53310927228819 3.055260159204647 11.6
      vertex 27.687131069919538 3.0246233188097245 16
    endloop
  endfacet
  facet normal -0.8314696123025407 -0.555570233019609 0
    outer loop
      vertex 26.294719671291816 3.9550028705681024 16
      vertex 26.294719671291816 3.9550028705681024 11.6
      vertex 26.381966011250107 3.8244294954150537 16
    endloop
  endfacet
  facet normal -0.8724960070727947 -0.48862124149695907 0
    outer loop
      vertex 26.217986951623264 4.0920190005209065 16
      vertex 26.217986951623264 4.0920190005209065 11.6
      vertex 26.294719671291816 3.9550028705681024 16
    endloop
  endfacet
  facet normal -0.7343225094356897 -0.6788007455329372 0
    outer loop
      vertex 26.47918806879994 3.7011039033396327 16
      vertex 26.47918806879994 3.7011039033396327 11.6
      vertex 26.585786437626904 3.585786437626905 16
    endloop
  endfacet
  facet normal -0.7853169308807482 -0.61909394930983 0
    outer loop
      vertex 26.47918806879994 3.7011039033396327 16
      vertex 26.381966011250107 3.8244294954150537 16
      vertex 26.381966011250107 3.8244294954150537 11.6
    endloop
  endfacet
  facet normal -0.9081431738250867 -0.4186597375374165 0
    outer loop
      vertex 26.152240934977428 4.234633135269821 16
      vertex 26.152240934977428 4.234633135269821 11.6
      vertex 26.217986951623264 4.0920190005209065 16
    endloop
  endfacet
  facet normal -0.9381913359224807 -0.3461170570775022 0
    outer loop
      vertex 26.097886967409693 4.381966011250105 16
      vertex 26.097886967409693 4.381966011250105 11.6
      vertex 26.152240934977428 4.234633135269821 16
    endloop
  endfacet
  facet normal -0.9624552364536468 -0.2714404498650758 0
    outer loop
      vertex 26.097886967409693 4.381966011250105 16
      vertex 26.055260159204646 4.533109272288189 16
      vertex 26.055260159204646 4.533109272288189 11.6
    endloop
  endfacet
  facet normal -0.9807852804032298 -0.19509032201613147 0
    outer loop
      vertex 26.024623318809724 4.6871310699195385 16
      vertex 26.024623318809724 4.6871310699195385 11.6
      vertex 26.055260159204646 4.533109272288189 16
    endloop
  endfacet
  facet normal -0.11753739745783902 -0.9930684569549262 0
    outer loop
      vertex 27.687131069919538 3.0246233188097245 16
      vertex 27.687131069919538 3.0246233188097245 11.6
      vertex 27.84308180854431 3.006165332533744 16
    endloop
  endfacet
  facet normal -0.03925981575906697 -0.999229036240723 0
    outer loop
      vertex 27.84308180854431 3.006165332533744 16
      vertex 27.84308180854431 3.006165332533744 11.6
      vertex 28 3 16
    endloop
  endfacet
  facet normal 0.03925981575906697 -0.999229036240723 0
    outer loop
      vertex 28 3 16
      vertex 28 3 11.6
      vertex 28.15691819145569 3.006165332533744 16
    endloop
  endfacet
  facet normal 0.11753739745783902 -0.9930684569549262 0
    outer loop
      vertex 28.15691819145569 3.006165332533744 16
      vertex 28.15691819145569 3.006165332533744 11.6
      vertex 28.312868930080462 3.0246233188097245 16
    endloop
  endfacet
  facet normal 0.1950903220161309 -0.9807852804032299 0
    outer loop
      vertex 28.312868930080462 3.0246233188097245 16
      vertex 28.312868930080462 3.0246233188097245 11.6
      vertex 28.46689072771181 3.055260159204647 16
    endloop
  endfacet
  facet normal 0.2714404498650747 -0.9624552364536472 0
    outer loop
      vertex 28.46689072771181 3.055260159204647 16
      vertex 28.46689072771181 3.055260159204647 11.6
      vertex 28.618033988749893 3.0978869674096927 16
    endloop
  endfacet
  facet normal 0.3461170570774911 -0.9381913359224848 0
    outer loop
      vertex 28.618033988749893 3.0978869674096927 16
      vertex 28.618033988749893 3.0978869674096927 11.6
      vertex 28.76536686473018 3.1522409349774265 16
    endloop
  endfacet
  facet normal 0.41865973753742813 -0.9081431738250814 0
    outer loop
      vertex 28.76536686473018 3.1522409349774265 16
      vertex 28.76536686473018 3.1522409349774265 11.6
      vertex 28.907980999479093 3.2179869516232644 16
    endloop
  endfacet
  facet normal 0.4886212414969524 -0.8724960070727986 0
    outer loop
      vertex 28.907980999479093 3.2179869516232644 16
      vertex 28.907980999479093 3.2179869516232644 11.6
      vertex 29.0449971294319 3.2947196712918156 16
    endloop
  endfacet
  facet normal 0.5555702330196025 -0.8314696123025451 0
    outer loop
      vertex 29.0449971294319 3.2947196712918156 16
      vertex 29.0449971294319 3.2947196712918156 11.6
      vertex 29.175570504584947 3.381966011250105 16
    endloop
  endfacet
  facet normal 0.6190939493098335 -0.7853169308807454 0
    outer loop
      vertex 29.175570504584947 3.381966011250105 16
      vertex 29.175570504584947 3.381966011250105 11.6
      vertex 29.298896096660368 3.479188068799938 16
    endloop
  endfacet
  facet normal 0.6788007455329419 -0.7343225094356853 0
    outer loop
      vertex 29.298896096660368 3.479188068799938 16
      vertex 29.298896096660368 3.479188068799938 11.6
      vertex 29.414213562373096 3.585786437626905 16
    endloop
  endfacet
  facet normal 0.7343225094356897 -0.6788007455329372 0
    outer loop
      vertex 29.414213562373096 3.585786437626905 16
      vertex 29.414213562373096 3.585786437626905 11.6
      vertex 29.52081193120006 3.7011039033396327 16
    endloop
  endfacet
  facet normal 0.7853169308807482 -0.61909394930983 0
    outer loop
      vertex 29.52081193120006 3.7011039033396327 16
      vertex 29.52081193120006 3.7011039033396327 11.6
      vertex 29.618033988749893 3.8244294954150537 16
    endloop
  endfacet
  facet normal 0.8314696123025407 -0.555570233019609 0
    outer loop
      vertex 29.618033988749893 3.8244294954150537 16
      vertex 29.618033988749893 3.8244294954150537 11.6
      vertex 29.705280328708184 3.9550028705681024 16
    endloop
  endfacet
  facet normal 0.8724960070727947 -0.48862124149695907 0
    outer loop
      vertex 29.705280328708184 3.9550028705681024 16
      vertex 29.705280328708184 3.9550028705681024 11.6
      vertex 29.782013048376736 4.0920190005209065 16
    endloop
  endfacet
  facet normal 0.9081431738250867 -0.4186597375374165 0
    outer loop
      vertex 29.782013048376736 4.0920190005209065 16
      vertex 29.782013048376736 4.0920190005209065 11.6
      vertex 29.847759065022572 4.234633135269821 16
    endloop
  endfacet
  facet normal 0.9381913359224807 -0.3461170570775022 0
    outer loop
      vertex 29.847759065022572 4.234633135269821 16
      vertex 29.847759065022572 4.234633135269821 11.6
      vertex 29.902113032590307 4.381966011250105 16
    endloop
  endfacet
  facet normal 0.9624552364536468 -0.2714404498650758 0
    outer loop
      vertex 29.902113032590307 4.381966011250105 16
      vertex 29.902113032590307 4.381966011250105 11.6
      vertex 29.944739840795354 4.533109272288189 16
    endloop
  endfacet
  facet normal 0.9807852804032298 -0.19509032201613147 0
    outer loop
      vertex 29.944739840795354 4.533109272288189 16
      vertex 29.944739840795354 4.533109272288189 11.6
      vertex 29.975376681190276 4.6871310699195385 16
    endloop
  endfacet
  facet normal 0.9930684569549268 -0.11753739745783276 0
    outer loop
      vertex 29.975376681190276 4.6871310699195385 16
      vertex 29.975376681190276 4.6871310699195385 11.6
      vertex 29.993834667466256 4.84308180854431 16
    endloop
  endfacet
  facet normal 0 0 1
    outer loop
      vertex 26.024623318809724 4.6871310699195385 16
      vertex 29.993834667466256 4.84308180854431 16
      vertex 26.006165332533744 4.84308180854431 16
    endloop
  endfacet
  facet normal 0 0 1
    outer loop
      vertex 26.006165332533744 4.84308180854431 16
      vertex 30 5 16
      vertex 26 5 16
    endloop
  endfacet
  facet normal 0 0 1
    outer loop
      vertex 26 5 16
      vertex 29.993834667466256 5.15691819145569 16
      vertex 26.006165332533744 5.15691819145569 16
    endloop
  endfacet
  facet normal 0 0 1
    outer loop
      vertex 26.006165332533744 5.15691819145569 16
      vertex 29.975376681190276 5.3128689300804615 16
      vertex 26.024623318809724 5.3128689300804615 16
    endloop
  endfacet
  facet normal 0 0 1
    outer loop
      vertex 26.024623318809724 5.3128689300804615 16
      vertex 29.944739840795354 5.466890727711811 16
      vertex 26.055260159204646 5.466890727711811 16
    endloop
  endfacet
  facet normal 0 0 1
    outer loop
      vertex 26.055260159204646 5.466890727711811 16
      vertex 29.902113032590307 5.618033988749895 16
      vertex 26.097886967409693 5.618033988749895 16
    endloop
  endfacet
  facet normal 0 0 1
    outer loop
      vertex 26.097886967409693 5.618033988749895 16
      vertex 29.847759065022572 5.765366864730179 16
      vertex 26.152240934977428 5.765366864730179 16
    endloop
  endfacet
  facet normal 0 0 1
    outer loop
      vertex 26.152240934977428 5.765366864730179 16
      vertex 29.782013048376736 5.9079809994790935 16
      vertex 26.217986951623264 5.9079809994790935 16
    endloop
  endfacet
  facet normal 0 0 1
    outer loop
      vertex 26.217986951623264 5.9079809994790935 16
      vertex 29.705280328708184 6.044997129431898 16
      vertex 26.294719671291816 6.044997129431898 16
    endloop
  endfacet
  facet normal 0 0 1
    outer loop
      vertex 26.294719671291816 6.044997129431898 16
      vertex 29.618033988749893 6.175570504584947 16
      vertex 26.381966011250107 6.175570504584947 16
    endloop
  endfacet
  facet normal 0 0 1
    outer loop
      vertex 26.381966011250107 6.175570504584947 16
      vertex 29.52081193120006 6.298896096660368 16
      vertex 26.47918806879994 6.298896096660368 16
    endloop
  endfacet
  facet normal 0 0 1
    outer loop
      vertex 26.47918806879994 6.298896096660368 16
      vertex 29.414213562373096 6.414213562373095 16
      vertex 26.585786437626904 6.414213562373095 16
    endloop
  endfacet
  facet normal 0 0 1
    outer loop
      vertex 26.585786437626904 6.414213562373095 16
      vertex 29.298896096660368 6.520811931200062 16
      vertex 26.701103903339632 6.520811931200062 16
    endloop
  endfacet
  facet normal 0 0 1
    outer loop
      vertex 26.701103903339632 6.520811931200062 16
      vertex 29.175570504584947 6.618033988749895 16
      vertex 26.824429495415053 6.618033988749895 16
    endloop
  endfacet
  facet normal 0 0 1
    outer loop
      vertex 26.824429495415053 6.618033988749895 16
      vertex 29.0449971294319 6.705280328708184 16
      vertex 26.9550028705681 6.705280328708184 16
    endloop
  endfacet
  facet normal 0 0 1
    outer loop
      vertex 26.006165332533744 4.84308180854431 16
      vertex 29.993834667466256 4.84308180854431 16
      vertex 30 5 16
    endloop
  endfacet
  facet normal 0 0 1
    outer loop
      vertex 26 5 16
      vertex 30 5 16
      vertex 29.993834667466256 5.15691819145569 16
    endloop
  endfacet
  facet normal 0 0 1
    outer loop
      vertex 26.006165332533744 5.15691819145569 16
      vertex 29.993834667466256 5.15691819145569 16
      vertex 29.975376681190276 5.3128689300804615 16
    endloop
  endfacet
  facet normal 0 0 1
    outer loop
      vertex 26.055260159204646 5.466890727711811 16
      vertex 29.944739840795354 5.466890727711811 16
      vertex 29.902113032590307 5.618033988749895 16
    endloop
  endfacet
  facet normal 0 0 1
    outer loop
      vertex 26.024623318809724 5.3128689300804615 16
      vertex 29.975376681190276 5.3128689300804615 16
      vertex 29.944739840795354 5.466890727711811 16
    endloop
  endfacet
  facet normal 0 0 1
    outer loop
      vertex 26.097886967409693 5.618033988749895 16
      vertex 29.902113032590307 5.618033988749895 16
      vertex 29.847759065022572 5.765366864730179 16
    endloop
  endfacet
  facet normal 0 0 1
    outer loop
      vertex 26.152240934977428 5.765366864730179 16
      vertex 29.847759065022572 5.765366864730179 16
      vertex 29.782013048376736 5.9079809994790935 16
    endloop
  endfacet
  facet normal 0 0 1
    outer loop
      vertex 26.585786437626904 6.414213562373095 16
      vertex 29.414213562373096 6.414213562373095 16
      vertex 29.298896096660368 6.520811931200062 16
    endloop
  endfacet
  facet normal 0 0 1
    outer loop
      vertex 26.9550028705681 6.705280328708184 16
      vertex 28.907980999479093 6.782013048376736 16
      vertex 27.092019000520907 6.782013048376736 16
    endloop
  endfacet
  facet normal 0 0 1
    outer loop
      vertex 27.092019000520907 6.782013048376736 16
      vertex 28.76536686473018 6.847759065022574 16
      vertex 27.23463313526982 6.847759065022574 16
    endloop
  endfacet
  facet normal 0 0 1
    outer loop
      vertex 27.23463313526982 6.847759065022574 16
      vertex 28.618033988749893 6.902113032590307 16
      vertex 27.381966011250107 6.902113032590307 16
    endloop
  endfacet
  facet normal 0 0 1
    outer loop
      vertex 27.381966011250107 6.902113032590307 16
      vertex 28.46689072771181 6.944739840795354 16
      vertex 27.53310927228819 6.944739840795354 16
    endloop
  endfacet
  facet normal 0 0 1
    outer loop
      vertex 27.53310927228819 6.944739840795354 16
      vertex 28.312868930080462 6.9753766811902755 16
      vertex 27.687131069919538 6.9753766811902755 16
    endloop
  endfacet
  facet normal 0 0 1
    outer loop
      vertex 27.687131069919538 6.9753766811902755 16
      vertex 28.15691819145569 6.993834667466256 16
      vertex 27.84308180854431 6.993834667466256 16
    endloop
  endfacet
  facet normal 0 0 1
    outer loop
      vertex 27.84308180854431 6.993834667466256 16
      vertex 28.15691819145569 6.993834667466256 16
      vertex 28 7 16
    endloop
  endfacet
  facet normal 0 0 1
    outer loop
      vertex 26.701103903339632 6.520811931200062 16
      vertex 29.298896096660368 6.520811931200062 16
      vertex 29.175570504584947 6.618033988749895 16
    endloop
  endfacet
  facet normal 0 0 1
    outer loop
      vertex 26.824429495415053 6.618033988749895 16
      vertex 29.175570504584947 6.618033988749895 16
      vertex 29.0449971294319 6.705280328708184 16
    endloop
  endfacet
  facet normal 0 0 1
    outer loop
      vertex 26.9550028705681 6.705280328708184 16
      vertex 29.0449971294319 6.705280328708184 16
      vertex 28.907980999479093 6.782013048376736 16
    endloop
  endfacet
  facet normal 0 0 1
    outer loop
      vertex 27.092019000520907 6.782013048376736 16
      vertex 28.907980999479093 6.782013048376736 16
      vertex 28.76536686473018 6.847759065022574 16
    endloop
  endfacet
  facet normal 0 0 1
    outer loop
      vertex 27.53310927228819 6.944739840795354 16
      vertex 28.46689072771181 6.944739840795354 16
      vertex 28.312868930080462 6.9753766811902755 16
    endloop
  endfacet
  facet normal 0 0 1
    outer loop
      vertex 27.23463313526982 6.847759065022574 16
      vertex 28.76536686473018 6.847759065022574 16
      vertex 28.618033988749893 6.902113032590307 16
    endloop
  endfacet
  facet normal 0 0 1
    outer loop
      vertex 27.381966011250107 6.902113032590307 16
      vertex 28.618033988749893 6.902113032590307 16
      vertex 28.46689072771181 6.944739840795354 16
    endloop
  endfacet
  facet normal 0 0 1
    outer loop
      vertex 27.687131069919538 6.9753766811902755 16
      vertex 28.312868930080462 6.9753766811902755 16
      vertex 28.15691819145569 6.993834667466256 16
    endloop
  endfacet
  facet normal 0 0 1
    outer loop
      vertex 26.217986951623264 5.9079809994790935 16
      vertex 29.782013048376736 5.9079809994790935 16
      vertex 29.705280328708184 6.044997129431898 16
    endloop
  endfacet
  facet normal 0 0 1
    outer loop
      vertex 26.381966011250107 6.175570504584947 16
      vertex 29.618033988749893 6.175570504584947 16
      vertex 29.52081193120006 6.298896096660368 16
    endloop
  endfacet
  facet normal 0 0 1
    outer loop
      vertex 26.294719671291816 6.044997129431898 16
      vertex 29.705280328708184 6.044997129431898 16
      vertex 29.618033988749893 6.175570504584947 16
    endloop
  endfacet
  facet normal 0 0 1
    outer loop
      vertex 26.47918806879994 6.298896096660368 16
      vertex 29.52081193120006 6.298896096660368 16
      vertex 29.414213562373096 6.414213562373095 16
    endloop
  endfacet
  facet normal -0.9930684569549268 -0.11753739745783276 0
    outer loop
      vertex 26.024623318809724 4.6871310699195385 16
      vertex 26.006165332533744 4.84308180854431 16
      vertex 26.006165332533744 4.84308180854431 11.6
    endloop
  endfacet
  facet normal -0.999229036240723 -0.03925981575906742 0
    outer loop
      vertex 26.006165332533744 4.84308180854431 16
      vertex 26 5 16
      vertex 26 5 11.6
    endloop
  endfacet
  facet normal -0.999229036240723 0.03925981575906742 0
    outer loop
      vertex 26 5 16
      vertex 26.006165332533744 5.15691819145569 16
      vertex 26.006165332533744 5.15691819145569 11.6
    endloop
  endfacet
  facet normal -0.9930684569549268 0.11753739745783276 0
    outer loop
      vertex 26.006165332533744 5.15691819145569 16
      vertex 26.024623318809724 5.3128689300804615 16
      vertex 26.024623318809724 5.3128689300804615 11.6
    endloop
  endfacet
  facet normal -0.9807852804032298 0.19509032201613147 0
    outer loop
      vertex 26.024623318809724 5.3128689300804615 16
      vertex 26.055260159204646 5.466890727711811 16
      vertex 26.055260159204646 5.466890727711811 11.6
    endloop
  endfacet
  facet normal -0.9624552364536468 0.2714404498650758 0
    outer loop
      vertex 26.055260159204646 5.466890727711811 16
      vertex 26.097886967409693 5.618033988749895 16
      vertex 26.097886967409693 5.618033988749895 11.6
    endloop
  endfacet
  facet normal -0.9381913359224807 0.3461170570775022 0
    outer loop
      vertex 26.097886967409693 5.618033988749895 16
      vertex 26.152240934977428 5.765366864730179 16
      vertex 26.152240934977428 5.765366864730179 11.6
    endloop
  endfacet
  facet normal -0.9081431738250867 0.4186597375374165 0
    outer loop
      vertex 26.152240934977428 5.765366864730179 16
      vertex 26.217986951623264 5.9079809994790935 16
      vertex 26.217986951623264 5.9079809994790935 11.6
    endloop
  endfacet
  facet normal -0.8724960070727947 0.48862124149695907 0
    outer loop
      vertex 26.217986951623264 5.9079809994790935 16
      vertex 26.294719671291816 6.044997129431898 16
      vertex 26.294719671291816 6.044997129431898 11.6
    endloop
  endfacet
  facet normal -0.8314696123025416 0.5555702330196077 0
    outer loop
      vertex 26.294719671291816 6.044997129431898 16
      vertex 26.381966011250107 6.175570504584947 16
      vertex 26.381966011250107 6.175570504584947 11.6
    endloop
  endfacet
  facet normal -0.7853169308807482 0.61909394930983 0
    outer loop
      vertex 26.381966011250107 6.175570504584947 16
      vertex 26.47918806879994 6.298896096660368 16
      vertex 26.47918806879994 6.298896096660368 11.6
    endloop
  endfacet
  facet normal -0.7343225094356884 0.6788007455329386 0
    outer loop
      vertex 26.47918806879994 6.298896096660368 16
      vertex 26.585786437626904 6.414213562373095 16
      vertex 26.585786437626904 6.414213562373095 11.6
    endloop
  endfacet
  facet normal -0.6788007455329419 0.7343225094356853 0
    outer loop
      vertex 26.585786437626904 6.414213562373095 16
      vertex 26.701103903339632 6.520811931200062 16
      vertex 26.701103903339632 6.520811931200062 11.6
    endloop
  endfacet
  facet normal -0.6190939493098335 0.7853169308807454 0
    outer loop
      vertex 26.701103903339632 6.520811931200062 16
      vertex 26.824429495415053 6.618033988749895 16
      vertex 26.824429495415053 6.618033988749895 11.6
    endloop
  endfacet
  facet normal -0.5555702330196025 0.8314696123025451 0
    outer loop
      vertex 26.824429495415053 6.618033988749895 16
      vertex 26.9550028705681 6.705280328708184 16
      vertex 26.9550028705681 6.705280328708184 11.6
    endloop
  endfacet
  facet normal -0.4886212414969524 0.8724960070727986 0
    outer loop
      vertex 26.9550028705681 6.705280328708184 16
      vertex 27.092019000520907 6.782013048376736 16
      vertex 27.092019000520907 6.782013048376736 11.6
    endloop
  endfacet
  facet normal -0.4186597375374305 0.9081431738250801 0
    outer loop
      vertex 27.092019000520907 6.782013048376736 16
      vertex 27.23463313526982 6.847759065022574 16
      vertex 27.23463313526982 6.847759065022574 11.6
    endloop
  endfacet
  facet normal -0.3461170570774886 0.9381913359224857 0
    outer loop
      vertex 27.23463313526982 6.847759065022574 16
      vertex 27.381966011250107 6.902113032590307 16
      vertex 27.381966011250107 6.902113032590307 11.6
    endloop
  endfacet
  facet normal -0.2714404498650773 0.9624552364536464 0
    outer loop
      vertex 27.381966011250107 6.902113032590307 16
      vertex 27.53310927228819 6.944739840795354 16
      vertex 27.53310927228819 6.944739840795354 11.6
    endloop
  endfacet
  facet normal -0.19509032201612816 0.9807852804032305 0
    outer loop
      vertex 27.53310927228819 6.944739840795354 16
      vertex 27.687131069919538 6.9753766811902755 16
      vertex 27.687131069919538 6.9753766811902755 11.6
    endloop
  endfacet
  facet normal -0.11753739745783902 0.9930684569549262 0
    outer loop
      vertex 27.687131069919538 6.9753766811902755 16
      vertex 27.84308180854431 6.993834667466256 16
      vertex 27.84308180854431 6.993834667466256 11.6
    endloop
  endfacet
  facet normal -0.03925981575906697 0.999229036240723 0
    outer loop
      vertex 27.84308180854431 6.993834667466256 16
      vertex 28 7 16
      vertex 28 7 11.6
    endloop
  endfacet
  facet normal 0.03925981575906697 0.999229036240723 0
    outer loop
      vertex 28 7 16
      vertex 28.15691819145569 6.993834667466256 16
      vertex 28.15691819145569 6.993834667466256 11.6
    endloop
  endfacet
  facet normal 0.19509032201612816 0.9807852804032305 0
    outer loop
      vertex 28.312868930080462 6.9753766811902755 16
      vertex 28.46689072771181 6.944739840795354 16
      vertex 28.46689072771181 6.944739840795354 11.6
    endloop
  endfacet
  facet normal 0.11753739745783902 0.9930684569549262 0
    outer loop
      vertex 28.15691819145569 6.993834667466256 16
      vertex 28.312868930080462 6.9753766811902755 16
      vertex 28.312868930080462 6.9753766811902755 11.6
    endloop
  endfacet
  facet normal 0.2714404498650773 0.9624552364536464 0
    outer loop
      vertex 28.46689072771181 6.944739840795354 16
      vertex 28.618033988749893 6.902113032590307 16
      vertex 28.618033988749893 6.902113032590307 11.6
    endloop
  endfacet
  facet normal 0.3461170570774886 0.9381913359224857 0
    outer loop
      vertex 28.618033988749893 6.902113032590307 16
      vertex 28.76536686473018 6.847759065022574 16
      vertex 28.76536686473018 6.847759065022574 11.6
    endloop
  endfacet
  facet normal 0.4186597375374305 0.9081431738250801 0
    outer loop
      vertex 28.76536686473018 6.847759065022574 16
      vertex 28.907980999479093 6.782013048376736 16
      vertex 28.907980999479093 6.782013048376736 11.6
    endloop
  endfacet
  facet normal 0.4886212414969524 0.8724960070727986 0
    outer loop
      vertex 28.907980999479093 6.782013048376736 16
      vertex 29.0449971294319 6.705280328708184 16
      vertex 29.0449971294319 6.705280328708184 11.6
    endloop
  endfacet
  facet normal 0.5555702330196025 0.8314696123025451 0
    outer loop
      vertex 29.0449971294319 6.705280328708184 16
      vertex 29.175570504584947 6.618033988749895 16
      vertex 29.175570504584947 6.618033988749895 11.6
    endloop
  endfacet
  facet normal 0.999229036240723 -0.03925981575906742 0
    outer loop
      vertex 29.993834667466256 4.84308180854431 16
      vertex 29.993834667466256 4.84308180854431 11.6
      vertex 30 5 16
    endloop
  endfacet
  facet normal 0.999229036240723 0.03925981575906742 0
    outer loop
      vertex 30 5 16
      vertex 30 5 11.6
      vertex 29.993834667466256 5.15691819145569 16
    endloop
  endfacet
  facet normal 0.9930684569549268 0.11753739745783276 0
    outer loop
      vertex 29.993834667466256 5.15691819145569 16
      vertex 29.993834667466256 5.15691819145569 11.6
      vertex 29.975376681190276 5.3128689300804615 16
    endloop
  endfacet
  facet normal 0.9807852804032298 0.19509032201613147 0
    outer loop
      vertex 29.944739840795354 5.466890727711811 16
      vertex 29.975376681190276 5.3128689300804615 16
      vertex 29.975376681190276 5.3128689300804615 11.6
    endloop
  endfacet
  facet normal 0.9624552364536468 0.2714404498650758 0
    outer loop
      vertex 29.902113032590307 5.618033988749895 16
      vertex 29.944739840795354 5.466890727711811 16
      vertex 29.944739840795354 5.466890727711811 11.6
    endloop
  endfacet
  facet normal 0.9081431738250867 0.4186597375374165 0
    outer loop
      vertex 29.782013048376736 5.9079809994790935 16
      vertex 29.847759065022572 5.765366864730179 16
      vertex 29.847759065022572 5.765366864730179 11.6
    endloop
  endfacet
  facet normal 0.9381913359224807 0.3461170570775022 0
    outer loop
      vertex 29.847759065022572 5.765366864730179 16
      vertex 29.902113032590307 5.618033988749895 16
      vertex 29.902113032590307 5.618033988749895 11.6
    endloop
  endfacet
  facet normal 0.7853169308807482 0.61909394930983 0
    outer loop
      vertex 29.52081193120006 6.298896096660368 16
      vertex 29.618033988749893 6.175570504584947 16
      vertex 29.618033988749893 6.175570504584947 11.6
    endloop
  endfacet
  facet normal 0.6788007455329419 0.7343225094356853 0
    outer loop
      vertex 29.298896096660368 6.520811931200062 16
      vertex 29.414213562373096 6.414213562373095 16
      vertex 29.414213562373096 6.414213562373095 11.6
    endloop
  endfacet
  facet normal 0.7343225094356884 0.6788007455329386 0
    outer loop
      vertex 29.414213562373096 6.414213562373095 16
      vertex 29.52081193120006 6.298896096660368 16
      vertex 29.52081193120006 6.298896096660368 11.6
    endloop
  endfacet
  facet normal 0.8724960070727947 0.48862124149695907 0
    outer loop
      vertex 29.782013048376736 5.9079809994790935 16
      vertex 29.782013048376736 5.9079809994790935 11.6
      vertex 29.705280328708184 6.044997129431898 16
    endloop
  endfacet
  facet normal 0.8314696123025416 0.5555702330196077 0
    outer loop
      vertex 29.618033988749893 6.175570504584947 16
      vertex 29.705280328708184 6.044997129431898 16
      vertex 29.705280328708184 6.044997129431898 11.6
    endloop
  endfacet
  facet normal 0.6190939493098335 0.7853169308807454 0
    outer loop
      vertex 29.175570504584947 6.618033988749895 16
      vertex 29.298896096660368 6.520811931200062 16
      vertex 29.298896096660368 6.520811931200062 11.6
    endloop
  endfacet
  facet normal -0.6788007455329419 -0.7343225094356853 0
    outer loop
      vertex 26.701103903339632 3.479188068799938 16
      vertex 26.585786437626904 3.585786437626905 11.6
      vertex 26.701103903339632 3.479188068799938 11.6
    endloop
  endfacet
  facet normal -0.6190939493098335 -0.7853169308807454 0
    outer loop
      vertex 26.824429495415053 3.381966011250105 16
      vertex 26.701103903339632 3.479188068799938 11.6
      vertex 26.824429495415053 3.381966011250105 11.6
    endloop
  endfacet
  facet normal -0.4886212414969524 -0.8724960070727986 0
    outer loop
      vertex 27.092019000520907 3.2179869516232644 16
      vertex 26.9550028705681 3.2947196712918156 11.6
      vertex 27.092019000520907 3.2179869516232644 11.6
    endloop
  endfacet
  facet normal -0.41865973753742813 -0.9081431738250814 0
    outer loop
      vertex 27.23463313526982 3.1522409349774265 16
      vertex 27.092019000520907 3.2179869516232644 11.6
      vertex 27.23463313526982 3.1522409349774265 11.6
    endloop
  endfacet
  facet normal -0.5555702330196025 -0.8314696123025451 0
    outer loop
      vertex 26.9550028705681 3.2947196712918156 16
      vertex 26.824429495415053 3.381966011250105 11.6
      vertex 26.9550028705681 3.2947196712918156 11.6
    endloop
  endfacet
  facet normal -0.3461170570774911 -0.9381913359224848 0
    outer loop
      vertex 27.381966011250107 3.0978869674096927 16
      vertex 27.23463313526982 3.1522409349774265 11.6
      vertex 27.381966011250107 3.0978869674096927 11.6
    endloop
  endfacet
  facet normal -0.2714404498650747 -0.9624552364536472 0
    outer loop
      vertex 27.53310927228819 3.055260159204647 16
      vertex 27.381966011250107 3.0978869674096927 11.6
      vertex 27.53310927228819 3.055260159204647 11.6
    endloop
  endfacet
  facet normal -0.9081431738250867 -0.4186597375374165 0
    outer loop
      vertex 26.217986951623264 4.0920190005209065 16
      vertex 26.152240934977428 4.234633135269821 11.6
      vertex 26.217986951623264 4.0920190005209065 11.6
    endloop
  endfacet
  facet normal -0.8724960070727947 -0.48862124149695907 0
    outer loop
      vertex 26.294719671291816 3.9550028705681024 16
      vertex 26.217986951623264 4.0920190005209065 11.6
      vertex 26.294719671291816 3.9550028705681024 11.6
    endloop
  endfacet
  facet normal -0.8314696123025407 -0.555570233019609 0
    outer loop
      vertex 26.381966011250107 3.8244294954150537 16
      vertex 26.294719671291816 3.9550028705681024 11.6
      vertex 26.381966011250107 3.8244294954150537 11.6
    endloop
  endfacet
  facet normal -0.7343225094356897 -0.6788007455329372 0
    outer loop
      vertex 26.585786437626904 3.585786437626905 16
      vertex 26.47918806879994 3.7011039033396327 11.6
      vertex 26.585786437626904 3.585786437626905 11.6
    endloop
  endfacet
  facet normal -0.7853169308807482 -0.61909394930983 0
    outer loop
      vertex 26.47918806879994 3.7011039033396327 16
      vertex 26.381966011250107 3.8244294954150537 11.6
      vertex 26.47918806879994 3.7011039033396327 11.6
    endloop
  endfacet
  facet normal -0.9381913359224807 -0.3461170570775022 0
    outer loop
      vertex 26.152240934977428 4.234633135269821 16
      vertex 26.097886967409693 4.381966011250105 11.6
      vertex 26.152240934977428 4.234633135269821 11.6
    endloop
  endfacet
  facet normal -0.9624552364536468 -0.2714404498650758 0
    outer loop
      vertex 26.097886967409693 4.381966011250105 16
      vertex 26.055260159204646 4.533109272288189 11.6
      vertex 26.097886967409693 4.381966011250105 11.6
    endloop
  endfacet
  facet normal -0.9807852804032298 -0.19509032201613147 0
    outer loop
      vertex 26.055260159204646 4.533109272288189 16
      vertex 26.024623318809724 4.6871310699195385 11.6
      vertex 26.055260159204646 4.533109272288189 11.6
    endloop
  endfacet
  facet normal -0.9930684569549268 -0.11753739745783276 0
    outer loop
      vertex 26.024623318809724 4.6871310699195385 16
      vertex 26.006165332533744 4.84308180854431 11.6
      vertex 26.024623318809724 4.6871310699195385 11.6
    endloop
  endfacet
  facet normal -0.1950903220161309 -0.9807852804032299 0
    outer loop
      vertex 27.687131069919538 3.0246233188097245 16
      vertex 27.53310927228819 3.055260159204647 11.6
      vertex 27.687131069919538 3.0246233188097245 11.6
    endloop
  endfacet
  facet normal -0.11753739745783902 -0.9930684569549262 0
    outer loop
      vertex 27.84308180854431 3.006165332533744 16
      vertex 27.687131069919538 3.0246233188097245 11.6
      vertex 27.84308180854431 3.006165332533744 11.6
    endloop
  endfacet
  facet normal -0.03925981575906697 -0.999229036240723 0
    outer loop
      vertex 28 3 16
      vertex 27.84308180854431 3.006165332533744 11.6
      vertex 28 3 11.6
    endloop
  endfacet
  facet normal 0.03925981575906697 -0.999229036240723 0
    outer loop
      vertex 28.15691819145569 3.006165332533744 16
      vertex 28 3 11.6
      vertex 28.15691819145569 3.006165332533744 11.6
    endloop
  endfacet
  facet normal 0.11753739745783902 -0.9930684569549262 0
    outer loop
      vertex 28.312868930080462 3.0246233188097245 16
      vertex 28.15691819145569 3.006165332533744 11.6
      vertex 28.312868930080462 3.0246233188097245 11.6
    endloop
  endfacet
  facet normal 0.1950903220161309 -0.9807852804032299 0
    outer loop
      vertex 28.46689072771181 3.055260159204647 16
      vertex 28.312868930080462 3.0246233188097245 11.6
      vertex 28.46689072771181 3.055260159204647 11.6
    endloop
  endfacet
  facet normal 0.2714404498650747 -0.9624552364536472 0
    outer loop
      vertex 28.618033988749893 3.0978869674096927 16
      vertex 28.46689072771181 3.055260159204647 11.6
      vertex 28.618033988749893 3.0978869674096927 11.6
    endloop
  endfacet
  facet normal 0.3461170570774911 -0.9381913359224848 0
    outer loop
      vertex 28.76536686473018 3.1522409349774265 16
      vertex 28.618033988749893 3.0978869674096927 11.6
      vertex 28.76536686473018 3.1522409349774265 11.6
    endloop
  endfacet
  facet normal 0.41865973753742813 -0.9081431738250814 0
    outer loop
      vertex 28.907980999479093 3.2179869516232644 16
      vertex 28.76536686473018 3.1522409349774265 11.6
      vertex 28.907980999479093 3.2179869516232644 11.6
    endloop
  endfacet
  facet normal 0.4886212414969524 -0.8724960070727986 0
    outer loop
      vertex 29.0449971294319 3.2947196712918156 16
      vertex 28.907980999479093 3.2179869516232644 11.6
      vertex 29.0449971294319 3.2947196712918156 11.6
    endloop
  endfacet
  facet normal 0.5555702330196025 -0.8314696123025451 0
    outer loop
      vertex 29.175570504584947 3.381966011250105 16
      vertex 29.0449971294319 3.2947196712918156 11.6
      vertex 29.175570504584947 3.381966011250105 11.6
    endloop
  endfacet
  facet normal 0.6190939493098335 -0.7853169308807454 0
    outer loop
      vertex 29.298896096660368 3.479188068799938 16
      vertex 29.175570504584947 3.381966011250105 11.6
      vertex 29.298896096660368 3.479188068799938 11.6
    endloop
  endfacet
  facet normal 0.6788007455329419 -0.7343225094356853 0
    outer loop
      vertex 29.414213562373096 3.585786437626905 16
      vertex 29.298896096660368 3.479188068799938 11.6
      vertex 29.414213562373096 3.585786437626905 11.6
    endloop
  endfacet
  facet normal 0.7343225094356897 -0.6788007455329372 0
    outer loop
      vertex 29.52081193120006 3.7011039033396327 16
      vertex 29.414213562373096 3.585786437626905 11.6
      vertex 29.52081193120006 3.7011039033396327 11.6
    endloop
  endfacet
  facet normal 0.7853169308807482 -0.61909394930983 0
    outer loop
      vertex 29.618033988749893 3.8244294954150537 16
      vertex 29.52081193120006 3.7011039033396327 11.6
      vertex 29.618033988749893 3.8244294954150537 11.6
    endloop
  endfacet
  facet normal 0.8314696123025407 -0.555570233019609 0
    outer loop
      vertex 29.705280328708184 3.9550028705681024 16
      vertex 29.618033988749893 3.8244294954150537 11.6
      vertex 29.705280328708184 3.9550028705681024 11.6
    endloop
  endfacet
  facet normal 0.8724960070727947 -0.48862124149695907 0
    outer loop
      vertex 29.782013048376736 4.0920190005209065 16
      vertex 29.705280328708184 3.9550028705681024 11.6
      vertex 29.782013048376736 4.0920190005209065 11.6
    endloop
  endfacet
  facet normal 0.9081431738250867 -0.4186597375374165 0
    outer loop
      vertex 29.847759065022572 4.234633135269821 16
      vertex 29.782013048376736 4.0920190005209065 11.6
      vertex 29.847759065022572 4.234633135269821 11.6
    endloop
  endfacet
  facet normal 0.9381913359224807 -0.3461170570775022 0
    outer loop
      vertex 29.902113032590307 4.381966011250105 16
      vertex 29.847759065022572 4.234633135269821 11.6
      vertex 29.902113032590307 4.381966011250105 11.6
    endloop
  endfacet
  facet normal 0.9624552364536468 -0.2714404498650758 0
    outer loop
      vertex 29.944739840795354 4.533109272288189 16
      vertex 29.902113032590307 4.381966011250105 11.6
      vertex 29.944739840795354 4.533109272288189 11.6
    endloop
  endfacet
  facet normal 0.9807852804032298 -0.19509032201613147 0
    outer loop
      vertex 29.975376681190276 4.6871310699195385 16
      vertex 29.944739840795354 4.533109272288189 11.6
      vertex 29.975376681190276 4.6871310699195385 11.6
    endloop
  endfacet
  facet normal -0.999229036240723 -0.03925981575906742 0
    outer loop
      vertex 26.006165332533744 4.84308180854431 16
      vertex 26 5 11.6
      vertex 26.006165332533744 4.84308180854431 11.6
    endloop
  endfacet
  facet normal -0.999229036240723 0.03925981575906742 0
    outer loop
      vertex 26 5 16
      vertex 26.006165332533744 5.15691819145569 11.6
      vertex 26 5 11.6
    endloop
  endfacet
  facet normal -0.9930684569549268 0.11753739745783276 0
    outer loop
      vertex 26.006165332533744 5.15691819145569 16
      vertex 26.024623318809724 5.3128689300804615 11.6
      vertex 26.006165332533744 5.15691819145569 11.6
    endloop
  endfacet
  facet normal -0.9807852804032298 0.19509032201613147 0
    outer loop
      vertex 26.024623318809724 5.3128689300804615 16
      vertex 26.055260159204646 5.466890727711811 11.6
      vertex 26.024623318809724 5.3128689300804615 11.6
    endloop
  endfacet
  facet normal -0.9624552364536468 0.2714404498650758 0
    outer loop
      vertex 26.055260159204646 5.466890727711811 16
      vertex 26.097886967409693 5.618033988749895 11.6
      vertex 26.055260159204646 5.466890727711811 11.6
    endloop
  endfacet
  facet normal -0.9381913359224807 0.3461170570775022 0
    outer loop
      vertex 26.097886967409693 5.618033988749895 16
      vertex 26.152240934977428 5.765366864730179 11.6
      vertex 26.097886967409693 5.618033988749895 11.6
    endloop
  endfacet
  facet normal -0.9081431738250867 0.4186597375374165 0
    outer loop
      vertex 26.152240934977428 5.765366864730179 16
      vertex 26.217986951623264 5.9079809994790935 11.6
      vertex 26.152240934977428 5.765366864730179 11.6
    endloop
  endfacet
  facet normal -0.8724960070727947 0.48862124149695907 0
    outer loop
      vertex 26.217986951623264 5.9079809994790935 16
      vertex 26.294719671291816 6.044997129431898 11.6
      vertex 26.217986951623264 5.9079809994790935 11.6
    endloop
  endfacet
  facet normal -0.8314696123025416 0.5555702330196077 0
    outer loop
      vertex 26.294719671291816 6.044997129431898 16
      vertex 26.381966011250107 6.175570504584947 11.6
      vertex 26.294719671291816 6.044997129431898 11.6
    endloop
  endfacet
  facet normal -0.7853169308807482 0.61909394930983 0
    outer loop
      vertex 26.381966011250107 6.175570504584947 16
      vertex 26.47918806879994 6.298896096660368 11.6
      vertex 26.381966011250107 6.175570504584947 11.6
    endloop
  endfacet
  facet normal -0.7343225094356884 0.6788007455329386 0
    outer loop
      vertex 26.47918806879994 6.298896096660368 16
      vertex 26.585786437626904 6.414213562373095 11.6
      vertex 26.47918806879994 6.298896096660368 11.6
    endloop
  endfacet
  facet normal -0.6788007455329419 0.7343225094356853 0
    outer loop
      vertex 26.585786437626904 6.414213562373095 16
      vertex 26.701103903339632 6.520811931200062 11.6
      vertex 26.585786437626904 6.414213562373095 11.6
    endloop
  endfacet
  facet normal -0.6190939493098335 0.7853169308807454 0
    outer loop
      vertex 26.701103903339632 6.520811931200062 16
      vertex 26.824429495415053 6.618033988749895 11.6
      vertex 26.701103903339632 6.520811931200062 11.6
    endloop
  endfacet
  facet normal -0.5555702330196025 0.8314696123025451 0
    outer loop
      vertex 26.824429495415053 6.618033988749895 16
      vertex 26.9550028705681 6.705280328708184 11.6
      vertex 26.824429495415053 6.618033988749895 11.6
    endloop
  endfacet
  facet normal -0.4886212414969524 0.8724960070727986 0
    outer loop
      vertex 26.9550028705681 6.705280328708184 16
      vertex 27.092019000520907 6.782013048376736 11.6
      vertex 26.9550028705681 6.705280328708184 11.6
    endloop
  endfacet
  facet normal -0.4186597375374305 0.9081431738250801 0
    outer loop
      vertex 27.092019000520907 6.782013048376736 16
      vertex 27.23463313526982 6.847759065022574 11.6
      vertex 27.092019000520907 6.782013048376736 11.6
    endloop
  endfacet
  facet normal -0.3461170570774886 0.9381913359224857 0
    outer loop
      vertex 27.23463313526982 6.847759065022574 16
      vertex 27.381966011250107 6.902113032590307 11.6
      vertex 27.23463313526982 6.847759065022574 11.6
    endloop
  endfacet
  facet normal -0.2714404498650773 0.9624552364536464 0
    outer loop
      vertex 27.381966011250107 6.902113032590307 16
      vertex 27.53310927228819 6.944739840795354 11.6
      vertex 27.381966011250107 6.902113032590307 11.6
    endloop
  endfacet
  facet normal -0.19509032201612816 0.9807852804032305 0
    outer loop
      vertex 27.53310927228819 6.944739840795354 16
      vertex 27.687131069919538 6.9753766811902755 11.6
      vertex 27.53310927228819 6.944739840795354 11.6
    endloop
  endfacet
  facet normal -0.11753739745783902 0.9930684569549262 0
    outer loop
      vertex 27.687131069919538 6.9753766811902755 16
      vertex 27.84308180854431 6.993834667466256 11.6
      vertex 27.687131069919538 6.9753766811902755 11.6
    endloop
  endfacet
  facet normal -0.03925981575906697 0.999229036240723 0
    outer loop
      vertex 27.84308180854431 6.993834667466256 16
      vertex 28 7 11.6
      vertex 27.84308180854431 6.993834667466256 11.6
    endloop
  endfacet
  facet normal 0.03925981575906697 0.999229036240723 0
    outer loop
      vertex 28 7 16
      vertex 28.15691819145569 6.993834667466256 11.6
      vertex 28 7 11.6
    endloop
  endfacet
  facet normal 0.11753739745783902 0.9930684569549262 0
    outer loop
      vertex 28.15691819145569 6.993834667466256 16
      vertex 28.312868930080462 6.9753766811902755 11.6
      vertex 28.15691819145569 6.993834667466256 11.6
    endloop
  endfacet
  facet normal 0.19509032201612816 0.9807852804032305 0
    outer loop
      vertex 28.312868930080462 6.9753766811902755 16
      vertex 28.46689072771181 6.944739840795354 11.6
      vertex 28.312868930080462 6.9753766811902755 11.6
    endloop
  endfacet
  facet normal 0.4186597375374305 0.9081431738250801 0
    outer loop
      vertex 28.76536686473018 6.847759065022574 16
      vertex 28.907980999479093 6.782013048376736 11.6
      vertex 28.76536686473018 6.847759065022574 11.6
    endloop
  endfacet
  facet normal 0.2714404498650773 0.9624552364536464 0
    outer loop
      vertex 28.46689072771181 6.944739840795354 16
      vertex 28.618033988749893 6.902113032590307 11.6
      vertex 28.46689072771181 6.944739840795354 11.6
    endloop
  endfacet
  facet normal 0.3461170570774886 0.9381913359224857 0
    outer loop
      vertex 28.618033988749893 6.902113032590307 16
      vertex 28.76536686473018 6.847759065022574 11.6
      vertex 28.618033988749893 6.902113032590307 11.6
    endloop
  endfacet
  facet normal 0.4886212414969524 0.8724960070727986 0
    outer loop
      vertex 28.907980999479093 6.782013048376736 16
      vertex 29.0449971294319 6.705280328708184 11.6
      vertex 28.907980999479093 6.782013048376736 11.6
    endloop
  endfacet
  facet normal 0.5555702330196025 0.8314696123025451 0
    outer loop
      vertex 29.0449971294319 6.705280328708184 16
      vertex 29.175570504584947 6.618033988749895 11.6
      vertex 29.0449971294319 6.705280328708184 11.6
    endloop
  endfacet
  facet normal 0.6190939493098335 0.7853169308807454 0
    outer loop
      vertex 29.175570504584947 6.618033988749895 16
      vertex 29.298896096660368 6.520811931200062 11.6
      vertex 29.175570504584947 6.618033988749895 11.6
    endloop
  endfacet
  facet normal 0.9930684569549268 -0.11753739745783276 0
    outer loop
      vertex 29.993834667466256 4.84308180854431 16
      vertex 29.975376681190276 4.6871310699195385 11.6
      vertex 29.993834667466256 4.84308180854431 11.6
    endloop
  endfacet
  facet normal 0.999229036240723 -0.03925981575906742 0
    outer loop
      vertex 30 5 16
      vertex 29.993834667466256 4.84308180854431 11.6
      vertex 30 5 11.6
    endloop
  endfacet
  facet normal 0.999229036240723 0.03925981575906742 0
    outer loop
      vertex 29.993834667466256 5.15691819145569 16
      vertex 30 5 11.6
      vertex 29.993834667466256 5.15691819145569 11.6
    endloop
  endfacet
  facet normal 0.9930684569549268 0.11753739745783276 0
    outer loop
      vertex 29.975376681190276 5.3128689300804615 16
      vertex 29.993834667466256 5.15691819145569 11.6
      vertex 29.975376681190276 5.3128689300804615 11.6
    endloop
  endfacet
  facet normal 0.9807852804032298 0.19509032201613147 0
    outer loop
      vertex 29.944739840795354 5.466890727711811 16
      vertex 29.975376681190276 5.3128689300804615 11.6
      vertex 29.944739840795354 5.466890727711811 11.6
    endloop
  endfacet
  facet normal 0.9624552364536468 0.2714404498650758 0
    outer loop
      vertex 29.902113032590307 5.618033988749895 16
      vertex 29.944739840795354 5.466890727711811 11.6
      vertex 29.902113032590307 5.618033988749895 11.6
    endloop
  endfacet
  facet normal 0.9081431738250867 0.4186597375374165 0
    outer loop
      vertex 29.782013048376736 5.9079809994790935 16
      vertex 29.847759065022572 5.765366864730179 11.6
      vertex 29.782013048376736 5.9079809994790935 11.6
    endloop
  endfacet
  facet normal 0.9381913359224807 0.3461170570775022 0
    outer loop
      vertex 29.847759065022572 5.765366864730179 16
      vertex 29.902113032590307 5.618033988749895 11.6
      vertex 29.847759065022572 5.765366864730179 11.6
    endloop
  endfacet
  facet normal 0.8314696123025416 0.5555702330196077 0
    outer loop
      vertex 29.618033988749893 6.175570504584947 16
      vertex 29.705280328708184 6.044997129431898 11.6
      vertex 29.618033988749893 6.175570504584947 11.6
    endloop
  endfacet
  facet normal 0.7343225094356884 0.6788007455329386 0
    outer loop
      vertex 29.414213562373096 6.414213562373095 16
      vertex 29.52081193120006 6.298896096660368 11.6
      vertex 29.414213562373096 6.414213562373095 11.6
    endloop
  endfacet
  facet normal 0.6788007455329419 0.7343225094356853 0
    outer loop
      vertex 29.298896096660368 6.520811931200062 16
      vertex 29.414213562373096 6.414213562373095 11.6
      vertex 29.298896096660368 6.520811931200062 11.6
    endloop
  endfacet
  facet normal 0.7853169308807482 0.61909394930983 0
    outer loop
      vertex 29.52081193120006 6.298896096660368 16
      vertex 29.618033988749893 6.175570504584947 11.6
      vertex 29.52081193120006 6.298896096660368 11.6
    endloop
  endfacet
  facet normal 0.8724960070727947 0.48862124149695907 0
    outer loop
      vertex 29.705280328708184 6.044997129431898 16
      vertex 29.782013048376736 5.9079809994790935 11.6
      vertex 29.705280328708184 6.044997129431898 11.6
    endloop
  endfacet
  facet normal 0 0 1
    outer loop
      vertex 26.701103903339632 23.47918806879994 16
      vertex 26.824429495415053 23.381966011250107 16
      vertex 29.298896096660368 23.47918806879994 16
    endloop
  endfacet
  facet normal 0 0 1
    outer loop
      vertex 26.585786437626904 23.585786437626904 16
      vertex 26.701103903339632 23.47918806879994 16
      vertex 29.414213562373096 23.585786437626904 16
    endloop
  endfacet
  facet normal 0 0 1
    outer loop
      vertex 26.47918806879994 23.701103903339632 16
      vertex 26.585786437626904 23.585786437626904 16
      vertex 29.52081193120006 23.701103903339632 16
    endloop
  endfacet
  facet normal 0 0 1
    outer loop
      vertex 27.23463313526982 23.152240934977428 16
      vertex 27.381966011250107 23.097886967409693 16
      vertex 28.76536686473018 23.152240934977428 16
    endloop
  endfacet
  facet normal 0 0 1
    outer loop
      vertex 27.84308180854431 23.006165332533744 16
      vertex 28 23 16
      vertex 28.15691819145569 23.006165332533744 16
    endloop
  endfacet
  facet normal 0 0 1
    outer loop
      vertex 27.53310927228819 23.055260159204646 16
      vertex 27.687131069919538 23.024623318809724 16
      vertex 28.46689072771181 23.055260159204646 16
    endloop
  endfacet
  facet normal 0 0 1
    outer loop
      vertex 27.381966011250107 23.097886967409693 16
      vertex 27.53310927228819 23.055260159204646 16
      vertex 28.618033988749893 23.097886967409693 16
    endloop
  endfacet
  facet normal 0 0 1
    outer loop
      vertex 27.687131069919538 23.024623318809724 16
      vertex 27.84308180854431 23.006165332533744 16
      vertex 28.312868930080462 23.024623318809724 16
    endloop
  endfacet
  facet normal 0 0 1
    outer loop
      vertex 27.84308180854431 23.006165332533744 16
      vertex 28.15691819145569 23.006165332533744 16
      vertex 28.312868930080462 23.024623318809724 16
    endloop
  endfacet
  facet normal 0 0 1
    outer loop
      vertex 27.687131069919538 23.024623318809724 16
      vertex 28.312868930080462 23.024623318809724 16
      vertex 28.46689072771181 23.055260159204646 16
    endloop
  endfacet
  facet normal 0 0 1
    outer loop
      vertex 27.53310927228819 23.055260159204646 16
      vertex 28.46689072771181 23.055260159204646 16
      vertex 28.618033988749893 23.097886967409693 16
    endloop
  endfacet
  facet normal 0 0 1
    outer loop
      vertex 27.381966011250107 23.097886967409693 16
      vertex 28.618033988749893 23.097886967409693 16
      vertex 28.76536686473018 23.152240934977428 16
    endloop
  endfacet
  facet normal 0 0 1
    outer loop
      vertex 26.9550028705681 23.294719671291816 16
      vertex 27.092019000520907 23.217986951623264 16
      vertex 29.0449971294319 23.294719671291816 16
    endloop
  endfacet
  facet normal 0 0 1
    outer loop
      vertex 27.092019000520907 23.217986951623264 16
      vertex 27.23463313526982 23.152240934977428 16
      vertex 28.907980999479093 23.217986951623264 16
    endloop
  endfacet
  facet normal 0 0 1
    outer loop
      vertex 26.824429495415053 23.381966011250107 16
      vertex 26.9550028705681 23.294719671291816 16
      vertex 29.175570504584947 23.381966011250107 16
    endloop
  endfacet
  facet normal 0 0 1
    outer loop
      vertex 27.23463313526982 23.152240934977428 16
      vertex 28.76536686473018 23.152240934977428 16
      vertex 28.907980999479093 23.217986951623264 16
    endloop
  endfacet
  facet normal 0 0 1
    outer loop
      vertex 27.092019000520907 23.217986951623264 16
      vertex 28.907980999479093 23.217986951623264 16
      vertex 29.0449971294319 23.294719671291816 16
    endloop
  endfacet
  facet normal 0 0 1
    outer loop
      vertex 26.9550028705681 23.294719671291816 16
      vertex 29.0449971294319 23.294719671291816 16
      vertex 29.175570504584947 23.381966011250107 16
    endloop
  endfacet
  facet normal 0 0 1
    outer loop
      vertex 26.824429495415053 23.381966011250107 16
      vertex 29.175570504584947 23.381966011250107 16
      vertex 29.298896096660368 23.47918806879994 16
    endloop
  endfacet
  facet normal 0 0 1
    outer loop
      vertex 26.701103903339632 23.47918806879994 16
      vertex 29.298896096660368 23.47918806879994 16
      vertex 29.414213562373096 23.585786437626904 16
    endloop
  endfacet
  facet normal 0 0 1
    outer loop
      vertex 26.585786437626904 23.585786437626904 16
      vertex 29.414213562373096 23.585786437626904 16
      vertex 29.52081193120006 23.701103903339632 16
    endloop
  endfacet
  facet normal 0 0 1
    outer loop
      vertex 26.47918806879994 23.701103903339632 16
      vertex 29.52081193120006 23.701103903339632 16
      vertex 29.618033988749893 23.824429495415053 16
    endloop
  endfacet
  facet normal -0.61909394930983 -0.7853169308807482 0
    outer loop
      vertex 26.701103903339632 23.47918806879994 16
      vertex 26.701103903339632 23.47918806879994 11.6
      vertex 26.824429495415053 23.381966011250107 16
    endloop
  endfacet
  facet normal -0.734322509435691 -0.6788007455329358 0
    outer loop
      vertex 26.47918806879994 23.701103903339632 16
      vertex 26.47918806879994 23.701103903339632 11.6
      vertex 26.585786437626904 23.585786437626904 16
    endloop
  endfacet
  facet normal -0.6788007455329358 -0.734322509435691 0
    outer loop
      vertex 26.585786437626904 23.585786437626904 16
      vertex 26.585786437626904 23.585786437626904 11.6
      vertex 26.701103903339632 23.47918806879994 16
    endloop
  endfacet
  facet normal -0.34611705707749857 -0.9381913359224822 0
    outer loop
      vertex 27.23463313526982 23.152240934977428 16
      vertex 27.23463313526982 23.152240934977428 11.6
      vertex 27.381966011250107 23.097886967409693 16
    endloop
  endfacet
  facet normal -0.2714404498650773 -0.9624552364536464 0
    outer loop
      vertex 27.381966011250107 23.097886967409693 16
      vertex 27.381966011250107 23.097886967409693 11.6
      vertex 27.53310927228819 23.055260159204646 16
    endloop
  endfacet
  facet normal -0.19509032201613363 -0.9807852804032294 0
    outer loop
      vertex 27.53310927228819 23.055260159204646 16
      vertex 27.53310927228819 23.055260159204646 11.6
      vertex 27.687131069919538 23.024623318809724 16
    endloop
  endfacet
  facet normal -0.48862124149695674 -0.8724960070727962 0
    outer loop
      vertex 26.9550028705681 23.294719671291816 16
      vertex 26.9550028705681 23.294719671291816 11.6
      vertex 27.092019000520907 23.217986951623264 16
    endloop
  endfacet
  facet normal -0.5555702330196103 -0.8314696123025398 0
    outer loop
      vertex 26.824429495415053 23.381966011250107 16
      vertex 26.824429495415053 23.381966011250107 11.6
      vertex 26.9550028705681 23.294719671291816 16
    endloop
  endfacet
  facet normal -0.4186597375374165 -0.9081431738250867 0
    outer loop
      vertex 27.092019000520907 23.217986951623264 16
      vertex 27.092019000520907 23.217986951623264 11.6
      vertex 27.23463313526982 23.152240934977428 16
    endloop
  endfacet
  facet normal -0.11753739745783343 -0.9930684569549267 0
    outer loop
      vertex 27.687131069919538 23.024623318809724 16
      vertex 27.687131069919538 23.024623318809724 11.6
      vertex 27.84308180854431 23.006165332533744 16
    endloop
  endfacet
  facet normal -0.03925981575906697 -0.999229036240723 0
    outer loop
      vertex 27.84308180854431 23.006165332533744 16
      vertex 27.84308180854431 23.006165332533744 11.6
      vertex 28 23 16
    endloop
  endfacet
  facet normal 0.03925981575906697 -0.999229036240723 0
    outer loop
      vertex 28 23 16
      vertex 28 23 11.6
      vertex 28.15691819145569 23.006165332533744 16
    endloop
  endfacet
  facet normal 0.11753739745783343 -0.9930684569549267 0
    outer loop
      vertex 28.15691819145569 23.006165332533744 16
      vertex 28.15691819145569 23.006165332533744 11.6
      vertex 28.312868930080462 23.024623318809724 16
    endloop
  endfacet
  facet normal 0.19509032201613363 -0.9807852804032294 0
    outer loop
      vertex 28.312868930080462 23.024623318809724 16
      vertex 28.312868930080462 23.024623318809724 11.6
      vertex 28.46689072771181 23.055260159204646 16
    endloop
  endfacet
  facet normal 0.2714404498650773 -0.9624552364536464 0
    outer loop
      vertex 28.46689072771181 23.055260159204646 16
      vertex 28.46689072771181 23.055260159204646 11.6
      vertex 28.618033988749893 23.097886967409693 16
    endloop
  endfacet
  facet normal 0.34611705707749857 -0.9381913359224822 0
    outer loop
      vertex 28.618033988749893 23.097886967409693 16
      vertex 28.618033988749893 23.097886967409693 11.6
      vertex 28.76536686473018 23.152240934977428 16
    endloop
  endfacet
  facet normal 0.4186597375374165 -0.9081431738250867 0
    outer loop
      vertex 28.76536686473018 23.152240934977428 16
      vertex 28.76536686473018 23.152240934977428 11.6
      vertex 28.907980999479093 23.217986951623264 16
    endloop
  endfacet
  facet normal 0.48862124149695674 -0.8724960070727962 0
    outer loop
      vertex 28.907980999479093 23.217986951623264 16
      vertex 28.907980999479093 23.217986951623264 11.6
      vertex 29.0449971294319 23.294719671291816 16
    endloop
  endfacet
  facet normal 0.5555702330196103 -0.8314696123025398 0
    outer loop
      vertex 29.0449971294319 23.294719671291816 16
      vertex 29.0449971294319 23.294719671291816 11.6
      vertex 29.175570504584947 23.381966011250107 16
    endloop
  endfacet
  facet normal 0.61909394930983 -0.7853169308807482 0
    outer loop
      vertex 29.175570504584947 23.381966011250107 16
      vertex 29.175570504584947 23.381966011250107 11.6
      vertex 29.298896096660368 23.47918806879994 16
    endloop
  endfacet
  facet normal 0.6788007455329358 -0.734322509435691 0
    outer loop
      vertex 29.298896096660368 23.47918806879994 16
      vertex 29.298896096660368 23.47918806879994 11.6
      vertex 29.414213562373096 23.585786437626904 16
    endloop
  endfacet
  facet normal 0.734322509435691 -0.6788007455329358 0
    outer loop
      vertex 29.414213562373096 23.585786437626904 16
      vertex 29.414213562373096 23.585786437626904 11.6
      vertex 29.52081193120006 23.701103903339632 16
    endloop
  endfacet
  facet normal 0.7853169308807482 -0.61909394930983 0
    outer loop
      vertex 29.52081193120006 23.701103903339632 16
      vertex 29.52081193120006 23.701103903339632 11.6
      vertex 29.618033988749893 23.824429495415053 16
    endloop
  endfacet
  facet normal 0 0 1
    outer loop
      vertex 26.381966011250107 23.824429495415053 16
      vertex 26.47918806879994 23.701103903339632 16
      vertex 29.618033988749893 23.824429495415053 16
    endloop
  endfacet
  facet normal 0 0 1
    outer loop
      vertex 26.294719671291816 23.9550028705681 16
      vertex 26.381966011250107 23.824429495415053 16
      vertex 29.705280328708184 23.9550028705681 16
    endloop
  endfacet
  facet normal 0 0 1
    outer loop
      vertex 26.294719671291816 23.9550028705681 16
      vertex 29.782013048376736 24.092019000520907 16
      vertex 26.217986951623264 24.092019000520907 16
    endloop
  endfacet
  facet normal 0 0 1
    outer loop
      vertex 26.152240934977428 24.23463313526982 16
      vertex 26.217986951623264 24.092019000520907 16
      vertex 29.847759065022572 24.23463313526982 16
    endloop
  endfacet
  facet normal 0 0 1
    outer loop
      vertex 26.097886967409693 24.381966011250107 16
      vertex 26.152240934977428 24.23463313526982 16
      vertex 29.902113032590307 24.381966011250107 16
    endloop
  endfacet
  facet normal 0 0 1
    outer loop
      vertex 26.055260159204646 24.53310927228819 16
      vertex 26.097886967409693 24.381966011250107 16
      vertex 29.944739840795354 24.53310927228819 16
    endloop
  endfacet
  facet normal 0 0 1
    outer loop
      vertex 26.024623318809724 24.687131069919538 16
      vertex 26.055260159204646 24.53310927228819 16
      vertex 29.975376681190276 24.687131069919538 16
    endloop
  endfacet
  facet normal 0 0 1
    outer loop
      vertex 26.024623318809724 24.687131069919538 16
      vertex 29.993834667466256 24.84308180854431 16
      vertex 26.006165332533744 24.84308180854431 16
    endloop
  endfacet
  facet normal 0 0 1
    outer loop
      vertex 26.006165332533744 24.84308180854431 16
      vertex 30 25 16
      vertex 26 25 16
    endloop
  endfacet
  facet normal 0 0 1
    outer loop
      vertex 26 25 16
      vertex 29.993834667466256 25.15691819145569 16
      vertex 26.006165332533744 25.15691819145569 16
    endloop
  endfacet
  facet normal 0 0 1
    outer loop
      vertex 26.006165332533744 25.15691819145569 16
      vertex 29.975376681190276 25.312868930080462 16
      vertex 26.024623318809724 25.312868930080462 16
    endloop
  endfacet
  facet normal 0 0 1
    outer loop
      vertex 26.024623318809724 25.312868930080462 16
      vertex 29.944739840795354 25.46689072771181 16
      vertex 26.055260159204646 25.46689072771181 16
    endloop
  endfacet
  facet normal 0 0 1
    outer loop
      vertex 26.055260159204646 25.46689072771181 16
      vertex 29.902113032590307 25.618033988749893 16
      vertex 26.097886967409693 25.618033988749893 16
    endloop
  endfacet
  facet normal 0 0 1
    outer loop
      vertex 26.097886967409693 25.618033988749893 16
      vertex 29.847759065022572 25.76536686473018 16
      vertex 26.152240934977428 25.76536686473018 16
    endloop
  endfacet
  facet normal 0 0 1
    outer loop
      vertex 26.152240934977428 25.76536686473018 16
      vertex 29.782013048376736 25.907980999479093 16
      vertex 26.217986951623264 25.907980999479093 16
    endloop
  endfacet
  facet normal 0 0 1
    outer loop
      vertex 26.217986951623264 25.907980999479093 16
      vertex 29.705280328708184 26.0449971294319 16
      vertex 26.294719671291816 26.0449971294319 16
    endloop
  endfacet
  facet normal 0 0 1
    outer loop
      vertex 26.381966011250107 23.824429495415053 16
      vertex 29.618033988749893 23.824429495415053 16
      vertex 29.705280328708184 23.9550028705681 16
    endloop
  endfacet
  facet normal 0 0 1
    outer loop
      vertex 26.294719671291816 23.9550028705681 16
      vertex 29.705280328708184 23.9550028705681 16
      vertex 29.782013048376736 24.092019000520907 16
    endloop
  endfacet
  facet normal 0 0 1
    outer loop
      vertex 26.217986951623264 24.092019000520907 16
      vertex 29.782013048376736 24.092019000520907 16
      vertex 29.847759065022572 24.23463313526982 16
    endloop
  endfacet
  facet normal 0 0 1
    outer loop
      vertex 26.152240934977428 24.23463313526982 16
      vertex 29.847759065022572 24.23463313526982 16
      vertex 29.902113032590307 24.381966011250107 16
    endloop
  endfacet
  facet normal 0 0 1
    outer loop
      vertex 26.097886967409693 24.381966011250107 16
      vertex 29.902113032590307 24.381966011250107 16
      vertex 29.944739840795354 24.53310927228819 16
    endloop
  endfacet
  facet normal 0 0 1
    outer loop
      vertex 26.055260159204646 24.53310927228819 16
      vertex 29.944739840795354 24.53310927228819 16
      vertex 29.975376681190276 24.687131069919538 16
    endloop
  endfacet
  facet normal 0 0 1
    outer loop
      vertex 26.024623318809724 24.687131069919538 16
      vertex 29.975376681190276 24.687131069919538 16
      vertex 29.993834667466256 24.84308180854431 16
    endloop
  endfacet
  facet normal 0 0 1
    outer loop
      vertex 26.006165332533744 24.84308180854431 16
      vertex 29.993834667466256 24.84308180854431 16
      vertex 30 25 16
    endloop
  endfacet
  facet normal 0 0 1
    outer loop
      vertex 26 25 16
      vertex 30 25 16
      vertex 29.993834667466256 25.15691819145569 16
    endloop
  endfacet
  facet normal 0 0 1
    outer loop
      vertex 26.006165332533744 25.15691819145569 16
      vertex 29.993834667466256 25.15691819145569 16
      vertex 29.975376681190276 25.312868930080462 16
    endloop
  endfacet
  facet normal 0 0 1
    outer loop
      vertex 26.055260159204646 25.46689072771181 16
      vertex 29.944739840795354 25.46689072771181 16
      vertex 29.902113032590307 25.618033988749893 16
    endloop
  endfacet
  facet normal 0 0 1
    outer loop
      vertex 26.024623318809724 25.312868930080462 16
      vertex 29.975376681190276 25.312868930080462 16
      vertex 29.944739840795354 25.46689072771181 16
    endloop
  endfacet
  facet normal 0 0 1
    outer loop
      vertex 26.097886967409693 25.618033988749893 16
      vertex 29.902113032590307 25.618033988749893 16
      vertex 29.847759065022572 25.76536686473018 16
    endloop
  endfacet
  facet normal 0 0 1
    outer loop
      vertex 26.152240934977428 25.76536686473018 16
      vertex 29.847759065022572 25.76536686473018 16
      vertex 29.782013048376736 25.907980999479093 16
    endloop
  endfacet
  facet normal 0 0 1
    outer loop
      vertex 26.217986951623264 25.907980999479093 16
      vertex 29.782013048376736 25.907980999479093 16
      vertex 29.705280328708184 26.0449971294319 16
    endloop
  endfacet
  facet normal 0 0 1
    outer loop
      vertex 26.294719671291816 26.0449971294319 16
      vertex 29.705280328708184 26.0449971294319 16
      vertex 29.618033988749893 26.175570504584947 16
    endloop
  endfacet
  facet normal 0 0 1
    outer loop
      vertex 26.294719671291816 26.0449971294319 16
      vertex 29.618033988749893 26.175570504584947 16
      vertex 26.381966011250107 26.175570504584947 16
    endloop
  endfacet
  facet normal 0 0 1
    outer loop
      vertex 26.381966011250107 26.175570504584947 16
      vertex 29.52081193120006 26.298896096660368 16
      vertex 26.47918806879994 26.298896096660368 16
    endloop
  endfacet
  facet normal 0 0 1
    outer loop
      vertex 26.47918806879994 26.298896096660368 16
      vertex 29.414213562373096 26.414213562373096 16
      vertex 26.585786437626904 26.414213562373096 16
    endloop
  endfacet
  facet normal 0 0 1
    outer loop
      vertex 26.585786437626904 26.414213562373096 16
      vertex 29.298896096660368 26.52081193120006 16
      vertex 26.701103903339632 26.52081193120006 16
    endloop
  endfacet
  facet normal 0 0 1
    outer loop
      vertex 26.701103903339632 26.52081193120006 16
      vertex 29.175570504584947 26.618033988749893 16
      vertex 26.824429495415053 26.618033988749893 16
    endloop
  endfacet
  facet normal 0 0 1
    outer loop
      vertex 26.824429495415053 26.618033988749893 16
      vertex 29.0449971294319 26.705280328708184 16
      vertex 26.9550028705681 26.705280328708184 16
    endloop
  endfacet
  facet normal 0 0 1
    outer loop
      vertex 26.585786437626904 26.414213562373096 16
      vertex 29.414213562373096 26.414213562373096 16
      vertex 29.298896096660368 26.52081193120006 16
    endloop
  endfacet
  facet normal 0 0 1
    outer loop
      vertex 26.701103903339632 26.52081193120006 16
      vertex 29.298896096660368 26.52081193120006 16
      vertex 29.175570504584947 26.618033988749893 16
    endloop
  endfacet
  facet normal 0 0 1
    outer loop
      vertex 26.824429495415053 26.618033988749893 16
      vertex 29.175570504584947 26.618033988749893 16
      vertex 29.0449971294319 26.705280328708184 16
    endloop
  endfacet
  facet normal 0 0 1
    outer loop
      vertex 26.9550028705681 26.705280328708184 16
      vertex 28.907980999479093 26.782013048376736 16
      vertex 27.092019000520907 26.782013048376736 16
    endloop
  endfacet
  facet normal 0 0 1
    outer loop
      vertex 27.092019000520907 26.782013048376736 16
      vertex 28.76536686473018 26.847759065022572 16
      vertex 27.23463313526982 26.847759065022572 16
    endloop
  endfacet
  facet normal 0 0 1
    outer loop
      vertex 27.23463313526982 26.847759065022572 16
      vertex 28.618033988749893 26.902113032590307 16
      vertex 27.381966011250107 26.902113032590307 16
    endloop
  endfacet
  facet normal 0 0 1
    outer loop
      vertex 27.381966011250107 26.902113032590307 16
      vertex 28.46689072771181 26.944739840795354 16
      vertex 27.53310927228819 26.944739840795354 16
    endloop
  endfacet
  facet normal 0 0 1
    outer loop
      vertex 27.53310927228819 26.944739840795354 16
      vertex 28.312868930080462 26.975376681190276 16
      vertex 27.687131069919538 26.975376681190276 16
    endloop
  endfacet
  facet normal 0 0 1
    outer loop
      vertex 27.687131069919538 26.975376681190276 16
      vertex 28.15691819145569 26.993834667466256 16
      vertex 27.84308180854431 26.993834667466256 16
    endloop
  endfacet
  facet normal 0 0 1
    outer loop
      vertex 27.84308180854431 26.993834667466256 16
      vertex 28.15691819145569 26.993834667466256 16
      vertex 28 27 16
    endloop
  endfacet
  facet normal 0 0 1
    outer loop
      vertex 27.23463313526982 26.847759065022572 16
      vertex 28.76536686473018 26.847759065022572 16
      vertex 28.618033988749893 26.902113032590307 16
    endloop
  endfacet
  facet normal 0 0 1
    outer loop
      vertex 27.687131069919538 26.975376681190276 16
      vertex 28.312868930080462 26.975376681190276 16
      vertex 28.15691819145569 26.993834667466256 16
    endloop
  endfacet
  facet normal 0 0 1
    outer loop
      vertex 27.53310927228819 26.944739840795354 16
      vertex 28.46689072771181 26.944739840795354 16
      vertex 28.312868930080462 26.975376681190276 16
    endloop
  endfacet
  facet normal 0 0 1
    outer loop
      vertex 27.381966011250107 26.902113032590307 16
      vertex 28.618033988749893 26.902113032590307 16
      vertex 28.46689072771181 26.944739840795354 16
    endloop
  endfacet
  facet normal 0 0 1
    outer loop
      vertex 26.9550028705681 26.705280328708184 16
      vertex 29.0449971294319 26.705280328708184 16
      vertex 28.907980999479093 26.782013048376736 16
    endloop
  endfacet
  facet normal 0 0 1
    outer loop
      vertex 27.092019000520907 26.782013048376736 16
      vertex 28.907980999479093 26.782013048376736 16
      vertex 28.76536686473018 26.847759065022572 16
    endloop
  endfacet
  facet normal 0 0 1
    outer loop
      vertex 26.381966011250107 26.175570504584947 16
      vertex 29.618033988749893 26.175570504584947 16
      vertex 29.52081193120006 26.298896096660368 16
    endloop
  endfacet
  facet normal 0 0 1
    outer loop
      vertex 26.47918806879994 26.298896096660368 16
      vertex 29.52081193120006 26.298896096660368 16
      vertex 29.414213562373096 26.414213562373096 16
    endloop
  endfacet
  facet normal -0.8724960070727962 -0.48862124149695674 0
    outer loop
      vertex 26.294719671291816 23.9550028705681 16
      vertex 26.217986951623264 24.092019000520907 16
      vertex 26.217986951623264 24.092019000520907 11.6
    endloop
  endfacet
  facet normal -0.8314696123025398 -0.5555702330196103 0
    outer loop
      vertex 26.294719671291816 23.9550028705681 16
      vertex 26.294719671291816 23.9550028705681 11.6
      vertex 26.381966011250107 23.824429495415053 16
    endloop
  endfacet
  facet normal -0.9081431738250867 -0.4186597375374165 0
    outer loop
      vertex 26.152240934977428 24.23463313526982 16
      vertex 26.152240934977428 24.23463313526982 11.6
      vertex 26.217986951623264 24.092019000520907 16
    endloop
  endfacet
  facet normal -0.9381913359224822 -0.34611705707749857 0
    outer loop
      vertex 26.097886967409693 24.381966011250107 16
      vertex 26.097886967409693 24.381966011250107 11.6
      vertex 26.152240934977428 24.23463313526982 16
    endloop
  endfacet
  facet normal -0.7853169308807482 -0.61909394930983 0
    outer loop
      vertex 26.381966011250107 23.824429495415053 16
      vertex 26.381966011250107 23.824429495415053 11.6
      vertex 26.47918806879994 23.701103903339632 16
    endloop
  endfacet
  facet normal -0.9624552364536464 -0.2714404498650773 0
    outer loop
      vertex 26.055260159204646 24.53310927228819 16
      vertex 26.055260159204646 24.53310927228819 11.6
      vertex 26.097886967409693 24.381966011250107 16
    endloop
  endfacet
  facet normal -0.9807852804032294 -0.19509032201613363 0
    outer loop
      vertex 26.024623318809724 24.687131069919538 16
      vertex 26.024623318809724 24.687131069919538 11.6
      vertex 26.055260159204646 24.53310927228819 16
    endloop
  endfacet
  facet normal -0.9930684569549267 -0.11753739745783343 0
    outer loop
      vertex 26.024623318809724 24.687131069919538 16
      vertex 26.006165332533744 24.84308180854431 16
      vertex 26.006165332533744 24.84308180854431 11.6
    endloop
  endfacet
  facet normal -0.999229036240723 -0.03925981575906697 0
    outer loop
      vertex 26.006165332533744 24.84308180854431 16
      vertex 26 25 16
      vertex 26 25 11.6
    endloop
  endfacet
  facet normal -0.999229036240723 0.03925981575906697 0
    outer loop
      vertex 26 25 16
      vertex 26.006165332533744 25.15691819145569 16
      vertex 26.006165332533744 25.15691819145569 11.6
    endloop
  endfacet
  facet normal -0.9930684569549267 0.11753739745783343 0
    outer loop
      vertex 26.006165332533744 25.15691819145569 16
      vertex 26.024623318809724 25.312868930080462 16
      vertex 26.024623318809724 25.312868930080462 11.6
    endloop
  endfacet
  facet normal -0.9807852804032294 0.19509032201613363 0
    outer loop
      vertex 26.024623318809724 25.312868930080462 16
      vertex 26.055260159204646 25.46689072771181 16
      vertex 26.055260159204646 25.46689072771181 11.6
    endloop
  endfacet
  facet normal -0.9624552364536464 0.2714404498650773 0
    outer loop
      vertex 26.055260159204646 25.46689072771181 16
      vertex 26.097886967409693 25.618033988749893 16
      vertex 26.097886967409693 25.618033988749893 11.6
    endloop
  endfacet
  facet normal -0.9381913359224822 0.34611705707749857 0
    outer loop
      vertex 26.097886967409693 25.618033988749893 16
      vertex 26.152240934977428 25.76536686473018 16
      vertex 26.152240934977428 25.76536686473018 11.6
    endloop
  endfacet
  facet normal -0.9081431738250867 0.4186597375374165 0
    outer loop
      vertex 26.152240934977428 25.76536686473018 16
      vertex 26.217986951623264 25.907980999479093 16
      vertex 26.217986951623264 25.907980999479093 11.6
    endloop
  endfacet
  facet normal -0.8724960070727962 0.48862124149695674 0
    outer loop
      vertex 26.217986951623264 25.907980999479093 16
      vertex 26.294719671291816 26.0449971294319 16
      vertex 26.294719671291816 26.0449971294319 11.6
    endloop
  endfacet
  facet normal -0.8314696123025398 0.5555702330196103 0
    outer loop
      vertex 26.294719671291816 26.0449971294319 16
      vertex 26.381966011250107 26.175570504584947 16
      vertex 26.381966011250107 26.175570504584947 11.6
    endloop
  endfacet
  facet normal -0.7853169308807482 0.61909394930983 0
    outer loop
      vertex 26.381966011250107 26.175570504584947 16
      vertex 26.47918806879994 26.298896096660368 16
      vertex 26.47918806879994 26.298896096660368 11.6
    endloop
  endfacet
  facet normal -0.734322509435691 0.6788007455329358 0
    outer loop
      vertex 26.47918806879994 26.298896096660368 16
      vertex 26.585786437626904 26.414213562373096 16
      vertex 26.585786437626904 26.414213562373096 11.6
    endloop
  endfacet
  facet normal -0.6788007455329358 0.734322509435691 0
    outer loop
      vertex 26.585786437626904 26.414213562373096 16
      vertex 26.701103903339632 26.52081193120006 16
      vertex 26.701103903339632 26.52081193120006 11.6
    endloop
  endfacet
  facet normal -0.61909394930983 0.7853169308807482 0
    outer loop
      vertex 26.701103903339632 26.52081193120006 16
      vertex 26.824429495415053 26.618033988749893 16
      vertex 26.824429495415053 26.618033988749893 11.6
    endloop
  endfacet
  facet normal -0.5555702330196103 0.8314696123025398 0
    outer loop
      vertex 26.824429495415053 26.618033988749893 16
      vertex 26.9550028705681 26.705280328708184 16
      vertex 26.9550028705681 26.705280328708184 11.6
    endloop
  endfacet
  facet normal -0.48862124149695674 0.8724960070727962 0
    outer loop
      vertex 26.9550028705681 26.705280328708184 16
      vertex 27.092019000520907 26.782013048376736 16
      vertex 27.092019000520907 26.782013048376736 11.6
    endloop
  endfacet
  facet normal -0.4186597375374165 0.9081431738250867 0
    outer loop
      vertex 27.092019000520907 26.782013048376736 16
      vertex 27.23463313526982 26.847759065022572 16
      vertex 27.23463313526982 26.847759065022572 11.6
    endloop
  endfacet
  facet normal -0.34611705707749857 0.9381913359224822 0
    outer loop
      vertex 27.23463313526982 26.847759065022572 16
      vertex 27.381966011250107 26.902113032590307 16
      vertex 27.381966011250107 26.902113032590307 11.6
    endloop
  endfacet
  facet normal -0.2714404498650773 0.9624552364536464 0
    outer loop
      vertex 27.381966011250107 26.902113032590307 16
      vertex 27.53310927228819 26.944739840795354 16
      vertex 27.53310927228819 26.944739840795354 11.6
    endloop
  endfacet
  facet normal -0.19509032201613363 0.9807852804032294 0
    outer loop
      vertex 27.53310927228819 26.944739840795354 16
      vertex 27.687131069919538 26.975376681190276 16
      vertex 27.687131069919538 26.975376681190276 11.6
    endloop
  endfacet
  facet normal -0.11753739745783343 0.9930684569549267 0
    outer loop
      vertex 27.687131069919538 26.975376681190276 16
      vertex 27.84308180854431 26.993834667466256 16
      vertex 27.84308180854431 26.993834667466256 11.6
    endloop
  endfacet
  facet normal -0.03925981575906697 0.999229036240723 0
    outer loop
      vertex 27.84308180854431 26.993834667466256 16
      vertex 28 27 16
      vertex 28 27 11.6
    endloop
  endfacet
  facet normal 0.03925981575906697 0.999229036240723 0
    outer loop
      vertex 28 27 16
      vertex 28.15691819145569 26.993834667466256 16
      vertex 28.15691819145569 26.993834667466256 11.6
    endloop
  endfacet
  facet normal 0.11753739745783343 0.9930684569549267 0
    outer loop
      vertex 28.15691819145569 26.993834667466256 16
      vertex 28.312868930080462 26.975376681190276 16
      vertex 28.312868930080462 26.975376681190276 11.6
    endloop
  endfacet
  facet normal 0.19509032201613363 0.9807852804032294 0
    outer loop
      vertex 28.312868930080462 26.975376681190276 16
      vertex 28.46689072771181 26.944739840795354 16
      vertex 28.46689072771181 26.944739840795354 11.6
    endloop
  endfacet
  facet normal 0.5555702330196103 0.8314696123025398 0
    outer loop
      vertex 29.0449971294319 26.705280328708184 16
      vertex 29.175570504584947 26.618033988749893 16
      vertex 29.175570504584947 26.618033988749893 11.6
    endloop
  endfacet
  facet normal 0.2714404498650773 0.9624552364536464 0
    outer loop
      vertex 28.46689072771181 26.944739840795354 16
      vertex 28.618033988749893 26.902113032590307 16
      vertex 28.618033988749893 26.902113032590307 11.6
    endloop
  endfacet
  facet normal 0.34611705707749857 0.9381913359224822 0
    outer loop
      vertex 28.618033988749893 26.902113032590307 16
      vertex 28.76536686473018 26.847759065022572 16
      vertex 28.76536686473018 26.847759065022572 11.6
    endloop
  endfacet
  facet normal 0.4186597375374165 0.9081431738250867 0
    outer loop
      vertex 28.76536686473018 26.847759065022572 16
      vertex 28.907980999479093 26.782013048376736 16
      vertex 28.907980999479093 26.782013048376736 11.6
    endloop
  endfacet
  facet normal 0.48862124149695674 0.8724960070727962 0
    outer loop
      vertex 28.907980999479093 26.782013048376736 16
      vertex 29.0449971294319 26.705280328708184 16
      vertex 29.0449971294319 26.705280328708184 11.6
    endloop
  endfacet
  facet normal 0.8314696123025398 -0.5555702330196103 0
    outer loop
      vertex 29.618033988749893 23.824429495415053 16
      vertex 29.618033988749893 23.824429495415053 11.6
      vertex 29.705280328708184 23.9550028705681 16
    endloop
  endfacet
  facet normal 0.8724960070727962 -0.48862124149695674 0
    outer loop
      vertex 29.705280328708184 23.9550028705681 16
      vertex 29.705280328708184 23.9550028705681 11.6
      vertex 29.782013048376736 24.092019000520907 16
    endloop
  endfacet
  facet normal 0.9081431738250867 -0.4186597375374165 0
    outer loop
      vertex 29.782013048376736 24.092019000520907 16
      vertex 29.782013048376736 24.092019000520907 11.6
      vertex 29.847759065022572 24.23463313526982 16
    endloop
  endfacet
  facet normal 0.9381913359224822 -0.34611705707749857 0
    outer loop
      vertex 29.847759065022572 24.23463313526982 16
      vertex 29.847759065022572 24.23463313526982 11.6
      vertex 29.902113032590307 24.381966011250107 16
    endloop
  endfacet
  facet normal 0.9624552364536464 -0.2714404498650773 0
    outer loop
      vertex 29.902113032590307 24.381966011250107 16
      vertex 29.902113032590307 24.381966011250107 11.6
      vertex 29.944739840795354 24.53310927228819 16
    endloop
  endfacet
  facet normal 0.9807852804032294 -0.19509032201613363 0
    outer loop
      vertex 29.944739840795354 24.53310927228819 16
      vertex 29.944739840795354 24.53310927228819 11.6
      vertex 29.975376681190276 24.687131069919538 16
    endloop
  endfacet
  facet normal 0.9930684569549267 -0.11753739745783343 0
    outer loop
      vertex 29.975376681190276 24.687131069919538 16
      vertex 29.975376681190276 24.687131069919538 11.6
      vertex 29.993834667466256 24.84308180854431 16
    endloop
  endfacet
  facet normal 0.999229036240723 -0.03925981575906697 0
    outer loop
      vertex 29.993834667466256 24.84308180854431 16
      vertex 29.993834667466256 24.84308180854431 11.6
      vertex 30 25 16
    endloop
  endfacet
  facet normal 0.999229036240723 0.03925981575906697 0
    outer loop
      vertex 30 25 16
      vertex 30 25 11.6
      vertex 29.993834667466256 25.15691819145569 16
    endloop
  endfacet
  facet normal 0.9930684569549267 0.11753739745783343 0
    outer loop
      vertex 29.993834667466256 25.15691819145569 16
      vertex 29.993834667466256 25.15691819145569 11.6
      vertex 29.975376681190276 25.312868930080462 16
    endloop
  endfacet
  facet normal 0.9807852804032294 0.19509032201613363 0
    outer loop
      vertex 29.944739840795354 25.46689072771181 16
      vertex 29.975376681190276 25.312868930080462 16
      vertex 29.975376681190276 25.312868930080462 11.6
    endloop
  endfacet
  facet normal 0.9624552364536464 0.2714404498650773 0
    outer loop
      vertex 29.944739840795354 25.46689072771181 16
      vertex 29.944739840795354 25.46689072771181 11.6
      vertex 29.902113032590307 25.618033988749893 16
    endloop
  endfacet
  facet normal 0.9081431738250867 0.4186597375374165 0
    outer loop
      vertex 29.782013048376736 25.907980999479093 16
      vertex 29.847759065022572 25.76536686473018 16
      vertex 29.847759065022572 25.76536686473018 11.6
    endloop
  endfacet
  facet normal 0.9381913359224822 0.34611705707749857 0
    outer loop
      vertex 29.847759065022572 25.76536686473018 16
      vertex 29.902113032590307 25.618033988749893 16
      vertex 29.902113032590307 25.618033988749893 11.6
    endloop
  endfacet
  facet normal 0.8724960070727962 0.48862124149695674 0
    outer loop
      vertex 29.705280328708184 26.0449971294319 16
      vertex 29.782013048376736 25.907980999479093 16
      vertex 29.782013048376736 25.907980999479093 11.6
    endloop
  endfacet
  facet normal 0.8314696123025398 0.5555702330196103 0
    outer loop
      vertex 29.618033988749893 26.175570504584947 16
      vertex 29.705280328708184 26.0449971294319 16
      vertex 29.705280328708184 26.0449971294319 11.6
    endloop
  endfacet
  facet normal 0.7853169308807482 0.61909394930983 0
    outer loop
      vertex 29.618033988749893 26.175570504584947 16
      vertex 29.618033988749893 26.175570504584947 11.6
      vertex 29.52081193120006 26.298896096660368 16
    endloop
  endfacet
  facet normal 0.734322509435691 0.6788007455329358 0
    outer loop
      vertex 29.414213562373096 26.414213562373096 16
      vertex 29.52081193120006 26.298896096660368 16
      vertex 29.52081193120006 26.298896096660368 11.6
    endloop
  endfacet
  facet normal 0.61909394930983 0.7853169308807482 0
    outer loop
      vertex 29.175570504584947 26.618033988749893 16
      vertex 29.298896096660368 26.52081193120006 16
      vertex 29.298896096660368 26.52081193120006 11.6
    endloop
  endfacet
  facet normal 0.6788007455329358 0.734322509435691 0
    outer loop
      vertex 29.298896096660368 26.52081193120006 16
      vertex 29.414213562373096 26.414213562373096 16
      vertex 29.414213562373096 26.414213562373096 11.6
    endloop
  endfacet
  facet normal -0.61909394930983 -0.7853169308807482 0
    outer loop
      vertex 26.824429495415053 23.381966011250107 16
      vertex 26.701103903339632 23.47918806879994 11.6
      vertex 26.824429495415053 23.381966011250107 11.6
    endloop
  endfacet
  facet normal -0.7853169308807482 -0.61909394930983 0
    outer loop
      vertex 26.47918806879994 23.701103903339632 16
      vertex 26.381966011250107 23.824429495415053 11.6
      vertex 26.47918806879994 23.701103903339632 11.6
    endloop
  endfacet
  facet normal -0.734322509435691 -0.6788007455329358 0
    outer loop
      vertex 26.585786437626904 23.585786437626904 16
      vertex 26.47918806879994 23.701103903339632 11.6
      vertex 26.585786437626904 23.585786437626904 11.6
    endloop
  endfacet
  facet normal -0.6788007455329358 -0.734322509435691 0
    outer loop
      vertex 26.701103903339632 23.47918806879994 16
      vertex 26.585786437626904 23.585786437626904 11.6
      vertex 26.701103903339632 23.47918806879994 11.6
    endloop
  endfacet
  facet normal -0.34611705707749857 -0.9381913359224822 0
    outer loop
      vertex 27.381966011250107 23.097886967409693 16
      vertex 27.23463313526982 23.152240934977428 11.6
      vertex 27.381966011250107 23.097886967409693 11.6
    endloop
  endfacet
  facet normal -0.2714404498650773 -0.9624552364536464 0
    outer loop
      vertex 27.53310927228819 23.055260159204646 16
      vertex 27.381966011250107 23.097886967409693 11.6
      vertex 27.53310927228819 23.055260159204646 11.6
    endloop
  endfacet
  facet normal -0.5555702330196103 -0.8314696123025398 0
    outer loop
      vertex 26.9550028705681 23.294719671291816 16
      vertex 26.824429495415053 23.381966011250107 11.6
      vertex 26.9550028705681 23.294719671291816 11.6
    endloop
  endfacet
  facet normal -0.48862124149695674 -0.8724960070727962 0
    outer loop
      vertex 27.092019000520907 23.217986951623264 16
      vertex 26.9550028705681 23.294719671291816 11.6
      vertex 27.092019000520907 23.217986951623264 11.6
    endloop
  endfacet
  facet normal -0.4186597375374165 -0.9081431738250867 0
    outer loop
      vertex 27.23463313526982 23.152240934977428 16
      vertex 27.092019000520907 23.217986951623264 11.6
      vertex 27.23463313526982 23.152240934977428 11.6
    endloop
  endfacet
  facet normal -0.19509032201613363 -0.9807852804032294 0
    outer loop
      vertex 27.687131069919538 23.024623318809724 16
      vertex 27.53310927228819 23.055260159204646 11.6
      vertex 27.687131069919538 23.024623318809724 11.6
    endloop
  endfacet
  facet normal -0.11753739745783343 -0.9930684569549267 0
    outer loop
      vertex 27.84308180854431 23.006165332533744 16
      vertex 27.687131069919538 23.024623318809724 11.6
      vertex 27.84308180854431 23.006165332533744 11.6
    endloop
  endfacet
  facet normal -0.03925981575906697 -0.999229036240723 0
    outer loop
      vertex 28 23 16
      vertex 27.84308180854431 23.006165332533744 11.6
      vertex 28 23 11.6
    endloop
  endfacet
  facet normal 0.03925981575906697 -0.999229036240723 0
    outer loop
      vertex 28.15691819145569 23.006165332533744 16
      vertex 28 23 11.6
      vertex 28.15691819145569 23.006165332533744 11.6
    endloop
  endfacet
  facet normal 0.11753739745783343 -0.9930684569549267 0
    outer loop
      vertex 28.312868930080462 23.024623318809724 16
      vertex 28.15691819145569 23.006165332533744 11.6
      vertex 28.312868930080462 23.024623318809724 11.6
    endloop
  endfacet
  facet normal 0.19509032201613363 -0.9807852804032294 0
    outer loop
      vertex 28.46689072771181 23.055260159204646 16
      vertex 28.312868930080462 23.024623318809724 11.6
      vertex 28.46689072771181 23.055260159204646 11.6
    endloop
  endfacet
  facet normal 0.2714404498650773 -0.9624552364536464 0
    outer loop
      vertex 28.618033988749893 23.097886967409693 16
      vertex 28.46689072771181 23.055260159204646 11.6
      vertex 28.618033988749893 23.097886967409693 11.6
    endloop
  endfacet
  facet normal 0.34611705707749857 -0.9381913359224822 0
    outer loop
      vertex 28.76536686473018 23.152240934977428 16
      vertex 28.618033988749893 23.097886967409693 11.6
      vertex 28.76536686473018 23.152240934977428 11.6
    endloop
  endfacet
  facet normal 0.4186597375374165 -0.9081431738250867 0
    outer loop
      vertex 28.907980999479093 23.217986951623264 16
      vertex 28.76536686473018 23.152240934977428 11.6
      vertex 28.907980999479093 23.217986951623264 11.6
    endloop
  endfacet
  facet normal 0.48862124149695674 -0.8724960070727962 0
    outer loop
      vertex 29.0449971294319 23.294719671291816 16
      vertex 28.907980999479093 23.217986951623264 11.6
      vertex 29.0449971294319 23.294719671291816 11.6
    endloop
  endfacet
  facet normal 0.5555702330196103 -0.8314696123025398 0
    outer loop
      vertex 29.175570504584947 23.381966011250107 16
      vertex 29.0449971294319 23.294719671291816 11.6
      vertex 29.175570504584947 23.381966011250107 11.6
    endloop
  endfacet
  facet normal 0.61909394930983 -0.7853169308807482 0
    outer loop
      vertex 29.298896096660368 23.47918806879994 16
      vertex 29.175570504584947 23.381966011250107 11.6
      vertex 29.298896096660368 23.47918806879994 11.6
    endloop
  endfacet
  facet normal 0.6788007455329358 -0.734322509435691 0
    outer loop
      vertex 29.414213562373096 23.585786437626904 16
      vertex 29.298896096660368 23.47918806879994 11.6
      vertex 29.414213562373096 23.585786437626904 11.6
    endloop
  endfacet
  facet normal 0.734322509435691 -0.6788007455329358 0
    outer loop
      vertex 29.52081193120006 23.701103903339632 16
      vertex 29.414213562373096 23.585786437626904 11.6
      vertex 29.52081193120006 23.701103903339632 11.6
    endloop
  endfacet
  facet normal -0.8314696123025398 -0.5555702330196103 0
    outer loop
      vertex 26.381966011250107 23.824429495415053 16
      vertex 26.294719671291816 23.9550028705681 11.6
      vertex 26.381966011250107 23.824429495415053 11.6
    endloop
  endfacet
  facet normal -0.8724960070727962 -0.48862124149695674 0
    outer loop
      vertex 26.294719671291816 23.9550028705681 16
      vertex 26.217986951623264 24.092019000520907 11.6
      vertex 26.294719671291816 23.9550028705681 11.6
    endloop
  endfacet
  facet normal -0.9081431738250867 -0.4186597375374165 0
    outer loop
      vertex 26.217986951623264 24.092019000520907 16
      vertex 26.152240934977428 24.23463313526982 11.6
      vertex 26.217986951623264 24.092019000520907 11.6
    endloop
  endfacet
  facet normal -0.9381913359224822 -0.34611705707749857 0
    outer loop
      vertex 26.152240934977428 24.23463313526982 16
      vertex 26.097886967409693 24.381966011250107 11.6
      vertex 26.152240934977428 24.23463313526982 11.6
    endloop
  endfacet
  facet normal -0.9624552364536464 -0.2714404498650773 0
    outer loop
      vertex 26.097886967409693 24.381966011250107 16
      vertex 26.055260159204646 24.53310927228819 11.6
      vertex 26.097886967409693 24.381966011250107 11.6
    endloop
  endfacet
  facet normal -0.9807852804032294 -0.19509032201613363 0
    outer loop
      vertex 26.055260159204646 24.53310927228819 16
      vertex 26.024623318809724 24.687131069919538 11.6
      vertex 26.055260159204646 24.53310927228819 11.6
    endloop
  endfacet
  facet normal -0.9930684569549267 -0.11753739745783343 0
    outer loop
      vertex 26.024623318809724 24.687131069919538 16
      vertex 26.006165332533744 24.84308180854431 11.6
      vertex 26.024623318809724 24.687131069919538 11.6
    endloop
  endfacet
  facet normal -0.999229036240723 -0.03925981575906697 0
    outer loop
      vertex 26.006165332533744 24.84308180854431 16
      vertex 26 25 11.6
      vertex 26.006165332533744 24.84308180854431 11.6
    endloop
  endfacet
  facet normal -0.999229036240723 0.03925981575906697 0
    outer loop
      vertex 26 25 16
      vertex 26.006165332533744 25.15691819145569 11.6
      vertex 26 25 11.6
    endloop
  endfacet
  facet normal -0.9930684569549267 0.11753739745783343 0
    outer loop
      vertex 26.006165332533744 25.15691819145569 16
      vertex 26.024623318809724 25.312868930080462 11.6
      vertex 26.006165332533744 25.15691819145569 11.6
    endloop
  endfacet
  facet normal -0.9807852804032294 0.19509032201613363 0
    outer loop
      vertex 26.024623318809724 25.312868930080462 16
      vertex 26.055260159204646 25.46689072771181 11.6
      vertex 26.024623318809724 25.312868930080462 11.6
    endloop
  endfacet
  facet normal -0.9624552364536464 0.2714404498650773 0
    outer loop
      vertex 26.055260159204646 25.46689072771181 16
      vertex 26.097886967409693 25.618033988749893 11.6
      vertex 26.055260159204646 25.46689072771181 11.6
    endloop
  endfacet
  facet normal -0.9381913359224822 0.34611705707749857 0
    outer loop
      vertex 26.097886967409693 25.618033988749893 16
      vertex 26.152240934977428 25.76536686473018 11.6
      vertex 26.097886967409693 25.618033988749893 11.6
    endloop
  endfacet
  facet normal -0.9081431738250867 0.4186597375374165 0
    outer loop
      vertex 26.152240934977428 25.76536686473018 16
      vertex 26.217986951623264 25.907980999479093 11.6
      vertex 26.152240934977428 25.76536686473018 11.6
    endloop
  endfacet
  facet normal -0.8724960070727962 0.48862124149695674 0
    outer loop
      vertex 26.217986951623264 25.907980999479093 16
      vertex 26.294719671291816 26.0449971294319 11.6
      vertex 26.217986951623264 25.907980999479093 11.6
    endloop
  endfacet
  facet normal -0.8314696123025398 0.5555702330196103 0
    outer loop
      vertex 26.294719671291816 26.0449971294319 16
      vertex 26.381966011250107 26.175570504584947 11.6
      vertex 26.294719671291816 26.0449971294319 11.6
    endloop
  endfacet
  facet normal -0.7853169308807482 0.61909394930983 0
    outer loop
      vertex 26.381966011250107 26.175570504584947 16
      vertex 26.47918806879994 26.298896096660368 11.6
      vertex 26.381966011250107 26.175570504584947 11.6
    endloop
  endfacet
  facet normal -0.734322509435691 0.6788007455329358 0
    outer loop
      vertex 26.47918806879994 26.298896096660368 16
      vertex 26.585786437626904 26.414213562373096 11.6
      vertex 26.47918806879994 26.298896096660368 11.6
    endloop
  endfacet
  facet normal -0.6788007455329358 0.734322509435691 0
    outer loop
      vertex 26.585786437626904 26.414213562373096 16
      vertex 26.701103903339632 26.52081193120006 11.6
      vertex 26.585786437626904 26.414213562373096 11.6
    endloop
  endfacet
  facet normal -0.61909394930983 0.7853169308807482 0
    outer loop
      vertex 26.701103903339632 26.52081193120006 16
      vertex 26.824429495415053 26.618033988749893 11.6
      vertex 26.701103903339632 26.52081193120006 11.6
    endloop
  endfacet
  facet normal -0.5555702330196103 0.8314696123025398 0
    outer loop
      vertex 26.824429495415053 26.618033988749893 16
      vertex 26.9550028705681 26.705280328708184 11.6
      vertex 26.824429495415053 26.618033988749893 11.6
    endloop
  endfacet
  facet normal -0.48862124149695674 0.8724960070727962 0
    outer loop
      vertex 26.9550028705681 26.705280328708184 16
      vertex 27.092019000520907 26.782013048376736 11.6
      vertex 26.9550028705681 26.705280328708184 11.6
    endloop
  endfacet
  facet normal -0.4186597375374165 0.9081431738250867 0
    outer loop
      vertex 27.092019000520907 26.782013048376736 16
      vertex 27.23463313526982 26.847759065022572 11.6
      vertex 27.092019000520907 26.782013048376736 11.6
    endloop
  endfacet
  facet normal -0.34611705707749857 0.9381913359224822 0
    outer loop
      vertex 27.23463313526982 26.847759065022572 16
      vertex 27.381966011250107 26.902113032590307 11.6
      vertex 27.23463313526982 26.847759065022572 11.6
    endloop
  endfacet
  facet normal -0.2714404498650773 0.9624552364536464 0
    outer loop
      vertex 27.381966011250107 26.902113032590307 16
      vertex 27.53310927228819 26.944739840795354 11.6
      vertex 27.381966011250107 26.902113032590307 11.6
    endloop
  endfacet
  facet normal -0.19509032201613363 0.9807852804032294 0
    outer loop
      vertex 27.53310927228819 26.944739840795354 16
      vertex 27.687131069919538 26.975376681190276 11.6
      vertex 27.53310927228819 26.944739840795354 11.6
    endloop
  endfacet
  facet normal -0.11753739745783343 0.9930684569549267 0
    outer loop
      vertex 27.687131069919538 26.975376681190276 16
      vertex 27.84308180854431 26.993834667466256 11.6
      vertex 27.687131069919538 26.975376681190276 11.6
    endloop
  endfacet
  facet normal -0.03925981575906697 0.999229036240723 0
    outer loop
      vertex 27.84308180854431 26.993834667466256 16
      vertex 28 27 11.6
      vertex 27.84308180854431 26.993834667466256 11.6
    endloop
  endfacet
  facet normal 0.03925981575906697 0.999229036240723 0
    outer loop
      vertex 28 27 16
      vertex 28.15691819145569 26.993834667466256 11.6
      vertex 28 27 11.6
    endloop
  endfacet
  facet normal 0.11753739745783343 0.9930684569549267 0
    outer loop
      vertex 28.15691819145569 26.993834667466256 16
      vertex 28.312868930080462 26.975376681190276 11.6
      vertex 28.15691819145569 26.993834667466256 11.6
    endloop
  endfacet
  facet normal 0.19509032201613363 0.9807852804032294 0
    outer loop
      vertex 28.312868930080462 26.975376681190276 16
      vertex 28.46689072771181 26.944739840795354 11.6
      vertex 28.312868930080462 26.975376681190276 11.6
    endloop
  endfacet
  facet normal 0.5555702330196103 0.8314696123025398 0
    outer loop
      vertex 29.0449971294319 26.705280328708184 16
      vertex 29.175570504584947 26.618033988749893 11.6
      vertex 29.0449971294319 26.705280328708184 11.6
    endloop
  endfacet
  facet normal 0.61909394930983 0.7853169308807482 0
    outer loop
      vertex 29.175570504584947 26.618033988749893 16
      vertex 29.298896096660368 26.52081193120006 11.6
      vertex 29.175570504584947 26.618033988749893 11.6
    endloop
  endfacet
  facet normal 0.2714404498650773 0.9624552364536464 0
    outer loop
      vertex 28.46689072771181 26.944739840795354 16
      vertex 28.618033988749893 26.902113032590307 11.6
      vertex 28.46689072771181 26.944739840795354 11.6
    endloop
  endfacet
  facet normal 0.4186597375374165 0.9081431738250867 0
    outer loop
      vertex 28.76536686473018 26.847759065022572 16
      vertex 28.907980999479093 26.782013048376736 11.6
      vertex 28.76536686473018 26.847759065022572 11.6
    endloop
  endfacet
  facet normal 0.34611705707749857 0.9381913359224822 0
    outer loop
      vertex 28.618033988749893 26.902113032590307 16
      vertex 28.76536686473018 26.847759065022572 11.6
      vertex 28.618033988749893 26.902113032590307 11.6
    endloop
  endfacet
  facet normal 0.48862124149695674 0.8724960070727962 0
    outer loop
      vertex 28.907980999479093 26.782013048376736 16
      vertex 29.0449971294319 26.705280328708184 11.6
      vertex 28.907980999479093 26.782013048376736 11.6
    endloop
  endfacet
  facet normal 0.7853169308807482 -0.61909394930983 0
    outer loop
      vertex 29.618033988749893 23.824429495415053 16
      vertex 29.52081193120006 23.701103903339632 11.6
      vertex 29.618033988749893 23.824429495415053 11.6
    endloop
  endfacet
  facet normal 0.8314696123025398 -0.5555702330196103 0
    outer loop
      vertex 29.705280328708184 23.9550028705681 16
      vertex 29.618033988749893 23.824429495415053 11.6
      vertex 29.705280328708184 23.9550028705681 11.6
    endloop
  endfacet
  facet normal 0.8724960070727962 -0.48862124149695674 0
    outer loop
      vertex 29.782013048376736 24.092019000520907 16
      vertex 29.705280328708184 23.9550028705681 11.6
      vertex 29.782013048376736 24.092019000520907 11.6
    endloop
  endfacet
  facet normal 0.9081431738250867 -0.4186597375374165 0
    outer loop
      vertex 29.847759065022572 24.23463313526982 16
      vertex 29.782013048376736 24.092019000520907 11.6
      vertex 29.847759065022572 24.23463313526982 11.6
    endloop
  endfacet
  facet normal 0.9381913359224822 -0.34611705707749857 0
    outer loop
      vertex 29.902113032590307 24.381966011250107 16
      vertex 29.847759065022572 24.23463313526982 11.6
      vertex 29.902113032590307 24.381966011250107 11.6
    endloop
  endfacet
  facet normal 0.9624552364536464 -0.2714404498650773 0
    outer loop
      vertex 29.944739840795354 24.53310927228819 16
      vertex 29.902113032590307 24.381966011250107 11.6
      vertex 29.944739840795354 24.53310927228819 11.6
    endloop
  endfacet
  facet normal 0.9807852804032294 -0.19509032201613363 0
    outer loop
      vertex 29.975376681190276 24.687131069919538 16
      vertex 29.944739840795354 24.53310927228819 11.6
      vertex 29.975376681190276 24.687131069919538 11.6
    endloop
  endfacet
  facet normal 0.9930684569549267 -0.11753739745783343 0
    outer loop
      vertex 29.993834667466256 24.84308180854431 16
      vertex 29.975376681190276 24.687131069919538 11.6
      vertex 29.993834667466256 24.84308180854431 11.6
    endloop
  endfacet
  facet normal 0.999229036240723 -0.03925981575906697 0
    outer loop
      vertex 30 25 16
      vertex 29.993834667466256 24.84308180854431 11.6
      vertex 30 25 11.6
    endloop
  endfacet
  facet normal 0.999229036240723 0.03925981575906697 0
    outer loop
      vertex 29.993834667466256 25.15691819145569 16
      vertex 30 25 11.6
      vertex 29.993834667466256 25.15691819145569 11.6
    endloop
  endfacet
  facet normal 0.9930684569549267 0.11753739745783343 0
    outer loop
      vertex 29.975376681190276 25.312868930080462 16
      vertex 29.993834667466256 25.15691819145569 11.6
      vertex 29.975376681190276 25.312868930080462 11.6
    endloop
  endfacet
  facet normal 0.9807852804032294 0.19509032201613363 0
    outer loop
      vertex 29.944739840795354 25.46689072771181 16
      vertex 29.975376681190276 25.312868930080462 11.6
      vertex 29.944739840795354 25.46689072771181 11.6
    endloop
  endfacet
  facet normal 0.9624552364536464 0.2714404498650773 0
    outer loop
      vertex 29.902113032590307 25.618033988749893 16
      vertex 29.944739840795354 25.46689072771181 11.6
      vertex 29.902113032590307 25.618033988749893 11.6
    endloop
  endfacet
  facet normal 0.9381913359224822 0.34611705707749857 0
    outer loop
      vertex 29.847759065022572 25.76536686473018 16
      vertex 29.902113032590307 25.618033988749893 11.6
      vertex 29.847759065022572 25.76536686473018 11.6
    endloop
  endfacet
  facet normal 0.9081431738250867 0.4186597375374165 0
    outer loop
      vertex 29.782013048376736 25.907980999479093 16
      vertex 29.847759065022572 25.76536686473018 11.6
      vertex 29.782013048376736 25.907980999479093 11.6
    endloop
  endfacet
  facet normal 0.8724960070727962 0.48862124149695674 0
    outer loop
      vertex 29.705280328708184 26.0449971294319 16
      vertex 29.782013048376736 25.907980999479093 11.6
      vertex 29.705280328708184 26.0449971294319 11.6
    endloop
  endfacet
  facet normal 0.734322509435691 0.6788007455329358 0
    outer loop
      vertex 29.414213562373096 26.414213562373096 16
      vertex 29.52081193120006 26.298896096660368 11.6
      vertex 29.414213562373096 26.414213562373096 11.6
    endloop
  endfacet
  facet normal 0.7853169308807482 0.61909394930983 0
    outer loop
      vertex 29.52081193120006 26.298896096660368 16
      vertex 29.618033988749893 26.175570504584947 11.6
      vertex 29.52081193120006 26.298896096660368 11.6
    endloop
  endfacet
  facet normal 0.8314696123025398 0.5555702330196103 0
    outer loop
      vertex 29.618033988749893 26.175570504584947 16
      vertex 29.705280328708184 26.0449971294319 11.6
      vertex 29.618033988749893 26.175570504584947 11.6
    endloop
  endfacet
  facet normal 0.6788007455329358 0.734322509435691 0
    outer loop
      vertex 29.298896096660368 26.52081193120006 16
      vertex 29.414213562373096 26.414213562373096 11.6
      vertex 29.298896096660368 26.52081193120006 11.6
    endloop
  endfacet
endsolid OpenSCAD_Model
