solid OpenSCAD_Model
  facet normal 0 -1 0
    outer loop
      vertex -34 -16 19
      vertex -15 -16 0
      vertex -34 -16 48
    endloop
  endfacet
  facet normal 0 -1 0
    outer loop
      vertex -15 -16 0
      vertex -0.6505618350206526 -16 13.429404794730813
      vertex -0.7717838495572295 -16 13.485288908879774
    endloop
  endfacet
  facet normal 0 -1 0
    outer loop
      vertex -15 -16 0
      vertex -0.5253288904374106 -16 13.38320392229824
      vertex -0.6505618350206526 -16 13.429404794730813
    endloop
  endfacet
  facet normal 0 -1 0
    outer loop
      vertex -15 -16 0
      vertex -0.2659385905683925 -16 13.320929820988265
      vertex -0.39685711855503913 -16 13.34697113532395
    endloop
  endfacet
  facet normal 0 -1 0
    outer loop
      vertex -15 -16 0
      vertex -0.39685711855503913 -16 13.34697113532395
      vertex -0.5253288904374106 -16 13.38320392229824
    endloop
  endfacet
  facet normal 0 -1 0
    outer loop
      vertex -15 -16 0
      vertex -0.1333804627373364 -16 13.305240532653682
      vertex -0.2659385905683925 -16 13.320929820988265
    endloop
  endfacet
  facet normal 0 -1 0
    outer loop
      vertex -15 -16 0
      vertex 0 -16 13.3
      vertex -0.1333804627373364 -16 13.305240532653682
    endloop
  endfacet
  facet normal 0 -1 0
    outer loop
      vertex -15 -16 0
      vertex -1.3753288904374106 -16 14.000765071102796
      vertex -1.4494882794019566 -16 14.111752439982887
    endloop
  endfacet
  facet normal 0 -1 0
    outer loop
      vertex -15 -16 0
      vertex -0.8882475600171129 -16 13.550511720598044
      vertex -0.9992349288972043 -16 13.62467110956259
    endloop
  endfacet
  facet normal 0 -1 0
    outer loop
      vertex -15 -16 0
      vertex -1.1040616821613123 -16 13.707309858479947
      vertex -1.2020815280171309 -16 13.79791847198287
    endloop
  endfacet
  facet normal 0 -1 0
    outer loop
      vertex -15 -16 0
      vertex -0.9992349288972043 -16 13.62467110956259
      vertex -1.1040616821613123 -16 13.707309858479947
    endloop
  endfacet
  facet normal 0 -1 0
    outer loop
      vertex -15 -16 0
      vertex -1.2020815280171309 -16 13.79791847198287
      vertex -1.2926901415200525 -16 13.895938317838688
    endloop
  endfacet
  facet normal 0 -1 0
    outer loop
      vertex -15 -16 0
      vertex -1.2926901415200525 -16 13.895938317838688
      vertex -1.3753288904374106 -16 14.000765071102796
    endloop
  endfacet
  facet normal 0 -1 0
    outer loop
      vertex -15 -16 0
      vertex -1.4494882794019566 -16 14.111752439982887
      vertex -1.5147110911202253 -16 14.22821615044277
    endloop
  endfacet
  facet normal 0 -1 0
    outer loop
      vertex -15 -16 0
      vertex -1.5147110911202253 -16 14.22821615044277
      vertex -1.5705952052691874 -16 14.349438164979347
    endloop
  endfacet
  facet normal 0 -1 0
    outer loop
      vertex -15 -16 0
      vertex -1.5705952052691874 -16 14.349438164979347
      vertex -1.616796077701761 -16 14.474671109562589
    endloop
  endfacet
  facet normal 0 -1 0
    outer loop
      vertex -15 -16 0
      vertex -1.616796077701761 -16 14.474671109562589
      vertex -1.65302886467605 -16 14.603142881444962
    endloop
  endfacet
  facet normal 0 -1 0
    outer loop
      vertex -15 -16 0
      vertex -0.7717838495572295 -16 13.485288908879774
      vertex -0.8882475600171129 -16 13.550511720598044
    endloop
  endfacet
  facet normal 0 -1 0
    outer loop
      vertex -15 -16 0
      vertex -1.65302886467605 -16 14.603142881444962
      vertex -1.6790701790117342 -16 14.734061409431607
    endloop
  endfacet
  facet normal 0 -1 0
    outer loop
      vertex -15 -16 0
      vertex -1.6790701790117342 -16 14.734061409431607
      vertex -1.6947594673463175 -16 14.866619537262663
    endloop
  endfacet
  facet normal 0 -1 0
    outer loop
      vertex -15 -16 0
      vertex -1.6947594673463175 -16 14.866619537262663
      vertex -1.7 -16 15
    endloop
  endfacet
  facet normal 0 -1 0
    outer loop
      vertex -15 -16 0
      vertex 0.1333804627373364 -16 13.305240532653682
      vertex 0 -16 13.3
    endloop
  endfacet
  facet normal 0 -1 0
    outer loop
      vertex -15 -16 0
      vertex 0.2659385905683925 -16 13.320929820988265
      vertex 0.1333804627373364 -16 13.305240532653682
    endloop
  endfacet
  facet normal 0 -1 0
    outer loop
      vertex -15 -16 0
      vertex 0.39685711855503913 -16 13.34697113532395
      vertex 0.2659385905683925 -16 13.320929820988265
    endloop
  endfacet
  facet normal 0 -1 0
    outer loop
      vertex -15 -16 0
      vertex 0.5253288904374106 -16 13.38320392229824
      vertex 0.39685711855503913 -16 13.34697113532395
    endloop
  endfacet
  facet normal 0 -1 0
    outer loop
      vertex -15 -16 0
      vertex 0.6505618350206526 -16 13.429404794730813
      vertex 0.5253288904374106 -16 13.38320392229824
    endloop
  endfacet
  facet normal 0 -1 0
    outer loop
      vertex -15 -16 0
      vertex 0.7717838495572295 -16 13.485288908879774
      vertex 0.6505618350206526 -16 13.429404794730813
    endloop
  endfacet
  facet normal 0 -1 0
    outer loop
      vertex -15 -16 0
      vertex 0.8882475600171129 -16 13.550511720598044
      vertex 0.7717838495572295 -16 13.485288908879774
    endloop
  endfacet
  facet normal 0 0 -1
    outer loop
      vertex -15 -16 0
      vertex -0.957125991809212 -3.9867166736304736 0
      vertex -0.6413813066649465 -4.049522196440065 0
    endloop
  endfacet
  facet normal 0 0 -1
    outer loop
      vertex -15 -16 0
      vertex -0.6413813066649465 -4.049522196440065 0
      vertex -0.32168229248416425 -4.087361068305825 0
    endloop
  endfacet
  facet normal 0 0 -1
    outer loop
      vertex -15 -16 0
      vertex -0.32168229248416425 -4.087361068305825 0
      vertex 0 -4.1 0
    endloop
  endfacet
  facet normal 0 0 -1
    outer loop
      vertex -15 -16 0
      vertex 0 -4.1 0
      vertex 0.32168229248416425 -4.087361068305825 0
    endloop
  endfacet
  facet normal 0 0 -1
    outer loop
      vertex -15 -16 0
      vertex 0.32168229248416425 -4.087361068305825 0
      vertex 0.6413813066649465 -4.049522196440065 0
    endloop
  endfacet
  facet normal 0 0 -1
    outer loop
      vertex -15 -16 0
      vertex 0.6413813066649465 -4.049522196440065 0
      vertex 0.957125991809212 -3.9867166736304736 0
    endloop
  endfacet
  facet normal 0 -1 0
    outer loop
      vertex -15 -16 0
      vertex -1.7 -16 15
      vertex -22.5 -16 36.3
    endloop
  endfacet
  facet normal 0 -1 0
    outer loop
      vertex -22.5 -16 36.3
      vertex -1.7 -16 15
      vertex -1.6947594673463175 -16 15.133380462737337
    endloop
  endfacet
  facet normal 0 -1 0
    outer loop
      vertex -22.366619537262665 -16 36.305240532653684
      vertex -1.6947594673463175 -16 15.133380462737337
      vertex -1.6790701790117342 -16 15.265938590568393
    endloop
  endfacet
  facet normal 0 -1 0
    outer loop
      vertex -22.234061409431607 -16 36.32092982098827
      vertex -1.6790701790117342 -16 15.265938590568393
      vertex -1.65302886467605 -16 15.396857118555038
    endloop
  endfacet
  facet normal 0 -1 0
    outer loop
      vertex -22.234061409431607 -16 36.32092982098827
      vertex -1.65302886467605 -16 15.396857118555038
      vertex -1.616796077701761 -16 15.525328890437411
    endloop
  endfacet
  facet normal 0 -1 0
    outer loop
      vertex -22.234061409431607 -16 36.32092982098827
      vertex -1.616796077701761 -16 15.525328890437411
      vertex -1.5705952052691874 -16 15.650561835020653
    endloop
  endfacet
  facet normal 0 -1 0
    outer loop
      vertex -22.234061409431607 -16 36.32092982098827
      vertex -1.5705952052691874 -16 15.650561835020653
      vertex -1.5147110911202253 -16 15.77178384955723
    endloop
  endfacet
  facet normal 0 -1 0
    outer loop
      vertex -22.234061409431607 -16 36.32092982098827
      vertex -1.5147110911202253 -16 15.77178384955723
      vertex -1.4494882794019566 -16 15.888247560017113
    endloop
  endfacet
  facet normal 0 -1 0
    outer loop
      vertex -22.234061409431607 -16 36.32092982098827
      vertex -1.4494882794019566 -16 15.888247560017113
      vertex -1.3753288904374106 -16 15.999234928897204
    endloop
  endfacet
  facet normal 0 -1 0
    outer loop
      vertex -22.234061409431607 -16 36.32092982098827
      vertex -1.3753288904374106 -16 15.999234928897204
      vertex -1.2926901415200525 -16 16.104061682161312
    endloop
  endfacet
  facet normal 0 -1 0
    outer loop
      vertex -21.395938317838688 -16 36.707309858479945
      vertex -1.2926901415200525 -16 16.104061682161312
      vertex -1.2020815280171309 -16 16.202081528017132
    endloop
  endfacet
  facet normal 0 -1 0
    outer loop
      vertex -21.297918471982868 -16 36.79791847198287
      vertex -1.2020815280171309 -16 16.202081528017132
      vertex -1.1040616821613123 -16 16.29269014152005
    endloop
  endfacet
  facet normal 0 -1 0
    outer loop
      vertex -21.20730985847995 -16 36.895938317838684
      vertex -1.1040616821613123 -16 16.29269014152005
      vertex -0.9992349288972043 -16 16.37532889043741
    endloop
  endfacet
  facet normal 0 -1 0
    outer loop
      vertex -21.12467110956259 -16 37.0007650711028
      vertex -0.9992349288972043 -16 16.37532889043741
      vertex -0.8882475600171129 -16 16.449488279401958
    endloop
  endfacet
  facet normal 0 -1 0
    outer loop
      vertex -21.050511720598042 -16 37.11175243998289
      vertex -0.8882475600171129 -16 16.449488279401958
      vertex -0.7717838495572295 -16 16.514711091120226
    endloop
  endfacet
  facet normal 0 -1 0
    outer loop
      vertex -20.985288908879774 -16 37.22821615044277
      vertex -0.7717838495572295 -16 16.514711091120226
      vertex -0.6505618350206526 -16 16.570595205269186
    endloop
  endfacet
  facet normal 0 -1 0
    outer loop
      vertex -20.929404794730814 -16 37.34943816497935
      vertex -0.6505618350206526 -16 16.570595205269186
      vertex -0.5253288904374106 -16 16.61679607770176
    endloop
  endfacet
  facet normal 0 -1 0
    outer loop
      vertex -20.88320392229824 -16 37.47467110956259
      vertex -0.5253288904374106 -16 16.61679607770176
      vertex -0.39685711855503913 -16 16.65302886467605
    endloop
  endfacet
  facet normal 0 -1 0
    outer loop
      vertex -20.84697113532395 -16 37.60314288144496
      vertex -0.39685711855503913 -16 16.65302886467605
      vertex -0.2659385905683925 -16 16.679070179011735
    endloop
  endfacet
  facet normal 0 -1 0
    outer loop
      vertex -20.820929820988265 -16 37.73406140943161
      vertex -0.2659385905683925 -16 16.679070179011735
      vertex -0.1333804627373364 -16 16.694759467346316
    endloop
  endfacet
  facet normal 0 -1 0
    outer loop
      vertex -20.805240532653684 -16 37.866619537262665
      vertex -0.1333804627373364 -16 16.694759467346316
      vertex 0 -16 16.7
    endloop
  endfacet
  facet normal 0 -1 0
    outer loop
      vertex -20.8 -16 38
      vertex 0 -16 16.7
      vertex 0.1333804627373364 -16 16.694759467346316
    endloop
  endfacet
  facet normal 0 -1 0
    outer loop
      vertex -20.805240532653684 -16 38.133380462737335
      vertex 0.1333804627373364 -16 16.694759467346316
      vertex 0.2659385905683925 -16 16.679070179011735
    endloop
  endfacet
  facet normal 0 -1 0
    outer loop
      vertex -20.820929820988265 -16 38.26593859056839
      vertex 0.2659385905683925 -16 16.679070179011735
      vertex 0.39685711855503913 -16 16.65302886467605
    endloop
  endfacet
  facet normal 0 -1 0
    outer loop
      vertex -20.84697113532395 -16 38.39685711855504
      vertex 0.39685711855503913 -16 16.65302886467605
      vertex 0.5253288904374106 -16 16.61679607770176
    endloop
  endfacet
  facet normal 0 -1 0
    outer loop
      vertex -20.88320392229824 -16 38.52532889043741
      vertex 0.5253288904374106 -16 16.61679607770176
      vertex 0.6505618350206526 -16 16.570595205269186
    endloop
  endfacet
  facet normal 0 0 -1
    outer loop
      vertex -15 -16 0
      vertex -3.899331716810129 -1.2669696769372842 0
      vertex -3.787906083296275 -1.5690020726968679 0
    endloop
  endfacet
  facet normal 0 0 -1
    outer loop
      vertex -15 -16 0
      vertex -3.9867166736304736 -0.957125991809212 0
      vertex -3.899331716810129 -1.2669696769372842 0
    endloop
  endfacet
  facet normal 0 0 -1
    outer loop
      vertex -15 -16 0
      vertex -2.14224411533539 -3.4958246738517778 0
      vertex -1.8613610489321415 -3.653126749172308 0
    endloop
  endfacet
  facet normal 0 0 -1
    outer loop
      vertex -15 -16 0
      vertex -2.4099195343991395 -3.3169696769372843 0
      vertex -2.14224411533539 -3.4958246738517778 0
    endloop
  endfacet
  facet normal 0 0 -1
    outer loop
      vertex -15 -16 0
      vertex -3.1176644589601263 -2.6627369981537528 0
      vertex -2.899137802864845 -2.899137802864845 0
    endloop
  endfacet
  facet normal 0 0 -1
    outer loop
      vertex -15 -16 0
      vertex -3.3169696769372843 -2.4099195343991395 0
      vertex -3.1176644589601263 -2.6627369981537528 0
    endloop
  endfacet
  facet normal 0 0 -1
    outer loop
      vertex -15 -16 0
      vertex -2.6627369981537528 -3.1176644589601263 0
      vertex -2.4099195343991395 -3.3169696769372843 0
    endloop
  endfacet
  facet normal 0 0 -1
    outer loop
      vertex -15 -16 0
      vertex -2.899137802864845 -2.899137802864845 0
      vertex -2.6627369981537528 -3.1176644589601263 0
    endloop
  endfacet
  facet normal 0 0 -1
    outer loop
      vertex -15 -16 0
      vertex -1.5690020726968679 -3.787906083296275 0
      vertex -1.2669696769372842 -3.899331716810129 0
    endloop
  endfacet
  facet normal 0 0 -1
    outer loop
      vertex -15 -16 0
      vertex -1.8613610489321415 -3.653126749172308 0
      vertex -1.5690020726968679 -3.787906083296275 0
    endloop
  endfacet
  facet normal 0 0 -1
    outer loop
      vertex -15 -16 0
      vertex -1.2669696769372842 -3.899331716810129 0
      vertex -0.957125991809212 -3.9867166736304736 0
    endloop
  endfacet
  facet normal 0 0 -1
    outer loop
      vertex -15 -16 0
      vertex -3.4958246738517778 -2.14224411533539 0
      vertex -3.3169696769372843 -2.4099195343991395 0
    endloop
  endfacet
  facet normal 0 0 -1
    outer loop
      vertex -15 -16 0
      vertex -3.653126749172308 -1.8613610489321415 0
      vertex -3.4958246738517778 -2.14224411533539 0
    endloop
  endfacet
  facet normal 0 0 -1
    outer loop
      vertex -15 -16 0
      vertex -3.787906083296275 -1.5690020726968679 0
      vertex -3.653126749172308 -1.8613610489321415 0
    endloop
  endfacet
  facet normal 0 0 -1
    outer loop
      vertex -15 -16 0
      vertex -4.049522196440065 -0.6413813066649465 0
      vertex -3.9867166736304736 -0.957125991809212 0
    endloop
  endfacet
  facet normal 0 0 -1
    outer loop
      vertex -15 -16 0
      vertex -4.087361068305825 -0.32168229248416425 0
      vertex -4.049522196440065 -0.6413813066649465 0
    endloop
  endfacet
  facet normal 0 0 -1
    outer loop
      vertex -15 -16 0
      vertex -4.1 0 0
      vertex -4.087361068305825 -0.32168229248416425 0
    endloop
  endfacet
  facet normal 0 0 -1
    outer loop
      vertex -15 -16 0
      vertex -4.087361068305825 0.32168229248416425 0
      vertex -4.1 0 0
    endloop
  endfacet
  facet normal 0 0 -1
    outer loop
      vertex -15 -16 0
      vertex -4.049522196440065 0.6413813066649465 0
      vertex -4.087361068305825 0.32168229248416425 0
    endloop
  endfacet
  facet normal 0 0 -1
    outer loop
      vertex -15 -16 0
      vertex -3.9867166736304736 0.957125991809212 0
      vertex -4.049522196440065 0.6413813066649465 0
    endloop
  endfacet
  facet normal 0 0 -1
    outer loop
      vertex -15 -16 0
      vertex -3.899331716810129 1.2669696769372842 0
      vertex -3.9867166736304736 0.957125991809212 0
    endloop
  endfacet
  facet normal 0 0 -1
    outer loop
      vertex -15 -16 0
      vertex -3.787906083296275 1.5690020726968679 0
      vertex -3.899331716810129 1.2669696769372842 0
    endloop
  endfacet
  facet normal 0 0 -1
    outer loop
      vertex -15 -16 0
      vertex 0.957125991809212 -3.9867166736304736 0
      vertex 1.2669696769372842 -3.899331716810129 0
    endloop
  endfacet
  facet normal 0 0 -1
    outer loop
      vertex -15 -16 0
      vertex 1.2669696769372842 -3.899331716810129 0
      vertex 1.5690020726968679 -3.787906083296275 0
    endloop
  endfacet
  facet normal -0.2714404503965502 -0.9624552363037556 0
    outer loop
      vertex -35.854101963341236 -15.706339098513126 20.854101963341236
      vertex -35.40067218244076 -15.83421952277422 20.400672182440758
      vertex -35.854101963341236 -15.706339098513126 48
    endloop
  endfacet
  facet normal -0.19509031762536977 -0.9807852812766066 0
    outer loop
      vertex -35.40067218244076 -15.83421952277422 20.400672182440758
      vertex -34.938606791198254 -15.926130041480064 19.938606791198254
      vertex -35.40067218244076 -15.83421952277422 48
    endloop
  endfacet
  facet normal -0.11753739732018625 -0.9930684569712184 0
    outer loop
      vertex -34.47075457125902 -15.981504000723362 19.47075457125902
      vertex -34.938606791198254 -15.926130041480064 48
      vertex -34.938606791198254 -15.926130041480064 19.938606791198254
    endloop
  endfacet
  facet normal -0.039259819568627265 -0.9992290360910449 0
    outer loop
      vertex -34.47075457125902 -15.981504000723362 19.47075457125902
      vertex -34 -16 19
      vertex -34.47075457125902 -15.981504000723362 48
    endloop
  endfacet
  facet normal -0.6190939514858287 -0.7853169291653289 0
    outer loop
      vertex -37.52671151608229 -14.854101963341236 22.526711516082287
      vertex -37.89668828994036 -14.562435790896416 48
      vertex -37.89668828994036 -14.562435790896416 22.896688289940357
    endloop
  endfacet
  facet normal -0.6788007382187914 -0.7343225161968164 0
    outer loop
      vertex -37.89668828994036 -14.562435790896416 22.896688289940357
      vertex -38.24264068901539 -14.242640689015388 48
      vertex -38.24264068901539 -14.242640689015388 23.24264068901539
    endloop
  endfacet
  facet normal -0.7343225161968164 -0.6788007382187915 0
    outer loop
      vertex -38.24264068901539 -14.242640689015388 23.24264068901539
      vertex -38.562435790896416 -13.896688289940357 48
      vertex -38.562435790896416 -13.896688289940357 23.562435790896416
    endloop
  endfacet
  facet normal -0.488621242700804 -0.8724960063986094 0
    outer loop
      vertex -36.72394299507141 -15.346039146184921 21.72394299507141
      vertex -37.13499138504267 -15.11584098637104 48
      vertex -37.13499138504267 -15.11584098637104 22.134991385042667
    endloop
  endfacet
  facet normal -0.4186597409951229 -0.9081431722310622 0
    outer loop
      vertex -36.296100594103336 -15.543277196586132 21.296100594103336
      vertex -36.72394299507141 -15.346039146184921 48
      vertex -36.72394299507141 -15.346039146184921 21.72394299507141
    endloop
  endfacet
  facet normal -0.34611705368270346 -0.938191337174888 0
    outer loop
      vertex -35.854101963341236 -15.706339098513126 20.854101963341236
      vertex -36.296100594103336 -15.543277196586132 48
      vertex -36.296100594103336 -15.543277196586132 21.296100594103336
    endloop
  endfacet
  facet normal -0.5555702321775532 -0.8314696128651844 0
    outer loop
      vertex -37.52671151608229 -14.854101963341236 22.526711516082287
      vertex -37.13499138504267 -15.11584098637104 22.134991385042667
      vertex -37.52671151608229 -14.854101963341236 48
    endloop
  endfacet
  facet normal -0.7853169291653289 -0.6190939514858288 0
    outer loop
      vertex -38.854101963341236 -13.526711516082287 23.854101963341236
      vertex -38.562435790896416 -13.896688289940357 23.562435790896416
      vertex -38.854101963341236 -13.526711516082287 48
    endloop
  endfacet
  facet normal -0.8314696128651845 -0.5555702321775531 0
    outer loop
      vertex -38.854101963341236 -13.526711516082287 23.854101963341236
      vertex -39.11584098637104 -13.134991385042667 48
      vertex -39.11584098637104 -13.134991385042667 24.11584098637104
    endloop
  endfacet
  facet normal -0.8724960063986092 -0.488621242700804 0
    outer loop
      vertex -39.11584098637104 -13.134991385042667 24.11584098637104
      vertex -39.34603914618492 -12.723942995071411 48
      vertex -39.34603914618492 -12.723942995071411 24.34603914618492
    endloop
  endfacet
  facet normal -0.9081431722310622 -0.4186597409951228 0
    outer loop
      vertex -39.34603914618492 -12.723942995071411 24.34603914618492
      vertex -39.54327719658613 -12.296100594103336 48
      vertex -39.54327719658613 -12.296100594103336 24.543277196586132
    endloop
  endfacet
  facet normal -0.9381913371748881 -0.34611705368270346 0
    outer loop
      vertex -39.54327719658613 -12.296100594103336 24.543277196586132
      vertex -39.706339098513126 -11.854101963341236 48
      vertex -39.706339098513126 -11.854101963341236 24.706339098513126
    endloop
  endfacet
  facet normal -0.9624552363037555 -0.2714404503965501 0
    outer loop
      vertex -39.706339098513126 -11.854101963341236 24.706339098513126
      vertex -39.83421952277422 -11.400672182440758 48
      vertex -39.83421952277422 -11.400672182440758 24.83421952277422
    endloop
  endfacet
  facet normal -0.9807852812766067 -0.19509031762536977 0
    outer loop
      vertex -39.83421952277422 -11.400672182440758 24.83421952277422
      vertex -39.926130041480064 -10.938606791198254 48
      vertex -39.926130041480064 -10.938606791198254 24.926130041480064
    endloop
  endfacet
  facet normal -0.9930684569712183 -0.11753739732018625 0
    outer loop
      vertex -39.926130041480064 -10.938606791198254 24.926130041480064
      vertex -39.98150400072336 -10.470754571259022 48
      vertex -39.98150400072336 -10.470754571259022 24.981504000723362
    endloop
  endfacet
  facet normal -0.999229036091045 -0.03925981956862727 0
    outer loop
      vertex -39.98150400072336 -10.470754571259022 24.981504000723362
      vertex -40 -10 48
      vertex -40 -10 25
    endloop
  endfacet
  facet normal 0 -1 0
    outer loop
      vertex -15 -16 0
      vertex -23.87532889043741 -16 37.0007650711028
      vertex -23.949488279401958 -16 37.11175243998289
    endloop
  endfacet
  facet normal 0 -1 0
    outer loop
      vertex -15 -16 0
      vertex -23.388247560017113 -16 36.550511720598045
      vertex -23.499234928897206 -16 36.62467110956259
    endloop
  endfacet
  facet normal 0 -1 0
    outer loop
      vertex -15 -16 0
      vertex -23.499234928897206 -16 36.62467110956259
      vertex -23.604061682161312 -16 36.707309858479945
    endloop
  endfacet
  facet normal 0 -1 0
    outer loop
      vertex -15 -16 0
      vertex -23.604061682161312 -16 36.707309858479945
      vertex -23.702081528017132 -16 36.79791847198287
    endloop
  endfacet
  facet normal 0 -1 0
    outer loop
      vertex -15 -16 0
      vertex -23.79269014152005 -16 36.895938317838684
      vertex -23.87532889043741 -16 37.0007650711028
    endloop
  endfacet
  facet normal 0 -1 0
    outer loop
      vertex -15 -16 0
      vertex -23.702081528017132 -16 36.79791847198287
      vertex -23.79269014152005 -16 36.895938317838684
    endloop
  endfacet
  facet normal 0 -1 0
    outer loop
      vertex -15 -16 0
      vertex -23.27178384955723 -16 36.485288908879774
      vertex -23.388247560017113 -16 36.550511720598045
    endloop
  endfacet
  facet normal 0 -1 0
    outer loop
      vertex -15 -16 0
      vertex -23.150561835020653 -16 36.429404794730814
      vertex -23.27178384955723 -16 36.485288908879774
    endloop
  endfacet
  facet normal 0 -1 0
    outer loop
      vertex -15 -16 0
      vertex -23.02532889043741 -16 36.383203922298236
      vertex -23.150561835020653 -16 36.429404794730814
    endloop
  endfacet
  facet normal 0 -1 0
    outer loop
      vertex -15 -16 0
      vertex -22.89685711855504 -16 36.34697113532395
      vertex -23.02532889043741 -16 36.383203922298236
    endloop
  endfacet
  facet normal 0 -1 0
    outer loop
      vertex -15 -16 0
      vertex -22.765938590568393 -16 36.32092982098827
      vertex -22.89685711855504 -16 36.34697113532395
    endloop
  endfacet
  facet normal 0 -1 0
    outer loop
      vertex -15 -16 0
      vertex -22.633380462737335 -16 36.305240532653684
      vertex -22.765938590568393 -16 36.32092982098827
    endloop
  endfacet
  facet normal 0 -1 0
    outer loop
      vertex -15 -16 0
      vertex -22.5 -16 36.3
      vertex -22.633380462737335 -16 36.305240532653684
    endloop
  endfacet
  facet normal 0 -1 0
    outer loop
      vertex -15 -16 0
      vertex -23.949488279401958 -16 37.11175243998289
      vertex -24.014711091120226 -16 37.22821615044277
    endloop
  endfacet
  facet normal 0 -1 0
    outer loop
      vertex -15 -16 0
      vertex -24.014711091120226 -16 37.22821615044277
      vertex -24.070595205269186 -16 37.34943816497935
    endloop
  endfacet
  facet normal 0 -1 0
    outer loop
      vertex -15 -16 0
      vertex -24.070595205269186 -16 37.34943816497935
      vertex -24.11679607770176 -16 37.47467110956259
    endloop
  endfacet
  facet normal 0 -1 0
    outer loop
      vertex -15 -16 0
      vertex -24.11679607770176 -16 37.47467110956259
      vertex -24.15302886467605 -16 37.60314288144496
    endloop
  endfacet
  facet normal 0 -1 0
    outer loop
      vertex -15 -16 0
      vertex -24.15302886467605 -16 37.60314288144496
      vertex -34 -16 48
    endloop
  endfacet
  facet normal -0.3461170536827035 -0.9381913371748881 0
    outer loop
      vertex -35.854101963341236 -15.706339098513126 20.854101963341236
      vertex -35.854101963341236 -15.706339098513126 48
      vertex -36.296100594103336 -15.543277196586132 48
    endloop
  endfacet
  facet normal -0.2714404503965502 -0.9624552363037555 0
    outer loop
      vertex -35.40067218244076 -15.83421952277422 20.400672182440758
      vertex -35.40067218244076 -15.83421952277422 48
      vertex -35.854101963341236 -15.706339098513126 48
    endloop
  endfacet
  facet normal -0.1950903176253698 -0.9807852812766066 0
    outer loop
      vertex -34.938606791198254 -15.926130041480064 19.938606791198254
      vertex -34.938606791198254 -15.926130041480064 48
      vertex -35.40067218244076 -15.83421952277422 48
    endloop
  endfacet
  facet normal -0.6190939514858287 -0.785316929165329 0
    outer loop
      vertex -37.52671151608229 -14.854101963341236 22.526711516082287
      vertex -37.52671151608229 -14.854101963341236 48
      vertex -37.89668828994036 -14.562435790896416 48
    endloop
  endfacet
  facet normal -0.7343225161968164 -0.6788007382187914 0
    outer loop
      vertex -38.24264068901539 -14.242640689015388 23.24264068901539
      vertex -38.24264068901539 -14.242640689015388 48
      vertex -38.562435790896416 -13.896688289940357 48
    endloop
  endfacet
  facet normal -0.6788007382187915 -0.7343225161968165 0
    outer loop
      vertex -37.89668828994036 -14.562435790896416 22.896688289940357
      vertex -37.89668828994036 -14.562435790896416 48
      vertex -38.24264068901539 -14.242640689015388 48
    endloop
  endfacet
  facet normal -0.5555702321775531 -0.8314696128651844 0
    outer loop
      vertex -37.13499138504267 -15.11584098637104 22.134991385042667
      vertex -37.13499138504267 -15.11584098637104 48
      vertex -37.52671151608229 -14.854101963341236 48
    endloop
  endfacet
  facet normal -0.48862124270080404 -0.8724960063986094 0
    outer loop
      vertex -36.72394299507141 -15.346039146184921 21.72394299507141
      vertex -36.72394299507141 -15.346039146184921 48
      vertex -37.13499138504267 -15.11584098637104 48
    endloop
  endfacet
  facet normal -0.4186597409951228 -0.9081431722310621 0
    outer loop
      vertex -36.296100594103336 -15.543277196586132 21.296100594103336
      vertex -36.296100594103336 -15.543277196586132 48
      vertex -36.72394299507141 -15.346039146184921 48
    endloop
  endfacet
  facet normal -0.8314696128651844 -0.5555702321775531 0
    outer loop
      vertex -38.854101963341236 -13.526711516082287 23.854101963341236
      vertex -38.854101963341236 -13.526711516082287 48
      vertex -39.11584098637104 -13.134991385042667 48
    endloop
  endfacet
  facet normal -0.785316929165329 -0.6190939514858287 0
    outer loop
      vertex -38.562435790896416 -13.896688289940357 23.562435790896416
      vertex -38.562435790896416 -13.896688289940357 48
      vertex -38.854101963341236 -13.526711516082287 48
    endloop
  endfacet
  facet normal -0.9081431722310621 -0.4186597409951228 0
    outer loop
      vertex -39.34603914618492 -12.723942995071411 24.34603914618492
      vertex -39.34603914618492 -12.723942995071411 48
      vertex -39.54327719658613 -12.296100594103336 48
    endloop
  endfacet
  facet normal -0.8724960063986092 -0.488621242700804 0
    outer loop
      vertex -39.11584098637104 -13.134991385042667 24.11584098637104
      vertex -39.11584098637104 -13.134991385042667 48
      vertex -39.34603914618492 -12.723942995071411 48
    endloop
  endfacet
  facet normal -0.9381913371748881 -0.34611705368270346 0
    outer loop
      vertex -39.54327719658613 -12.296100594103336 24.543277196586132
      vertex -39.54327719658613 -12.296100594103336 48
      vertex -39.706339098513126 -11.854101963341236 48
    endloop
  endfacet
  facet normal -0.11753739732018624 -0.9930684569712183 0
    outer loop
      vertex -34.47075457125902 -15.981504000723362 19.47075457125902
      vertex -34.47075457125902 -15.981504000723362 48
      vertex -34.938606791198254 -15.926130041480064 48
    endloop
  endfacet
  facet normal -0.03925981956862727 -0.999229036091045 0
    outer loop
      vertex -34 -16 19
      vertex -34 -16 48
      vertex -34.47075457125902 -15.981504000723362 48
    endloop
  endfacet
  facet normal -0.9624552363037555 -0.2714404503965501 0
    outer loop
      vertex -39.706339098513126 -11.854101963341236 24.706339098513126
      vertex -39.706339098513126 -11.854101963341236 48
      vertex -39.83421952277422 -11.400672182440758 48
    endloop
  endfacet
  facet normal -0.9807852812766067 -0.19509031762536977 0
    outer loop
      vertex -39.83421952277422 -11.400672182440758 24.83421952277422
      vertex -39.83421952277422 -11.400672182440758 48
      vertex -39.926130041480064 -10.938606791198254 48
    endloop
  endfacet
  facet normal -0.9930684569712185 -0.11753739732018627 0
    outer loop
      vertex -39.926130041480064 -10.938606791198254 24.926130041480064
      vertex -39.926130041480064 -10.938606791198254 48
      vertex -39.98150400072336 -10.470754571259022 48
    endloop
  endfacet
  facet normal -0.9992290360910451 -0.03925981956862728 0
    outer loop
      vertex -39.98150400072336 -10.470754571259022 24.981504000723362
      vertex -39.98150400072336 -10.470754571259022 48
      vertex -40 -10 48
    endloop
  endfacet
  facet normal 0 0 1
    outer loop
      vertex -39.83421952277422 -11.400672182440758 48
      vertex -25.4 -9.5 48
      vertex -39.926130041480064 -10.938606791198254 48
    endloop
  endfacet
  facet normal 0 0 1
    outer loop
      vertex -39.34603914618492 -12.723942995071411 48
      vertex -25.4 -9.5 48
      vertex -39.54327719658613 -12.296100594103336 48
    endloop
  endfacet
  facet normal 0 0 1
    outer loop
      vertex -39.54327719658613 -12.296100594103336 48
      vertex -25.4 -9.5 48
      vertex -39.706339098513126 -11.854101963341236 48
    endloop
  endfacet
  facet normal 0 0 1
    outer loop
      vertex -39.706339098513126 -11.854101963341236 48
      vertex -25.4 -9.5 48
      vertex -39.83421952277422 -11.400672182440758 48
    endloop
  endfacet
  facet normal 0 0 1
    outer loop
      vertex -39.34603914618492 -12.723942995071411 48
      vertex -25.4 -12.5 48
      vertex -25.4 -9.5 48
    endloop
  endfacet
  facet normal 0 -1 0
    outer loop
      vertex -34 -16 48
      vertex -24.15302886467605 -16 37.60314288144496
      vertex -24.179070179011735 -16 37.73406140943161
    endloop
  endfacet
  facet normal 0 -1 0
    outer loop
      vertex -34 -16 48
      vertex -24.179070179011735 -16 37.73406140943161
      vertex -24.194759467346316 -16 37.866619537262665
    endloop
  endfacet
  facet normal 0 -1 0
    outer loop
      vertex -34 -16 48
      vertex -24.194759467346316 -16 37.866619537262665
      vertex -24.2 -16 38
    endloop
  endfacet
  facet normal 0 -1 0
    outer loop
      vertex -34 -16 48
      vertex -24.2 -16 38
      vertex -24.194759467346316 -16 38.133380462737335
    endloop
  endfacet
  facet normal 0 -1 0
    outer loop
      vertex -34 -16 48
      vertex -24.194759467346316 -16 38.133380462737335
      vertex -24.179070179011735 -16 38.26593859056839
    endloop
  endfacet
  facet normal 0 -1 0
    outer loop
      vertex -34 -16 48
      vertex -24.179070179011735 -16 38.26593859056839
      vertex -24.15302886467605 -16 38.39685711855504
    endloop
  endfacet
  facet normal 0 -1 0
    outer loop
      vertex -34 -16 48
      vertex -24.15302886467605 -16 38.39685711855504
      vertex -24.11679607770176 -16 38.52532889043741
    endloop
  endfacet
  facet normal 0 -1 0
    outer loop
      vertex -34 -16 48
      vertex -24.11679607770176 -16 38.52532889043741
      vertex -24.070595205269186 -16 38.65056183502065
    endloop
  endfacet
  facet normal 0 -1 0
    outer loop
      vertex -34 -16 48
      vertex -24.070595205269186 -16 38.65056183502065
      vertex -24.014711091120226 -16 38.77178384955723
    endloop
  endfacet
  facet normal 0 -1 0
    outer loop
      vertex -34 -16 48
      vertex -24.014711091120226 -16 38.77178384955723
      vertex -23.949488279401958 -16 38.88824756001711
    endloop
  endfacet
  facet normal 0 -1 0
    outer loop
      vertex -34 -16 48
      vertex -23.949488279401958 -16 38.88824756001711
      vertex -23.87532889043741 -16 38.9992349288972
    endloop
  endfacet
  facet normal 0 -1 0
    outer loop
      vertex -34 -16 48
      vertex -23.87532889043741 -16 38.9992349288972
      vertex -23.79269014152005 -16 39.104061682161316
    endloop
  endfacet
  facet normal 0 -1 0
    outer loop
      vertex -34 -16 48
      vertex -23.79269014152005 -16 39.104061682161316
      vertex -23.702081528017132 -16 39.20208152801713
    endloop
  endfacet
  facet normal 0 -1 0
    outer loop
      vertex -34 -16 48
      vertex -23.702081528017132 -16 39.20208152801713
      vertex -23.604061682161312 -16 39.292690141520055
    endloop
  endfacet
  facet normal 0 -1 0
    outer loop
      vertex -34 -16 48
      vertex -23.604061682161312 -16 39.292690141520055
      vertex -23.499234928897206 -16 39.37532889043741
    endloop
  endfacet
  facet normal 0 -1 0
    outer loop
      vertex -34 -16 48
      vertex -23.499234928897206 -16 39.37532889043741
      vertex -23.388247560017113 -16 39.449488279401955
    endloop
  endfacet
  facet normal 0 -1 0
    outer loop
      vertex -34 -16 48
      vertex -23.388247560017113 -16 39.449488279401955
      vertex -23.27178384955723 -16 39.514711091120226
    endloop
  endfacet
  facet normal 0 -1 0
    outer loop
      vertex -34 -16 48
      vertex -23.27178384955723 -16 39.514711091120226
      vertex -23.150561835020653 -16 39.570595205269186
    endloop
  endfacet
  facet normal 0 -1 0
    outer loop
      vertex -34 -16 48
      vertex -23.150561835020653 -16 39.570595205269186
      vertex -23.02532889043741 -16 39.616796077701764
    endloop
  endfacet
  facet normal 0 -1 0
    outer loop
      vertex -34 -16 48
      vertex -23.02532889043741 -16 39.616796077701764
      vertex -22.89685711855504 -16 39.65302886467605
    endloop
  endfacet
  facet normal 0 -1 0
    outer loop
      vertex -34 -16 48
      vertex -22.89685711855504 -16 39.65302886467605
      vertex -22.765938590568393 -16 39.67907017901173
    endloop
  endfacet
  facet normal 0 -1 0
    outer loop
      vertex -34 -16 48
      vertex -22.765938590568393 -16 39.67907017901173
      vertex -22.633380462737335 -16 39.694759467346316
    endloop
  endfacet
  facet normal 0 -1 0
    outer loop
      vertex -34 -16 48
      vertex -22.633380462737335 -16 39.694759467346316
      vertex -22.5 -16 39.7
    endloop
  endfacet
  facet normal 0 -1 0
    outer loop
      vertex -34 -16 48
      vertex -22.5 -16 39.7
      vertex -22.366619537262665 -16 39.694759467346316
    endloop
  endfacet
  facet normal 0 -1 0
    outer loop
      vertex -34 -16 48
      vertex -22.366619537262665 -16 39.694759467346316
      vertex -22.234061409431607 -16 39.67907017901173
    endloop
  endfacet
  facet normal 0 -1 0
    outer loop
      vertex -34 -16 48
      vertex -22.234061409431607 -16 39.67907017901173
      vertex -22.10314288144496 -16 39.65302886467605
    endloop
  endfacet
  facet normal 0 -1 0
    outer loop
      vertex -34 -16 48
      vertex -22.10314288144496 -16 39.65302886467605
      vertex -21.97467110956259 -16 39.616796077701764
    endloop
  endfacet
  facet normal 0 0 1
    outer loop
      vertex -39.34603914618492 -12.723942995071411 48
      vertex -19.6 -12.5 48
      vertex -25.4 -12.5 48
    endloop
  endfacet
  facet normal 0 0 1
    outer loop
      vertex -39.11584098637104 -13.134991385042667 48
      vertex -2.9 -12.5 48
      vertex -39.34603914618492 -12.723942995071411 48
    endloop
  endfacet
  facet normal 0 0 1
    outer loop
      vertex -39.34603914618492 -12.723942995071411 48
      vertex -2.9 -12.5 48
      vertex -19.6 -12.5 48
    endloop
  endfacet
  facet normal -1 0 0
    outer loop
      vertex -40 -10 25
      vertex -40 -4.08439826220274 37.642661452293396
      vertex -40 -4.037711784243584 37.2880424708128
    endloop
  endfacet
  facet normal -1 0 0
    outer loop
      vertex -40 -10 25
      vertex -40 -4.100000001490116 38
      vertex -40 -4.08439826220274 37.642661452293396
    endloop
  endfacet
  facet normal -1 0 0
    outer loop
      vertex -40 -10 25
      vertex -40 -4.08439826220274 38.357338547706604
      vertex -40 -4.100000001490116 38
    endloop
  endfacet
  facet normal -1 0 0
    outer loop
      vertex -40 -10 25
      vertex -40 -4.037711784243584 38.7119575291872
      vertex -40 -4.08439826220274 38.357338547706604
    endloop
  endfacet
  facet normal -1 0 0
    outer loop
      vertex -40 -10 25
      vertex -40 -3.5507041588425636 35.95000000298023
      vertex -40 -3.3585233837366104 35.64833661168814
    endloop
  endfacet
  facet normal -1 0 0
    outer loop
      vertex -40 -10 25
      vertex -40 -3.715861923992634 36.26726512610912
      vertex -40 -3.5507041588425636 35.95000000298023
    endloop
  endfacet
  facet normal -1 0 0
    outer loop
      vertex -40 -10 25
      vertex -40 -3.852739743888378 36.59771741181612
      vertex -40 -3.715861923992634 36.26726512610912
    endloop
  endfacet
  facet normal -1 0 0
    outer loop
      vertex -40 -10 25
      vertex -40 -3.9602958858013153 36.93884191662073
      vertex -40 -3.852739743888378 36.59771741181612
    endloop
  endfacet
  facet normal -1 0 0
    outer loop
      vertex -40 -10 25
      vertex -40 -3.1407822147011757 35.364570803940296
      vertex -40 -2.8991378024220467 35.10086219757795
    endloop
  endfacet
  facet normal -1 0 0
    outer loop
      vertex -40 -10 25
      vertex -40 -3.3585233837366104 35.64833661168814
      vertex -40 -3.1407822147011757 35.364570803940296
    endloop
  endfacet
  facet normal -1 0 0
    outer loop
      vertex -40 -10 25
      vertex -40 -2.8991378024220467 35.10086219757795
      vertex -40 -2.635429196059704 34.859217785298824
    endloop
  endfacet
  facet normal -1 0 0
    outer loop
      vertex -40 -10 25
      vertex -40 -2.351663388311863 34.64147661626339
      vertex -40 -2.0499999970197678 34.449295841157436
    endloop
  endfacet
  facet normal -1 0 0
    outer loop
      vertex -40 -10 25
      vertex -40 -2.0499999970197678 34.449295841157436
      vertex -40 -1.7327348738908768 34.284138076007366
    endloop
  endfacet
  facet normal -1 0 0
    outer loop
      vertex -40 -10 25
      vertex -40 -1.7327348738908768 34.284138076007366
      vertex -40 -1.4022825881838799 34.14726025611162
    endloop
  endfacet
  facet normal -1 0 0
    outer loop
      vertex -40 -10 25
      vertex -40 -1.4022825881838799 34.14726025611162
      vertex -40 -1.0611580833792686 34.039704114198685
    endloop
  endfacet
  facet normal -1 0 0
    outer loop
      vertex -40 -10 25
      vertex -40 -2.635429196059704 34.859217785298824
      vertex -40 -2.351663388311863 34.64147661626339
    endloop
  endfacet
  facet normal -1 0 0
    outer loop
      vertex -40 -10 25
      vertex -40 -4.037711784243584 37.2880424708128
      vertex -40 -3.9602958858013153 36.93884191662073
    endloop
  endfacet
  facet normal -1 0 0
    outer loop
      vertex -40 -10 25
      vertex -40 -3.9602958858013153 39.06115808337927
      vertex -40 -4.037711784243584 38.7119575291872
    endloop
  endfacet
  facet normal -1 0 0
    outer loop
      vertex -40 -10 25
      vertex -40 -3.852739743888378 39.40228258818388
      vertex -40 -3.9602958858013153 39.06115808337927
    endloop
  endfacet
  facet normal -1 0 0
    outer loop
      vertex -40 -10 25
      vertex -40 -1.0611580833792686 34.039704114198685
      vertex -40 10 25
    endloop
  endfacet
  facet normal -1 0 0
    outer loop
      vertex -40 -10 25
      vertex -40 -10 48
      vertex -40 -3.852739743888378 39.40228258818388
    endloop
  endfacet
  facet normal -1 0 0
    outer loop
      vertex -40 -10 48
      vertex -40 -3.715861923992634 39.73273487389088
      vertex -40 -3.852739743888378 39.40228258818388
    endloop
  endfacet
  facet normal -1 0 0
    outer loop
      vertex -40 -10 48
      vertex -40 -3.5507041588425636 40.04999999701977
      vertex -40 -3.715861923992634 39.73273487389088
    endloop
  endfacet
  facet normal -1 0 0
    outer loop
      vertex -40 -10 48
      vertex -40 -3.3585233837366104 40.35166338831186
      vertex -40 -3.5507041588425636 40.04999999701977
    endloop
  endfacet
  facet normal -1 0 0
    outer loop
      vertex -40 -10 48
      vertex -40 -3.1407822147011757 40.635429196059704
      vertex -40 -3.3585233837366104 40.35166338831186
    endloop
  endfacet
  facet normal -1 0 0
    outer loop
      vertex -40 -10 48
      vertex -40 -2.8991378024220467 40.89913780242205
      vertex -40 -3.1407822147011757 40.635429196059704
    endloop
  endfacet
  facet normal -1 0 0
    outer loop
      vertex -40 -10 48
      vertex -40 0 43.79827560484409
      vertex -40 -2.8991378024220467 40.89913780242205
    endloop
  endfacet
  facet normal 0 -1 0
    outer loop
      vertex -22.5 -16 36.3
      vertex -1.6947594673463175 -16 15.133380462737337
      vertex -22.366619537262665 -16 36.305240532653684
    endloop
  endfacet
  facet normal 0 -1 0
    outer loop
      vertex -22.366619537262665 -16 36.305240532653684
      vertex -1.6790701790117342 -16 15.265938590568393
      vertex -22.234061409431607 -16 36.32092982098827
    endloop
  endfacet
  facet normal 0 -1 0
    outer loop
      vertex -22.234061409431607 -16 36.32092982098827
      vertex -1.2926901415200525 -16 16.104061682161312
      vertex -22.10314288144496 -16 36.34697113532395
    endloop
  endfacet
  facet normal 0 -1 0
    outer loop
      vertex -1.2926901415200525 -16 16.104061682161312
      vertex -21.97467110956259 -16 36.383203922298236
      vertex -22.10314288144496 -16 36.34697113532395
    endloop
  endfacet
  facet normal 0 -1 0
    outer loop
      vertex -1.2926901415200525 -16 16.104061682161312
      vertex -21.849438164979347 -16 36.429404794730814
      vertex -21.97467110956259 -16 36.383203922298236
    endloop
  endfacet
  facet normal 0 -1 0
    outer loop
      vertex -1.2926901415200525 -16 16.104061682161312
      vertex -21.72821615044277 -16 36.485288908879774
      vertex -21.849438164979347 -16 36.429404794730814
    endloop
  endfacet
  facet normal 0 -1 0
    outer loop
      vertex -1.2926901415200525 -16 16.104061682161312
      vertex -21.611752439982887 -16 36.550511720598045
      vertex -21.72821615044277 -16 36.485288908879774
    endloop
  endfacet
  facet normal 0 -1 0
    outer loop
      vertex -1.2926901415200525 -16 16.104061682161312
      vertex -21.500765071102794 -16 36.62467110956259
      vertex -21.611752439982887 -16 36.550511720598045
    endloop
  endfacet
  facet normal 0 -1 0
    outer loop
      vertex -21.500765071102794 -16 36.62467110956259
      vertex -1.2926901415200525 -16 16.104061682161312
      vertex -21.395938317838688 -16 36.707309858479945
    endloop
  endfacet
  facet normal 0 -1 0
    outer loop
      vertex -21.395938317838688 -16 36.707309858479945
      vertex -1.2020815280171309 -16 16.202081528017132
      vertex -21.297918471982868 -16 36.79791847198287
    endloop
  endfacet
  facet normal 0 -1 0
    outer loop
      vertex -21.297918471982868 -16 36.79791847198287
      vertex -1.1040616821613123 -16 16.29269014152005
      vertex -21.20730985847995 -16 36.895938317838684
    endloop
  endfacet
  facet normal 0 -1 0
    outer loop
      vertex -21.20730985847995 -16 36.895938317838684
      vertex -0.9992349288972043 -16 16.37532889043741
      vertex -21.12467110956259 -16 37.0007650711028
    endloop
  endfacet
  facet normal 0 -1 0
    outer loop
      vertex -21.12467110956259 -16 37.0007650711028
      vertex -0.8882475600171129 -16 16.449488279401958
      vertex -21.050511720598042 -16 37.11175243998289
    endloop
  endfacet
  facet normal 0 -1 0
    outer loop
      vertex -21.050511720598042 -16 37.11175243998289
      vertex -0.7717838495572295 -16 16.514711091120226
      vertex -20.985288908879774 -16 37.22821615044277
    endloop
  endfacet
  facet normal 0 -1 0
    outer loop
      vertex -20.985288908879774 -16 37.22821615044277
      vertex -0.6505618350206526 -16 16.570595205269186
      vertex -20.929404794730814 -16 37.34943816497935
    endloop
  endfacet
  facet normal 0 -1 0
    outer loop
      vertex -20.929404794730814 -16 37.34943816497935
      vertex -0.5253288904374106 -16 16.61679607770176
      vertex -20.88320392229824 -16 37.47467110956259
    endloop
  endfacet
  facet normal 0 -1 0
    outer loop
      vertex -20.88320392229824 -16 37.47467110956259
      vertex -0.39685711855503913 -16 16.65302886467605
      vertex -20.84697113532395 -16 37.60314288144496
    endloop
  endfacet
  facet normal 0 -1 0
    outer loop
      vertex -20.84697113532395 -16 37.60314288144496
      vertex -0.2659385905683925 -16 16.679070179011735
      vertex -20.820929820988265 -16 37.73406140943161
    endloop
  endfacet
  facet normal 0 -1 0
    outer loop
      vertex -20.820929820988265 -16 37.73406140943161
      vertex -0.1333804627373364 -16 16.694759467346316
      vertex -20.805240532653684 -16 37.866619537262665
    endloop
  endfacet
  facet normal 0 -1 0
    outer loop
      vertex -20.805240532653684 -16 37.866619537262665
      vertex 0 -16 16.7
      vertex -20.8 -16 38
    endloop
  endfacet
  facet normal 0 -1 0
    outer loop
      vertex -20.8 -16 38
      vertex 0.1333804627373364 -16 16.694759467346316
      vertex -20.805240532653684 -16 38.133380462737335
    endloop
  endfacet
  facet normal 0 -1 0
    outer loop
      vertex -20.805240532653684 -16 38.133380462737335
      vertex 0.2659385905683925 -16 16.679070179011735
      vertex -20.820929820988265 -16 38.26593859056839
    endloop
  endfacet
  facet normal 0 -1 0
    outer loop
      vertex -20.820929820988265 -16 38.26593859056839
      vertex 0.39685711855503913 -16 16.65302886467605
      vertex -20.84697113532395 -16 38.39685711855504
    endloop
  endfacet
  facet normal 0 -1 0
    outer loop
      vertex -20.84697113532395 -16 38.39685711855504
      vertex 0.5253288904374106 -16 16.61679607770176
      vertex -20.88320392229824 -16 38.52532889043741
    endloop
  endfacet
  facet normal 0 -1 0
    outer loop
      vertex -34 -16 48
      vertex -21.97467110956259 -16 39.616796077701764
      vertex 34 -16 19
    endloop
  endfacet
  facet normal 0 -1 0
    outer loop
      vertex 34 -16 19
      vertex -20.929404794730814 -16 38.65056183502065
      vertex -20.88320392229824 -16 38.52532889043741
    endloop
  endfacet
  facet normal 0 -1 0
    outer loop
      vertex 34 -16 19
      vertex -21.050511720598042 -16 38.88824756001711
      vertex -20.985288908879774 -16 38.77178384955723
    endloop
  endfacet
  facet normal 0 -1 0
    outer loop
      vertex 34 -16 19
      vertex -20.985288908879774 -16 38.77178384955723
      vertex -20.929404794730814 -16 38.65056183502065
    endloop
  endfacet
  facet normal 0 -1 0
    outer loop
      vertex 34 -16 19
      vertex -21.849438164979347 -16 39.570595205269186
      vertex -21.72821615044277 -16 39.514711091120226
    endloop
  endfacet
  facet normal 0 -1 0
    outer loop
      vertex 34 -16 19
      vertex -21.97467110956259 -16 39.616796077701764
      vertex -21.849438164979347 -16 39.570595205269186
    endloop
  endfacet
  facet normal 0 -1 0
    outer loop
      vertex 34 -16 19
      vertex -21.297918471982868 -16 39.20208152801713
      vertex -21.20730985847995 -16 39.104061682161316
    endloop
  endfacet
  facet normal 0 -1 0
    outer loop
      vertex 34 -16 19
      vertex -21.611752439982887 -16 39.449488279401955
      vertex -21.500765071102794 -16 39.37532889043741
    endloop
  endfacet
  facet normal 0 -1 0
    outer loop
      vertex 34 -16 19
      vertex -21.395938317838688 -16 39.292690141520055
      vertex -21.297918471982868 -16 39.20208152801713
    endloop
  endfacet
  facet normal 0 -1 0
    outer loop
      vertex 34 -16 19
      vertex -21.500765071102794 -16 39.37532889043741
      vertex -21.395938317838688 -16 39.292690141520055
    endloop
  endfacet
  facet normal 0 -1 0
    outer loop
      vertex 34 -16 19
      vertex -21.12467110956259 -16 38.9992349288972
      vertex -21.050511720598042 -16 38.88824756001711
    endloop
  endfacet
  facet normal 0 -1 0
    outer loop
      vertex 34 -16 19
      vertex -21.20730985847995 -16 39.104061682161316
      vertex -21.12467110956259 -16 38.9992349288972
    endloop
  endfacet
  facet normal 0 -1 0
    outer loop
      vertex 34 -16 19
      vertex -21.72821615044277 -16 39.514711091120226
      vertex -21.611752439982887 -16 39.449488279401955
    endloop
  endfacet
  facet normal 0 0 1
    outer loop
      vertex -38.854101963341236 -13.526711516082287 48
      vertex 19.6 -12.5 48
      vertex -39.11584098637104 -13.134991385042667 48
    endloop
  endfacet
  facet normal 0 0 1
    outer loop
      vertex -35.40067218244076 -15.83421952277422 48
      vertex -34.938606791198254 -15.926130041480064 48
      vertex 36.296100594103336 -15.543277196586132 48
    endloop
  endfacet
  facet normal 0 0 1
    outer loop
      vertex -35.854101963341236 -15.706339098513126 48
      vertex -35.40067218244076 -15.83421952277422 48
      vertex 36.72394299507141 -15.346039146184921 48
    endloop
  endfacet
  facet normal 0 0 1
    outer loop
      vertex -37.13499138504267 -15.11584098637104 48
      vertex -36.72394299507141 -15.346039146184921 48
      vertex 37.89668828994036 -14.562435790896416 48
    endloop
  endfacet
  facet normal 0 0 1
    outer loop
      vertex -36.296100594103336 -15.543277196586132 48
      vertex -35.854101963341236 -15.706339098513126 48
      vertex 37.13499138504267 -15.11584098637104 48
    endloop
  endfacet
  facet normal 0 0 1
    outer loop
      vertex -36.296100594103336 -15.543277196586132 48
      vertex 37.52671151608229 -14.854101963341236 48
      vertex -36.72394299507141 -15.346039146184921 48
    endloop
  endfacet
  facet normal 0 0 1
    outer loop
      vertex -34.47075457125902 -15.981504000723362 48
      vertex -34 -16 48
      vertex 35.40067218244076 -15.83421952277422 48
    endloop
  endfacet
  facet normal 0 0 1
    outer loop
      vertex -34.938606791198254 -15.926130041480064 48
      vertex -34.47075457125902 -15.981504000723362 48
      vertex 35.854101963341236 -15.706339098513126 48
    endloop
  endfacet
  facet normal 0 0 1
    outer loop
      vertex -37.52671151608229 -14.854101963341236 48
      vertex -37.13499138504267 -15.11584098637104 48
      vertex 38.24264068901539 -14.242640689015388 48
    endloop
  endfacet
  facet normal 0 0 1
    outer loop
      vertex -37.52671151608229 -14.854101963341236 48
      vertex 38.562435790896416 -13.896688289940357 48
      vertex -37.89668828994036 -14.562435790896416 48
    endloop
  endfacet
  facet normal 0 0 1
    outer loop
      vertex -37.89668828994036 -14.562435790896416 48
      vertex 38.854101963341236 -13.526711516082287 48
      vertex -38.24264068901539 -14.242640689015388 48
    endloop
  endfacet
  facet normal 0 0 1
    outer loop
      vertex -38.24264068901539 -14.242640689015388 48
      vertex 39.11584098637104 -13.134991385042667 48
      vertex -38.562435790896416 -13.896688289940357 48
    endloop
  endfacet
  facet normal 0 0 1
    outer loop
      vertex -38.854101963341236 -13.526711516082287 48
      vertex -38.562435790896416 -13.896688289940357 48
      vertex 39.34603914618492 -12.723942995071411 48
    endloop
  endfacet
  facet normal 0 0 1
    outer loop
      vertex -39.11584098637104 -13.134991385042667 48
      vertex 1.5404596469903964 -12.5 48
      vertex -2.9 -12.5 48
    endloop
  endfacet
  facet normal 0 0 1
    outer loop
      vertex -39.11584098637104 -13.134991385042667 48
      vertex 2.9 -12.5 48
      vertex 1.5404596469903964 -12.5 48
    endloop
  endfacet
  facet normal 0 0 1
    outer loop
      vertex -2.9 -9.5 48
      vertex -19.6 -9.5 48
      vertex -19.6 -12.5 48
    endloop
  endfacet
  facet normal 0 0 1
    outer loop
      vertex -39.11584098637104 -13.134991385042667 48
      vertex 19.6 -12.5 48
      vertex 2.9 -12.5 48
    endloop
  endfacet
  facet normal 0 0 1
    outer loop
      vertex -19.6 -12.5 48
      vertex -2.9 -12.5 48
      vertex -2.9 -9.5 48
    endloop
  endfacet
  facet normal 0 0 1
    outer loop
      vertex -39.926130041480064 -10.938606791198254 48
      vertex 40 10 48
      vertex -39.98150400072336 -10.470754571259022 48
    endloop
  endfacet
  facet normal 0 0 1
    outer loop
      vertex -39.98150400072336 -10.470754571259022 48
      vertex 39.98150400072336 10.470754571259022 48
      vertex -40 -10 48
    endloop
  endfacet
  facet normal 0 0 1
    outer loop
      vertex -39.926130041480064 -10.938606791198254 48
      vertex -25.4 -9.5 48
      vertex 40 10 48
    endloop
  endfacet
  facet normal 0 0 1
    outer loop
      vertex 40 10 48
      vertex -25.4 -9.5 48
      vertex -21.26129298032373 -9.5 48
    endloop
  endfacet
  facet normal 0 0 1
    outer loop
      vertex 40 10 48
      vertex -21.26129298032373 -9.5 48
      vertex -19.6 -9.5 48
    endloop
  endfacet
  facet normal 0 0 -1
    outer loop
      vertex -15 -16 0
      vertex -15 16 0
      vertex -3.787906083296275 1.5690020726968679 0
    endloop
  endfacet
  facet normal 0 0 -1
    outer loop
      vertex -15 16 0
      vertex -3.653126749172308 1.8613610489321415 0
      vertex -3.787906083296275 1.5690020726968679 0
    endloop
  endfacet
  facet normal 0 0 -1
    outer loop
      vertex -15 16 0
      vertex -3.4958246738517778 2.14224411533539 0
      vertex -3.653126749172308 1.8613610489321415 0
    endloop
  endfacet
  facet normal 0 0 -1
    outer loop
      vertex -15 16 0
      vertex -3.3169696769372843 2.4099195343991395 0
      vertex -3.4958246738517778 2.14224411533539 0
    endloop
  endfacet
  facet normal 0 0 -1
    outer loop
      vertex -15 16 0
      vertex -3.1176644589601263 2.6627369981537528 0
      vertex -3.3169696769372843 2.4099195343991395 0
    endloop
  endfacet
  facet normal 0 0 -1
    outer loop
      vertex -15 16 0
      vertex -2.899137802864845 2.899137802864845 0
      vertex -3.1176644589601263 2.6627369981537528 0
    endloop
  endfacet
  facet normal 0 0 -1
    outer loop
      vertex -15 16 0
      vertex -2.6627369981537528 3.1176644589601263 0
      vertex -2.899137802864845 2.899137802864845 0
    endloop
  endfacet
  facet normal 0 0 -1
    outer loop
      vertex -15 16 0
      vertex -2.4099195343991395 3.3169696769372843 0
      vertex -2.6627369981537528 3.1176644589601263 0
    endloop
  endfacet
  facet normal 0 0 -1
    outer loop
      vertex -15 16 0
      vertex -2.14224411533539 3.4958246738517778 0
      vertex -2.4099195343991395 3.3169696769372843 0
    endloop
  endfacet
  facet normal 0 0 -1
    outer loop
      vertex -15 16 0
      vertex -1.8613610489321415 3.653126749172308 0
      vertex -2.14224411533539 3.4958246738517778 0
    endloop
  endfacet
  facet normal 0 0 -1
    outer loop
      vertex -15 16 0
      vertex -1.5690020726968679 3.787906083296275 0
      vertex -1.8613610489321415 3.653126749172308 0
    endloop
  endfacet
  facet normal 0 0 -1
    outer loop
      vertex -15 16 0
      vertex 15 16 0
      vertex -1.5690020726968679 3.787906083296275 0
    endloop
  endfacet
  facet normal 0 1 0
    outer loop
      vertex -34 16 19
      vertex 34 16 48
      vertex -15 16 0
    endloop
  endfacet
  facet normal -1 0 0
    outer loop
      vertex -40 10 25
      vertex -40 -1.0611580833792686 34.039704114198685
      vertex -40 -0.7119575291872025 33.962288215756416
    endloop
  endfacet
  facet normal -1 0 0
    outer loop
      vertex -40 10 25
      vertex -40 -0.7119575291872025 33.962288215756416
      vertex -40 -0.357338547706604 33.91560173779726
    endloop
  endfacet
  facet normal -1 0 0
    outer loop
      vertex -40 10 25
      vertex -40 -0.357338547706604 33.91560173779726
      vertex -40 0 33.899999998509884
    endloop
  endfacet
  facet normal -1 0 0
    outer loop
      vertex -40 10 25
      vertex -40 0 33.899999998509884
      vertex -40 0.357338547706604 33.91560173779726
    endloop
  endfacet
  facet normal -1 0 0
    outer loop
      vertex -40 10 25
      vertex -40 0.357338547706604 33.91560173779726
      vertex -40 0.7119575291872025 33.962288215756416
    endloop
  endfacet
  facet normal -1 0 0
    outer loop
      vertex -40 10 25
      vertex -40 0.7119575291872025 33.962288215756416
      vertex -40 1.0611580833792686 34.039704114198685
    endloop
  endfacet
  facet normal -1 0 0
    outer loop
      vertex -40 10 25
      vertex -40 1.0611580833792686 34.039704114198685
      vertex -40 1.4022825881838799 34.14726025611162
    endloop
  endfacet
  facet normal -1 0 0
    outer loop
      vertex -40 10 25
      vertex -40 1.4022825881838799 34.14726025611162
      vertex -40 1.7327348738908768 34.284138076007366
    endloop
  endfacet
  facet normal -1 0 0
    outer loop
      vertex -40 10 25
      vertex -40 1.7327348738908768 34.284138076007366
      vertex -40 2.0499999970197678 34.449295841157436
    endloop
  endfacet
  facet normal -1 0 0
    outer loop
      vertex -40 10 25
      vertex -40 2.0499999970197678 34.449295841157436
      vertex -40 2.351663388311863 34.64147661626339
    endloop
  endfacet
  facet normal -1 0 0
    outer loop
      vertex -40 10 25
      vertex -40 2.351663388311863 34.64147661626339
      vertex -40 2.635429196059704 34.859217785298824
    endloop
  endfacet
  facet normal -1 0 0
    outer loop
      vertex -40 10 25
      vertex -40 2.635429196059704 34.859217785298824
      vertex -40 2.8991378024220467 35.10086219757795
    endloop
  endfacet
  facet normal -1 0 0
    outer loop
      vertex -40 10 25
      vertex -40 2.8991378024220467 35.10086219757795
      vertex -40 3.1407822147011757 35.364570803940296
    endloop
  endfacet
  facet normal -1 0 0
    outer loop
      vertex -40 10 25
      vertex -40 3.1407822147011757 35.364570803940296
      vertex -40 3.3585233837366104 35.64833661168814
    endloop
  endfacet
  facet normal -1 0 0
    outer loop
      vertex -40 10 25
      vertex -40 3.3585233837366104 35.64833661168814
      vertex -40 3.5507041588425636 35.95000000298023
    endloop
  endfacet
  facet normal -1 0 0
    outer loop
      vertex -40 10 25
      vertex -40 3.5507041588425636 35.95000000298023
      vertex -40 3.715861923992634 36.26726512610912
    endloop
  endfacet
  facet normal -1 0 0
    outer loop
      vertex -40 10 25
      vertex -40 3.715861923992634 36.26726512610912
      vertex -40 3.852739743888378 36.59771741181612
    endloop
  endfacet
  facet normal -1 0 0
    outer loop
      vertex -40 10 25
      vertex -40 3.852739743888378 36.59771741181612
      vertex -40 3.9602958858013153 36.93884191662073
    endloop
  endfacet
  facet normal -1 0 0
    outer loop
      vertex -40 10 25
      vertex -40 3.9602958858013153 36.93884191662073
      vertex -40 4.037711784243584 37.2880424708128
    endloop
  endfacet
  facet normal -1 0 0
    outer loop
      vertex -40 10 25
      vertex -40 4.037711784243584 38.7119575291872
      vertex -40 3.9602958858013153 39.06115808337927
    endloop
  endfacet
  facet normal -1 0 0
    outer loop
      vertex -40 10 25
      vertex -40 3.9602958858013153 39.06115808337927
      vertex -40 3.852739743888378 39.40228258818388
    endloop
  endfacet
  facet normal -1 0 0
    outer loop
      vertex -40 10 25
      vertex -40 4.037711784243584 37.2880424708128
      vertex -40 4.08439826220274 37.642661452293396
    endloop
  endfacet
  facet normal -1 0 0
    outer loop
      vertex -40 10 25
      vertex -40 4.08439826220274 37.642661452293396
      vertex -40 4.100000001490116 38
    endloop
  endfacet
  facet normal -1 0 0
    outer loop
      vertex -40 10 25
      vertex -40 4.100000001490116 38
      vertex -40 4.08439826220274 38.357338547706604
    endloop
  endfacet
  facet normal -1 0 0
    outer loop
      vertex -40 10 25
      vertex -40 4.08439826220274 38.357338547706604
      vertex -40 4.037711784243584 38.7119575291872
    endloop
  endfacet
  facet normal -1 0 0
    outer loop
      vertex -40 -10 48
      vertex -40 10 48
      vertex -40 0 43.79827560484409
    endloop
  endfacet
  facet normal -1 0 0
    outer loop
      vertex -40 10 25
      vertex -40 3.852739743888378 39.40228258818388
      vertex -40 10 48
    endloop
  endfacet
  facet normal -1 0 0
    outer loop
      vertex -40 10 48
      vertex -40 2.8991378024220467 40.89913780242205
      vertex -40 0 43.79827560484409
    endloop
  endfacet
  facet normal -1 0 0
    outer loop
      vertex -40 10 48
      vertex -40 3.3585233837366104 40.35166338831186
      vertex -40 3.1407822147011757 40.635429196059704
    endloop
  endfacet
  facet normal -1 0 0
    outer loop
      vertex -40 10 48
      vertex -40 3.1407822147011757 40.635429196059704
      vertex -40 2.8991378024220467 40.89913780242205
    endloop
  endfacet
  facet normal -1 0 0
    outer loop
      vertex -40 10 48
      vertex -40 3.852739743888378 39.40228258818388
      vertex -40 3.715861923992634 39.73273487389088
    endloop
  endfacet
  facet normal -1 0 0
    outer loop
      vertex -40 10 48
      vertex -40 3.715861923992634 39.73273487389088
      vertex -40 3.5507041588425636 40.04999999701977
    endloop
  endfacet
  facet normal -1 0 0
    outer loop
      vertex -40 10 48
      vertex -40 3.5507041588425636 40.04999999701977
      vertex -40 3.3585233837366104 40.35166338831186
    endloop
  endfacet
  facet normal -0.9992290360910451 0.03925981956862728 0
    outer loop
      vertex -40 10 25
      vertex -39.98150400072336 10.470754571259022 48
      vertex -39.98150400072336 10.470754571259022 24.981504000723362
    endloop
  endfacet
  facet normal -0.9930684569712185 0.11753739732018624 0
    outer loop
      vertex -39.98150400072336 10.470754571259022 24.981504000723362
      vertex -39.926130041480064 10.938606791198254 48
      vertex -39.926130041480064 10.938606791198254 24.926130041480064
    endloop
  endfacet
  facet normal -0.9807852812766065 0.19509031762536977 0
    outer loop
      vertex -39.926130041480064 10.938606791198254 24.926130041480064
      vertex -39.83421952277422 11.400672182440758 48
      vertex -39.83421952277422 11.400672182440758 24.83421952277422
    endloop
  endfacet
  facet normal -0.9624552363037555 0.2714404503965501 0
    outer loop
      vertex -39.83421952277422 11.400672182440758 24.83421952277422
      vertex -39.706339098513126 11.854101963341236 48
      vertex -39.706339098513126 11.854101963341236 24.706339098513126
    endloop
  endfacet
  facet normal -0.19509031762536977 0.9807852812766066 0
    outer loop
      vertex -35.40067218244076 15.83421952277422 20.400672182440758
      vertex -34.938606791198254 15.926130041480064 48
      vertex -34.938606791198254 15.926130041480064 19.938606791198254
    endloop
  endfacet
  facet normal -0.2714404503965501 0.9624552363037555 0
    outer loop
      vertex -35.854101963341236 15.706339098513126 20.854101963341236
      vertex -35.40067218244076 15.83421952277422 48
      vertex -35.40067218244076 15.83421952277422 20.400672182440758
    endloop
  endfacet
  facet normal -0.11753739732018624 0.9930684569712183 0
    outer loop
      vertex -34.47075457125902 15.981504000723362 19.47075457125902
      vertex -34.938606791198254 15.926130041480064 19.938606791198254
      vertex -34.47075457125902 15.981504000723362 48
    endloop
  endfacet
  facet normal -0.03925981956862727 0.999229036091045 0
    outer loop
      vertex -34.47075457125902 15.981504000723362 19.47075457125902
      vertex -34 16 48
      vertex -34 16 19
    endloop
  endfacet
  facet normal -0.9381913371748881 0.3461170536827034 0
    outer loop
      vertex -39.706339098513126 11.854101963341236 24.706339098513126
      vertex -39.54327719658613 12.296100594103336 48
      vertex -39.54327719658613 12.296100594103336 24.543277196586132
    endloop
  endfacet
  facet normal -0.8724960063986092 0.4886212427008039 0
    outer loop
      vertex -39.34603914618492 12.723942995071411 24.34603914618492
      vertex -39.11584098637104 13.134991385042667 48
      vertex -39.11584098637104 13.134991385042667 24.11584098637104
    endloop
  endfacet
  facet normal -0.9081431722310621 0.4186597409951228 0
    outer loop
      vertex -39.54327719658613 12.296100594103336 24.543277196586132
      vertex -39.34603914618492 12.723942995071411 48
      vertex -39.34603914618492 12.723942995071411 24.34603914618492
    endloop
  endfacet
  facet normal -0.8314696128651844 0.5555702321775531 0
    outer loop
      vertex -38.854101963341236 13.526711516082287 23.854101963341236
      vertex -39.11584098637104 13.134991385042667 24.11584098637104
      vertex -38.854101963341236 13.526711516082287 48
    endloop
  endfacet
  facet normal -0.7853169291653289 0.6190939514858288 0
    outer loop
      vertex -38.854101963341236 13.526711516082287 23.854101963341236
      vertex -38.562435790896416 13.896688289940357 48
      vertex -38.562435790896416 13.896688289940357 23.562435790896416
    endloop
  endfacet
  facet normal -0.6788007382187915 0.7343225161968165 0
    outer loop
      vertex -38.24264068901539 14.242640689015388 23.24264068901539
      vertex -37.89668828994036 14.562435790896416 48
      vertex -37.89668828994036 14.562435790896416 22.896688289940357
    endloop
  endfacet
  facet normal -0.6190939514858287 0.7853169291653289 0
    outer loop
      vertex -37.89668828994036 14.562435790896416 22.896688289940357
      vertex -37.52671151608229 14.854101963341236 48
      vertex -37.52671151608229 14.854101963341236 22.526711516082287
    endloop
  endfacet
  facet normal -0.7343225161968164 0.6788007382187915 0
    outer loop
      vertex -38.562435790896416 13.896688289940357 23.562435790896416
      vertex -38.24264068901539 14.242640689015388 48
      vertex -38.24264068901539 14.242640689015388 23.24264068901539
    endloop
  endfacet
  facet normal -0.4186597409951228 0.9081431722310621 0
    outer loop
      vertex -36.72394299507141 15.346039146184921 21.72394299507141
      vertex -36.296100594103336 15.543277196586132 48
      vertex -36.296100594103336 15.543277196586132 21.296100594103336
    endloop
  endfacet
  facet normal -0.48862124270080404 0.8724960063986094 0
    outer loop
      vertex -36.72394299507141 15.346039146184921 21.72394299507141
      vertex -37.13499138504267 15.11584098637104 22.134991385042667
      vertex -36.72394299507141 15.346039146184921 48
    endloop
  endfacet
  facet normal -0.5555702321775532 0.8314696128651844 0
    outer loop
      vertex -37.52671151608229 14.854101963341236 22.526711516082287
      vertex -37.13499138504267 15.11584098637104 48
      vertex -37.13499138504267 15.11584098637104 22.134991385042667
    endloop
  endfacet
  facet normal -0.3461170536827035 0.9381913371748881 0
    outer loop
      vertex -35.854101963341236 15.706339098513126 20.854101963341236
      vertex -36.296100594103336 15.543277196586132 21.296100594103336
      vertex -35.854101963341236 15.706339098513126 48
    endloop
  endfacet
  facet normal -0.999229036091045 0.03925981956862727 0
    outer loop
      vertex -40 10 25
      vertex -40 10 48
      vertex -39.98150400072336 10.470754571259022 48
    endloop
  endfacet
  facet normal -0.9930684569712183 0.11753739732018623 0
    outer loop
      vertex -39.98150400072336 10.470754571259022 24.981504000723362
      vertex -39.98150400072336 10.470754571259022 48
      vertex -39.926130041480064 10.938606791198254 48
    endloop
  endfacet
  facet normal -0.9807852812766067 0.1950903176253698 0
    outer loop
      vertex -39.926130041480064 10.938606791198254 24.926130041480064
      vertex -39.926130041480064 10.938606791198254 48
      vertex -39.83421952277422 11.400672182440758 48
    endloop
  endfacet
  facet normal -0.9624552363037555 0.2714404503965501 0
    outer loop
      vertex -39.83421952277422 11.400672182440758 24.83421952277422
      vertex -39.83421952277422 11.400672182440758 48
      vertex -39.706339098513126 11.854101963341236 48
    endloop
  endfacet
  facet normal -0.9381913371748881 0.34611705368270346 0
    outer loop
      vertex -39.706339098513126 11.854101963341236 24.706339098513126
      vertex -39.706339098513126 11.854101963341236 48
      vertex -39.54327719658613 12.296100594103336 48
    endloop
  endfacet
  facet normal -0.9081431722310622 0.4186597409951228 0
    outer loop
      vertex -39.54327719658613 12.296100594103336 24.543277196586132
      vertex -39.54327719658613 12.296100594103336 48
      vertex -39.34603914618492 12.723942995071411 48
    endloop
  endfacet
  facet normal -0.8724960063986092 0.4886212427008039 0
    outer loop
      vertex -39.34603914618492 12.723942995071411 24.34603914618492
      vertex -39.34603914618492 12.723942995071411 48
      vertex -39.11584098637104 13.134991385042667 48
    endloop
  endfacet
  facet normal -0.8314696128651845 0.5555702321775531 0
    outer loop
      vertex -39.11584098637104 13.134991385042667 24.11584098637104
      vertex -39.11584098637104 13.134991385042667 48
      vertex -38.854101963341236 13.526711516082287 48
    endloop
  endfacet
  facet normal -0.7853169291653289 0.6190939514858288 0
    outer loop
      vertex -38.854101963341236 13.526711516082287 23.854101963341236
      vertex -38.854101963341236 13.526711516082287 48
      vertex -38.562435790896416 13.896688289940357 48
    endloop
  endfacet
  facet normal -0.2714404503965502 0.9624552363037556 0
    outer loop
      vertex -35.854101963341236 15.706339098513126 20.854101963341236
      vertex -35.854101963341236 15.706339098513126 48
      vertex -35.40067218244076 15.83421952277422 48
    endloop
  endfacet
  facet normal -0.19509031762536977 0.9807852812766066 0
    outer loop
      vertex -35.40067218244076 15.83421952277422 20.400672182440758
      vertex -35.40067218244076 15.83421952277422 48
      vertex -34.938606791198254 15.926130041480064 48
    endloop
  endfacet
  facet normal -0.6788007382187914 0.7343225161968164 0
    outer loop
      vertex -38.24264068901539 14.242640689015388 23.24264068901539
      vertex -38.24264068901539 14.242640689015388 48
      vertex -37.89668828994036 14.562435790896416 48
    endloop
  endfacet
  facet normal -0.7343225161968163 0.6788007382187915 0
    outer loop
      vertex -38.562435790896416 13.896688289940357 23.562435790896416
      vertex -38.562435790896416 13.896688289940357 48
      vertex -38.24264068901539 14.242640689015388 48
    endloop
  endfacet
  facet normal -0.6190939514858287 0.7853169291653289 0
    outer loop
      vertex -37.89668828994036 14.562435790896416 22.896688289940357
      vertex -37.89668828994036 14.562435790896416 48
      vertex -37.52671151608229 14.854101963341236 48
    endloop
  endfacet
  facet normal -0.5555702321775532 0.8314696128651844 0
    outer loop
      vertex -37.52671151608229 14.854101963341236 22.526711516082287
      vertex -37.52671151608229 14.854101963341236 48
      vertex -37.13499138504267 15.11584098637104 48
    endloop
  endfacet
  facet normal -0.488621242700804 0.8724960063986094 0
    outer loop
      vertex -37.13499138504267 15.11584098637104 22.134991385042667
      vertex -37.13499138504267 15.11584098637104 48
      vertex -36.72394299507141 15.346039146184921 48
    endloop
  endfacet
  facet normal -0.4186597409951229 0.9081431722310622 0
    outer loop
      vertex -36.72394299507141 15.346039146184921 21.72394299507141
      vertex -36.72394299507141 15.346039146184921 48
      vertex -36.296100594103336 15.543277196586132 48
    endloop
  endfacet
  facet normal -0.34611705368270346 0.9381913371748881 0
    outer loop
      vertex -36.296100594103336 15.543277196586132 21.296100594103336
      vertex -36.296100594103336 15.543277196586132 48
      vertex -35.854101963341236 15.706339098513126 48
    endloop
  endfacet
  facet normal -0.11753739732018625 0.9930684569712184 0
    outer loop
      vertex -34.938606791198254 15.926130041480064 19.938606791198254
      vertex -34.938606791198254 15.926130041480064 48
      vertex -34.47075457125902 15.981504000723362 48
    endloop
  endfacet
  facet normal -0.039259819568627265 0.9992290360910449 0
    outer loop
      vertex -34.47075457125902 15.981504000723362 19.47075457125902
      vertex -34.47075457125902 15.981504000723362 48
      vertex -34 16 48
    endloop
  endfacet
  facet normal 0 0 1
    outer loop
      vertex -34.938606791198254 15.926130041480064 48
      vertex -34 16 48
      vertex -34.47075457125902 15.981504000723362 48
    endloop
  endfacet
  facet normal 0 0 1
    outer loop
      vertex -40 -10 48
      vertex 39.926130041480064 10.938606791198254 48
      vertex -40 10 48
    endloop
  endfacet
  facet normal 0 0 1
    outer loop
      vertex -40 10 48
      vertex 39.83421952277422 11.400672182440758 48
      vertex -39.98150400072336 10.470754571259022 48
    endloop
  endfacet
  facet normal 0 0 1
    outer loop
      vertex -39.98150400072336 10.470754571259022 48
      vertex 39.706339098513126 11.854101963341236 48
      vertex -39.926130041480064 10.938606791198254 48
    endloop
  endfacet
  facet normal 0 0 1
    outer loop
      vertex -39.926130041480064 10.938606791198254 48
      vertex 39.54327719658613 12.296100594103336 48
      vertex -39.83421952277422 11.400672182440758 48
    endloop
  endfacet
  facet normal 0 0 1
    outer loop
      vertex -39.83421952277422 11.400672182440758 48
      vertex 39.34603914618492 12.723942995071411 48
      vertex -39.706339098513126 11.854101963341236 48
    endloop
  endfacet
  facet normal 0 1 0
    outer loop
      vertex -34 16 19
      vertex -34 16 48
      vertex 34 16 48
    endloop
  endfacet
  facet normal 0 0 1
    outer loop
      vertex -39.706339098513126 11.854101963341236 48
      vertex 39.11584098637104 13.134991385042667 48
      vertex -39.54327719658613 12.296100594103336 48
    endloop
  endfacet
  facet normal 0 0 1
    outer loop
      vertex -39.54327719658613 12.296100594103336 48
      vertex 38.854101963341236 13.526711516082287 48
      vertex -39.34603914618492 12.723942995071411 48
    endloop
  endfacet
  facet normal 0 0 1
    outer loop
      vertex -39.34603914618492 12.723942995071411 48
      vertex 38.562435790896416 13.896688289940357 48
      vertex -39.11584098637104 13.134991385042667 48
    endloop
  endfacet
  facet normal 0 0 1
    outer loop
      vertex -39.11584098637104 13.134991385042667 48
      vertex 38.24264068901539 14.242640689015388 48
      vertex -38.854101963341236 13.526711516082287 48
    endloop
  endfacet
  facet normal 0 0 1
    outer loop
      vertex -38.854101963341236 13.526711516082287 48
      vertex 37.89668828994036 14.562435790896416 48
      vertex -38.562435790896416 13.896688289940357 48
    endloop
  endfacet
  facet normal 0 0 1
    outer loop
      vertex -38.562435790896416 13.896688289940357 48
      vertex 37.52671151608229 14.854101963341236 48
      vertex -38.24264068901539 14.242640689015388 48
    endloop
  endfacet
  facet normal 0 0 1
    outer loop
      vertex -38.24264068901539 14.242640689015388 48
      vertex 37.13499138504267 15.11584098637104 48
      vertex -37.89668828994036 14.562435790896416 48
    endloop
  endfacet
  facet normal 0 0 1
    outer loop
      vertex -37.89668828994036 14.562435790896416 48
      vertex 36.72394299507141 15.346039146184921 48
      vertex -37.52671151608229 14.854101963341236 48
    endloop
  endfacet
  facet normal 0 0 1
    outer loop
      vertex -37.52671151608229 14.854101963341236 48
      vertex 36.296100594103336 15.543277196586132 48
      vertex -37.13499138504267 15.11584098637104 48
    endloop
  endfacet
  facet normal 0 0 1
    outer loop
      vertex -37.13499138504267 15.11584098637104 48
      vertex 35.854101963341236 15.706339098513126 48
      vertex -36.72394299507141 15.346039146184921 48
    endloop
  endfacet
  facet normal 0 0 1
    outer loop
      vertex -36.72394299507141 15.346039146184921 48
      vertex 35.40067218244076 15.83421952277422 48
      vertex -36.296100594103336 15.543277196586132 48
    endloop
  endfacet
  facet normal 0 0 1
    outer loop
      vertex -36.296100594103336 15.543277196586132 48
      vertex 34.938606791198254 15.926130041480064 48
      vertex -35.854101963341236 15.706339098513126 48
    endloop
  endfacet
  facet normal 0 0 1
    outer loop
      vertex -35.854101963341236 15.706339098513126 48
      vertex 34.47075457125902 15.981504000723362 48
      vertex -35.40067218244076 15.83421952277422 48
    endloop
  endfacet
  facet normal 0 0 1
    outer loop
      vertex -35.40067218244076 15.83421952277422 48
      vertex 34 16 48
      vertex -34.938606791198254 15.926130041480064 48
    endloop
  endfacet
  facet normal 0 0 1
    outer loop
      vertex -34.938606791198254 15.926130041480064 48
      vertex 34 16 48
      vertex -34 16 48
    endloop
  endfacet
  facet normal 0 -1 0
    outer loop
      vertex -15 -16 0
      vertex 15 -16 0
      vertex 0.8882475600171129 -16 13.550511720598044
    endloop
  endfacet
  facet normal 0 -1 0
    outer loop
      vertex 15 -16 0
      vertex 0.9992349288972043 -16 13.62467110956259
      vertex 0.8882475600171129 -16 13.550511720598044
    endloop
  endfacet
  facet normal 0 -1 0
    outer loop
      vertex 15 -16 0
      vertex 1.1040616821613123 -16 13.707309858479947
      vertex 0.9992349288972043 -16 13.62467110956259
    endloop
  endfacet
  facet normal 0 -1 0
    outer loop
      vertex 15 -16 0
      vertex 1.2020815280171309 -16 13.79791847198287
      vertex 1.1040616821613123 -16 13.707309858479947
    endloop
  endfacet
  facet normal 0 -1 0
    outer loop
      vertex 15 -16 0
      vertex 1.2926901415200525 -16 13.895938317838688
      vertex 1.2020815280171309 -16 13.79791847198287
    endloop
  endfacet
  facet normal 0 0 -1
    outer loop
      vertex -15 -16 0
      vertex 1.5690020726968679 -3.787906083296275 0
      vertex 15 -16 0
    endloop
  endfacet
  facet normal 0 -1 0
    outer loop
      vertex 15 -16 0
      vertex 34 -16 19
      vertex 1.2926901415200525 -16 13.895938317838688
    endloop
  endfacet
  facet normal 0 -1 0
    outer loop
      vertex 34 -16 19
      vertex 1.3753288904374106 -16 14.000765071102796
      vertex 1.2926901415200525 -16 13.895938317838688
    endloop
  endfacet
  facet normal 0 -1 0
    outer loop
      vertex 34 -16 19
      vertex 1.4494882794019566 -16 14.111752439982887
      vertex 1.3753288904374106 -16 14.000765071102796
    endloop
  endfacet
  facet normal 0 -1 0
    outer loop
      vertex 34 -16 19
      vertex 1.5147110911202253 -16 14.22821615044277
      vertex 1.4494882794019566 -16 14.111752439982887
    endloop
  endfacet
  facet normal 0 -1 0
    outer loop
      vertex 34 -16 19
      vertex 1.5705952052691874 -16 14.349438164979347
      vertex 1.5147110911202253 -16 14.22821615044277
    endloop
  endfacet
  facet normal 0 -1 0
    outer loop
      vertex 34 -16 19
      vertex 1.616796077701761 -16 14.474671109562589
      vertex 1.5705952052691874 -16 14.349438164979347
    endloop
  endfacet
  facet normal 0 -1 0
    outer loop
      vertex 34 -16 19
      vertex 1.65302886467605 -16 14.603142881444962
      vertex 1.616796077701761 -16 14.474671109562589
    endloop
  endfacet
  facet normal 0 -1 0
    outer loop
      vertex 34 -16 19
      vertex 1.6790701790117342 -16 14.734061409431607
      vertex 1.65302886467605 -16 14.603142881444962
    endloop
  endfacet
  facet normal 0 -1 0
    outer loop
      vertex 34 -16 19
      vertex 1.6947594673463175 -16 14.866619537262663
      vertex 1.6790701790117342 -16 14.734061409431607
    endloop
  endfacet
  facet normal 0 -1 0
    outer loop
      vertex 34 -16 19
      vertex 1.7 -16 15
      vertex 1.6947594673463175 -16 14.866619537262663
    endloop
  endfacet
  facet normal 0 -1 0
    outer loop
      vertex 34 -16 19
      vertex 1.6947594673463175 -16 15.133380462737337
      vertex 1.7 -16 15
    endloop
  endfacet
  facet normal 0 -1 0
    outer loop
      vertex 34 -16 19
      vertex 1.6790701790117342 -16 15.265938590568393
      vertex 1.6947594673463175 -16 15.133380462737337
    endloop
  endfacet
  facet normal 0 -1 0
    outer loop
      vertex 34 -16 19
      vertex 1.65302886467605 -16 15.396857118555038
      vertex 1.6790701790117342 -16 15.265938590568393
    endloop
  endfacet
  facet normal 0 -1 0
    outer loop
      vertex 34 -16 19
      vertex 1.616796077701761 -16 15.525328890437411
      vertex 1.65302886467605 -16 15.396857118555038
    endloop
  endfacet
  facet normal 0 -1 0
    outer loop
      vertex 34 -16 19
      vertex 1.5705952052691874 -16 15.650561835020653
      vertex 1.616796077701761 -16 15.525328890437411
    endloop
  endfacet
  facet normal 0 -1 0
    outer loop
      vertex 34 -16 19
      vertex 1.5147110911202253 -16 15.77178384955723
      vertex 1.5705952052691874 -16 15.650561835020653
    endloop
  endfacet
  facet normal 0 -1 0
    outer loop
      vertex 34 -16 19
      vertex 1.2020815280171309 -16 16.202081528017132
      vertex 1.2926901415200525 -16 16.104061682161312
    endloop
  endfacet
  facet normal 0 -1 0
    outer loop
      vertex 34 -16 19
      vertex 1.1040616821613123 -16 16.29269014152005
      vertex 1.2020815280171309 -16 16.202081528017132
    endloop
  endfacet
  facet normal 0 -1 0
    outer loop
      vertex 34 -16 19
      vertex 0.9992349288972043 -16 16.37532889043741
      vertex 1.1040616821613123 -16 16.29269014152005
    endloop
  endfacet
  facet normal 0 -1 0
    outer loop
      vertex 34 -16 19
      vertex 1.4494882794019566 -16 15.888247560017113
      vertex 1.5147110911202253 -16 15.77178384955723
    endloop
  endfacet
  facet normal 0 -1 0
    outer loop
      vertex 34 -16 19
      vertex 1.3753288904374106 -16 15.999234928897204
      vertex 1.4494882794019566 -16 15.888247560017113
    endloop
  endfacet
  facet normal 0 -1 0
    outer loop
      vertex 34 -16 19
      vertex 1.2926901415200525 -16 16.104061682161312
      vertex 1.3753288904374106 -16 15.999234928897204
    endloop
  endfacet
  facet normal 0 -1 0
    outer loop
      vertex 34 -16 19
      vertex 0.6505618350206526 -16 16.570595205269186
      vertex 0.7717838495572295 -16 16.514711091120226
    endloop
  endfacet
  facet normal 0 -1 0
    outer loop
      vertex 34 -16 19
      vertex 0.7717838495572295 -16 16.514711091120226
      vertex 0.8882475600171129 -16 16.449488279401958
    endloop
  endfacet
  facet normal 0 -1 0
    outer loop
      vertex 34 -16 19
      vertex 0.8882475600171129 -16 16.449488279401958
      vertex 0.9992349288972043 -16 16.37532889043741
    endloop
  endfacet
  facet normal 0 0 -1
    outer loop
      vertex 15 -16 0
      vertex 1.5690020726968679 -3.787906083296275 0
      vertex 1.8613610489321415 -3.653126749172308 0
    endloop
  endfacet
  facet normal 0 0 -1
    outer loop
      vertex 15 -16 0
      vertex 1.8613610489321415 -3.653126749172308 0
      vertex 2.14224411533539 -3.4958246738517778 0
    endloop
  endfacet
  facet normal 0 0 -1
    outer loop
      vertex 15 -16 0
      vertex 2.14224411533539 -3.4958246738517778 0
      vertex 2.4099195343991395 -3.3169696769372843 0
    endloop
  endfacet
  facet normal 0 0 -1
    outer loop
      vertex 15 -16 0
      vertex 2.4099195343991395 -3.3169696769372843 0
      vertex 2.6627369981537528 -3.1176644589601263 0
    endloop
  endfacet
  facet normal 0 0 -1
    outer loop
      vertex 15 -16 0
      vertex 2.6627369981537528 -3.1176644589601263 0
      vertex 2.899137802864845 -2.899137802864845 0
    endloop
  endfacet
  facet normal 0 0 -1
    outer loop
      vertex 15 -16 0
      vertex 2.899137802864845 -2.899137802864845 0
      vertex 3.1176644589601263 -2.6627369981537528 0
    endloop
  endfacet
  facet normal 0 0 -1
    outer loop
      vertex 15 -16 0
      vertex 3.1176644589601263 -2.6627369981537528 0
      vertex 3.3169696769372843 -2.4099195343991395 0
    endloop
  endfacet
  facet normal 0 0 -1
    outer loop
      vertex 15 -16 0
      vertex 3.3169696769372843 -2.4099195343991395 0
      vertex 3.4958246738517778 -2.14224411533539 0
    endloop
  endfacet
  facet normal 0 0 -1
    outer loop
      vertex 15 -16 0
      vertex 3.4958246738517778 -2.14224411533539 0
      vertex 3.653126749172308 -1.8613610489321415 0
    endloop
  endfacet
  facet normal 0 0 -1
    outer loop
      vertex 15 -16 0
      vertex 3.653126749172308 -1.8613610489321415 0
      vertex 3.787906083296275 -1.5690020726968679 0
    endloop
  endfacet
  facet normal 0 0 -1
    outer loop
      vertex 15 -16 0
      vertex 3.787906083296275 -1.5690020726968679 0
      vertex 15 16 0
    endloop
  endfacet
  facet normal 0 -1 0
    outer loop
      vertex 34 -16 19
      vertex -20.88320392229824 -16 38.52532889043741
      vertex 0.6505618350206526 -16 16.570595205269186
    endloop
  endfacet
  facet normal 0 -1 0
    outer loop
      vertex -34 -16 48
      vertex 34 -16 19
      vertex 21.12467110956259 -16 37.0007650711028
    endloop
  endfacet
  facet normal 0 -1 0
    outer loop
      vertex -34 -16 48
      vertex 20.985288908879774 -16 37.22821615044277
      vertex 20.929404794730814 -16 37.34943816497935
    endloop
  endfacet
  facet normal 0 -1 0
    outer loop
      vertex -34 -16 48
      vertex 21.12467110956259 -16 37.0007650711028
      vertex 21.050511720598042 -16 37.11175243998289
    endloop
  endfacet
  facet normal 0 -1 0
    outer loop
      vertex -34 -16 48
      vertex 21.050511720598042 -16 37.11175243998289
      vertex 20.985288908879774 -16 37.22821615044277
    endloop
  endfacet
  facet normal 0 -1 0
    outer loop
      vertex -34 -16 48
      vertex 20.929404794730814 -16 37.34943816497935
      vertex 20.88320392229824 -16 37.47467110956259
    endloop
  endfacet
  facet normal 0 -1 0
    outer loop
      vertex -34 -16 48
      vertex 20.88320392229824 -16 37.47467110956259
      vertex 20.84697113532395 -16 37.60314288144496
    endloop
  endfacet
  facet normal 0 -1 0
    outer loop
      vertex -34 -16 48
      vertex 20.84697113532395 -16 37.60314288144496
      vertex 20.820929820988265 -16 37.73406140943161
    endloop
  endfacet
  facet normal 0 -1 0
    outer loop
      vertex -34 -16 48
      vertex 20.820929820988265 -16 37.73406140943161
      vertex 20.805240532653684 -16 37.866619537262665
    endloop
  endfacet
  facet normal 0 -1 0
    outer loop
      vertex -34 -16 48
      vertex 20.805240532653684 -16 37.866619537262665
      vertex 20.8 -16 38
    endloop
  endfacet
  facet normal 0 -1 0
    outer loop
      vertex -34 -16 48
      vertex 20.8 -16 38
      vertex 20.805240532653684 -16 38.133380462737335
    endloop
  endfacet
  facet normal 0 -1 0
    outer loop
      vertex -34 -16 48
      vertex 20.805240532653684 -16 38.133380462737335
      vertex 20.820929820988265 -16 38.26593859056839
    endloop
  endfacet
  facet normal 0 -1 0
    outer loop
      vertex -34 -16 48
      vertex 20.820929820988265 -16 38.26593859056839
      vertex 20.84697113532395 -16 38.39685711855504
    endloop
  endfacet
  facet normal 0 -1 0
    outer loop
      vertex -34 -16 48
      vertex 20.84697113532395 -16 38.39685711855504
      vertex 20.88320392229824 -16 38.52532889043741
    endloop
  endfacet
  facet normal 0 -1 0
    outer loop
      vertex -34 -16 48
      vertex 20.88320392229824 -16 38.52532889043741
      vertex 20.929404794730814 -16 38.65056183502065
    endloop
  endfacet
  facet normal 0 -1 0
    outer loop
      vertex -34 -16 48
      vertex 20.929404794730814 -16 38.65056183502065
      vertex 20.985288908879774 -16 38.77178384955723
    endloop
  endfacet
  facet normal 0 -1 0
    outer loop
      vertex -34 -16 48
      vertex 20.985288908879774 -16 38.77178384955723
      vertex 21.050511720598042 -16 38.88824756001711
    endloop
  endfacet
  facet normal 0 -1 0
    outer loop
      vertex -34 -16 48
      vertex 21.050511720598042 -16 38.88824756001711
      vertex 21.12467110956259 -16 38.9992349288972
    endloop
  endfacet
  facet normal 0 -1 0
    outer loop
      vertex -34 -16 48
      vertex 21.12467110956259 -16 38.9992349288972
      vertex 21.20730985847995 -16 39.104061682161316
    endloop
  endfacet
  facet normal 0 -1 0
    outer loop
      vertex -34 -16 48
      vertex 21.20730985847995 -16 39.104061682161316
      vertex 21.297918471982868 -16 39.20208152801713
    endloop
  endfacet
  facet normal 0 -1 0
    outer loop
      vertex -34 -16 48
      vertex 21.297918471982868 -16 39.20208152801713
      vertex 21.395938317838688 -16 39.292690141520055
    endloop
  endfacet
  facet normal 0 -1 0
    outer loop
      vertex -34 -16 48
      vertex 21.395938317838688 -16 39.292690141520055
      vertex 21.500765071102794 -16 39.37532889043741
    endloop
  endfacet
  facet normal 0 -1 0
    outer loop
      vertex -34 -16 48
      vertex 21.500765071102794 -16 39.37532889043741
      vertex 21.611752439982887 -16 39.449488279401955
    endloop
  endfacet
  facet normal 0 -1 0
    outer loop
      vertex -34 -16 48
      vertex 21.611752439982887 -16 39.449488279401955
      vertex 21.72821615044277 -16 39.514711091120226
    endloop
  endfacet
  facet normal 0 -1 0
    outer loop
      vertex -34 -16 48
      vertex 21.72821615044277 -16 39.514711091120226
      vertex 21.849438164979347 -16 39.570595205269186
    endloop
  endfacet
  facet normal 0 -1 0
    outer loop
      vertex -34 -16 48
      vertex 21.849438164979347 -16 39.570595205269186
      vertex 21.97467110956259 -16 39.616796077701764
    endloop
  endfacet
  facet normal 0 -1 0
    outer loop
      vertex -34 -16 48
      vertex 21.97467110956259 -16 39.616796077701764
      vertex 22.10314288144496 -16 39.65302886467605
    endloop
  endfacet
  facet normal 0 -1 0
    outer loop
      vertex -34 -16 48
      vertex 22.10314288144496 -16 39.65302886467605
      vertex 22.234061409431607 -16 39.67907017901173
    endloop
  endfacet
  facet normal 0 -1 0
    outer loop
      vertex -34 -16 48
      vertex 22.234061409431607 -16 39.67907017901173
      vertex 22.366619537262665 -16 39.694759467346316
    endloop
  endfacet
  facet normal 0 -1 0
    outer loop
      vertex -34 -16 48
      vertex 22.366619537262665 -16 39.694759467346316
      vertex 22.5 -16 39.7
    endloop
  endfacet
  facet normal 0 -1 0
    outer loop
      vertex -34 -16 48
      vertex 22.5 -16 39.7
      vertex 22.633380462737335 -16 39.694759467346316
    endloop
  endfacet
  facet normal 0 -1 0
    outer loop
      vertex -34 -16 48
      vertex 22.633380462737335 -16 39.694759467346316
      vertex 22.765938590568393 -16 39.67907017901173
    endloop
  endfacet
  facet normal 0 0 1
    outer loop
      vertex -38.854101963341236 -13.526711516082287 48
      vertex 25.4 -12.5 48
      vertex 19.6 -12.5 48
    endloop
  endfacet
  facet normal 0 -1 0
    outer loop
      vertex -34 -16 48
      vertex 22.765938590568393 -16 39.67907017901173
      vertex 34 -16 48
    endloop
  endfacet
  facet normal 0 0 1
    outer loop
      vertex -38.854101963341236 -13.526711516082287 48
      vertex 39.54327719658613 -12.296100594103336 48
      vertex 25.4 -12.5 48
    endloop
  endfacet
  facet normal 0 0 1
    outer loop
      vertex 2.9 -12.5 48
      vertex 19.6 -9.5 48
      vertex 2.9 -9.5 48
    endloop
  endfacet
  facet normal 0 0 1
    outer loop
      vertex -34 -16 48
      vertex 34 -16 48
      vertex 34.938606791198254 -15.926130041480064 48
    endloop
  endfacet
  facet normal 0 0 1
    outer loop
      vertex -34 -16 48
      vertex 34.938606791198254 -15.926130041480064 48
      vertex 35.40067218244076 -15.83421952277422 48
    endloop
  endfacet
  facet normal 0 0 1
    outer loop
      vertex -34.47075457125902 -15.981504000723362 48
      vertex 35.40067218244076 -15.83421952277422 48
      vertex 35.854101963341236 -15.706339098513126 48
    endloop
  endfacet
  facet normal 0 0 1
    outer loop
      vertex -34.938606791198254 -15.926130041480064 48
      vertex 35.854101963341236 -15.706339098513126 48
      vertex 36.296100594103336 -15.543277196586132 48
    endloop
  endfacet
  facet normal 0 0 1
    outer loop
      vertex -35.40067218244076 -15.83421952277422 48
      vertex 36.296100594103336 -15.543277196586132 48
      vertex 36.72394299507141 -15.346039146184921 48
    endloop
  endfacet
  facet normal 0 0 1
    outer loop
      vertex -35.854101963341236 -15.706339098513126 48
      vertex 36.72394299507141 -15.346039146184921 48
      vertex 37.13499138504267 -15.11584098637104 48
    endloop
  endfacet
  facet normal 0 0 1
    outer loop
      vertex -36.296100594103336 -15.543277196586132 48
      vertex 37.13499138504267 -15.11584098637104 48
      vertex 37.52671151608229 -14.854101963341236 48
    endloop
  endfacet
  facet normal 0 0 1
    outer loop
      vertex -36.72394299507141 -15.346039146184921 48
      vertex 37.52671151608229 -14.854101963341236 48
      vertex 37.89668828994036 -14.562435790896416 48
    endloop
  endfacet
  facet normal 0 0 1
    outer loop
      vertex -37.13499138504267 -15.11584098637104 48
      vertex 37.89668828994036 -14.562435790896416 48
      vertex 38.24264068901539 -14.242640689015388 48
    endloop
  endfacet
  facet normal 0 0 1
    outer loop
      vertex -37.52671151608229 -14.854101963341236 48
      vertex 38.24264068901539 -14.242640689015388 48
      vertex 38.562435790896416 -13.896688289940357 48
    endloop
  endfacet
  facet normal 0 0 1
    outer loop
      vertex -37.89668828994036 -14.562435790896416 48
      vertex 38.562435790896416 -13.896688289940357 48
      vertex 38.854101963341236 -13.526711516082287 48
    endloop
  endfacet
  facet normal 0 0 1
    outer loop
      vertex -38.24264068901539 -14.242640689015388 48
      vertex 38.854101963341236 -13.526711516082287 48
      vertex 39.11584098637104 -13.134991385042667 48
    endloop
  endfacet
  facet normal 0 0 1
    outer loop
      vertex -38.562435790896416 -13.896688289940357 48
      vertex 39.11584098637104 -13.134991385042667 48
      vertex 39.34603914618492 -12.723942995071411 48
    endloop
  endfacet
  facet normal 0 0 1
    outer loop
      vertex -38.854101963341236 -13.526711516082287 48
      vertex 39.34603914618492 -12.723942995071411 48
      vertex 39.54327719658613 -12.296100594103336 48
    endloop
  endfacet
  facet normal 0 0 1
    outer loop
      vertex 2.9 -12.5 48
      vertex 19.6 -12.5 48
      vertex 19.6 -9.5 48
    endloop
  endfacet
  facet normal 0 0 1
    outer loop
      vertex 40 10 48
      vertex -19.6 -9.5 48
      vertex -2.9 -9.5 48
    endloop
  endfacet
  facet normal 0 0 1
    outer loop
      vertex 40 10 48
      vertex -2.9 -9.5 48
      vertex 2.9 -9.5 48
    endloop
  endfacet
  facet normal 0 -1 0
    outer loop
      vertex 34 -16 19
      vertex 21.72821615044277 -16 36.485288908879774
      vertex 21.611752439982887 -16 36.550511720598045
    endloop
  endfacet
  facet normal 0 -1 0
    outer loop
      vertex 34 -16 19
      vertex 21.611752439982887 -16 36.550511720598045
      vertex 21.500765071102794 -16 36.62467110956259
    endloop
  endfacet
  facet normal 0 -1 0
    outer loop
      vertex 34 -16 19
      vertex 21.849438164979347 -16 36.429404794730814
      vertex 21.72821615044277 -16 36.485288908879774
    endloop
  endfacet
  facet normal 0 -1 0
    outer loop
      vertex 34 -16 19
      vertex 22.234061409431607 -16 36.32092982098827
      vertex 22.10314288144496 -16 36.34697113532395
    endloop
  endfacet
  facet normal 0 -1 0
    outer loop
      vertex 34 -16 19
      vertex 22.366619537262665 -16 36.305240532653684
      vertex 22.234061409431607 -16 36.32092982098827
    endloop
  endfacet
  facet normal 0 -1 0
    outer loop
      vertex 34 -16 19
      vertex 21.97467110956259 -16 36.383203922298236
      vertex 21.849438164979347 -16 36.429404794730814
    endloop
  endfacet
  facet normal 0 -1 0
    outer loop
      vertex 34 -16 19
      vertex 22.10314288144496 -16 36.34697113532395
      vertex 21.97467110956259 -16 36.383203922298236
    endloop
  endfacet
  facet normal 0 -1 0
    outer loop
      vertex 34 -16 19
      vertex 21.395938317838688 -16 36.707309858479945
      vertex 21.297918471982868 -16 36.79791847198287
    endloop
  endfacet
  facet normal 0 -1 0
    outer loop
      vertex 34 -16 19
      vertex 21.297918471982868 -16 36.79791847198287
      vertex 21.20730985847995 -16 36.895938317838684
    endloop
  endfacet
  facet normal 0 -1 0
    outer loop
      vertex 34 -16 19
      vertex 21.20730985847995 -16 36.895938317838684
      vertex 21.12467110956259 -16 37.0007650711028
    endloop
  endfacet
  facet normal 0 -1 0
    outer loop
      vertex 34 -16 19
      vertex 21.500765071102794 -16 36.62467110956259
      vertex 21.395938317838688 -16 36.707309858479945
    endloop
  endfacet
  facet normal 0 -1 0
    outer loop
      vertex 34 -16 19
      vertex 22.5 -16 36.3
      vertex 22.366619537262665 -16 36.305240532653684
    endloop
  endfacet
  facet normal 0 -1 0
    outer loop
      vertex 34 -16 19
      vertex 22.633380462737335 -16 36.305240532653684
      vertex 22.5 -16 36.3
    endloop
  endfacet
  facet normal 0 -1 0
    outer loop
      vertex 34 -16 19
      vertex 22.765938590568393 -16 36.32092982098827
      vertex 22.633380462737335 -16 36.305240532653684
    endloop
  endfacet
  facet normal 0 -1 0
    outer loop
      vertex 34 -16 19
      vertex 22.89685711855504 -16 36.34697113532395
      vertex 22.765938590568393 -16 36.32092982098827
    endloop
  endfacet
  facet normal 0 -1 0
    outer loop
      vertex 34 -16 19
      vertex 23.02532889043741 -16 36.383203922298236
      vertex 22.89685711855504 -16 36.34697113532395
    endloop
  endfacet
  facet normal 0 -1 0
    outer loop
      vertex 34 -16 19
      vertex 23.150561835020653 -16 36.429404794730814
      vertex 23.02532889043741 -16 36.383203922298236
    endloop
  endfacet
  facet normal 0 -1 0
    outer loop
      vertex 34 -16 19
      vertex 23.27178384955723 -16 36.485288908879774
      vertex 23.150561835020653 -16 36.429404794730814
    endloop
  endfacet
  facet normal 0 -1 0
    outer loop
      vertex 34 -16 19
      vertex 23.388247560017113 -16 36.550511720598045
      vertex 23.27178384955723 -16 36.485288908879774
    endloop
  endfacet
  facet normal 0 -1 0
    outer loop
      vertex 34 -16 19
      vertex 23.499234928897206 -16 36.62467110956259
      vertex 23.388247560017113 -16 36.550511720598045
    endloop
  endfacet
  facet normal 0 -1 0
    outer loop
      vertex 34 -16 19
      vertex 23.604061682161312 -16 36.707309858479945
      vertex 23.499234928897206 -16 36.62467110956259
    endloop
  endfacet
  facet normal 0 -1 0
    outer loop
      vertex 34 -16 19
      vertex 23.702081528017132 -16 36.79791847198287
      vertex 23.604061682161312 -16 36.707309858479945
    endloop
  endfacet
  facet normal 0 -1 0
    outer loop
      vertex 34 -16 19
      vertex 23.79269014152005 -16 36.895938317838684
      vertex 23.702081528017132 -16 36.79791847198287
    endloop
  endfacet
  facet normal 0.03925981956862727 -0.999229036091045 0
    outer loop
      vertex 34 -16 19
      vertex 34.47075457125902 -15.981504000723362 19.47075457125902
      vertex 34 -16 48
    endloop
  endfacet
  facet normal 0.11753739732018624 -0.9930684569712183 0
    outer loop
      vertex 34.47075457125902 -15.981504000723362 19.47075457125902
      vertex 34.938606791198254 -15.926130041480064 19.938606791198254
      vertex 34.47075457125902 -15.981504000723362 48
    endloop
  endfacet
  facet normal 0.1950903176253698 -0.9807852812766066 0
    outer loop
      vertex 34.938606791198254 -15.926130041480064 19.938606791198254
      vertex 35.40067218244076 -15.83421952277422 20.400672182440758
      vertex 34.938606791198254 -15.926130041480064 48
    endloop
  endfacet
  facet normal 0.2714404503965502 -0.9624552363037555 0
    outer loop
      vertex 35.40067218244076 -15.83421952277422 20.400672182440758
      vertex 35.854101963341236 -15.706339098513126 20.854101963341236
      vertex 35.40067218244076 -15.83421952277422 48
    endloop
  endfacet
  facet normal 0 -1 0
    outer loop
      vertex 34 -16 19
      vertex 34 -16 48
      vertex 23.79269014152005 -16 36.895938317838684
    endloop
  endfacet
  facet normal 0.3461170536827035 -0.9381913371748881 0
    outer loop
      vertex 35.854101963341236 -15.706339098513126 20.854101963341236
      vertex 36.296100594103336 -15.543277196586132 21.296100594103336
      vertex 35.854101963341236 -15.706339098513126 48
    endloop
  endfacet
  facet normal 0.4186597409951228 -0.9081431722310621 0
    outer loop
      vertex 36.296100594103336 -15.543277196586132 21.296100594103336
      vertex 36.72394299507141 -15.346039146184921 21.72394299507141
      vertex 36.296100594103336 -15.543277196586132 48
    endloop
  endfacet
  facet normal 0.48862124270080404 -0.8724960063986094 0
    outer loop
      vertex 36.72394299507141 -15.346039146184921 21.72394299507141
      vertex 37.13499138504267 -15.11584098637104 22.134991385042667
      vertex 36.72394299507141 -15.346039146184921 48
    endloop
  endfacet
  facet normal 0.5555702321775531 -0.8314696128651844 0
    outer loop
      vertex 37.13499138504267 -15.11584098637104 22.134991385042667
      vertex 37.52671151608229 -14.854101963341236 22.526711516082287
      vertex 37.13499138504267 -15.11584098637104 48
    endloop
  endfacet
  facet normal 0.6190939514858287 -0.785316929165329 0
    outer loop
      vertex 37.52671151608229 -14.854101963341236 22.526711516082287
      vertex 37.89668828994036 -14.562435790896416 22.896688289940357
      vertex 37.52671151608229 -14.854101963341236 48
    endloop
  endfacet
  facet normal 0.6788007382187915 -0.7343225161968165 0
    outer loop
      vertex 37.89668828994036 -14.562435790896416 22.896688289940357
      vertex 38.24264068901539 -14.242640689015388 23.24264068901539
      vertex 37.89668828994036 -14.562435790896416 48
    endloop
  endfacet
  facet normal 0.7343225161968164 -0.6788007382187914 0
    outer loop
      vertex 38.24264068901539 -14.242640689015388 23.24264068901539
      vertex 38.562435790896416 -13.896688289940357 23.562435790896416
      vertex 38.24264068901539 -14.242640689015388 48
    endloop
  endfacet
  facet normal 0.785316929165329 -0.6190939514858287 0
    outer loop
      vertex 38.562435790896416 -13.896688289940357 23.562435790896416
      vertex 38.854101963341236 -13.526711516082287 23.854101963341236
      vertex 38.562435790896416 -13.896688289940357 48
    endloop
  endfacet
  facet normal 0.8314696128651844 -0.5555702321775531 0
    outer loop
      vertex 38.854101963341236 -13.526711516082287 23.854101963341236
      vertex 39.11584098637104 -13.134991385042667 24.11584098637104
      vertex 38.854101963341236 -13.526711516082287 48
    endloop
  endfacet
  facet normal 0.8724960063986092 -0.488621242700804 0
    outer loop
      vertex 39.11584098637104 -13.134991385042667 24.11584098637104
      vertex 39.34603914618492 -12.723942995071411 24.34603914618492
      vertex 39.11584098637104 -13.134991385042667 48
    endloop
  endfacet
  facet normal 0.9081431722310621 -0.4186597409951228 0
    outer loop
      vertex 39.34603914618492 -12.723942995071411 24.34603914618492
      vertex 39.54327719658613 -12.296100594103336 24.543277196586132
      vertex 39.34603914618492 -12.723942995071411 48
    endloop
  endfacet
  facet normal 0.9381913371748881 -0.34611705368270346 0
    outer loop
      vertex 39.54327719658613 -12.296100594103336 24.543277196586132
      vertex 39.706339098513126 -11.854101963341236 24.706339098513126
      vertex 39.54327719658613 -12.296100594103336 48
    endloop
  endfacet
  facet normal 0.9624552363037555 -0.2714404503965501 0
    outer loop
      vertex 39.706339098513126 -11.854101963341236 24.706339098513126
      vertex 39.83421952277422 -11.400672182440758 24.83421952277422
      vertex 39.706339098513126 -11.854101963341236 48
    endloop
  endfacet
  facet normal 0.9807852812766067 -0.19509031762536977 0
    outer loop
      vertex 39.83421952277422 -11.400672182440758 24.83421952277422
      vertex 39.926130041480064 -10.938606791198254 24.926130041480064
      vertex 39.83421952277422 -11.400672182440758 48
    endloop
  endfacet
  facet normal 0.9930684569712185 -0.11753739732018627 0
    outer loop
      vertex 39.926130041480064 -10.938606791198254 24.926130041480064
      vertex 39.98150400072336 -10.470754571259022 24.981504000723362
      vertex 39.926130041480064 -10.938606791198254 48
    endloop
  endfacet
  facet normal 0.9992290360910451 -0.03925981956862728 0
    outer loop
      vertex 39.98150400072336 -10.470754571259022 24.981504000723362
      vertex 40 -10 25
      vertex 39.98150400072336 -10.470754571259022 48
    endloop
  endfacet
  facet normal 0 -1 0
    outer loop
      vertex 34 -16 48
      vertex 23.87532889043741 -16 37.0007650711028
      vertex 23.79269014152005 -16 36.895938317838684
    endloop
  endfacet
  facet normal 0 -1 0
    outer loop
      vertex 34 -16 48
      vertex 23.949488279401958 -16 37.11175243998289
      vertex 23.87532889043741 -16 37.0007650711028
    endloop
  endfacet
  facet normal 0 -1 0
    outer loop
      vertex 34 -16 48
      vertex 24.014711091120226 -16 37.22821615044277
      vertex 23.949488279401958 -16 37.11175243998289
    endloop
  endfacet
  facet normal 0 -1 0
    outer loop
      vertex 34 -16 48
      vertex 24.070595205269186 -16 37.34943816497935
      vertex 24.014711091120226 -16 37.22821615044277
    endloop
  endfacet
  facet normal 0 -1 0
    outer loop
      vertex 34 -16 48
      vertex 24.11679607770176 -16 37.47467110956259
      vertex 24.070595205269186 -16 37.34943816497935
    endloop
  endfacet
  facet normal 0 -1 0
    outer loop
      vertex 34 -16 48
      vertex 24.15302886467605 -16 37.60314288144496
      vertex 24.11679607770176 -16 37.47467110956259
    endloop
  endfacet
  facet normal 0 -1 0
    outer loop
      vertex 34 -16 48
      vertex 24.179070179011735 -16 37.73406140943161
      vertex 24.15302886467605 -16 37.60314288144496
    endloop
  endfacet
  facet normal 0 -1 0
    outer loop
      vertex 34 -16 48
      vertex 24.194759467346316 -16 37.866619537262665
      vertex 24.179070179011735 -16 37.73406140943161
    endloop
  endfacet
  facet normal 0 -1 0
    outer loop
      vertex 34 -16 48
      vertex 24.2 -16 38
      vertex 24.194759467346316 -16 37.866619537262665
    endloop
  endfacet
  facet normal 0 -1 0
    outer loop
      vertex 34 -16 48
      vertex 24.194759467346316 -16 38.133380462737335
      vertex 24.2 -16 38
    endloop
  endfacet
  facet normal 0 -1 0
    outer loop
      vertex 34 -16 48
      vertex 24.179070179011735 -16 38.26593859056839
      vertex 24.194759467346316 -16 38.133380462737335
    endloop
  endfacet
  facet normal 0 -1 0
    outer loop
      vertex 34 -16 48
      vertex 24.15302886467605 -16 38.39685711855504
      vertex 24.179070179011735 -16 38.26593859056839
    endloop
  endfacet
  facet normal 0 -1 0
    outer loop
      vertex 34 -16 48
      vertex 24.11679607770176 -16 38.52532889043741
      vertex 24.15302886467605 -16 38.39685711855504
    endloop
  endfacet
  facet normal 0 -1 0
    outer loop
      vertex 34 -16 48
      vertex 24.070595205269186 -16 38.65056183502065
      vertex 24.11679607770176 -16 38.52532889043741
    endloop
  endfacet
  facet normal 0 -1 0
    outer loop
      vertex 34 -16 48
      vertex 24.014711091120226 -16 38.77178384955723
      vertex 24.070595205269186 -16 38.65056183502065
    endloop
  endfacet
  facet normal 0 -1 0
    outer loop
      vertex 34 -16 48
      vertex 23.949488279401958 -16 38.88824756001711
      vertex 24.014711091120226 -16 38.77178384955723
    endloop
  endfacet
  facet normal 0 -1 0
    outer loop
      vertex 34 -16 48
      vertex 23.87532889043741 -16 38.9992349288972
      vertex 23.949488279401958 -16 38.88824756001711
    endloop
  endfacet
  facet normal 0 -1 0
    outer loop
      vertex 34 -16 48
      vertex 23.150561835020653 -16 39.570595205269186
      vertex 23.27178384955723 -16 39.514711091120226
    endloop
  endfacet
  facet normal 0 -1 0
    outer loop
      vertex 34 -16 48
      vertex 22.765938590568393 -16 39.67907017901173
      vertex 22.89685711855504 -16 39.65302886467605
    endloop
  endfacet
  facet normal 0 -1 0
    outer loop
      vertex 34 -16 48
      vertex 22.89685711855504 -16 39.65302886467605
      vertex 23.02532889043741 -16 39.616796077701764
    endloop
  endfacet
  facet normal 0 -1 0
    outer loop
      vertex 34 -16 48
      vertex 23.02532889043741 -16 39.616796077701764
      vertex 23.150561835020653 -16 39.570595205269186
    endloop
  endfacet
  facet normal 0 -1 0
    outer loop
      vertex 34 -16 48
      vertex 23.604061682161312 -16 39.292690141520055
      vertex 23.702081528017132 -16 39.20208152801713
    endloop
  endfacet
  facet normal 0 -1 0
    outer loop
      vertex 34 -16 48
      vertex 23.702081528017132 -16 39.20208152801713
      vertex 23.79269014152005 -16 39.104061682161316
    endloop
  endfacet
  facet normal 0 -1 0
    outer loop
      vertex 34 -16 48
      vertex 23.388247560017113 -16 39.449488279401955
      vertex 23.499234928897206 -16 39.37532889043741
    endloop
  endfacet
  facet normal 0 -1 0
    outer loop
      vertex 34 -16 48
      vertex 23.27178384955723 -16 39.514711091120226
      vertex 23.388247560017113 -16 39.449488279401955
    endloop
  endfacet
  facet normal 0 -1 0
    outer loop
      vertex 34 -16 48
      vertex 23.499234928897206 -16 39.37532889043741
      vertex 23.604061682161312 -16 39.292690141520055
    endloop
  endfacet
  facet normal 0 -1 0
    outer loop
      vertex 34 -16 48
      vertex 23.79269014152005 -16 39.104061682161316
      vertex 23.87532889043741 -16 38.9992349288972
    endloop
  endfacet
  facet normal 0.039259819568627265 -0.9992290360910449 0
    outer loop
      vertex 34.47075457125902 -15.981504000723362 19.47075457125902
      vertex 34.47075457125902 -15.981504000723362 48
      vertex 34 -16 48
    endloop
  endfacet
  facet normal 0.11753739732018625 -0.9930684569712184 0
    outer loop
      vertex 34.938606791198254 -15.926130041480064 19.938606791198254
      vertex 34.938606791198254 -15.926130041480064 48
      vertex 34.47075457125902 -15.981504000723362 48
    endloop
  endfacet
  facet normal 0.19509031762536977 -0.9807852812766066 0
    outer loop
      vertex 35.40067218244076 -15.83421952277422 20.400672182440758
      vertex 35.40067218244076 -15.83421952277422 48
      vertex 34.938606791198254 -15.926130041480064 48
    endloop
  endfacet
  facet normal 0.2714404503965502 -0.9624552363037556 0
    outer loop
      vertex 35.854101963341236 -15.706339098513126 20.854101963341236
      vertex 35.854101963341236 -15.706339098513126 48
      vertex 35.40067218244076 -15.83421952277422 48
    endloop
  endfacet
  facet normal 0.34611705368270346 -0.9381913371748881 0
    outer loop
      vertex 36.296100594103336 -15.543277196586132 21.296100594103336
      vertex 36.296100594103336 -15.543277196586132 48
      vertex 35.854101963341236 -15.706339098513126 48
    endloop
  endfacet
  facet normal 0.4186597409951229 -0.9081431722310622 0
    outer loop
      vertex 36.72394299507141 -15.346039146184921 21.72394299507141
      vertex 36.72394299507141 -15.346039146184921 48
      vertex 36.296100594103336 -15.543277196586132 48
    endloop
  endfacet
  facet normal 0.488621242700804 -0.8724960063986094 0
    outer loop
      vertex 37.13499138504267 -15.11584098637104 22.134991385042667
      vertex 37.13499138504267 -15.11584098637104 48
      vertex 36.72394299507141 -15.346039146184921 48
    endloop
  endfacet
  facet normal 0.5555702321775532 -0.8314696128651844 0
    outer loop
      vertex 37.52671151608229 -14.854101963341236 22.526711516082287
      vertex 37.52671151608229 -14.854101963341236 48
      vertex 37.13499138504267 -15.11584098637104 48
    endloop
  endfacet
  facet normal 0.6190939514858287 -0.7853169291653289 0
    outer loop
      vertex 37.89668828994036 -14.562435790896416 22.896688289940357
      vertex 37.89668828994036 -14.562435790896416 48
      vertex 37.52671151608229 -14.854101963341236 48
    endloop
  endfacet
  facet normal 0.6788007382187914 -0.7343225161968164 0
    outer loop
      vertex 38.24264068901539 -14.242640689015388 23.24264068901539
      vertex 38.24264068901539 -14.242640689015388 48
      vertex 37.89668828994036 -14.562435790896416 48
    endloop
  endfacet
  facet normal 0.7343225161968163 -0.6788007382187915 0
    outer loop
      vertex 38.562435790896416 -13.896688289940357 23.562435790896416
      vertex 38.562435790896416 -13.896688289940357 48
      vertex 38.24264068901539 -14.242640689015388 48
    endloop
  endfacet
  facet normal 0.7853169291653289 -0.6190939514858288 0
    outer loop
      vertex 38.854101963341236 -13.526711516082287 23.854101963341236
      vertex 38.854101963341236 -13.526711516082287 48
      vertex 38.562435790896416 -13.896688289940357 48
    endloop
  endfacet
  facet normal 0.8314696128651845 -0.5555702321775531 0
    outer loop
      vertex 39.11584098637104 -13.134991385042667 24.11584098637104
      vertex 39.11584098637104 -13.134991385042667 48
      vertex 38.854101963341236 -13.526711516082287 48
    endloop
  endfacet
  facet normal 0.8724960063986092 -0.4886212427008039 0
    outer loop
      vertex 39.34603914618492 -12.723942995071411 24.34603914618492
      vertex 39.34603914618492 -12.723942995071411 48
      vertex 39.11584098637104 -13.134991385042667 48
    endloop
  endfacet
  facet normal 0.9081431722310622 -0.4186597409951228 0
    outer loop
      vertex 39.54327719658613 -12.296100594103336 24.543277196586132
      vertex 39.54327719658613 -12.296100594103336 48
      vertex 39.34603914618492 -12.723942995071411 48
    endloop
  endfacet
  facet normal 0.9381913371748881 -0.34611705368270346 0
    outer loop
      vertex 39.706339098513126 -11.854101963341236 24.706339098513126
      vertex 39.706339098513126 -11.854101963341236 48
      vertex 39.54327719658613 -12.296100594103336 48
    endloop
  endfacet
  facet normal 0 0 1
    outer loop
      vertex 34 -16 48
      vertex 34.47075457125902 -15.981504000723362 48
      vertex 34.938606791198254 -15.926130041480064 48
    endloop
  endfacet
  facet normal 0 0 1
    outer loop
      vertex 39.54327719658613 -12.296100594103336 48
      vertex 39.706339098513126 -11.854101963341236 48
      vertex 25.4 -12.5 48
    endloop
  endfacet
  facet normal 0.9624552363037555 -0.2714404503965501 0
    outer loop
      vertex 39.83421952277422 -11.400672182440758 24.83421952277422
      vertex 39.83421952277422 -11.400672182440758 48
      vertex 39.706339098513126 -11.854101963341236 48
    endloop
  endfacet
  facet normal 0.9807852812766067 -0.1950903176253698 0
    outer loop
      vertex 39.926130041480064 -10.938606791198254 24.926130041480064
      vertex 39.926130041480064 -10.938606791198254 48
      vertex 39.83421952277422 -11.400672182440758 48
    endloop
  endfacet
  facet normal 0.9930684569712183 -0.11753739732018623 0
    outer loop
      vertex 39.98150400072336 -10.470754571259022 24.981504000723362
      vertex 39.98150400072336 -10.470754571259022 48
      vertex 39.926130041480064 -10.938606791198254 48
    endloop
  endfacet
  facet normal 0.999229036091045 -0.03925981956862727 0
    outer loop
      vertex 40 -10 25
      vertex 40 -10 48
      vertex 39.98150400072336 -10.470754571259022 48
    endloop
  endfacet
  facet normal 0 0 1
    outer loop
      vertex 40 -10 48
      vertex 25.4 -9.5 48
      vertex 25.4 -12.5 48
    endloop
  endfacet
  facet normal 0 0 1
    outer loop
      vertex 39.706339098513126 -11.854101963341236 48
      vertex 39.83421952277422 -11.400672182440758 48
      vertex 25.4 -12.5 48
    endloop
  endfacet
  facet normal 0 0 1
    outer loop
      vertex 39.83421952277422 -11.400672182440758 48
      vertex 39.926130041480064 -10.938606791198254 48
      vertex 25.4 -12.5 48
    endloop
  endfacet
  facet normal 0 0 1
    outer loop
      vertex 39.926130041480064 -10.938606791198254 48
      vertex 39.98150400072336 -10.470754571259022 48
      vertex 25.4 -12.5 48
    endloop
  endfacet
  facet normal 0 0 1
    outer loop
      vertex 39.98150400072336 -10.470754571259022 48
      vertex 40 -10 48
      vertex 25.4 -12.5 48
    endloop
  endfacet
  facet normal 1 0 0
    outer loop
      vertex 40 -10 25
      vertex 40 -4.037711784243584 37.2880424708128
      vertex 40 -4.08439826220274 37.642661452293396
    endloop
  endfacet
  facet normal 1 0 0
    outer loop
      vertex 40 -10 25
      vertex 40 -4.08439826220274 37.642661452293396
      vertex 40 -4.100000001490116 38
    endloop
  endfacet
  facet normal 1 0 0
    outer loop
      vertex 40 -10 25
      vertex 40 -4.100000001490116 38
      vertex 40 -4.08439826220274 38.357338547706604
    endloop
  endfacet
  facet normal 1 0 0
    outer loop
      vertex 40 -10 25
      vertex 40 -4.08439826220274 38.357338547706604
      vertex 40 -4.037711784243584 38.7119575291872
    endloop
  endfacet
  facet normal 1 0 0
    outer loop
      vertex 40 -10 25
      vertex 40 -3.3585233837366104 35.64833661168814
      vertex 40 -3.5507041588425636 35.95000000298023
    endloop
  endfacet
  facet normal 1 0 0
    outer loop
      vertex 40 -10 25
      vertex 40 -3.5507041588425636 35.95000000298023
      vertex 40 -3.715861923992634 36.26726512610912
    endloop
  endfacet
  facet normal 1 0 0
    outer loop
      vertex 40 -10 25
      vertex 40 -3.715861923992634 36.26726512610912
      vertex 40 -3.852739743888378 36.59771741181612
    endloop
  endfacet
  facet normal 1 0 0
    outer loop
      vertex 40 -10 25
      vertex 40 -3.852739743888378 36.59771741181612
      vertex 40 -3.9602958858013153 36.93884191662073
    endloop
  endfacet
  facet normal 1 0 0
    outer loop
      vertex 40 -10 25
      vertex 40 -2.8991378024220467 35.10086219757795
      vertex 40 -3.1407822147011757 35.364570803940296
    endloop
  endfacet
  facet normal 1 0 0
    outer loop
      vertex 40 -10 25
      vertex 40 -3.1407822147011757 35.364570803940296
      vertex 40 -3.3585233837366104 35.64833661168814
    endloop
  endfacet
  facet normal 1 0 0
    outer loop
      vertex 40 -10 25
      vertex 40 -2.635429196059704 34.859217785298824
      vertex 40 -2.8991378024220467 35.10086219757795
    endloop
  endfacet
  facet normal 1 0 0
    outer loop
      vertex 40 -10 25
      vertex 40 -2.0499999970197678 34.449295841157436
      vertex 40 -2.351663388311863 34.64147661626339
    endloop
  endfacet
  facet normal 1 0 0
    outer loop
      vertex 40 -10 25
      vertex 40 -1.7327348738908768 34.284138076007366
      vertex 40 -2.0499999970197678 34.449295841157436
    endloop
  endfacet
  facet normal 1 0 0
    outer loop
      vertex 40 -10 25
      vertex 40 -1.4022825881838799 34.14726025611162
      vertex 40 -1.7327348738908768 34.284138076007366
    endloop
  endfacet
  facet normal 1 0 0
    outer loop
      vertex 40 -10 25
      vertex 40 -1.0611580833792686 34.039704114198685
      vertex 40 -1.4022825881838799 34.14726025611162
    endloop
  endfacet
  facet normal 1 0 0
    outer loop
      vertex 40 -10 25
      vertex 40 -2.351663388311863 34.64147661626339
      vertex 40 -2.635429196059704 34.859217785298824
    endloop
  endfacet
  facet normal 1 0 0
    outer loop
      vertex 40 -10 25
      vertex 40 -3.9602958858013153 36.93884191662073
      vertex 40 -4.037711784243584 37.2880424708128
    endloop
  endfacet
  facet normal 1 0 0
    outer loop
      vertex 40 -10 25
      vertex 40 -4.037711784243584 38.7119575291872
      vertex 40 -3.9602958858013153 39.06115808337927
    endloop
  endfacet
  facet normal 1 0 0
    outer loop
      vertex 40 -10 25
      vertex 40 -3.9602958858013153 39.06115808337927
      vertex 40 -3.852739743888378 39.40228258818388
    endloop
  endfacet
  facet normal 1 0 0
    outer loop
      vertex 40 -10 25
      vertex 40 -0.7119575291872025 33.962288215756416
      vertex 40 -1.0611580833792686 34.039704114198685
    endloop
  endfacet
  facet normal 1 0 0
    outer loop
      vertex 40 -10 25
      vertex 40 -0.357338547706604 33.91560173779726
      vertex 40 -0.7119575291872025 33.962288215756416
    endloop
  endfacet
  facet normal 1 0 0
    outer loop
      vertex 40 -10 25
      vertex 40 0 33.899999998509884
      vertex 40 -0.357338547706604 33.91560173779726
    endloop
  endfacet
  facet normal 1 0 0
    outer loop
      vertex 40 -10 25
      vertex 40 0.357338547706604 33.91560173779726
      vertex 40 0 33.899999998509884
    endloop
  endfacet
  facet normal 1 0 0
    outer loop
      vertex 40 -10 25
      vertex 40 0.7119575291872025 33.962288215756416
      vertex 40 0.357338547706604 33.91560173779726
    endloop
  endfacet
  facet normal 1 0 0
    outer loop
      vertex 40 -10 25
      vertex 40 1.0611580833792686 34.039704114198685
      vertex 40 0.7119575291872025 33.962288215756416
    endloop
  endfacet
  facet normal 0 0 1
    outer loop
      vertex 40 10 48
      vertex 2.9 -9.5 48
      vertex 19.6 -9.5 48
    endloop
  endfacet
  facet normal 0 0 1
    outer loop
      vertex 40 10 48
      vertex 19.6 -9.5 48
      vertex 25.4 -9.5 48
    endloop
  endfacet
  facet normal 1 0 0
    outer loop
      vertex 40 -10 25
      vertex 40 -3.852739743888378 39.40228258818388
      vertex 40 -10 48
    endloop
  endfacet
  facet normal 1 0 0
    outer loop
      vertex 40 -10 48
      vertex 40 -3.852739743888378 39.40228258818388
      vertex 40 -3.715861923992634 39.73273487389088
    endloop
  endfacet
  facet normal 1 0 0
    outer loop
      vertex 40 -10 48
      vertex 40 -3.715861923992634 39.73273487389088
      vertex 40 -3.5507041588425636 40.04999999701977
    endloop
  endfacet
  facet normal 1 0 0
    outer loop
      vertex 40 -10 48
      vertex 40 -3.5507041588425636 40.04999999701977
      vertex 40 -3.3585233837366104 40.35166338831186
    endloop
  endfacet
  facet normal 1 0 0
    outer loop
      vertex 40 -10 48
      vertex 40 -3.3585233837366104 40.35166338831186
      vertex 40 -3.1407822147011757 40.635429196059704
    endloop
  endfacet
  facet normal 1 0 0
    outer loop
      vertex 40 -10 48
      vertex 40 -3.1407822147011757 40.635429196059704
      vertex 40 -2.8991378024220467 40.89913780242205
    endloop
  endfacet
  facet normal 1 0 0
    outer loop
      vertex 40 -10 48
      vertex 40 -2.8991378024220467 40.89913780242205
      vertex 40 0 43.79827560484409
    endloop
  endfacet
  facet normal 0 0 1
    outer loop
      vertex 40 -10 48
      vertex 40 10 48
      vertex 25.4 -9.5 48
    endloop
  endfacet
  facet normal 0 0 -1
    outer loop
      vertex 15 16 0
      vertex -1.2669696769372842 3.899331716810129 0
      vertex -1.5690020726968679 3.787906083296275 0
    endloop
  endfacet
  facet normal 0 0 -1
    outer loop
      vertex 15 16 0
      vertex -0.957125991809212 3.9867166736304736 0
      vertex -1.2669696769372842 3.899331716810129 0
    endloop
  endfacet
  facet normal 0 0 -1
    outer loop
      vertex 15 16 0
      vertex 3.787906083296275 -1.5690020726968679 0
      vertex 3.899331716810129 -1.2669696769372842 0
    endloop
  endfacet
  facet normal 0 0 -1
    outer loop
      vertex 15 16 0
      vertex 3.899331716810129 -1.2669696769372842 0
      vertex 3.9867166736304736 -0.957125991809212 0
    endloop
  endfacet
  facet normal 0 0 -1
    outer loop
      vertex 15 16 0
      vertex 3.9867166736304736 -0.957125991809212 0
      vertex 4.049522196440065 -0.6413813066649465 0
    endloop
  endfacet
  facet normal 0 0 -1
    outer loop
      vertex 15 16 0
      vertex 4.049522196440065 -0.6413813066649465 0
      vertex 4.087361068305825 -0.32168229248416425 0
    endloop
  endfacet
  facet normal 0 0 -1
    outer loop
      vertex 15 16 0
      vertex 4.087361068305825 -0.32168229248416425 0
      vertex 4.1 0 0
    endloop
  endfacet
  facet normal 0 0 -1
    outer loop
      vertex 15 16 0
      vertex 4.1 0 0
      vertex 4.087361068305825 0.32168229248416425 0
    endloop
  endfacet
  facet normal 0 0 -1
    outer loop
      vertex 15 16 0
      vertex 4.087361068305825 0.32168229248416425 0
      vertex 4.049522196440065 0.6413813066649465 0
    endloop
  endfacet
  facet normal 0 0 -1
    outer loop
      vertex 15 16 0
      vertex 4.049522196440065 0.6413813066649465 0
      vertex 3.9867166736304736 0.957125991809212 0
    endloop
  endfacet
  facet normal 0 0 -1
    outer loop
      vertex 15 16 0
      vertex 3.787906083296275 1.5690020726968679 0
      vertex 3.653126749172308 1.8613610489321415 0
    endloop
  endfacet
  facet normal 0 0 -1
    outer loop
      vertex 15 16 0
      vertex 3.653126749172308 1.8613610489321415 0
      vertex 3.4958246738517778 2.14224411533539 0
    endloop
  endfacet
  facet normal 0 0 -1
    outer loop
      vertex 15 16 0
      vertex 3.4958246738517778 2.14224411533539 0
      vertex 3.3169696769372843 2.4099195343991395 0
    endloop
  endfacet
  facet normal 0 0 -1
    outer loop
      vertex 15 16 0
      vertex 1.2669696769372842 3.899331716810129 0
      vertex 0.957125991809212 3.9867166736304736 0
    endloop
  endfacet
  facet normal 0 0 -1
    outer loop
      vertex 15 16 0
      vertex 1.8613610489321415 3.653126749172308 0
      vertex 1.5690020726968679 3.787906083296275 0
    endloop
  endfacet
  facet normal 0 0 -1
    outer loop
      vertex 15 16 0
      vertex 1.5690020726968679 3.787906083296275 0
      vertex 1.2669696769372842 3.899331716810129 0
    endloop
  endfacet
  facet normal 0 0 -1
    outer loop
      vertex 15 16 0
      vertex 2.899137802864845 2.899137802864845 0
      vertex 2.6627369981537528 3.1176644589601263 0
    endloop
  endfacet
  facet normal 0 0 -1
    outer loop
      vertex 15 16 0
      vertex 2.6627369981537528 3.1176644589601263 0
      vertex 2.4099195343991395 3.3169696769372843 0
    endloop
  endfacet
  facet normal 0 0 -1
    outer loop
      vertex 15 16 0
      vertex 3.3169696769372843 2.4099195343991395 0
      vertex 3.1176644589601263 2.6627369981537528 0
    endloop
  endfacet
  facet normal 0 0 -1
    outer loop
      vertex 15 16 0
      vertex 3.1176644589601263 2.6627369981537528 0
      vertex 2.899137802864845 2.899137802864845 0
    endloop
  endfacet
  facet normal 0 0 -1
    outer loop
      vertex 15 16 0
      vertex 2.4099195343991395 3.3169696769372843 0
      vertex 2.14224411533539 3.4958246738517778 0
    endloop
  endfacet
  facet normal 0 0 -1
    outer loop
      vertex 15 16 0
      vertex 2.14224411533539 3.4958246738517778 0
      vertex 1.8613610489321415 3.653126749172308 0
    endloop
  endfacet
  facet normal 0 0 -1
    outer loop
      vertex 15 16 0
      vertex 3.9867166736304736 0.957125991809212 0
      vertex 3.899331716810129 1.2669696769372842 0
    endloop
  endfacet
  facet normal 0 0 -1
    outer loop
      vertex 15 16 0
      vertex 3.899331716810129 1.2669696769372842 0
      vertex 3.787906083296275 1.5690020726968679 0
    endloop
  endfacet
  facet normal 0 0 -1
    outer loop
      vertex 15 16 0
      vertex -0.6413813066649465 4.049522196440065 0
      vertex -0.957125991809212 3.9867166736304736 0
    endloop
  endfacet
  facet normal 0 0 -1
    outer loop
      vertex 15 16 0
      vertex -0.32168229248416425 4.087361068305825 0
      vertex -0.6413813066649465 4.049522196440065 0
    endloop
  endfacet
  facet normal 0 0 -1
    outer loop
      vertex 15 16 0
      vertex 0 4.1 0
      vertex -0.32168229248416425 4.087361068305825 0
    endloop
  endfacet
  facet normal 0 0 -1
    outer loop
      vertex 15 16 0
      vertex 0.32168229248416425 4.087361068305825 0
      vertex 0 4.1 0
    endloop
  endfacet
  facet normal 0 0 -1
    outer loop
      vertex 15 16 0
      vertex 0.6413813066649465 4.049522196440065 0
      vertex 0.32168229248416425 4.087361068305825 0
    endloop
  endfacet
  facet normal 0 0 -1
    outer loop
      vertex 15 16 0
      vertex 0.957125991809212 3.9867166736304736 0
      vertex 0.6413813066649465 4.049522196440065 0
    endloop
  endfacet
  facet normal 0 1 0
    outer loop
      vertex -15 16 0
      vertex 34 16 48
      vertex 15 16 0
    endloop
  endfacet
  facet normal 0 1 0
    outer loop
      vertex 15 16 0
      vertex 34 16 48
      vertex 34 16 19
    endloop
  endfacet
  facet normal 0 0 1
    outer loop
      vertex -39.98150400072336 -10.470754571259022 48
      vertex 40 10 48
      vertex 39.98150400072336 10.470754571259022 48
    endloop
  endfacet
  facet normal 0 0 1
    outer loop
      vertex -40 -10 48
      vertex 39.98150400072336 10.470754571259022 48
      vertex 39.926130041480064 10.938606791198254 48
    endloop
  endfacet
  facet normal 0 0 1
    outer loop
      vertex -40 10 48
      vertex 39.926130041480064 10.938606791198254 48
      vertex 39.83421952277422 11.400672182440758 48
    endloop
  endfacet
  facet normal 0 0 1
    outer loop
      vertex -39.98150400072336 10.470754571259022 48
      vertex 39.83421952277422 11.400672182440758 48
      vertex 39.706339098513126 11.854101963341236 48
    endloop
  endfacet
  facet normal 0 0 1
    outer loop
      vertex -39.926130041480064 10.938606791198254 48
      vertex 39.706339098513126 11.854101963341236 48
      vertex 39.54327719658613 12.296100594103336 48
    endloop
  endfacet
  facet normal 0 0 1
    outer loop
      vertex -39.83421952277422 11.400672182440758 48
      vertex 39.54327719658613 12.296100594103336 48
      vertex 39.34603914618492 12.723942995071411 48
    endloop
  endfacet
  facet normal 0 0 1
    outer loop
      vertex -39.706339098513126 11.854101963341236 48
      vertex 39.34603914618492 12.723942995071411 48
      vertex 39.11584098637104 13.134991385042667 48
    endloop
  endfacet
  facet normal 0 0 1
    outer loop
      vertex -39.54327719658613 12.296100594103336 48
      vertex 39.11584098637104 13.134991385042667 48
      vertex 38.854101963341236 13.526711516082287 48
    endloop
  endfacet
  facet normal 0 0 1
    outer loop
      vertex -39.34603914618492 12.723942995071411 48
      vertex 38.854101963341236 13.526711516082287 48
      vertex 38.562435790896416 13.896688289940357 48
    endloop
  endfacet
  facet normal 0 0 1
    outer loop
      vertex -39.11584098637104 13.134991385042667 48
      vertex 38.562435790896416 13.896688289940357 48
      vertex 38.24264068901539 14.242640689015388 48
    endloop
  endfacet
  facet normal 0 0 1
    outer loop
      vertex -38.854101963341236 13.526711516082287 48
      vertex 38.24264068901539 14.242640689015388 48
      vertex 37.89668828994036 14.562435790896416 48
    endloop
  endfacet
  facet normal 0 0 1
    outer loop
      vertex -38.562435790896416 13.896688289940357 48
      vertex 37.89668828994036 14.562435790896416 48
      vertex 37.52671151608229 14.854101963341236 48
    endloop
  endfacet
  facet normal 0 0 1
    outer loop
      vertex -38.24264068901539 14.242640689015388 48
      vertex 37.52671151608229 14.854101963341236 48
      vertex 37.13499138504267 15.11584098637104 48
    endloop
  endfacet
  facet normal 0 0 1
    outer loop
      vertex -35.854101963341236 15.706339098513126 48
      vertex 34.938606791198254 15.926130041480064 48
      vertex 34.47075457125902 15.981504000723362 48
    endloop
  endfacet
  facet normal 0 0 1
    outer loop
      vertex -35.40067218244076 15.83421952277422 48
      vertex 34.47075457125902 15.981504000723362 48
      vertex 34 16 48
    endloop
  endfacet
  facet normal 0 0 1
    outer loop
      vertex -37.52671151608229 14.854101963341236 48
      vertex 36.72394299507141 15.346039146184921 48
      vertex 36.296100594103336 15.543277196586132 48
    endloop
  endfacet
  facet normal 0 0 1
    outer loop
      vertex -37.13499138504267 15.11584098637104 48
      vertex 36.296100594103336 15.543277196586132 48
      vertex 35.854101963341236 15.706339098513126 48
    endloop
  endfacet
  facet normal 0 0 1
    outer loop
      vertex -37.89668828994036 14.562435790896416 48
      vertex 37.13499138504267 15.11584098637104 48
      vertex 36.72394299507141 15.346039146184921 48
    endloop
  endfacet
  facet normal 0 0 1
    outer loop
      vertex -36.72394299507141 15.346039146184921 48
      vertex 35.854101963341236 15.706339098513126 48
      vertex 35.40067218244076 15.83421952277422 48
    endloop
  endfacet
  facet normal 0 0 1
    outer loop
      vertex -36.296100594103336 15.543277196586132 48
      vertex 35.40067218244076 15.83421952277422 48
      vertex 34.938606791198254 15.926130041480064 48
    endloop
  endfacet
  facet normal 1 0 0
    outer loop
      vertex 40 -10 25
      vertex 40 10 25
      vertex 40 1.0611580833792686 34.039704114198685
    endloop
  endfacet
  facet normal 1 0 0
    outer loop
      vertex 40 10 25
      vertex 40 1.4022825881838799 34.14726025611162
      vertex 40 1.0611580833792686 34.039704114198685
    endloop
  endfacet
  facet normal 1 0 0
    outer loop
      vertex 40 10 25
      vertex 40 1.7327348738908768 34.284138076007366
      vertex 40 1.4022825881838799 34.14726025611162
    endloop
  endfacet
  facet normal 1 0 0
    outer loop
      vertex 40 10 25
      vertex 40 2.0499999970197678 34.449295841157436
      vertex 40 1.7327348738908768 34.284138076007366
    endloop
  endfacet
  facet normal 1 0 0
    outer loop
      vertex 40 10 25
      vertex 40 2.351663388311863 34.64147661626339
      vertex 40 2.0499999970197678 34.449295841157436
    endloop
  endfacet
  facet normal 1 0 0
    outer loop
      vertex 40 10 25
      vertex 40 2.635429196059704 34.859217785298824
      vertex 40 2.351663388311863 34.64147661626339
    endloop
  endfacet
  facet normal 1 0 0
    outer loop
      vertex 40 10 25
      vertex 40 2.8991378024220467 35.10086219757795
      vertex 40 2.635429196059704 34.859217785298824
    endloop
  endfacet
  facet normal 1 0 0
    outer loop
      vertex 40 10 25
      vertex 40 3.1407822147011757 35.364570803940296
      vertex 40 2.8991378024220467 35.10086219757795
    endloop
  endfacet
  facet normal 1 0 0
    outer loop
      vertex 40 10 25
      vertex 40 3.3585233837366104 35.64833661168814
      vertex 40 3.1407822147011757 35.364570803940296
    endloop
  endfacet
  facet normal 1 0 0
    outer loop
      vertex 40 10 25
      vertex 40 3.5507041588425636 35.95000000298023
      vertex 40 3.3585233837366104 35.64833661168814
    endloop
  endfacet
  facet normal 1 0 0
    outer loop
      vertex 40 10 25
      vertex 40 3.715861923992634 36.26726512610912
      vertex 40 3.5507041588425636 35.95000000298023
    endloop
  endfacet
  facet normal 1 0 0
    outer loop
      vertex 40 10 25
      vertex 40 3.852739743888378 36.59771741181612
      vertex 40 3.715861923992634 36.26726512610912
    endloop
  endfacet
  facet normal 1 0 0
    outer loop
      vertex 40 10 25
      vertex 40 3.9602958858013153 36.93884191662073
      vertex 40 3.852739743888378 36.59771741181612
    endloop
  endfacet
  facet normal 1 0 0
    outer loop
      vertex 40 10 25
      vertex 40 4.037711784243584 37.2880424708128
      vertex 40 3.9602958858013153 36.93884191662073
    endloop
  endfacet
  facet normal 1 0 0
    outer loop
      vertex 40 10 25
      vertex 40 3.9602958858013153 39.06115808337927
      vertex 40 4.037711784243584 38.7119575291872
    endloop
  endfacet
  facet normal 1 0 0
    outer loop
      vertex 40 10 25
      vertex 40 3.852739743888378 39.40228258818388
      vertex 40 3.9602958858013153 39.06115808337927
    endloop
  endfacet
  facet normal 1 0 0
    outer loop
      vertex 40 10 25
      vertex 40 4.08439826220274 37.642661452293396
      vertex 40 4.037711784243584 37.2880424708128
    endloop
  endfacet
  facet normal 1 0 0
    outer loop
      vertex 40 10 25
      vertex 40 4.100000001490116 38
      vertex 40 4.08439826220274 37.642661452293396
    endloop
  endfacet
  facet normal 1 0 0
    outer loop
      vertex 40 10 25
      vertex 40 4.08439826220274 38.357338547706604
      vertex 40 4.100000001490116 38
    endloop
  endfacet
  facet normal 1 0 0
    outer loop
      vertex 40 10 25
      vertex 40 4.037711784243584 38.7119575291872
      vertex 40 4.08439826220274 38.357338547706604
    endloop
  endfacet
  facet normal 1 0 0
    outer loop
      vertex 40 -10 48
      vertex 40 0 43.79827560484409
      vertex 40 10 48
    endloop
  endfacet
  facet normal 1 0 0
    outer loop
      vertex 40 10 25
      vertex 40 10 48
      vertex 40 3.852739743888378 39.40228258818388
    endloop
  endfacet
  facet normal 1 0 0
    outer loop
      vertex 40 10 48
      vertex 40 0 43.79827560484409
      vertex 40 2.8991378024220467 40.89913780242205
    endloop
  endfacet
  facet normal 1 0 0
    outer loop
      vertex 40 10 48
      vertex 40 3.1407822147011757 40.635429196059704
      vertex 40 3.3585233837366104 40.35166338831186
    endloop
  endfacet
  facet normal 1 0 0
    outer loop
      vertex 40 10 48
      vertex 40 2.8991378024220467 40.89913780242205
      vertex 40 3.1407822147011757 40.635429196059704
    endloop
  endfacet
  facet normal 1 0 0
    outer loop
      vertex 40 10 48
      vertex 40 3.715861923992634 39.73273487389088
      vertex 40 3.852739743888378 39.40228258818388
    endloop
  endfacet
  facet normal 1 0 0
    outer loop
      vertex 40 10 48
      vertex 40 3.5507041588425636 40.04999999701977
      vertex 40 3.715861923992634 39.73273487389088
    endloop
  endfacet
  facet normal 1 0 0
    outer loop
      vertex 40 10 48
      vertex 40 3.3585233837366104 40.35166338831186
      vertex 40 3.5507041588425636 40.04999999701977
    endloop
  endfacet
  facet normal 0.999229036091045 0.03925981956862727 0
    outer loop
      vertex 40 10 25
      vertex 39.98150400072336 10.470754571259022 24.981504000723362
      vertex 40 10 48
    endloop
  endfacet
  facet normal 0.9930684569712183 0.11753739732018623 0
    outer loop
      vertex 39.98150400072336 10.470754571259022 24.981504000723362
      vertex 39.926130041480064 10.938606791198254 24.926130041480064
      vertex 39.98150400072336 10.470754571259022 48
    endloop
  endfacet
  facet normal 0.9807852812766067 0.1950903176253698 0
    outer loop
      vertex 39.926130041480064 10.938606791198254 24.926130041480064
      vertex 39.83421952277422 11.400672182440758 24.83421952277422
      vertex 39.926130041480064 10.938606791198254 48
    endloop
  endfacet
  facet normal 0.9624552363037555 0.2714404503965501 0
    outer loop
      vertex 39.83421952277422 11.400672182440758 24.83421952277422
      vertex 39.706339098513126 11.854101963341236 24.706339098513126
      vertex 39.83421952277422 11.400672182440758 48
    endloop
  endfacet
  facet normal 0.039259819568627265 0.9992290360910449 0
    outer loop
      vertex 34 16 19
      vertex 34.47075457125902 15.981504000723362 48
      vertex 34.47075457125902 15.981504000723362 19.47075457125902
    endloop
  endfacet
  facet normal 0.11753739732018625 0.9930684569712184 0
    outer loop
      vertex 34.47075457125902 15.981504000723362 19.47075457125902
      vertex 34.938606791198254 15.926130041480064 48
      vertex 34.938606791198254 15.926130041480064 19.938606791198254
    endloop
  endfacet
  facet normal 0.19509031762536982 0.9807852812766066 0
    outer loop
      vertex 34.938606791198254 15.926130041480064 19.938606791198254
      vertex 35.40067218244076 15.83421952277422 48
      vertex 35.40067218244076 15.83421952277422 20.400672182440758
    endloop
  endfacet
  facet normal 0.2714404503965502 0.9624552363037556 0
    outer loop
      vertex 35.40067218244076 15.83421952277422 20.400672182440758
      vertex 35.854101963341236 15.706339098513126 48
      vertex 35.854101963341236 15.706339098513126 20.854101963341236
    endloop
  endfacet
  facet normal 0.9381913371748881 0.34611705368270346 0
    outer loop
      vertex 39.706339098513126 11.854101963341236 24.706339098513126
      vertex 39.54327719658613 12.296100594103336 24.543277196586132
      vertex 39.706339098513126 11.854101963341236 48
    endloop
  endfacet
  facet normal 0.9081431722310622 0.4186597409951228 0
    outer loop
      vertex 39.54327719658613 12.296100594103336 24.543277196586132
      vertex 39.34603914618492 12.723942995071411 24.34603914618492
      vertex 39.54327719658613 12.296100594103336 48
    endloop
  endfacet
  facet normal 0.8724960063986092 0.4886212427008039 0
    outer loop
      vertex 39.34603914618492 12.723942995071411 24.34603914618492
      vertex 39.11584098637104 13.134991385042667 24.11584098637104
      vertex 39.34603914618492 12.723942995071411 48
    endloop
  endfacet
  facet normal 0.8314696128651845 0.5555702321775531 0
    outer loop
      vertex 38.854101963341236 13.526711516082287 23.854101963341236
      vertex 39.11584098637104 13.134991385042667 48
      vertex 39.11584098637104 13.134991385042667 24.11584098637104
    endloop
  endfacet
  facet normal 0.785316929165329 0.6190939514858287 0
    outer loop
      vertex 38.562435790896416 13.896688289940357 23.562435790896416
      vertex 38.854101963341236 13.526711516082287 48
      vertex 38.854101963341236 13.526711516082287 23.854101963341236
    endloop
  endfacet
  facet normal 0.5555702321775531 0.8314696128651844 0
    outer loop
      vertex 37.13499138504267 15.11584098637104 22.134991385042667
      vertex 37.52671151608229 14.854101963341236 48
      vertex 37.52671151608229 14.854101963341236 22.526711516082287
    endloop
  endfacet
  facet normal 0.34611705368270346 0.938191337174888 0
    outer loop
      vertex 35.854101963341236 15.706339098513126 20.854101963341236
      vertex 36.296100594103336 15.543277196586132 48
      vertex 36.296100594103336 15.543277196586132 21.296100594103336
    endloop
  endfacet
  facet normal 0.4186597409951229 0.9081431722310622 0
    outer loop
      vertex 36.72394299507141 15.346039146184921 21.72394299507141
      vertex 36.296100594103336 15.543277196586132 21.296100594103336
      vertex 36.72394299507141 15.346039146184921 48
    endloop
  endfacet
  facet normal 0.488621242700804 0.8724960063986094 0
    outer loop
      vertex 36.72394299507141 15.346039146184921 21.72394299507141
      vertex 37.13499138504267 15.11584098637104 48
      vertex 37.13499138504267 15.11584098637104 22.134991385042667
    endloop
  endfacet
  facet normal 0.6788007382187914 0.7343225161968164 0
    outer loop
      vertex 38.24264068901539 14.242640689015388 23.24264068901539
      vertex 37.89668828994036 14.562435790896416 22.896688289940357
      vertex 38.24264068901539 14.242640689015388 48
    endloop
  endfacet
  facet normal 0.6190939514858287 0.7853169291653289 0
    outer loop
      vertex 37.89668828994036 14.562435790896416 22.896688289940357
      vertex 37.52671151608229 14.854101963341236 22.526711516082287
      vertex 37.89668828994036 14.562435790896416 48
    endloop
  endfacet
  facet normal 0.7343225161968163 0.6788007382187915 0
    outer loop
      vertex 38.562435790896416 13.896688289940357 23.562435790896416
      vertex 38.24264068901539 14.242640689015388 23.24264068901539
      vertex 38.562435790896416 13.896688289940357 48
    endloop
  endfacet
  facet normal 0.9992290360910451 0.03925981956862728 0
    outer loop
      vertex 39.98150400072336 10.470754571259022 24.981504000723362
      vertex 39.98150400072336 10.470754571259022 48
      vertex 40 10 48
    endloop
  endfacet
  facet normal 0.9930684569712185 0.11753739732018627 0
    outer loop
      vertex 39.926130041480064 10.938606791198254 24.926130041480064
      vertex 39.926130041480064 10.938606791198254 48
      vertex 39.98150400072336 10.470754571259022 48
    endloop
  endfacet
  facet normal 0.9807852812766067 0.19509031762536977 0
    outer loop
      vertex 39.83421952277422 11.400672182440758 24.83421952277422
      vertex 39.83421952277422 11.400672182440758 48
      vertex 39.926130041480064 10.938606791198254 48
    endloop
  endfacet
  facet normal 0.9624552363037555 0.2714404503965501 0
    outer loop
      vertex 39.706339098513126 11.854101963341236 24.706339098513126
      vertex 39.706339098513126 11.854101963341236 48
      vertex 39.83421952277422 11.400672182440758 48
    endloop
  endfacet
  facet normal 0.03925981956862727 0.999229036091045 0
    outer loop
      vertex 34 16 19
      vertex 34 16 48
      vertex 34.47075457125902 15.981504000723362 48
    endloop
  endfacet
  facet normal 0.11753739732018624 0.9930684569712183 0
    outer loop
      vertex 34.47075457125902 15.981504000723362 19.47075457125902
      vertex 34.47075457125902 15.981504000723362 48
      vertex 34.938606791198254 15.926130041480064 48
    endloop
  endfacet
  facet normal 0.9381913371748881 0.34611705368270346 0
    outer loop
      vertex 39.54327719658613 12.296100594103336 24.543277196586132
      vertex 39.54327719658613 12.296100594103336 48
      vertex 39.706339098513126 11.854101963341236 48
    endloop
  endfacet
  facet normal 0.8724960063986092 0.488621242700804 0
    outer loop
      vertex 39.11584098637104 13.134991385042667 24.11584098637104
      vertex 39.11584098637104 13.134991385042667 48
      vertex 39.34603914618492 12.723942995071411 48
    endloop
  endfacet
  facet normal 0.9081431722310621 0.4186597409951228 0
    outer loop
      vertex 39.34603914618492 12.723942995071411 24.34603914618492
      vertex 39.34603914618492 12.723942995071411 48
      vertex 39.54327719658613 12.296100594103336 48
    endloop
  endfacet
  facet normal 0.785316929165329 0.6190939514858287 0
    outer loop
      vertex 38.562435790896416 13.896688289940357 23.562435790896416
      vertex 38.562435790896416 13.896688289940357 48
      vertex 38.854101963341236 13.526711516082287 48
    endloop
  endfacet
  facet normal 0.8314696128651844 0.5555702321775531 0
    outer loop
      vertex 38.854101963341236 13.526711516082287 23.854101963341236
      vertex 38.854101963341236 13.526711516082287 48
      vertex 39.11584098637104 13.134991385042667 48
    endloop
  endfacet
  facet normal 0.1950903176253698 0.9807852812766066 0
    outer loop
      vertex 34.938606791198254 15.926130041480064 19.938606791198254
      vertex 34.938606791198254 15.926130041480064 48
      vertex 35.40067218244076 15.83421952277422 48
    endloop
  endfacet
  facet normal 0.2714404503965502 0.9624552363037555 0
    outer loop
      vertex 35.40067218244076 15.83421952277422 20.400672182440758
      vertex 35.40067218244076 15.83421952277422 48
      vertex 35.854101963341236 15.706339098513126 48
    endloop
  endfacet
  facet normal 0.3461170536827035 0.9381913371748881 0
    outer loop
      vertex 35.854101963341236 15.706339098513126 20.854101963341236
      vertex 35.854101963341236 15.706339098513126 48
      vertex 36.296100594103336 15.543277196586132 48
    endloop
  endfacet
  facet normal 0.4186597409951228 0.9081431722310621 0
    outer loop
      vertex 36.296100594103336 15.543277196586132 21.296100594103336
      vertex 36.296100594103336 15.543277196586132 48
      vertex 36.72394299507141 15.346039146184921 48
    endloop
  endfacet
  facet normal 0.48862124270080404 0.8724960063986094 0
    outer loop
      vertex 36.72394299507141 15.346039146184921 21.72394299507141
      vertex 36.72394299507141 15.346039146184921 48
      vertex 37.13499138504267 15.11584098637104 48
    endloop
  endfacet
  facet normal 0.5555702321775531 0.8314696128651844 0
    outer loop
      vertex 37.13499138504267 15.11584098637104 22.134991385042667
      vertex 37.13499138504267 15.11584098637104 48
      vertex 37.52671151608229 14.854101963341236 48
    endloop
  endfacet
  facet normal 0.6788007382187915 0.7343225161968165 0
    outer loop
      vertex 37.89668828994036 14.562435790896416 22.896688289940357
      vertex 37.89668828994036 14.562435790896416 48
      vertex 38.24264068901539 14.242640689015388 48
    endloop
  endfacet
  facet normal 0.7343225161968164 0.6788007382187914 0
    outer loop
      vertex 38.24264068901539 14.242640689015388 23.24264068901539
      vertex 38.24264068901539 14.242640689015388 48
      vertex 38.562435790896416 13.896688289940357 48
    endloop
  endfacet
  facet normal 0.6190939514858287 0.785316929165329 0
    outer loop
      vertex 37.52671151608229 14.854101963341236 22.526711516082287
      vertex 37.52671151608229 14.854101963341236 48
      vertex 37.89668828994036 14.562435790896416 48
    endloop
  endfacet
  facet normal -0.7071067811865475 0 -0.7071067811865475
    outer loop
      vertex -34 -16 19
      vertex -15 16 0
      vertex -15 -16 0
    endloop
  endfacet
  facet normal -0.7071067811865475 0 -0.7071067811865475
    outer loop
      vertex -37.52671151608229 -14.854101963341236 22.526711516082287
      vertex -37.89668828994036 -14.562435790896416 22.896688289940357
      vertex -15 16 0
    endloop
  endfacet
  facet normal -0.7071067811865475 0 -0.7071067811865475
    outer loop
      vertex -37.89668828994036 -14.562435790896416 22.896688289940357
      vertex -38.24264068901539 -14.242640689015388 23.24264068901539
      vertex -34 16 19
    endloop
  endfacet
  facet normal -0.7071067811865475 0 -0.7071067811865475
    outer loop
      vertex -38.24264068901539 -14.242640689015388 23.24264068901539
      vertex -38.562435790896416 -13.896688289940357 23.562435790896416
      vertex -34 16 19
    endloop
  endfacet
  facet normal -0.7071067811865476 0 -0.7071067811865476
    outer loop
      vertex -39.34603914618492 -12.723942995071411 24.34603914618492
      vertex -39.54327719658613 -12.296100594103336 24.543277196586132
      vertex -34 16 19
    endloop
  endfacet
  facet normal -0.7071067811865475 0 -0.7071067811865475
    outer loop
      vertex -39.54327719658613 -12.296100594103336 24.543277196586132
      vertex -39.706339098513126 -11.854101963341236 24.706339098513126
      vertex -34 16 19
    endloop
  endfacet
  facet normal -0.7071067811865475 0 -0.7071067811865475
    outer loop
      vertex -39.706339098513126 -11.854101963341236 24.706339098513126
      vertex -39.83421952277422 -11.400672182440758 24.83421952277422
      vertex -34 16 19
    endloop
  endfacet
  facet normal -0.7071067811865476 0 -0.7071067811865476
    outer loop
      vertex -39.83421952277422 -11.400672182440758 24.83421952277422
      vertex -39.926130041480064 -10.938606791198254 24.926130041480064
      vertex -34 16 19
    endloop
  endfacet
  facet normal -0.7071067811865476 0 -0.7071067811865476
    outer loop
      vertex -38.854101963341236 -13.526711516082287 23.854101963341236
      vertex -34 16 19
      vertex -38.562435790896416 -13.896688289940357 23.562435790896416
    endloop
  endfacet
  facet normal -0.7071067811865476 0 -0.7071067811865476
    outer loop
      vertex -38.854101963341236 -13.526711516082287 23.854101963341236
      vertex -39.11584098637104 -13.134991385042667 24.11584098637104
      vertex -34 16 19
    endloop
  endfacet
  facet normal -0.7071067811865475 0 -0.7071067811865475
    outer loop
      vertex -39.11584098637104 -13.134991385042667 24.11584098637104
      vertex -39.34603914618492 -12.723942995071411 24.34603914618492
      vertex -34 16 19
    endloop
  endfacet
  facet normal -0.7071067811865476 0 -0.7071067811865476
    outer loop
      vertex -39.926130041480064 -10.938606791198254 24.926130041480064
      vertex -39.98150400072336 -10.470754571259022 24.981504000723362
      vertex -34 16 19
    endloop
  endfacet
  facet normal -0.7071067811865476 0 -0.7071067811865476
    outer loop
      vertex -39.98150400072336 -10.470754571259022 24.981504000723362
      vertex -40 -10 25
      vertex -34 16 19
    endloop
  endfacet
  facet normal -0.7071067811865475 0 -0.7071067811865475
    outer loop
      vertex -35.40067218244076 -15.83421952277422 20.400672182440758
      vertex -15 16 0
      vertex -34.938606791198254 -15.926130041480064 19.938606791198254
    endloop
  endfacet
  facet normal -0.7071067811865476 0 -0.7071067811865476
    outer loop
      vertex -34.47075457125902 -15.981504000723362 19.47075457125902
      vertex -34.938606791198254 -15.926130041480064 19.938606791198254
      vertex -15 16 0
    endloop
  endfacet
  facet normal -0.7071067811865475 0 -0.7071067811865475
    outer loop
      vertex -34.47075457125902 -15.981504000723362 19.47075457125902
      vertex -15 16 0
      vertex -34 -16 19
    endloop
  endfacet
  facet normal -0.7071067811865476 0 -0.7071067811865476
    outer loop
      vertex -35.854101963341236 -15.706339098513126 20.854101963341236
      vertex -15 16 0
      vertex -35.40067218244076 -15.83421952277422 20.400672182440758
    endloop
  endfacet
  facet normal -0.7071067811865475 0 -0.7071067811865475
    outer loop
      vertex -35.854101963341236 -15.706339098513126 20.854101963341236
      vertex -36.296100594103336 -15.543277196586132 21.296100594103336
      vertex -15 16 0
    endloop
  endfacet
  facet normal -0.7071067811865475 0 -0.7071067811865475
    outer loop
      vertex -36.72394299507141 -15.346039146184921 21.72394299507141
      vertex -37.13499138504267 -15.11584098637104 22.134991385042667
      vertex -15 16 0
    endloop
  endfacet
  facet normal -0.7071067811865476 0 -0.7071067811865476
    outer loop
      vertex -37.52671151608229 -14.854101963341236 22.526711516082287
      vertex -15 16 0
      vertex -37.13499138504267 -15.11584098637104 22.134991385042667
    endloop
  endfacet
  facet normal -0.7071067811865476 0 -0.7071067811865476
    outer loop
      vertex -36.296100594103336 -15.543277196586132 21.296100594103336
      vertex -36.72394299507141 -15.346039146184921 21.72394299507141
      vertex -15 16 0
    endloop
  endfacet
  facet normal -0.7071067811865475 0 -0.7071067811865475
    outer loop
      vertex -40 -10 25
      vertex -40 10 25
      vertex -34 16 19
    endloop
  endfacet
  facet normal -0.7071067811865476 0 -0.7071067811865476
    outer loop
      vertex -37.89668828994036 -14.562435790896416 22.896688289940357
      vertex -34 16 19
      vertex -15 16 0
    endloop
  endfacet
  facet normal -0.7071067811865475 0 -0.7071067811865475
    outer loop
      vertex -34 16 19
      vertex -40 10 25
      vertex -39.98150400072336 10.470754571259022 24.981504000723362
    endloop
  endfacet
  facet normal -0.7071067811865475 0 -0.7071067811865475
    outer loop
      vertex -34 16 19
      vertex -39.98150400072336 10.470754571259022 24.981504000723362
      vertex -39.926130041480064 10.938606791198254 24.926130041480064
    endloop
  endfacet
  facet normal -0.7071067811865475 0 -0.7071067811865475
    outer loop
      vertex -34 16 19
      vertex -39.926130041480064 10.938606791198254 24.926130041480064
      vertex -39.83421952277422 11.400672182440758 24.83421952277422
    endloop
  endfacet
  facet normal -0.7071067811865475 0 -0.7071067811865475
    outer loop
      vertex -34 16 19
      vertex -39.83421952277422 11.400672182440758 24.83421952277422
      vertex -39.706339098513126 11.854101963341236 24.706339098513126
    endloop
  endfacet
  facet normal -0.7071067811865476 0 -0.7071067811865476
    outer loop
      vertex -34 16 19
      vertex -39.706339098513126 11.854101963341236 24.706339098513126
      vertex -39.54327719658613 12.296100594103336 24.543277196586132
    endloop
  endfacet
  facet normal -0.7071067811865475 0 -0.7071067811865475
    outer loop
      vertex -34 16 19
      vertex -39.54327719658613 12.296100594103336 24.543277196586132
      vertex -39.34603914618492 12.723942995071411 24.34603914618492
    endloop
  endfacet
  facet normal -0.7071067811865476 0 -0.7071067811865476
    outer loop
      vertex -34 16 19
      vertex -39.34603914618492 12.723942995071411 24.34603914618492
      vertex -39.11584098637104 13.134991385042667 24.11584098637104
    endloop
  endfacet
  facet normal -0.7071067811865476 0 -0.7071067811865476
    outer loop
      vertex -36.72394299507141 15.346039146184921 21.72394299507141
      vertex -34 16 19
      vertex -37.13499138504267 15.11584098637104 22.134991385042667
    endloop
  endfacet
  facet normal -0.7071067811865476 0 -0.7071067811865476
    outer loop
      vertex -35.854101963341236 15.706339098513126 20.854101963341236
      vertex -35.40067218244076 15.83421952277422 20.400672182440758
      vertex -34 16 19
    endloop
  endfacet
  facet normal -0.7071067811865476 0 -0.7071067811865476
    outer loop
      vertex -36.72394299507141 15.346039146184921 21.72394299507141
      vertex -36.296100594103336 15.543277196586132 21.296100594103336
      vertex -34 16 19
    endloop
  endfacet
  facet normal -0.7071067811865476 0 -0.7071067811865476
    outer loop
      vertex -35.854101963341236 15.706339098513126 20.854101963341236
      vertex -34 16 19
      vertex -36.296100594103336 15.543277196586132 21.296100594103336
    endloop
  endfacet
  facet normal -0.7071067811865476 0 -0.7071067811865476
    outer loop
      vertex -38.854101963341236 13.526711516082287 23.854101963341236
      vertex -34 16 19
      vertex -39.11584098637104 13.134991385042667 24.11584098637104
    endloop
  endfacet
  facet normal -0.7071067811865476 0 -0.7071067811865476
    outer loop
      vertex -38.854101963341236 13.526711516082287 23.854101963341236
      vertex -38.562435790896416 13.896688289940357 23.562435790896416
      vertex -34 16 19
    endloop
  endfacet
  facet normal -0.7071067811865475 0 -0.7071067811865475
    outer loop
      vertex -38.24264068901539 14.242640689015388 23.24264068901539
      vertex -37.89668828994036 14.562435790896416 22.896688289940357
      vertex -34 16 19
    endloop
  endfacet
  facet normal -0.7071067811865476 0 -0.7071067811865476
    outer loop
      vertex -38.562435790896416 13.896688289940357 23.562435790896416
      vertex -38.24264068901539 14.242640689015388 23.24264068901539
      vertex -34 16 19
    endloop
  endfacet
  facet normal -0.7071067811865476 0 -0.7071067811865476
    outer loop
      vertex -37.89668828994036 14.562435790896416 22.896688289940357
      vertex -37.52671151608229 14.854101963341236 22.526711516082287
      vertex -34 16 19
    endloop
  endfacet
  facet normal -0.7071067811865476 0 -0.7071067811865476
    outer loop
      vertex -37.52671151608229 14.854101963341236 22.526711516082287
      vertex -37.13499138504267 15.11584098637104 22.134991385042667
      vertex -34 16 19
    endloop
  endfacet
  facet normal -0.7071067811865475 0 -0.7071067811865475
    outer loop
      vertex -34.47075457125902 15.981504000723362 19.47075457125902
      vertex -34 16 19
      vertex -34.938606791198254 15.926130041480064 19.938606791198254
    endloop
  endfacet
  facet normal -0.7071067811865476 0 -0.7071067811865476
    outer loop
      vertex -35.40067218244076 15.83421952277422 20.400672182440758
      vertex -34.938606791198254 15.926130041480064 19.938606791198254
      vertex -34 16 19
    endloop
  endfacet
  facet normal 0.7071067811865475 0 -0.7071067811865475
    outer loop
      vertex 34 -16 19
      vertex 34.938606791198254 -15.926130041480064 19.938606791198254
      vertex 34.47075457125902 -15.981504000723362 19.47075457125902
    endloop
  endfacet
  facet normal 0.7071067811865476 0 -0.7071067811865476
    outer loop
      vertex 34 -16 19
      vertex 35.40067218244076 -15.83421952277422 20.400672182440758
      vertex 34.938606791198254 -15.926130041480064 19.938606791198254
    endloop
  endfacet
  facet normal 0.7071067811865476 0 -0.7071067811865476
    outer loop
      vertex 34 -16 19
      vertex 35.854101963341236 -15.706339098513126 20.854101963341236
      vertex 35.40067218244076 -15.83421952277422 20.400672182440758
    endloop
  endfacet
  facet normal 0.7071067811865475 0 -0.7071067811865475
    outer loop
      vertex 34 -16 19
      vertex 36.296100594103336 -15.543277196586132 21.296100594103336
      vertex 35.854101963341236 -15.706339098513126 20.854101963341236
    endloop
  endfacet
  facet normal 0.7071067811865476 0 -0.7071067811865476
    outer loop
      vertex 34 -16 19
      vertex 36.72394299507141 -15.346039146184921 21.72394299507141
      vertex 36.296100594103336 -15.543277196586132 21.296100594103336
    endloop
  endfacet
  facet normal 0.7071067811865475 0 -0.7071067811865475
    outer loop
      vertex 34 -16 19
      vertex 37.13499138504267 -15.11584098637104 22.134991385042667
      vertex 36.72394299507141 -15.346039146184921 21.72394299507141
    endloop
  endfacet
  facet normal 0.7071067811865475 0 -0.7071067811865475
    outer loop
      vertex 34 -16 19
      vertex 37.52671151608229 -14.854101963341236 22.526711516082287
      vertex 37.13499138504267 -15.11584098637104 22.134991385042667
    endloop
  endfacet
  facet normal 0.7071067811865476 0 -0.7071067811865476
    outer loop
      vertex 34 -16 19
      vertex 37.89668828994036 -14.562435790896416 22.896688289940357
      vertex 37.52671151608229 -14.854101963341236 22.526711516082287
    endloop
  endfacet
  facet normal 0.7071067811865476 0 -0.7071067811865476
    outer loop
      vertex 34 -16 19
      vertex 38.24264068901539 -14.242640689015388 23.24264068901539
      vertex 37.89668828994036 -14.562435790896416 22.896688289940357
    endloop
  endfacet
  facet normal 0.7071067811865476 0 -0.7071067811865476
    outer loop
      vertex 34 -16 19
      vertex 38.562435790896416 -13.896688289940357 23.562435790896416
      vertex 38.24264068901539 -14.242640689015388 23.24264068901539
    endloop
  endfacet
  facet normal 0.7071067811865476 0 -0.7071067811865476
    outer loop
      vertex 34 -16 19
      vertex 38.854101963341236 -13.526711516082287 23.854101963341236
      vertex 38.562435790896416 -13.896688289940357 23.562435790896416
    endloop
  endfacet
  facet normal 0.7071067811865476 0 -0.7071067811865476
    outer loop
      vertex 34 -16 19
      vertex 39.11584098637104 -13.134991385042667 24.11584098637104
      vertex 38.854101963341236 -13.526711516082287 23.854101963341236
    endloop
  endfacet
  facet normal 0.7071067811865476 0 -0.7071067811865476
    outer loop
      vertex 34 -16 19
      vertex 39.34603914618492 -12.723942995071411 24.34603914618492
      vertex 39.11584098637104 -13.134991385042667 24.11584098637104
    endloop
  endfacet
  facet normal 0.7071067811865475 0 -0.7071067811865475
    outer loop
      vertex 34 -16 19
      vertex 39.54327719658613 -12.296100594103336 24.543277196586132
      vertex 39.34603914618492 -12.723942995071411 24.34603914618492
    endloop
  endfacet
  facet normal 0.7071067811865476 0 -0.7071067811865476
    outer loop
      vertex 34 -16 19
      vertex 39.706339098513126 -11.854101963341236 24.706339098513126
      vertex 39.54327719658613 -12.296100594103336 24.543277196586132
    endloop
  endfacet
  facet normal 0.7071067811865475 0 -0.7071067811865475
    outer loop
      vertex 34 -16 19
      vertex 39.83421952277422 -11.400672182440758 24.83421952277422
      vertex 39.706339098513126 -11.854101963341236 24.706339098513126
    endloop
  endfacet
  facet normal 0.7071067811865475 0 -0.7071067811865475
    outer loop
      vertex 34 -16 19
      vertex 39.926130041480064 -10.938606791198254 24.926130041480064
      vertex 39.83421952277422 -11.400672182440758 24.83421952277422
    endloop
  endfacet
  facet normal 0.7071067811865475 0 -0.7071067811865475
    outer loop
      vertex 34 -16 19
      vertex 39.98150400072336 -10.470754571259022 24.981504000723362
      vertex 39.926130041480064 -10.938606791198254 24.926130041480064
    endloop
  endfacet
  facet normal 0.7071067811865475 0 -0.7071067811865475
    outer loop
      vertex 34 -16 19
      vertex 40 -10 25
      vertex 39.98150400072336 -10.470754571259022 24.981504000723362
    endloop
  endfacet
  facet normal 0.7071067811865476 0 -0.7071067811865476
    outer loop
      vertex 15 -16 0
      vertex 37.89668828994036 14.562435790896416 22.896688289940357
      vertex 34 -16 19
    endloop
  endfacet
  facet normal 0.7071067811865475 0 -0.7071067811865475
    outer loop
      vertex 34 -16 19
      vertex 40 10 25
      vertex 40 -10 25
    endloop
  endfacet
  facet normal 0.7071067811865475 0 -0.7071067811865475
    outer loop
      vertex 15 -16 0
      vertex 15 16 0
      vertex 34 16 19
    endloop
  endfacet
  facet normal 0.7071067811865476 0 -0.7071067811865476
    outer loop
      vertex 15 -16 0
      vertex 36.296100594103336 15.543277196586132 21.296100594103336
      vertex 36.72394299507141 15.346039146184921 21.72394299507141
    endloop
  endfacet
  facet normal 0.7071067811865475 0 -0.7071067811865475
    outer loop
      vertex 15 -16 0
      vertex 37.13499138504267 15.11584098637104 22.134991385042667
      vertex 37.52671151608229 14.854101963341236 22.526711516082287
    endloop
  endfacet
  facet normal 0.7071067811865476 0 -0.7071067811865476
    outer loop
      vertex 15 -16 0
      vertex 36.72394299507141 15.346039146184921 21.72394299507141
      vertex 37.13499138504267 15.11584098637104 22.134991385042667
    endloop
  endfacet
  facet normal 0.7071067811865475 0 -0.7071067811865475
    outer loop
      vertex 15 -16 0
      vertex 34 16 19
      vertex 34.47075457125902 15.981504000723362 19.47075457125902
    endloop
  endfacet
  facet normal 0.7071067811865475 0 -0.7071067811865475
    outer loop
      vertex 15 -16 0
      vertex 34.47075457125902 15.981504000723362 19.47075457125902
      vertex 34.938606791198254 15.926130041480064 19.938606791198254
    endloop
  endfacet
  facet normal 0.7071067811865475 0 -0.7071067811865475
    outer loop
      vertex 15 -16 0
      vertex 34.938606791198254 15.926130041480064 19.938606791198254
      vertex 35.40067218244076 15.83421952277422 20.400672182440758
    endloop
  endfacet
  facet normal 0.7071067811865476 0 -0.7071067811865476
    outer loop
      vertex 15 -16 0
      vertex 35.40067218244076 15.83421952277422 20.400672182440758
      vertex 35.854101963341236 15.706339098513126 20.854101963341236
    endloop
  endfacet
  facet normal 0.7071067811865476 0 -0.7071067811865476
    outer loop
      vertex 15 -16 0
      vertex 35.854101963341236 15.706339098513126 20.854101963341236
      vertex 36.296100594103336 15.543277196586132 21.296100594103336
    endloop
  endfacet
  facet normal 0.7071067811865476 0 -0.7071067811865476
    outer loop
      vertex 34 -16 19
      vertex 39.98150400072336 10.470754571259022 24.981504000723362
      vertex 40 10 25
    endloop
  endfacet
  facet normal 0.7071067811865475 0 -0.7071067811865475
    outer loop
      vertex 34 -16 19
      vertex 39.926130041480064 10.938606791198254 24.926130041480064
      vertex 39.98150400072336 10.470754571259022 24.981504000723362
    endloop
  endfacet
  facet normal 0.7071067811865476 0 -0.7071067811865476
    outer loop
      vertex 34 -16 19
      vertex 39.11584098637104 13.134991385042667 24.11584098637104
      vertex 39.34603914618492 12.723942995071411 24.34603914618492
    endloop
  endfacet
  facet normal 0.7071067811865475 0 -0.7071067811865475
    outer loop
      vertex 34 -16 19
      vertex 38.854101963341236 13.526711516082287 23.854101963341236
      vertex 39.11584098637104 13.134991385042667 24.11584098637104
    endloop
  endfacet
  facet normal 0.7071067811865475 0 -0.7071067811865475
    outer loop
      vertex 34 -16 19
      vertex 38.562435790896416 13.896688289940357 23.562435790896416
      vertex 38.854101963341236 13.526711516082287 23.854101963341236
    endloop
  endfacet
  facet normal 0.7071067811865475 0 -0.7071067811865475
    outer loop
      vertex 34 -16 19
      vertex 39.83421952277422 11.400672182440758 24.83421952277422
      vertex 39.926130041480064 10.938606791198254 24.926130041480064
    endloop
  endfacet
  facet normal 0.7071067811865476 0 -0.7071067811865476
    outer loop
      vertex 34 -16 19
      vertex 39.706339098513126 11.854101963341236 24.706339098513126
      vertex 39.83421952277422 11.400672182440758 24.83421952277422
    endloop
  endfacet
  facet normal 0.7071067811865476 0 -0.7071067811865476
    outer loop
      vertex 34 -16 19
      vertex 39.54327719658613 12.296100594103336 24.543277196586132
      vertex 39.706339098513126 11.854101963341236 24.706339098513126
    endloop
  endfacet
  facet normal 0.7071067811865476 0 -0.7071067811865476
    outer loop
      vertex 34 -16 19
      vertex 39.34603914618492 12.723942995071411 24.34603914618492
      vertex 39.54327719658613 12.296100594103336 24.543277196586132
    endloop
  endfacet
  facet normal 0.7071067811865476 0 -0.7071067811865476
    outer loop
      vertex 15 -16 0
      vertex 37.52671151608229 14.854101963341236 22.526711516082287
      vertex 37.89668828994036 14.562435790896416 22.896688289940357
    endloop
  endfacet
  facet normal 0.7071067811865475 0 -0.7071067811865475
    outer loop
      vertex 34 -16 19
      vertex 37.89668828994036 14.562435790896416 22.896688289940357
      vertex 38.24264068901539 14.242640689015388 23.24264068901539
    endloop
  endfacet
  facet normal 0.7071067811865475 0 -0.7071067811865475
    outer loop
      vertex 34 -16 19
      vertex 38.24264068901539 14.242640689015388 23.24264068901539
      vertex 38.562435790896416 13.896688289940357 23.562435790896416
    endloop
  endfacet
  facet normal 1 0 0
    outer loop
      vertex 5 -3.3585233837366104 35.64833661168814
      vertex 5 3.715861923992634 36.26726512610912
      vertex 5 -3.5507041588425636 35.95000000298023
    endloop
  endfacet
  facet normal 1 0 0
    outer loop
      vertex 5 -2.0499999970197678 34.449295841157436
      vertex 5 -1.7327348738908768 34.284138076007366
      vertex 5 2.351663388311863 34.64147661626339
    endloop
  endfacet
  facet normal 1 0 0
    outer loop
      vertex 5 -1.7327348738908768 34.284138076007366
      vertex 5 -1.4022825881838799 34.14726025611162
      vertex 5 2.0499999970197678 34.449295841157436
    endloop
  endfacet
  facet normal 1 0 0
    outer loop
      vertex 5 -1.0611580833792686 34.039704114198685
      vertex 5 -0.7119575291872025 33.962288215756416
      vertex 5 1.4022825881838799 34.14726025611162
    endloop
  endfacet
  facet normal 1 0 0
    outer loop
      vertex 5 -0.7119575291872025 33.962288215756416
      vertex 5 -0.357338547706604 33.91560173779726
      vertex 5 1.0611580833792686 34.039704114198685
    endloop
  endfacet
  facet normal 1 0 0
    outer loop
      vertex 5 -1.4022825881838799 34.14726025611162
      vertex 5 -1.0611580833792686 34.039704114198685
      vertex 5 1.7327348738908768 34.284138076007366
    endloop
  endfacet
  facet normal 1 0 0
    outer loop
      vertex 5 -2.8991378024220467 35.10086219757795
      vertex 5 -2.635429196059704 34.859217785298824
      vertex 5 3.1407822147011757 35.364570803940296
    endloop
  endfacet
  facet normal 1 0 0
    outer loop
      vertex 5 -2.635429196059704 34.859217785298824
      vertex 5 -2.351663388311863 34.64147661626339
      vertex 5 2.8991378024220467 35.10086219757795
    endloop
  endfacet
  facet normal 1 0 0
    outer loop
      vertex 5 -2.351663388311863 34.64147661626339
      vertex 5 -2.0499999970197678 34.449295841157436
      vertex 5 2.635429196059704 34.859217785298824
    endloop
  endfacet
  facet normal 1 0 0
    outer loop
      vertex 5 -3.1407822147011757 35.364570803940296
      vertex 5 -2.8991378024220467 35.10086219757795
      vertex 5 3.3585233837366104 35.64833661168814
    endloop
  endfacet
  facet normal 1 0 0
    outer loop
      vertex 5 -3.3585233837366104 35.64833661168814
      vertex 5 -3.1407822147011757 35.364570803940296
      vertex 5 3.5507041588425636 35.95000000298023
    endloop
  endfacet
  facet normal 0 0.7933533315349184 0.6087614404201745
    outer loop
      vertex 5 -3.3585233837366104 35.64833661168814
      vertex 40 -3.3585233837366104 35.64833661168814
      vertex 5 -3.1407822147011757 35.364570803940296
    endloop
  endfacet
  facet normal 0 0.8433914461430153 0.537299607828624
    outer loop
      vertex 5 -3.3585233837366104 35.64833661168814
      vertex 5 -3.5507041588425636 35.95000000298023
      vertex 40 -3.5507041588425636 35.95000000298023
    endloop
  endfacet
  facet normal 0 0.7372773431984206 0.6755902006440578
    outer loop
      vertex 5 -3.1407822147011757 35.364570803940296
      vertex 40 -3.1407822147011757 35.364570803940296
      vertex 5 -2.8991378024220467 35.10086219757795
    endloop
  endfacet
  facet normal 0 0.6755902006440578 0.7372773431984206
    outer loop
      vertex 5 -2.8991378024220467 35.10086219757795
      vertex 40 -2.8991378024220467 35.10086219757795
      vertex 5 -2.635429196059704 34.859217785298824
    endloop
  endfacet
  facet normal 0 0.6087614404201745 0.7933533315349184
    outer loop
      vertex 5 -2.635429196059704 34.859217785298824
      vertex 40 -2.635429196059704 34.859217785298824
      vertex 5 -2.351663388311863 34.64147661626339
    endloop
  endfacet
  facet normal 0 0.537299607828624 0.8433914461430153
    outer loop
      vertex 5 -2.351663388311863 34.64147661626339
      vertex 40 -2.351663388311863 34.64147661626339
      vertex 5 -2.0499999970197678 34.449295841157436
    endloop
  endfacet
  facet normal 0 0.46174860390812367 0.8870108380335038
    outer loop
      vertex 5 -2.0499999970197678 34.449295841157436
      vertex 40 -2.0499999970197678 34.449295841157436
      vertex 5 -1.7327348738908768 34.284138076007366
    endloop
  endfacet
  facet normal 0 0.38268343579839764 0.923879531089164
    outer loop
      vertex 5 -1.7327348738908768 34.284138076007366
      vertex 40 -1.7327348738908768 34.284138076007366
      vertex 5 -1.4022825881838799 34.14726025611162
    endloop
  endfacet
  facet normal 0 0.300705796175747 0.9537169517977071
    outer loop
      vertex 5 -1.4022825881838799 34.14726025611162
      vertex 40 -1.4022825881838799 34.14726025611162
      vertex 5 -1.0611580833792686 34.039704114198685
    endloop
  endfacet
  facet normal 0 0.21643961230171194 0.9762960074827125
    outer loop
      vertex 5 -1.0611580833792686 34.039704114198685
      vertex 40 -1.0611580833792686 34.039704114198685
      vertex 5 -0.7119575291872025 33.962288215756416
    endloop
  endfacet
  facet normal 0 0.13052620144109012 0.9914448601598376
    outer loop
      vertex 5 -0.7119575291872025 33.962288215756416
      vertex 40 -0.7119575291872025 33.962288215756416
      vertex 5 -0.357338547706604 33.91560173779726
    endloop
  endfacet
  facet normal 0 0.04361939115187654 0.9990482214165338
    outer loop
      vertex 5 -0.357338547706604 33.91560173779726
      vertex 40 -0.357338547706604 33.91560173779726
      vertex 5 0 33.899999998509884
    endloop
  endfacet
  facet normal 1 0 0
    outer loop
      vertex 5 -3.1407822147011757 40.635429196059704
      vertex 5 0 43.79827560484409
      vertex 5 -2.8991378024220467 40.89913780242205
    endloop
  endfacet
  facet normal 1 0 0
    outer loop
      vertex 5 -3.715861923992634 36.26726512610912
      vertex 5 -3.5507041588425636 35.95000000298023
      vertex 5 3.852739743888378 36.59771741181612
    endloop
  endfacet
  facet normal 1 0 0
    outer loop
      vertex 5 -3.852739743888378 36.59771741181612
      vertex 5 -3.715861923992634 36.26726512610912
      vertex 5 3.9602958858013153 36.93884191662073
    endloop
  endfacet
  facet normal 1 0 0
    outer loop
      vertex 5 -3.9602958858013153 36.93884191662073
      vertex 5 -3.852739743888378 36.59771741181612
      vertex 5 4.037711784243584 37.2880424708128
    endloop
  endfacet
  facet normal 1 0 0
    outer loop
      vertex 5 -3.9602958858013153 36.93884191662073
      vertex 5 4.08439826220274 37.642661452293396
      vertex 5 -4.037711784243584 37.2880424708128
    endloop
  endfacet
  facet normal 1 0 0
    outer loop
      vertex 5 -4.08439826220274 37.642661452293396
      vertex 5 -4.037711784243584 37.2880424708128
      vertex 5 4.100000001490116 38
    endloop
  endfacet
  facet normal 1 0 0
    outer loop
      vertex 5 -4.08439826220274 37.642661452293396
      vertex 5 4.08439826220274 38.357338547706604
      vertex 5 -4.100000001490116 38
    endloop
  endfacet
  facet normal 1 0 0
    outer loop
      vertex 5 -4.100000001490116 38
      vertex 5 4.037711784243584 38.7119575291872
      vertex 5 -4.08439826220274 38.357338547706604
    endloop
  endfacet
  facet normal 1 0 0
    outer loop
      vertex 5 -4.08439826220274 38.357338547706604
      vertex 5 3.9602958858013153 39.06115808337927
      vertex 5 -4.037711784243584 38.7119575291872
    endloop
  endfacet
  facet normal 1 0 0
    outer loop
      vertex 5 -4.037711784243584 38.7119575291872
      vertex 5 3.852739743888378 39.40228258818388
      vertex 5 -3.9602958858013153 39.06115808337927
    endloop
  endfacet
  facet normal 1 0 0
    outer loop
      vertex 5 -3.9602958858013153 39.06115808337927
      vertex 5 3.715861923992634 39.73273487389088
      vertex 5 -3.852739743888378 39.40228258818388
    endloop
  endfacet
  facet normal 1 0 0
    outer loop
      vertex 5 -3.852739743888378 39.40228258818388
      vertex 5 3.5507041588425636 40.04999999701977
      vertex 5 -3.715861923992634 39.73273487389088
    endloop
  endfacet
  facet normal 1 0 0
    outer loop
      vertex 5 -3.715861923992634 39.73273487389088
      vertex 5 3.3585233837366104 40.35166338831186
      vertex 5 -3.5507041588425636 40.04999999701977
    endloop
  endfacet
  facet normal 1 0 0
    outer loop
      vertex 5 -3.5507041588425636 40.04999999701977
      vertex 5 3.1407822147011757 40.635429196059704
      vertex 5 -3.3585233837366104 40.35166338831186
    endloop
  endfacet
  facet normal 1 0 0
    outer loop
      vertex 5 -3.3585233837366104 40.35166338831186
      vertex 5 2.8991378024220467 40.89913780242205
      vertex 5 -3.1407822147011757 40.635429196059704
    endloop
  endfacet
  facet normal 1 0 0
    outer loop
      vertex 5 -3.1407822147011757 40.635429196059704
      vertex 5 2.8991378024220467 40.89913780242205
      vertex 5 0 43.79827560484409
    endloop
  endfacet
  facet normal 0 0.9762960074827125 0.2164396123017119
    outer loop
      vertex 5 -3.9602958858013153 36.93884191662073
      vertex 5 -4.037711784243584 37.2880424708128
      vertex 20.95770859742024 -4.037711784243584 37.2880424708128
    endloop
  endfacet
  facet normal 0 0.9914448601598376 0.1305262014410901
    outer loop
      vertex 5 -4.08439826220274 37.642661452293396
      vertex 20.839110402841026 -4.08439826220274 37.642661452293396
      vertex 5 -4.037711784243584 37.2880424708128
    endloop
  endfacet
  facet normal 0 0.9990482214165337 0.04361939115187654
    outer loop
      vertex 5 -4.08439826220274 37.642661452293396
      vertex 5 -4.100000001490116 38
      vertex 20.8 -4.100000001490116 38
    endloop
  endfacet
  facet normal -1.1276986814877365e-17 0.9990482214165337 -0.04361939115187653
    outer loop
      vertex 5 -4.100000001490116 38
      vertex 5 -4.08439826220274 38.357338547706604
      vertex 20.805240532653684 -4.094176484214935 38.133380462737335
    endloop
  endfacet
  facet normal -9.257973972186148e-18 0.9914448601598377 -0.13052620144109012
    outer loop
      vertex 5 -4.08439826220274 38.357338547706604
      vertex 5 -4.037711784243584 38.7119575291872
      vertex 20.84697113532395 -4.079195543275541 38.39685711855504
    endloop
  endfacet
  facet normal 1.9721035352189674e-18 0.9762960074827125 -0.21643961230171194
    outer loop
      vertex 5 -4.037711784243584 38.7119575291872
      vertex 5 -3.9602958858013153 39.06115808337927
      vertex 20.985288908879774 -4.024448608437186 38.77178384955723
    endloop
  endfacet
  facet normal 2.2599191507769457e-17 0.9914448601598376 0.13052620144108984
    outer loop
      vertex 5 -4.037711784243584 37.2880424708128
      vertex 20.88320392229824 -4.062281912422175 37.47467110956259
      vertex 20.929404794730814 -4.045794681302636 37.34943816497935
    endloop
  endfacet
  facet normal 6.048513861799182e-17 0.991444860159838 0.13052620144108662
    outer loop
      vertex 5 -4.037711784243584 37.2880424708128
      vertex 20.84697113532395 -4.079195543275541 37.60314288144496
      vertex 20.88320392229824 -4.062281912422175 37.47467110956259
    endloop
  endfacet
  facet normal 1.0537580939950168e-17 0.9762960074827126 0.21643961230171138
    outer loop
      vertex 5 -3.9602958858013153 36.93884191662073
      vertex 20.95770859742024 -4.037711784243584 37.2880424708128
      vertex 20.985288908879774 -4.024448608437186 37.22821615044277
    endloop
  endfacet
  facet normal 0 0.9914448601598369 0.13052620144109559
    outer loop
      vertex 5 -4.037711784243584 37.2880424708128
      vertex 20.929404794730814 -4.045794681302636 37.34943816497935
      vertex 20.95770859742024 -4.037711784243584 37.2880424708128
    endloop
  endfacet
  facet normal -8.206505427662039e-17 0.9914448601598371 0.13052620144109367
    outer loop
      vertex 5 -4.037711784243584 37.2880424708128
      vertex 20.839110402841026 -4.08439826220274 37.642661452293396
      vertex 20.84697113532395 -4.079195543275541 37.60314288144496
    endloop
  endfacet
  facet normal 0 0.9990482214165339 0.04361939115187267
    outer loop
      vertex 5 -4.08439826220274 37.642661452293396
      vertex 20.820929820988265 -4.088388870860271 37.73406140943161
      vertex 20.839110402841026 -4.08439826220274 37.642661452293396
    endloop
  endfacet
  facet normal -3.0142158471912875e-17 0.9990482214165338 0.04361939115187788
    outer loop
      vertex 5 -4.08439826220274 37.642661452293396
      vertex 20.805240532653684 -4.094176484214935 37.866619537262665
      vertex 20.820929820988265 -4.088388870860271 37.73406140943161
    endloop
  endfacet
  facet normal -3.019527582037761e-17 0.9990482214165338 0.04361939115187787
    outer loop
      vertex 5 -4.08439826220274 37.642661452293396
      vertex 20.8 -4.100000001490116 38
      vertex 20.805240532653684 -4.094176484214935 37.866619537262665
    endloop
  endfacet
  facet normal 0 0.9990482214165337 -0.04361939115187788
    outer loop
      vertex 5 -4.100000001490116 38
      vertex 20.805240532653684 -4.094176484214935 38.133380462737335
      vertex 20.8 -4.100000001490116 38
    endloop
  endfacet
  facet normal -3.0142158471912875e-17 0.9990482214165338 -0.04361939115187788
    outer loop
      vertex 5 -4.08439826220274 38.357338547706604
      vertex 20.820929820988265 -4.088388870860271 38.26593859056839
      vertex 20.805240532653684 -4.094176484214935 38.133380462737335
    endloop
  endfacet
  facet normal 0 0.9990482214165339 -0.04361939115187267
    outer loop
      vertex 5 -4.08439826220274 38.357338547706604
      vertex 20.83911040284103 -4.08439826220274 38.357338547706604
      vertex 20.820929820988265 -4.088388870860271 38.26593859056839
    endloop
  endfacet
  facet normal 0 0.9914448601598372 -0.13052620144109378
    outer loop
      vertex 5 -4.08439826220274 38.357338547706604
      vertex 20.84697113532395 -4.079195543275541 38.39685711855504
      vertex 20.83911040284103 -4.08439826220274 38.357338547706604
    endloop
  endfacet
  facet normal 6.048513861799182e-17 0.991444860159838 -0.13052620144108662
    outer loop
      vertex 5 -4.037711784243584 38.7119575291872
      vertex 20.88320392229824 -4.062281912422175 38.52532889043741
      vertex 20.84697113532395 -4.079195543275541 38.39685711855504
    endloop
  endfacet
  facet normal 2.2599191507769457e-17 0.9914448601598376 -0.13052620144108984
    outer loop
      vertex 5 -4.037711784243584 38.7119575291872
      vertex 20.929404794730814 -4.045794681302636 38.65056183502065
      vertex 20.88320392229824 -4.062281912422175 38.52532889043741
    endloop
  endfacet
  facet normal 0 0.9914448601598369 -0.13052620144109559
    outer loop
      vertex 5 -4.037711784243584 38.7119575291872
      vertex 20.95770859742024 -4.037711784243584 38.7119575291872
      vertex 20.929404794730814 -4.045794681302636 38.65056183502065
    endloop
  endfacet
  facet normal 0 0.9762960074827126 -0.2164396123017114
    outer loop
      vertex 5 -4.037711784243584 38.7119575291872
      vertex 20.985288908879774 -4.024448608437186 38.77178384955723
      vertex 20.95770859742024 -4.037711784243584 38.7119575291872
    endloop
  endfacet
  facet normal 0 0.9238795310891641 0.3826834357983977
    outer loop
      vertex 5 -3.852739743888378 36.59771741181612
      vertex 21.541104130475308 -3.852739743888378 36.59771741181612
      vertex 5 -3.715861923992634 36.26726512610912
    endloop
  endfacet
  facet normal 0 0.9537169517977071 0.300705796175747
    outer loop
      vertex 5 -3.9602958858013153 36.93884191662073
      vertex 21.173487388385244 -3.9602958858013153 36.93884191662073
      vertex 5 -3.852739743888378 36.59771741181612
    endloop
  endfacet
  facet normal -5.326693765100744e-17 0.9537169517977071 -0.30070579617574694
    outer loop
      vertex 5 -3.9602958858013153 39.06115808337927
      vertex 5 -3.852739743888378 39.40228258818388
      vertex 21.297918471982868 -3.915862894923067 39.20208152801713
    endloop
  endfacet
  facet normal -1.5076153583034886e-17 0.9238795310891641 -0.38268343579839764
    outer loop
      vertex 5 -3.852739743888378 39.40228258818388
      vertex 5 -3.715861923992634 39.73273487389088
      vertex 21.72821615044277 -3.8061703326853507 39.514711091120226
    endloop
  endfacet
  facet normal -3.427493780056551e-17 0.9537169517977058 0.3007057961757514
    outer loop
      vertex 5 -3.852739743888378 36.59771741181612
      vertex 21.297918471982868 -3.9158628949230683 36.79791847198287
      vertex 21.395938317838688 -3.887294109171259 36.707309858479945
    endloop
  endfacet
  facet normal -1.195758571898719e-16 0.9238795310891619 0.38268343579840297
    outer loop
      vertex 5 -3.715861923992634 36.26726512610912
      vertex 21.541104130475308 -3.852739743888378 36.59771741181612
      vertex 21.611752439982887 -3.8331865061591315 36.550511720598045
    endloop
  endfacet
  facet normal 9.47434145901894e-17 0.9238795310891663 0.3826834357983921
    outer loop
      vertex 5 -3.715861923992634 36.26726512610912
      vertex 21.611752439982887 -3.8331865061591315 36.550511720598045
      vertex 21.72821615044277 -3.806170332685351 36.485288908879774
    endloop
  endfacet
  facet normal -2.7676293563256577e-16 0.9238795310891563 0.3826834357984163
    outer loop
      vertex 5 -3.715861923992634 36.26726512610912
      vertex 21.72821615044277 -3.806170332685351 36.485288908879774
      vertex 21.849438164979347 -3.7830223744403373 36.429404794730814
    endloop
  endfacet
  facet normal 0 0.9537169517977053 0.3007057961757529
    outer loop
      vertex 5 -3.852739743888378 36.59771741181612
      vertex 21.500765071102794 -3.861238212040229 36.62467110956259
      vertex 21.541104130475308 -3.852739743888378 36.59771741181612
    endloop
  endfacet
  facet normal 1.4756304821071033e-17 0.9537169517977079 0.3007057961757447
    outer loop
      vertex 5 -3.852739743888378 36.59771741181612
      vertex 21.395938317838688 -3.887294109171259 36.707309858479945
      vertex 21.500765071102794 -3.861238212040229 36.62467110956259
    endloop
  endfacet
  facet normal -4.6905158019770347e-17 0.9537169517977064 0.3007057961757492
    outer loop
      vertex 5 -3.852739743888378 36.59771741181612
      vertex 21.173487388385244 -3.9602958858013153 36.93884191662073
      vertex 21.20730985847995 -3.9467684332314077 36.895938317838684
    endloop
  endfacet
  facet normal 8.806399804742621e-17 0.9537169517977085 0.3007057961757424
    outer loop
      vertex 5 -3.852739743888378 36.59771741181612
      vertex 21.20730985847995 -3.9467684332314077 36.895938317838684
      vertex 21.297918471982868 -3.9158628949230683 36.79791847198287
    endloop
  endfacet
  facet normal 2.6429710846239873e-17 0.9762960074827137 0.21643961230170633
    outer loop
      vertex 5 -3.9602958858013153 36.93884191662073
      vertex 21.050511720598042 -3.9986292256414386 37.11175243998289
      vertex 21.12467110956259 -3.974023918535112 37.0007650711028
    endloop
  endfacet
  facet normal 0 0.9762960074827124 0.2164396123017129
    outer loop
      vertex 5 -3.9602958858013153 36.93884191662073
      vertex 21.12467110956259 -3.974023918535112 37.0007650711028
      vertex 21.173487388385244 -3.9602958858013153 36.93884191662073
    endloop
  endfacet
  facet normal -9.365982190073435e-17 0.9762960074827114 0.21643961230171702
    outer loop
      vertex 5 -3.9602958858013153 36.93884191662073
      vertex 20.985288908879774 -4.024448608437186 37.22821615044277
      vertex 21.050511720598042 -3.9986292256414386 37.11175243998289
    endloop
  endfacet
  facet normal 1.8459288644769863e-16 0.9238795310891733 0.38268343579837544
    outer loop
      vertex 5 -3.715861923992634 36.26726512610912
      vertex 21.849438164979347 -3.7830223744403373 36.429404794730814
      vertex 21.97467110956259 -3.763885346284147 36.383203922298236
    endloop
  endfacet
  facet normal -2.3533793382957964e-17 0.9238795310891625 0.3826834357984015
    outer loop
      vertex 5 -3.715861923992634 36.26726512610912
      vertex 21.97467110956259 -3.763885346284147 36.383203922298236
      vertex 22.10314288144496 -3.7488772343590715 36.34697113532395
    endloop
  endfacet
  facet normal 3.735751729529133e-17 0.9238795310891671 0.3826834357983903
    outer loop
      vertex 5 -3.715861923992634 36.26726512610912
      vertex 22.10314288144496 -3.7488772343590715 36.34697113532395
      vertex 22.234061409431607 -3.7380905686658346 36.32092982098827
    endloop
  endfacet
  facet normal 3.5373878612135365e-17 0.9238795310891669 0.382683435798391
    outer loop
      vertex 5 -3.715861923992634 36.26726512610912
      vertex 22.234061409431607 -3.7380905686658346 36.32092982098827
      vertex 22.366619537262665 -3.73159185258536 36.305240532653684
    endloop
  endfacet
  facet normal 0 0.8870108380335038 0.46174860390812367
    outer loop
      vertex 5 -3.715861923992634 36.26726512610912
      vertex 40 -3.715861923992634 36.26726512610912
      vertex 5 -3.5507041588425636 35.95000000298023
    endloop
  endfacet
  facet normal -1.2094025800060756e-16 0.9238795310891416 0.3826834357984518
    outer loop
      vertex 5 -3.715861923992634 36.26726512610912
      vertex 22.366619537262665 -3.73159185258536 36.305240532653684
      vertex 22.5 -3.729421152863327 36.3
    endloop
  endfacet
  facet normal 3.962530926569537e-17 0.976296007482713 -0.21643961230171
    outer loop
      vertex 5 -3.9602958858013153 39.06115808337927
      vertex 21.050511720598042 -3.9986292256414395 38.88824756001711
      vertex 20.985288908879774 -4.024448608437186 38.77178384955723
    endloop
  endfacet
  facet normal -4.5308075736411095e-17 0.9762960074827113 -0.2164396123017175
    outer loop
      vertex 5 -3.9602958858013153 39.06115808337927
      vertex 21.12467110956259 -3.9740239185351114 38.9992349288972
      vertex 21.050511720598042 -3.9986292256414395 38.88824756001711
    endloop
  endfacet
  facet normal 0 0.9762960074827138 -0.21643961230170625
    outer loop
      vertex 5 -3.9602958858013153 39.06115808337927
      vertex 21.17348738838524 -3.9602958858013153 39.06115808337927
      vertex 21.12467110956259 -3.9740239185351114 38.9992349288972
    endloop
  endfacet
  facet normal 0 0.9537169517977064 -0.30070579617574933
    outer loop
      vertex 5 -3.9602958858013153 39.06115808337927
      vertex 21.20730985847995 -3.9467684332314077 39.104061682161316
      vertex 21.17348738838524 -3.9602958858013153 39.06115808337927
    endloop
  endfacet
  facet normal 1.370213212580404e-17 0.953716951797705 -0.30070579617575405
    outer loop
      vertex 5 -3.9602958858013153 39.06115808337927
      vertex 21.297918471982868 -3.915862894923067 39.20208152801713
      vertex 21.20730985847995 -3.9467684332314077 39.104061682161316
    endloop
  endfacet
  facet normal 5.85990872074187e-17 0.9537169517977098 -0.3007057961757388
    outer loop
      vertex 5 -3.852739743888378 39.40228258818388
      vertex 21.395938317838688 -3.887294109171259 39.292690141520055
      vertex 21.297918471982868 -3.915862894923067 39.20208152801713
    endloop
  endfacet
  facet normal -1.9221032946420706e-17 0.9537169517977065 -0.30070579617574933
    outer loop
      vertex 5 -3.852739743888378 39.40228258818388
      vertex 21.500765071102794 -3.8612382120402287 39.37532889043741
      vertex 21.395938317838688 -3.887294109171259 39.292690141520055
    endloop
  endfacet
  facet normal 0 0.9537169517977099 -0.3007057961757386
    outer loop
      vertex 5 -3.852739743888378 39.40228258818388
      vertex 21.541104130475308 -3.852739743888378 39.40228258818388
      vertex 21.500765071102794 -3.8612382120402287 39.37532889043741
    endloop
  endfacet
  facet normal 0 0.9238795310891681 -0.38268343579838787
    outer loop
      vertex 5 -3.852739743888378 39.40228258818388
      vertex 21.611752439982887 -3.8331865061591324 39.449488279401955
      vertex 21.541104130475308 -3.852739743888378 39.40228258818388
    endloop
  endfacet
  facet normal 6.72757482428238e-17 0.9238795310891597 -0.3826834357984081
    outer loop
      vertex 5 -3.852739743888378 39.40228258818388
      vertex 21.72821615044277 -3.8061703326853507 39.514711091120226
      vertex 21.611752439982887 -3.8331865061591324 39.449488279401955
    endloop
  endfacet
  facet normal 2.567559764302158e-16 0.9238795310891715 -0.3826834357983799
    outer loop
      vertex 5 -3.715861923992634 39.73273487389088
      vertex 21.849438164979347 -3.7830223744403395 39.570595205269186
      vertex 21.72821615044277 -3.8061703326853507 39.514711091120226
    endloop
  endfacet
  facet normal -1.133641096119e-16 0.9238795310891579 -0.3826834357984127
    outer loop
      vertex 5 -3.715861923992634 39.73273487389088
      vertex 21.97467110956259 -3.763885346284147 39.616796077701764
      vertex 21.849438164979347 -3.7830223744403395 39.570595205269186
    endloop
  endfacet
  facet normal -2.3533793382957964e-17 0.9238795310891625 -0.3826834357984015
    outer loop
      vertex 5 -3.715861923992634 39.73273487389088
      vertex 22.10314288144496 -3.7488772343590715 39.65302886467605
      vertex 21.97467110956259 -3.763885346284147 39.616796077701764
    endloop
  endfacet
  facet normal 3.735751729529133e-17 0.9238795310891671 -0.3826834357983903
    outer loop
      vertex 5 -3.715861923992634 39.73273487389088
      vertex 22.234061409431607 -3.7380905686658346 39.67907017901173
      vertex 22.10314288144496 -3.7488772343590715 39.65302886467605
    endloop
  endfacet
  facet normal -4.403686929265788e-17 0.9238795310891579 -0.38268343579841274
    outer loop
      vertex 5 -3.715861923992634 39.73273487389088
      vertex 22.366619537262665 -3.7315918525853595 39.694759467346316
      vertex 22.234061409431607 -3.7380905686658346 39.67907017901173
    endloop
  endfacet
  facet normal 1.8141038700092165e-16 0.9238795310891943 -0.3826834357983247
    outer loop
      vertex 5 -3.715861923992634 39.73273487389088
      vertex 22.5 -3.7294211528633276 39.7
      vertex 22.366619537262665 -3.7315918525853595 39.694759467346316
    endloop
  endfacet
  facet normal 0 0.8870108380335038 -0.46174860390812367
    outer loop
      vertex 5 -3.715861923992634 39.73273487389088
      vertex 5 -3.5507041588425636 40.04999999701977
      vertex 40 -3.5507041588425636 40.04999999701977
    endloop
  endfacet
  facet normal 0 0.8433914461430153 -0.537299607828624
    outer loop
      vertex 5 -3.5507041588425636 40.04999999701977
      vertex 5 -3.3585233837366104 40.35166338831186
      vertex 40 -3.3585233837366104 40.35166338831186
    endloop
  endfacet
  facet normal 0 0.7933533315349184 -0.6087614404201745
    outer loop
      vertex 5 -3.3585233837366104 40.35166338831186
      vertex 5 -3.1407822147011757 40.635429196059704
      vertex 40 -3.1407822147011757 40.635429196059704
    endloop
  endfacet
  facet normal 0 0.7372773431984206 -0.6755902006440578
    outer loop
      vertex 5 -3.1407822147011757 40.635429196059704
      vertex 5 -2.8991378024220467 40.89913780242205
      vertex 40 -2.8991378024220467 40.89913780242205
    endloop
  endfacet
  facet normal 0 0.7071067811865476 -0.7071067811865476
    outer loop
      vertex 5 -2.8991378024220467 40.89913780242205
      vertex 5 0 43.79827560484409
      vertex 40 0 43.79827560484409
    endloop
  endfacet
  facet normal 0 0.8433914461430153 0.537299607828624
    outer loop
      vertex 5 -3.3585233837366104 35.64833661168814
      vertex 40 -3.5507041588425636 35.95000000298023
      vertex 40 -3.3585233837366104 35.64833661168814
    endloop
  endfacet
  facet normal 0 0.7933533315349184 0.6087614404201745
    outer loop
      vertex 5 -3.1407822147011757 35.364570803940296
      vertex 40 -3.3585233837366104 35.64833661168814
      vertex 40 -3.1407822147011757 35.364570803940296
    endloop
  endfacet
  facet normal 0 0.7372773431984206 0.6755902006440578
    outer loop
      vertex 5 -2.8991378024220467 35.10086219757795
      vertex 40 -3.1407822147011757 35.364570803940296
      vertex 40 -2.8991378024220467 35.10086219757795
    endloop
  endfacet
  facet normal 0 0.6755902006440578 0.7372773431984206
    outer loop
      vertex 5 -2.635429196059704 34.859217785298824
      vertex 40 -2.8991378024220467 35.10086219757795
      vertex 40 -2.635429196059704 34.859217785298824
    endloop
  endfacet
  facet normal 0 0.6087614404201745 0.7933533315349184
    outer loop
      vertex 5 -2.351663388311863 34.64147661626339
      vertex 40 -2.635429196059704 34.859217785298824
      vertex 40 -2.351663388311863 34.64147661626339
    endloop
  endfacet
  facet normal 0 0.537299607828624 0.8433914461430153
    outer loop
      vertex 5 -2.0499999970197678 34.449295841157436
      vertex 40 -2.351663388311863 34.64147661626339
      vertex 40 -2.0499999970197678 34.449295841157436
    endloop
  endfacet
  facet normal 0 0.46174860390812367 0.8870108380335038
    outer loop
      vertex 5 -1.7327348738908768 34.284138076007366
      vertex 40 -2.0499999970197678 34.449295841157436
      vertex 40 -1.7327348738908768 34.284138076007366
    endloop
  endfacet
  facet normal 0 0.38268343579839764 0.923879531089164
    outer loop
      vertex 5 -1.4022825881838799 34.14726025611162
      vertex 40 -1.7327348738908768 34.284138076007366
      vertex 40 -1.4022825881838799 34.14726025611162
    endloop
  endfacet
  facet normal 0 0.300705796175747 0.9537169517977071
    outer loop
      vertex 5 -1.0611580833792686 34.039704114198685
      vertex 40 -1.4022825881838799 34.14726025611162
      vertex 40 -1.0611580833792686 34.039704114198685
    endloop
  endfacet
  facet normal 0 0.21643961230171194 0.9762960074827125
    outer loop
      vertex 5 -0.7119575291872025 33.962288215756416
      vertex 40 -1.0611580833792686 34.039704114198685
      vertex 40 -0.7119575291872025 33.962288215756416
    endloop
  endfacet
  facet normal 0 0.13052620144109012 0.9914448601598376
    outer loop
      vertex 5 -0.357338547706604 33.91560173779726
      vertex 40 -0.7119575291872025 33.962288215756416
      vertex 40 -0.357338547706604 33.91560173779726
    endloop
  endfacet
  facet normal 0 0.04361939115187654 0.9990482214165338
    outer loop
      vertex 5 0 33.899999998509884
      vertex 40 -0.357338547706604 33.91560173779726
      vertex 40 0 33.899999998509884
    endloop
  endfacet
  facet normal -1.0918253707336826e-16 0.9762960074827112 0.21643961230171754
    outer loop
      vertex 23.949488279401958 -3.99862922564144 37.11175243998289
      vertex 40 -4.037711784243584 37.2880424708128
      vertex 23.87532889043741 -3.974023918535112 37.0007650711028
    endloop
  endfacet
  facet normal 1.959974094202099e-17 0.9762960074827138 0.21643961230170636
    outer loop
      vertex 23.949488279401958 -3.99862922564144 37.11175243998289
      vertex 24.014711091120226 -4.024448608437186 37.22821615044277
      vertex 40 -4.037711784243584 37.2880424708128
    endloop
  endfacet
  facet normal 0 0.9914448601598369 0.13052620144109559
    outer loop
      vertex 24.070595205269186 -4.045794681302636 37.34943816497935
      vertex 40 -4.037711784243584 37.2880424708128
      vertex 24.04229140257976 -4.037711784243584 37.2880424708128
    endloop
  endfacet
  facet normal 0 0.9762960074827126 0.21643961230171138
    outer loop
      vertex 24.014711091120226 -4.024448608437186 37.22821615044277
      vertex 24.04229140257976 -4.037711784243584 37.2880424708128
      vertex 40 -4.037711784243584 37.2880424708128
    endloop
  endfacet
  facet normal -1.627576026749423e-17 0.9914448601598377 0.13052620144108984
    outer loop
      vertex 24.11679607770176 -4.062281912422175 37.47467110956259
      vertex 40 -4.08439826220274 37.642661452293396
      vertex 24.070595205269186 -4.045794681302636 37.34943816497935
    endloop
  endfacet
  facet normal 1.7964259819384974e-17 0.991444860159838 0.13052620144108662
    outer loop
      vertex 24.11679607770176 -4.062281912422175 37.47467110956259
      vertex 24.15302886467605 -4.079195543275541 37.60314288144496
      vertex 40 -4.08439826220274 37.642661452293396
    endloop
  endfacet
  facet normal 0 0.9914448601598372 0.13052620144109378
    outer loop
      vertex 24.16088959715897 -4.08439826220274 37.642661452293396
      vertex 40 -4.08439826220274 37.642661452293396
      vertex 24.15302886467605 -4.079195543275541 37.60314288144496
    endloop
  endfacet
  facet normal 0 0.9990482214165339 0.04361939115187267
    outer loop
      vertex 24.16088959715897 -4.08439826220274 37.642661452293396
      vertex 24.179070179011735 -4.088388870860271 37.73406140943161
      vertex 40 -4.08439826220274 37.642661452293396
    endloop
  endfacet
  facet normal 0 0.9990482214165337 0.043619391151877886
    outer loop
      vertex 24.179070179011735 -4.088388870860271 37.73406140943161
      vertex 24.194759467346316 -4.094176484214935 37.866619537262665
      vertex 40 -4.100000001490116 38
    endloop
  endfacet
  facet normal 0 0.9990482214165337 0.04361939115187788
    outer loop
      vertex 24.194759467346316 -4.094176484214935 37.866619537262665
      vertex 24.2 -4.100000001490116 38
      vertex 40 -4.100000001490116 38
    endloop
  endfacet
  facet normal 3.0195275820377615e-17 0.9990482214165338 -0.04361939115187788
    outer loop
      vertex 24.2 -4.100000001490116 38
      vertex 24.194759467346316 -4.094176484214935 38.133380462737335
      vertex 40 -4.08439826220274 38.357338547706604
    endloop
  endfacet
  facet normal 0 0.9914448601598369 -0.13052620144109559
    outer loop
      vertex 24.070595205269186 -4.045794681302636 38.65056183502065
      vertex 24.04229140257976 -4.037711784243584 38.7119575291872
      vertex 40 -4.037711784243584 38.7119575291872
    endloop
  endfacet
  facet normal -1.1854778557443944e-17 0.9762960074827126 -0.21643961230171138
    outer loop
      vertex 24.014711091120226 -4.024448608437186 38.77178384955723
      vertex 40 -3.9602958858013153 39.06115808337927
      vertex 24.04229140257976 -4.037711784243584 38.7119575291872
    endloop
  endfacet
  facet normal 0 0.9990482214165339 -0.04361939115187267
    outer loop
      vertex 24.179070179011735 -4.088388870860271 38.26593859056839
      vertex 24.160889597158974 -4.08439826220274 38.357338547706604
      vertex 40 -4.08439826220274 38.357338547706604
    endloop
  endfacet
  facet normal 3.014215847191287e-17 0.9990482214165338 -0.04361939115187787
    outer loop
      vertex 24.194759467346316 -4.094176484214935 38.133380462737335
      vertex 24.179070179011735 -4.088388870860271 38.26593859056839
      vertex 40 -4.08439826220274 38.357338547706604
    endloop
  endfacet
  facet normal 8.274892972892556e-17 0.9914448601598371 -0.13052620144109375
    outer loop
      vertex 24.160889597158974 -4.08439826220274 38.357338547706604
      vertex 24.15302886467605 -4.079195543275541 38.39685711855504
      vertex 40 -4.037711784243584 38.7119575291872
    endloop
  endfacet
  facet normal -6.048513861799183e-17 0.991444860159838 -0.13052620144108668
    outer loop
      vertex 24.15302886467605 -4.079195543275541 38.39685711855504
      vertex 24.11679607770176 -4.062281912422175 38.52532889043741
      vertex 40 -4.037711784243584 38.7119575291872
    endloop
  endfacet
  facet normal -2.2599191507769457e-17 0.9914448601598376 -0.13052620144108984
    outer loop
      vertex 24.11679607770176 -4.062281912422175 38.52532889043741
      vertex 24.070595205269186 -4.045794681302636 38.65056183502065
      vertex 40 -4.037711784243584 38.7119575291872
    endloop
  endfacet
  facet normal 0 0.9238795310891643 0.3826834357983967
    outer loop
      vertex 5 -3.715861923992634 36.26726512610912
      vertex 22.5 -3.729421152863327 36.3
      vertex 40 -3.715861923992634 36.26726512610912
    endloop
  endfacet
  facet normal 0 0.9238795310891601 -0.3826834357984074
    outer loop
      vertex 5 -3.715861923992634 39.73273487389088
      vertex 40 -3.715861923992634 39.73273487389088
      vertex 22.5 -3.7294211528633276 39.7
    endloop
  endfacet
  facet normal 3.602192580406458e-16 0.9238795310891715 0.38268343579837966
    outer loop
      vertex 22.633380462737335 -3.7315918525853595 36.305240532653684
      vertex 40 -3.852739743888378 36.59771741181612
      vertex 22.5 -3.729421152863327 36.3
    endloop
  endfacet
  facet normal -3.4632097756519984e-16 0.9238795310891567 0.38268343579841557
    outer loop
      vertex 22.633380462737335 -3.7315918525853595 36.305240532653684
      vertex 22.765938590568393 -3.7380905686658346 36.32092982098827
      vertex 40 -3.852739743888378 36.59771741181612
    endloop
  endfacet
  facet normal -1.340221372346139e-16 0.9238795310891613 0.3826834357984042
    outer loop
      vertex 22.765938590568393 -3.7380905686658346 36.32092982098827
      vertex 22.89685711855504 -3.748877234359072 36.34697113532395
      vertex 40 -3.852739743888378 36.59771741181612
    endloop
  endfacet
  facet normal -9.275362761293121e-17 0.9238795310891623 0.3826834357984019
    outer loop
      vertex 22.89685711855504 -3.748877234359072 36.34697113532395
      vertex 23.02532889043741 -3.7638853462841473 36.383203922298236
      vertex 40 -3.852739743888378 36.59771741181612
    endloop
  endfacet
  facet normal 3.1423746252233163e-16 0.9238795310891738 0.3826834357983744
    outer loop
      vertex 23.02532889043741 -3.7638853462841473 36.383203922298236
      vertex 23.150561835020653 -3.7830223744403377 36.429404794730814
      vertex 40 -3.852739743888378 36.59771741181612
    endloop
  endfacet
  facet normal 0 0.8870108380335038 0.46174860390812367
    outer loop
      vertex 5 -3.5507041588425636 35.95000000298023
      vertex 40 -3.715861923992634 36.26726512610912
      vertex 40 -3.5507041588425636 35.95000000298023
    endloop
  endfacet
  facet normal -1.1351838026369938e-16 0.9238795310891585 0.3826834357984109
    outer loop
      vertex 23.150561835020653 -3.7830223744403377 36.429404794730814
      vertex 23.27178384955723 -3.806170332685351 36.485288908879774
      vertex 40 -3.852739743888378 36.59771741181612
    endloop
  endfacet
  facet normal 3.605385403068485e-17 0.9238795310891665 0.3826834357983919
    outer loop
      vertex 23.388247560017113 -3.8331865061591315 36.550511720598045
      vertex 40 -3.852739743888378 36.59771741181612
      vertex 23.27178384955723 -3.806170332685351 36.485288908879774
    endloop
  endfacet
  facet normal 0 0.923879531089162 0.3826834357984027
    outer loop
      vertex 23.388247560017113 -3.8331865061591315 36.550511720598045
      vertex 23.458895869524692 -3.852739743888378 36.59771741181612
      vertex 40 -3.852739743888378 36.59771741181612
    endloop
  endfacet
  facet normal 0 0.9537169517977053 0.3007057961757529
    outer loop
      vertex 23.499234928897206 -3.861238212040229 36.62467110956259
      vertex 40 -3.852739743888378 36.59771741181612
      vertex 23.458895869524692 -3.852739743888378 36.59771741181612
    endloop
  endfacet
  facet normal 1.3925080558749444e-16 0.9537169517977095 0.30070579617573984
    outer loop
      vertex 23.499234928897206 -3.861238212040229 36.62467110956259
      vertex 23.604061682161312 -3.8872941091712585 36.707309858479945
      vertex 40 -3.9602958858013153 36.93884191662073
    endloop
  endfacet
  facet normal 2.087943942979671e-17 0.9537169517977087 0.30070579617574217
    outer loop
      vertex 23.702081528017132 -3.9158628949230683 36.79791847198287
      vertex 23.79269014152005 -3.9467684332314077 36.895938317838684
      vertex 40 -3.9602958858013153 36.93884191662073
    endloop
  endfacet
  facet normal 0 0.9537169517977064 0.30070579617574933
    outer loop
      vertex 23.82651261161476 -3.9602958858013153 36.93884191662073
      vertex 40 -3.9602958858013153 36.93884191662073
      vertex 23.79269014152005 -3.9467684332314077 36.895938317838684
    endloop
  endfacet
  facet normal -1.080022982032946e-16 0.9537169517977045 0.3007057961757559
    outer loop
      vertex 23.702081528017132 -3.9158628949230683 36.79791847198287
      vertex 40 -3.9602958858013153 36.93884191662073
      vertex 23.604061682161312 -3.8872941091712585 36.707309858479945
    endloop
  endfacet
  facet normal 0 0.9762960074827124 0.2164396123017129
    outer loop
      vertex 23.82651261161476 -3.9602958858013153 36.93884191662073
      vertex 23.87532889043741 -3.974023918535112 37.0007650711028
      vertex 40 -3.9602958858013153 36.93884191662073
    endloop
  endfacet
  facet normal -2.595775172398559e-17 0.9762960074827137 -0.21643961230170636
    outer loop
      vertex 23.949488279401958 -3.9986292256414386 38.88824756001711
      vertex 23.87532889043741 -3.974023918535112 38.9992349288972
      vertex 40 -3.9602958858013153 39.06115808337927
    endloop
  endfacet
  facet normal 9.365982190073434e-17 0.9762960074827114 -0.21643961230171696
    outer loop
      vertex 24.014711091120226 -4.024448608437186 38.77178384955723
      vertex 23.949488279401958 -3.9986292256414386 38.88824756001711
      vertex 40 -3.9602958858013153 39.06115808337927
    endloop
  endfacet
  facet normal 2.2020727486559258e-16 0.9238795310891548 -0.3826834357984201
    outer loop
      vertex 23.02532889043741 -3.763885346284146 39.616796077701764
      vertex 40 -3.715861923992634 39.73273487389088
      vertex 23.150561835020653 -3.783022374440339 39.570595205269186
    endloop
  endfacet
  facet normal -1.8141038700092158e-16 0.9238795310891943 -0.3826834357983245
    outer loop
      vertex 22.633380462737335 -3.7315918525853595 39.694759467346316
      vertex 22.5 -3.7294211528633276 39.7
      vertex 40 -3.715861923992634 39.73273487389088
    endloop
  endfacet
  facet normal -1.191161218571905e-17 0.9238795310891669 -0.38268343579839076
    outer loop
      vertex 22.633380462737335 -3.7315918525853595 39.694759467346316
      vertex 40 -3.715861923992634 39.73273487389088
      vertex 22.765938590568393 -3.738090568665834 39.67907017901173
    endloop
  endfacet
  facet normal -1.3844256409431496e-17 0.9238795310891671 -0.38268343579839026
    outer loop
      vertex 22.765938590568393 -3.738090568665834 39.67907017901173
      vertex 40 -3.715861923992634 39.73273487389088
      vertex 22.89685711855504 -3.748877234359071 39.65302886467605
    endloop
  endfacet
  facet normal -4.77036352357258e-18 0.9238795310891664 -0.3826834357983919
    outer loop
      vertex 22.89685711855504 -3.748877234359071 39.65302886467605
      vertex 40 -3.715861923992634 39.73273487389088
      vertex 23.02532889043741 -3.763885346284146 39.616796077701764
    endloop
  endfacet
  facet normal 0 0.8870108380335038 -0.46174860390812367
    outer loop
      vertex 5 -3.715861923992634 39.73273487389088
      vertex 40 -3.5507041588425636 40.04999999701977
      vertex 40 -3.715861923992634 39.73273487389088
    endloop
  endfacet
  facet normal 0 0.8433914461430153 -0.537299607828624
    outer loop
      vertex 5 -3.5507041588425636 40.04999999701977
      vertex 40 -3.3585233837366104 40.35166338831186
      vertex 40 -3.5507041588425636 40.04999999701977
    endloop
  endfacet
  facet normal 0 0.7933533315349184 -0.6087614404201745
    outer loop
      vertex 5 -3.3585233837366104 40.35166338831186
      vertex 40 -3.1407822147011757 40.635429196059704
      vertex 40 -3.3585233837366104 40.35166338831186
    endloop
  endfacet
  facet normal 2.7620775690722623e-17 0.9537169517977049 -0.300705796175754
    outer loop
      vertex 23.499234928897206 -3.8612382120402287 39.37532889043741
      vertex 40 -3.852739743888378 39.40228258818388
      vertex 23.604061682161312 -3.8872941091712594 39.292690141520055
    endloop
  endfacet
  facet normal 0 0.9762960074827124 -0.2164396123017129
    outer loop
      vertex 23.826512611614756 -3.9602958858013153 39.06115808337927
      vertex 40 -3.9602958858013153 39.06115808337927
      vertex 23.87532889043741 -3.974023918535112 38.9992349288972
    endloop
  endfacet
  facet normal -1.5244176356425414e-16 0.9537169517977092 -0.3007057961757405
    outer loop
      vertex 23.826512611614756 -3.9602958858013153 39.06115808337927
      vertex 23.79269014152005 -3.946768433231408 39.104061682161316
      vertex 40 -3.852739743888378 39.40228258818388
    endloop
  endfacet
  facet normal 1.203199973322388e-16 0.953716951797705 -0.30070579617575394
    outer loop
      vertex 23.702081528017132 -3.9158628949230674 39.20208152801713
      vertex 40 -3.852739743888378 39.40228258818388
      vertex 23.79269014152005 -3.946768433231408 39.104061682161316
    endloop
  endfacet
  facet normal -8.40288797691287e-17 0.9537169517977098 -0.3007057961757388
    outer loop
      vertex 23.702081528017132 -3.9158628949230674 39.20208152801713
      vertex 23.604061682161312 -3.8872941091712594 39.292690141520055
      vertex 40 -3.852739743888378 39.40228258818388
    endloop
  endfacet
  facet normal 0 0.9537169517977099 -0.3007057961757386
    outer loop
      vertex 23.499234928897206 -3.8612382120402287 39.37532889043741
      vertex 23.458895869524692 -3.852739743888378 39.40228258818388
      vertex 40 -3.852739743888378 39.40228258818388
    endloop
  endfacet
  facet normal -5.4805601212024766e-17 0.923879531089165 -0.3826834357983953
    outer loop
      vertex 23.388247560017113 -3.833186506159132 39.449488279401955
      vertex 40 -3.715861923992634 39.73273487389088
      vertex 23.458895869524692 -3.852739743888378 39.40228258818388
    endloop
  endfacet
  facet normal -1.6464060176937494e-16 0.923879531089169 -0.382683435798386
    outer loop
      vertex 23.150561835020653 -3.783022374440339 39.570595205269186
      vertex 40 -3.715861923992634 39.73273487389088
      vertex 23.27178384955723 -3.8061703326853507 39.514711091120226
    endloop
  endfacet
  facet normal 8.900138946351083e-17 0.923879531089162 -0.3826834357984026
    outer loop
      vertex 23.388247560017113 -3.833186506159132 39.449488279401955
      vertex 23.27178384955723 -3.8061703326853507 39.514711091120226
      vertex 40 -3.715861923992634 39.73273487389088
    endloop
  endfacet
  facet normal 0 0.7372773431984206 -0.6755902006440578
    outer loop
      vertex 5 -3.1407822147011757 40.635429196059704
      vertex 40 -2.8991378024220467 40.89913780242205
      vertex 40 -3.1407822147011757 40.635429196059704
    endloop
  endfacet
  facet normal 0 0.7071067811865476 -0.7071067811865476
    outer loop
      vertex 5 -2.8991378024220467 40.89913780242205
      vertex 40 0 43.79827560484409
      vertex 40 -2.8991378024220467 40.89913780242205
    endloop
  endfacet
  facet normal -2.1464778524302326e-17 0.9914448601598377 0.13052620144109014
    outer loop
      vertex 24.070595205269186 -4.045794681302636 37.34943816497935
      vertex 40 -4.08439826220274 37.642661452293396
      vertex 40 -4.037711784243584 37.2880424708128
    endloop
  endfacet
  facet normal 2.245496920122561e-17 0.9990482214165338 0.04361939115187654
    outer loop
      vertex 24.179070179011735 -4.088388870860271 37.73406140943161
      vertex 40 -4.100000001490116 38
      vertex 40 -4.08439826220274 37.642661452293396
    endloop
  endfacet
  facet normal 0 0.9990482214165337 -0.04361939115187654
    outer loop
      vertex 24.2 -4.100000001490116 38
      vertex 40 -4.08439826220274 38.357338547706604
      vertex 40 -4.100000001490116 38
    endloop
  endfacet
  facet normal 0 0.9914448601598376 -0.1305262014410901
    outer loop
      vertex 24.160889597158974 -4.08439826220274 38.357338547706604
      vertex 40 -4.037711784243584 38.7119575291872
      vertex 40 -4.08439826220274 38.357338547706604
    endloop
  endfacet
  facet normal 0 0.9762960074827125 -0.2164396123017119
    outer loop
      vertex 24.04229140257976 -4.037711784243584 38.7119575291872
      vertex 40 -3.9602958858013153 39.06115808337927
      vertex 40 -4.037711784243584 38.7119575291872
    endloop
  endfacet
  facet normal 2.0785479878099984e-18 0.923879531089164 0.38268343579839764
    outer loop
      vertex 22.5 -3.729421152863327 36.3
      vertex 40 -3.852739743888378 36.59771741181612
      vertex 40 -3.715861923992634 36.26726512610912
    endloop
  endfacet
  facet normal -1.0581208187833023e-17 0.9537169517977072 0.300705796175747
    outer loop
      vertex 23.499234928897206 -3.861238212040229 36.62467110956259
      vertex 40 -3.9602958858013153 36.93884191662073
      vertex 40 -3.852739743888378 36.59771741181612
    endloop
  endfacet
  facet normal -3.91011321154984e-18 0.9762960074827124 0.21643961230171194
    outer loop
      vertex 23.87532889043741 -3.974023918535112 37.0007650711028
      vertex 40 -4.037711784243584 37.2880424708128
      vertex 40 -3.9602958858013153 36.93884191662073
    endloop
  endfacet
  facet normal 0 0.9537169517977071 -0.300705796175747
    outer loop
      vertex 23.826512611614756 -3.9602958858013153 39.06115808337927
      vertex 40 -3.852739743888378 39.40228258818388
      vertex 40 -3.9602958858013153 39.06115808337927
    endloop
  endfacet
  facet normal 0 0.9238795310891641 -0.3826834357983977
    outer loop
      vertex 23.458895869524692 -3.852739743888378 39.40228258818388
      vertex 40 -3.715861923992634 39.73273487389088
      vertex 40 -3.852739743888378 39.40228258818388
    endloop
  endfacet
  facet normal 1 0 0
    outer loop
      vertex 5 -0.357338547706604 33.91560173779726
      vertex 5 0 33.899999998509884
      vertex 5 0.7119575291872025 33.962288215756416
    endloop
  endfacet
  facet normal 1 0 0
    outer loop
      vertex 5 0 33.899999998509884
      vertex 5 0.357338547706604 33.91560173779726
      vertex 5 0.7119575291872025 33.962288215756416
    endloop
  endfacet
  facet normal 1 0 0
    outer loop
      vertex 5 -0.357338547706604 33.91560173779726
      vertex 5 0.7119575291872025 33.962288215756416
      vertex 5 1.0611580833792686 34.039704114198685
    endloop
  endfacet
  facet normal 1 0 0
    outer loop
      vertex 5 -0.7119575291872025 33.962288215756416
      vertex 5 1.0611580833792686 34.039704114198685
      vertex 5 1.4022825881838799 34.14726025611162
    endloop
  endfacet
  facet normal 1 0 0
    outer loop
      vertex 5 -1.0611580833792686 34.039704114198685
      vertex 5 1.4022825881838799 34.14726025611162
      vertex 5 1.7327348738908768 34.284138076007366
    endloop
  endfacet
  facet normal 1 0 0
    outer loop
      vertex 5 -1.4022825881838799 34.14726025611162
      vertex 5 1.7327348738908768 34.284138076007366
      vertex 5 2.0499999970197678 34.449295841157436
    endloop
  endfacet
  facet normal 1 0 0
    outer loop
      vertex 5 -1.7327348738908768 34.284138076007366
      vertex 5 2.0499999970197678 34.449295841157436
      vertex 5 2.351663388311863 34.64147661626339
    endloop
  endfacet
  facet normal 1 0 0
    outer loop
      vertex 5 -2.0499999970197678 34.449295841157436
      vertex 5 2.351663388311863 34.64147661626339
      vertex 5 2.635429196059704 34.859217785298824
    endloop
  endfacet
  facet normal 1 0 0
    outer loop
      vertex 5 -2.351663388311863 34.64147661626339
      vertex 5 2.635429196059704 34.859217785298824
      vertex 5 2.8991378024220467 35.10086219757795
    endloop
  endfacet
  facet normal 1 0 0
    outer loop
      vertex 5 -2.635429196059704 34.859217785298824
      vertex 5 2.8991378024220467 35.10086219757795
      vertex 5 3.1407822147011757 35.364570803940296
    endloop
  endfacet
  facet normal 1 0 0
    outer loop
      vertex 5 -2.8991378024220467 35.10086219757795
      vertex 5 3.1407822147011757 35.364570803940296
      vertex 5 3.3585233837366104 35.64833661168814
    endloop
  endfacet
  facet normal 1 0 0
    outer loop
      vertex 5 -3.1407822147011757 35.364570803940296
      vertex 5 3.3585233837366104 35.64833661168814
      vertex 5 3.5507041588425636 35.95000000298023
    endloop
  endfacet
  facet normal 1 0 0
    outer loop
      vertex 5 -3.3585233837366104 35.64833661168814
      vertex 5 3.5507041588425636 35.95000000298023
      vertex 5 3.715861923992634 36.26726512610912
    endloop
  endfacet
  facet normal 0 -0.04361939115187654 0.9990482214165338
    outer loop
      vertex 5 0 33.899999998509884
      vertex 40 0 33.899999998509884
      vertex 5 0.357338547706604 33.91560173779726
    endloop
  endfacet
  facet normal 0 -0.13052620144109012 0.9914448601598376
    outer loop
      vertex 5 0.357338547706604 33.91560173779726
      vertex 40 0.357338547706604 33.91560173779726
      vertex 5 0.7119575291872025 33.962288215756416
    endloop
  endfacet
  facet normal 0 -0.21643961230171194 0.9762960074827125
    outer loop
      vertex 5 0.7119575291872025 33.962288215756416
      vertex 40 0.7119575291872025 33.962288215756416
      vertex 5 1.0611580833792686 34.039704114198685
    endloop
  endfacet
  facet normal 0 -0.300705796175747 0.9537169517977071
    outer loop
      vertex 5 1.0611580833792686 34.039704114198685
      vertex 40 1.0611580833792686 34.039704114198685
      vertex 5 1.4022825881838799 34.14726025611162
    endloop
  endfacet
  facet normal 0 -0.38268343579839764 0.923879531089164
    outer loop
      vertex 5 1.4022825881838799 34.14726025611162
      vertex 40 1.4022825881838799 34.14726025611162
      vertex 5 1.7327348738908768 34.284138076007366
    endloop
  endfacet
  facet normal 0 -0.46174860390812367 0.8870108380335038
    outer loop
      vertex 5 1.7327348738908768 34.284138076007366
      vertex 40 1.7327348738908768 34.284138076007366
      vertex 5 2.0499999970197678 34.449295841157436
    endloop
  endfacet
  facet normal 0 -0.537299607828624 0.8433914461430153
    outer loop
      vertex 5 2.0499999970197678 34.449295841157436
      vertex 40 2.0499999970197678 34.449295841157436
      vertex 5 2.351663388311863 34.64147661626339
    endloop
  endfacet
  facet normal 0 -0.6087614404201745 0.7933533315349184
    outer loop
      vertex 5 2.351663388311863 34.64147661626339
      vertex 40 2.351663388311863 34.64147661626339
      vertex 5 2.635429196059704 34.859217785298824
    endloop
  endfacet
  facet normal 0 -0.6755902006440578 0.7372773431984206
    outer loop
      vertex 5 2.635429196059704 34.859217785298824
      vertex 40 2.635429196059704 34.859217785298824
      vertex 5 2.8991378024220467 35.10086219757795
    endloop
  endfacet
  facet normal 0 -0.7372773431984206 0.6755902006440578
    outer loop
      vertex 5 2.8991378024220467 35.10086219757795
      vertex 40 2.8991378024220467 35.10086219757795
      vertex 5 3.1407822147011757 35.364570803940296
    endloop
  endfacet
  facet normal 0 -0.7933533315349184 0.6087614404201745
    outer loop
      vertex 5 3.1407822147011757 35.364570803940296
      vertex 40 3.1407822147011757 35.364570803940296
      vertex 5 3.3585233837366104 35.64833661168814
    endloop
  endfacet
  facet normal 0 -0.8433914461430153 0.537299607828624
    outer loop
      vertex 5 3.3585233837366104 35.64833661168814
      vertex 40 3.3585233837366104 35.64833661168814
      vertex 5 3.5507041588425636 35.95000000298023
    endloop
  endfacet
  facet normal 1 0 0
    outer loop
      vertex 5 -3.5507041588425636 35.95000000298023
      vertex 5 3.715861923992634 36.26726512610912
      vertex 5 3.852739743888378 36.59771741181612
    endloop
  endfacet
  facet normal 1 0 0
    outer loop
      vertex 5 -3.715861923992634 36.26726512610912
      vertex 5 3.852739743888378 36.59771741181612
      vertex 5 3.9602958858013153 36.93884191662073
    endloop
  endfacet
  facet normal 1 0 0
    outer loop
      vertex 5 -3.852739743888378 36.59771741181612
      vertex 5 3.9602958858013153 36.93884191662073
      vertex 5 4.037711784243584 37.2880424708128
    endloop
  endfacet
  facet normal 1 0 0
    outer loop
      vertex 5 -3.9602958858013153 36.93884191662073
      vertex 5 4.037711784243584 37.2880424708128
      vertex 5 4.08439826220274 37.642661452293396
    endloop
  endfacet
  facet normal 1 0 0
    outer loop
      vertex 5 -4.037711784243584 37.2880424708128
      vertex 5 4.08439826220274 37.642661452293396
      vertex 5 4.100000001490116 38
    endloop
  endfacet
  facet normal 1 0 0
    outer loop
      vertex 5 -4.08439826220274 37.642661452293396
      vertex 5 4.100000001490116 38
      vertex 5 4.08439826220274 38.357338547706604
    endloop
  endfacet
  facet normal 1 0 0
    outer loop
      vertex 5 -4.100000001490116 38
      vertex 5 4.08439826220274 38.357338547706604
      vertex 5 4.037711784243584 38.7119575291872
    endloop
  endfacet
  facet normal 1 0 0
    outer loop
      vertex 5 -4.08439826220274 38.357338547706604
      vertex 5 4.037711784243584 38.7119575291872
      vertex 5 3.9602958858013153 39.06115808337927
    endloop
  endfacet
  facet normal 1 0 0
    outer loop
      vertex 5 -3.5507041588425636 40.04999999701977
      vertex 5 3.3585233837366104 40.35166338831186
      vertex 5 3.1407822147011757 40.635429196059704
    endloop
  endfacet
  facet normal 1 0 0
    outer loop
      vertex 5 -3.3585233837366104 40.35166338831186
      vertex 5 3.1407822147011757 40.635429196059704
      vertex 5 2.8991378024220467 40.89913780242205
    endloop
  endfacet
  facet normal 1 0 0
    outer loop
      vertex 5 -3.9602958858013153 39.06115808337927
      vertex 5 3.852739743888378 39.40228258818388
      vertex 5 3.715861923992634 39.73273487389088
    endloop
  endfacet
  facet normal 1 0 0
    outer loop
      vertex 5 -3.852739743888378 39.40228258818388
      vertex 5 3.715861923992634 39.73273487389088
      vertex 5 3.5507041588425636 40.04999999701977
    endloop
  endfacet
  facet normal 1 0 0
    outer loop
      vertex 5 -4.037711784243584 38.7119575291872
      vertex 5 3.9602958858013153 39.06115808337927
      vertex 5 3.852739743888378 39.40228258818388
    endloop
  endfacet
  facet normal 1 0 0
    outer loop
      vertex 5 -3.715861923992634 39.73273487389088
      vertex 5 3.5507041588425636 40.04999999701977
      vertex 5 3.3585233837366104 40.35166338831186
    endloop
  endfacet
  facet normal 0 -0.7071067811865476 -0.7071067811865476
    outer loop
      vertex 5 2.8991378024220467 40.89913780242205
      vertex 40 2.8991378024220467 40.89913780242205
      vertex 5 0 43.79827560484409
    endloop
  endfacet
  facet normal 0 -0.8870108380335038 0.46174860390812367
    outer loop
      vertex 5 3.5507041588425636 35.95000000298023
      vertex 40 3.5507041588425636 35.95000000298023
      vertex 5 3.715861923992634 36.26726512610912
    endloop
  endfacet
  facet normal 0 -0.923879531089164 0.38268343579839764
    outer loop
      vertex 5 3.715861923992634 36.26726512610912
      vertex 40 3.715861923992634 36.26726512610912
      vertex 5 3.852739743888378 36.59771741181612
    endloop
  endfacet
  facet normal 0 -0.9537169517977071 0.300705796175747
    outer loop
      vertex 5 3.852739743888378 36.59771741181612
      vertex 40 3.852739743888378 36.59771741181612
      vertex 5 3.9602958858013153 36.93884191662073
    endloop
  endfacet
  facet normal 0 -0.9762960074827125 0.21643961230171194
    outer loop
      vertex 5 3.9602958858013153 36.93884191662073
      vertex 40 3.9602958858013153 36.93884191662073
      vertex 5 4.037711784243584 37.2880424708128
    endloop
  endfacet
  facet normal 0 -0.7933533315349184 -0.6087614404201745
    outer loop
      vertex 5 3.1407822147011757 40.635429196059704
      vertex 5 3.3585233837366104 40.35166338831186
      vertex 40 3.3585233837366104 40.35166338831186
    endloop
  endfacet
  facet normal 0 -0.8433914461430153 -0.537299607828624
    outer loop
      vertex 5 3.3585233837366104 40.35166338831186
      vertex 5 3.5507041588425636 40.04999999701977
      vertex 40 3.5507041588425636 40.04999999701977
    endloop
  endfacet
  facet normal 0 -0.9537169517977071 -0.300705796175747
    outer loop
      vertex 5 3.852739743888378 39.40228258818388
      vertex 5 3.9602958858013153 39.06115808337927
      vertex 40 3.9602958858013153 39.06115808337927
    endloop
  endfacet
  facet normal 0 -0.923879531089164 -0.38268343579839764
    outer loop
      vertex 5 3.715861923992634 39.73273487389088
      vertex 5 3.852739743888378 39.40228258818388
      vertex 40 3.852739743888378 39.40228258818388
    endloop
  endfacet
  facet normal 0 -0.8870108380335038 -0.46174860390812367
    outer loop
      vertex 5 3.715861923992634 39.73273487389088
      vertex 40 3.715861923992634 39.73273487389088
      vertex 5 3.5507041588425636 40.04999999701977
    endloop
  endfacet
  facet normal 0 -0.7372773431984206 -0.6755902006440578
    outer loop
      vertex 5 2.8991378024220467 40.89913780242205
      vertex 5 3.1407822147011757 40.635429196059704
      vertex 40 3.1407822147011757 40.635429196059704
    endloop
  endfacet
  facet normal 0 -0.9914448601598376 0.13052620144109012
    outer loop
      vertex 5 4.037711784243584 37.2880424708128
      vertex 40 4.037711784243584 37.2880424708128
      vertex 5 4.08439826220274 37.642661452293396
    endloop
  endfacet
  facet normal 0 -0.9990482214165338 0.04361939115187654
    outer loop
      vertex 5 4.08439826220274 37.642661452293396
      vertex 40 4.08439826220274 37.642661452293396
      vertex 5 4.100000001490116 38
    endloop
  endfacet
  facet normal 0 -0.9990482214165338 -0.04361939115187654
    outer loop
      vertex 5 4.100000001490116 38
      vertex 40 4.100000001490116 38
      vertex 5 4.08439826220274 38.357338547706604
    endloop
  endfacet
  facet normal 0 -0.9914448601598376 -0.13052620144109012
    outer loop
      vertex 5 4.08439826220274 38.357338547706604
      vertex 40 4.08439826220274 38.357338547706604
      vertex 5 4.037711784243584 38.7119575291872
    endloop
  endfacet
  facet normal 0 -0.9762960074827125 -0.21643961230171194
    outer loop
      vertex 5 3.9602958858013153 39.06115808337927
      vertex 5 4.037711784243584 38.7119575291872
      vertex 40 4.037711784243584 38.7119575291872
    endloop
  endfacet
  facet normal 0 -0.04361939115187654 0.9990482214165338
    outer loop
      vertex 5 0.357338547706604 33.91560173779726
      vertex 40 0 33.899999998509884
      vertex 40 0.357338547706604 33.91560173779726
    endloop
  endfacet
  facet normal 0 -0.13052620144109012 0.9914448601598376
    outer loop
      vertex 5 0.7119575291872025 33.962288215756416
      vertex 40 0.357338547706604 33.91560173779726
      vertex 40 0.7119575291872025 33.962288215756416
    endloop
  endfacet
  facet normal 0 -0.21643961230171194 0.9762960074827125
    outer loop
      vertex 5 1.0611580833792686 34.039704114198685
      vertex 40 0.7119575291872025 33.962288215756416
      vertex 40 1.0611580833792686 34.039704114198685
    endloop
  endfacet
  facet normal 0 -0.300705796175747 0.9537169517977071
    outer loop
      vertex 5 1.4022825881838799 34.14726025611162
      vertex 40 1.0611580833792686 34.039704114198685
      vertex 40 1.4022825881838799 34.14726025611162
    endloop
  endfacet
  facet normal 0 -0.38268343579839764 0.923879531089164
    outer loop
      vertex 5 1.7327348738908768 34.284138076007366
      vertex 40 1.4022825881838799 34.14726025611162
      vertex 40 1.7327348738908768 34.284138076007366
    endloop
  endfacet
  facet normal 0 -0.46174860390812367 0.8870108380335038
    outer loop
      vertex 5 2.0499999970197678 34.449295841157436
      vertex 40 1.7327348738908768 34.284138076007366
      vertex 40 2.0499999970197678 34.449295841157436
    endloop
  endfacet
  facet normal 0 -0.537299607828624 0.8433914461430153
    outer loop
      vertex 5 2.351663388311863 34.64147661626339
      vertex 40 2.0499999970197678 34.449295841157436
      vertex 40 2.351663388311863 34.64147661626339
    endloop
  endfacet
  facet normal 0 -0.6087614404201745 0.7933533315349184
    outer loop
      vertex 5 2.635429196059704 34.859217785298824
      vertex 40 2.351663388311863 34.64147661626339
      vertex 40 2.635429196059704 34.859217785298824
    endloop
  endfacet
  facet normal 0 -0.6755902006440578 0.7372773431984206
    outer loop
      vertex 5 2.8991378024220467 35.10086219757795
      vertex 40 2.635429196059704 34.859217785298824
      vertex 40 2.8991378024220467 35.10086219757795
    endloop
  endfacet
  facet normal 0 -0.7372773431984206 0.6755902006440578
    outer loop
      vertex 5 3.1407822147011757 35.364570803940296
      vertex 40 2.8991378024220467 35.10086219757795
      vertex 40 3.1407822147011757 35.364570803940296
    endloop
  endfacet
  facet normal 0 -0.7933533315349184 0.6087614404201745
    outer loop
      vertex 5 3.3585233837366104 35.64833661168814
      vertex 40 3.1407822147011757 35.364570803940296
      vertex 40 3.3585233837366104 35.64833661168814
    endloop
  endfacet
  facet normal 0 -0.8433914461430153 0.537299607828624
    outer loop
      vertex 5 3.5507041588425636 35.95000000298023
      vertex 40 3.3585233837366104 35.64833661168814
      vertex 40 3.5507041588425636 35.95000000298023
    endloop
  endfacet
  facet normal 0 -0.8870108380335038 0.46174860390812367
    outer loop
      vertex 5 3.715861923992634 36.26726512610912
      vertex 40 3.5507041588425636 35.95000000298023
      vertex 40 3.715861923992634 36.26726512610912
    endloop
  endfacet
  facet normal 0 -0.923879531089164 0.38268343579839764
    outer loop
      vertex 5 3.852739743888378 36.59771741181612
      vertex 40 3.715861923992634 36.26726512610912
      vertex 40 3.852739743888378 36.59771741181612
    endloop
  endfacet
  facet normal 0 -0.9537169517977071 0.300705796175747
    outer loop
      vertex 5 3.9602958858013153 36.93884191662073
      vertex 40 3.852739743888378 36.59771741181612
      vertex 40 3.9602958858013153 36.93884191662073
    endloop
  endfacet
  facet normal 0 -0.9762960074827125 -0.21643961230171194
    outer loop
      vertex 5 3.9602958858013153 39.06115808337927
      vertex 40 4.037711784243584 38.7119575291872
      vertex 40 3.9602958858013153 39.06115808337927
    endloop
  endfacet
  facet normal 0 -0.7372773431984206 -0.6755902006440578
    outer loop
      vertex 5 2.8991378024220467 40.89913780242205
      vertex 40 3.1407822147011757 40.635429196059704
      vertex 40 2.8991378024220467 40.89913780242205
    endloop
  endfacet
  facet normal 0 -0.8433914461430153 -0.537299607828624
    outer loop
      vertex 5 3.3585233837366104 40.35166338831186
      vertex 40 3.5507041588425636 40.04999999701977
      vertex 40 3.3585233837366104 40.35166338831186
    endloop
  endfacet
  facet normal 0 -0.9537169517977071 -0.300705796175747
    outer loop
      vertex 5 3.852739743888378 39.40228258818388
      vertex 40 3.9602958858013153 39.06115808337927
      vertex 40 3.852739743888378 39.40228258818388
    endloop
  endfacet
  facet normal 0 -0.923879531089164 -0.38268343579839764
    outer loop
      vertex 5 3.715861923992634 39.73273487389088
      vertex 40 3.852739743888378 39.40228258818388
      vertex 40 3.715861923992634 39.73273487389088
    endloop
  endfacet
  facet normal 0 -0.8870108380335038 -0.46174860390812367
    outer loop
      vertex 5 3.5507041588425636 40.04999999701977
      vertex 40 3.715861923992634 39.73273487389088
      vertex 40 3.5507041588425636 40.04999999701977
    endloop
  endfacet
  facet normal 0 -0.7933533315349184 -0.6087614404201745
    outer loop
      vertex 5 3.1407822147011757 40.635429196059704
      vertex 40 3.3585233837366104 40.35166338831186
      vertex 40 3.1407822147011757 40.635429196059704
    endloop
  endfacet
  facet normal 0 -0.7071067811865476 -0.7071067811865476
    outer loop
      vertex 5 0 43.79827560484409
      vertex 40 2.8991378024220467 40.89913780242205
      vertex 40 0 43.79827560484409
    endloop
  endfacet
  facet normal 0 -0.9762960074827125 0.21643961230171194
    outer loop
      vertex 5 4.037711784243584 37.2880424708128
      vertex 40 3.9602958858013153 36.93884191662073
      vertex 40 4.037711784243584 37.2880424708128
    endloop
  endfacet
  facet normal 0 -0.9914448601598376 0.13052620144109012
    outer loop
      vertex 5 4.08439826220274 37.642661452293396
      vertex 40 4.037711784243584 37.2880424708128
      vertex 40 4.08439826220274 37.642661452293396
    endloop
  endfacet
  facet normal 0 -0.9990482214165338 0.04361939115187654
    outer loop
      vertex 5 4.100000001490116 38
      vertex 40 4.08439826220274 37.642661452293396
      vertex 40 4.100000001490116 38
    endloop
  endfacet
  facet normal 0 -0.9990482214165338 -0.04361939115187654
    outer loop
      vertex 5 4.08439826220274 38.357338547706604
      vertex 40 4.100000001490116 38
      vertex 40 4.08439826220274 38.357338547706604
    endloop
  endfacet
  facet normal 0 -0.9914448601598376 -0.13052620144109012
    outer loop
      vertex 5 4.037711784243584 38.7119575291872
      vertex 40 4.08439826220274 38.357338547706604
      vertex 40 4.037711784243584 38.7119575291872
    endloop
  endfacet
  facet normal 0 0.7933533315349184 0.6087614404201745
    outer loop
      vertex -5 -3.3585233837366104 35.64833661168814
      vertex -40 -3.1407822147011757 35.364570803940296
      vertex -40 -3.3585233837366104 35.64833661168814
    endloop
  endfacet
  facet normal 0 0.8433914461430153 0.537299607828624
    outer loop
      vertex -5 -3.5507041588425636 35.95000000298023
      vertex -40 -3.3585233837366104 35.64833661168814
      vertex -40 -3.5507041588425636 35.95000000298023
    endloop
  endfacet
  facet normal 0 0.7372773431984206 0.6755902006440578
    outer loop
      vertex -5 -3.1407822147011757 35.364570803940296
      vertex -40 -2.8991378024220467 35.10086219757795
      vertex -40 -3.1407822147011757 35.364570803940296
    endloop
  endfacet
  facet normal 0 0.6755902006440578 0.7372773431984206
    outer loop
      vertex -5 -2.8991378024220467 35.10086219757795
      vertex -40 -2.635429196059704 34.859217785298824
      vertex -40 -2.8991378024220467 35.10086219757795
    endloop
  endfacet
  facet normal 0 0.6087614404201745 0.7933533315349184
    outer loop
      vertex -5 -2.635429196059704 34.859217785298824
      vertex -40 -2.351663388311863 34.64147661626339
      vertex -40 -2.635429196059704 34.859217785298824
    endloop
  endfacet
  facet normal 0 0.537299607828624 0.8433914461430153
    outer loop
      vertex -5 -2.351663388311863 34.64147661626339
      vertex -40 -2.0499999970197678 34.449295841157436
      vertex -40 -2.351663388311863 34.64147661626339
    endloop
  endfacet
  facet normal 0 0.46174860390812367 0.8870108380335038
    outer loop
      vertex -5 -2.0499999970197678 34.449295841157436
      vertex -40 -1.7327348738908768 34.284138076007366
      vertex -40 -2.0499999970197678 34.449295841157436
    endloop
  endfacet
  facet normal 0 0.38268343579839764 0.923879531089164
    outer loop
      vertex -5 -1.7327348738908768 34.284138076007366
      vertex -40 -1.4022825881838799 34.14726025611162
      vertex -40 -1.7327348738908768 34.284138076007366
    endloop
  endfacet
  facet normal 0 0.300705796175747 0.9537169517977071
    outer loop
      vertex -5 -1.4022825881838799 34.14726025611162
      vertex -40 -1.0611580833792686 34.039704114198685
      vertex -40 -1.4022825881838799 34.14726025611162
    endloop
  endfacet
  facet normal 0 0.21643961230171194 0.9762960074827125
    outer loop
      vertex -5 -1.0611580833792686 34.039704114198685
      vertex -40 -0.7119575291872025 33.962288215756416
      vertex -40 -1.0611580833792686 34.039704114198685
    endloop
  endfacet
  facet normal 0 0.13052620144109012 0.9914448601598376
    outer loop
      vertex -5 -0.7119575291872025 33.962288215756416
      vertex -40 -0.357338547706604 33.91560173779726
      vertex -40 -0.7119575291872025 33.962288215756416
    endloop
  endfacet
  facet normal 0 0.04361939115187654 0.9990482214165338
    outer loop
      vertex -5 -0.357338547706604 33.91560173779726
      vertex -40 0 33.899999998509884
      vertex -40 -0.357338547706604 33.91560173779726
    endloop
  endfacet
  facet normal 0 0.9762960074827125 0.2164396123017119
    outer loop
      vertex -24.04229140257976 -4.037711784243584 37.2880424708128
      vertex -40 -3.9602958858013153 36.93884191662073
      vertex -40 -4.037711784243584 37.2880424708128
    endloop
  endfacet
  facet normal 0 0.9914448601598376 0.1305262014410901
    outer loop
      vertex -24.160889597158974 -4.08439826220274 37.642661452293396
      vertex -40 -4.037711784243584 37.2880424708128
      vertex -40 -4.08439826220274 37.642661452293396
    endloop
  endfacet
  facet normal 0 0.9990482214165337 0.04361939115187654
    outer loop
      vertex -24.2 -4.100000001490116 38
      vertex -40 -4.08439826220274 37.642661452293396
      vertex -40 -4.100000001490116 38
    endloop
  endfacet
  facet normal -2.245496920122561e-17 0.9990482214165338 -0.04361939115187654
    outer loop
      vertex -24.179070179011735 -4.088388870860271 38.26593859056839
      vertex -40 -4.100000001490116 38
      vertex -40 -4.08439826220274 38.357338547706604
    endloop
  endfacet
  facet normal 2.1464778524302326e-17 0.9914448601598377 -0.13052620144109014
    outer loop
      vertex -24.070595205269186 -4.045794681302636 38.65056183502065
      vertex -40 -4.08439826220274 38.357338547706604
      vertex -40 -4.037711784243584 38.7119575291872
    endloop
  endfacet
  facet normal 0 0.9238795310891641 0.3826834357983977
    outer loop
      vertex -23.458895869524692 -3.852739743888378 36.59771741181612
      vertex -40 -3.715861923992634 36.26726512610912
      vertex -40 -3.852739743888378 36.59771741181612
    endloop
  endfacet
  facet normal 0 0.9537169517977071 0.300705796175747
    outer loop
      vertex -23.826512611614756 -3.9602958858013153 36.93884191662073
      vertex -40 -3.852739743888378 36.59771741181612
      vertex -40 -3.9602958858013153 36.93884191662073
    endloop
  endfacet
  facet normal 3.91011321154984e-18 0.9762960074827124 -0.21643961230171194
    outer loop
      vertex -23.87532889043741 -3.974023918535112 38.9992349288972
      vertex -40 -4.037711784243584 38.7119575291872
      vertex -40 -3.9602958858013153 39.06115808337927
    endloop
  endfacet
  facet normal -1.5063525545178957e-17 0.9537169517977072 -0.300705796175747
    outer loop
      vertex -23.499234928897206 -3.8612382120402287 39.37532889043741
      vertex -40 -3.9602958858013153 39.06115808337927
      vertex -40 -3.852739743888378 39.40228258818388
    endloop
  endfacet
  facet normal 2.133975934151598e-17 0.923879531089164 -0.38268343579839764
    outer loop
      vertex -22.5 -3.7294211528633276 39.7
      vertex -40 -3.852739743888378 39.40228258818388
      vertex -40 -3.715861923992634 39.73273487389088
    endloop
  endfacet
  facet normal 2.2599191507769457e-17 0.9914448601598376 0.13052620144108984
    outer loop
      vertex -24.11679607770176 -4.062281912422175 37.47467110956259
      vertex -24.070595205269186 -4.045794681302636 37.34943816497935
      vertex -40 -4.037711784243584 37.2880424708128
    endloop
  endfacet
  facet normal 6.06951564604154e-17 0.991444860159838 0.13052620144108665
    outer loop
      vertex -24.11679607770176 -4.062281912422175 37.47467110956259
      vertex -40 -4.037711784243584 37.2880424708128
      vertex -24.15302886467605 -4.079195543275541 37.60314288144496
    endloop
  endfacet
  facet normal 1.1415712684946021e-17 0.9762960074827126 0.2164396123017114
    outer loop
      vertex -24.04229140257976 -4.037711784243584 37.2880424708128
      vertex -24.014711091120226 -4.024448608437186 37.22821615044277
      vertex -40 -3.9602958858013153 36.93884191662073
    endloop
  endfacet
  facet normal 0 0.9914448601598369 0.13052620144109559
    outer loop
      vertex -24.070595205269186 -4.045794681302636 37.34943816497935
      vertex -24.04229140257976 -4.037711784243584 37.2880424708128
      vertex -40 -4.037711784243584 37.2880424708128
    endloop
  endfacet
  facet normal -8.274892972892556e-17 0.9914448601598371 0.13052620144109375
    outer loop
      vertex -24.160889597158974 -4.08439826220274 37.642661452293396
      vertex -24.15302886467605 -4.079195543275541 37.60314288144496
      vertex -40 -4.037711784243584 37.2880424708128
    endloop
  endfacet
  facet normal 0 0.9990482214165339 0.04361939115187267
    outer loop
      vertex -24.160889597158974 -4.08439826220274 37.642661452293396
      vertex -40 -4.08439826220274 37.642661452293396
      vertex -24.179070179011735 -4.088388870860271 37.73406140943161
    endloop
  endfacet
  facet normal -3.0142158471912875e-17 0.9990482214165338 0.04361939115187788
    outer loop
      vertex -24.179070179011735 -4.088388870860271 37.73406140943161
      vertex -40 -4.08439826220274 37.642661452293396
      vertex -24.194759467346316 -4.094176484214935 37.866619537262665
    endloop
  endfacet
  facet normal -3.009257080058041e-17 0.9990482214165338 0.04361939115187788
    outer loop
      vertex -24.194759467346316 -4.094176484214935 37.866619537262665
      vertex -40 -4.08439826220274 37.642661452293396
      vertex -24.2 -4.100000001490116 38
    endloop
  endfacet
  facet normal 0 0.9990482214165337 -0.04361939115187788
    outer loop
      vertex -24.2 -4.100000001490116 38
      vertex -40 -4.100000001490116 38
      vertex -24.194759467346316 -4.094176484214935 38.133380462737335
    endloop
  endfacet
  facet normal 5.175153696543043e-20 0.9990482214165337 -0.04361939115187787
    outer loop
      vertex -24.194759467346316 -4.094176484214935 38.133380462737335
      vertex -40 -4.100000001490116 38
      vertex -24.179070179011735 -4.088388870860271 38.26593859056839
    endloop
  endfacet
  facet normal 0 0.9990482214165339 -0.04361939115187266
    outer loop
      vertex -24.179070179011735 -4.088388870860271 38.26593859056839
      vertex -40 -4.08439826220274 38.357338547706604
      vertex -24.16088959715897 -4.08439826220274 38.357338547706604
    endloop
  endfacet
  facet normal 0 0.9914448601598372 -0.13052620144109378
    outer loop
      vertex -24.16088959715897 -4.08439826220274 38.357338547706604
      vertex -40 -4.08439826220274 38.357338547706604
      vertex -24.15302886467605 -4.079195543275541 38.39685711855504
    endloop
  endfacet
  facet normal -1.8069931935969596e-17 0.991444860159838 -0.13052620144108665
    outer loop
      vertex -24.15302886467605 -4.079195543275541 38.39685711855504
      vertex -40 -4.08439826220274 38.357338547706604
      vertex -24.11679607770176 -4.062281912422175 38.52532889043741
    endloop
  endfacet
  facet normal 1.627576026749423e-17 0.9914448601598377 -0.13052620144108984
    outer loop
      vertex -24.11679607770176 -4.062281912422175 38.52532889043741
      vertex -40 -4.08439826220274 38.357338547706604
      vertex -24.070595205269186 -4.045794681302636 38.65056183502065
    endloop
  endfacet
  facet normal 0 0.9914448601598369 -0.13052620144109559
    outer loop
      vertex -24.070595205269186 -4.045794681302636 38.65056183502065
      vertex -40 -4.037711784243584 38.7119575291872
      vertex -24.04229140257976 -4.037711784243584 38.7119575291872
    endloop
  endfacet
  facet normal 0 0.9762960074827126 -0.2164396123017114
    outer loop
      vertex -24.04229140257976 -4.037711784243584 38.7119575291872
      vertex -40 -4.037711784243584 38.7119575291872
      vertex -24.014711091120226 -4.024448608437186 38.77178384955723
    endloop
  endfacet
  facet normal 2.1992732568663038e-17 0.9762960074827114 -0.21643961230171704
    outer loop
      vertex -24.014711091120226 -4.024448608437186 38.77178384955723
      vertex -40 -4.037711784243584 38.7119575291872
      vertex -23.949488279401958 -3.9986292256414386 38.88824756001711
    endloop
  endfacet
  facet normal -1.0199947542380482e-16 0.9762960074827137 -0.21643961230170627
    outer loop
      vertex -23.949488279401958 -3.9986292256414386 38.88824756001711
      vertex -40 -4.037711784243584 38.7119575291872
      vertex -23.87532889043741 -3.974023918535112 38.9992349288972
    endloop
  endfacet
  facet normal -9.176838185312689e-17 0.9537169517977045 0.3007057961757556
    outer loop
      vertex -23.702081528017132 -3.9158628949230683 36.79791847198287
      vertex -23.604061682161312 -3.8872941091712585 36.707309858479945
      vertex -40 -3.852739743888378 36.59771741181612
    endloop
  endfacet
  facet normal -1.1359706433037825e-16 0.923879531089162 0.3826834357984025
    outer loop
      vertex -23.388247560017113 -3.8331865061591315 36.550511720598045
      vertex -40 -3.715861923992634 36.26726512610912
      vertex -23.458895869524692 -3.852739743888378 36.59771741181612
    endloop
  endfacet
  facet normal 9.47434145901894e-17 0.9238795310891664 0.38268343579839215
    outer loop
      vertex -23.388247560017113 -3.8331865061591315 36.550511720598045
      vertex -23.27178384955723 -3.806170332685351 36.485288908879774
      vertex -40 -3.715861923992634 36.26726512610912
    endloop
  endfacet
  facet normal -1.8423074932167833e-16 0.9238795310891589 0.3826834357984104
    outer loop
      vertex -23.27178384955723 -3.806170332685351 36.485288908879774
      vertex -23.150561835020653 -3.7830223744403377 36.429404794730814
      vertex -40 -3.715861923992634 36.26726512610912
    endloop
  endfacet
  facet normal 0 0.9537169517977053 0.3007057961757529
    outer loop
      vertex -23.499234928897206 -3.861238212040229 36.62467110956259
      vertex -23.458895869524692 -3.852739743888378 36.59771741181612
      vertex -40 -3.852739743888378 36.59771741181612
    endloop
  endfacet
  facet normal 2.3004700849259497e-17 0.9537169517977093 0.30070579617574006
    outer loop
      vertex -23.604061682161312 -3.8872941091712585 36.707309858479945
      vertex -23.499234928897206 -3.861238212040229 36.62467110956259
      vertex -40 -3.852739743888378 36.59771741181612
    endloop
  endfacet
  facet normal -5.2768302772241663e-17 0.9537169517977064 0.3007057961757493
    outer loop
      vertex -23.826512611614756 -3.9602958858013153 36.93884191662073
      vertex -23.79269014152005 -3.9467684332314077 36.895938317838684
      vertex -40 -3.852739743888378 36.59771741181612
    endloop
  endfacet
  facet normal 8.908799802472185e-17 0.9537169517977085 0.3007057961757423
    outer loop
      vertex -23.79269014152005 -3.9467684332314077 36.895938317838684
      vertex -23.702081528017132 -3.9158628949230683 36.79791847198287
      vertex -40 -3.852739743888378 36.59771741181612
    endloop
  endfacet
  facet normal -1.840640576791701e-17 0.9762960074827113 0.21643961230171752
    outer loop
      vertex -23.949488279401958 -3.99862922564144 37.11175243998289
      vertex -23.87532889043741 -3.974023918535112 37.0007650711028
      vertex -40 -3.9602958858013153 36.93884191662073
    endloop
  endfacet
  facet normal 0 0.9762960074827124 0.2164396123017129
    outer loop
      vertex -23.87532889043741 -3.974023918535112 37.0007650711028
      vertex -23.826512611614756 -3.9602958858013153 36.93884191662073
      vertex -40 -3.9602958858013153 36.93884191662073
    endloop
  endfacet
  facet normal 1.0626787484891035e-16 0.9762960074827136 0.21643961230170639
    outer loop
      vertex -23.949488279401958 -3.99862922564144 37.11175243998289
      vertex -40 -3.9602958858013153 36.93884191662073
      vertex -24.014711091120226 -4.024448608437186 37.22821615044277
    endloop
  endfacet
  facet normal 2.0816860835813837e-16 0.9238795310891732 0.3826834357983756
    outer loop
      vertex -23.150561835020653 -3.7830223744403377 36.429404794730814
      vertex -23.02532889043741 -3.7638853462841473 36.383203922298236
      vertex -40 -3.715861923992634 36.26726512610912
    endloop
  endfacet
  facet normal 3.1802423490483734e-19 0.9238795310891625 0.38268343579840164
    outer loop
      vertex -23.02532889043741 -3.7638853462841473 36.383203922298236
      vertex -22.89685711855504 -3.748877234359072 36.34697113532395
      vertex -40 -3.715861923992634 36.26726512610912
    endloop
  endfacet
  facet normal -1.0987505086850327e-17 0.9238795310891615 0.38268343579840364
    outer loop
      vertex -22.89685711855504 -3.748877234359072 36.34697113532395
      vertex -22.765938590568393 -3.7380905686658346 36.32092982098827
      vertex -40 -3.715861923992634 36.26726512610912
    endloop
  endfacet
  facet normal -4.4217348265168766e-17 0.9238795310891579 0.3826834357984127
    outer loop
      vertex -22.765938590568393 -3.7380905686658346 36.32092982098827
      vertex -22.633380462737335 -3.7315918525853595 36.305240532653684
      vertex -40 -3.715861923992634 36.26726512610912
    endloop
  endfacet
  facet normal 0 0.8870108380335038 0.46174860390812367
    outer loop
      vertex -5 -3.715861923992634 36.26726512610912
      vertex -40 -3.5507041588425636 35.95000000298023
      vertex -40 -3.715861923992634 36.26726512610912
    endloop
  endfacet
  facet normal 1.928788597423537e-17 0.9238795310891681 0.38268343579838787
    outer loop
      vertex -22.633380462737335 -3.7315918525853595 36.305240532653684
      vertex -22.5 -3.729421152863327 36.3
      vertex -40 -3.715861923992634 36.26726512610912
    endloop
  endfacet
  facet normal 0 0.9762960074827124 -0.2164396123017129
    outer loop
      vertex -23.87532889043741 -3.974023918535112 38.9992349288972
      vertex -40 -3.9602958858013153 39.06115808337927
      vertex -23.82651261161476 -3.9602958858013153 39.06115808337927
    endloop
  endfacet
  facet normal 0 0.9537169517977093 -0.30070579617574034
    outer loop
      vertex -23.82651261161476 -3.9602958858013153 39.06115808337927
      vertex -40 -3.9602958858013153 39.06115808337927
      vertex -23.79269014152005 -3.946768433231408 39.104061682161316
    endloop
  endfacet
  facet normal 3.9931927909486055e-17 0.9537169517977048 -0.30070579617575405
    outer loop
      vertex -23.79269014152005 -3.946768433231408 39.104061682161316
      vertex -40 -3.9602958858013153 39.06115808337927
      vertex -23.702081528017132 -3.9158628949230674 39.20208152801713
    endloop
  endfacet
  facet normal -1.0687138408598321e-16 0.9537169517977099 -0.3007057961757386
    outer loop
      vertex -23.702081528017132 -3.9158628949230674 39.20208152801713
      vertex -40 -3.9602958858013153 39.06115808337927
      vertex -23.604061682161312 -3.8872941091712594 39.292690141520055
    endloop
  endfacet
  facet normal 1.348992179128846e-16 0.9537169517977049 -0.30070579617575416
    outer loop
      vertex -23.604061682161312 -3.8872941091712594 39.292690141520055
      vertex -40 -3.9602958858013153 39.06115808337927
      vertex -23.499234928897206 -3.8612382120402287 39.37532889043741
    endloop
  endfacet
  facet normal 0 0.9537169517977099 -0.3007057961757386
    outer loop
      vertex -23.499234928897206 -3.8612382120402287 39.37532889043741
      vertex -40 -3.852739743888378 39.40228258818388
      vertex -23.458895869524692 -3.852739743888378 39.40228258818388
    endloop
  endfacet
  facet normal 0 0.9238795310891651 -0.3826834357983953
    outer loop
      vertex -23.388247560017113 -3.833186506159132 39.449488279401955
      vertex -23.458895869524692 -3.852739743888378 39.40228258818388
      vertex -40 -3.852739743888378 39.40228258818388
    endloop
  endfacet
  facet normal 2.4717332917943614e-17 0.923879531089162 -0.38268343579840275
    outer loop
      vertex -23.388247560017113 -3.833186506159132 39.449488279401955
      vertex -40 -3.852739743888378 39.40228258818388
      vertex -23.27178384955723 -3.8061703326853507 39.514711091120226
    endloop
  endfacet
  facet normal -1.1177863497230296e-16 0.9238795310891691 -0.38268343579838543
    outer loop
      vertex -23.27178384955723 -3.8061703326853507 39.514711091120226
      vertex -40 -3.852739743888378 39.40228258818388
      vertex -23.150561835020653 -3.783022374440339 39.570595205269186
    endloop
  endfacet
  facet normal 3.0841825025339303e-16 0.9238795310891542 -0.3826834357984212
    outer loop
      vertex -23.150561835020653 -3.783022374440339 39.570595205269186
      vertex -40 -3.852739743888378 39.40228258818388
      vertex -23.02532889043741 -3.763885346284146 39.616796077701764
    endloop
  endfacet
  facet normal -1.32310321741976e-16 0.9238795310891667 -0.38268343579839154
    outer loop
      vertex -23.02532889043741 -3.763885346284146 39.616796077701764
      vertex -40 -3.852739743888378 39.40228258818388
      vertex -22.89685711855504 -3.748877234359071 39.65302886467605
    endloop
  endfacet
  facet normal -1.6801325899701707e-16 0.9238795310891674 -0.38268343579838937
    outer loop
      vertex -22.89685711855504 -3.748877234359071 39.65302886467605
      vertex -40 -3.852739743888378 39.40228258818388
      vertex -22.765938590568393 -3.738090568665834 39.67907017901173
    endloop
  endfacet
  facet normal -1.6715987778518504e-16 0.9238795310891674 -0.3826834357983895
    outer loop
      vertex -22.765938590568393 -3.738090568665834 39.67907017901173
      vertex -40 -3.852739743888378 39.40228258818388
      vertex -22.633380462737335 -3.7315918525853595 39.694759467346316
    endloop
  endfacet
  facet normal -2.667934076932196e-15 0.92387953108922 -0.38268343579826264
    outer loop
      vertex -22.633380462737335 -3.7315918525853595 39.694759467346316
      vertex -40 -3.852739743888378 39.40228258818388
      vertex -22.5 -3.7294211528633276 39.7
    endloop
  endfacet
  facet normal 0 0.8870108380335038 -0.46174860390812367
    outer loop
      vertex -5 -3.5507041588425636 40.04999999701977
      vertex -40 -3.715861923992634 39.73273487389088
      vertex -40 -3.5507041588425636 40.04999999701977
    endloop
  endfacet
  facet normal 0 0.8433914461430153 -0.537299607828624
    outer loop
      vertex -5 -3.3585233837366104 40.35166338831186
      vertex -40 -3.5507041588425636 40.04999999701977
      vertex -40 -3.3585233837366104 40.35166338831186
    endloop
  endfacet
  facet normal 0 0.7933533315349184 -0.6087614404201745
    outer loop
      vertex -5 -3.1407822147011757 40.635429196059704
      vertex -40 -3.3585233837366104 40.35166338831186
      vertex -40 -3.1407822147011757 40.635429196059704
    endloop
  endfacet
  facet normal 0 0.7372773431984206 -0.6755902006440578
    outer loop
      vertex -5 -2.8991378024220467 40.89913780242205
      vertex -40 -3.1407822147011757 40.635429196059704
      vertex -40 -2.8991378024220467 40.89913780242205
    endloop
  endfacet
  facet normal 0 0.9238795310891643 0.3826834357983967
    outer loop
      vertex -22.5 -3.729421152863327 36.3
      vertex -5 -3.715861923992634 36.26726512610912
      vertex -40 -3.715861923992634 36.26726512610912
    endloop
  endfacet
  facet normal 0 0.9238795310891601 -0.3826834357984074
    outer loop
      vertex -22.5 -3.7294211528633276 39.7
      vertex -40 -3.715861923992634 39.73273487389088
      vertex -5 -3.715861923992634 39.73273487389088
    endloop
  endfacet
  facet normal 0 0.7071067811865476 -0.7071067811865476
    outer loop
      vertex -5 0 43.79827560484409
      vertex -40 -2.8991378024220467 40.89913780242205
      vertex -40 0 43.79827560484409
    endloop
  endfacet
  facet normal 0 0.8433914461430153 0.537299607828624
    outer loop
      vertex -5 -3.3585233837366104 35.64833661168814
      vertex -40 -3.3585233837366104 35.64833661168814
      vertex -5 -3.5507041588425636 35.95000000298023
    endloop
  endfacet
  facet normal 0 0.7933533315349184 0.6087614404201745
    outer loop
      vertex -5 -3.3585233837366104 35.64833661168814
      vertex -5 -3.1407822147011757 35.364570803940296
      vertex -40 -3.1407822147011757 35.364570803940296
    endloop
  endfacet
  facet normal 0 0.7372773431984206 0.6755902006440578
    outer loop
      vertex -5 -3.1407822147011757 35.364570803940296
      vertex -5 -2.8991378024220467 35.10086219757795
      vertex -40 -2.8991378024220467 35.10086219757795
    endloop
  endfacet
  facet normal 0 0.6755902006440578 0.7372773431984206
    outer loop
      vertex -5 -2.8991378024220467 35.10086219757795
      vertex -5 -2.635429196059704 34.859217785298824
      vertex -40 -2.635429196059704 34.859217785298824
    endloop
  endfacet
  facet normal 0 0.6087614404201745 0.7933533315349184
    outer loop
      vertex -5 -2.635429196059704 34.859217785298824
      vertex -5 -2.351663388311863 34.64147661626339
      vertex -40 -2.351663388311863 34.64147661626339
    endloop
  endfacet
  facet normal 0 0.537299607828624 0.8433914461430153
    outer loop
      vertex -5 -2.351663388311863 34.64147661626339
      vertex -5 -2.0499999970197678 34.449295841157436
      vertex -40 -2.0499999970197678 34.449295841157436
    endloop
  endfacet
  facet normal 0 0.46174860390812367 0.8870108380335038
    outer loop
      vertex -5 -2.0499999970197678 34.449295841157436
      vertex -5 -1.7327348738908768 34.284138076007366
      vertex -40 -1.7327348738908768 34.284138076007366
    endloop
  endfacet
  facet normal 0 0.38268343579839764 0.923879531089164
    outer loop
      vertex -5 -1.7327348738908768 34.284138076007366
      vertex -5 -1.4022825881838799 34.14726025611162
      vertex -40 -1.4022825881838799 34.14726025611162
    endloop
  endfacet
  facet normal 0 0.300705796175747 0.9537169517977071
    outer loop
      vertex -5 -1.4022825881838799 34.14726025611162
      vertex -5 -1.0611580833792686 34.039704114198685
      vertex -40 -1.0611580833792686 34.039704114198685
    endloop
  endfacet
  facet normal 0 0.21643961230171194 0.9762960074827125
    outer loop
      vertex -5 -1.0611580833792686 34.039704114198685
      vertex -5 -0.7119575291872025 33.962288215756416
      vertex -40 -0.7119575291872025 33.962288215756416
    endloop
  endfacet
  facet normal 0 0.13052620144109012 0.9914448601598376
    outer loop
      vertex -5 -0.7119575291872025 33.962288215756416
      vertex -5 -0.357338547706604 33.91560173779726
      vertex -40 -0.357338547706604 33.91560173779726
    endloop
  endfacet
  facet normal 0 0.04361939115187654 0.9990482214165338
    outer loop
      vertex -5 -0.357338547706604 33.91560173779726
      vertex -5 0 33.899999998509884
      vertex -40 0 33.899999998509884
    endloop
  endfacet
  facet normal -1 0 0
    outer loop
      vertex -5 -3.3585233837366104 35.64833661168814
      vertex -5 -3.5507041588425636 35.95000000298023
      vertex -5 3.715861923992634 36.26726512610912
    endloop
  endfacet
  facet normal -1 0 0
    outer loop
      vertex -5 -2.0499999970197678 34.449295841157436
      vertex -5 2.351663388311863 34.64147661626339
      vertex -5 -1.7327348738908768 34.284138076007366
    endloop
  endfacet
  facet normal -1 0 0
    outer loop
      vertex -5 -1.7327348738908768 34.284138076007366
      vertex -5 2.0499999970197678 34.449295841157436
      vertex -5 -1.4022825881838799 34.14726025611162
    endloop
  endfacet
  facet normal -1 0 0
    outer loop
      vertex -5 -1.0611580833792686 34.039704114198685
      vertex -5 1.4022825881838799 34.14726025611162
      vertex -5 -0.7119575291872025 33.962288215756416
    endloop
  endfacet
  facet normal -1 0 0
    outer loop
      vertex -5 -0.7119575291872025 33.962288215756416
      vertex -5 1.0611580833792686 34.039704114198685
      vertex -5 -0.357338547706604 33.91560173779726
    endloop
  endfacet
  facet normal -1 0 0
    outer loop
      vertex -5 -1.4022825881838799 34.14726025611162
      vertex -5 1.7327348738908768 34.284138076007366
      vertex -5 -1.0611580833792686 34.039704114198685
    endloop
  endfacet
  facet normal -1 0 0
    outer loop
      vertex -5 -2.8991378024220467 35.10086219757795
      vertex -5 3.1407822147011757 35.364570803940296
      vertex -5 -2.635429196059704 34.859217785298824
    endloop
  endfacet
  facet normal -1 0 0
    outer loop
      vertex -5 -2.635429196059704 34.859217785298824
      vertex -5 2.8991378024220467 35.10086219757795
      vertex -5 -2.351663388311863 34.64147661626339
    endloop
  endfacet
  facet normal -1 0 0
    outer loop
      vertex -5 -2.351663388311863 34.64147661626339
      vertex -5 2.635429196059704 34.859217785298824
      vertex -5 -2.0499999970197678 34.449295841157436
    endloop
  endfacet
  facet normal -1 0 0
    outer loop
      vertex -5 -3.1407822147011757 35.364570803940296
      vertex -5 3.3585233837366104 35.64833661168814
      vertex -5 -2.8991378024220467 35.10086219757795
    endloop
  endfacet
  facet normal -1 0 0
    outer loop
      vertex -5 -3.3585233837366104 35.64833661168814
      vertex -5 3.5507041588425636 35.95000000298023
      vertex -5 -3.1407822147011757 35.364570803940296
    endloop
  endfacet
  facet normal -1.1854778557443944e-17 0.9762960074827126 0.21643961230171138
    outer loop
      vertex -20.985288908879774 -4.024448608437186 37.22821615044277
      vertex -20.95770859742024 -4.037711784243584 37.2880424708128
      vertex -5 -3.9602958858013153 36.93884191662073
    endloop
  endfacet
  facet normal 0 0.9914448601598369 0.13052620144109559
    outer loop
      vertex -20.929404794730814 -4.045794681302636 37.34943816497935
      vertex -5 -4.037711784243584 37.2880424708128
      vertex -20.95770859742024 -4.037711784243584 37.2880424708128
    endloop
  endfacet
  facet normal -2.2599191507769457e-17 0.9914448601598376 0.13052620144108984
    outer loop
      vertex -20.88320392229824 -4.062281912422175 37.47467110956259
      vertex -5 -4.037711784243584 37.2880424708128
      vertex -20.929404794730814 -4.045794681302636 37.34943816497935
    endloop
  endfacet
  facet normal -6.06951564604154e-17 0.991444860159838 0.13052620144108665
    outer loop
      vertex -20.88320392229824 -4.062281912422175 37.47467110956259
      vertex -20.84697113532395 -4.079195543275541 37.60314288144496
      vertex -5 -4.037711784243584 37.2880424708128
    endloop
  endfacet
  facet normal 8.274892972892571e-17 0.9914448601598371 0.13052620144109375
    outer loop
      vertex -20.83911040284103 -4.08439826220274 37.642661452293396
      vertex -5 -4.037711784243584 37.2880424708128
      vertex -20.84697113532395 -4.079195543275541 37.60314288144496
    endloop
  endfacet
  facet normal 0 0.9990482214165339 0.04361939115187267
    outer loop
      vertex -20.83911040284103 -4.08439826220274 37.642661452293396
      vertex -20.820929820988265 -4.088388870860271 37.73406140943161
      vertex -5 -4.08439826220274 37.642661452293396
    endloop
  endfacet
  facet normal 3.0142158471912875e-17 0.9990482214165338 0.04361939115187788
    outer loop
      vertex -20.820929820988265 -4.088388870860271 37.73406140943161
      vertex -20.805240532653684 -4.094176484214935 37.866619537262665
      vertex -5 -4.08439826220274 37.642661452293396
    endloop
  endfacet
  facet normal 3.009257080058041e-17 0.9990482214165338 0.04361939115187788
    outer loop
      vertex -20.805240532653684 -4.094176484214935 37.866619537262665
      vertex -20.8 -4.100000001490116 38
      vertex -5 -4.08439826220274 37.642661452293396
    endloop
  endfacet
  facet normal 0 0.9990482214165337 -0.04361939115187788
    outer loop
      vertex -20.8 -4.100000001490116 38
      vertex -20.805240532653684 -4.094176484214935 38.133380462737335
      vertex -5 -4.100000001490116 38
    endloop
  endfacet
  facet normal 0 0.9990482214165337 -0.043619391151877886
    outer loop
      vertex -20.820929820988265 -4.088388870860271 38.26593859056839
      vertex -5 -4.100000001490116 38
      vertex -20.805240532653684 -4.094176484214935 38.133380462737335
    endloop
  endfacet
  facet normal 0 0.9914448601598369 -0.13052620144109559
    outer loop
      vertex -20.929404794730814 -4.045794681302636 38.65056183502065
      vertex -20.95770859742024 -4.037711784243584 38.7119575291872
      vertex -5 -4.037711784243584 38.7119575291872
    endloop
  endfacet
  facet normal 0 0.9762960074827126 -0.21643961230171138
    outer loop
      vertex -20.985288908879774 -4.024448608437186 38.77178384955723
      vertex -5 -4.037711784243584 38.7119575291872
      vertex -20.95770859742024 -4.037711784243584 38.7119575291872
    endloop
  endfacet
  facet normal 5.925503075494714e-18 0.976296007482713 -0.21643961230170994
    outer loop
      vertex -20.985288908879774 -4.024448608437186 38.77178384955723
      vertex -21.050511720598042 -3.9986292256414395 38.88824756001711
      vertex -5 -4.037711784243584 38.7119575291872
    endloop
  endfacet
  facet normal 0 0.9990482214165339 -0.04361939115187267
    outer loop
      vertex -20.820929820988265 -4.088388870860271 38.26593859056839
      vertex -20.839110402841026 -4.08439826220274 38.357338547706604
      vertex -5 -4.08439826220274 38.357338547706604
    endloop
  endfacet
  facet normal 0 0.9914448601598372 -0.13052620144109378
    outer loop
      vertex -20.839110402841026 -4.08439826220274 38.357338547706604
      vertex -20.84697113532395 -4.079195543275541 38.39685711855504
      vertex -5 -4.08439826220274 38.357338547706604
    endloop
  endfacet
  facet normal 1.8069931935969596e-17 0.991444860159838 -0.13052620144108665
    outer loop
      vertex -20.84697113532395 -4.079195543275541 38.39685711855504
      vertex -20.88320392229824 -4.062281912422175 38.52532889043741
      vertex -5 -4.08439826220274 38.357338547706604
    endloop
  endfacet
  facet normal -2.2599191507769457e-17 0.9914448601598376 -0.13052620144108984
    outer loop
      vertex -20.88320392229824 -4.062281912422175 38.52532889043741
      vertex -20.929404794730814 -4.045794681302636 38.65056183502065
      vertex -5 -4.037711784243584 38.7119575291872
    endloop
  endfacet
  facet normal 0 0.9762960074827125 0.2164396123017119
    outer loop
      vertex -20.95770859742024 -4.037711784243584 37.2880424708128
      vertex -5 -4.037711784243584 37.2880424708128
      vertex -5 -3.9602958858013153 36.93884191662073
    endloop
  endfacet
  facet normal 0 0.9914448601598377 0.13052620144109014
    outer loop
      vertex -20.83911040284103 -4.08439826220274 37.642661452293396
      vertex -5 -4.08439826220274 37.642661452293396
      vertex -5 -4.037711784243584 37.2880424708128
    endloop
  endfacet
  facet normal 0 0.9990482214165337 0.04361939115187654
    outer loop
      vertex -20.8 -4.100000001490116 38
      vertex -5 -4.100000001490116 38
      vertex -5 -4.08439826220274 37.642661452293396
    endloop
  endfacet
  facet normal 2.245496920122561e-17 0.9990482214165338 -0.04361939115187654
    outer loop
      vertex -20.820929820988265 -4.088388870860271 38.26593859056839
      vertex -5 -4.08439826220274 38.357338547706604
      vertex -5 -4.100000001490116 38
    endloop
  endfacet
  facet normal -1.9237085756985243e-17 0.9914448601598377 -0.13052620144109014
    outer loop
      vertex -20.88320392229824 -4.062281912422175 38.52532889043741
      vertex -5 -4.037711784243584 38.7119575291872
      vertex -5 -4.08439826220274 38.357338547706604
    endloop
  endfacet
  facet normal -1.8409127534322117e-16 0.9238795310891732 0.3826834357983755
    outer loop
      vertex -21.97467110956259 -3.763885346284147 36.383203922298236
      vertex -21.849438164979347 -3.7830223744403373 36.429404794730814
      vertex -5 -3.715861923992634 36.26726512610912
    endloop
  endfacet
  facet normal 1.2054928733896764e-16 0.9238795310891418 0.3826834357984517
    outer loop
      vertex -22.5 -3.729421152863327 36.3
      vertex -22.366619537262665 -3.73159185258536 36.305240532653684
      vertex -5 -3.715861923992634 36.26726512610912
    endloop
  endfacet
  facet normal 0 0.8870108380335038 0.46174860390812367
    outer loop
      vertex -5 -3.715861923992634 36.26726512610912
      vertex -5 -3.5507041588425636 35.95000000298023
      vertex -40 -3.5507041588425636 35.95000000298023
    endloop
  endfacet
  facet normal -3.5012920667113566e-17 0.9238795310891669 0.382683435798391
    outer loop
      vertex -22.366619537262665 -3.73159185258536 36.305240532653684
      vertex -22.234061409431607 -3.7380905686658346 36.32092982098827
      vertex -5 -3.715861923992634 36.26726512610912
    endloop
  endfacet
  facet normal -3.7357517295291336e-17 0.9238795310891671 0.38268343579839037
    outer loop
      vertex -22.234061409431607 -3.7380905686658346 36.32092982098827
      vertex -22.10314288144496 -3.7488772343590715 36.34697113532395
      vertex -5 -3.715861923992634 36.26726512610912
    endloop
  endfacet
  facet normal 2.3533793382957964e-17 0.9238795310891625 0.3826834357984016
    outer loop
      vertex -22.10314288144496 -3.7488772343590715 36.34697113532395
      vertex -21.97467110956259 -3.763885346284147 36.383203922298236
      vertex -5 -3.715861923992634 36.26726512610912
    endloop
  endfacet
  facet normal 2.7676293563256577e-16 0.9238795310891563 0.38268343579841646
    outer loop
      vertex -21.849438164979347 -3.7830223744403373 36.429404794730814
      vertex -21.72821615044277 -3.806170332685351 36.485288908879774
      vertex -5 -3.715861923992634 36.26726512610912
    endloop
  endfacet
  facet normal -9.47434145901894e-17 0.9238795310891664 0.38268343579839215
    outer loop
      vertex -21.611752439982887 -3.8331865061591315 36.550511720598045
      vertex -5 -3.715861923992634 36.26726512610912
      vertex -21.72821615044277 -3.806170332685351 36.485288908879774
    endloop
  endfacet
  facet normal 1.1359706433037825e-16 0.923879531089162 0.3826834357984025
    outer loop
      vertex -21.611752439982887 -3.8331865061591315 36.550511720598045
      vertex -21.541104130475308 -3.852739743888378 36.59771741181612
      vertex -5 -3.715861923992634 36.26726512610912
    endloop
  endfacet
  facet normal 0 0.9537169517977053 0.3007057961757529
    outer loop
      vertex -21.500765071102794 -3.861238212040229 36.62467110956259
      vertex -5 -3.852739743888378 36.59771741181612
      vertex -21.541104130475308 -3.852739743888378 36.59771741181612
    endloop
  endfacet
  facet normal -1.475630482107104e-17 0.953716951797708 0.3007057961757448
    outer loop
      vertex -21.500765071102794 -3.861238212040229 36.62467110956259
      vertex -21.395938317838688 -3.887294109171259 36.707309858479945
      vertex -5 -3.852739743888378 36.59771741181612
    endloop
  endfacet
  facet normal 3.4827759377993986e-17 0.9537169517977058 0.30070579617575144
    outer loop
      vertex -21.297918471982868 -3.9158628949230683 36.79791847198287
      vertex -5 -3.852739743888378 36.59771741181612
      vertex -21.395938317838688 -3.887294109171259 36.707309858479945
    endloop
  endfacet
  facet normal 5.2768302772241583e-17 0.9537169517977064 0.3007057961757493
    outer loop
      vertex -21.17348738838524 -3.9602958858013153 36.93884191662073
      vertex -5 -3.852739743888378 36.59771741181612
      vertex -21.20730985847995 -3.9467684332314077 36.895938317838684
    endloop
  endfacet
  facet normal -8.806399804742618e-17 0.9537169517977085 0.3007057961757422
    outer loop
      vertex -21.297918471982868 -3.9158628949230683 36.79791847198287
      vertex -21.20730985847995 -3.9467684332314077 36.895938317838684
      vertex -5 -3.852739743888378 36.59771741181612
    endloop
  endfacet
  facet normal -2.595775172398559e-17 0.9762960074827137 0.21643961230170636
    outer loop
      vertex -21.050511720598042 -3.9986292256414386 37.11175243998289
      vertex -5 -3.9602958858013153 36.93884191662073
      vertex -21.12467110956259 -3.974023918535112 37.0007650711028
    endloop
  endfacet
  facet normal 0 0.9762960074827124 0.2164396123017129
    outer loop
      vertex -21.17348738838524 -3.9602958858013153 36.93884191662073
      vertex -21.12467110956259 -3.974023918535112 37.0007650711028
      vertex -5 -3.9602958858013153 36.93884191662073
    endloop
  endfacet
  facet normal 9.365982190073433e-17 0.9762960074827114 0.216439612301717
    outer loop
      vertex -21.050511720598042 -3.9986292256414386 37.11175243998289
      vertex -20.985288908879774 -4.024448608437186 37.22821615044277
      vertex -5 -3.9602958858013153 36.93884191662073
    endloop
  endfacet
  facet normal 4.5308075736411095e-17 0.9762960074827113 -0.2164396123017175
    outer loop
      vertex -21.050511720598042 -3.9986292256414395 38.88824756001711
      vertex -21.12467110956259 -3.9740239185351114 38.9992349288972
      vertex -5 -3.9602958858013153 39.06115808337927
    endloop
  endfacet
  facet normal 1.1336410961189997e-16 0.9238795310891578 -0.38268343579841274
    outer loop
      vertex -21.97467110956259 -3.763885346284147 39.616796077701764
      vertex -5 -3.715861923992634 39.73273487389088
      vertex -21.849438164979347 -3.7830223744403395 39.570595205269186
    endloop
  endfacet
  facet normal -1.8141038700092163e-16 0.9238795310891944 -0.38268343579832464
    outer loop
      vertex -22.5 -3.7294211528633276 39.7
      vertex -5 -3.715861923992634 39.73273487389088
      vertex -22.366619537262665 -3.7315918525853595 39.694759467346316
    endloop
  endfacet
  facet normal 4.4217348265168766e-17 0.9238795310891579 -0.3826834357984127
    outer loop
      vertex -22.366619537262665 -3.7315918525853595 39.694759467346316
      vertex -5 -3.715861923992634 39.73273487389088
      vertex -22.234061409431607 -3.7380905686658346 39.67907017901173
    endloop
  endfacet
  facet normal -3.7357517295291336e-17 0.9238795310891671 -0.38268343579839037
    outer loop
      vertex -22.234061409431607 -3.7380905686658346 39.67907017901173
      vertex -5 -3.715861923992634 39.73273487389088
      vertex -22.10314288144496 -3.7488772343590715 39.65302886467605
    endloop
  endfacet
  facet normal 2.3533793382957964e-17 0.9238795310891625 -0.3826834357984016
    outer loop
      vertex -22.10314288144496 -3.7488772343590715 39.65302886467605
      vertex -5 -3.715861923992634 39.73273487389088
      vertex -21.97467110956259 -3.763885346284147 39.616796077701764
    endloop
  endfacet
  facet normal 0 0.8870108380335038 -0.46174860390812367
    outer loop
      vertex -5 -3.715861923992634 39.73273487389088
      vertex -40 -3.715861923992634 39.73273487389088
      vertex -5 -3.5507041588425636 40.04999999701977
    endloop
  endfacet
  facet normal 0 0.8433914461430153 -0.537299607828624
    outer loop
      vertex -5 -3.5507041588425636 40.04999999701977
      vertex -40 -3.5507041588425636 40.04999999701977
      vertex -5 -3.3585233837366104 40.35166338831186
    endloop
  endfacet
  facet normal 0 0.7933533315349184 -0.6087614404201745
    outer loop
      vertex -5 -3.3585233837366104 40.35166338831186
      vertex -40 -3.3585233837366104 40.35166338831186
      vertex -5 -3.1407822147011757 40.635429196059704
    endloop
  endfacet
  facet normal 1.9296706304477482e-17 0.9537169517977065 -0.3007057961757494
    outer loop
      vertex -21.500765071102794 -3.8612382120402287 39.37532889043741
      vertex -5 -3.852739743888378 39.40228258818388
      vertex -21.395938317838688 -3.887294109171259 39.292690141520055
    endloop
  endfacet
  facet normal 0 0.9537169517977064 -0.30070579617574933
    outer loop
      vertex -21.173487388385244 -3.9602958858013153 39.06115808337927
      vertex -21.20730985847995 -3.9467684332314077 39.104061682161316
      vertex -5 -3.9602958858013153 39.06115808337927
    endloop
  endfacet
  facet normal -1.3702132125804037e-17 0.9537169517977048 -0.30070579617575405
    outer loop
      vertex -21.20730985847995 -3.9467684332314077 39.104061682161316
      vertex -21.297918471982868 -3.915862894923067 39.20208152801713
      vertex -5 -3.9602958858013153 39.06115808337927
    endloop
  endfacet
  facet normal 1.3344786584281502e-16 0.9537169517977099 -0.3007057961757386
    outer loop
      vertex -21.297918471982868 -3.915862894923067 39.20208152801713
      vertex -21.395938317838688 -3.887294109171259 39.292690141520055
      vertex -5 -3.9602958858013153 39.06115808337927
    endloop
  endfacet
  facet normal 0 0.9762960074827138 -0.21643961230170622
    outer loop
      vertex -21.173487388385244 -3.9602958858013153 39.06115808337927
      vertex -5 -3.9602958858013153 39.06115808337927
      vertex -21.12467110956259 -3.9740239185351114 38.9992349288972
    endloop
  endfacet
  facet normal -6.74615928512294e-17 0.9238795310891597 -0.3826834357984081
    outer loop
      vertex -21.611752439982887 -3.8331865061591324 39.449488279401955
      vertex -21.72821615044277 -3.8061703326853507 39.514711091120226
      vertex -5 -3.852739743888378 39.40228258818388
    endloop
  endfacet
  facet normal 1.6179631209998765e-16 0.9238795310891718 -0.38268343579837905
    outer loop
      vertex -21.849438164979347 -3.7830223744403395 39.570595205269186
      vertex -5 -3.852739743888378 39.40228258818388
      vertex -21.72821615044277 -3.8061703326853507 39.514711091120226
    endloop
  endfacet
  facet normal 0 0.9238795310891681 -0.38268343579838787
    outer loop
      vertex -21.611752439982887 -3.8331865061591324 39.449488279401955
      vertex -5 -3.852739743888378 39.40228258818388
      vertex -21.541104130475308 -3.852739743888378 39.40228258818388
    endloop
  endfacet
  facet normal 0 0.9537169517977099 -0.3007057961757386
    outer loop
      vertex -21.500765071102794 -3.8612382120402287 39.37532889043741
      vertex -21.541104130475308 -3.852739743888378 39.40228258818388
      vertex -5 -3.852739743888378 39.40228258818388
    endloop
  endfacet
  facet normal 0 0.7372773431984206 -0.6755902006440578
    outer loop
      vertex -5 -3.1407822147011757 40.635429196059704
      vertex -40 -3.1407822147011757 40.635429196059704
      vertex -5 -2.8991378024220467 40.89913780242205
    endloop
  endfacet
  facet normal 0 0.7071067811865476 -0.7071067811865476
    outer loop
      vertex -5 -2.8991378024220467 40.89913780242205
      vertex -40 -2.8991378024220467 40.89913780242205
      vertex -5 0 43.79827560484409
    endloop
  endfacet
  facet normal 0 0.9238795310891641 0.3826834357983977
    outer loop
      vertex -21.541104130475308 -3.852739743888378 36.59771741181612
      vertex -5 -3.852739743888378 36.59771741181612
      vertex -5 -3.715861923992634 36.26726512610912
    endloop
  endfacet
  facet normal 0 0.9537169517977072 0.30070579617574705
    outer loop
      vertex -21.17348738838524 -3.9602958858013153 36.93884191662073
      vertex -5 -3.9602958858013153 36.93884191662073
      vertex -5 -3.852739743888378 36.59771741181612
    endloop
  endfacet
  facet normal -1.722355584089994e-17 0.9762960074827125 -0.21643961230171188
    outer loop
      vertex -21.050511720598042 -3.9986292256414395 38.88824756001711
      vertex -5 -3.9602958858013153 39.06115808337927
      vertex -5 -4.037711784243584 38.7119575291872
    endloop
  endfacet
  facet normal 2.3664130454647805e-18 0.9537169517977072 -0.300705796175747
    outer loop
      vertex -21.395938317838688 -3.887294109171259 39.292690141520055
      vertex -5 -3.852739743888378 39.40228258818388
      vertex -5 -3.9602958858013153 39.06115808337927
    endloop
  endfacet
  facet normal -5.641667517046284e-17 0.923879531089164 -0.3826834357983976
    outer loop
      vertex -21.849438164979347 -3.7830223744403395 39.570595205269186
      vertex -5 -3.715861923992634 39.73273487389088
      vertex -5 -3.852739743888378 39.40228258818388
    endloop
  endfacet
  facet normal -1 0 0
    outer loop
      vertex -5 -3.1407822147011757 40.635429196059704
      vertex -5 -2.8991378024220467 40.89913780242205
      vertex -5 0 43.79827560484409
    endloop
  endfacet
  facet normal -1 0 0
    outer loop
      vertex -5 -3.715861923992634 36.26726512610912
      vertex -5 3.852739743888378 36.59771741181612
      vertex -5 -3.5507041588425636 35.95000000298023
    endloop
  endfacet
  facet normal -1 0 0
    outer loop
      vertex -5 -3.852739743888378 36.59771741181612
      vertex -5 3.9602958858013153 36.93884191662073
      vertex -5 -3.715861923992634 36.26726512610912
    endloop
  endfacet
  facet normal -1 0 0
    outer loop
      vertex -5 -3.9602958858013153 36.93884191662073
      vertex -5 4.037711784243584 37.2880424708128
      vertex -5 -3.852739743888378 36.59771741181612
    endloop
  endfacet
  facet normal -1 0 0
    outer loop
      vertex -5 -3.9602958858013153 36.93884191662073
      vertex -5 -4.037711784243584 37.2880424708128
      vertex -5 4.08439826220274 37.642661452293396
    endloop
  endfacet
  facet normal -1 0 0
    outer loop
      vertex -5 -4.08439826220274 37.642661452293396
      vertex -5 4.100000001490116 38
      vertex -5 -4.037711784243584 37.2880424708128
    endloop
  endfacet
  facet normal -1 0 0
    outer loop
      vertex -5 -4.08439826220274 37.642661452293396
      vertex -5 -4.100000001490116 38
      vertex -5 4.08439826220274 38.357338547706604
    endloop
  endfacet
  facet normal -1 0 0
    outer loop
      vertex -5 -4.100000001490116 38
      vertex -5 -4.08439826220274 38.357338547706604
      vertex -5 4.037711784243584 38.7119575291872
    endloop
  endfacet
  facet normal -1 0 0
    outer loop
      vertex -5 -4.08439826220274 38.357338547706604
      vertex -5 -4.037711784243584 38.7119575291872
      vertex -5 3.9602958858013153 39.06115808337927
    endloop
  endfacet
  facet normal -1 0 0
    outer loop
      vertex -5 -4.037711784243584 38.7119575291872
      vertex -5 -3.9602958858013153 39.06115808337927
      vertex -5 3.852739743888378 39.40228258818388
    endloop
  endfacet
  facet normal -1 0 0
    outer loop
      vertex -5 -3.9602958858013153 39.06115808337927
      vertex -5 -3.852739743888378 39.40228258818388
      vertex -5 3.715861923992634 39.73273487389088
    endloop
  endfacet
  facet normal -1 0 0
    outer loop
      vertex -5 -3.852739743888378 39.40228258818388
      vertex -5 -3.715861923992634 39.73273487389088
      vertex -5 3.5507041588425636 40.04999999701977
    endloop
  endfacet
  facet normal -1 0 0
    outer loop
      vertex -5 -3.715861923992634 39.73273487389088
      vertex -5 -3.5507041588425636 40.04999999701977
      vertex -5 3.3585233837366104 40.35166338831186
    endloop
  endfacet
  facet normal -1 0 0
    outer loop
      vertex -5 -3.5507041588425636 40.04999999701977
      vertex -5 -3.3585233837366104 40.35166338831186
      vertex -5 3.1407822147011757 40.635429196059704
    endloop
  endfacet
  facet normal -1 0 0
    outer loop
      vertex -5 -3.3585233837366104 40.35166338831186
      vertex -5 -3.1407822147011757 40.635429196059704
      vertex -5 2.8991378024220467 40.89913780242205
    endloop
  endfacet
  facet normal -1 0 0
    outer loop
      vertex -5 -3.1407822147011757 40.635429196059704
      vertex -5 0 43.79827560484409
      vertex -5 2.8991378024220467 40.89913780242205
    endloop
  endfacet
  facet normal 0 -0.04361939115187654 0.9990482214165338
    outer loop
      vertex -5 0 33.899999998509884
      vertex -40 0.357338547706604 33.91560173779726
      vertex -40 0 33.899999998509884
    endloop
  endfacet
  facet normal 0 -0.13052620144109012 0.9914448601598376
    outer loop
      vertex -5 0.357338547706604 33.91560173779726
      vertex -40 0.7119575291872025 33.962288215756416
      vertex -40 0.357338547706604 33.91560173779726
    endloop
  endfacet
  facet normal 0 -0.21643961230171194 0.9762960074827125
    outer loop
      vertex -5 0.7119575291872025 33.962288215756416
      vertex -40 1.0611580833792686 34.039704114198685
      vertex -40 0.7119575291872025 33.962288215756416
    endloop
  endfacet
  facet normal 0 -0.300705796175747 0.9537169517977071
    outer loop
      vertex -5 1.0611580833792686 34.039704114198685
      vertex -40 1.4022825881838799 34.14726025611162
      vertex -40 1.0611580833792686 34.039704114198685
    endloop
  endfacet
  facet normal 0 -0.38268343579839764 0.923879531089164
    outer loop
      vertex -5 1.4022825881838799 34.14726025611162
      vertex -40 1.7327348738908768 34.284138076007366
      vertex -40 1.4022825881838799 34.14726025611162
    endloop
  endfacet
  facet normal 0 -0.46174860390812367 0.8870108380335038
    outer loop
      vertex -5 1.7327348738908768 34.284138076007366
      vertex -40 2.0499999970197678 34.449295841157436
      vertex -40 1.7327348738908768 34.284138076007366
    endloop
  endfacet
  facet normal 0 -0.537299607828624 0.8433914461430153
    outer loop
      vertex -5 2.0499999970197678 34.449295841157436
      vertex -40 2.351663388311863 34.64147661626339
      vertex -40 2.0499999970197678 34.449295841157436
    endloop
  endfacet
  facet normal 0 -0.6087614404201745 0.7933533315349184
    outer loop
      vertex -5 2.351663388311863 34.64147661626339
      vertex -40 2.635429196059704 34.859217785298824
      vertex -40 2.351663388311863 34.64147661626339
    endloop
  endfacet
  facet normal 0 -0.6755902006440578 0.7372773431984206
    outer loop
      vertex -5 2.635429196059704 34.859217785298824
      vertex -40 2.8991378024220467 35.10086219757795
      vertex -40 2.635429196059704 34.859217785298824
    endloop
  endfacet
  facet normal 0 -0.7372773431984206 0.6755902006440578
    outer loop
      vertex -5 2.8991378024220467 35.10086219757795
      vertex -40 3.1407822147011757 35.364570803940296
      vertex -40 2.8991378024220467 35.10086219757795
    endloop
  endfacet
  facet normal 0 -0.7933533315349184 0.6087614404201745
    outer loop
      vertex -5 3.1407822147011757 35.364570803940296
      vertex -40 3.3585233837366104 35.64833661168814
      vertex -40 3.1407822147011757 35.364570803940296
    endloop
  endfacet
  facet normal 0 -0.8433914461430153 0.537299607828624
    outer loop
      vertex -5 3.3585233837366104 35.64833661168814
      vertex -40 3.5507041588425636 35.95000000298023
      vertex -40 3.3585233837366104 35.64833661168814
    endloop
  endfacet
  facet normal 0 -0.7071067811865476 -0.7071067811865476
    outer loop
      vertex -5 2.8991378024220467 40.89913780242205
      vertex -40 0 43.79827560484409
      vertex -40 2.8991378024220467 40.89913780242205
    endloop
  endfacet
  facet normal 0 -0.8870108380335038 0.46174860390812367
    outer loop
      vertex -5 3.5507041588425636 35.95000000298023
      vertex -40 3.715861923992634 36.26726512610912
      vertex -40 3.5507041588425636 35.95000000298023
    endloop
  endfacet
  facet normal 0 -0.923879531089164 0.38268343579839764
    outer loop
      vertex -5 3.715861923992634 36.26726512610912
      vertex -40 3.852739743888378 36.59771741181612
      vertex -40 3.715861923992634 36.26726512610912
    endloop
  endfacet
  facet normal 0 -0.9537169517977071 0.300705796175747
    outer loop
      vertex -5 3.852739743888378 36.59771741181612
      vertex -40 3.9602958858013153 36.93884191662073
      vertex -40 3.852739743888378 36.59771741181612
    endloop
  endfacet
  facet normal 0 -0.9762960074827125 0.21643961230171194
    outer loop
      vertex -5 3.9602958858013153 36.93884191662073
      vertex -40 4.037711784243584 37.2880424708128
      vertex -40 3.9602958858013153 36.93884191662073
    endloop
  endfacet
  facet normal 0 -0.7933533315349184 -0.6087614404201745
    outer loop
      vertex -5 3.3585233837366104 40.35166338831186
      vertex -40 3.1407822147011757 40.635429196059704
      vertex -40 3.3585233837366104 40.35166338831186
    endloop
  endfacet
  facet normal 0 -0.8433914461430153 -0.537299607828624
    outer loop
      vertex -5 3.5507041588425636 40.04999999701977
      vertex -40 3.3585233837366104 40.35166338831186
      vertex -40 3.5507041588425636 40.04999999701977
    endloop
  endfacet
  facet normal 0 -0.9537169517977071 -0.300705796175747
    outer loop
      vertex -5 3.9602958858013153 39.06115808337927
      vertex -40 3.852739743888378 39.40228258818388
      vertex -40 3.9602958858013153 39.06115808337927
    endloop
  endfacet
  facet normal 0 -0.923879531089164 -0.38268343579839764
    outer loop
      vertex -5 3.852739743888378 39.40228258818388
      vertex -40 3.715861923992634 39.73273487389088
      vertex -40 3.852739743888378 39.40228258818388
    endloop
  endfacet
  facet normal 0 -0.8870108380335038 -0.46174860390812367
    outer loop
      vertex -5 3.715861923992634 39.73273487389088
      vertex -40 3.5507041588425636 40.04999999701977
      vertex -40 3.715861923992634 39.73273487389088
    endloop
  endfacet
  facet normal 0 -0.7372773431984206 -0.6755902006440578
    outer loop
      vertex -5 3.1407822147011757 40.635429196059704
      vertex -40 2.8991378024220467 40.89913780242205
      vertex -40 3.1407822147011757 40.635429196059704
    endloop
  endfacet
  facet normal 0 -0.9914448601598376 0.13052620144109012
    outer loop
      vertex -5 4.037711784243584 37.2880424708128
      vertex -40 4.08439826220274 37.642661452293396
      vertex -40 4.037711784243584 37.2880424708128
    endloop
  endfacet
  facet normal 0 -0.9990482214165338 0.04361939115187654
    outer loop
      vertex -5 4.08439826220274 37.642661452293396
      vertex -40 4.100000001490116 38
      vertex -40 4.08439826220274 37.642661452293396
    endloop
  endfacet
  facet normal 0 -0.9990482214165338 -0.04361939115187654
    outer loop
      vertex -5 4.100000001490116 38
      vertex -40 4.08439826220274 38.357338547706604
      vertex -40 4.100000001490116 38
    endloop
  endfacet
  facet normal 0 -0.9914448601598376 -0.13052620144109012
    outer loop
      vertex -5 4.08439826220274 38.357338547706604
      vertex -40 4.037711784243584 38.7119575291872
      vertex -40 4.08439826220274 38.357338547706604
    endloop
  endfacet
  facet normal 0 -0.9762960074827125 -0.21643961230171194
    outer loop
      vertex -5 4.037711784243584 38.7119575291872
      vertex -40 3.9602958858013153 39.06115808337927
      vertex -40 4.037711784243584 38.7119575291872
    endloop
  endfacet
  facet normal 0 -0.04361939115187654 0.9990482214165338
    outer loop
      vertex -5 0 33.899999998509884
      vertex -5 0.357338547706604 33.91560173779726
      vertex -40 0.357338547706604 33.91560173779726
    endloop
  endfacet
  facet normal 0 -0.13052620144109012 0.9914448601598376
    outer loop
      vertex -5 0.357338547706604 33.91560173779726
      vertex -5 0.7119575291872025 33.962288215756416
      vertex -40 0.7119575291872025 33.962288215756416
    endloop
  endfacet
  facet normal 0 -0.21643961230171194 0.9762960074827125
    outer loop
      vertex -5 0.7119575291872025 33.962288215756416
      vertex -5 1.0611580833792686 34.039704114198685
      vertex -40 1.0611580833792686 34.039704114198685
    endloop
  endfacet
  facet normal 0 -0.300705796175747 0.9537169517977071
    outer loop
      vertex -5 1.0611580833792686 34.039704114198685
      vertex -5 1.4022825881838799 34.14726025611162
      vertex -40 1.4022825881838799 34.14726025611162
    endloop
  endfacet
  facet normal 0 -0.38268343579839764 0.923879531089164
    outer loop
      vertex -5 1.4022825881838799 34.14726025611162
      vertex -5 1.7327348738908768 34.284138076007366
      vertex -40 1.7327348738908768 34.284138076007366
    endloop
  endfacet
  facet normal 0 -0.46174860390812367 0.8870108380335038
    outer loop
      vertex -5 1.7327348738908768 34.284138076007366
      vertex -5 2.0499999970197678 34.449295841157436
      vertex -40 2.0499999970197678 34.449295841157436
    endloop
  endfacet
  facet normal 0 -0.537299607828624 0.8433914461430153
    outer loop
      vertex -5 2.0499999970197678 34.449295841157436
      vertex -5 2.351663388311863 34.64147661626339
      vertex -40 2.351663388311863 34.64147661626339
    endloop
  endfacet
  facet normal 0 -0.6087614404201745 0.7933533315349184
    outer loop
      vertex -5 2.351663388311863 34.64147661626339
      vertex -5 2.635429196059704 34.859217785298824
      vertex -40 2.635429196059704 34.859217785298824
    endloop
  endfacet
  facet normal 0 -0.6755902006440578 0.7372773431984206
    outer loop
      vertex -5 2.635429196059704 34.859217785298824
      vertex -5 2.8991378024220467 35.10086219757795
      vertex -40 2.8991378024220467 35.10086219757795
    endloop
  endfacet
  facet normal 0 -0.7372773431984206 0.6755902006440578
    outer loop
      vertex -5 2.8991378024220467 35.10086219757795
      vertex -5 3.1407822147011757 35.364570803940296
      vertex -40 3.1407822147011757 35.364570803940296
    endloop
  endfacet
  facet normal 0 -0.7933533315349184 0.6087614404201745
    outer loop
      vertex -5 3.1407822147011757 35.364570803940296
      vertex -5 3.3585233837366104 35.64833661168814
      vertex -40 3.3585233837366104 35.64833661168814
    endloop
  endfacet
  facet normal 0 -0.8433914461430153 0.537299607828624
    outer loop
      vertex -5 3.3585233837366104 35.64833661168814
      vertex -5 3.5507041588425636 35.95000000298023
      vertex -40 3.5507041588425636 35.95000000298023
    endloop
  endfacet
  facet normal -1 0 0
    outer loop
      vertex -5 -0.357338547706604 33.91560173779726
      vertex -5 0.7119575291872025 33.962288215756416
      vertex -5 0 33.899999998509884
    endloop
  endfacet
  facet normal -1 0 0
    outer loop
      vertex -5 0 33.899999998509884
      vertex -5 0.7119575291872025 33.962288215756416
      vertex -5 0.357338547706604 33.91560173779726
    endloop
  endfacet
  facet normal -1 0 0
    outer loop
      vertex -5 -0.357338547706604 33.91560173779726
      vertex -5 1.0611580833792686 34.039704114198685
      vertex -5 0.7119575291872025 33.962288215756416
    endloop
  endfacet
  facet normal -1 0 0
    outer loop
      vertex -5 -0.7119575291872025 33.962288215756416
      vertex -5 1.4022825881838799 34.14726025611162
      vertex -5 1.0611580833792686 34.039704114198685
    endloop
  endfacet
  facet normal -1 0 0
    outer loop
      vertex -5 -1.0611580833792686 34.039704114198685
      vertex -5 1.7327348738908768 34.284138076007366
      vertex -5 1.4022825881838799 34.14726025611162
    endloop
  endfacet
  facet normal -1 0 0
    outer loop
      vertex -5 -1.4022825881838799 34.14726025611162
      vertex -5 2.0499999970197678 34.449295841157436
      vertex -5 1.7327348738908768 34.284138076007366
    endloop
  endfacet
  facet normal -1 0 0
    outer loop
      vertex -5 -1.7327348738908768 34.284138076007366
      vertex -5 2.351663388311863 34.64147661626339
      vertex -5 2.0499999970197678 34.449295841157436
    endloop
  endfacet
  facet normal -1 0 0
    outer loop
      vertex -5 -2.0499999970197678 34.449295841157436
      vertex -5 2.635429196059704 34.859217785298824
      vertex -5 2.351663388311863 34.64147661626339
    endloop
  endfacet
  facet normal -1 0 0
    outer loop
      vertex -5 -2.351663388311863 34.64147661626339
      vertex -5 2.8991378024220467 35.10086219757795
      vertex -5 2.635429196059704 34.859217785298824
    endloop
  endfacet
  facet normal -1 0 0
    outer loop
      vertex -5 -2.635429196059704 34.859217785298824
      vertex -5 3.1407822147011757 35.364570803940296
      vertex -5 2.8991378024220467 35.10086219757795
    endloop
  endfacet
  facet normal -1 0 0
    outer loop
      vertex -5 -2.8991378024220467 35.10086219757795
      vertex -5 3.3585233837366104 35.64833661168814
      vertex -5 3.1407822147011757 35.364570803940296
    endloop
  endfacet
  facet normal -1 0 0
    outer loop
      vertex -5 -3.1407822147011757 35.364570803940296
      vertex -5 3.5507041588425636 35.95000000298023
      vertex -5 3.3585233837366104 35.64833661168814
    endloop
  endfacet
  facet normal -1 0 0
    outer loop
      vertex -5 -3.3585233837366104 35.64833661168814
      vertex -5 3.715861923992634 36.26726512610912
      vertex -5 3.5507041588425636 35.95000000298023
    endloop
  endfacet
  facet normal 0 -0.8870108380335038 0.46174860390812367
    outer loop
      vertex -5 3.5507041588425636 35.95000000298023
      vertex -5 3.715861923992634 36.26726512610912
      vertex -40 3.715861923992634 36.26726512610912
    endloop
  endfacet
  facet normal 0 -0.923879531089164 0.38268343579839764
    outer loop
      vertex -5 3.715861923992634 36.26726512610912
      vertex -5 3.852739743888378 36.59771741181612
      vertex -40 3.852739743888378 36.59771741181612
    endloop
  endfacet
  facet normal 0 -0.9537169517977071 0.300705796175747
    outer loop
      vertex -5 3.852739743888378 36.59771741181612
      vertex -5 3.9602958858013153 36.93884191662073
      vertex -40 3.9602958858013153 36.93884191662073
    endloop
  endfacet
  facet normal 0 -0.9762960074827125 -0.21643961230171194
    outer loop
      vertex -5 3.9602958858013153 39.06115808337927
      vertex -40 3.9602958858013153 39.06115808337927
      vertex -5 4.037711784243584 38.7119575291872
    endloop
  endfacet
  facet normal 0 -0.7372773431984206 -0.6755902006440578
    outer loop
      vertex -5 2.8991378024220467 40.89913780242205
      vertex -40 2.8991378024220467 40.89913780242205
      vertex -5 3.1407822147011757 40.635429196059704
    endloop
  endfacet
  facet normal 0 -0.8433914461430153 -0.537299607828624
    outer loop
      vertex -5 3.3585233837366104 40.35166338831186
      vertex -40 3.3585233837366104 40.35166338831186
      vertex -5 3.5507041588425636 40.04999999701977
    endloop
  endfacet
  facet normal 0 -0.9537169517977071 -0.300705796175747
    outer loop
      vertex -5 3.852739743888378 39.40228258818388
      vertex -40 3.852739743888378 39.40228258818388
      vertex -5 3.9602958858013153 39.06115808337927
    endloop
  endfacet
  facet normal 0 -0.923879531089164 -0.38268343579839764
    outer loop
      vertex -5 3.715861923992634 39.73273487389088
      vertex -40 3.715861923992634 39.73273487389088
      vertex -5 3.852739743888378 39.40228258818388
    endloop
  endfacet
  facet normal 0 -0.8870108380335038 -0.46174860390812367
    outer loop
      vertex -5 3.715861923992634 39.73273487389088
      vertex -5 3.5507041588425636 40.04999999701977
      vertex -40 3.5507041588425636 40.04999999701977
    endloop
  endfacet
  facet normal 0 -0.7933533315349184 -0.6087614404201745
    outer loop
      vertex -5 3.1407822147011757 40.635429196059704
      vertex -40 3.1407822147011757 40.635429196059704
      vertex -5 3.3585233837366104 40.35166338831186
    endloop
  endfacet
  facet normal 0 -0.7071067811865476 -0.7071067811865476
    outer loop
      vertex -5 2.8991378024220467 40.89913780242205
      vertex -5 0 43.79827560484409
      vertex -40 0 43.79827560484409
    endloop
  endfacet
  facet normal 0 -0.9762960074827125 0.21643961230171194
    outer loop
      vertex -5 3.9602958858013153 36.93884191662073
      vertex -5 4.037711784243584 37.2880424708128
      vertex -40 4.037711784243584 37.2880424708128
    endloop
  endfacet
  facet normal 0 -0.9914448601598376 0.13052620144109012
    outer loop
      vertex -5 4.037711784243584 37.2880424708128
      vertex -5 4.08439826220274 37.642661452293396
      vertex -40 4.08439826220274 37.642661452293396
    endloop
  endfacet
  facet normal 0 -0.9990482214165338 0.04361939115187654
    outer loop
      vertex -5 4.08439826220274 37.642661452293396
      vertex -5 4.100000001490116 38
      vertex -40 4.100000001490116 38
    endloop
  endfacet
  facet normal 0 -0.9990482214165338 -0.04361939115187654
    outer loop
      vertex -5 4.100000001490116 38
      vertex -5 4.08439826220274 38.357338547706604
      vertex -40 4.08439826220274 38.357338547706604
    endloop
  endfacet
  facet normal 0 -0.9914448601598376 -0.13052620144109012
    outer loop
      vertex -5 4.08439826220274 38.357338547706604
      vertex -5 4.037711784243584 38.7119575291872
      vertex -40 4.037711784243584 38.7119575291872
    endloop
  endfacet
  facet normal -1 0 0
    outer loop
      vertex -5 -3.5507041588425636 35.95000000298023
      vertex -5 3.852739743888378 36.59771741181612
      vertex -5 3.715861923992634 36.26726512610912
    endloop
  endfacet
  facet normal -1 0 0
    outer loop
      vertex -5 -3.715861923992634 36.26726512610912
      vertex -5 3.9602958858013153 36.93884191662073
      vertex -5 3.852739743888378 36.59771741181612
    endloop
  endfacet
  facet normal -1 0 0
    outer loop
      vertex -5 -3.852739743888378 36.59771741181612
      vertex -5 4.037711784243584 37.2880424708128
      vertex -5 3.9602958858013153 36.93884191662073
    endloop
  endfacet
  facet normal -1 0 0
    outer loop
      vertex -5 -3.9602958858013153 36.93884191662073
      vertex -5 4.08439826220274 37.642661452293396
      vertex -5 4.037711784243584 37.2880424708128
    endloop
  endfacet
  facet normal -1 0 0
    outer loop
      vertex -5 -4.037711784243584 37.2880424708128
      vertex -5 4.100000001490116 38
      vertex -5 4.08439826220274 37.642661452293396
    endloop
  endfacet
  facet normal -1 0 0
    outer loop
      vertex -5 -4.08439826220274 37.642661452293396
      vertex -5 4.08439826220274 38.357338547706604
      vertex -5 4.100000001490116 38
    endloop
  endfacet
  facet normal -1 0 0
    outer loop
      vertex -5 -4.100000001490116 38
      vertex -5 4.037711784243584 38.7119575291872
      vertex -5 4.08439826220274 38.357338547706604
    endloop
  endfacet
  facet normal -1 0 0
    outer loop
      vertex -5 -4.08439826220274 38.357338547706604
      vertex -5 3.9602958858013153 39.06115808337927
      vertex -5 4.037711784243584 38.7119575291872
    endloop
  endfacet
  facet normal -1 0 0
    outer loop
      vertex -5 -3.5507041588425636 40.04999999701977
      vertex -5 3.1407822147011757 40.635429196059704
      vertex -5 3.3585233837366104 40.35166338831186
    endloop
  endfacet
  facet normal -1 0 0
    outer loop
      vertex -5 -3.3585233837366104 40.35166338831186
      vertex -5 2.8991378024220467 40.89913780242205
      vertex -5 3.1407822147011757 40.635429196059704
    endloop
  endfacet
  facet normal -1 0 0
    outer loop
      vertex -5 -3.9602958858013153 39.06115808337927
      vertex -5 3.715861923992634 39.73273487389088
      vertex -5 3.852739743888378 39.40228258818388
    endloop
  endfacet
  facet normal -1 0 0
    outer loop
      vertex -5 -3.852739743888378 39.40228258818388
      vertex -5 3.5507041588425636 40.04999999701977
      vertex -5 3.715861923992634 39.73273487389088
    endloop
  endfacet
  facet normal -1 0 0
    outer loop
      vertex -5 -4.037711784243584 38.7119575291872
      vertex -5 3.852739743888378 39.40228258818388
      vertex -5 3.9602958858013153 39.06115808337927
    endloop
  endfacet
  facet normal -1 0 0
    outer loop
      vertex -5 -3.715861923992634 39.73273487389088
      vertex -5 3.3585233837366104 40.35166338831186
      vertex -5 3.5507041588425636 40.04999999701977
    endloop
  endfacet
  facet normal 0.785316930880762 0 0.6190939493098123
    outer loop
      vertex 21.20730985847995 -12.5 36.895938317838684
      vertex 21.12467110956259 -16 37.0007650711028
      vertex 21.20730985847995 -16 36.895938317838684
    endloop
  endfacet
  facet normal 0.8314696123025288 0 0.5555702330196268
    outer loop
      vertex 21.12467110956259 -12.5 37.0007650711028
      vertex 21.050511720598042 -16 37.11175243998289
      vertex 21.12467110956259 -16 37.0007650711028
    endloop
  endfacet
  facet normal 0.9381913359224844 0 0.346117057077492
    outer loop
      vertex 20.929404794730814 -12.5 37.34943816497935
      vertex 20.88320392229824 -16 37.47467110956259
      vertex 20.929404794730814 -16 37.34943816497935
    endloop
  endfacet
  facet normal 0.872496007072797 0 0.48862124149695524
    outer loop
      vertex 21.050511720598042 -12.5 37.11175243998289
      vertex 20.985288908879774 -16 37.22821615044277
      vertex 21.050511720598042 -16 37.11175243998289
    endloop
  endfacet
  facet normal 0.9081431738250899 0 0.4186597375374095
    outer loop
      vertex 20.985288908879774 -12.5 37.22821615044277
      vertex 20.929404794730814 -16 37.34943816497935
      vertex 20.985288908879774 -16 37.22821615044277
    endloop
  endfacet
  facet normal 0.6788007455329405 0 0.7343225094356868
    outer loop
      vertex 21.395938317838688 -12.5 36.707309858479945
      vertex 21.297918471982868 -16 36.79791847198287
      vertex 21.395938317838688 -16 36.707309858479945
    endloop
  endfacet
  facet normal 0.6190939493098218 0 0.7853169308807545
    outer loop
      vertex 21.500765071102794 -12.5 36.62467110956259
      vertex 21.395938317838688 -16 36.707309858479945
      vertex 21.500765071102794 -16 36.62467110956259
    endloop
  endfacet
  facet normal 0.4886212414969755 0 0.8724960070727855
    outer loop
      vertex 21.72821615044277 -12.5 36.485288908879774
      vertex 21.611752439982887 -16 36.550511720598045
      vertex 21.72821615044277 -16 36.485288908879774
    endloop
  endfacet
  facet normal 0.4186597375374095 0 0.9081431738250899
    outer loop
      vertex 21.849438164979347 -12.5 36.429404794730814
      vertex 21.72821615044277 -16 36.485288908879774
      vertex 21.849438164979347 -16 36.429404794730814
    endloop
  endfacet
  facet normal 0.5555702330195962 0 0.8314696123025492
    outer loop
      vertex 21.611752439982887 -12.5 36.550511720598045
      vertex 21.500765071102794 -16 36.62467110956259
      vertex 21.611752439982887 -16 36.550511720598045
    endloop
  endfacet
  facet normal 0.27144044986507077 0 0.9624552364536482
    outer loop
      vertex 22.10314288144496 -12.5 36.34697113532395
      vertex 21.97467110956259 -16 36.383203922298236
      vertex 22.10314288144496 -16 36.34697113532395
    endloop
  endfacet
  facet normal 0.19509032201608856 0 0.9807852804032383
    outer loop
      vertex 22.234061409431607 -12.5 36.32092982098827
      vertex 22.10314288144496 -16 36.34697113532395
      vertex 22.234061409431607 -16 36.32092982098827
    endloop
  endfacet
  facet normal 0.11753739745784617 0 0.9930684569549253
    outer loop
      vertex 22.366619537262665 -12.5 36.305240532653684
      vertex 22.234061409431607 -16 36.32092982098827
      vertex 22.366619537262665 -16 36.305240532653684
    endloop
  endfacet
  facet normal 0.039259815759103533 0 0.9992290362407217
    outer loop
      vertex 22.5 -12.5 36.3
      vertex 22.366619537262665 -16 36.305240532653684
      vertex 22.5 -16 36.3
    endloop
  endfacet
  facet normal 0.3461170570775241 0 0.9381913359224726
    outer loop
      vertex 21.97467110956259 -12.5 36.383203922298236
      vertex 21.849438164979347 -16 36.429404794730814
      vertex 21.97467110956259 -16 36.383203922298236
    endloop
  endfacet
  facet normal 0.7343225094356878 0 0.6788007455329393
    outer loop
      vertex 21.297918471982868 -12.5 36.79791847198287
      vertex 21.20730985847995 -16 36.895938317838684
      vertex 21.297918471982868 -16 36.79791847198287
    endloop
  endfacet
  facet normal 0.9624552364536463 0 0.27144044986507776
    outer loop
      vertex 20.88320392229824 -12.5 37.47467110956259
      vertex 20.84697113532395 -16 37.60314288144496
      vertex 20.88320392229824 -16 37.47467110956259
    endloop
  endfacet
  facet normal 0.9807852804032292 0 0.1950903220161347
    outer loop
      vertex 20.84697113532395 -12.5 37.60314288144496
      vertex 20.820929820988265 -16 37.73406140943161
      vertex 20.84697113532395 -16 37.60314288144496
    endloop
  endfacet
  facet normal 0.993068456954928 0 0.117537397457823
    outer loop
      vertex 20.820929820988265 -12.5 37.73406140943161
      vertex 20.805240532653684 -16 37.866619537262665
      vertex 20.820929820988265 -16 37.73406140943161
    endloop
  endfacet
  facet normal 0.9992290362407226 0 0.03925981575907695
    outer loop
      vertex 20.805240532653684 -12.5 37.866619537262665
      vertex 20.8 -16 38
      vertex 20.805240532653684 -16 37.866619537262665
    endloop
  endfacet
  facet normal 0.9992290362407226 0 -0.03925981575907695
    outer loop
      vertex 20.8 -12.5 38
      vertex 20.805240532653684 -16 38.133380462737335
      vertex 20.8 -16 38
    endloop
  endfacet
  facet normal 0.993068456954928 0 -0.117537397457823
    outer loop
      vertex 20.805240532653684 -12.5 38.133380462737335
      vertex 20.820929820988265 -16 38.26593859056839
      vertex 20.805240532653684 -16 38.133380462737335
    endloop
  endfacet
  facet normal 0.9807852804032292 0 -0.1950903220161347
    outer loop
      vertex 20.820929820988265 -12.5 38.26593859056839
      vertex 20.84697113532395 -16 38.39685711855504
      vertex 20.820929820988265 -16 38.26593859056839
    endloop
  endfacet
  facet normal 0.9624552364536463 0 -0.27144044986507776
    outer loop
      vertex 20.84697113532395 -12.5 38.39685711855504
      vertex 20.88320392229824 -16 38.52532889043741
      vertex 20.84697113532395 -16 38.39685711855504
    endloop
  endfacet
  facet normal 0.9381913359224844 0 -0.346117057077492
    outer loop
      vertex 20.88320392229824 -12.5 38.52532889043741
      vertex 20.929404794730814 -16 38.65056183502065
      vertex 20.88320392229824 -16 38.52532889043741
    endloop
  endfacet
  facet normal 0.9081431738250899 0 -0.4186597375374095
    outer loop
      vertex 20.929404794730814 -12.5 38.65056183502065
      vertex 20.985288908879774 -16 38.77178384955723
      vertex 20.929404794730814 -16 38.65056183502065
    endloop
  endfacet
  facet normal 0.872496007072797 0 -0.48862124149695524
    outer loop
      vertex 20.985288908879774 -12.5 38.77178384955723
      vertex 21.050511720598042 -16 38.88824756001711
      vertex 20.985288908879774 -16 38.77178384955723
    endloop
  endfacet
  facet normal 0.8314696123025288 0 -0.5555702330196268
    outer loop
      vertex 21.050511720598042 -12.5 38.88824756001711
      vertex 21.12467110956259 -16 38.9992349288972
      vertex 21.050511720598042 -16 38.88824756001711
    endloop
  endfacet
  facet normal -0.039259815759103533 0 0.9992290362407217
    outer loop
      vertex 22.633380462737335 -12.5 36.305240532653684
      vertex 22.5 -16 36.3
      vertex 22.633380462737335 -16 36.305240532653684
    endloop
  endfacet
  facet normal -0.11753739745784617 0 0.9930684569549253
    outer loop
      vertex 22.765938590568393 -12.5 36.32092982098827
      vertex 22.633380462737335 -16 36.305240532653684
      vertex 22.765938590568393 -16 36.32092982098827
    endloop
  endfacet
  facet normal -0.19509032201608856 0 0.9807852804032383
    outer loop
      vertex 22.89685711855504 -12.5 36.34697113532395
      vertex 22.765938590568393 -16 36.32092982098827
      vertex 22.89685711855504 -16 36.34697113532395
    endloop
  endfacet
  facet normal -0.27144044986507077 0 0.9624552364536482
    outer loop
      vertex 23.02532889043741 -12.5 36.383203922298236
      vertex 22.89685711855504 -16 36.34697113532395
      vertex 23.02532889043741 -16 36.383203922298236
    endloop
  endfacet
  facet normal -0.3461170570775241 0 0.9381913359224726
    outer loop
      vertex 23.150561835020653 -12.5 36.429404794730814
      vertex 23.02532889043741 -16 36.383203922298236
      vertex 23.150561835020653 -16 36.429404794730814
    endloop
  endfacet
  facet normal -0.4186597375374095 0 0.9081431738250899
    outer loop
      vertex 23.27178384955723 -12.5 36.485288908879774
      vertex 23.150561835020653 -16 36.429404794730814
      vertex 23.27178384955723 -16 36.485288908879774
    endloop
  endfacet
  facet normal -0.4886212414969755 0 0.8724960070727855
    outer loop
      vertex 23.388247560017113 -12.5 36.550511720598045
      vertex 23.27178384955723 -16 36.485288908879774
      vertex 23.388247560017113 -16 36.550511720598045
    endloop
  endfacet
  facet normal -0.5555702330195962 0 0.8314696123025492
    outer loop
      vertex 23.499234928897206 -12.5 36.62467110956259
      vertex 23.388247560017113 -16 36.550511720598045
      vertex 23.499234928897206 -16 36.62467110956259
    endloop
  endfacet
  facet normal -0.6190939493098218 0 0.7853169308807545
    outer loop
      vertex 23.604061682161312 -12.5 36.707309858479945
      vertex 23.499234928897206 -16 36.62467110956259
      vertex 23.604061682161312 -16 36.707309858479945
    endloop
  endfacet
  facet normal -0.6788007455329405 0 0.7343225094356868
    outer loop
      vertex 23.702081528017132 -12.5 36.79791847198287
      vertex 23.604061682161312 -16 36.707309858479945
      vertex 23.702081528017132 -16 36.79791847198287
    endloop
  endfacet
  facet normal -0.7343225094356878 0 0.6788007455329393
    outer loop
      vertex 23.79269014152005 -12.5 36.895938317838684
      vertex 23.702081528017132 -16 36.79791847198287
      vertex 23.79269014152005 -16 36.895938317838684
    endloop
  endfacet
  facet normal -0.785316930880762 0 0.6190939493098123
    outer loop
      vertex 23.87532889043741 -12.5 37.0007650711028
      vertex 23.79269014152005 -16 36.895938317838684
      vertex 23.87532889043741 -16 37.0007650711028
    endloop
  endfacet
  facet normal -0.8314696123025288 0 0.5555702330196268
    outer loop
      vertex 23.949488279401958 -12.5 37.11175243998289
      vertex 23.87532889043741 -16 37.0007650711028
      vertex 23.949488279401958 -16 37.11175243998289
    endloop
  endfacet
  facet normal -0.872496007072797 0 0.48862124149695524
    outer loop
      vertex 24.014711091120226 -12.5 37.22821615044277
      vertex 23.949488279401958 -16 37.11175243998289
      vertex 24.014711091120226 -16 37.22821615044277
    endloop
  endfacet
  facet normal -0.9081431738250899 0 0.4186597375374095
    outer loop
      vertex 24.070595205269186 -12.5 37.34943816497935
      vertex 24.014711091120226 -16 37.22821615044277
      vertex 24.070595205269186 -16 37.34943816497935
    endloop
  endfacet
  facet normal -0.9381913359224844 0 0.346117057077492
    outer loop
      vertex 24.11679607770176 -12.5 37.47467110956259
      vertex 24.070595205269186 -16 37.34943816497935
      vertex 24.11679607770176 -16 37.47467110956259
    endloop
  endfacet
  facet normal -0.9624552364536463 0 0.27144044986507776
    outer loop
      vertex 24.15302886467605 -12.5 37.60314288144496
      vertex 24.11679607770176 -16 37.47467110956259
      vertex 24.15302886467605 -16 37.60314288144496
    endloop
  endfacet
  facet normal -0.9807852804032292 0 0.1950903220161347
    outer loop
      vertex 24.179070179011735 -12.5 37.73406140943161
      vertex 24.15302886467605 -16 37.60314288144496
      vertex 24.179070179011735 -16 37.73406140943161
    endloop
  endfacet
  facet normal -0.993068456954928 0 0.117537397457823
    outer loop
      vertex 24.194759467346316 -12.5 37.866619537262665
      vertex 24.179070179011735 -16 37.73406140943161
      vertex 24.194759467346316 -16 37.866619537262665
    endloop
  endfacet
  facet normal -0.9992290362407226 0 0.03925981575907695
    outer loop
      vertex 24.2 -12.5 38
      vertex 24.194759467346316 -16 37.866619537262665
      vertex 24.2 -16 38
    endloop
  endfacet
  facet normal -0.9992290362407226 0 -0.03925981575907695
    outer loop
      vertex 24.194759467346316 -12.5 38.133380462737335
      vertex 24.2 -16 38
      vertex 24.194759467346316 -16 38.133380462737335
    endloop
  endfacet
  facet normal -0.993068456954928 0 -0.117537397457823
    outer loop
      vertex 24.179070179011735 -12.5 38.26593859056839
      vertex 24.194759467346316 -16 38.133380462737335
      vertex 24.179070179011735 -16 38.26593859056839
    endloop
  endfacet
  facet normal -0.9807852804032292 0 -0.1950903220161347
    outer loop
      vertex 24.15302886467605 -12.5 38.39685711855504
      vertex 24.179070179011735 -16 38.26593859056839
      vertex 24.15302886467605 -16 38.39685711855504
    endloop
  endfacet
  facet normal -0.9624552364536463 0 -0.27144044986507776
    outer loop
      vertex 24.11679607770176 -12.5 38.52532889043741
      vertex 24.15302886467605 -16 38.39685711855504
      vertex 24.11679607770176 -16 38.52532889043741
    endloop
  endfacet
  facet normal -0.9381913359224844 0 -0.346117057077492
    outer loop
      vertex 24.070595205269186 -12.5 38.65056183502065
      vertex 24.11679607770176 -16 38.52532889043741
      vertex 24.070595205269186 -16 38.65056183502065
    endloop
  endfacet
  facet normal -0.9081431738250899 0 -0.4186597375374095
    outer loop
      vertex 24.014711091120226 -12.5 38.77178384955723
      vertex 24.070595205269186 -16 38.65056183502065
      vertex 24.014711091120226 -16 38.77178384955723
    endloop
  endfacet
  facet normal -0.8314696123025288 0 -0.5555702330196268
    outer loop
      vertex 23.87532889043741 -12.5 38.9992349288972
      vertex 23.949488279401958 -16 38.88824756001711
      vertex 23.87532889043741 -16 38.9992349288972
    endloop
  endfacet
  facet normal -0.872496007072797 0 -0.48862124149695524
    outer loop
      vertex 23.949488279401958 -12.5 38.88824756001711
      vertex 24.014711091120226 -16 38.77178384955723
      vertex 23.949488279401958 -16 38.88824756001711
    endloop
  endfacet
  facet normal 0.785316930880762 0 -0.6190939493098123
    outer loop
      vertex 21.12467110956259 -12.5 38.9992349288972
      vertex 21.20730985847995 -16 39.104061682161316
      vertex 21.12467110956259 -16 38.9992349288972
    endloop
  endfacet
  facet normal 0.7343225094356878 0 -0.6788007455329393
    outer loop
      vertex 21.20730985847995 -12.5 39.104061682161316
      vertex 21.297918471982868 -16 39.20208152801713
      vertex 21.20730985847995 -16 39.104061682161316
    endloop
  endfacet
  facet normal 0.6788007455329405 0 -0.7343225094356868
    outer loop
      vertex 21.297918471982868 -12.5 39.20208152801713
      vertex 21.395938317838688 -16 39.292690141520055
      vertex 21.297918471982868 -16 39.20208152801713
    endloop
  endfacet
  facet normal 0.6190939493098218 0 -0.7853169308807545
    outer loop
      vertex 21.395938317838688 -12.5 39.292690141520055
      vertex 21.500765071102794 -16 39.37532889043741
      vertex 21.395938317838688 -16 39.292690141520055
    endloop
  endfacet
  facet normal 0.5555702330195962 0 -0.8314696123025492
    outer loop
      vertex 21.500765071102794 -12.5 39.37532889043741
      vertex 21.611752439982887 -16 39.449488279401955
      vertex 21.500765071102794 -16 39.37532889043741
    endloop
  endfacet
  facet normal 0.4886212414969755 0 -0.8724960070727855
    outer loop
      vertex 21.611752439982887 -12.5 39.449488279401955
      vertex 21.72821615044277 -16 39.514711091120226
      vertex 21.611752439982887 -16 39.449488279401955
    endloop
  endfacet
  facet normal 0.4186597375374095 0 -0.9081431738250899
    outer loop
      vertex 21.72821615044277 -12.5 39.514711091120226
      vertex 21.849438164979347 -16 39.570595205269186
      vertex 21.72821615044277 -16 39.514711091120226
    endloop
  endfacet
  facet normal 0.3461170570775241 0 -0.9381913359224726
    outer loop
      vertex 21.849438164979347 -12.5 39.570595205269186
      vertex 21.97467110956259 -16 39.616796077701764
      vertex 21.849438164979347 -16 39.570595205269186
    endloop
  endfacet
  facet normal 0.27144044986507077 0 -0.9624552364536482
    outer loop
      vertex 21.97467110956259 -12.5 39.616796077701764
      vertex 22.10314288144496 -16 39.65302886467605
      vertex 21.97467110956259 -16 39.616796077701764
    endloop
  endfacet
  facet normal 0.19509032201608856 0 -0.9807852804032383
    outer loop
      vertex 22.10314288144496 -12.5 39.65302886467605
      vertex 22.234061409431607 -16 39.67907017901173
      vertex 22.10314288144496 -16 39.65302886467605
    endloop
  endfacet
  facet normal 0.11753739745784617 0 -0.9930684569549253
    outer loop
      vertex 22.234061409431607 -12.5 39.67907017901173
      vertex 22.366619537262665 -16 39.694759467346316
      vertex 22.234061409431607 -16 39.67907017901173
    endloop
  endfacet
  facet normal 0.039259815759103533 0 -0.9992290362407217
    outer loop
      vertex 22.366619537262665 -12.5 39.694759467346316
      vertex 22.5 -16 39.7
      vertex 22.366619537262665 -16 39.694759467346316
    endloop
  endfacet
  facet normal -0.039259815759103533 0 -0.9992290362407217
    outer loop
      vertex 22.5 -12.5 39.7
      vertex 22.633380462737335 -16 39.694759467346316
      vertex 22.5 -16 39.7
    endloop
  endfacet
  facet normal -0.11753739745784617 0 -0.9930684569549253
    outer loop
      vertex 22.633380462737335 -12.5 39.694759467346316
      vertex 22.765938590568393 -16 39.67907017901173
      vertex 22.633380462737335 -16 39.694759467346316
    endloop
  endfacet
  facet normal -0.19509032201608856 0 -0.9807852804032383
    outer loop
      vertex 22.765938590568393 -12.5 39.67907017901173
      vertex 22.89685711855504 -16 39.65302886467605
      vertex 22.765938590568393 -16 39.67907017901173
    endloop
  endfacet
  facet normal -0.27144044986507077 0 -0.9624552364536482
    outer loop
      vertex 22.89685711855504 -12.5 39.65302886467605
      vertex 23.02532889043741 -16 39.616796077701764
      vertex 22.89685711855504 -16 39.65302886467605
    endloop
  endfacet
  facet normal -0.3461170570775241 0 -0.9381913359224726
    outer loop
      vertex 23.02532889043741 -12.5 39.616796077701764
      vertex 23.150561835020653 -16 39.570595205269186
      vertex 23.02532889043741 -16 39.616796077701764
    endloop
  endfacet
  facet normal -0.7343225094356878 0 -0.6788007455329393
    outer loop
      vertex 23.702081528017132 -12.5 39.20208152801713
      vertex 23.79269014152005 -16 39.104061682161316
      vertex 23.702081528017132 -16 39.20208152801713
    endloop
  endfacet
  facet normal -0.6190939493098218 0 -0.7853169308807545
    outer loop
      vertex 23.499234928897206 -12.5 39.37532889043741
      vertex 23.604061682161312 -16 39.292690141520055
      vertex 23.499234928897206 -16 39.37532889043741
    endloop
  endfacet
  facet normal -0.6788007455329405 0 -0.7343225094356868
    outer loop
      vertex 23.604061682161312 -12.5 39.292690141520055
      vertex 23.702081528017132 -16 39.20208152801713
      vertex 23.604061682161312 -16 39.292690141520055
    endloop
  endfacet
  facet normal -0.4186597375374095 0 -0.9081431738250899
    outer loop
      vertex 23.150561835020653 -12.5 39.570595205269186
      vertex 23.27178384955723 -16 39.514711091120226
      vertex 23.150561835020653 -16 39.570595205269186
    endloop
  endfacet
  facet normal -0.5555702330195962 0 -0.8314696123025492
    outer loop
      vertex 23.388247560017113 -12.5 39.449488279401955
      vertex 23.499234928897206 -16 39.37532889043741
      vertex 23.388247560017113 -16 39.449488279401955
    endloop
  endfacet
  facet normal -0.4886212414969755 0 -0.8724960070727855
    outer loop
      vertex 23.27178384955723 -12.5 39.514711091120226
      vertex 23.388247560017113 -16 39.449488279401955
      vertex 23.27178384955723 -16 39.514711091120226
    endloop
  endfacet
  facet normal -0.785316930880762 0 -0.6190939493098123
    outer loop
      vertex 23.79269014152005 -12.5 39.104061682161316
      vertex 23.87532889043741 -16 38.9992349288972
      vertex 23.79269014152005 -16 39.104061682161316
    endloop
  endfacet
  facet normal 0.7343225094356878 0 0.6788007455329393
    outer loop
      vertex 21.297918471982868 -12.5 36.79791847198287
      vertex 21.20730985847995 -12.5 36.895938317838684
      vertex 21.20730985847995 -16 36.895938317838684
    endloop
  endfacet
  facet normal 0.8314696123025288 0 0.5555702330196268
    outer loop
      vertex 21.12467110956259 -12.5 37.0007650711028
      vertex 21.050511720598042 -12.5 37.11175243998289
      vertex 21.050511720598042 -16 37.11175243998289
    endloop
  endfacet
  facet normal 0.785316930880762 0 0.6190939493098123
    outer loop
      vertex 21.12467110956259 -12.5 37.0007650711028
      vertex 21.12467110956259 -16 37.0007650711028
      vertex 21.20730985847995 -12.5 36.895938317838684
    endloop
  endfacet
  facet normal 0.9381913359224844 0 0.346117057077492
    outer loop
      vertex 20.929404794730814 -12.5 37.34943816497935
      vertex 20.88320392229824 -12.5 37.47467110956259
      vertex 20.88320392229824 -16 37.47467110956259
    endloop
  endfacet
  facet normal 0.872496007072797 0 0.48862124149695524
    outer loop
      vertex 21.050511720598042 -12.5 37.11175243998289
      vertex 20.985288908879774 -12.5 37.22821615044277
      vertex 20.985288908879774 -16 37.22821615044277
    endloop
  endfacet
  facet normal 0.9081431738250899 0 0.4186597375374095
    outer loop
      vertex 20.929404794730814 -12.5 37.34943816497935
      vertex 20.929404794730814 -16 37.34943816497935
      vertex 20.985288908879774 -12.5 37.22821615044277
    endloop
  endfacet
  facet normal 0.5555702330195962 0 0.8314696123025492
    outer loop
      vertex 21.611752439982887 -12.5 36.550511720598045
      vertex 21.500765071102794 -12.5 36.62467110956259
      vertex 21.500765071102794 -16 36.62467110956259
    endloop
  endfacet
  facet normal 0.6190939493098218 0 0.7853169308807545
    outer loop
      vertex 21.395938317838688 -12.5 36.707309858479945
      vertex 21.395938317838688 -16 36.707309858479945
      vertex 21.500765071102794 -12.5 36.62467110956259
    endloop
  endfacet
  facet normal 0.4886212414969755 0 0.8724960070727855
    outer loop
      vertex 21.611752439982887 -12.5 36.550511720598045
      vertex 21.611752439982887 -16 36.550511720598045
      vertex 21.72821615044277 -12.5 36.485288908879774
    endloop
  endfacet
  facet normal 0.4186597375374095 0 0.9081431738250899
    outer loop
      vertex 21.72821615044277 -12.5 36.485288908879774
      vertex 21.72821615044277 -16 36.485288908879774
      vertex 21.849438164979347 -12.5 36.429404794730814
    endloop
  endfacet
  facet normal 0.27144044986507077 0 0.9624552364536482
    outer loop
      vertex 21.97467110956259 -12.5 36.383203922298236
      vertex 21.97467110956259 -16 36.383203922298236
      vertex 22.10314288144496 -12.5 36.34697113532395
    endloop
  endfacet
  facet normal 0.19509032201608856 0 0.9807852804032383
    outer loop
      vertex 22.10314288144496 -12.5 36.34697113532395
      vertex 22.10314288144496 -16 36.34697113532395
      vertex 22.234061409431607 -12.5 36.32092982098827
    endloop
  endfacet
  facet normal 0.11753739745784617 0 0.9930684569549253
    outer loop
      vertex 22.234061409431607 -12.5 36.32092982098827
      vertex 22.234061409431607 -16 36.32092982098827
      vertex 22.366619537262665 -12.5 36.305240532653684
    endloop
  endfacet
  facet normal 0.039259815759103533 0 0.9992290362407217
    outer loop
      vertex 22.366619537262665 -12.5 36.305240532653684
      vertex 22.366619537262665 -16 36.305240532653684
      vertex 22.5 -12.5 36.3
    endloop
  endfacet
  facet normal 0.3461170570775241 0 0.9381913359224726
    outer loop
      vertex 21.849438164979347 -12.5 36.429404794730814
      vertex 21.849438164979347 -16 36.429404794730814
      vertex 21.97467110956259 -12.5 36.383203922298236
    endloop
  endfacet
  facet normal 0.6788007455329405 0 0.7343225094356868
    outer loop
      vertex 21.297918471982868 -12.5 36.79791847198287
      vertex 21.297918471982868 -16 36.79791847198287
      vertex 21.395938317838688 -12.5 36.707309858479945
    endloop
  endfacet
  facet normal 0.9624552364536463 0 0.27144044986507776
    outer loop
      vertex 20.88320392229824 -12.5 37.47467110956259
      vertex 20.84697113532395 -12.5 37.60314288144496
      vertex 20.84697113532395 -16 37.60314288144496
    endloop
  endfacet
  facet normal 0.9807852804032292 0 0.1950903220161347
    outer loop
      vertex 20.84697113532395 -12.5 37.60314288144496
      vertex 20.820929820988265 -12.5 37.73406140943161
      vertex 20.820929820988265 -16 37.73406140943161
    endloop
  endfacet
  facet normal 0.993068456954928 0 0.117537397457823
    outer loop
      vertex 20.820929820988265 -12.5 37.73406140943161
      vertex 20.805240532653684 -12.5 37.866619537262665
      vertex 20.805240532653684 -16 37.866619537262665
    endloop
  endfacet
  facet normal 0.9992290362407226 0 0.03925981575907695
    outer loop
      vertex 20.805240532653684 -12.5 37.866619537262665
      vertex 20.8 -12.5 38
      vertex 20.8 -16 38
    endloop
  endfacet
  facet normal 0.9992290362407226 0 -0.03925981575907695
    outer loop
      vertex 20.8 -12.5 38
      vertex 20.805240532653684 -12.5 38.133380462737335
      vertex 20.805240532653684 -16 38.133380462737335
    endloop
  endfacet
  facet normal 0.993068456954928 0 -0.117537397457823
    outer loop
      vertex 20.805240532653684 -12.5 38.133380462737335
      vertex 20.820929820988265 -12.5 38.26593859056839
      vertex 20.820929820988265 -16 38.26593859056839
    endloop
  endfacet
  facet normal 0.9807852804032292 0 -0.1950903220161347
    outer loop
      vertex 20.820929820988265 -12.5 38.26593859056839
      vertex 20.84697113532395 -12.5 38.39685711855504
      vertex 20.84697113532395 -16 38.39685711855504
    endloop
  endfacet
  facet normal 0.9624552364536463 0 -0.27144044986507776
    outer loop
      vertex 20.84697113532395 -12.5 38.39685711855504
      vertex 20.88320392229824 -12.5 38.52532889043741
      vertex 20.88320392229824 -16 38.52532889043741
    endloop
  endfacet
  facet normal 0.9381913359224844 0 -0.346117057077492
    outer loop
      vertex 20.88320392229824 -12.5 38.52532889043741
      vertex 20.929404794730814 -12.5 38.65056183502065
      vertex 20.929404794730814 -16 38.65056183502065
    endloop
  endfacet
  facet normal 0.9081431738250899 0 -0.4186597375374095
    outer loop
      vertex 20.929404794730814 -12.5 38.65056183502065
      vertex 20.985288908879774 -12.5 38.77178384955723
      vertex 20.985288908879774 -16 38.77178384955723
    endloop
  endfacet
  facet normal 0.872496007072797 0 -0.48862124149695524
    outer loop
      vertex 20.985288908879774 -12.5 38.77178384955723
      vertex 21.050511720598042 -12.5 38.88824756001711
      vertex 21.050511720598042 -16 38.88824756001711
    endloop
  endfacet
  facet normal 0.8314696123025288 0 -0.5555702330196268
    outer loop
      vertex 21.050511720598042 -12.5 38.88824756001711
      vertex 21.12467110956259 -12.5 38.9992349288972
      vertex 21.12467110956259 -16 38.9992349288972
    endloop
  endfacet
  facet normal -0.039259815759103533 0 0.9992290362407217
    outer loop
      vertex 22.5 -12.5 36.3
      vertex 22.5 -16 36.3
      vertex 22.633380462737335 -12.5 36.305240532653684
    endloop
  endfacet
  facet normal -0.11753739745784617 0 0.9930684569549253
    outer loop
      vertex 22.633380462737335 -12.5 36.305240532653684
      vertex 22.633380462737335 -16 36.305240532653684
      vertex 22.765938590568393 -12.5 36.32092982098827
    endloop
  endfacet
  facet normal -0.19509032201608856 0 0.9807852804032383
    outer loop
      vertex 22.765938590568393 -12.5 36.32092982098827
      vertex 22.765938590568393 -16 36.32092982098827
      vertex 22.89685711855504 -12.5 36.34697113532395
    endloop
  endfacet
  facet normal -0.27144044986507077 0 0.9624552364536482
    outer loop
      vertex 22.89685711855504 -12.5 36.34697113532395
      vertex 22.89685711855504 -16 36.34697113532395
      vertex 23.02532889043741 -12.5 36.383203922298236
    endloop
  endfacet
  facet normal -0.3461170570775241 0 0.9381913359224726
    outer loop
      vertex 23.02532889043741 -12.5 36.383203922298236
      vertex 23.02532889043741 -16 36.383203922298236
      vertex 23.150561835020653 -12.5 36.429404794730814
    endloop
  endfacet
  facet normal -0.4186597375374095 0 0.9081431738250899
    outer loop
      vertex 23.150561835020653 -12.5 36.429404794730814
      vertex 23.150561835020653 -16 36.429404794730814
      vertex 23.27178384955723 -12.5 36.485288908879774
    endloop
  endfacet
  facet normal -0.4886212414969755 0 0.8724960070727855
    outer loop
      vertex 23.27178384955723 -12.5 36.485288908879774
      vertex 23.27178384955723 -16 36.485288908879774
      vertex 23.388247560017113 -12.5 36.550511720598045
    endloop
  endfacet
  facet normal -0.5555702330195962 0 0.8314696123025492
    outer loop
      vertex 23.388247560017113 -12.5 36.550511720598045
      vertex 23.388247560017113 -16 36.550511720598045
      vertex 23.499234928897206 -12.5 36.62467110956259
    endloop
  endfacet
  facet normal -0.6190939493098218 0 0.7853169308807545
    outer loop
      vertex 23.499234928897206 -12.5 36.62467110956259
      vertex 23.499234928897206 -16 36.62467110956259
      vertex 23.604061682161312 -12.5 36.707309858479945
    endloop
  endfacet
  facet normal -0.6788007455329405 0 0.7343225094356868
    outer loop
      vertex 23.604061682161312 -12.5 36.707309858479945
      vertex 23.604061682161312 -16 36.707309858479945
      vertex 23.702081528017132 -12.5 36.79791847198287
    endloop
  endfacet
  facet normal -0.7343225094356878 0 0.6788007455329393
    outer loop
      vertex 23.702081528017132 -12.5 36.79791847198287
      vertex 23.702081528017132 -16 36.79791847198287
      vertex 23.79269014152005 -12.5 36.895938317838684
    endloop
  endfacet
  facet normal -0.785316930880762 0 0.6190939493098123
    outer loop
      vertex 23.79269014152005 -12.5 36.895938317838684
      vertex 23.79269014152005 -16 36.895938317838684
      vertex 23.87532889043741 -12.5 37.0007650711028
    endloop
  endfacet
  facet normal -0.8314696123025288 0 0.5555702330196268
    outer loop
      vertex 23.87532889043741 -12.5 37.0007650711028
      vertex 23.87532889043741 -16 37.0007650711028
      vertex 23.949488279401958 -12.5 37.11175243998289
    endloop
  endfacet
  facet normal -0.872496007072797 0 0.48862124149695524
    outer loop
      vertex 23.949488279401958 -12.5 37.11175243998289
      vertex 23.949488279401958 -16 37.11175243998289
      vertex 24.014711091120226 -12.5 37.22821615044277
    endloop
  endfacet
  facet normal -0.9081431738250899 0 0.4186597375374095
    outer loop
      vertex 24.014711091120226 -12.5 37.22821615044277
      vertex 24.014711091120226 -16 37.22821615044277
      vertex 24.070595205269186 -12.5 37.34943816497935
    endloop
  endfacet
  facet normal -0.9381913359224844 0 0.346117057077492
    outer loop
      vertex 24.070595205269186 -12.5 37.34943816497935
      vertex 24.070595205269186 -16 37.34943816497935
      vertex 24.11679607770176 -12.5 37.47467110956259
    endloop
  endfacet
  facet normal -0.9624552364536463 0 0.27144044986507776
    outer loop
      vertex 24.11679607770176 -12.5 37.47467110956259
      vertex 24.11679607770176 -16 37.47467110956259
      vertex 24.15302886467605 -12.5 37.60314288144496
    endloop
  endfacet
  facet normal -0.9807852804032292 0 0.1950903220161347
    outer loop
      vertex 24.15302886467605 -12.5 37.60314288144496
      vertex 24.15302886467605 -16 37.60314288144496
      vertex 24.179070179011735 -12.5 37.73406140943161
    endloop
  endfacet
  facet normal -0.993068456954928 0 0.117537397457823
    outer loop
      vertex 24.179070179011735 -12.5 37.73406140943161
      vertex 24.179070179011735 -16 37.73406140943161
      vertex 24.194759467346316 -12.5 37.866619537262665
    endloop
  endfacet
  facet normal -0.9992290362407226 0 0.03925981575907695
    outer loop
      vertex 24.194759467346316 -12.5 37.866619537262665
      vertex 24.194759467346316 -16 37.866619537262665
      vertex 24.2 -12.5 38
    endloop
  endfacet
  facet normal -0.9992290362407226 0 -0.03925981575907695
    outer loop
      vertex 24.2 -12.5 38
      vertex 24.2 -16 38
      vertex 24.194759467346316 -12.5 38.133380462737335
    endloop
  endfacet
  facet normal -0.993068456954928 0 -0.117537397457823
    outer loop
      vertex 24.194759467346316 -12.5 38.133380462737335
      vertex 24.194759467346316 -16 38.133380462737335
      vertex 24.179070179011735 -12.5 38.26593859056839
    endloop
  endfacet
  facet normal -0.9807852804032292 0 -0.1950903220161347
    outer loop
      vertex 24.179070179011735 -12.5 38.26593859056839
      vertex 24.179070179011735 -16 38.26593859056839
      vertex 24.15302886467605 -12.5 38.39685711855504
    endloop
  endfacet
  facet normal -0.9624552364536463 0 -0.27144044986507776
    outer loop
      vertex 24.15302886467605 -12.5 38.39685711855504
      vertex 24.15302886467605 -16 38.39685711855504
      vertex 24.11679607770176 -12.5 38.52532889043741
    endloop
  endfacet
  facet normal -0.9381913359224844 0 -0.346117057077492
    outer loop
      vertex 24.070595205269186 -12.5 38.65056183502065
      vertex 24.11679607770176 -12.5 38.52532889043741
      vertex 24.11679607770176 -16 38.52532889043741
    endloop
  endfacet
  facet normal -0.9081431738250899 0 -0.4186597375374095
    outer loop
      vertex 24.014711091120226 -12.5 38.77178384955723
      vertex 24.070595205269186 -12.5 38.65056183502065
      vertex 24.070595205269186 -16 38.65056183502065
    endloop
  endfacet
  facet normal -0.872496007072797 0 -0.48862124149695524
    outer loop
      vertex 24.014711091120226 -12.5 38.77178384955723
      vertex 24.014711091120226 -16 38.77178384955723
      vertex 23.949488279401958 -12.5 38.88824756001711
    endloop
  endfacet
  facet normal -0.8314696123025288 0 -0.5555702330196268
    outer loop
      vertex 23.949488279401958 -12.5 38.88824756001711
      vertex 23.949488279401958 -16 38.88824756001711
      vertex 23.87532889043741 -12.5 38.9992349288972
    endloop
  endfacet
  facet normal 0.785316930880762 0 -0.6190939493098123
    outer loop
      vertex 21.12467110956259 -12.5 38.9992349288972
      vertex 21.20730985847995 -12.5 39.104061682161316
      vertex 21.20730985847995 -16 39.104061682161316
    endloop
  endfacet
  facet normal 0.7343225094356878 0 -0.6788007455329393
    outer loop
      vertex 21.20730985847995 -12.5 39.104061682161316
      vertex 21.297918471982868 -12.5 39.20208152801713
      vertex 21.297918471982868 -16 39.20208152801713
    endloop
  endfacet
  facet normal 0.6788007455329405 0 -0.7343225094356868
    outer loop
      vertex 21.297918471982868 -12.5 39.20208152801713
      vertex 21.395938317838688 -12.5 39.292690141520055
      vertex 21.395938317838688 -16 39.292690141520055
    endloop
  endfacet
  facet normal 0.6190939493098218 0 -0.7853169308807545
    outer loop
      vertex 21.395938317838688 -12.5 39.292690141520055
      vertex 21.500765071102794 -12.5 39.37532889043741
      vertex 21.500765071102794 -16 39.37532889043741
    endloop
  endfacet
  facet normal 0.5555702330195962 0 -0.8314696123025492
    outer loop
      vertex 21.500765071102794 -12.5 39.37532889043741
      vertex 21.611752439982887 -12.5 39.449488279401955
      vertex 21.611752439982887 -16 39.449488279401955
    endloop
  endfacet
  facet normal 0.4886212414969755 0 -0.8724960070727855
    outer loop
      vertex 21.611752439982887 -12.5 39.449488279401955
      vertex 21.72821615044277 -12.5 39.514711091120226
      vertex 21.72821615044277 -16 39.514711091120226
    endloop
  endfacet
  facet normal 0.4186597375374095 0 -0.9081431738250899
    outer loop
      vertex 21.72821615044277 -12.5 39.514711091120226
      vertex 21.849438164979347 -12.5 39.570595205269186
      vertex 21.849438164979347 -16 39.570595205269186
    endloop
  endfacet
  facet normal 0.3461170570775241 0 -0.9381913359224726
    outer loop
      vertex 21.849438164979347 -12.5 39.570595205269186
      vertex 21.97467110956259 -12.5 39.616796077701764
      vertex 21.97467110956259 -16 39.616796077701764
    endloop
  endfacet
  facet normal 0.27144044986507077 0 -0.9624552364536482
    outer loop
      vertex 21.97467110956259 -12.5 39.616796077701764
      vertex 22.10314288144496 -12.5 39.65302886467605
      vertex 22.10314288144496 -16 39.65302886467605
    endloop
  endfacet
  facet normal 0.19509032201608856 0 -0.9807852804032383
    outer loop
      vertex 22.10314288144496 -12.5 39.65302886467605
      vertex 22.234061409431607 -12.5 39.67907017901173
      vertex 22.234061409431607 -16 39.67907017901173
    endloop
  endfacet
  facet normal 0.11753739745784617 0 -0.9930684569549253
    outer loop
      vertex 22.234061409431607 -12.5 39.67907017901173
      vertex 22.366619537262665 -12.5 39.694759467346316
      vertex 22.366619537262665 -16 39.694759467346316
    endloop
  endfacet
  facet normal 0.039259815759103533 0 -0.9992290362407217
    outer loop
      vertex 22.366619537262665 -12.5 39.694759467346316
      vertex 22.5 -12.5 39.7
      vertex 22.5 -16 39.7
    endloop
  endfacet
  facet normal -0.039259815759103533 0 -0.9992290362407217
    outer loop
      vertex 22.5 -12.5 39.7
      vertex 22.633380462737335 -12.5 39.694759467346316
      vertex 22.633380462737335 -16 39.694759467346316
    endloop
  endfacet
  facet normal -0.11753739745784617 0 -0.9930684569549253
    outer loop
      vertex 22.633380462737335 -12.5 39.694759467346316
      vertex 22.765938590568393 -12.5 39.67907017901173
      vertex 22.765938590568393 -16 39.67907017901173
    endloop
  endfacet
  facet normal -0.19509032201608856 0 -0.9807852804032383
    outer loop
      vertex 22.765938590568393 -12.5 39.67907017901173
      vertex 22.89685711855504 -12.5 39.65302886467605
      vertex 22.89685711855504 -16 39.65302886467605
    endloop
  endfacet
  facet normal -0.27144044986507077 0 -0.9624552364536482
    outer loop
      vertex 22.89685711855504 -12.5 39.65302886467605
      vertex 23.02532889043741 -12.5 39.616796077701764
      vertex 23.02532889043741 -16 39.616796077701764
    endloop
  endfacet
  facet normal -0.3461170570775241 0 -0.9381913359224726
    outer loop
      vertex 23.02532889043741 -12.5 39.616796077701764
      vertex 23.150561835020653 -12.5 39.570595205269186
      vertex 23.150561835020653 -16 39.570595205269186
    endloop
  endfacet
  facet normal -0.6190939493098218 0 -0.7853169308807545
    outer loop
      vertex 23.499234928897206 -12.5 39.37532889043741
      vertex 23.604061682161312 -12.5 39.292690141520055
      vertex 23.604061682161312 -16 39.292690141520055
    endloop
  endfacet
  facet normal -0.6788007455329405 0 -0.7343225094356868
    outer loop
      vertex 23.604061682161312 -12.5 39.292690141520055
      vertex 23.702081528017132 -12.5 39.20208152801713
      vertex 23.702081528017132 -16 39.20208152801713
    endloop
  endfacet
  facet normal -0.4186597375374095 0 -0.9081431738250899
    outer loop
      vertex 23.150561835020653 -12.5 39.570595205269186
      vertex 23.27178384955723 -12.5 39.514711091120226
      vertex 23.27178384955723 -16 39.514711091120226
    endloop
  endfacet
  facet normal -0.4886212414969755 0 -0.8724960070727855
    outer loop
      vertex 23.27178384955723 -12.5 39.514711091120226
      vertex 23.388247560017113 -12.5 39.449488279401955
      vertex 23.388247560017113 -16 39.449488279401955
    endloop
  endfacet
  facet normal -0.5555702330195962 0 -0.8314696123025492
    outer loop
      vertex 23.388247560017113 -12.5 39.449488279401955
      vertex 23.499234928897206 -12.5 39.37532889043741
      vertex 23.499234928897206 -16 39.37532889043741
    endloop
  endfacet
  facet normal -0.785316930880762 0 -0.6190939493098123
    outer loop
      vertex 23.79269014152005 -12.5 39.104061682161316
      vertex 23.87532889043741 -12.5 38.9992349288972
      vertex 23.87532889043741 -16 38.9992349288972
    endloop
  endfacet
  facet normal -0.7343225094356878 0 -0.6788007455329393
    outer loop
      vertex 23.702081528017132 -12.5 39.20208152801713
      vertex 23.79269014152005 -12.5 39.104061682161316
      vertex 23.79269014152005 -16 39.104061682161316
    endloop
  endfacet
  facet normal 0.785316930880762 -1.5952377761211462e-16 0.6190939493098123
    outer loop
      vertex 21.12467110956259 -9.5 37.0007650711028
      vertex 21.20730985847995 -9.5 36.895938317838684
      vertex 21.173487388385244 -3.9602958858013153 36.93884191662073
    endloop
  endfacet
  facet normal 0.8314696123025288 0 0.5555702330196269
    outer loop
      vertex 21.12467110956259 -9.5 37.0007650711028
      vertex 21.12467110956259 -3.974023918535112 37.0007650711028
      vertex 21.050511720598042 -9.5 37.11175243998289
    endloop
  endfacet
  facet normal 0.9381913359224846 0 0.346117057077492
    outer loop
      vertex 20.929404794730814 -9.5 37.34943816497935
      vertex 20.929404794730814 -4.045794681302636 37.34943816497935
      vertex 20.88320392229824 -9.5 37.47467110956259
    endloop
  endfacet
  facet normal 0.872496007072797 0 0.4886212414969552
    outer loop
      vertex 21.050511720598042 -9.5 37.11175243998289
      vertex 21.050511720598042 -3.9986292256414386 37.11175243998289
      vertex 20.985288908879774 -9.5 37.22821615044277
    endloop
  endfacet
  facet normal 0.9081431738250899 0 0.4186597375374095
    outer loop
      vertex 20.929404794730814 -9.5 37.34943816497935
      vertex 20.985288908879774 -9.5 37.22821615044277
      vertex 20.985288908879774 -4.024448608437186 37.22821615044277
    endloop
  endfacet
  facet normal 0.6788007455329405 0 0.7343225094356869
    outer loop
      vertex 21.297918471982868 -9.5 36.79791847198287
      vertex 21.395938317838688 -9.5 36.707309858479945
      vertex 21.395938317838688 -3.887294109171259 36.707309858479945
    endloop
  endfacet
  facet normal 0.6190939493098218 0 0.7853169308807545
    outer loop
      vertex 21.395938317838688 -9.5 36.707309858479945
      vertex 21.500765071102794 -9.5 36.62467110956259
      vertex 21.500765071102794 -3.861238212040229 36.62467110956259
    endloop
  endfacet
  facet normal 0.4886212414969755 0 0.8724960070727855
    outer loop
      vertex 21.611752439982887 -9.5 36.550511720598045
      vertex 21.72821615044277 -9.5 36.485288908879774
      vertex 21.72821615044277 -3.806170332685351 36.485288908879774
    endloop
  endfacet
  facet normal 0.4186597375374094 0 0.9081431738250898
    outer loop
      vertex 21.72821615044277 -9.5 36.485288908879774
      vertex 21.849438164979347 -9.5 36.429404794730814
      vertex 21.849438164979347 -3.7830223744403373 36.429404794730814
    endloop
  endfacet
  facet normal 0.5555702330195962 0 0.8314696123025492
    outer loop
      vertex 21.611752439982887 -9.5 36.550511720598045
      vertex 21.611752439982887 -3.8331865061591315 36.550511720598045
      vertex 21.500765071102794 -9.5 36.62467110956259
    endloop
  endfacet
  facet normal 0.27144044986507077 0 0.9624552364536483
    outer loop
      vertex 21.97467110956259 -9.5 36.383203922298236
      vertex 22.10314288144496 -9.5 36.34697113532395
      vertex 22.10314288144496 -3.7488772343590715 36.34697113532395
    endloop
  endfacet
  facet normal 0.19509032201608859 0 0.9807852804032383
    outer loop
      vertex 22.10314288144496 -9.5 36.34697113532395
      vertex 22.234061409431607 -9.5 36.32092982098827
      vertex 22.234061409431607 -3.7380905686658346 36.32092982098827
    endloop
  endfacet
  facet normal 0.11753739745784617 0 0.9930684569549254
    outer loop
      vertex 22.234061409431607 -9.5 36.32092982098827
      vertex 22.366619537262665 -9.5 36.305240532653684
      vertex 22.366619537262665 -3.73159185258536 36.305240532653684
    endloop
  endfacet
  facet normal 0.039259815759103533 0 0.9992290362407216
    outer loop
      vertex 22.366619537262665 -9.5 36.305240532653684
      vertex 22.5 -9.5 36.3
      vertex 22.5 -3.729421152863327 36.3
    endloop
  endfacet
  facet normal 0.34611705707752405 0 0.9381913359224726
    outer loop
      vertex 21.849438164979347 -9.5 36.429404794730814
      vertex 21.97467110956259 -9.5 36.383203922298236
      vertex 21.97467110956259 -3.763885346284147 36.383203922298236
    endloop
  endfacet
  facet normal 0.7343225094356877 0 0.6788007455329393
    outer loop
      vertex 21.297918471982868 -9.5 36.79791847198287
      vertex 21.297918471982868 -3.9158628949230683 36.79791847198287
      vertex 21.20730985847995 -9.5 36.895938317838684
    endloop
  endfacet
  facet normal 0.9807852804032292 2.711657323404399e-16 0.1950903220161347
    outer loop
      vertex 20.84697113532395 -9.5 37.60314288144496
      vertex 20.839110402841026 -4.08439826220274 37.642661452293396
      vertex 20.820929820988265 -9.5 37.73406140943161
    endloop
  endfacet
  facet normal 0.9624552364536462 0 0.27144044986507776
    outer loop
      vertex 20.88320392229824 -9.5 37.47467110956259
      vertex 20.88320392229824 -4.062281912422175 37.47467110956259
      vertex 20.84697113532395 -9.5 37.60314288144496
    endloop
  endfacet
  facet normal 0.9930684569549281 0 0.11753739745782303
    outer loop
      vertex 20.820929820988265 -9.5 37.73406140943161
      vertex 20.820929820988265 -4.088388870860271 37.73406140943161
      vertex 20.805240532653684 -9.5 37.866619537262665
    endloop
  endfacet
  facet normal 0.9992290362407226 0 0.03925981575907695
    outer loop
      vertex 20.805240532653684 -9.5 37.866619537262665
      vertex 20.805240532653684 -4.094176484214935 37.866619537262665
      vertex 20.8 -9.5 38
    endloop
  endfacet
  facet normal 0.9992290362407227 0 -0.03925981575907696
    outer loop
      vertex 20.8 -9.5 38
      vertex 20.8 -4.100000001490116 38
      vertex 20.805240532653684 -9.5 38.133380462737335
    endloop
  endfacet
  facet normal 0.9930684569549281 0 -0.11753739745782302
    outer loop
      vertex 20.805240532653684 -9.5 38.133380462737335
      vertex 20.805240532653684 -4.094176484214935 38.133380462737335
      vertex 20.820929820988265 -9.5 38.26593859056839
    endloop
  endfacet
  facet normal 0.9807852804032292 0 -0.19509032201613472
    outer loop
      vertex 20.820929820988265 -9.5 38.26593859056839
      vertex 20.820929820988265 -4.088388870860271 38.26593859056839
      vertex 20.84697113532395 -9.5 38.39685711855504
    endloop
  endfacet
  facet normal 0.9624552364536463 0 -0.27144044986507776
    outer loop
      vertex 20.84697113532395 -9.5 38.39685711855504
      vertex 20.84697113532395 -4.079195543275541 38.39685711855504
      vertex 20.88320392229824 -9.5 38.52532889043741
    endloop
  endfacet
  facet normal 0.9381913359224845 0 -0.3461170570774921
    outer loop
      vertex 20.88320392229824 -9.5 38.52532889043741
      vertex 20.88320392229824 -4.062281912422175 38.52532889043741
      vertex 20.929404794730814 -9.5 38.65056183502065
    endloop
  endfacet
  facet normal 0.9081431738250899 0 -0.4186597375374095
    outer loop
      vertex 20.929404794730814 -9.5 38.65056183502065
      vertex 20.929404794730814 -4.045794681302636 38.65056183502065
      vertex 20.985288908879774 -9.5 38.77178384955723
    endloop
  endfacet
  facet normal 0.8724960070727971 0 -0.48862124149695524
    outer loop
      vertex 20.985288908879774 -9.5 38.77178384955723
      vertex 20.985288908879774 -4.024448608437186 38.77178384955723
      vertex 21.050511720598042 -9.5 38.88824756001711
    endloop
  endfacet
  facet normal 0.8314696123025288 0 -0.5555702330196268
    outer loop
      vertex 21.050511720598042 -9.5 38.88824756001711
      vertex 21.050511720598042 -3.9986292256414395 38.88824756001711
      vertex 21.12467110956259 -9.5 38.9992349288972
    endloop
  endfacet
  facet normal -0.03925981575910353 0 0.9992290362407216
    outer loop
      vertex 22.5 -9.5 36.3
      vertex 22.633380462737335 -9.5 36.305240532653684
      vertex 22.633380462737335 -3.7315918525853595 36.305240532653684
    endloop
  endfacet
  facet normal -0.11753739745784618 0 0.9930684569549254
    outer loop
      vertex 22.633380462737335 -9.5 36.305240532653684
      vertex 22.765938590568393 -9.5 36.32092982098827
      vertex 22.765938590568393 -3.7380905686658346 36.32092982098827
    endloop
  endfacet
  facet normal -0.1950903220160886 0 0.9807852804032384
    outer loop
      vertex 22.765938590568393 -9.5 36.32092982098827
      vertex 22.89685711855504 -9.5 36.34697113532395
      vertex 22.89685711855504 -3.748877234359072 36.34697113532395
    endloop
  endfacet
  facet normal -0.27144044986507077 0 0.9624552364536482
    outer loop
      vertex 22.89685711855504 -9.5 36.34697113532395
      vertex 23.02532889043741 -9.5 36.383203922298236
      vertex 23.02532889043741 -3.7638853462841473 36.383203922298236
    endloop
  endfacet
  facet normal -0.3461170570775241 0 0.9381913359224726
    outer loop
      vertex 23.02532889043741 -9.5 36.383203922298236
      vertex 23.150561835020653 -9.5 36.429404794730814
      vertex 23.150561835020653 -3.7830223744403377 36.429404794730814
    endloop
  endfacet
  facet normal -0.41865973753740954 0 0.9081431738250899
    outer loop
      vertex 23.150561835020653 -9.5 36.429404794730814
      vertex 23.27178384955723 -9.5 36.485288908879774
      vertex 23.27178384955723 -3.806170332685351 36.485288908879774
    endloop
  endfacet
  facet normal -0.4886212414969755 0 0.8724960070727856
    outer loop
      vertex 23.27178384955723 -9.5 36.485288908879774
      vertex 23.388247560017113 -9.5 36.550511720598045
      vertex 23.388247560017113 -3.8331865061591315 36.550511720598045
    endloop
  endfacet
  facet normal -0.6190939493098218 0 0.7853169308807545
    outer loop
      vertex 23.499234928897206 -9.5 36.62467110956259
      vertex 23.604061682161312 -9.5 36.707309858479945
      vertex 23.604061682161312 -3.8872941091712585 36.707309858479945
    endloop
  endfacet
  facet normal -0.5555702330195962 0 0.8314696123025492
    outer loop
      vertex 23.388247560017113 -9.5 36.550511720598045
      vertex 23.499234928897206 -9.5 36.62467110956259
      vertex 23.499234928897206 -3.861238212040229 36.62467110956259
    endloop
  endfacet
  facet normal -0.6788007455329403 0 0.7343225094356868
    outer loop
      vertex 23.604061682161312 -9.5 36.707309858479945
      vertex 23.702081528017132 -9.5 36.79791847198287
      vertex 23.702081528017132 -3.9158628949230683 36.79791847198287
    endloop
  endfacet
  facet normal -0.7343225094356878 0 0.6788007455329392
    outer loop
      vertex 23.702081528017132 -9.5 36.79791847198287
      vertex 23.79269014152005 -9.5 36.895938317838684
      vertex 23.79269014152005 -3.9467684332314077 36.895938317838684
    endloop
  endfacet
  facet normal -0.7853169308807619 0 0.6190939493098123
    outer loop
      vertex 23.79269014152005 -9.5 36.895938317838684
      vertex 23.87532889043741 -9.5 37.0007650711028
      vertex 23.87532889043741 -3.974023918535112 37.0007650711028
    endloop
  endfacet
  facet normal -0.8314696123025289 0 0.5555702330196269
    outer loop
      vertex 23.87532889043741 -9.5 37.0007650711028
      vertex 23.949488279401958 -9.5 37.11175243998289
      vertex 23.949488279401958 -3.99862922564144 37.11175243998289
    endloop
  endfacet
  facet normal -0.8724960070727971 0 0.48862124149695524
    outer loop
      vertex 23.949488279401958 -9.5 37.11175243998289
      vertex 24.014711091120226 -9.5 37.22821615044277
      vertex 24.014711091120226 -4.024448608437186 37.22821615044277
    endloop
  endfacet
  facet normal -0.9081431738250899 0 0.4186597375374095
    outer loop
      vertex 24.014711091120226 -9.5 37.22821615044277
      vertex 24.070595205269186 -9.5 37.34943816497935
      vertex 24.070595205269186 -4.045794681302636 37.34943816497935
    endloop
  endfacet
  facet normal -0.9381913359224845 0 0.3461170570774921
    outer loop
      vertex 24.070595205269186 -9.5 37.34943816497935
      vertex 24.11679607770176 -9.5 37.47467110956259
      vertex 24.11679607770176 -4.062281912422175 37.47467110956259
    endloop
  endfacet
  facet normal -0.9624552364536463 0 0.27144044986507776
    outer loop
      vertex 24.11679607770176 -9.5 37.47467110956259
      vertex 24.15302886467605 -9.5 37.60314288144496
      vertex 24.15302886467605 -4.079195543275541 37.60314288144496
    endloop
  endfacet
  facet normal -0.9807852804032292 0 0.19509032201613472
    outer loop
      vertex 24.15302886467605 -9.5 37.60314288144496
      vertex 24.179070179011735 -9.5 37.73406140943161
      vertex 24.179070179011735 -4.088388870860271 37.73406140943161
    endloop
  endfacet
  facet normal -0.9930684569549281 0 0.11753739745782302
    outer loop
      vertex 24.179070179011735 -9.5 37.73406140943161
      vertex 24.194759467346316 -9.5 37.866619537262665
      vertex 24.194759467346316 -4.094176484214935 37.866619537262665
    endloop
  endfacet
  facet normal -0.9992290362407227 0 0.03925981575907696
    outer loop
      vertex 24.194759467346316 -9.5 37.866619537262665
      vertex 24.2 -9.5 38
      vertex 24.2 -4.100000001490116 38
    endloop
  endfacet
  facet normal -0.9992290362407226 0 -0.03925981575907695
    outer loop
      vertex 24.2 -9.5 38
      vertex 24.194759467346316 -9.5 38.133380462737335
      vertex 24.194759467346316 -4.094176484214935 38.133380462737335
    endloop
  endfacet
  facet normal -0.9930684569549281 0 -0.11753739745782303
    outer loop
      vertex 24.194759467346316 -9.5 38.133380462737335
      vertex 24.179070179011735 -9.5 38.26593859056839
      vertex 24.179070179011735 -4.088388870860271 38.26593859056839
    endloop
  endfacet
  facet normal -0.9807852804032292 2.717656565270338e-16 -0.1950903220161347
    outer loop
      vertex 24.179070179011735 -9.5 38.26593859056839
      vertex 24.15302886467605 -9.5 38.39685711855504
      vertex 24.160889597158974 -4.08439826220274 38.357338547706604
    endloop
  endfacet
  facet normal -0.9624552364536462 0 -0.27144044986507776
    outer loop
      vertex 24.15302886467605 -9.5 38.39685711855504
      vertex 24.11679607770176 -9.5 38.52532889043741
      vertex 24.11679607770176 -4.062281912422175 38.52532889043741
    endloop
  endfacet
  facet normal -0.9381913359224846 0 -0.346117057077492
    outer loop
      vertex 24.070595205269186 -9.5 38.65056183502065
      vertex 24.070595205269186 -4.045794681302636 38.65056183502065
      vertex 24.11679607770176 -9.5 38.52532889043741
    endloop
  endfacet
  facet normal -0.9081431738250899 0 -0.4186597375374095
    outer loop
      vertex 24.014711091120226 -9.5 38.77178384955723
      vertex 24.014711091120226 -4.024448608437186 38.77178384955723
      vertex 24.070595205269186 -9.5 38.65056183502065
    endloop
  endfacet
  facet normal -0.8314696123025288 0 -0.5555702330196269
    outer loop
      vertex 23.949488279401958 -9.5 38.88824756001711
      vertex 23.87532889043741 -9.5 38.9992349288972
      vertex 23.87532889043741 -3.974023918535112 38.9992349288972
    endloop
  endfacet
  facet normal -0.872496007072797 0 -0.4886212414969552
    outer loop
      vertex 24.014711091120226 -9.5 38.77178384955723
      vertex 23.949488279401958 -9.5 38.88824756001711
      vertex 23.949488279401958 -3.9986292256414386 38.88824756001711
    endloop
  endfacet
  facet normal 0.7853169308807619 0 -0.6190939493098123
    outer loop
      vertex 21.12467110956259 -9.5 38.9992349288972
      vertex 21.12467110956259 -3.9740239185351114 38.9992349288972
      vertex 21.20730985847995 -9.5 39.104061682161316
    endloop
  endfacet
  facet normal 0.7343225094356878 0 -0.6788007455329392
    outer loop
      vertex 21.20730985847995 -9.5 39.104061682161316
      vertex 21.20730985847995 -3.9467684332314077 39.104061682161316
      vertex 21.297918471982868 -9.5 39.20208152801713
    endloop
  endfacet
  facet normal 0.6788007455329403 0 -0.7343225094356867
    outer loop
      vertex 21.297918471982868 -9.5 39.20208152801713
      vertex 21.297918471982868 -3.915862894923067 39.20208152801713
      vertex 21.395938317838688 -9.5 39.292690141520055
    endloop
  endfacet
  facet normal 0.6190939493098219 0 -0.7853169308807546
    outer loop
      vertex 21.395938317838688 -9.5 39.292690141520055
      vertex 21.395938317838688 -3.887294109171259 39.292690141520055
      vertex 21.500765071102794 -9.5 39.37532889043741
    endloop
  endfacet
  facet normal 0.5555702330195962 0 -0.8314696123025492
    outer loop
      vertex 21.500765071102794 -9.5 39.37532889043741
      vertex 21.500765071102794 -3.8612382120402287 39.37532889043741
      vertex 21.611752439982887 -9.5 39.449488279401955
    endloop
  endfacet
  facet normal 0.4886212414969755 0 -0.8724960070727856
    outer loop
      vertex 21.611752439982887 -9.5 39.449488279401955
      vertex 21.611752439982887 -3.8331865061591324 39.449488279401955
      vertex 21.72821615044277 -9.5 39.514711091120226
    endloop
  endfacet
  facet normal 0.41865973753740954 0 -0.9081431738250899
    outer loop
      vertex 21.72821615044277 -9.5 39.514711091120226
      vertex 21.72821615044277 -3.8061703326853507 39.514711091120226
      vertex 21.849438164979347 -9.5 39.570595205269186
    endloop
  endfacet
  facet normal 0.3461170570775241 0 -0.9381913359224726
    outer loop
      vertex 21.849438164979347 -9.5 39.570595205269186
      vertex 21.849438164979347 -3.7830223744403395 39.570595205269186
      vertex 21.97467110956259 -9.5 39.616796077701764
    endloop
  endfacet
  facet normal 0.2714404498650708 0 -0.9624552364536482
    outer loop
      vertex 21.97467110956259 -9.5 39.616796077701764
      vertex 21.97467110956259 -3.763885346284147 39.616796077701764
      vertex 22.10314288144496 -9.5 39.65302886467605
    endloop
  endfacet
  facet normal 0.19509032201608859 0 -0.9807852804032383
    outer loop
      vertex 22.10314288144496 -9.5 39.65302886467605
      vertex 22.10314288144496 -3.7488772343590715 39.65302886467605
      vertex 22.234061409431607 -9.5 39.67907017901173
    endloop
  endfacet
  facet normal 0.11753739745784618 0 -0.9930684569549254
    outer loop
      vertex 22.234061409431607 -9.5 39.67907017901173
      vertex 22.234061409431607 -3.7380905686658346 39.67907017901173
      vertex 22.366619537262665 -9.5 39.694759467346316
    endloop
  endfacet
  facet normal 0.03925981575910353 0 -0.9992290362407216
    outer loop
      vertex 22.366619537262665 -9.5 39.694759467346316
      vertex 22.366619537262665 -3.7315918525853595 39.694759467346316
      vertex 22.5 -9.5 39.7
    endloop
  endfacet
  facet normal -0.039259815759103533 0 -0.9992290362407216
    outer loop
      vertex 22.5 -9.5 39.7
      vertex 22.5 -3.7294211528633276 39.7
      vertex 22.633380462737335 -9.5 39.694759467346316
    endloop
  endfacet
  facet normal -0.11753739745784614 0 -0.9930684569549253
    outer loop
      vertex 22.633380462737335 -9.5 39.694759467346316
      vertex 22.633380462737335 -3.7315918525853595 39.694759467346316
      vertex 22.765938590568393 -9.5 39.67907017901173
    endloop
  endfacet
  facet normal -0.19509032201608859 0 -0.9807852804032383
    outer loop
      vertex 22.765938590568393 -9.5 39.67907017901173
      vertex 22.765938590568393 -3.738090568665834 39.67907017901173
      vertex 22.89685711855504 -9.5 39.65302886467605
    endloop
  endfacet
  facet normal -0.27144044986507077 0 -0.9624552364536483
    outer loop
      vertex 22.89685711855504 -9.5 39.65302886467605
      vertex 22.89685711855504 -3.748877234359071 39.65302886467605
      vertex 23.02532889043741 -9.5 39.616796077701764
    endloop
  endfacet
  facet normal -0.34611705707752405 0 -0.9381913359224726
    outer loop
      vertex 23.02532889043741 -9.5 39.616796077701764
      vertex 23.02532889043741 -3.763885346284146 39.616796077701764
      vertex 23.150561835020653 -9.5 39.570595205269186
    endloop
  endfacet
  facet normal -0.7343225094356877 0 -0.6788007455329393
    outer loop
      vertex 23.702081528017132 -9.5 39.20208152801713
      vertex 23.702081528017132 -3.9158628949230674 39.20208152801713
      vertex 23.79269014152005 -9.5 39.104061682161316
    endloop
  endfacet
  facet normal -0.6788007455329405 0 -0.7343225094356869
    outer loop
      vertex 23.604061682161312 -9.5 39.292690141520055
      vertex 23.604061682161312 -3.8872941091712594 39.292690141520055
      vertex 23.702081528017132 -9.5 39.20208152801713
    endloop
  endfacet
  facet normal -0.6190939493098218 0 -0.7853169308807545
    outer loop
      vertex 23.499234928897206 -9.5 39.37532889043741
      vertex 23.499234928897206 -3.8612382120402287 39.37532889043741
      vertex 23.604061682161312 -9.5 39.292690141520055
    endloop
  endfacet
  facet normal -0.4186597375374095 0 -0.9081431738250898
    outer loop
      vertex 23.150561835020653 -9.5 39.570595205269186
      vertex 23.150561835020653 -3.783022374440339 39.570595205269186
      vertex 23.27178384955723 -9.5 39.514711091120226
    endloop
  endfacet
  facet normal -0.5555702330195962 0 -0.8314696123025492
    outer loop
      vertex 23.388247560017113 -9.5 39.449488279401955
      vertex 23.388247560017113 -3.833186506159132 39.449488279401955
      vertex 23.499234928897206 -9.5 39.37532889043741
    endloop
  endfacet
  facet normal -0.4886212414969755 0 -0.8724960070727855
    outer loop
      vertex 23.27178384955723 -9.5 39.514711091120226
      vertex 23.27178384955723 -3.8061703326853507 39.514711091120226
      vertex 23.388247560017113 -9.5 39.449488279401955
    endloop
  endfacet
  facet normal -0.785316930880762 -1.5952377761211462e-16 -0.6190939493098123
    outer loop
      vertex 23.79269014152005 -9.5 39.104061682161316
      vertex 23.826512611614756 -3.9602958858013153 39.06115808337927
      vertex 23.87532889043741 -9.5 38.9992349288972
    endloop
  endfacet
  facet normal 0.7343225094356878 0 0.6788007455329392
    outer loop
      vertex 21.20730985847995 -9.5 36.895938317838684
      vertex 21.297918471982868 -3.9158628949230683 36.79791847198287
      vertex 21.20730985847995 -3.9467684332314077 36.895938317838684
    endloop
  endfacet
  facet normal 0.7853169308807719 0 0.6190939493097996
    outer loop
      vertex 21.20730985847995 -9.5 36.895938317838684
      vertex 21.20730985847995 -3.9467684332314077 36.895938317838684
      vertex 21.173487388385244 -3.9602958858013153 36.93884191662073
    endloop
  endfacet
  facet normal 0.8314696123025288 0 0.5555702330196268
    outer loop
      vertex 21.050511720598042 -9.5 37.11175243998289
      vertex 21.12467110956259 -3.974023918535112 37.0007650711028
      vertex 21.050511720598042 -3.9986292256414386 37.11175243998289
    endloop
  endfacet
  facet normal 0.7853169308807552 0 0.6190939493098212
    outer loop
      vertex 21.12467110956259 -9.5 37.0007650711028
      vertex 21.173487388385244 -3.9602958858013153 36.93884191662073
      vertex 21.12467110956259 -3.974023918535112 37.0007650711028
    endloop
  endfacet
  facet normal 0.9381913359224845 0 0.3461170570774921
    outer loop
      vertex 20.88320392229824 -9.5 37.47467110956259
      vertex 20.929404794730814 -4.045794681302636 37.34943816497935
      vertex 20.88320392229824 -4.062281912422175 37.47467110956259
    endloop
  endfacet
  facet normal 0.8724960070727971 0 0.48862124149695524
    outer loop
      vertex 20.985288908879774 -9.5 37.22821615044277
      vertex 21.050511720598042 -3.9986292256414386 37.11175243998289
      vertex 20.985288908879774 -4.024448608437186 37.22821615044277
    endloop
  endfacet
  facet normal 0.9081431738250854 2.6580546323383466e-16 0.41865973753741936
    outer loop
      vertex 20.929404794730814 -9.5 37.34943816497935
      vertex 20.985288908879774 -4.024448608437186 37.22821615044277
      vertex 20.95770859742024 -4.037711784243584 37.2880424708128
    endloop
  endfacet
  facet normal 0.9081431738250944 0 0.4186597375373999
    outer loop
      vertex 20.929404794730814 -9.5 37.34943816497935
      vertex 20.95770859742024 -4.037711784243584 37.2880424708128
      vertex 20.929404794730814 -4.045794681302636 37.34943816497935
    endloop
  endfacet
  facet normal 0.5555702330195987 -7.154241673870231e-17 0.8314696123025476
    outer loop
      vertex 21.500765071102794 -9.5 36.62467110956259
      vertex 21.611752439982887 -3.8331865061591315 36.550511720598045
      vertex 21.541104130475308 -3.852739743888378 36.59771741181612
    endloop
  endfacet
  facet normal 0.5555702330195919 0 0.8314696123025522
    outer loop
      vertex 21.500765071102794 -9.5 36.62467110956259
      vertex 21.541104130475308 -3.852739743888378 36.59771741181612
      vertex 21.500765071102794 -3.861238212040229 36.62467110956259
    endloop
  endfacet
  facet normal 0.6190939493098219 0 0.7853169308807546
    outer loop
      vertex 21.395938317838688 -9.5 36.707309858479945
      vertex 21.500765071102794 -3.861238212040229 36.62467110956259
      vertex 21.395938317838688 -3.887294109171259 36.707309858479945
    endloop
  endfacet
  facet normal 0.4886212414969755 0 0.8724960070727856
    outer loop
      vertex 21.611752439982887 -9.5 36.550511720598045
      vertex 21.72821615044277 -3.806170332685351 36.485288908879774
      vertex 21.611752439982887 -3.8331865061591315 36.550511720598045
    endloop
  endfacet
  facet normal 0.41865973753740954 0 0.9081431738250899
    outer loop
      vertex 21.72821615044277 -9.5 36.485288908879774
      vertex 21.849438164979347 -3.7830223744403373 36.429404794730814
      vertex 21.72821615044277 -3.806170332685351 36.485288908879774
    endloop
  endfacet
  facet normal 0.2714404498650708 0 0.9624552364536482
    outer loop
      vertex 21.97467110956259 -9.5 36.383203922298236
      vertex 22.10314288144496 -3.7488772343590715 36.34697113532395
      vertex 21.97467110956259 -3.763885346284147 36.383203922298236
    endloop
  endfacet
  facet normal 0.19509032201608859 0 0.9807852804032383
    outer loop
      vertex 22.10314288144496 -9.5 36.34697113532395
      vertex 22.234061409431607 -3.7380905686658346 36.32092982098827
      vertex 22.10314288144496 -3.7488772343590715 36.34697113532395
    endloop
  endfacet
  facet normal 0.11753739745784618 0 0.9930684569549254
    outer loop
      vertex 22.234061409431607 -9.5 36.32092982098827
      vertex 22.366619537262665 -3.73159185258536 36.305240532653684
      vertex 22.234061409431607 -3.7380905686658346 36.32092982098827
    endloop
  endfacet
  facet normal 0.03925981575910353 0 0.9992290362407216
    outer loop
      vertex 22.366619537262665 -9.5 36.305240532653684
      vertex 22.5 -3.729421152863327 36.3
      vertex 22.366619537262665 -3.73159185258536 36.305240532653684
    endloop
  endfacet
  facet normal 0.3461170570775241 0 0.9381913359224726
    outer loop
      vertex 21.849438164979347 -9.5 36.429404794730814
      vertex 21.97467110956259 -3.763885346284147 36.383203922298236
      vertex 21.849438164979347 -3.7830223744403373 36.429404794730814
    endloop
  endfacet
  facet normal 0.6788007455329403 0 0.7343225094356868
    outer loop
      vertex 21.297918471982868 -9.5 36.79791847198287
      vertex 21.395938317838688 -3.887294109171259 36.707309858479945
      vertex 21.297918471982868 -3.9158628949230683 36.79791847198287
    endloop
  endfacet
  facet normal 0.9624552364536463 0 0.27144044986507776
    outer loop
      vertex 20.84697113532395 -9.5 37.60314288144496
      vertex 20.88320392229824 -4.062281912422175 37.47467110956259
      vertex 20.84697113532395 -4.079195543275541 37.60314288144496
    endloop
  endfacet
  facet normal 0.980785280403222 0 0.19509032201617044
    outer loop
      vertex 20.84697113532395 -9.5 37.60314288144496
      vertex 20.84697113532395 -4.079195543275541 37.60314288144496
      vertex 20.839110402841026 -4.08439826220274 37.642661452293396
    endloop
  endfacet
  facet normal 0.9807852804032323 0 0.19509032201611923
    outer loop
      vertex 20.820929820988265 -9.5 37.73406140943161
      vertex 20.839110402841026 -4.08439826220274 37.642661452293396
      vertex 20.820929820988265 -4.088388870860271 37.73406140943161
    endloop
  endfacet
  facet normal 0.9930684569549281 0 0.11753739745782302
    outer loop
      vertex 20.805240532653684 -9.5 37.866619537262665
      vertex 20.820929820988265 -4.088388870860271 37.73406140943161
      vertex 20.805240532653684 -4.094176484214935 37.866619537262665
    endloop
  endfacet
  facet normal 0.9992290362407227 0 0.03925981575907696
    outer loop
      vertex 20.8 -9.5 38
      vertex 20.805240532653684 -4.094176484214935 37.866619537262665
      vertex 20.8 -4.100000001490116 38
    endloop
  endfacet
  facet normal 0.9992290362407226 0 -0.03925981575907695
    outer loop
      vertex 20.805240532653684 -9.5 38.133380462737335
      vertex 20.8 -4.100000001490116 38
      vertex 20.805240532653684 -4.094176484214935 38.133380462737335
    endloop
  endfacet
  facet normal 0.9930684569549281 0 -0.11753739745782303
    outer loop
      vertex 20.820929820988265 -9.5 38.26593859056839
      vertex 20.805240532653684 -4.094176484214935 38.133380462737335
      vertex 20.820929820988265 -4.088388870860271 38.26593859056839
    endloop
  endfacet
  facet normal 0.9807852804032249 -5.330340271971405e-16 -0.19509032201615586
    outer loop
      vertex 20.84697113532395 -9.5 38.39685711855504
      vertex 20.820929820988265 -4.088388870860271 38.26593859056839
      vertex 20.83911040284103 -4.08439826220274 38.357338547706604
    endloop
  endfacet
  facet normal 0.980785280403239 0 -0.19509032201608564
    outer loop
      vertex 20.84697113532395 -9.5 38.39685711855504
      vertex 20.83911040284103 -4.08439826220274 38.357338547706604
      vertex 20.84697113532395 -4.079195543275541 38.39685711855504
    endloop
  endfacet
  facet normal 0.9624552364536462 0 -0.27144044986507776
    outer loop
      vertex 20.88320392229824 -9.5 38.52532889043741
      vertex 20.84697113532395 -4.079195543275541 38.39685711855504
      vertex 20.88320392229824 -4.062281912422175 38.52532889043741
    endloop
  endfacet
  facet normal 0.9381913359224846 0 -0.346117057077492
    outer loop
      vertex 20.929404794730814 -9.5 38.65056183502065
      vertex 20.88320392229824 -4.062281912422175 38.52532889043741
      vertex 20.929404794730814 -4.045794681302636 38.65056183502065
    endloop
  endfacet
  facet normal 0.9081431738250944 2.5799362061369076e-16 -0.4186597375373999
    outer loop
      vertex 20.985288908879774 -9.5 38.77178384955723
      vertex 20.929404794730814 -4.045794681302636 38.65056183502065
      vertex 20.95770859742024 -4.037711784243584 38.7119575291872
    endloop
  endfacet
  facet normal 0.9081431738250854 0 -0.41865973753741936
    outer loop
      vertex 20.985288908879774 -9.5 38.77178384955723
      vertex 20.95770859742024 -4.037711784243584 38.7119575291872
      vertex 20.985288908879774 -4.024448608437186 38.77178384955723
    endloop
  endfacet
  facet normal 0.872496007072797 0 -0.4886212414969552
    outer loop
      vertex 21.050511720598042 -9.5 38.88824756001711
      vertex 20.985288908879774 -4.024448608437186 38.77178384955723
      vertex 21.050511720598042 -3.9986292256414395 38.88824756001711
    endloop
  endfacet
  facet normal 0.8314696123025288 0 -0.5555702330196269
    outer loop
      vertex 21.12467110956259 -9.5 38.9992349288972
      vertex 21.050511720598042 -3.9986292256414395 38.88824756001711
      vertex 21.12467110956259 -3.9740239185351114 38.9992349288972
    endloop
  endfacet
  facet normal -0.039259815759103533 0 0.9992290362407216
    outer loop
      vertex 22.5 -9.5 36.3
      vertex 22.633380462737335 -3.7315918525853595 36.305240532653684
      vertex 22.5 -3.729421152863327 36.3
    endloop
  endfacet
  facet normal -0.11753739745784614 0 0.9930684569549253
    outer loop
      vertex 22.633380462737335 -9.5 36.305240532653684
      vertex 22.765938590568393 -3.7380905686658346 36.32092982098827
      vertex 22.633380462737335 -3.7315918525853595 36.305240532653684
    endloop
  endfacet
  facet normal -0.19509032201608859 0 0.9807852804032383
    outer loop
      vertex 22.765938590568393 -9.5 36.32092982098827
      vertex 22.89685711855504 -3.748877234359072 36.34697113532395
      vertex 22.765938590568393 -3.7380905686658346 36.32092982098827
    endloop
  endfacet
  facet normal -0.2714404498650708 0 0.9624552364536483
    outer loop
      vertex 22.89685711855504 -9.5 36.34697113532395
      vertex 23.02532889043741 -3.7638853462841473 36.383203922298236
      vertex 22.89685711855504 -3.748877234359072 36.34697113532395
    endloop
  endfacet
  facet normal -0.3461170570775241 0 0.9381913359224726
    outer loop
      vertex 23.02532889043741 -9.5 36.383203922298236
      vertex 23.150561835020653 -3.7830223744403377 36.429404794730814
      vertex 23.02532889043741 -3.7638853462841473 36.383203922298236
    endloop
  endfacet
  facet normal -0.6788007455329405 0 0.7343225094356869
    outer loop
      vertex 23.604061682161312 -9.5 36.707309858479945
      vertex 23.702081528017132 -3.9158628949230683 36.79791847198287
      vertex 23.604061682161312 -3.8872941091712585 36.707309858479945
    endloop
  endfacet
  facet normal -0.4186597375374094 0 0.9081431738250898
    outer loop
      vertex 23.150561835020653 -9.5 36.429404794730814
      vertex 23.27178384955723 -3.806170332685351 36.485288908879774
      vertex 23.150561835020653 -3.7830223744403377 36.429404794730814
    endloop
  endfacet
  facet normal -0.4886212414969755 0 0.8724960070727855
    outer loop
      vertex 23.27178384955723 -9.5 36.485288908879774
      vertex 23.388247560017113 -3.8331865061591315 36.550511720598045
      vertex 23.27178384955723 -3.806170332685351 36.485288908879774
    endloop
  endfacet
  facet normal -0.5555702330195987 0 0.8314696123025477
    outer loop
      vertex 23.388247560017113 -9.5 36.550511720598045
      vertex 23.458895869524692 -3.852739743888378 36.59771741181612
      vertex 23.388247560017113 -3.8331865061591315 36.550511720598045
    endloop
  endfacet
  facet normal -0.5555702330195917 -1.2314153413353215e-16 0.8314696123025522
    outer loop
      vertex 23.388247560017113 -9.5 36.550511720598045
      vertex 23.499234928897206 -3.861238212040229 36.62467110956259
      vertex 23.458895869524692 -3.852739743888378 36.59771741181612
    endloop
  endfacet
  facet normal -0.6190939493098218 0 0.7853169308807545
    outer loop
      vertex 23.499234928897206 -9.5 36.62467110956259
      vertex 23.604061682161312 -3.8872941091712585 36.707309858479945
      vertex 23.499234928897206 -3.861238212040229 36.62467110956259
    endloop
  endfacet
  facet normal -0.7343225094356877 0 0.6788007455329393
    outer loop
      vertex 23.702081528017132 -9.5 36.79791847198287
      vertex 23.79269014152005 -3.9467684332314077 36.895938317838684
      vertex 23.702081528017132 -3.9158628949230683 36.79791847198287
    endloop
  endfacet
  facet normal -0.7853169308807403 0 0.6190939493098396
    outer loop
      vertex 23.79269014152005 -9.5 36.895938317838684
      vertex 23.82651261161476 -3.9602958858013153 36.93884191662073
      vertex 23.79269014152005 -3.9467684332314077 36.895938317838684
    endloop
  endfacet
  facet normal -0.8314696123025288 0 0.5555702330196269
    outer loop
      vertex 23.87532889043741 -9.5 37.0007650711028
      vertex 23.949488279401958 -3.99862922564144 37.11175243998289
      vertex 23.87532889043741 -3.974023918535112 37.0007650711028
    endloop
  endfacet
  facet normal -0.7853169308807769 5.817932186809248e-16 0.6190939493097933
    outer loop
      vertex 23.79269014152005 -9.5 36.895938317838684
      vertex 23.87532889043741 -3.974023918535112 37.0007650711028
      vertex 23.82651261161476 -3.9602958858013153 36.93884191662073
    endloop
  endfacet
  facet normal -0.872496007072797 0 0.4886212414969552
    outer loop
      vertex 23.949488279401958 -9.5 37.11175243998289
      vertex 24.014711091120226 -4.024448608437186 37.22821615044277
      vertex 23.949488279401958 -3.99862922564144 37.11175243998289
    endloop
  endfacet
  facet normal -0.9081431738250854 0 0.41865973753741936
    outer loop
      vertex 24.014711091120226 -9.5 37.22821615044277
      vertex 24.04229140257976 -4.037711784243584 37.2880424708128
      vertex 24.014711091120226 -4.024448608437186 37.22821615044277
    endloop
  endfacet
  facet normal -0.9081431738250944 2.5799362061369076e-16 0.4186597375373999
    outer loop
      vertex 24.014711091120226 -9.5 37.22821615044277
      vertex 24.070595205269186 -4.045794681302636 37.34943816497935
      vertex 24.04229140257976 -4.037711784243584 37.2880424708128
    endloop
  endfacet
  facet normal -0.9381913359224846 0 0.346117057077492
    outer loop
      vertex 24.070595205269186 -9.5 37.34943816497935
      vertex 24.11679607770176 -4.062281912422175 37.47467110956259
      vertex 24.070595205269186 -4.045794681302636 37.34943816497935
    endloop
  endfacet
  facet normal -0.9624552364536462 0 0.27144044986507776
    outer loop
      vertex 24.11679607770176 -9.5 37.47467110956259
      vertex 24.15302886467605 -4.079195543275541 37.60314288144496
      vertex 24.11679607770176 -4.062281912422175 37.47467110956259
    endloop
  endfacet
  facet normal -0.980785280403239 0 0.19509032201608564
    outer loop
      vertex 24.15302886467605 -9.5 37.60314288144496
      vertex 24.16088959715897 -4.08439826220274 37.642661452293396
      vertex 24.15302886467605 -4.079195543275541 37.60314288144496
    endloop
  endfacet
  facet normal -0.9807852804032249 -5.330340271971405e-16 0.19509032201615586
    outer loop
      vertex 24.15302886467605 -9.5 37.60314288144496
      vertex 24.179070179011735 -4.088388870860271 37.73406140943161
      vertex 24.16088959715897 -4.08439826220274 37.642661452293396
    endloop
  endfacet
  facet normal -0.9930684569549281 0 0.11753739745782303
    outer loop
      vertex 24.179070179011735 -9.5 37.73406140943161
      vertex 24.194759467346316 -4.094176484214935 37.866619537262665
      vertex 24.179070179011735 -4.088388870860271 37.73406140943161
    endloop
  endfacet
  facet normal -0.9992290362407226 0 0.03925981575907695
    outer loop
      vertex 24.194759467346316 -9.5 37.866619537262665
      vertex 24.2 -4.100000001490116 38
      vertex 24.194759467346316 -4.094176484214935 37.866619537262665
    endloop
  endfacet
  facet normal -0.9992290362407227 0 -0.03925981575907696
    outer loop
      vertex 24.2 -9.5 38
      vertex 24.194759467346316 -4.094176484214935 38.133380462737335
      vertex 24.2 -4.100000001490116 38
    endloop
  endfacet
  facet normal -0.9930684569549281 0 -0.11753739745782302
    outer loop
      vertex 24.194759467346316 -9.5 38.133380462737335
      vertex 24.179070179011735 -4.088388870860271 38.26593859056839
      vertex 24.194759467346316 -4.094176484214935 38.133380462737335
    endloop
  endfacet
  facet normal -0.9807852804032323 0 -0.19509032201611923
    outer loop
      vertex 24.179070179011735 -9.5 38.26593859056839
      vertex 24.160889597158974 -4.08439826220274 38.357338547706604
      vertex 24.179070179011735 -4.088388870860271 38.26593859056839
    endloop
  endfacet
  facet normal -0.980785280403222 0 -0.19509032201617044
    outer loop
      vertex 24.15302886467605 -9.5 38.39685711855504
      vertex 24.15302886467605 -4.079195543275541 38.39685711855504
      vertex 24.160889597158974 -4.08439826220274 38.357338547706604
    endloop
  endfacet
  facet normal -0.9624552364536463 0 -0.27144044986507776
    outer loop
      vertex 24.15302886467605 -9.5 38.39685711855504
      vertex 24.11679607770176 -4.062281912422175 38.52532889043741
      vertex 24.15302886467605 -4.079195543275541 38.39685711855504
    endloop
  endfacet
  facet normal -0.9381913359224845 0 -0.3461170570774921
    outer loop
      vertex 24.11679607770176 -9.5 38.52532889043741
      vertex 24.070595205269186 -4.045794681302636 38.65056183502065
      vertex 24.11679607770176 -4.062281912422175 38.52532889043741
    endloop
  endfacet
  facet normal -0.9081431738250944 0 -0.4186597375373999
    outer loop
      vertex 24.070595205269186 -9.5 38.65056183502065
      vertex 24.04229140257976 -4.037711784243584 38.7119575291872
      vertex 24.070595205269186 -4.045794681302636 38.65056183502065
    endloop
  endfacet
  facet normal -0.9081431738250854 2.6580546323383466e-16 -0.41865973753741936
    outer loop
      vertex 24.070595205269186 -9.5 38.65056183502065
      vertex 24.014711091120226 -4.024448608437186 38.77178384955723
      vertex 24.04229140257976 -4.037711784243584 38.7119575291872
    endloop
  endfacet
  facet normal -0.8724960070727971 0 -0.48862124149695524
    outer loop
      vertex 24.014711091120226 -9.5 38.77178384955723
      vertex 23.949488279401958 -3.9986292256414386 38.88824756001711
      vertex 24.014711091120226 -4.024448608437186 38.77178384955723
    endloop
  endfacet
  facet normal -0.8314696123025288 0 -0.5555702330196268
    outer loop
      vertex 23.949488279401958 -9.5 38.88824756001711
      vertex 23.87532889043741 -3.974023918535112 38.9992349288972
      vertex 23.949488279401958 -3.9986292256414386 38.88824756001711
    endloop
  endfacet
  facet normal 0.7853169308807769 5.817932186809248e-16 -0.6190939493097933
    outer loop
      vertex 21.20730985847995 -9.5 39.104061682161316
      vertex 21.12467110956259 -3.9740239185351114 38.9992349288972
      vertex 21.17348738838524 -3.9602958858013153 39.06115808337927
    endloop
  endfacet
  facet normal 0.7853169308807403 0 -0.6190939493098396
    outer loop
      vertex 21.20730985847995 -9.5 39.104061682161316
      vertex 21.17348738838524 -3.9602958858013153 39.06115808337927
      vertex 21.20730985847995 -3.9467684332314077 39.104061682161316
    endloop
  endfacet
  facet normal 0.7343225094356879 0 -0.6788007455329393
    outer loop
      vertex 21.297918471982868 -9.5 39.20208152801713
      vertex 21.20730985847995 -3.9467684332314077 39.104061682161316
      vertex 21.297918471982868 -3.915862894923067 39.20208152801713
    endloop
  endfacet
  facet normal 0.6788007455329405 0 -0.7343225094356869
    outer loop
      vertex 21.395938317838688 -9.5 39.292690141520055
      vertex 21.297918471982868 -3.915862894923067 39.20208152801713
      vertex 21.395938317838688 -3.887294109171259 39.292690141520055
    endloop
  endfacet
  facet normal 0.6190939493098218 0 -0.7853169308807545
    outer loop
      vertex 21.500765071102794 -9.5 39.37532889043741
      vertex 21.395938317838688 -3.887294109171259 39.292690141520055
      vertex 21.500765071102794 -3.8612382120402287 39.37532889043741
    endloop
  endfacet
  facet normal 0.5555702330195917 -1.2314153413353215e-16 -0.8314696123025522
    outer loop
      vertex 21.611752439982887 -9.5 39.449488279401955
      vertex 21.500765071102794 -3.8612382120402287 39.37532889043741
      vertex 21.541104130475308 -3.852739743888378 39.40228258818388
    endloop
  endfacet
  facet normal 0.5555702330195987 0 -0.8314696123025477
    outer loop
      vertex 21.611752439982887 -9.5 39.449488279401955
      vertex 21.541104130475308 -3.852739743888378 39.40228258818388
      vertex 21.611752439982887 -3.8331865061591324 39.449488279401955
    endloop
  endfacet
  facet normal 0.4886212414969755 0 -0.8724960070727855
    outer loop
      vertex 21.72821615044277 -9.5 39.514711091120226
      vertex 21.611752439982887 -3.8331865061591324 39.449488279401955
      vertex 21.72821615044277 -3.8061703326853507 39.514711091120226
    endloop
  endfacet
  facet normal 0.4186597375374095 0 -0.9081431738250898
    outer loop
      vertex 21.849438164979347 -9.5 39.570595205269186
      vertex 21.72821615044277 -3.8061703326853507 39.514711091120226
      vertex 21.849438164979347 -3.7830223744403395 39.570595205269186
    endloop
  endfacet
  facet normal 0.34611705707752405 0 -0.9381913359224726
    outer loop
      vertex 21.97467110956259 -9.5 39.616796077701764
      vertex 21.849438164979347 -3.7830223744403395 39.570595205269186
      vertex 21.97467110956259 -3.763885346284147 39.616796077701764
    endloop
  endfacet
  facet normal 0.27144044986507077 0 -0.9624552364536483
    outer loop
      vertex 22.10314288144496 -9.5 39.65302886467605
      vertex 21.97467110956259 -3.763885346284147 39.616796077701764
      vertex 22.10314288144496 -3.7488772343590715 39.65302886467605
    endloop
  endfacet
  facet normal 0.19509032201608859 0 -0.9807852804032383
    outer loop
      vertex 22.234061409431607 -9.5 39.67907017901173
      vertex 22.10314288144496 -3.7488772343590715 39.65302886467605
      vertex 22.234061409431607 -3.7380905686658346 39.67907017901173
    endloop
  endfacet
  facet normal 0.11753739745784614 0 -0.9930684569549253
    outer loop
      vertex 22.366619537262665 -9.5 39.694759467346316
      vertex 22.234061409431607 -3.7380905686658346 39.67907017901173
      vertex 22.366619537262665 -3.7315918525853595 39.694759467346316
    endloop
  endfacet
  facet normal 0.039259815759103533 0 -0.9992290362407216
    outer loop
      vertex 22.5 -9.5 39.7
      vertex 22.366619537262665 -3.7315918525853595 39.694759467346316
      vertex 22.5 -3.7294211528633276 39.7
    endloop
  endfacet
  facet normal -0.03925981575910353 0 -0.9992290362407216
    outer loop
      vertex 22.633380462737335 -9.5 39.694759467346316
      vertex 22.5 -3.7294211528633276 39.7
      vertex 22.633380462737335 -3.7315918525853595 39.694759467346316
    endloop
  endfacet
  facet normal -0.11753739745784618 0 -0.9930684569549254
    outer loop
      vertex 22.765938590568393 -9.5 39.67907017901173
      vertex 22.633380462737335 -3.7315918525853595 39.694759467346316
      vertex 22.765938590568393 -3.738090568665834 39.67907017901173
    endloop
  endfacet
  facet normal -0.19509032201608859 0 -0.9807852804032383
    outer loop
      vertex 22.89685711855504 -9.5 39.65302886467605
      vertex 22.765938590568393 -3.738090568665834 39.67907017901173
      vertex 22.89685711855504 -3.748877234359071 39.65302886467605
    endloop
  endfacet
  facet normal -0.2714404498650708 0 -0.9624552364536482
    outer loop
      vertex 23.02532889043741 -9.5 39.616796077701764
      vertex 22.89685711855504 -3.748877234359071 39.65302886467605
      vertex 23.02532889043741 -3.763885346284146 39.616796077701764
    endloop
  endfacet
  facet normal -0.3461170570775241 0 -0.9381913359224726
    outer loop
      vertex 23.150561835020653 -9.5 39.570595205269186
      vertex 23.02532889043741 -3.763885346284146 39.616796077701764
      vertex 23.150561835020653 -3.783022374440339 39.570595205269186
    endloop
  endfacet
  facet normal -0.6788007455329403 0 -0.7343225094356868
    outer loop
      vertex 23.702081528017132 -9.5 39.20208152801713
      vertex 23.604061682161312 -3.8872941091712594 39.292690141520055
      vertex 23.702081528017132 -3.9158628949230674 39.20208152801713
    endloop
  endfacet
  facet normal -0.6190939493098219 0 -0.7853169308807546
    outer loop
      vertex 23.604061682161312 -9.5 39.292690141520055
      vertex 23.499234928897206 -3.8612382120402287 39.37532889043741
      vertex 23.604061682161312 -3.8872941091712594 39.292690141520055
    endloop
  endfacet
  facet normal -0.41865973753740954 0 -0.9081431738250899
    outer loop
      vertex 23.27178384955723 -9.5 39.514711091120226
      vertex 23.150561835020653 -3.783022374440339 39.570595205269186
      vertex 23.27178384955723 -3.8061703326853507 39.514711091120226
    endloop
  endfacet
  facet normal -0.4886212414969755 0 -0.8724960070727856
    outer loop
      vertex 23.388247560017113 -9.5 39.449488279401955
      vertex 23.27178384955723 -3.8061703326853507 39.514711091120226
      vertex 23.388247560017113 -3.833186506159132 39.449488279401955
    endloop
  endfacet
  facet normal -0.5555702330195987 -7.154241673870231e-17 -0.8314696123025476
    outer loop
      vertex 23.499234928897206 -9.5 39.37532889043741
      vertex 23.388247560017113 -3.833186506159132 39.449488279401955
      vertex 23.458895869524692 -3.852739743888378 39.40228258818388
    endloop
  endfacet
  facet normal -0.5555702330195919 0 -0.8314696123025522
    outer loop
      vertex 23.499234928897206 -9.5 39.37532889043741
      vertex 23.458895869524692 -3.852739743888378 39.40228258818388
      vertex 23.499234928897206 -3.8612382120402287 39.37532889043741
    endloop
  endfacet
  facet normal -0.785316930880772 0 -0.6190939493097996
    outer loop
      vertex 23.79269014152005 -9.5 39.104061682161316
      vertex 23.79269014152005 -3.946768433231408 39.104061682161316
      vertex 23.826512611614756 -3.9602958858013153 39.06115808337927
    endloop
  endfacet
  facet normal -0.7853169308807552 0 -0.6190939493098212
    outer loop
      vertex 23.87532889043741 -9.5 38.9992349288972
      vertex 23.826512611614756 -3.9602958858013153 39.06115808337927
      vertex 23.87532889043741 -3.974023918535112 38.9992349288972
    endloop
  endfacet
  facet normal -0.7343225094356877 0 -0.6788007455329393
    outer loop
      vertex 23.79269014152005 -9.5 39.104061682161316
      vertex 23.702081528017132 -3.9158628949230674 39.20208152801713
      vertex 23.79269014152005 -3.946768433231408 39.104061682161316
    endloop
  endfacet
  facet normal 1 0 0
    outer loop
      vertex 19.6 -12.5 34.25136843870017
      vertex 19.6 -9.5 34.25136843870017
      vertex 19.6 -9.5 48
    endloop
  endfacet
  facet normal 1 0 0
    outer loop
      vertex 19.6 -12.5 34.25136843870017
      vertex 19.6 -9.5 48
      vertex 19.6 -12.5 48
    endloop
  endfacet
  facet normal 0 1 0
    outer loop
      vertex 19.6 -12.5 34.25136843870017
      vertex 21.500765071102794 -12.5 36.62467110956259
      vertex 21.611752439982887 -12.5 36.550511720598045
    endloop
  endfacet
  facet normal 0 1 0
    outer loop
      vertex 19.6 -12.5 34.25136843870017
      vertex 21.20730985847995 -12.5 36.895938317838684
      vertex 21.297918471982868 -12.5 36.79791847198287
    endloop
  endfacet
  facet normal 0 1 0
    outer loop
      vertex 19.6 -12.5 34.25136843870017
      vertex 21.297918471982868 -12.5 36.79791847198287
      vertex 21.395938317838688 -12.5 36.707309858479945
    endloop
  endfacet
  facet normal 0 1 0
    outer loop
      vertex 19.6 -12.5 34.25136843870017
      vertex 21.395938317838688 -12.5 36.707309858479945
      vertex 21.500765071102794 -12.5 36.62467110956259
    endloop
  endfacet
  facet normal 0 1 0
    outer loop
      vertex 19.6 -12.5 34.25136843870017
      vertex 21.611752439982887 -12.5 36.550511720598045
      vertex 21.72821615044277 -12.5 36.485288908879774
    endloop
  endfacet
  facet normal 0 1 0
    outer loop
      vertex 19.6 -12.5 34.25136843870017
      vertex 21.72821615044277 -12.5 36.485288908879774
      vertex 21.849438164979347 -12.5 36.429404794730814
    endloop
  endfacet
  facet normal 0 1 0
    outer loop
      vertex 19.6 -12.5 34.25136843870017
      vertex 21.849438164979347 -12.5 36.429404794730814
      vertex 21.97467110956259 -12.5 36.383203922298236
    endloop
  endfacet
  facet normal 0 1 0
    outer loop
      vertex 19.6 -12.5 34.25136843870017
      vertex 21.97467110956259 -12.5 36.383203922298236
      vertex 22.10314288144496 -12.5 36.34697113532395
    endloop
  endfacet
  facet normal 0 1 0
    outer loop
      vertex 19.6 -12.5 34.25136843870017
      vertex 22.366619537262665 -12.5 36.305240532653684
      vertex 22.5 -12.5 36.3
    endloop
  endfacet
  facet normal 0 1 0
    outer loop
      vertex 19.6 -12.5 34.25136843870017
      vertex 22.10314288144496 -12.5 36.34697113532395
      vertex 22.234061409431607 -12.5 36.32092982098827
    endloop
  endfacet
  facet normal 0 1 0
    outer loop
      vertex 19.6 -12.5 34.25136843870017
      vertex 22.234061409431607 -12.5 36.32092982098827
      vertex 22.366619537262665 -12.5 36.305240532653684
    endloop
  endfacet
  facet normal 0 1 0
    outer loop
      vertex 19.6 -12.5 34.25136843870017
      vertex 22.5 -12.5 36.3
      vertex 25.4 -12.5 34.25136843870017
    endloop
  endfacet
  facet normal 0 1 0
    outer loop
      vertex 25.4 -12.5 34.25136843870017
      vertex 22.5 -12.5 36.3
      vertex 22.633380462737335 -12.5 36.305240532653684
    endloop
  endfacet
  facet normal 0 1 0
    outer loop
      vertex 25.4 -12.5 34.25136843870017
      vertex 22.633380462737335 -12.5 36.305240532653684
      vertex 22.765938590568393 -12.5 36.32092982098827
    endloop
  endfacet
  facet normal 0 1 0
    outer loop
      vertex 25.4 -12.5 34.25136843870017
      vertex 22.765938590568393 -12.5 36.32092982098827
      vertex 22.89685711855504 -12.5 36.34697113532395
    endloop
  endfacet
  facet normal 0 1 0
    outer loop
      vertex 25.4 -12.5 34.25136843870017
      vertex 22.89685711855504 -12.5 36.34697113532395
      vertex 23.02532889043741 -12.5 36.383203922298236
    endloop
  endfacet
  facet normal 0 1 0
    outer loop
      vertex 25.4 -12.5 34.25136843870017
      vertex 23.02532889043741 -12.5 36.383203922298236
      vertex 23.150561835020653 -12.5 36.429404794730814
    endloop
  endfacet
  facet normal 0 1 0
    outer loop
      vertex 25.4 -12.5 34.25136843870017
      vertex 23.150561835020653 -12.5 36.429404794730814
      vertex 23.27178384955723 -12.5 36.485288908879774
    endloop
  endfacet
  facet normal 0 1 0
    outer loop
      vertex 25.4 -12.5 34.25136843870017
      vertex 23.27178384955723 -12.5 36.485288908879774
      vertex 23.388247560017113 -12.5 36.550511720598045
    endloop
  endfacet
  facet normal 0 1 0
    outer loop
      vertex 25.4 -12.5 34.25136843870017
      vertex 23.388247560017113 -12.5 36.550511720598045
      vertex 23.499234928897206 -12.5 36.62467110956259
    endloop
  endfacet
  facet normal 0 1 0
    outer loop
      vertex 25.4 -12.5 34.25136843870017
      vertex 23.499234928897206 -12.5 36.62467110956259
      vertex 23.604061682161312 -12.5 36.707309858479945
    endloop
  endfacet
  facet normal 0 1 0
    outer loop
      vertex 25.4 -12.5 34.25136843870017
      vertex 23.604061682161312 -12.5 36.707309858479945
      vertex 23.702081528017132 -12.5 36.79791847198287
    endloop
  endfacet
  facet normal 0 1 0
    outer loop
      vertex 25.4 -12.5 34.25136843870017
      vertex 23.702081528017132 -12.5 36.79791847198287
      vertex 23.79269014152005 -12.5 36.895938317838684
    endloop
  endfacet
  facet normal 0 0 1
    outer loop
      vertex 19.6 -12.5 34.25136843870017
      vertex 25.4 -9.5 34.25136843870017
      vertex 19.6 -9.5 34.25136843870017
    endloop
  endfacet
  facet normal 0 0 1
    outer loop
      vertex 19.6 -12.5 34.25136843870017
      vertex 25.4 -12.5 34.25136843870017
      vertex 25.4 -9.5 34.25136843870017
    endloop
  endfacet
  facet normal 0 -1 0
    outer loop
      vertex 19.6 -9.5 34.25136843870017
      vertex 21.611752439982887 -9.5 36.550511720598045
      vertex 21.500765071102794 -9.5 36.62467110956259
    endloop
  endfacet
  facet normal 0 -1 0
    outer loop
      vertex 19.6 -9.5 34.25136843870017
      vertex 21.297918471982868 -9.5 36.79791847198287
      vertex 21.20730985847995 -9.5 36.895938317838684
    endloop
  endfacet
  facet normal 0 -1 0
    outer loop
      vertex 19.6 -9.5 34.25136843870017
      vertex 21.395938317838688 -9.5 36.707309858479945
      vertex 21.297918471982868 -9.5 36.79791847198287
    endloop
  endfacet
  facet normal 0 -1 0
    outer loop
      vertex 19.6 -9.5 34.25136843870017
      vertex 21.500765071102794 -9.5 36.62467110956259
      vertex 21.395938317838688 -9.5 36.707309858479945
    endloop
  endfacet
  facet normal 0 -1 0
    outer loop
      vertex 19.6 -9.5 34.25136843870017
      vertex 21.72821615044277 -9.5 36.485288908879774
      vertex 21.611752439982887 -9.5 36.550511720598045
    endloop
  endfacet
  facet normal 0 -1 0
    outer loop
      vertex 19.6 -9.5 34.25136843870017
      vertex 21.849438164979347 -9.5 36.429404794730814
      vertex 21.72821615044277 -9.5 36.485288908879774
    endloop
  endfacet
  facet normal 0 -1 0
    outer loop
      vertex 19.6 -9.5 34.25136843870017
      vertex 21.97467110956259 -9.5 36.383203922298236
      vertex 21.849438164979347 -9.5 36.429404794730814
    endloop
  endfacet
  facet normal 0 -1 0
    outer loop
      vertex 19.6 -9.5 34.25136843870017
      vertex 22.10314288144496 -9.5 36.34697113532395
      vertex 21.97467110956259 -9.5 36.383203922298236
    endloop
  endfacet
  facet normal 0 -1 0
    outer loop
      vertex 19.6 -9.5 34.25136843870017
      vertex 25.4 -9.5 34.25136843870017
      vertex 22.10314288144496 -9.5 36.34697113532395
    endloop
  endfacet
  facet normal 0 -1 0
    outer loop
      vertex 25.4 -9.5 34.25136843870017
      vertex 22.5 -9.5 36.3
      vertex 22.366619537262665 -9.5 36.305240532653684
    endloop
  endfacet
  facet normal 0 -1 0
    outer loop
      vertex 25.4 -9.5 34.25136843870017
      vertex 22.633380462737335 -9.5 36.305240532653684
      vertex 22.5 -9.5 36.3
    endloop
  endfacet
  facet normal 0 -1 0
    outer loop
      vertex 25.4 -9.5 34.25136843870017
      vertex 22.234061409431607 -9.5 36.32092982098827
      vertex 22.10314288144496 -9.5 36.34697113532395
    endloop
  endfacet
  facet normal 0 -1 0
    outer loop
      vertex 25.4 -9.5 34.25136843870017
      vertex 22.366619537262665 -9.5 36.305240532653684
      vertex 22.234061409431607 -9.5 36.32092982098827
    endloop
  endfacet
  facet normal 0 -1 0
    outer loop
      vertex 25.4 -9.5 34.25136843870017
      vertex 22.765938590568393 -9.5 36.32092982098827
      vertex 22.633380462737335 -9.5 36.305240532653684
    endloop
  endfacet
  facet normal 0 -1 0
    outer loop
      vertex 25.4 -9.5 34.25136843870017
      vertex 22.89685711855504 -9.5 36.34697113532395
      vertex 22.765938590568393 -9.5 36.32092982098827
    endloop
  endfacet
  facet normal 0 -1 0
    outer loop
      vertex 25.4 -9.5 34.25136843870017
      vertex 23.02532889043741 -9.5 36.383203922298236
      vertex 22.89685711855504 -9.5 36.34697113532395
    endloop
  endfacet
  facet normal 0 -1 0
    outer loop
      vertex 25.4 -9.5 34.25136843870017
      vertex 23.150561835020653 -9.5 36.429404794730814
      vertex 23.02532889043741 -9.5 36.383203922298236
    endloop
  endfacet
  facet normal 0 -1 0
    outer loop
      vertex 25.4 -9.5 34.25136843870017
      vertex 23.27178384955723 -9.5 36.485288908879774
      vertex 23.150561835020653 -9.5 36.429404794730814
    endloop
  endfacet
  facet normal 0 -1 0
    outer loop
      vertex 25.4 -9.5 34.25136843870017
      vertex 23.388247560017113 -9.5 36.550511720598045
      vertex 23.27178384955723 -9.5 36.485288908879774
    endloop
  endfacet
  facet normal 0 -1 0
    outer loop
      vertex 25.4 -9.5 34.25136843870017
      vertex 23.499234928897206 -9.5 36.62467110956259
      vertex 23.388247560017113 -9.5 36.550511720598045
    endloop
  endfacet
  facet normal 0 -1 0
    outer loop
      vertex 25.4 -9.5 34.25136843870017
      vertex 23.604061682161312 -9.5 36.707309858479945
      vertex 23.499234928897206 -9.5 36.62467110956259
    endloop
  endfacet
  facet normal 0 -1 0
    outer loop
      vertex 25.4 -9.5 34.25136843870017
      vertex 23.702081528017132 -9.5 36.79791847198287
      vertex 23.604061682161312 -9.5 36.707309858479945
    endloop
  endfacet
  facet normal 0 -1 0
    outer loop
      vertex 25.4 -9.5 34.25136843870017
      vertex 23.79269014152005 -9.5 36.895938317838684
      vertex 23.702081528017132 -9.5 36.79791847198287
    endloop
  endfacet
  facet normal 0 1 0
    outer loop
      vertex 19.6 -12.5 34.25136843870017
      vertex 21.050511720598042 -12.5 37.11175243998289
      vertex 21.12467110956259 -12.5 37.0007650711028
    endloop
  endfacet
  facet normal 0 1 0
    outer loop
      vertex 19.6 -12.5 34.25136843870017
      vertex 20.985288908879774 -12.5 37.22821615044277
      vertex 21.050511720598042 -12.5 37.11175243998289
    endloop
  endfacet
  facet normal 0 1 0
    outer loop
      vertex 19.6 -12.5 34.25136843870017
      vertex 20.929404794730814 -12.5 37.34943816497935
      vertex 20.985288908879774 -12.5 37.22821615044277
    endloop
  endfacet
  facet normal 0 1 0
    outer loop
      vertex 19.6 -12.5 34.25136843870017
      vertex 20.88320392229824 -12.5 37.47467110956259
      vertex 20.929404794730814 -12.5 37.34943816497935
    endloop
  endfacet
  facet normal 0 1 0
    outer loop
      vertex 19.6 -12.5 34.25136843870017
      vertex 20.84697113532395 -12.5 37.60314288144496
      vertex 20.88320392229824 -12.5 37.47467110956259
    endloop
  endfacet
  facet normal 0 1 0
    outer loop
      vertex 19.6 -12.5 34.25136843870017
      vertex 20.820929820988265 -12.5 37.73406140943161
      vertex 20.84697113532395 -12.5 37.60314288144496
    endloop
  endfacet
  facet normal 0 1 0
    outer loop
      vertex 19.6 -12.5 34.25136843870017
      vertex 20.805240532653684 -12.5 37.866619537262665
      vertex 20.820929820988265 -12.5 37.73406140943161
    endloop
  endfacet
  facet normal 0 1 0
    outer loop
      vertex 19.6 -12.5 34.25136843870017
      vertex 20.8 -12.5 38
      vertex 20.805240532653684 -12.5 37.866619537262665
    endloop
  endfacet
  facet normal 0 1 0
    outer loop
      vertex 19.6 -12.5 34.25136843870017
      vertex 21.12467110956259 -12.5 37.0007650711028
      vertex 21.20730985847995 -12.5 36.895938317838684
    endloop
  endfacet
  facet normal 0 1 0
    outer loop
      vertex 19.6 -12.5 34.25136843870017
      vertex 20.805240532653684 -12.5 38.133380462737335
      vertex 20.8 -12.5 38
    endloop
  endfacet
  facet normal 0 1 0
    outer loop
      vertex 25.4 -12.5 34.25136843870017
      vertex 23.79269014152005 -12.5 36.895938317838684
      vertex 23.87532889043741 -12.5 37.0007650711028
    endloop
  endfacet
  facet normal 0 1 0
    outer loop
      vertex 25.4 -12.5 34.25136843870017
      vertex 23.87532889043741 -12.5 37.0007650711028
      vertex 23.949488279401958 -12.5 37.11175243998289
    endloop
  endfacet
  facet normal 0 1 0
    outer loop
      vertex 25.4 -12.5 34.25136843870017
      vertex 23.949488279401958 -12.5 37.11175243998289
      vertex 24.014711091120226 -12.5 37.22821615044277
    endloop
  endfacet
  facet normal 0 1 0
    outer loop
      vertex 25.4 -12.5 34.25136843870017
      vertex 24.014711091120226 -12.5 37.22821615044277
      vertex 24.070595205269186 -12.5 37.34943816497935
    endloop
  endfacet
  facet normal 0 1 0
    outer loop
      vertex 25.4 -12.5 34.25136843870017
      vertex 24.070595205269186 -12.5 37.34943816497935
      vertex 24.11679607770176 -12.5 37.47467110956259
    endloop
  endfacet
  facet normal 0 1 0
    outer loop
      vertex 25.4 -12.5 34.25136843870017
      vertex 24.11679607770176 -12.5 37.47467110956259
      vertex 24.15302886467605 -12.5 37.60314288144496
    endloop
  endfacet
  facet normal 0 1 0
    outer loop
      vertex 25.4 -12.5 34.25136843870017
      vertex 24.15302886467605 -12.5 37.60314288144496
      vertex 24.179070179011735 -12.5 37.73406140943161
    endloop
  endfacet
  facet normal 0 1 0
    outer loop
      vertex 25.4 -12.5 34.25136843870017
      vertex 24.179070179011735 -12.5 37.73406140943161
      vertex 24.194759467346316 -12.5 37.866619537262665
    endloop
  endfacet
  facet normal 0 1 0
    outer loop
      vertex 25.4 -12.5 34.25136843870017
      vertex 24.194759467346316 -12.5 37.866619537262665
      vertex 24.2 -12.5 38
    endloop
  endfacet
  facet normal 0 1 0
    outer loop
      vertex 19.6 -12.5 34.25136843870017
      vertex 19.6 -12.5 48
      vertex 20.805240532653684 -12.5 38.133380462737335
    endloop
  endfacet
  facet normal 0 1 0
    outer loop
      vertex 20.805240532653684 -12.5 38.133380462737335
      vertex 19.6 -12.5 48
      vertex 20.820929820988265 -12.5 38.26593859056839
    endloop
  endfacet
  facet normal 0 1 0
    outer loop
      vertex 20.820929820988265 -12.5 38.26593859056839
      vertex 19.6 -12.5 48
      vertex 20.84697113532395 -12.5 38.39685711855504
    endloop
  endfacet
  facet normal 0 1 0
    outer loop
      vertex 20.84697113532395 -12.5 38.39685711855504
      vertex 19.6 -12.5 48
      vertex 20.88320392229824 -12.5 38.52532889043741
    endloop
  endfacet
  facet normal 0 1 0
    outer loop
      vertex 20.88320392229824 -12.5 38.52532889043741
      vertex 19.6 -12.5 48
      vertex 20.929404794730814 -12.5 38.65056183502065
    endloop
  endfacet
  facet normal 0 1 0
    outer loop
      vertex 20.929404794730814 -12.5 38.65056183502065
      vertex 19.6 -12.5 48
      vertex 20.985288908879774 -12.5 38.77178384955723
    endloop
  endfacet
  facet normal 0 1 0
    outer loop
      vertex 20.985288908879774 -12.5 38.77178384955723
      vertex 19.6 -12.5 48
      vertex 21.050511720598042 -12.5 38.88824756001711
    endloop
  endfacet
  facet normal 0 1 0
    outer loop
      vertex 21.050511720598042 -12.5 38.88824756001711
      vertex 19.6 -12.5 48
      vertex 21.12467110956259 -12.5 38.9992349288972
    endloop
  endfacet
  facet normal 0 1 0
    outer loop
      vertex 24.2 -12.5 38
      vertex 24.194759467346316 -12.5 38.133380462737335
      vertex 25.4 -12.5 48
    endloop
  endfacet
  facet normal 0 1 0
    outer loop
      vertex 24.194759467346316 -12.5 38.133380462737335
      vertex 24.179070179011735 -12.5 38.26593859056839
      vertex 25.4 -12.5 48
    endloop
  endfacet
  facet normal 0 1 0
    outer loop
      vertex 24.179070179011735 -12.5 38.26593859056839
      vertex 24.15302886467605 -12.5 38.39685711855504
      vertex 25.4 -12.5 48
    endloop
  endfacet
  facet normal 0 1 0
    outer loop
      vertex 24.070595205269186 -12.5 38.65056183502065
      vertex 25.4 -12.5 48
      vertex 24.11679607770176 -12.5 38.52532889043741
    endloop
  endfacet
  facet normal 0 1 0
    outer loop
      vertex 24.014711091120226 -12.5 38.77178384955723
      vertex 25.4 -12.5 48
      vertex 24.070595205269186 -12.5 38.65056183502065
    endloop
  endfacet
  facet normal 0 1 0
    outer loop
      vertex 24.15302886467605 -12.5 38.39685711855504
      vertex 24.11679607770176 -12.5 38.52532889043741
      vertex 25.4 -12.5 48
    endloop
  endfacet
  facet normal 0 1 0
    outer loop
      vertex 24.014711091120226 -12.5 38.77178384955723
      vertex 23.949488279401958 -12.5 38.88824756001711
      vertex 25.4 -12.5 48
    endloop
  endfacet
  facet normal 0 1 0
    outer loop
      vertex 23.949488279401958 -12.5 38.88824756001711
      vertex 23.87532889043741 -12.5 38.9992349288972
      vertex 25.4 -12.5 48
    endloop
  endfacet
  facet normal 0 1 0
    outer loop
      vertex 25.4 -12.5 34.25136843870017
      vertex 24.2 -12.5 38
      vertex 25.4 -12.5 48
    endloop
  endfacet
  facet normal 0 1 0
    outer loop
      vertex 21.12467110956259 -12.5 38.9992349288972
      vertex 19.6 -12.5 48
      vertex 21.20730985847995 -12.5 39.104061682161316
    endloop
  endfacet
  facet normal 0 1 0
    outer loop
      vertex 21.20730985847995 -12.5 39.104061682161316
      vertex 19.6 -12.5 48
      vertex 21.297918471982868 -12.5 39.20208152801713
    endloop
  endfacet
  facet normal 0 1 0
    outer loop
      vertex 21.297918471982868 -12.5 39.20208152801713
      vertex 19.6 -12.5 48
      vertex 21.395938317838688 -12.5 39.292690141520055
    endloop
  endfacet
  facet normal 0 1 0
    outer loop
      vertex 21.395938317838688 -12.5 39.292690141520055
      vertex 19.6 -12.5 48
      vertex 21.500765071102794 -12.5 39.37532889043741
    endloop
  endfacet
  facet normal 0 1 0
    outer loop
      vertex 21.500765071102794 -12.5 39.37532889043741
      vertex 19.6 -12.5 48
      vertex 21.611752439982887 -12.5 39.449488279401955
    endloop
  endfacet
  facet normal 0 1 0
    outer loop
      vertex 21.611752439982887 -12.5 39.449488279401955
      vertex 19.6 -12.5 48
      vertex 21.72821615044277 -12.5 39.514711091120226
    endloop
  endfacet
  facet normal 0 1 0
    outer loop
      vertex 21.72821615044277 -12.5 39.514711091120226
      vertex 19.6 -12.5 48
      vertex 21.849438164979347 -12.5 39.570595205269186
    endloop
  endfacet
  facet normal 0 1 0
    outer loop
      vertex 21.849438164979347 -12.5 39.570595205269186
      vertex 19.6 -12.5 48
      vertex 21.97467110956259 -12.5 39.616796077701764
    endloop
  endfacet
  facet normal 0 1 0
    outer loop
      vertex 21.97467110956259 -12.5 39.616796077701764
      vertex 19.6 -12.5 48
      vertex 22.10314288144496 -12.5 39.65302886467605
    endloop
  endfacet
  facet normal 0 1 0
    outer loop
      vertex 22.10314288144496 -12.5 39.65302886467605
      vertex 19.6 -12.5 48
      vertex 22.234061409431607 -12.5 39.67907017901173
    endloop
  endfacet
  facet normal 0 1 0
    outer loop
      vertex 22.234061409431607 -12.5 39.67907017901173
      vertex 19.6 -12.5 48
      vertex 22.366619537262665 -12.5 39.694759467346316
    endloop
  endfacet
  facet normal 0 1 0
    outer loop
      vertex 22.366619537262665 -12.5 39.694759467346316
      vertex 19.6 -12.5 48
      vertex 22.5 -12.5 39.7
    endloop
  endfacet
  facet normal 0 1 0
    outer loop
      vertex 22.5 -12.5 39.7
      vertex 19.6 -12.5 48
      vertex 22.633380462737335 -12.5 39.694759467346316
    endloop
  endfacet
  facet normal 0 1 0
    outer loop
      vertex 22.633380462737335 -12.5 39.694759467346316
      vertex 19.6 -12.5 48
      vertex 22.765938590568393 -12.5 39.67907017901173
    endloop
  endfacet
  facet normal 0 1 0
    outer loop
      vertex 22.765938590568393 -12.5 39.67907017901173
      vertex 19.6 -12.5 48
      vertex 22.89685711855504 -12.5 39.65302886467605
    endloop
  endfacet
  facet normal 0 1 0
    outer loop
      vertex 22.89685711855504 -12.5 39.65302886467605
      vertex 19.6 -12.5 48
      vertex 23.02532889043741 -12.5 39.616796077701764
    endloop
  endfacet
  facet normal 0 1 0
    outer loop
      vertex 23.150561835020653 -12.5 39.570595205269186
      vertex 19.6 -12.5 48
      vertex 23.27178384955723 -12.5 39.514711091120226
    endloop
  endfacet
  facet normal 0 1 0
    outer loop
      vertex 23.27178384955723 -12.5 39.514711091120226
      vertex 19.6 -12.5 48
      vertex 23.388247560017113 -12.5 39.449488279401955
    endloop
  endfacet
  facet normal 0 1 0
    outer loop
      vertex 23.02532889043741 -12.5 39.616796077701764
      vertex 19.6 -12.5 48
      vertex 23.150561835020653 -12.5 39.570595205269186
    endloop
  endfacet
  facet normal 0 1 0
    outer loop
      vertex 23.79269014152005 -12.5 39.104061682161316
      vertex 25.4 -12.5 48
      vertex 23.87532889043741 -12.5 38.9992349288972
    endloop
  endfacet
  facet normal 0 1 0
    outer loop
      vertex 23.604061682161312 -12.5 39.292690141520055
      vertex 25.4 -12.5 48
      vertex 23.702081528017132 -12.5 39.20208152801713
    endloop
  endfacet
  facet normal 0 1 0
    outer loop
      vertex 23.702081528017132 -12.5 39.20208152801713
      vertex 25.4 -12.5 48
      vertex 23.79269014152005 -12.5 39.104061682161316
    endloop
  endfacet
  facet normal 0 1 0
    outer loop
      vertex 23.388247560017113 -12.5 39.449488279401955
      vertex 25.4 -12.5 48
      vertex 23.499234928897206 -12.5 39.37532889043741
    endloop
  endfacet
  facet normal 0 1 0
    outer loop
      vertex 23.499234928897206 -12.5 39.37532889043741
      vertex 25.4 -12.5 48
      vertex 23.604061682161312 -12.5 39.292690141520055
    endloop
  endfacet
  facet normal 0 1 0
    outer loop
      vertex 23.388247560017113 -12.5 39.449488279401955
      vertex 19.6 -12.5 48
      vertex 25.4 -12.5 48
    endloop
  endfacet
  facet normal 0 -1 0
    outer loop
      vertex 19.6 -9.5 34.25136843870017
      vertex 21.12467110956259 -9.5 37.0007650711028
      vertex 21.050511720598042 -9.5 37.11175243998289
    endloop
  endfacet
  facet normal 0 -1 0
    outer loop
      vertex 19.6 -9.5 34.25136843870017
      vertex 21.050511720598042 -9.5 37.11175243998289
      vertex 20.985288908879774 -9.5 37.22821615044277
    endloop
  endfacet
  facet normal 0 -1 0
    outer loop
      vertex 19.6 -9.5 34.25136843870017
      vertex 20.985288908879774 -9.5 37.22821615044277
      vertex 20.929404794730814 -9.5 37.34943816497935
    endloop
  endfacet
  facet normal 0 -1 0
    outer loop
      vertex 19.6 -9.5 34.25136843870017
      vertex 20.929404794730814 -9.5 37.34943816497935
      vertex 20.88320392229824 -9.5 37.47467110956259
    endloop
  endfacet
  facet normal 0 -1 0
    outer loop
      vertex 19.6 -9.5 34.25136843870017
      vertex 20.88320392229824 -9.5 37.47467110956259
      vertex 20.84697113532395 -9.5 37.60314288144496
    endloop
  endfacet
  facet normal 0 -1 0
    outer loop
      vertex 19.6 -9.5 34.25136843870017
      vertex 20.84697113532395 -9.5 37.60314288144496
      vertex 20.820929820988265 -9.5 37.73406140943161
    endloop
  endfacet
  facet normal 0 -1 0
    outer loop
      vertex 19.6 -9.5 34.25136843870017
      vertex 20.820929820988265 -9.5 37.73406140943161
      vertex 20.805240532653684 -9.5 37.866619537262665
    endloop
  endfacet
  facet normal 0 -1 0
    outer loop
      vertex 19.6 -9.5 34.25136843870017
      vertex 20.805240532653684 -9.5 37.866619537262665
      vertex 20.8 -9.5 38
    endloop
  endfacet
  facet normal 0 -1 0
    outer loop
      vertex 19.6 -9.5 34.25136843870017
      vertex 21.20730985847995 -9.5 36.895938317838684
      vertex 21.12467110956259 -9.5 37.0007650711028
    endloop
  endfacet
  facet normal 0 -1 0
    outer loop
      vertex 19.6 -9.5 34.25136843870017
      vertex 20.8 -9.5 38
      vertex 20.805240532653684 -9.5 38.133380462737335
    endloop
  endfacet
  facet normal 0 -1 0
    outer loop
      vertex 19.6 -9.5 34.25136843870017
      vertex 20.805240532653684 -9.5 38.133380462737335
      vertex 20.820929820988265 -9.5 38.26593859056839
    endloop
  endfacet
  facet normal 0 -1 0
    outer loop
      vertex 19.6 -9.5 34.25136843870017
      vertex 20.820929820988265 -9.5 38.26593859056839
      vertex 20.84697113532395 -9.5 38.39685711855504
    endloop
  endfacet
  facet normal 0 -1 0
    outer loop
      vertex 19.6 -9.5 34.25136843870017
      vertex 20.84697113532395 -9.5 38.39685711855504
      vertex 20.88320392229824 -9.5 38.52532889043741
    endloop
  endfacet
  facet normal 0 -1 0
    outer loop
      vertex 25.4 -9.5 34.25136843870017
      vertex 23.87532889043741 -9.5 37.0007650711028
      vertex 23.79269014152005 -9.5 36.895938317838684
    endloop
  endfacet
  facet normal 0 -1 0
    outer loop
      vertex 25.4 -9.5 34.25136843870017
      vertex 23.949488279401958 -9.5 37.11175243998289
      vertex 23.87532889043741 -9.5 37.0007650711028
    endloop
  endfacet
  facet normal 0 -1 0
    outer loop
      vertex 25.4 -9.5 34.25136843870017
      vertex 24.014711091120226 -9.5 37.22821615044277
      vertex 23.949488279401958 -9.5 37.11175243998289
    endloop
  endfacet
  facet normal 0 -1 0
    outer loop
      vertex 25.4 -9.5 34.25136843870017
      vertex 24.070595205269186 -9.5 37.34943816497935
      vertex 24.014711091120226 -9.5 37.22821615044277
    endloop
  endfacet
  facet normal 0 -1 0
    outer loop
      vertex 25.4 -9.5 34.25136843870017
      vertex 24.11679607770176 -9.5 37.47467110956259
      vertex 24.070595205269186 -9.5 37.34943816497935
    endloop
  endfacet
  facet normal 0 -1 0
    outer loop
      vertex 25.4 -9.5 34.25136843870017
      vertex 24.15302886467605 -9.5 37.60314288144496
      vertex 24.11679607770176 -9.5 37.47467110956259
    endloop
  endfacet
  facet normal 0 -1 0
    outer loop
      vertex 25.4 -9.5 34.25136843870017
      vertex 24.179070179011735 -9.5 37.73406140943161
      vertex 24.15302886467605 -9.5 37.60314288144496
    endloop
  endfacet
  facet normal 0 -1 0
    outer loop
      vertex 25.4 -9.5 34.25136843870017
      vertex 24.194759467346316 -9.5 37.866619537262665
      vertex 24.179070179011735 -9.5 37.73406140943161
    endloop
  endfacet
  facet normal 0 -1 0
    outer loop
      vertex 25.4 -9.5 34.25136843870017
      vertex 24.2 -9.5 38
      vertex 24.194759467346316 -9.5 37.866619537262665
    endloop
  endfacet
  facet normal 0 -1 0
    outer loop
      vertex 25.4 -9.5 34.25136843870017
      vertex 24.194759467346316 -9.5 38.133380462737335
      vertex 24.2 -9.5 38
    endloop
  endfacet
  facet normal 0 -1 0
    outer loop
      vertex 19.6 -9.5 34.25136843870017
      vertex 20.88320392229824 -9.5 38.52532889043741
      vertex 19.6 -9.5 48
    endloop
  endfacet
  facet normal 0 -1 0
    outer loop
      vertex 20.88320392229824 -9.5 38.52532889043741
      vertex 20.929404794730814 -9.5 38.65056183502065
      vertex 19.6 -9.5 48
    endloop
  endfacet
  facet normal 0 -1 0
    outer loop
      vertex 20.929404794730814 -9.5 38.65056183502065
      vertex 20.985288908879774 -9.5 38.77178384955723
      vertex 19.6 -9.5 48
    endloop
  endfacet
  facet normal 0 -1 0
    outer loop
      vertex 20.985288908879774 -9.5 38.77178384955723
      vertex 21.050511720598042 -9.5 38.88824756001711
      vertex 25.4 -9.5 48
    endloop
  endfacet
  facet normal 0 -1 0
    outer loop
      vertex 25.4 -9.5 34.25136843870017
      vertex 25.4 -9.5 48
      vertex 24.194759467346316 -9.5 38.133380462737335
    endloop
  endfacet
  facet normal 0 -1 0
    outer loop
      vertex 21.050511720598042 -9.5 38.88824756001711
      vertex 21.12467110956259 -9.5 38.9992349288972
      vertex 25.4 -9.5 48
    endloop
  endfacet
  facet normal 0 -1 0
    outer loop
      vertex 24.194759467346316 -9.5 38.133380462737335
      vertex 25.4 -9.5 48
      vertex 24.179070179011735 -9.5 38.26593859056839
    endloop
  endfacet
  facet normal 0 -1 0
    outer loop
      vertex 24.179070179011735 -9.5 38.26593859056839
      vertex 25.4 -9.5 48
      vertex 24.15302886467605 -9.5 38.39685711855504
    endloop
  endfacet
  facet normal 0 -1 0
    outer loop
      vertex 24.070595205269186 -9.5 38.65056183502065
      vertex 24.11679607770176 -9.5 38.52532889043741
      vertex 25.4 -9.5 48
    endloop
  endfacet
  facet normal 0 -1 0
    outer loop
      vertex 24.014711091120226 -9.5 38.77178384955723
      vertex 24.070595205269186 -9.5 38.65056183502065
      vertex 25.4 -9.5 48
    endloop
  endfacet
  facet normal 0 -1 0
    outer loop
      vertex 24.15302886467605 -9.5 38.39685711855504
      vertex 25.4 -9.5 48
      vertex 24.11679607770176 -9.5 38.52532889043741
    endloop
  endfacet
  facet normal 0 -1 0
    outer loop
      vertex 24.014711091120226 -9.5 38.77178384955723
      vertex 25.4 -9.5 48
      vertex 23.949488279401958 -9.5 38.88824756001711
    endloop
  endfacet
  facet normal 0 -1 0
    outer loop
      vertex 23.949488279401958 -9.5 38.88824756001711
      vertex 25.4 -9.5 48
      vertex 23.87532889043741 -9.5 38.9992349288972
    endloop
  endfacet
  facet normal -1 0 0
    outer loop
      vertex 25.4 -12.5 34.25136843870017
      vertex 25.4 -12.5 48
      vertex 25.4 -9.5 34.25136843870017
    endloop
  endfacet
  facet normal 0 -1 0
    outer loop
      vertex 20.985288908879774 -9.5 38.77178384955723
      vertex 25.4 -9.5 48
      vertex 19.6 -9.5 48
    endloop
  endfacet
  facet normal 0 -1 0
    outer loop
      vertex 21.12467110956259 -9.5 38.9992349288972
      vertex 21.20730985847995 -9.5 39.104061682161316
      vertex 25.4 -9.5 48
    endloop
  endfacet
  facet normal 0 -1 0
    outer loop
      vertex 21.20730985847995 -9.5 39.104061682161316
      vertex 21.297918471982868 -9.5 39.20208152801713
      vertex 25.4 -9.5 48
    endloop
  endfacet
  facet normal 0 -1 0
    outer loop
      vertex 21.297918471982868 -9.5 39.20208152801713
      vertex 21.395938317838688 -9.5 39.292690141520055
      vertex 25.4 -9.5 48
    endloop
  endfacet
  facet normal 0 -1 0
    outer loop
      vertex 21.395938317838688 -9.5 39.292690141520055
      vertex 21.500765071102794 -9.5 39.37532889043741
      vertex 25.4 -9.5 48
    endloop
  endfacet
  facet normal 0 -1 0
    outer loop
      vertex 21.500765071102794 -9.5 39.37532889043741
      vertex 21.611752439982887 -9.5 39.449488279401955
      vertex 25.4 -9.5 48
    endloop
  endfacet
  facet normal 0 -1 0
    outer loop
      vertex 21.611752439982887 -9.5 39.449488279401955
      vertex 21.72821615044277 -9.5 39.514711091120226
      vertex 25.4 -9.5 48
    endloop
  endfacet
  facet normal 0 -1 0
    outer loop
      vertex 21.72821615044277 -9.5 39.514711091120226
      vertex 21.849438164979347 -9.5 39.570595205269186
      vertex 25.4 -9.5 48
    endloop
  endfacet
  facet normal 0 -1 0
    outer loop
      vertex 21.849438164979347 -9.5 39.570595205269186
      vertex 21.97467110956259 -9.5 39.616796077701764
      vertex 25.4 -9.5 48
    endloop
  endfacet
  facet normal 0 -1 0
    outer loop
      vertex 21.97467110956259 -9.5 39.616796077701764
      vertex 22.10314288144496 -9.5 39.65302886467605
      vertex 25.4 -9.5 48
    endloop
  endfacet
  facet normal 0 -1 0
    outer loop
      vertex 22.10314288144496 -9.5 39.65302886467605
      vertex 22.234061409431607 -9.5 39.67907017901173
      vertex 25.4 -9.5 48
    endloop
  endfacet
  facet normal 0 -1 0
    outer loop
      vertex 22.234061409431607 -9.5 39.67907017901173
      vertex 22.366619537262665 -9.5 39.694759467346316
      vertex 25.4 -9.5 48
    endloop
  endfacet
  facet normal 0 -1 0
    outer loop
      vertex 22.366619537262665 -9.5 39.694759467346316
      vertex 22.5 -9.5 39.7
      vertex 25.4 -9.5 48
    endloop
  endfacet
  facet normal 0 -1 0
    outer loop
      vertex 22.5 -9.5 39.7
      vertex 22.633380462737335 -9.5 39.694759467346316
      vertex 25.4 -9.5 48
    endloop
  endfacet
  facet normal 0 -1 0
    outer loop
      vertex 22.633380462737335 -9.5 39.694759467346316
      vertex 22.765938590568393 -9.5 39.67907017901173
      vertex 25.4 -9.5 48
    endloop
  endfacet
  facet normal 0 -1 0
    outer loop
      vertex 22.765938590568393 -9.5 39.67907017901173
      vertex 22.89685711855504 -9.5 39.65302886467605
      vertex 25.4 -9.5 48
    endloop
  endfacet
  facet normal 0 -1 0
    outer loop
      vertex 23.150561835020653 -9.5 39.570595205269186
      vertex 23.27178384955723 -9.5 39.514711091120226
      vertex 25.4 -9.5 48
    endloop
  endfacet
  facet normal 0 -1 0
    outer loop
      vertex 23.27178384955723 -9.5 39.514711091120226
      vertex 23.388247560017113 -9.5 39.449488279401955
      vertex 25.4 -9.5 48
    endloop
  endfacet
  facet normal 0 -1 0
    outer loop
      vertex 23.79269014152005 -9.5 39.104061682161316
      vertex 23.87532889043741 -9.5 38.9992349288972
      vertex 25.4 -9.5 48
    endloop
  endfacet
  facet normal 0 -1 0
    outer loop
      vertex 23.604061682161312 -9.5 39.292690141520055
      vertex 23.702081528017132 -9.5 39.20208152801713
      vertex 25.4 -9.5 48
    endloop
  endfacet
  facet normal 0 -1 0
    outer loop
      vertex 23.702081528017132 -9.5 39.20208152801713
      vertex 23.79269014152005 -9.5 39.104061682161316
      vertex 25.4 -9.5 48
    endloop
  endfacet
  facet normal 0 -1 0
    outer loop
      vertex 23.388247560017113 -9.5 39.449488279401955
      vertex 23.499234928897206 -9.5 39.37532889043741
      vertex 25.4 -9.5 48
    endloop
  endfacet
  facet normal 0 -1 0
    outer loop
      vertex 23.499234928897206 -9.5 39.37532889043741
      vertex 23.604061682161312 -9.5 39.292690141520055
      vertex 25.4 -9.5 48
    endloop
  endfacet
  facet normal 0 -1 0
    outer loop
      vertex 22.89685711855504 -9.5 39.65302886467605
      vertex 23.02532889043741 -9.5 39.616796077701764
      vertex 25.4 -9.5 48
    endloop
  endfacet
  facet normal 0 -1 0
    outer loop
      vertex 23.02532889043741 -9.5 39.616796077701764
      vertex 23.150561835020653 -9.5 39.570595205269186
      vertex 25.4 -9.5 48
    endloop
  endfacet
  facet normal -1 0 0
    outer loop
      vertex 25.4 -9.5 34.25136843870017
      vertex 25.4 -12.5 48
      vertex 25.4 -9.5 48
    endloop
  endfacet
  facet normal 0.785316930880762 0 0.6190939493098123
    outer loop
      vertex -23.79269014152005 -12.5 36.895938317838684
      vertex -23.87532889043741 -16 37.0007650711028
      vertex -23.79269014152005 -16 36.895938317838684
    endloop
  endfacet
  facet normal 0.8314696123025288 0 0.5555702330196268
    outer loop
      vertex -23.87532889043741 -12.5 37.0007650711028
      vertex -23.949488279401958 -16 37.11175243998289
      vertex -23.87532889043741 -16 37.0007650711028
    endloop
  endfacet
  facet normal 0.9381913359224844 0 0.346117057077492
    outer loop
      vertex -24.070595205269186 -12.5 37.34943816497935
      vertex -24.11679607770176 -16 37.47467110956259
      vertex -24.070595205269186 -16 37.34943816497935
    endloop
  endfacet
  facet normal 0.872496007072797 0 0.48862124149695524
    outer loop
      vertex -23.949488279401958 -12.5 37.11175243998289
      vertex -24.014711091120226 -16 37.22821615044277
      vertex -23.949488279401958 -16 37.11175243998289
    endloop
  endfacet
  facet normal 0.9081431738250899 0 0.4186597375374095
    outer loop
      vertex -24.014711091120226 -12.5 37.22821615044277
      vertex -24.070595205269186 -16 37.34943816497935
      vertex -24.014711091120226 -16 37.22821615044277
    endloop
  endfacet
  facet normal 0.6788007455329405 0 0.7343225094356868
    outer loop
      vertex -23.604061682161312 -12.5 36.707309858479945
      vertex -23.702081528017132 -16 36.79791847198287
      vertex -23.604061682161312 -16 36.707309858479945
    endloop
  endfacet
  facet normal 0.6190939493098218 0 0.7853169308807545
    outer loop
      vertex -23.499234928897206 -12.5 36.62467110956259
      vertex -23.604061682161312 -16 36.707309858479945
      vertex -23.499234928897206 -16 36.62467110956259
    endloop
  endfacet
  facet normal 0.4886212414969755 0 0.8724960070727855
    outer loop
      vertex -23.27178384955723 -12.5 36.485288908879774
      vertex -23.388247560017113 -16 36.550511720598045
      vertex -23.27178384955723 -16 36.485288908879774
    endloop
  endfacet
  facet normal 0.4186597375374095 0 0.9081431738250899
    outer loop
      vertex -23.150561835020653 -12.5 36.429404794730814
      vertex -23.27178384955723 -16 36.485288908879774
      vertex -23.150561835020653 -16 36.429404794730814
    endloop
  endfacet
  facet normal 0.5555702330195962 0 0.8314696123025492
    outer loop
      vertex -23.388247560017113 -12.5 36.550511720598045
      vertex -23.499234928897206 -16 36.62467110956259
      vertex -23.388247560017113 -16 36.550511720598045
    endloop
  endfacet
  facet normal 0.27144044986507077 0 0.9624552364536482
    outer loop
      vertex -22.89685711855504 -12.5 36.34697113532395
      vertex -23.02532889043741 -16 36.383203922298236
      vertex -22.89685711855504 -16 36.34697113532395
    endloop
  endfacet
  facet normal 0.19509032201608856 0 0.9807852804032383
    outer loop
      vertex -22.765938590568393 -12.5 36.32092982098827
      vertex -22.89685711855504 -16 36.34697113532395
      vertex -22.765938590568393 -16 36.32092982098827
    endloop
  endfacet
  facet normal 0.11753739745784617 0 0.9930684569549253
    outer loop
      vertex -22.633380462737335 -12.5 36.305240532653684
      vertex -22.765938590568393 -16 36.32092982098827
      vertex -22.633380462737335 -16 36.305240532653684
    endloop
  endfacet
  facet normal 0.039259815759103533 0 0.9992290362407217
    outer loop
      vertex -22.5 -12.5 36.3
      vertex -22.633380462737335 -16 36.305240532653684
      vertex -22.5 -16 36.3
    endloop
  endfacet
  facet normal 0.3461170570775241 0 0.9381913359224726
    outer loop
      vertex -23.02532889043741 -12.5 36.383203922298236
      vertex -23.150561835020653 -16 36.429404794730814
      vertex -23.02532889043741 -16 36.383203922298236
    endloop
  endfacet
  facet normal 0.7343225094356878 0 0.6788007455329393
    outer loop
      vertex -23.702081528017132 -12.5 36.79791847198287
      vertex -23.79269014152005 -16 36.895938317838684
      vertex -23.702081528017132 -16 36.79791847198287
    endloop
  endfacet
  facet normal 0.9624552364536463 0 0.27144044986507776
    outer loop
      vertex -24.11679607770176 -12.5 37.47467110956259
      vertex -24.15302886467605 -16 37.60314288144496
      vertex -24.11679607770176 -16 37.47467110956259
    endloop
  endfacet
  facet normal 0.9807852804032292 0 0.1950903220161347
    outer loop
      vertex -24.15302886467605 -12.5 37.60314288144496
      vertex -24.179070179011735 -16 37.73406140943161
      vertex -24.15302886467605 -16 37.60314288144496
    endloop
  endfacet
  facet normal 0.993068456954928 0 0.117537397457823
    outer loop
      vertex -24.179070179011735 -12.5 37.73406140943161
      vertex -24.194759467346316 -16 37.866619537262665
      vertex -24.179070179011735 -16 37.73406140943161
    endloop
  endfacet
  facet normal 0.9992290362407226 0 0.03925981575907695
    outer loop
      vertex -24.194759467346316 -12.5 37.866619537262665
      vertex -24.2 -16 38
      vertex -24.194759467346316 -16 37.866619537262665
    endloop
  endfacet
  facet normal 0.9992290362407226 0 -0.03925981575907695
    outer loop
      vertex -24.2 -12.5 38
      vertex -24.194759467346316 -16 38.133380462737335
      vertex -24.2 -16 38
    endloop
  endfacet
  facet normal 0.993068456954928 0 -0.117537397457823
    outer loop
      vertex -24.194759467346316 -12.5 38.133380462737335
      vertex -24.179070179011735 -16 38.26593859056839
      vertex -24.194759467346316 -16 38.133380462737335
    endloop
  endfacet
  facet normal 0.9807852804032292 0 -0.1950903220161347
    outer loop
      vertex -24.179070179011735 -12.5 38.26593859056839
      vertex -24.15302886467605 -16 38.39685711855504
      vertex -24.179070179011735 -16 38.26593859056839
    endloop
  endfacet
  facet normal 0.9624552364536463 0 -0.27144044986507776
    outer loop
      vertex -24.15302886467605 -12.5 38.39685711855504
      vertex -24.11679607770176 -16 38.52532889043741
      vertex -24.15302886467605 -16 38.39685711855504
    endloop
  endfacet
  facet normal 0.9381913359224844 0 -0.346117057077492
    outer loop
      vertex -24.11679607770176 -12.5 38.52532889043741
      vertex -24.070595205269186 -16 38.65056183502065
      vertex -24.11679607770176 -16 38.52532889043741
    endloop
  endfacet
  facet normal 0.9081431738250899 0 -0.4186597375374095
    outer loop
      vertex -24.070595205269186 -12.5 38.65056183502065
      vertex -24.014711091120226 -16 38.77178384955723
      vertex -24.070595205269186 -16 38.65056183502065
    endloop
  endfacet
  facet normal 0.872496007072797 0 -0.48862124149695524
    outer loop
      vertex -24.014711091120226 -12.5 38.77178384955723
      vertex -23.949488279401958 -16 38.88824756001711
      vertex -24.014711091120226 -16 38.77178384955723
    endloop
  endfacet
  facet normal 0.8314696123025288 0 -0.5555702330196268
    outer loop
      vertex -23.949488279401958 -12.5 38.88824756001711
      vertex -23.87532889043741 -16 38.9992349288972
      vertex -23.949488279401958 -16 38.88824756001711
    endloop
  endfacet
  facet normal -0.039259815759103533 0 0.9992290362407217
    outer loop
      vertex -22.366619537262665 -12.5 36.305240532653684
      vertex -22.5 -16 36.3
      vertex -22.366619537262665 -16 36.305240532653684
    endloop
  endfacet
  facet normal -0.11753739745784617 0 0.9930684569549253
    outer loop
      vertex -22.234061409431607 -12.5 36.32092982098827
      vertex -22.366619537262665 -16 36.305240532653684
      vertex -22.234061409431607 -16 36.32092982098827
    endloop
  endfacet
  facet normal -0.19509032201608856 0 0.9807852804032383
    outer loop
      vertex -22.10314288144496 -12.5 36.34697113532395
      vertex -22.234061409431607 -16 36.32092982098827
      vertex -22.10314288144496 -16 36.34697113532395
    endloop
  endfacet
  facet normal -0.27144044986507077 0 0.9624552364536482
    outer loop
      vertex -21.97467110956259 -12.5 36.383203922298236
      vertex -22.10314288144496 -16 36.34697113532395
      vertex -21.97467110956259 -16 36.383203922298236
    endloop
  endfacet
  facet normal -0.3461170570775241 0 0.9381913359224726
    outer loop
      vertex -21.849438164979347 -12.5 36.429404794730814
      vertex -21.97467110956259 -16 36.383203922298236
      vertex -21.849438164979347 -16 36.429404794730814
    endloop
  endfacet
  facet normal -0.4186597375374095 0 0.9081431738250899
    outer loop
      vertex -21.72821615044277 -12.5 36.485288908879774
      vertex -21.849438164979347 -16 36.429404794730814
      vertex -21.72821615044277 -16 36.485288908879774
    endloop
  endfacet
  facet normal -0.4886212414969755 0 0.8724960070727855
    outer loop
      vertex -21.611752439982887 -12.5 36.550511720598045
      vertex -21.72821615044277 -16 36.485288908879774
      vertex -21.611752439982887 -16 36.550511720598045
    endloop
  endfacet
  facet normal -0.5555702330195962 0 0.8314696123025492
    outer loop
      vertex -21.500765071102794 -12.5 36.62467110956259
      vertex -21.611752439982887 -16 36.550511720598045
      vertex -21.500765071102794 -16 36.62467110956259
    endloop
  endfacet
  facet normal -0.6190939493098218 0 0.7853169308807545
    outer loop
      vertex -21.395938317838688 -12.5 36.707309858479945
      vertex -21.500765071102794 -16 36.62467110956259
      vertex -21.395938317838688 -16 36.707309858479945
    endloop
  endfacet
  facet normal -0.6788007455329405 0 0.7343225094356868
    outer loop
      vertex -21.297918471982868 -12.5 36.79791847198287
      vertex -21.395938317838688 -16 36.707309858479945
      vertex -21.297918471982868 -16 36.79791847198287
    endloop
  endfacet
  facet normal -0.7343225094356878 0 0.6788007455329393
    outer loop
      vertex -21.20730985847995 -12.5 36.895938317838684
      vertex -21.297918471982868 -16 36.79791847198287
      vertex -21.20730985847995 -16 36.895938317838684
    endloop
  endfacet
  facet normal -0.785316930880762 0 0.6190939493098123
    outer loop
      vertex -21.12467110956259 -12.5 37.0007650711028
      vertex -21.20730985847995 -16 36.895938317838684
      vertex -21.12467110956259 -16 37.0007650711028
    endloop
  endfacet
  facet normal -0.8314696123025288 0 0.5555702330196268
    outer loop
      vertex -21.050511720598042 -12.5 37.11175243998289
      vertex -21.12467110956259 -16 37.0007650711028
      vertex -21.050511720598042 -16 37.11175243998289
    endloop
  endfacet
  facet normal -0.872496007072797 0 0.48862124149695524
    outer loop
      vertex -20.985288908879774 -12.5 37.22821615044277
      vertex -21.050511720598042 -16 37.11175243998289
      vertex -20.985288908879774 -16 37.22821615044277
    endloop
  endfacet
  facet normal -0.9081431738250899 0 0.4186597375374095
    outer loop
      vertex -20.929404794730814 -12.5 37.34943816497935
      vertex -20.985288908879774 -16 37.22821615044277
      vertex -20.929404794730814 -16 37.34943816497935
    endloop
  endfacet
  facet normal -0.9381913359224844 0 0.346117057077492
    outer loop
      vertex -20.88320392229824 -12.5 37.47467110956259
      vertex -20.929404794730814 -16 37.34943816497935
      vertex -20.88320392229824 -16 37.47467110956259
    endloop
  endfacet
  facet normal -0.9624552364536463 0 0.27144044986507776
    outer loop
      vertex -20.84697113532395 -12.5 37.60314288144496
      vertex -20.88320392229824 -16 37.47467110956259
      vertex -20.84697113532395 -16 37.60314288144496
    endloop
  endfacet
  facet normal -0.9807852804032292 0 0.1950903220161347
    outer loop
      vertex -20.820929820988265 -12.5 37.73406140943161
      vertex -20.84697113532395 -16 37.60314288144496
      vertex -20.820929820988265 -16 37.73406140943161
    endloop
  endfacet
  facet normal -0.993068456954928 0 0.117537397457823
    outer loop
      vertex -20.805240532653684 -12.5 37.866619537262665
      vertex -20.820929820988265 -16 37.73406140943161
      vertex -20.805240532653684 -16 37.866619537262665
    endloop
  endfacet
  facet normal -0.9992290362407226 0 0.03925981575907695
    outer loop
      vertex -20.8 -12.5 38
      vertex -20.805240532653684 -16 37.866619537262665
      vertex -20.8 -16 38
    endloop
  endfacet
  facet normal -0.9992290362407226 0 -0.03925981575907695
    outer loop
      vertex -20.805240532653684 -12.5 38.133380462737335
      vertex -20.8 -16 38
      vertex -20.805240532653684 -16 38.133380462737335
    endloop
  endfacet
  facet normal -0.993068456954928 0 -0.117537397457823
    outer loop
      vertex -20.820929820988265 -12.5 38.26593859056839
      vertex -20.805240532653684 -16 38.133380462737335
      vertex -20.820929820988265 -16 38.26593859056839
    endloop
  endfacet
  facet normal -0.9807852804032292 0 -0.1950903220161347
    outer loop
      vertex -20.84697113532395 -12.5 38.39685711855504
      vertex -20.820929820988265 -16 38.26593859056839
      vertex -20.84697113532395 -16 38.39685711855504
    endloop
  endfacet
  facet normal -0.9624552364536463 0 -0.27144044986507776
    outer loop
      vertex -20.88320392229824 -12.5 38.52532889043741
      vertex -20.84697113532395 -16 38.39685711855504
      vertex -20.88320392229824 -16 38.52532889043741
    endloop
  endfacet
  facet normal -0.9381913359224844 0 -0.346117057077492
    outer loop
      vertex -20.929404794730814 -12.5 38.65056183502065
      vertex -20.88320392229824 -16 38.52532889043741
      vertex -20.929404794730814 -16 38.65056183502065
    endloop
  endfacet
  facet normal -0.9081431738250899 0 -0.4186597375374095
    outer loop
      vertex -20.985288908879774 -12.5 38.77178384955723
      vertex -20.929404794730814 -16 38.65056183502065
      vertex -20.985288908879774 -16 38.77178384955723
    endloop
  endfacet
  facet normal -0.8314696123025288 0 -0.5555702330196268
    outer loop
      vertex -21.12467110956259 -12.5 38.9992349288972
      vertex -21.050511720598042 -16 38.88824756001711
      vertex -21.12467110956259 -16 38.9992349288972
    endloop
  endfacet
  facet normal -0.872496007072797 0 -0.48862124149695524
    outer loop
      vertex -21.050511720598042 -12.5 38.88824756001711
      vertex -20.985288908879774 -16 38.77178384955723
      vertex -21.050511720598042 -16 38.88824756001711
    endloop
  endfacet
  facet normal 0.785316930880762 0 -0.6190939493098123
    outer loop
      vertex -23.87532889043741 -12.5 38.9992349288972
      vertex -23.79269014152005 -16 39.104061682161316
      vertex -23.87532889043741 -16 38.9992349288972
    endloop
  endfacet
  facet normal 0.7343225094356878 0 -0.6788007455329393
    outer loop
      vertex -23.79269014152005 -12.5 39.104061682161316
      vertex -23.702081528017132 -16 39.20208152801713
      vertex -23.79269014152005 -16 39.104061682161316
    endloop
  endfacet
  facet normal 0.6788007455329405 0 -0.7343225094356868
    outer loop
      vertex -23.702081528017132 -12.5 39.20208152801713
      vertex -23.604061682161312 -16 39.292690141520055
      vertex -23.702081528017132 -16 39.20208152801713
    endloop
  endfacet
  facet normal 0.6190939493098218 0 -0.7853169308807545
    outer loop
      vertex -23.604061682161312 -12.5 39.292690141520055
      vertex -23.499234928897206 -16 39.37532889043741
      vertex -23.604061682161312 -16 39.292690141520055
    endloop
  endfacet
  facet normal 0.5555702330195962 0 -0.8314696123025492
    outer loop
      vertex -23.499234928897206 -12.5 39.37532889043741
      vertex -23.388247560017113 -16 39.449488279401955
      vertex -23.499234928897206 -16 39.37532889043741
    endloop
  endfacet
  facet normal 0.4886212414969755 0 -0.8724960070727855
    outer loop
      vertex -23.388247560017113 -12.5 39.449488279401955
      vertex -23.27178384955723 -16 39.514711091120226
      vertex -23.388247560017113 -16 39.449488279401955
    endloop
  endfacet
  facet normal 0.4186597375374095 0 -0.9081431738250899
    outer loop
      vertex -23.27178384955723 -12.5 39.514711091120226
      vertex -23.150561835020653 -16 39.570595205269186
      vertex -23.27178384955723 -16 39.514711091120226
    endloop
  endfacet
  facet normal 0.3461170570775241 0 -0.9381913359224726
    outer loop
      vertex -23.150561835020653 -12.5 39.570595205269186
      vertex -23.02532889043741 -16 39.616796077701764
      vertex -23.150561835020653 -16 39.570595205269186
    endloop
  endfacet
  facet normal 0.27144044986507077 0 -0.9624552364536482
    outer loop
      vertex -23.02532889043741 -12.5 39.616796077701764
      vertex -22.89685711855504 -16 39.65302886467605
      vertex -23.02532889043741 -16 39.616796077701764
    endloop
  endfacet
  facet normal 0.19509032201608856 0 -0.9807852804032383
    outer loop
      vertex -22.89685711855504 -12.5 39.65302886467605
      vertex -22.765938590568393 -16 39.67907017901173
      vertex -22.89685711855504 -16 39.65302886467605
    endloop
  endfacet
  facet normal 0.11753739745784617 0 -0.9930684569549253
    outer loop
      vertex -22.765938590568393 -12.5 39.67907017901173
      vertex -22.633380462737335 -16 39.694759467346316
      vertex -22.765938590568393 -16 39.67907017901173
    endloop
  endfacet
  facet normal 0.039259815759103533 0 -0.9992290362407217
    outer loop
      vertex -22.633380462737335 -12.5 39.694759467346316
      vertex -22.5 -16 39.7
      vertex -22.633380462737335 -16 39.694759467346316
    endloop
  endfacet
  facet normal -0.039259815759103533 0 -0.9992290362407217
    outer loop
      vertex -22.5 -12.5 39.7
      vertex -22.366619537262665 -16 39.694759467346316
      vertex -22.5 -16 39.7
    endloop
  endfacet
  facet normal -0.11753739745784617 0 -0.9930684569549253
    outer loop
      vertex -22.366619537262665 -12.5 39.694759467346316
      vertex -22.234061409431607 -16 39.67907017901173
      vertex -22.366619537262665 -16 39.694759467346316
    endloop
  endfacet
  facet normal -0.19509032201608856 0 -0.9807852804032383
    outer loop
      vertex -22.234061409431607 -12.5 39.67907017901173
      vertex -22.10314288144496 -16 39.65302886467605
      vertex -22.234061409431607 -16 39.67907017901173
    endloop
  endfacet
  facet normal -0.27144044986507077 0 -0.9624552364536482
    outer loop
      vertex -22.10314288144496 -12.5 39.65302886467605
      vertex -21.97467110956259 -16 39.616796077701764
      vertex -22.10314288144496 -16 39.65302886467605
    endloop
  endfacet
  facet normal -0.3461170570775241 0 -0.9381913359224726
    outer loop
      vertex -21.97467110956259 -12.5 39.616796077701764
      vertex -21.849438164979347 -16 39.570595205269186
      vertex -21.97467110956259 -16 39.616796077701764
    endloop
  endfacet
  facet normal -0.7343225094356878 0 -0.6788007455329393
    outer loop
      vertex -21.297918471982868 -12.5 39.20208152801713
      vertex -21.20730985847995 -16 39.104061682161316
      vertex -21.297918471982868 -16 39.20208152801713
    endloop
  endfacet
  facet normal -0.6190939493098218 0 -0.7853169308807545
    outer loop
      vertex -21.500765071102794 -12.5 39.37532889043741
      vertex -21.395938317838688 -16 39.292690141520055
      vertex -21.500765071102794 -16 39.37532889043741
    endloop
  endfacet
  facet normal -0.6788007455329405 0 -0.7343225094356868
    outer loop
      vertex -21.395938317838688 -12.5 39.292690141520055
      vertex -21.297918471982868 -16 39.20208152801713
      vertex -21.395938317838688 -16 39.292690141520055
    endloop
  endfacet
  facet normal -0.4186597375374095 0 -0.9081431738250899
    outer loop
      vertex -21.849438164979347 -12.5 39.570595205269186
      vertex -21.72821615044277 -16 39.514711091120226
      vertex -21.849438164979347 -16 39.570595205269186
    endloop
  endfacet
  facet normal -0.5555702330195962 0 -0.8314696123025492
    outer loop
      vertex -21.611752439982887 -12.5 39.449488279401955
      vertex -21.500765071102794 -16 39.37532889043741
      vertex -21.611752439982887 -16 39.449488279401955
    endloop
  endfacet
  facet normal -0.4886212414969755 0 -0.8724960070727855
    outer loop
      vertex -21.72821615044277 -12.5 39.514711091120226
      vertex -21.611752439982887 -16 39.449488279401955
      vertex -21.72821615044277 -16 39.514711091120226
    endloop
  endfacet
  facet normal -0.785316930880762 0 -0.6190939493098123
    outer loop
      vertex -21.20730985847995 -12.5 39.104061682161316
      vertex -21.12467110956259 -16 38.9992349288972
      vertex -21.20730985847995 -16 39.104061682161316
    endloop
  endfacet
  facet normal 0.7343225094356878 0 0.6788007455329393
    outer loop
      vertex -23.79269014152005 -12.5 36.895938317838684
      vertex -23.79269014152005 -16 36.895938317838684
      vertex -23.702081528017132 -12.5 36.79791847198287
    endloop
  endfacet
  facet normal 0.8314696123025288 0 0.5555702330196268
    outer loop
      vertex -23.87532889043741 -12.5 37.0007650711028
      vertex -23.949488279401958 -12.5 37.11175243998289
      vertex -23.949488279401958 -16 37.11175243998289
    endloop
  endfacet
  facet normal 0.785316930880762 0 0.6190939493098123
    outer loop
      vertex -23.87532889043741 -12.5 37.0007650711028
      vertex -23.87532889043741 -16 37.0007650711028
      vertex -23.79269014152005 -12.5 36.895938317838684
    endloop
  endfacet
  facet normal 0.9381913359224844 0 0.346117057077492
    outer loop
      vertex -24.070595205269186 -12.5 37.34943816497935
      vertex -24.11679607770176 -12.5 37.47467110956259
      vertex -24.11679607770176 -16 37.47467110956259
    endloop
  endfacet
  facet normal 0.872496007072797 0 0.48862124149695524
    outer loop
      vertex -23.949488279401958 -12.5 37.11175243998289
      vertex -24.014711091120226 -12.5 37.22821615044277
      vertex -24.014711091120226 -16 37.22821615044277
    endloop
  endfacet
  facet normal 0.9081431738250899 0 0.4186597375374095
    outer loop
      vertex -24.070595205269186 -12.5 37.34943816497935
      vertex -24.070595205269186 -16 37.34943816497935
      vertex -24.014711091120226 -12.5 37.22821615044277
    endloop
  endfacet
  facet normal 0.5555702330195962 0 0.8314696123025492
    outer loop
      vertex -23.388247560017113 -12.5 36.550511720598045
      vertex -23.499234928897206 -12.5 36.62467110956259
      vertex -23.499234928897206 -16 36.62467110956259
    endloop
  endfacet
  facet normal 0.6190939493098218 0 0.7853169308807545
    outer loop
      vertex -23.604061682161312 -12.5 36.707309858479945
      vertex -23.604061682161312 -16 36.707309858479945
      vertex -23.499234928897206 -12.5 36.62467110956259
    endloop
  endfacet
  facet normal 0.4886212414969755 0 0.8724960070727855
    outer loop
      vertex -23.388247560017113 -12.5 36.550511720598045
      vertex -23.388247560017113 -16 36.550511720598045
      vertex -23.27178384955723 -12.5 36.485288908879774
    endloop
  endfacet
  facet normal 0.4186597375374095 0 0.9081431738250899
    outer loop
      vertex -23.27178384955723 -12.5 36.485288908879774
      vertex -23.27178384955723 -16 36.485288908879774
      vertex -23.150561835020653 -12.5 36.429404794730814
    endloop
  endfacet
  facet normal 0.27144044986507077 0 0.9624552364536482
    outer loop
      vertex -23.02532889043741 -12.5 36.383203922298236
      vertex -23.02532889043741 -16 36.383203922298236
      vertex -22.89685711855504 -12.5 36.34697113532395
    endloop
  endfacet
  facet normal 0.19509032201608856 0 0.9807852804032383
    outer loop
      vertex -22.89685711855504 -12.5 36.34697113532395
      vertex -22.89685711855504 -16 36.34697113532395
      vertex -22.765938590568393 -12.5 36.32092982098827
    endloop
  endfacet
  facet normal 0.11753739745784617 0 0.9930684569549253
    outer loop
      vertex -22.765938590568393 -12.5 36.32092982098827
      vertex -22.765938590568393 -16 36.32092982098827
      vertex -22.633380462737335 -12.5 36.305240532653684
    endloop
  endfacet
  facet normal 0.039259815759103533 0 0.9992290362407217
    outer loop
      vertex -22.633380462737335 -12.5 36.305240532653684
      vertex -22.633380462737335 -16 36.305240532653684
      vertex -22.5 -12.5 36.3
    endloop
  endfacet
  facet normal 0.3461170570775241 0 0.9381913359224726
    outer loop
      vertex -23.150561835020653 -12.5 36.429404794730814
      vertex -23.150561835020653 -16 36.429404794730814
      vertex -23.02532889043741 -12.5 36.383203922298236
    endloop
  endfacet
  facet normal 0.6788007455329405 0 0.7343225094356868
    outer loop
      vertex -23.604061682161312 -12.5 36.707309858479945
      vertex -23.702081528017132 -12.5 36.79791847198287
      vertex -23.702081528017132 -16 36.79791847198287
    endloop
  endfacet
  facet normal 0.9624552364536463 0 0.27144044986507776
    outer loop
      vertex -24.11679607770176 -12.5 37.47467110956259
      vertex -24.15302886467605 -12.5 37.60314288144496
      vertex -24.15302886467605 -16 37.60314288144496
    endloop
  endfacet
  facet normal 0.9807852804032292 0 0.1950903220161347
    outer loop
      vertex -24.15302886467605 -12.5 37.60314288144496
      vertex -24.179070179011735 -12.5 37.73406140943161
      vertex -24.179070179011735 -16 37.73406140943161
    endloop
  endfacet
  facet normal 0.993068456954928 0 0.117537397457823
    outer loop
      vertex -24.179070179011735 -12.5 37.73406140943161
      vertex -24.194759467346316 -12.5 37.866619537262665
      vertex -24.194759467346316 -16 37.866619537262665
    endloop
  endfacet
  facet normal 0.9992290362407226 0 0.03925981575907695
    outer loop
      vertex -24.194759467346316 -12.5 37.866619537262665
      vertex -24.2 -12.5 38
      vertex -24.2 -16 38
    endloop
  endfacet
  facet normal 0.9992290362407226 0 -0.03925981575907695
    outer loop
      vertex -24.2 -12.5 38
      vertex -24.194759467346316 -12.5 38.133380462737335
      vertex -24.194759467346316 -16 38.133380462737335
    endloop
  endfacet
  facet normal 0.993068456954928 0 -0.117537397457823
    outer loop
      vertex -24.194759467346316 -12.5 38.133380462737335
      vertex -24.179070179011735 -12.5 38.26593859056839
      vertex -24.179070179011735 -16 38.26593859056839
    endloop
  endfacet
  facet normal 0.9807852804032292 0 -0.1950903220161347
    outer loop
      vertex -24.179070179011735 -12.5 38.26593859056839
      vertex -24.15302886467605 -12.5 38.39685711855504
      vertex -24.15302886467605 -16 38.39685711855504
    endloop
  endfacet
  facet normal 0.9624552364536463 0 -0.27144044986507776
    outer loop
      vertex -24.15302886467605 -12.5 38.39685711855504
      vertex -24.11679607770176 -12.5 38.52532889043741
      vertex -24.11679607770176 -16 38.52532889043741
    endloop
  endfacet
  facet normal 0.9381913359224844 0 -0.346117057077492
    outer loop
      vertex -24.11679607770176 -12.5 38.52532889043741
      vertex -24.070595205269186 -12.5 38.65056183502065
      vertex -24.070595205269186 -16 38.65056183502065
    endloop
  endfacet
  facet normal 0.9081431738250899 0 -0.4186597375374095
    outer loop
      vertex -24.070595205269186 -12.5 38.65056183502065
      vertex -24.014711091120226 -12.5 38.77178384955723
      vertex -24.014711091120226 -16 38.77178384955723
    endloop
  endfacet
  facet normal 0.872496007072797 0 -0.48862124149695524
    outer loop
      vertex -24.014711091120226 -12.5 38.77178384955723
      vertex -23.949488279401958 -12.5 38.88824756001711
      vertex -23.949488279401958 -16 38.88824756001711
    endloop
  endfacet
  facet normal 0.8314696123025288 0 -0.5555702330196268
    outer loop
      vertex -23.949488279401958 -12.5 38.88824756001711
      vertex -23.87532889043741 -12.5 38.9992349288972
      vertex -23.87532889043741 -16 38.9992349288972
    endloop
  endfacet
  facet normal -0.039259815759103533 0 0.9992290362407217
    outer loop
      vertex -22.5 -12.5 36.3
      vertex -22.5 -16 36.3
      vertex -22.366619537262665 -12.5 36.305240532653684
    endloop
  endfacet
  facet normal -0.11753739745784617 0 0.9930684569549253
    outer loop
      vertex -22.366619537262665 -12.5 36.305240532653684
      vertex -22.366619537262665 -16 36.305240532653684
      vertex -22.234061409431607 -12.5 36.32092982098827
    endloop
  endfacet
  facet normal -0.19509032201608856 0 0.9807852804032383
    outer loop
      vertex -22.234061409431607 -12.5 36.32092982098827
      vertex -22.234061409431607 -16 36.32092982098827
      vertex -22.10314288144496 -12.5 36.34697113532395
    endloop
  endfacet
  facet normal -0.27144044986507077 0 0.9624552364536482
    outer loop
      vertex -22.10314288144496 -12.5 36.34697113532395
      vertex -22.10314288144496 -16 36.34697113532395
      vertex -21.97467110956259 -12.5 36.383203922298236
    endloop
  endfacet
  facet normal -0.3461170570775241 0 0.9381913359224726
    outer loop
      vertex -21.97467110956259 -12.5 36.383203922298236
      vertex -21.97467110956259 -16 36.383203922298236
      vertex -21.849438164979347 -12.5 36.429404794730814
    endloop
  endfacet
  facet normal -0.4186597375374095 0 0.9081431738250899
    outer loop
      vertex -21.849438164979347 -12.5 36.429404794730814
      vertex -21.849438164979347 -16 36.429404794730814
      vertex -21.72821615044277 -12.5 36.485288908879774
    endloop
  endfacet
  facet normal -0.4886212414969755 0 0.8724960070727855
    outer loop
      vertex -21.72821615044277 -12.5 36.485288908879774
      vertex -21.72821615044277 -16 36.485288908879774
      vertex -21.611752439982887 -12.5 36.550511720598045
    endloop
  endfacet
  facet normal -0.5555702330195962 0 0.8314696123025492
    outer loop
      vertex -21.611752439982887 -12.5 36.550511720598045
      vertex -21.611752439982887 -16 36.550511720598045
      vertex -21.500765071102794 -12.5 36.62467110956259
    endloop
  endfacet
  facet normal -0.6190939493098218 0 0.7853169308807545
    outer loop
      vertex -21.500765071102794 -12.5 36.62467110956259
      vertex -21.500765071102794 -16 36.62467110956259
      vertex -21.395938317838688 -12.5 36.707309858479945
    endloop
  endfacet
  facet normal -0.6788007455329405 0 0.7343225094356868
    outer loop
      vertex -21.395938317838688 -12.5 36.707309858479945
      vertex -21.395938317838688 -16 36.707309858479945
      vertex -21.297918471982868 -12.5 36.79791847198287
    endloop
  endfacet
  facet normal -0.7343225094356878 0 0.6788007455329393
    outer loop
      vertex -21.297918471982868 -12.5 36.79791847198287
      vertex -21.297918471982868 -16 36.79791847198287
      vertex -21.20730985847995 -12.5 36.895938317838684
    endloop
  endfacet
  facet normal -0.785316930880762 0 0.6190939493098123
    outer loop
      vertex -21.20730985847995 -12.5 36.895938317838684
      vertex -21.20730985847995 -16 36.895938317838684
      vertex -21.12467110956259 -12.5 37.0007650711028
    endloop
  endfacet
  facet normal -0.8314696123025288 0 0.5555702330196268
    outer loop
      vertex -21.12467110956259 -12.5 37.0007650711028
      vertex -21.12467110956259 -16 37.0007650711028
      vertex -21.050511720598042 -12.5 37.11175243998289
    endloop
  endfacet
  facet normal -0.872496007072797 0 0.48862124149695524
    outer loop
      vertex -21.050511720598042 -12.5 37.11175243998289
      vertex -21.050511720598042 -16 37.11175243998289
      vertex -20.985288908879774 -12.5 37.22821615044277
    endloop
  endfacet
  facet normal -0.9081431738250899 0 0.4186597375374095
    outer loop
      vertex -20.985288908879774 -12.5 37.22821615044277
      vertex -20.985288908879774 -16 37.22821615044277
      vertex -20.929404794730814 -12.5 37.34943816497935
    endloop
  endfacet
  facet normal -0.9381913359224844 0 0.346117057077492
    outer loop
      vertex -20.929404794730814 -12.5 37.34943816497935
      vertex -20.929404794730814 -16 37.34943816497935
      vertex -20.88320392229824 -12.5 37.47467110956259
    endloop
  endfacet
  facet normal -0.9624552364536463 0 0.27144044986507776
    outer loop
      vertex -20.88320392229824 -12.5 37.47467110956259
      vertex -20.88320392229824 -16 37.47467110956259
      vertex -20.84697113532395 -12.5 37.60314288144496
    endloop
  endfacet
  facet normal -0.9807852804032292 0 0.1950903220161347
    outer loop
      vertex -20.84697113532395 -12.5 37.60314288144496
      vertex -20.84697113532395 -16 37.60314288144496
      vertex -20.820929820988265 -12.5 37.73406140943161
    endloop
  endfacet
  facet normal -0.993068456954928 0 0.117537397457823
    outer loop
      vertex -20.820929820988265 -12.5 37.73406140943161
      vertex -20.820929820988265 -16 37.73406140943161
      vertex -20.805240532653684 -12.5 37.866619537262665
    endloop
  endfacet
  facet normal -0.9992290362407226 0 0.03925981575907695
    outer loop
      vertex -20.805240532653684 -12.5 37.866619537262665
      vertex -20.805240532653684 -16 37.866619537262665
      vertex -20.8 -12.5 38
    endloop
  endfacet
  facet normal -0.9992290362407226 0 -0.03925981575907695
    outer loop
      vertex -20.8 -12.5 38
      vertex -20.8 -16 38
      vertex -20.805240532653684 -12.5 38.133380462737335
    endloop
  endfacet
  facet normal -0.993068456954928 0 -0.117537397457823
    outer loop
      vertex -20.820929820988265 -12.5 38.26593859056839
      vertex -20.805240532653684 -12.5 38.133380462737335
      vertex -20.805240532653684 -16 38.133380462737335
    endloop
  endfacet
  facet normal -0.9807852804032292 0 -0.1950903220161347
    outer loop
      vertex -20.820929820988265 -12.5 38.26593859056839
      vertex -20.820929820988265 -16 38.26593859056839
      vertex -20.84697113532395 -12.5 38.39685711855504
    endloop
  endfacet
  facet normal -0.9624552364536463 0 -0.27144044986507776
    outer loop
      vertex -20.84697113532395 -12.5 38.39685711855504
      vertex -20.84697113532395 -16 38.39685711855504
      vertex -20.88320392229824 -12.5 38.52532889043741
    endloop
  endfacet
  facet normal -0.9381913359224844 0 -0.346117057077492
    outer loop
      vertex -20.929404794730814 -12.5 38.65056183502065
      vertex -20.88320392229824 -12.5 38.52532889043741
      vertex -20.88320392229824 -16 38.52532889043741
    endloop
  endfacet
  facet normal -0.9081431738250899 0 -0.4186597375374095
    outer loop
      vertex -20.985288908879774 -12.5 38.77178384955723
      vertex -20.929404794730814 -12.5 38.65056183502065
      vertex -20.929404794730814 -16 38.65056183502065
    endloop
  endfacet
  facet normal -0.872496007072797 0 -0.48862124149695524
    outer loop
      vertex -20.985288908879774 -12.5 38.77178384955723
      vertex -20.985288908879774 -16 38.77178384955723
      vertex -21.050511720598042 -12.5 38.88824756001711
    endloop
  endfacet
  facet normal -0.8314696123025288 0 -0.5555702330196268
    outer loop
      vertex -21.050511720598042 -12.5 38.88824756001711
      vertex -21.050511720598042 -16 38.88824756001711
      vertex -21.12467110956259 -12.5 38.9992349288972
    endloop
  endfacet
  facet normal 0.785316930880762 0 -0.6190939493098123
    outer loop
      vertex -23.87532889043741 -12.5 38.9992349288972
      vertex -23.79269014152005 -12.5 39.104061682161316
      vertex -23.79269014152005 -16 39.104061682161316
    endloop
  endfacet
  facet normal 0.7343225094356878 0 -0.6788007455329393
    outer loop
      vertex -23.79269014152005 -12.5 39.104061682161316
      vertex -23.702081528017132 -12.5 39.20208152801713
      vertex -23.702081528017132 -16 39.20208152801713
    endloop
  endfacet
  facet normal 0.6788007455329405 0 -0.7343225094356868
    outer loop
      vertex -23.702081528017132 -12.5 39.20208152801713
      vertex -23.604061682161312 -12.5 39.292690141520055
      vertex -23.604061682161312 -16 39.292690141520055
    endloop
  endfacet
  facet normal 0.6190939493098218 0 -0.7853169308807545
    outer loop
      vertex -23.604061682161312 -12.5 39.292690141520055
      vertex -23.499234928897206 -12.5 39.37532889043741
      vertex -23.499234928897206 -16 39.37532889043741
    endloop
  endfacet
  facet normal 0.5555702330195962 0 -0.8314696123025492
    outer loop
      vertex -23.499234928897206 -12.5 39.37532889043741
      vertex -23.388247560017113 -12.5 39.449488279401955
      vertex -23.388247560017113 -16 39.449488279401955
    endloop
  endfacet
  facet normal 0.4886212414969755 0 -0.8724960070727855
    outer loop
      vertex -23.388247560017113 -12.5 39.449488279401955
      vertex -23.27178384955723 -12.5 39.514711091120226
      vertex -23.27178384955723 -16 39.514711091120226
    endloop
  endfacet
  facet normal 0.4186597375374095 0 -0.9081431738250899
    outer loop
      vertex -23.27178384955723 -12.5 39.514711091120226
      vertex -23.150561835020653 -12.5 39.570595205269186
      vertex -23.150561835020653 -16 39.570595205269186
    endloop
  endfacet
  facet normal 0.3461170570775241 0 -0.9381913359224726
    outer loop
      vertex -23.150561835020653 -12.5 39.570595205269186
      vertex -23.02532889043741 -12.5 39.616796077701764
      vertex -23.02532889043741 -16 39.616796077701764
    endloop
  endfacet
  facet normal 0.27144044986507077 0 -0.9624552364536482
    outer loop
      vertex -23.02532889043741 -12.5 39.616796077701764
      vertex -22.89685711855504 -12.5 39.65302886467605
      vertex -22.89685711855504 -16 39.65302886467605
    endloop
  endfacet
  facet normal 0.19509032201608856 0 -0.9807852804032383
    outer loop
      vertex -22.89685711855504 -12.5 39.65302886467605
      vertex -22.765938590568393 -12.5 39.67907017901173
      vertex -22.765938590568393 -16 39.67907017901173
    endloop
  endfacet
  facet normal 0.11753739745784617 0 -0.9930684569549253
    outer loop
      vertex -22.765938590568393 -12.5 39.67907017901173
      vertex -22.633380462737335 -12.5 39.694759467346316
      vertex -22.633380462737335 -16 39.694759467346316
    endloop
  endfacet
  facet normal 0.039259815759103533 0 -0.9992290362407217
    outer loop
      vertex -22.633380462737335 -12.5 39.694759467346316
      vertex -22.5 -12.5 39.7
      vertex -22.5 -16 39.7
    endloop
  endfacet
  facet normal -0.039259815759103533 0 -0.9992290362407217
    outer loop
      vertex -22.5 -12.5 39.7
      vertex -22.366619537262665 -12.5 39.694759467346316
      vertex -22.366619537262665 -16 39.694759467346316
    endloop
  endfacet
  facet normal -0.11753739745784617 0 -0.9930684569549253
    outer loop
      vertex -22.366619537262665 -12.5 39.694759467346316
      vertex -22.234061409431607 -12.5 39.67907017901173
      vertex -22.234061409431607 -16 39.67907017901173
    endloop
  endfacet
  facet normal -0.19509032201608856 0 -0.9807852804032383
    outer loop
      vertex -22.234061409431607 -12.5 39.67907017901173
      vertex -22.10314288144496 -12.5 39.65302886467605
      vertex -22.10314288144496 -16 39.65302886467605
    endloop
  endfacet
  facet normal -0.27144044986507077 0 -0.9624552364536482
    outer loop
      vertex -22.10314288144496 -12.5 39.65302886467605
      vertex -21.97467110956259 -12.5 39.616796077701764
      vertex -21.97467110956259 -16 39.616796077701764
    endloop
  endfacet
  facet normal -0.3461170570775241 0 -0.9381913359224726
    outer loop
      vertex -21.97467110956259 -12.5 39.616796077701764
      vertex -21.849438164979347 -12.5 39.570595205269186
      vertex -21.849438164979347 -16 39.570595205269186
    endloop
  endfacet
  facet normal -0.6190939493098218 0 -0.7853169308807545
    outer loop
      vertex -21.500765071102794 -12.5 39.37532889043741
      vertex -21.395938317838688 -12.5 39.292690141520055
      vertex -21.395938317838688 -16 39.292690141520055
    endloop
  endfacet
  facet normal -0.6788007455329405 0 -0.7343225094356868
    outer loop
      vertex -21.395938317838688 -12.5 39.292690141520055
      vertex -21.297918471982868 -12.5 39.20208152801713
      vertex -21.297918471982868 -16 39.20208152801713
    endloop
  endfacet
  facet normal -0.4186597375374095 0 -0.9081431738250899
    outer loop
      vertex -21.849438164979347 -12.5 39.570595205269186
      vertex -21.72821615044277 -12.5 39.514711091120226
      vertex -21.72821615044277 -16 39.514711091120226
    endloop
  endfacet
  facet normal -0.4886212414969755 0 -0.8724960070727855
    outer loop
      vertex -21.611752439982887 -12.5 39.449488279401955
      vertex -21.611752439982887 -16 39.449488279401955
      vertex -21.72821615044277 -12.5 39.514711091120226
    endloop
  endfacet
  facet normal -0.5555702330195962 0 -0.8314696123025492
    outer loop
      vertex -21.611752439982887 -12.5 39.449488279401955
      vertex -21.500765071102794 -12.5 39.37532889043741
      vertex -21.500765071102794 -16 39.37532889043741
    endloop
  endfacet
  facet normal -0.785316930880762 0 -0.6190939493098123
    outer loop
      vertex -21.20730985847995 -12.5 39.104061682161316
      vertex -21.12467110956259 -12.5 38.9992349288972
      vertex -21.12467110956259 -16 38.9992349288972
    endloop
  endfacet
  facet normal -0.7343225094356878 0 -0.6788007455329393
    outer loop
      vertex -21.20730985847995 -12.5 39.104061682161316
      vertex -21.20730985847995 -16 39.104061682161316
      vertex -21.297918471982868 -12.5 39.20208152801713
    endloop
  endfacet
  facet normal 0.785316930880762 -1.5952377761211462e-16 0.6190939493098123
    outer loop
      vertex -23.87532889043741 -9.5 37.0007650711028
      vertex -23.79269014152005 -9.5 36.895938317838684
      vertex -23.826512611614756 -3.9602958858013153 36.93884191662073
    endloop
  endfacet
  facet normal 0.8314696123025288 0 0.5555702330196269
    outer loop
      vertex -23.87532889043741 -9.5 37.0007650711028
      vertex -23.87532889043741 -3.974023918535112 37.0007650711028
      vertex -23.949488279401958 -9.5 37.11175243998289
    endloop
  endfacet
  facet normal 0.9381913359224846 0 0.346117057077492
    outer loop
      vertex -24.070595205269186 -9.5 37.34943816497935
      vertex -24.070595205269186 -4.045794681302636 37.34943816497935
      vertex -24.11679607770176 -9.5 37.47467110956259
    endloop
  endfacet
  facet normal 0.872496007072797 0 0.4886212414969552
    outer loop
      vertex -23.949488279401958 -9.5 37.11175243998289
      vertex -23.949488279401958 -3.99862922564144 37.11175243998289
      vertex -24.014711091120226 -9.5 37.22821615044277
    endloop
  endfacet
  facet normal 0.9081431738250899 0 0.4186597375374095
    outer loop
      vertex -24.070595205269186 -9.5 37.34943816497935
      vertex -24.014711091120226 -9.5 37.22821615044277
      vertex -24.014711091120226 -4.024448608437186 37.22821615044277
    endloop
  endfacet
  facet normal 0.6788007455329405 0 0.7343225094356869
    outer loop
      vertex -23.604061682161312 -9.5 36.707309858479945
      vertex -23.604061682161312 -3.8872941091712585 36.707309858479945
      vertex -23.702081528017132 -9.5 36.79791847198287
    endloop
  endfacet
  facet normal 0.6190939493098218 0 0.7853169308807545
    outer loop
      vertex -23.604061682161312 -9.5 36.707309858479945
      vertex -23.499234928897206 -9.5 36.62467110956259
      vertex -23.499234928897206 -3.861238212040229 36.62467110956259
    endloop
  endfacet
  facet normal 0.4886212414969755 0 0.8724960070727855
    outer loop
      vertex -23.388247560017113 -9.5 36.550511720598045
      vertex -23.27178384955723 -9.5 36.485288908879774
      vertex -23.27178384955723 -3.806170332685351 36.485288908879774
    endloop
  endfacet
  facet normal 0.4186597375374094 0 0.9081431738250898
    outer loop
      vertex -23.27178384955723 -9.5 36.485288908879774
      vertex -23.150561835020653 -9.5 36.429404794730814
      vertex -23.150561835020653 -3.7830223744403377 36.429404794730814
    endloop
  endfacet
  facet normal 0.5555702330195962 0 0.8314696123025492
    outer loop
      vertex -23.388247560017113 -9.5 36.550511720598045
      vertex -23.388247560017113 -3.8331865061591315 36.550511720598045
      vertex -23.499234928897206 -9.5 36.62467110956259
    endloop
  endfacet
  facet normal 0.2714404498650708 0 0.9624552364536483
    outer loop
      vertex -23.02532889043741 -9.5 36.383203922298236
      vertex -22.89685711855504 -9.5 36.34697113532395
      vertex -22.89685711855504 -3.748877234359072 36.34697113532395
    endloop
  endfacet
  facet normal 0.19509032201608859 0 0.9807852804032383
    outer loop
      vertex -22.89685711855504 -9.5 36.34697113532395
      vertex -22.765938590568393 -9.5 36.32092982098827
      vertex -22.765938590568393 -3.7380905686658346 36.32092982098827
    endloop
  endfacet
  facet normal 0.11753739745784614 0 0.9930684569549253
    outer loop
      vertex -22.765938590568393 -9.5 36.32092982098827
      vertex -22.633380462737335 -9.5 36.305240532653684
      vertex -22.633380462737335 -3.7315918525853595 36.305240532653684
    endloop
  endfacet
  facet normal 0.039259815759103533 0 0.9992290362407216
    outer loop
      vertex -22.633380462737335 -9.5 36.305240532653684
      vertex -22.5 -9.5 36.3
      vertex -22.5 -3.729421152863327 36.3
    endloop
  endfacet
  facet normal 0.3461170570775241 0 0.9381913359224726
    outer loop
      vertex -23.150561835020653 -9.5 36.429404794730814
      vertex -23.02532889043741 -9.5 36.383203922298236
      vertex -23.02532889043741 -3.7638853462841473 36.383203922298236
    endloop
  endfacet
  facet normal 0.7343225094356877 0 0.6788007455329393
    outer loop
      vertex -23.79269014152005 -9.5 36.895938317838684
      vertex -23.702081528017132 -9.5 36.79791847198287
      vertex -23.702081528017132 -3.9158628949230683 36.79791847198287
    endloop
  endfacet
  facet normal 0.9807852804032292 2.711657323404399e-16 0.1950903220161347
    outer loop
      vertex -24.15302886467605 -9.5 37.60314288144496
      vertex -24.160889597158974 -4.08439826220274 37.642661452293396
      vertex -24.179070179011735 -9.5 37.73406140943161
    endloop
  endfacet
  facet normal 0.9624552364536462 0 0.27144044986507776
    outer loop
      vertex -24.11679607770176 -9.5 37.47467110956259
      vertex -24.11679607770176 -4.062281912422175 37.47467110956259
      vertex -24.15302886467605 -9.5 37.60314288144496
    endloop
  endfacet
  facet normal 0.9930684569549281 0 0.11753739745782303
    outer loop
      vertex -24.179070179011735 -9.5 37.73406140943161
      vertex -24.179070179011735 -4.088388870860271 37.73406140943161
      vertex -24.194759467346316 -9.5 37.866619537262665
    endloop
  endfacet
  facet normal 0.9992290362407226 0 0.03925981575907695
    outer loop
      vertex -24.194759467346316 -9.5 37.866619537262665
      vertex -24.194759467346316 -4.094176484214935 37.866619537262665
      vertex -24.2 -9.5 38
    endloop
  endfacet
  facet normal 0.9992290362407227 0 -0.03925981575907696
    outer loop
      vertex -24.2 -9.5 38
      vertex -24.2 -4.100000001490116 38
      vertex -24.194759467346316 -9.5 38.133380462737335
    endloop
  endfacet
  facet normal 0.9930684569549281 0 -0.11753739745782302
    outer loop
      vertex -24.194759467346316 -9.5 38.133380462737335
      vertex -24.194759467346316 -4.094176484214935 38.133380462737335
      vertex -24.179070179011735 -9.5 38.26593859056839
    endloop
  endfacet
  facet normal 0.9807852804032292 0 -0.19509032201613472
    outer loop
      vertex -24.179070179011735 -9.5 38.26593859056839
      vertex -24.179070179011735 -4.088388870860271 38.26593859056839
      vertex -24.15302886467605 -9.5 38.39685711855504
    endloop
  endfacet
  facet normal 0.9624552364536463 0 -0.27144044986507776
    outer loop
      vertex -24.15302886467605 -9.5 38.39685711855504
      vertex -24.15302886467605 -4.079195543275541 38.39685711855504
      vertex -24.11679607770176 -9.5 38.52532889043741
    endloop
  endfacet
  facet normal 0.9381913359224845 0 -0.3461170570774921
    outer loop
      vertex -24.11679607770176 -9.5 38.52532889043741
      vertex -24.11679607770176 -4.062281912422175 38.52532889043741
      vertex -24.070595205269186 -9.5 38.65056183502065
    endloop
  endfacet
  facet normal 0.9081431738250899 0 -0.4186597375374095
    outer loop
      vertex -24.070595205269186 -9.5 38.65056183502065
      vertex -24.070595205269186 -4.045794681302636 38.65056183502065
      vertex -24.014711091120226 -9.5 38.77178384955723
    endloop
  endfacet
  facet normal 0.8724960070727971 0 -0.48862124149695524
    outer loop
      vertex -24.014711091120226 -9.5 38.77178384955723
      vertex -24.014711091120226 -4.024448608437186 38.77178384955723
      vertex -23.949488279401958 -9.5 38.88824756001711
    endloop
  endfacet
  facet normal 0.8314696123025288 0 -0.5555702330196268
    outer loop
      vertex -23.949488279401958 -9.5 38.88824756001711
      vertex -23.949488279401958 -3.9986292256414386 38.88824756001711
      vertex -23.87532889043741 -9.5 38.9992349288972
    endloop
  endfacet
  facet normal -0.03925981575910353 0 0.9992290362407216
    outer loop
      vertex -22.5 -9.5 36.3
      vertex -22.366619537262665 -9.5 36.305240532653684
      vertex -22.366619537262665 -3.73159185258536 36.305240532653684
    endloop
  endfacet
  facet normal -0.11753739745784618 0 0.9930684569549254
    outer loop
      vertex -22.366619537262665 -9.5 36.305240532653684
      vertex -22.234061409431607 -9.5 36.32092982098827
      vertex -22.234061409431607 -3.7380905686658346 36.32092982098827
    endloop
  endfacet
  facet normal -0.19509032201608859 0 0.9807852804032383
    outer loop
      vertex -22.234061409431607 -9.5 36.32092982098827
      vertex -22.10314288144496 -9.5 36.34697113532395
      vertex -22.10314288144496 -3.7488772343590715 36.34697113532395
    endloop
  endfacet
  facet normal -0.2714404498650708 0 0.9624552364536482
    outer loop
      vertex -22.10314288144496 -9.5 36.34697113532395
      vertex -21.97467110956259 -9.5 36.383203922298236
      vertex -21.97467110956259 -3.763885346284147 36.383203922298236
    endloop
  endfacet
  facet normal -0.3461170570775241 0 0.9381913359224726
    outer loop
      vertex -21.97467110956259 -9.5 36.383203922298236
      vertex -21.849438164979347 -9.5 36.429404794730814
      vertex -21.849438164979347 -3.7830223744403373 36.429404794730814
    endloop
  endfacet
  facet normal -0.41865973753740954 0 0.9081431738250899
    outer loop
      vertex -21.849438164979347 -9.5 36.429404794730814
      vertex -21.72821615044277 -9.5 36.485288908879774
      vertex -21.72821615044277 -3.806170332685351 36.485288908879774
    endloop
  endfacet
  facet normal -0.4886212414969755 0 0.8724960070727856
    outer loop
      vertex -21.72821615044277 -9.5 36.485288908879774
      vertex -21.611752439982887 -9.5 36.550511720598045
      vertex -21.611752439982887 -3.8331865061591315 36.550511720598045
    endloop
  endfacet
  facet normal -0.6190939493098219 0 0.7853169308807546
    outer loop
      vertex -21.500765071102794 -9.5 36.62467110956259
      vertex -21.395938317838688 -9.5 36.707309858479945
      vertex -21.395938317838688 -3.887294109171259 36.707309858479945
    endloop
  endfacet
  facet normal -0.5555702330195962 0 0.8314696123025492
    outer loop
      vertex -21.611752439982887 -9.5 36.550511720598045
      vertex -21.500765071102794 -9.5 36.62467110956259
      vertex -21.500765071102794 -3.861238212040229 36.62467110956259
    endloop
  endfacet
  facet normal -0.6788007455329403 0 0.7343225094356868
    outer loop
      vertex -21.395938317838688 -9.5 36.707309858479945
      vertex -21.297918471982868 -9.5 36.79791847198287
      vertex -21.297918471982868 -3.9158628949230683 36.79791847198287
    endloop
  endfacet
  facet normal -0.7343225094356878 0 0.6788007455329392
    outer loop
      vertex -21.297918471982868 -9.5 36.79791847198287
      vertex -21.20730985847995 -9.5 36.895938317838684
      vertex -21.20730985847995 -3.9467684332314077 36.895938317838684
    endloop
  endfacet
  facet normal -0.7853169308807619 0 0.6190939493098123
    outer loop
      vertex -21.20730985847995 -9.5 36.895938317838684
      vertex -21.12467110956259 -9.5 37.0007650711028
      vertex -21.12467110956259 -3.974023918535112 37.0007650711028
    endloop
  endfacet
  facet normal -0.8314696123025288 0 0.5555702330196268
    outer loop
      vertex -21.12467110956259 -9.5 37.0007650711028
      vertex -21.050511720598042 -9.5 37.11175243998289
      vertex -21.050511720598042 -3.9986292256414386 37.11175243998289
    endloop
  endfacet
  facet normal -0.8724960070727971 0 0.48862124149695524
    outer loop
      vertex -21.050511720598042 -9.5 37.11175243998289
      vertex -20.985288908879774 -9.5 37.22821615044277
      vertex -20.985288908879774 -4.024448608437186 37.22821615044277
    endloop
  endfacet
  facet normal -0.9081431738250899 0 0.4186597375374095
    outer loop
      vertex -20.985288908879774 -9.5 37.22821615044277
      vertex -20.929404794730814 -9.5 37.34943816497935
      vertex -20.929404794730814 -4.045794681302636 37.34943816497935
    endloop
  endfacet
  facet normal -0.9381913359224845 0 0.3461170570774921
    outer loop
      vertex -20.929404794730814 -9.5 37.34943816497935
      vertex -20.88320392229824 -9.5 37.47467110956259
      vertex -20.88320392229824 -4.062281912422175 37.47467110956259
    endloop
  endfacet
  facet normal -0.9624552364536463 0 0.27144044986507776
    outer loop
      vertex -20.88320392229824 -9.5 37.47467110956259
      vertex -20.84697113532395 -9.5 37.60314288144496
      vertex -20.84697113532395 -4.079195543275541 37.60314288144496
    endloop
  endfacet
  facet normal -0.9807852804032292 0 0.19509032201613472
    outer loop
      vertex -20.84697113532395 -9.5 37.60314288144496
      vertex -20.820929820988265 -9.5 37.73406140943161
      vertex -20.820929820988265 -4.088388870860271 37.73406140943161
    endloop
  endfacet
  facet normal -0.9930684569549281 0 0.11753739745782302
    outer loop
      vertex -20.820929820988265 -9.5 37.73406140943161
      vertex -20.805240532653684 -9.5 37.866619537262665
      vertex -20.805240532653684 -4.094176484214935 37.866619537262665
    endloop
  endfacet
  facet normal -0.9992290362407227 0 0.03925981575907696
    outer loop
      vertex -20.805240532653684 -9.5 37.866619537262665
      vertex -20.8 -9.5 38
      vertex -20.8 -4.100000001490116 38
    endloop
  endfacet
  facet normal -0.9992290362407226 0 -0.03925981575907695
    outer loop
      vertex -20.8 -9.5 38
      vertex -20.805240532653684 -9.5 38.133380462737335
      vertex -20.805240532653684 -4.094176484214935 38.133380462737335
    endloop
  endfacet
  facet normal -0.9930684569549281 0 -0.11753739745782303
    outer loop
      vertex -20.820929820988265 -9.5 38.26593859056839
      vertex -20.820929820988265 -4.088388870860271 38.26593859056839
      vertex -20.805240532653684 -9.5 38.133380462737335
    endloop
  endfacet
  facet normal -0.9807852804032292 2.717656565270338e-16 -0.1950903220161347
    outer loop
      vertex -20.820929820988265 -9.5 38.26593859056839
      vertex -20.84697113532395 -9.5 38.39685711855504
      vertex -20.839110402841026 -4.08439826220274 38.357338547706604
    endloop
  endfacet
  facet normal -0.9624552364536462 0 -0.27144044986507776
    outer loop
      vertex -20.84697113532395 -9.5 38.39685711855504
      vertex -20.88320392229824 -9.5 38.52532889043741
      vertex -20.88320392229824 -4.062281912422175 38.52532889043741
    endloop
  endfacet
  facet normal -0.9381913359224846 0 -0.346117057077492
    outer loop
      vertex -20.929404794730814 -9.5 38.65056183502065
      vertex -20.929404794730814 -4.045794681302636 38.65056183502065
      vertex -20.88320392229824 -9.5 38.52532889043741
    endloop
  endfacet
  facet normal -0.9081431738250899 0 -0.4186597375374095
    outer loop
      vertex -20.985288908879774 -9.5 38.77178384955723
      vertex -20.985288908879774 -4.024448608437186 38.77178384955723
      vertex -20.929404794730814 -9.5 38.65056183502065
    endloop
  endfacet
  facet normal -0.8314696123025288 0 -0.5555702330196269
    outer loop
      vertex -21.050511720598042 -9.5 38.88824756001711
      vertex -21.12467110956259 -9.5 38.9992349288972
      vertex -21.12467110956259 -3.9740239185351114 38.9992349288972
    endloop
  endfacet
  facet normal -0.872496007072797 0 -0.4886212414969552
    outer loop
      vertex -20.985288908879774 -9.5 38.77178384955723
      vertex -21.050511720598042 -9.5 38.88824756001711
      vertex -21.050511720598042 -3.9986292256414395 38.88824756001711
    endloop
  endfacet
  facet normal 0.7853169308807619 0 -0.6190939493098123
    outer loop
      vertex -23.87532889043741 -9.5 38.9992349288972
      vertex -23.87532889043741 -3.974023918535112 38.9992349288972
      vertex -23.79269014152005 -9.5 39.104061682161316
    endloop
  endfacet
  facet normal 0.7343225094356877 0 -0.6788007455329393
    outer loop
      vertex -23.79269014152005 -9.5 39.104061682161316
      vertex -23.79269014152005 -3.946768433231408 39.104061682161316
      vertex -23.702081528017132 -9.5 39.20208152801713
    endloop
  endfacet
  facet normal 0.6788007455329403 0 -0.7343225094356868
    outer loop
      vertex -23.702081528017132 -9.5 39.20208152801713
      vertex -23.702081528017132 -3.9158628949230674 39.20208152801713
      vertex -23.604061682161312 -9.5 39.292690141520055
    endloop
  endfacet
  facet normal 0.6190939493098219 0 -0.7853169308807546
    outer loop
      vertex -23.604061682161312 -9.5 39.292690141520055
      vertex -23.604061682161312 -3.8872941091712594 39.292690141520055
      vertex -23.499234928897206 -9.5 39.37532889043741
    endloop
  endfacet
  facet normal 0.5555702330195962 0 -0.8314696123025492
    outer loop
      vertex -23.499234928897206 -9.5 39.37532889043741
      vertex -23.499234928897206 -3.8612382120402287 39.37532889043741
      vertex -23.388247560017113 -9.5 39.449488279401955
    endloop
  endfacet
  facet normal 0.4886212414969755 0 -0.8724960070727856
    outer loop
      vertex -23.388247560017113 -9.5 39.449488279401955
      vertex -23.388247560017113 -3.833186506159132 39.449488279401955
      vertex -23.27178384955723 -9.5 39.514711091120226
    endloop
  endfacet
  facet normal 0.41865973753740954 0 -0.9081431738250899
    outer loop
      vertex -23.27178384955723 -9.5 39.514711091120226
      vertex -23.27178384955723 -3.8061703326853507 39.514711091120226
      vertex -23.150561835020653 -9.5 39.570595205269186
    endloop
  endfacet
  facet normal 0.3461170570775241 0 -0.9381913359224726
    outer loop
      vertex -23.150561835020653 -9.5 39.570595205269186
      vertex -23.150561835020653 -3.783022374440339 39.570595205269186
      vertex -23.02532889043741 -9.5 39.616796077701764
    endloop
  endfacet
  facet normal 0.2714404498650708 0 -0.9624552364536482
    outer loop
      vertex -23.02532889043741 -9.5 39.616796077701764
      vertex -23.02532889043741 -3.763885346284146 39.616796077701764
      vertex -22.89685711855504 -9.5 39.65302886467605
    endloop
  endfacet
  facet normal 0.19509032201608859 0 -0.9807852804032383
    outer loop
      vertex -22.89685711855504 -9.5 39.65302886467605
      vertex -22.89685711855504 -3.748877234359071 39.65302886467605
      vertex -22.765938590568393 -9.5 39.67907017901173
    endloop
  endfacet
  facet normal 0.11753739745784618 0 -0.9930684569549254
    outer loop
      vertex -22.765938590568393 -9.5 39.67907017901173
      vertex -22.765938590568393 -3.738090568665834 39.67907017901173
      vertex -22.633380462737335 -9.5 39.694759467346316
    endloop
  endfacet
  facet normal 0.03925981575910353 0 -0.9992290362407216
    outer loop
      vertex -22.633380462737335 -9.5 39.694759467346316
      vertex -22.633380462737335 -3.7315918525853595 39.694759467346316
      vertex -22.5 -9.5 39.7
    endloop
  endfacet
  facet normal -0.039259815759103533 0 -0.9992290362407216
    outer loop
      vertex -22.5 -9.5 39.7
      vertex -22.5 -3.7294211528633276 39.7
      vertex -22.366619537262665 -9.5 39.694759467346316
    endloop
  endfacet
  facet normal -0.11753739745784614 0 -0.9930684569549253
    outer loop
      vertex -22.366619537262665 -9.5 39.694759467346316
      vertex -22.366619537262665 -3.7315918525853595 39.694759467346316
      vertex -22.234061409431607 -9.5 39.67907017901173
    endloop
  endfacet
  facet normal -0.19509032201608859 0 -0.9807852804032383
    outer loop
      vertex -22.234061409431607 -9.5 39.67907017901173
      vertex -22.234061409431607 -3.7380905686658346 39.67907017901173
      vertex -22.10314288144496 -9.5 39.65302886467605
    endloop
  endfacet
  facet normal -0.27144044986507077 0 -0.9624552364536483
    outer loop
      vertex -22.10314288144496 -9.5 39.65302886467605
      vertex -22.10314288144496 -3.7488772343590715 39.65302886467605
      vertex -21.97467110956259 -9.5 39.616796077701764
    endloop
  endfacet
  facet normal -0.34611705707752405 0 -0.9381913359224726
    outer loop
      vertex -21.97467110956259 -9.5 39.616796077701764
      vertex -21.97467110956259 -3.763885346284147 39.616796077701764
      vertex -21.849438164979347 -9.5 39.570595205269186
    endloop
  endfacet
  facet normal -0.7343225094356879 0 -0.6788007455329393
    outer loop
      vertex -21.20730985847995 -9.5 39.104061682161316
      vertex -21.297918471982868 -9.5 39.20208152801713
      vertex -21.297918471982868 -3.915862894923067 39.20208152801713
    endloop
  endfacet
  facet normal -0.6788007455329405 0 -0.7343225094356869
    outer loop
      vertex -21.395938317838688 -9.5 39.292690141520055
      vertex -21.395938317838688 -3.887294109171259 39.292690141520055
      vertex -21.297918471982868 -9.5 39.20208152801713
    endloop
  endfacet
  facet normal -0.6190939493098218 0 -0.7853169308807545
    outer loop
      vertex -21.500765071102794 -9.5 39.37532889043741
      vertex -21.500765071102794 -3.8612382120402287 39.37532889043741
      vertex -21.395938317838688 -9.5 39.292690141520055
    endloop
  endfacet
  facet normal -0.4186597375374095 0 -0.9081431738250898
    outer loop
      vertex -21.849438164979347 -9.5 39.570595205269186
      vertex -21.849438164979347 -3.7830223744403395 39.570595205269186
      vertex -21.72821615044277 -9.5 39.514711091120226
    endloop
  endfacet
  facet normal -0.5555702330195962 0 -0.8314696123025492
    outer loop
      vertex -21.611752439982887 -9.5 39.449488279401955
      vertex -21.611752439982887 -3.8331865061591324 39.449488279401955
      vertex -21.500765071102794 -9.5 39.37532889043741
    endloop
  endfacet
  facet normal -0.4886212414969755 0 -0.8724960070727855
    outer loop
      vertex -21.611752439982887 -9.5 39.449488279401955
      vertex -21.72821615044277 -9.5 39.514711091120226
      vertex -21.72821615044277 -3.8061703326853507 39.514711091120226
    endloop
  endfacet
  facet normal -0.785316930880762 -1.5952377761211462e-16 -0.6190939493098123
    outer loop
      vertex -21.20730985847995 -9.5 39.104061682161316
      vertex -21.173487388385244 -3.9602958858013153 39.06115808337927
      vertex -21.12467110956259 -9.5 38.9992349288972
    endloop
  endfacet
  facet normal 0.7343225094356878 0 0.6788007455329392
    outer loop
      vertex -23.79269014152005 -9.5 36.895938317838684
      vertex -23.702081528017132 -3.9158628949230683 36.79791847198287
      vertex -23.79269014152005 -3.9467684332314077 36.895938317838684
    endloop
  endfacet
  facet normal 0.7853169308807719 0 0.6190939493097996
    outer loop
      vertex -23.79269014152005 -9.5 36.895938317838684
      vertex -23.79269014152005 -3.9467684332314077 36.895938317838684
      vertex -23.826512611614756 -3.9602958858013153 36.93884191662073
    endloop
  endfacet
  facet normal 0.8314696123025289 0 0.5555702330196269
    outer loop
      vertex -23.949488279401958 -9.5 37.11175243998289
      vertex -23.87532889043741 -3.974023918535112 37.0007650711028
      vertex -23.949488279401958 -3.99862922564144 37.11175243998289
    endloop
  endfacet
  facet normal 0.7853169308807552 0 0.6190939493098212
    outer loop
      vertex -23.87532889043741 -9.5 37.0007650711028
      vertex -23.826512611614756 -3.9602958858013153 36.93884191662073
      vertex -23.87532889043741 -3.974023918535112 37.0007650711028
    endloop
  endfacet
  facet normal 0.9381913359224845 0 0.3461170570774921
    outer loop
      vertex -24.11679607770176 -9.5 37.47467110956259
      vertex -24.070595205269186 -4.045794681302636 37.34943816497935
      vertex -24.11679607770176 -4.062281912422175 37.47467110956259
    endloop
  endfacet
  facet normal 0.8724960070727971 0 0.48862124149695524
    outer loop
      vertex -24.014711091120226 -9.5 37.22821615044277
      vertex -23.949488279401958 -3.99862922564144 37.11175243998289
      vertex -24.014711091120226 -4.024448608437186 37.22821615044277
    endloop
  endfacet
  facet normal 0.9081431738250854 2.6580546323383466e-16 0.41865973753741936
    outer loop
      vertex -24.070595205269186 -9.5 37.34943816497935
      vertex -24.014711091120226 -4.024448608437186 37.22821615044277
      vertex -24.04229140257976 -4.037711784243584 37.2880424708128
    endloop
  endfacet
  facet normal 0.9081431738250944 0 0.4186597375373999
    outer loop
      vertex -24.070595205269186 -9.5 37.34943816497935
      vertex -24.04229140257976 -4.037711784243584 37.2880424708128
      vertex -24.070595205269186 -4.045794681302636 37.34943816497935
    endloop
  endfacet
  facet normal 0.5555702330195987 -7.154241673870231e-17 0.8314696123025476
    outer loop
      vertex -23.499234928897206 -9.5 36.62467110956259
      vertex -23.388247560017113 -3.8331865061591315 36.550511720598045
      vertex -23.458895869524692 -3.852739743888378 36.59771741181612
    endloop
  endfacet
  facet normal 0.5555702330195919 0 0.8314696123025522
    outer loop
      vertex -23.499234928897206 -9.5 36.62467110956259
      vertex -23.458895869524692 -3.852739743888378 36.59771741181612
      vertex -23.499234928897206 -3.861238212040229 36.62467110956259
    endloop
  endfacet
  facet normal 0.6190939493098218 0 0.7853169308807545
    outer loop
      vertex -23.604061682161312 -9.5 36.707309858479945
      vertex -23.499234928897206 -3.861238212040229 36.62467110956259
      vertex -23.604061682161312 -3.8872941091712585 36.707309858479945
    endloop
  endfacet
  facet normal 0.4886212414969755 0 0.8724960070727856
    outer loop
      vertex -23.388247560017113 -9.5 36.550511720598045
      vertex -23.27178384955723 -3.806170332685351 36.485288908879774
      vertex -23.388247560017113 -3.8331865061591315 36.550511720598045
    endloop
  endfacet
  facet normal 0.41865973753740954 0 0.9081431738250899
    outer loop
      vertex -23.27178384955723 -9.5 36.485288908879774
      vertex -23.150561835020653 -3.7830223744403377 36.429404794730814
      vertex -23.27178384955723 -3.806170332685351 36.485288908879774
    endloop
  endfacet
  facet normal 0.27144044986507077 0 0.9624552364536482
    outer loop
      vertex -23.02532889043741 -9.5 36.383203922298236
      vertex -22.89685711855504 -3.748877234359072 36.34697113532395
      vertex -23.02532889043741 -3.7638853462841473 36.383203922298236
    endloop
  endfacet
  facet normal 0.1950903220160886 0 0.9807852804032384
    outer loop
      vertex -22.89685711855504 -9.5 36.34697113532395
      vertex -22.765938590568393 -3.7380905686658346 36.32092982098827
      vertex -22.89685711855504 -3.748877234359072 36.34697113532395
    endloop
  endfacet
  facet normal 0.11753739745784618 0 0.9930684569549254
    outer loop
      vertex -22.765938590568393 -9.5 36.32092982098827
      vertex -22.633380462737335 -3.7315918525853595 36.305240532653684
      vertex -22.765938590568393 -3.7380905686658346 36.32092982098827
    endloop
  endfacet
  facet normal 0.03925981575910353 0 0.9992290362407216
    outer loop
      vertex -22.633380462737335 -9.5 36.305240532653684
      vertex -22.5 -3.729421152863327 36.3
      vertex -22.633380462737335 -3.7315918525853595 36.305240532653684
    endloop
  endfacet
  facet normal 0.3461170570775241 0 0.9381913359224726
    outer loop
      vertex -23.150561835020653 -9.5 36.429404794730814
      vertex -23.02532889043741 -3.7638853462841473 36.383203922298236
      vertex -23.150561835020653 -3.7830223744403377 36.429404794730814
    endloop
  endfacet
  facet normal 0.6788007455329403 0 0.7343225094356868
    outer loop
      vertex -23.702081528017132 -9.5 36.79791847198287
      vertex -23.604061682161312 -3.8872941091712585 36.707309858479945
      vertex -23.702081528017132 -3.9158628949230683 36.79791847198287
    endloop
  endfacet
  facet normal 0.9624552364536463 0 0.27144044986507776
    outer loop
      vertex -24.15302886467605 -9.5 37.60314288144496
      vertex -24.11679607770176 -4.062281912422175 37.47467110956259
      vertex -24.15302886467605 -4.079195543275541 37.60314288144496
    endloop
  endfacet
  facet normal 0.980785280403222 0 0.19509032201617044
    outer loop
      vertex -24.15302886467605 -9.5 37.60314288144496
      vertex -24.15302886467605 -4.079195543275541 37.60314288144496
      vertex -24.160889597158974 -4.08439826220274 37.642661452293396
    endloop
  endfacet
  facet normal 0.9807852804032323 0 0.19509032201611923
    outer loop
      vertex -24.179070179011735 -9.5 37.73406140943161
      vertex -24.160889597158974 -4.08439826220274 37.642661452293396
      vertex -24.179070179011735 -4.088388870860271 37.73406140943161
    endloop
  endfacet
  facet normal 0.9930684569549281 0 0.11753739745782302
    outer loop
      vertex -24.194759467346316 -9.5 37.866619537262665
      vertex -24.179070179011735 -4.088388870860271 37.73406140943161
      vertex -24.194759467346316 -4.094176484214935 37.866619537262665
    endloop
  endfacet
  facet normal 0.9992290362407227 0 0.03925981575907696
    outer loop
      vertex -24.2 -9.5 38
      vertex -24.194759467346316 -4.094176484214935 37.866619537262665
      vertex -24.2 -4.100000001490116 38
    endloop
  endfacet
  facet normal 0.9992290362407226 0 -0.03925981575907695
    outer loop
      vertex -24.194759467346316 -9.5 38.133380462737335
      vertex -24.2 -4.100000001490116 38
      vertex -24.194759467346316 -4.094176484214935 38.133380462737335
    endloop
  endfacet
  facet normal 0.9930684569549281 0 -0.11753739745782303
    outer loop
      vertex -24.179070179011735 -9.5 38.26593859056839
      vertex -24.194759467346316 -4.094176484214935 38.133380462737335
      vertex -24.179070179011735 -4.088388870860271 38.26593859056839
    endloop
  endfacet
  facet normal 0.9807852804032249 -5.330340271971405e-16 -0.19509032201615586
    outer loop
      vertex -24.15302886467605 -9.5 38.39685711855504
      vertex -24.179070179011735 -4.088388870860271 38.26593859056839
      vertex -24.16088959715897 -4.08439826220274 38.357338547706604
    endloop
  endfacet
  facet normal 0.980785280403239 0 -0.19509032201608564
    outer loop
      vertex -24.15302886467605 -9.5 38.39685711855504
      vertex -24.16088959715897 -4.08439826220274 38.357338547706604
      vertex -24.15302886467605 -4.079195543275541 38.39685711855504
    endloop
  endfacet
  facet normal 0.9624552364536462 0 -0.27144044986507776
    outer loop
      vertex -24.11679607770176 -9.5 38.52532889043741
      vertex -24.15302886467605 -4.079195543275541 38.39685711855504
      vertex -24.11679607770176 -4.062281912422175 38.52532889043741
    endloop
  endfacet
  facet normal 0.9381913359224846 0 -0.346117057077492
    outer loop
      vertex -24.070595205269186 -9.5 38.65056183502065
      vertex -24.11679607770176 -4.062281912422175 38.52532889043741
      vertex -24.070595205269186 -4.045794681302636 38.65056183502065
    endloop
  endfacet
  facet normal 0.9081431738250944 2.5799362061369076e-16 -0.4186597375373999
    outer loop
      vertex -24.014711091120226 -9.5 38.77178384955723
      vertex -24.070595205269186 -4.045794681302636 38.65056183502065
      vertex -24.04229140257976 -4.037711784243584 38.7119575291872
    endloop
  endfacet
  facet normal 0.9081431738250854 0 -0.41865973753741936
    outer loop
      vertex -24.014711091120226 -9.5 38.77178384955723
      vertex -24.04229140257976 -4.037711784243584 38.7119575291872
      vertex -24.014711091120226 -4.024448608437186 38.77178384955723
    endloop
  endfacet
  facet normal 0.872496007072797 0 -0.4886212414969552
    outer loop
      vertex -23.949488279401958 -9.5 38.88824756001711
      vertex -24.014711091120226 -4.024448608437186 38.77178384955723
      vertex -23.949488279401958 -3.9986292256414386 38.88824756001711
    endloop
  endfacet
  facet normal 0.8314696123025288 0 -0.5555702330196269
    outer loop
      vertex -23.87532889043741 -9.5 38.9992349288972
      vertex -23.949488279401958 -3.9986292256414386 38.88824756001711
      vertex -23.87532889043741 -3.974023918535112 38.9992349288972
    endloop
  endfacet
  facet normal -0.039259815759103533 0 0.9992290362407216
    outer loop
      vertex -22.5 -9.5 36.3
      vertex -22.366619537262665 -3.73159185258536 36.305240532653684
      vertex -22.5 -3.729421152863327 36.3
    endloop
  endfacet
  facet normal -0.11753739745784617 0 0.9930684569549254
    outer loop
      vertex -22.366619537262665 -9.5 36.305240532653684
      vertex -22.234061409431607 -3.7380905686658346 36.32092982098827
      vertex -22.366619537262665 -3.73159185258536 36.305240532653684
    endloop
  endfacet
  facet normal -0.19509032201608859 0 0.9807852804032383
    outer loop
      vertex -22.234061409431607 -9.5 36.32092982098827
      vertex -22.10314288144496 -3.7488772343590715 36.34697113532395
      vertex -22.234061409431607 -3.7380905686658346 36.32092982098827
    endloop
  endfacet
  facet normal -0.27144044986507077 0 0.9624552364536483
    outer loop
      vertex -22.10314288144496 -9.5 36.34697113532395
      vertex -21.97467110956259 -3.763885346284147 36.383203922298236
      vertex -22.10314288144496 -3.7488772343590715 36.34697113532395
    endloop
  endfacet
  facet normal -0.34611705707752405 0 0.9381913359224726
    outer loop
      vertex -21.97467110956259 -9.5 36.383203922298236
      vertex -21.849438164979347 -3.7830223744403373 36.429404794730814
      vertex -21.97467110956259 -3.763885346284147 36.383203922298236
    endloop
  endfacet
  facet normal -0.6788007455329405 0 0.7343225094356869
    outer loop
      vertex -21.395938317838688 -9.5 36.707309858479945
      vertex -21.297918471982868 -3.9158628949230683 36.79791847198287
      vertex -21.395938317838688 -3.887294109171259 36.707309858479945
    endloop
  endfacet
  facet normal -0.4186597375374094 0 0.9081431738250898
    outer loop
      vertex -21.849438164979347 -9.5 36.429404794730814
      vertex -21.72821615044277 -3.806170332685351 36.485288908879774
      vertex -21.849438164979347 -3.7830223744403373 36.429404794730814
    endloop
  endfacet
  facet normal -0.4886212414969755 0 0.8724960070727855
    outer loop
      vertex -21.72821615044277 -9.5 36.485288908879774
      vertex -21.611752439982887 -3.8331865061591315 36.550511720598045
      vertex -21.72821615044277 -3.806170332685351 36.485288908879774
    endloop
  endfacet
  facet normal -0.5555702330195987 0 0.8314696123025477
    outer loop
      vertex -21.611752439982887 -9.5 36.550511720598045
      vertex -21.541104130475308 -3.852739743888378 36.59771741181612
      vertex -21.611752439982887 -3.8331865061591315 36.550511720598045
    endloop
  endfacet
  facet normal -0.5555702330195917 -1.2314153413353215e-16 0.8314696123025522
    outer loop
      vertex -21.611752439982887 -9.5 36.550511720598045
      vertex -21.500765071102794 -3.861238212040229 36.62467110956259
      vertex -21.541104130475308 -3.852739743888378 36.59771741181612
    endloop
  endfacet
  facet normal -0.6190939493098218 0 0.7853169308807545
    outer loop
      vertex -21.500765071102794 -9.5 36.62467110956259
      vertex -21.395938317838688 -3.887294109171259 36.707309858479945
      vertex -21.500765071102794 -3.861238212040229 36.62467110956259
    endloop
  endfacet
  facet normal -0.7343225094356877 0 0.6788007455329393
    outer loop
      vertex -21.297918471982868 -9.5 36.79791847198287
      vertex -21.20730985847995 -3.9467684332314077 36.895938317838684
      vertex -21.297918471982868 -3.9158628949230683 36.79791847198287
    endloop
  endfacet
  facet normal -0.7853169308807403 0 0.6190939493098396
    outer loop
      vertex -21.20730985847995 -9.5 36.895938317838684
      vertex -21.17348738838524 -3.9602958858013153 36.93884191662073
      vertex -21.20730985847995 -3.9467684332314077 36.895938317838684
    endloop
  endfacet
  facet normal -0.8314696123025288 0 0.5555702330196269
    outer loop
      vertex -21.12467110956259 -9.5 37.0007650711028
      vertex -21.050511720598042 -3.9986292256414386 37.11175243998289
      vertex -21.12467110956259 -3.974023918535112 37.0007650711028
    endloop
  endfacet
  facet normal -0.7853169308807769 5.817932186809248e-16 0.6190939493097933
    outer loop
      vertex -21.20730985847995 -9.5 36.895938317838684
      vertex -21.12467110956259 -3.974023918535112 37.0007650711028
      vertex -21.17348738838524 -3.9602958858013153 36.93884191662073
    endloop
  endfacet
  facet normal -0.872496007072797 0 0.4886212414969552
    outer loop
      vertex -21.050511720598042 -9.5 37.11175243998289
      vertex -20.985288908879774 -4.024448608437186 37.22821615044277
      vertex -21.050511720598042 -3.9986292256414386 37.11175243998289
    endloop
  endfacet
  facet normal -0.9081431738250854 0 0.41865973753741936
    outer loop
      vertex -20.985288908879774 -9.5 37.22821615044277
      vertex -20.95770859742024 -4.037711784243584 37.2880424708128
      vertex -20.985288908879774 -4.024448608437186 37.22821615044277
    endloop
  endfacet
  facet normal -0.9081431738250944 2.5799362061369076e-16 0.4186597375373999
    outer loop
      vertex -20.985288908879774 -9.5 37.22821615044277
      vertex -20.929404794730814 -4.045794681302636 37.34943816497935
      vertex -20.95770859742024 -4.037711784243584 37.2880424708128
    endloop
  endfacet
  facet normal -0.9381913359224846 0 0.346117057077492
    outer loop
      vertex -20.929404794730814 -9.5 37.34943816497935
      vertex -20.88320392229824 -4.062281912422175 37.47467110956259
      vertex -20.929404794730814 -4.045794681302636 37.34943816497935
    endloop
  endfacet
  facet normal -0.9624552364536462 0 0.27144044986507776
    outer loop
      vertex -20.88320392229824 -9.5 37.47467110956259
      vertex -20.84697113532395 -4.079195543275541 37.60314288144496
      vertex -20.88320392229824 -4.062281912422175 37.47467110956259
    endloop
  endfacet
  facet normal -0.980785280403239 0 0.19509032201608564
    outer loop
      vertex -20.84697113532395 -9.5 37.60314288144496
      vertex -20.83911040284103 -4.08439826220274 37.642661452293396
      vertex -20.84697113532395 -4.079195543275541 37.60314288144496
    endloop
  endfacet
  facet normal -0.9807852804032249 -5.330340271971405e-16 0.19509032201615586
    outer loop
      vertex -20.84697113532395 -9.5 37.60314288144496
      vertex -20.820929820988265 -4.088388870860271 37.73406140943161
      vertex -20.83911040284103 -4.08439826220274 37.642661452293396
    endloop
  endfacet
  facet normal -0.9930684569549281 0 0.11753739745782303
    outer loop
      vertex -20.820929820988265 -9.5 37.73406140943161
      vertex -20.805240532653684 -4.094176484214935 37.866619537262665
      vertex -20.820929820988265 -4.088388870860271 37.73406140943161
    endloop
  endfacet
  facet normal -0.9992290362407226 0 0.03925981575907695
    outer loop
      vertex -20.805240532653684 -9.5 37.866619537262665
      vertex -20.8 -4.100000001490116 38
      vertex -20.805240532653684 -4.094176484214935 37.866619537262665
    endloop
  endfacet
  facet normal -0.9992290362407227 0 -0.03925981575907696
    outer loop
      vertex -20.8 -9.5 38
      vertex -20.805240532653684 -4.094176484214935 38.133380462737335
      vertex -20.8 -4.100000001490116 38
    endloop
  endfacet
  facet normal -0.9930684569549281 0 -0.11753739745782302
    outer loop
      vertex -20.805240532653684 -9.5 38.133380462737335
      vertex -20.820929820988265 -4.088388870860271 38.26593859056839
      vertex -20.805240532653684 -4.094176484214935 38.133380462737335
    endloop
  endfacet
  facet normal -0.9807852804032323 0 -0.19509032201611923
    outer loop
      vertex -20.820929820988265 -9.5 38.26593859056839
      vertex -20.839110402841026 -4.08439826220274 38.357338547706604
      vertex -20.820929820988265 -4.088388870860271 38.26593859056839
    endloop
  endfacet
  facet normal -0.980785280403222 0 -0.19509032201617044
    outer loop
      vertex -20.84697113532395 -9.5 38.39685711855504
      vertex -20.84697113532395 -4.079195543275541 38.39685711855504
      vertex -20.839110402841026 -4.08439826220274 38.357338547706604
    endloop
  endfacet
  facet normal -0.9624552364536463 0 -0.27144044986507776
    outer loop
      vertex -20.84697113532395 -9.5 38.39685711855504
      vertex -20.88320392229824 -4.062281912422175 38.52532889043741
      vertex -20.84697113532395 -4.079195543275541 38.39685711855504
    endloop
  endfacet
  facet normal -0.9381913359224845 0 -0.3461170570774921
    outer loop
      vertex -20.88320392229824 -9.5 38.52532889043741
      vertex -20.929404794730814 -4.045794681302636 38.65056183502065
      vertex -20.88320392229824 -4.062281912422175 38.52532889043741
    endloop
  endfacet
  facet normal -0.9081431738250944 0 -0.4186597375373999
    outer loop
      vertex -20.929404794730814 -9.5 38.65056183502065
      vertex -20.95770859742024 -4.037711784243584 38.7119575291872
      vertex -20.929404794730814 -4.045794681302636 38.65056183502065
    endloop
  endfacet
  facet normal -0.9081431738250854 2.6580546323383466e-16 -0.41865973753741936
    outer loop
      vertex -20.929404794730814 -9.5 38.65056183502065
      vertex -20.985288908879774 -4.024448608437186 38.77178384955723
      vertex -20.95770859742024 -4.037711784243584 38.7119575291872
    endloop
  endfacet
  facet normal -0.8724960070727971 0 -0.48862124149695524
    outer loop
      vertex -20.985288908879774 -9.5 38.77178384955723
      vertex -21.050511720598042 -3.9986292256414395 38.88824756001711
      vertex -20.985288908879774 -4.024448608437186 38.77178384955723
    endloop
  endfacet
  facet normal -0.8314696123025288 0 -0.5555702330196268
    outer loop
      vertex -21.050511720598042 -9.5 38.88824756001711
      vertex -21.12467110956259 -3.9740239185351114 38.9992349288972
      vertex -21.050511720598042 -3.9986292256414395 38.88824756001711
    endloop
  endfacet
  facet normal 0.7853169308807769 5.817932186809248e-16 -0.6190939493097933
    outer loop
      vertex -23.79269014152005 -9.5 39.104061682161316
      vertex -23.87532889043741 -3.974023918535112 38.9992349288972
      vertex -23.82651261161476 -3.9602958858013153 39.06115808337927
    endloop
  endfacet
  facet normal 0.7853169308807404 0 -0.6190939493098397
    outer loop
      vertex -23.79269014152005 -9.5 39.104061682161316
      vertex -23.82651261161476 -3.9602958858013153 39.06115808337927
      vertex -23.79269014152005 -3.946768433231408 39.104061682161316
    endloop
  endfacet
  facet normal 0.7343225094356877 0 -0.6788007455329393
    outer loop
      vertex -23.702081528017132 -9.5 39.20208152801713
      vertex -23.79269014152005 -3.946768433231408 39.104061682161316
      vertex -23.702081528017132 -3.9158628949230674 39.20208152801713
    endloop
  endfacet
  facet normal 0.6788007455329405 0 -0.7343225094356869
    outer loop
      vertex -23.604061682161312 -9.5 39.292690141520055
      vertex -23.702081528017132 -3.9158628949230674 39.20208152801713
      vertex -23.604061682161312 -3.8872941091712594 39.292690141520055
    endloop
  endfacet
  facet normal 0.6190939493098218 0 -0.7853169308807545
    outer loop
      vertex -23.499234928897206 -9.5 39.37532889043741
      vertex -23.604061682161312 -3.8872941091712594 39.292690141520055
      vertex -23.499234928897206 -3.8612382120402287 39.37532889043741
    endloop
  endfacet
  facet normal 0.5555702330195917 -1.2314153413353215e-16 -0.8314696123025522
    outer loop
      vertex -23.388247560017113 -9.5 39.449488279401955
      vertex -23.499234928897206 -3.8612382120402287 39.37532889043741
      vertex -23.458895869524692 -3.852739743888378 39.40228258818388
    endloop
  endfacet
  facet normal 0.5555702330195987 0 -0.8314696123025477
    outer loop
      vertex -23.388247560017113 -9.5 39.449488279401955
      vertex -23.458895869524692 -3.852739743888378 39.40228258818388
      vertex -23.388247560017113 -3.833186506159132 39.449488279401955
    endloop
  endfacet
  facet normal 0.4886212414969755 0 -0.8724960070727855
    outer loop
      vertex -23.27178384955723 -9.5 39.514711091120226
      vertex -23.388247560017113 -3.833186506159132 39.449488279401955
      vertex -23.27178384955723 -3.8061703326853507 39.514711091120226
    endloop
  endfacet
  facet normal 0.4186597375374095 0 -0.9081431738250898
    outer loop
      vertex -23.150561835020653 -9.5 39.570595205269186
      vertex -23.27178384955723 -3.8061703326853507 39.514711091120226
      vertex -23.150561835020653 -3.783022374440339 39.570595205269186
    endloop
  endfacet
  facet normal 0.34611705707752405 0 -0.9381913359224726
    outer loop
      vertex -23.02532889043741 -9.5 39.616796077701764
      vertex -23.150561835020653 -3.783022374440339 39.570595205269186
      vertex -23.02532889043741 -3.763885346284146 39.616796077701764
    endloop
  endfacet
  facet normal 0.27144044986507077 0 -0.9624552364536483
    outer loop
      vertex -22.89685711855504 -9.5 39.65302886467605
      vertex -23.02532889043741 -3.763885346284146 39.616796077701764
      vertex -22.89685711855504 -3.748877234359071 39.65302886467605
    endloop
  endfacet
  facet normal 0.19509032201608859 0 -0.9807852804032383
    outer loop
      vertex -22.765938590568393 -9.5 39.67907017901173
      vertex -22.89685711855504 -3.748877234359071 39.65302886467605
      vertex -22.765938590568393 -3.738090568665834 39.67907017901173
    endloop
  endfacet
  facet normal 0.11753739745784614 0 -0.9930684569549253
    outer loop
      vertex -22.633380462737335 -9.5 39.694759467346316
      vertex -22.765938590568393 -3.738090568665834 39.67907017901173
      vertex -22.633380462737335 -3.7315918525853595 39.694759467346316
    endloop
  endfacet
  facet normal 0.039259815759103533 0 -0.9992290362407216
    outer loop
      vertex -22.5 -9.5 39.7
      vertex -22.633380462737335 -3.7315918525853595 39.694759467346316
      vertex -22.5 -3.7294211528633276 39.7
    endloop
  endfacet
  facet normal -0.03925981575910353 0 -0.9992290362407216
    outer loop
      vertex -22.366619537262665 -9.5 39.694759467346316
      vertex -22.5 -3.7294211528633276 39.7
      vertex -22.366619537262665 -3.7315918525853595 39.694759467346316
    endloop
  endfacet
  facet normal -0.11753739745784618 0 -0.9930684569549254
    outer loop
      vertex -22.234061409431607 -9.5 39.67907017901173
      vertex -22.366619537262665 -3.7315918525853595 39.694759467346316
      vertex -22.234061409431607 -3.7380905686658346 39.67907017901173
    endloop
  endfacet
  facet normal -0.19509032201608859 0 -0.9807852804032383
    outer loop
      vertex -22.10314288144496 -9.5 39.65302886467605
      vertex -22.234061409431607 -3.7380905686658346 39.67907017901173
      vertex -22.10314288144496 -3.7488772343590715 39.65302886467605
    endloop
  endfacet
  facet normal -0.2714404498650708 0 -0.9624552364536482
    outer loop
      vertex -21.97467110956259 -9.5 39.616796077701764
      vertex -22.10314288144496 -3.7488772343590715 39.65302886467605
      vertex -21.97467110956259 -3.763885346284147 39.616796077701764
    endloop
  endfacet
  facet normal -0.3461170570775241 0 -0.9381913359224726
    outer loop
      vertex -21.849438164979347 -9.5 39.570595205269186
      vertex -21.97467110956259 -3.763885346284147 39.616796077701764
      vertex -21.849438164979347 -3.7830223744403395 39.570595205269186
    endloop
  endfacet
  facet normal -0.6788007455329403 0 -0.7343225094356867
    outer loop
      vertex -21.297918471982868 -9.5 39.20208152801713
      vertex -21.395938317838688 -3.887294109171259 39.292690141520055
      vertex -21.297918471982868 -3.915862894923067 39.20208152801713
    endloop
  endfacet
  facet normal -0.6190939493098219 0 -0.7853169308807546
    outer loop
      vertex -21.395938317838688 -9.5 39.292690141520055
      vertex -21.500765071102794 -3.8612382120402287 39.37532889043741
      vertex -21.395938317838688 -3.887294109171259 39.292690141520055
    endloop
  endfacet
  facet normal -0.41865973753740954 0 -0.9081431738250899
    outer loop
      vertex -21.72821615044277 -9.5 39.514711091120226
      vertex -21.849438164979347 -3.7830223744403395 39.570595205269186
      vertex -21.72821615044277 -3.8061703326853507 39.514711091120226
    endloop
  endfacet
  facet normal -0.4886212414969755 0 -0.8724960070727856
    outer loop
      vertex -21.611752439982887 -9.5 39.449488279401955
      vertex -21.72821615044277 -3.8061703326853507 39.514711091120226
      vertex -21.611752439982887 -3.8331865061591324 39.449488279401955
    endloop
  endfacet
  facet normal -0.5555702330195987 -7.154241673870231e-17 -0.8314696123025476
    outer loop
      vertex -21.500765071102794 -9.5 39.37532889043741
      vertex -21.611752439982887 -3.8331865061591324 39.449488279401955
      vertex -21.541104130475308 -3.852739743888378 39.40228258818388
    endloop
  endfacet
  facet normal -0.5555702330195919 0 -0.8314696123025522
    outer loop
      vertex -21.500765071102794 -9.5 39.37532889043741
      vertex -21.541104130475308 -3.852739743888378 39.40228258818388
      vertex -21.500765071102794 -3.8612382120402287 39.37532889043741
    endloop
  endfacet
  facet normal -0.7853169308807719 0 -0.6190939493097996
    outer loop
      vertex -21.20730985847995 -9.5 39.104061682161316
      vertex -21.20730985847995 -3.9467684332314077 39.104061682161316
      vertex -21.173487388385244 -3.9602958858013153 39.06115808337927
    endloop
  endfacet
  facet normal -0.7853169308807552 0 -0.6190939493098212
    outer loop
      vertex -21.12467110956259 -9.5 38.9992349288972
      vertex -21.173487388385244 -3.9602958858013153 39.06115808337927
      vertex -21.12467110956259 -3.9740239185351114 38.9992349288972
    endloop
  endfacet
  facet normal -0.7343225094356878 0 -0.6788007455329392
    outer loop
      vertex -21.20730985847995 -9.5 39.104061682161316
      vertex -21.297918471982868 -3.915862894923067 39.20208152801713
      vertex -21.20730985847995 -3.9467684332314077 39.104061682161316
    endloop
  endfacet
  facet normal 0 1 0
    outer loop
      vertex -25.4 -12.5 34.25136843870017
      vertex -23.499234928897206 -12.5 36.62467110956259
      vertex -23.388247560017113 -12.5 36.550511720598045
    endloop
  endfacet
  facet normal 0 1 0
    outer loop
      vertex -25.4 -12.5 34.25136843870017
      vertex -23.79269014152005 -12.5 36.895938317838684
      vertex -23.702081528017132 -12.5 36.79791847198287
    endloop
  endfacet
  facet normal 0 1 0
    outer loop
      vertex -25.4 -12.5 34.25136843870017
      vertex -23.702081528017132 -12.5 36.79791847198287
      vertex -23.604061682161312 -12.5 36.707309858479945
    endloop
  endfacet
  facet normal 0 1 0
    outer loop
      vertex -25.4 -12.5 34.25136843870017
      vertex -23.604061682161312 -12.5 36.707309858479945
      vertex -23.499234928897206 -12.5 36.62467110956259
    endloop
  endfacet
  facet normal 0 1 0
    outer loop
      vertex -25.4 -12.5 34.25136843870017
      vertex -23.388247560017113 -12.5 36.550511720598045
      vertex -23.27178384955723 -12.5 36.485288908879774
    endloop
  endfacet
  facet normal 0 1 0
    outer loop
      vertex -25.4 -12.5 34.25136843870017
      vertex -23.27178384955723 -12.5 36.485288908879774
      vertex -23.150561835020653 -12.5 36.429404794730814
    endloop
  endfacet
  facet normal 0 1 0
    outer loop
      vertex -25.4 -12.5 34.25136843870017
      vertex -23.150561835020653 -12.5 36.429404794730814
      vertex -23.02532889043741 -12.5 36.383203922298236
    endloop
  endfacet
  facet normal 0 1 0
    outer loop
      vertex -25.4 -12.5 34.25136843870017
      vertex -23.02532889043741 -12.5 36.383203922298236
      vertex -22.89685711855504 -12.5 36.34697113532395
    endloop
  endfacet
  facet normal 0 1 0
    outer loop
      vertex -25.4 -12.5 34.25136843870017
      vertex -22.633380462737335 -12.5 36.305240532653684
      vertex -22.5 -12.5 36.3
    endloop
  endfacet
  facet normal 0 1 0
    outer loop
      vertex -25.4 -12.5 34.25136843870017
      vertex -22.89685711855504 -12.5 36.34697113532395
      vertex -22.765938590568393 -12.5 36.32092982098827
    endloop
  endfacet
  facet normal 0 1 0
    outer loop
      vertex -25.4 -12.5 34.25136843870017
      vertex -22.765938590568393 -12.5 36.32092982098827
      vertex -22.633380462737335 -12.5 36.305240532653684
    endloop
  endfacet
  facet normal 0 1 0
    outer loop
      vertex -25.4 -12.5 34.25136843870017
      vertex -22.5 -12.5 36.3
      vertex -19.6 -12.5 34.25136843870017
    endloop
  endfacet
  facet normal 0 1 0
    outer loop
      vertex -22.5 -12.5 36.3
      vertex -22.366619537262665 -12.5 36.305240532653684
      vertex -19.6 -12.5 34.25136843870017
    endloop
  endfacet
  facet normal 0 1 0
    outer loop
      vertex -22.366619537262665 -12.5 36.305240532653684
      vertex -22.234061409431607 -12.5 36.32092982098827
      vertex -19.6 -12.5 34.25136843870017
    endloop
  endfacet
  facet normal 0 1 0
    outer loop
      vertex -22.234061409431607 -12.5 36.32092982098827
      vertex -22.10314288144496 -12.5 36.34697113532395
      vertex -19.6 -12.5 34.25136843870017
    endloop
  endfacet
  facet normal 0 1 0
    outer loop
      vertex -22.10314288144496 -12.5 36.34697113532395
      vertex -21.97467110956259 -12.5 36.383203922298236
      vertex -19.6 -12.5 34.25136843870017
    endloop
  endfacet
  facet normal 0 1 0
    outer loop
      vertex -21.97467110956259 -12.5 36.383203922298236
      vertex -21.849438164979347 -12.5 36.429404794730814
      vertex -19.6 -12.5 34.25136843870017
    endloop
  endfacet
  facet normal 0 1 0
    outer loop
      vertex -21.849438164979347 -12.5 36.429404794730814
      vertex -21.72821615044277 -12.5 36.485288908879774
      vertex -19.6 -12.5 34.25136843870017
    endloop
  endfacet
  facet normal 0 1 0
    outer loop
      vertex -21.72821615044277 -12.5 36.485288908879774
      vertex -21.611752439982887 -12.5 36.550511720598045
      vertex -19.6 -12.5 34.25136843870017
    endloop
  endfacet
  facet normal 0 1 0
    outer loop
      vertex -21.611752439982887 -12.5 36.550511720598045
      vertex -21.500765071102794 -12.5 36.62467110956259
      vertex -19.6 -12.5 34.25136843870017
    endloop
  endfacet
  facet normal 0 1 0
    outer loop
      vertex -21.500765071102794 -12.5 36.62467110956259
      vertex -21.395938317838688 -12.5 36.707309858479945
      vertex -19.6 -12.5 34.25136843870017
    endloop
  endfacet
  facet normal 0 1 0
    outer loop
      vertex -21.395938317838688 -12.5 36.707309858479945
      vertex -21.297918471982868 -12.5 36.79791847198287
      vertex -19.6 -12.5 34.25136843870017
    endloop
  endfacet
  facet normal 0 1 0
    outer loop
      vertex -21.297918471982868 -12.5 36.79791847198287
      vertex -21.20730985847995 -12.5 36.895938317838684
      vertex -19.6 -12.5 34.25136843870017
    endloop
  endfacet
  facet normal 0 0 1
    outer loop
      vertex -25.4 -12.5 34.25136843870017
      vertex -19.6 -9.5 34.25136843870017
      vertex -25.4 -9.5 34.25136843870017
    endloop
  endfacet
  facet normal 0 0 1
    outer loop
      vertex -25.4 -12.5 34.25136843870017
      vertex -19.6 -12.5 34.25136843870017
      vertex -19.6 -9.5 34.25136843870017
    endloop
  endfacet
  facet normal 0 -1 0
    outer loop
      vertex -25.4 -9.5 34.25136843870017
      vertex -23.388247560017113 -9.5 36.550511720598045
      vertex -23.499234928897206 -9.5 36.62467110956259
    endloop
  endfacet
  facet normal 0 -1 0
    outer loop
      vertex -25.4 -9.5 34.25136843870017
      vertex -23.702081528017132 -9.5 36.79791847198287
      vertex -23.79269014152005 -9.5 36.895938317838684
    endloop
  endfacet
  facet normal 0 -1 0
    outer loop
      vertex -25.4 -9.5 34.25136843870017
      vertex -23.604061682161312 -9.5 36.707309858479945
      vertex -23.702081528017132 -9.5 36.79791847198287
    endloop
  endfacet
  facet normal 0 -1 0
    outer loop
      vertex -25.4 -9.5 34.25136843870017
      vertex -23.499234928897206 -9.5 36.62467110956259
      vertex -23.604061682161312 -9.5 36.707309858479945
    endloop
  endfacet
  facet normal 0 -1 0
    outer loop
      vertex -25.4 -9.5 34.25136843870017
      vertex -23.27178384955723 -9.5 36.485288908879774
      vertex -23.388247560017113 -9.5 36.550511720598045
    endloop
  endfacet
  facet normal 0 -1 0
    outer loop
      vertex -25.4 -9.5 34.25136843870017
      vertex -23.150561835020653 -9.5 36.429404794730814
      vertex -23.27178384955723 -9.5 36.485288908879774
    endloop
  endfacet
  facet normal 0 -1 0
    outer loop
      vertex -25.4 -9.5 34.25136843870017
      vertex -23.02532889043741 -9.5 36.383203922298236
      vertex -23.150561835020653 -9.5 36.429404794730814
    endloop
  endfacet
  facet normal 0 -1 0
    outer loop
      vertex -25.4 -9.5 34.25136843870017
      vertex -22.89685711855504 -9.5 36.34697113532395
      vertex -23.02532889043741 -9.5 36.383203922298236
    endloop
  endfacet
  facet normal 0 -1 0
    outer loop
      vertex -25.4 -9.5 34.25136843870017
      vertex -19.6 -9.5 34.25136843870017
      vertex -22.89685711855504 -9.5 36.34697113532395
    endloop
  endfacet
  facet normal 0 -1 0
    outer loop
      vertex -22.633380462737335 -9.5 36.305240532653684
      vertex -19.6 -9.5 34.25136843870017
      vertex -22.5 -9.5 36.3
    endloop
  endfacet
  facet normal 0 -1 0
    outer loop
      vertex -22.5 -9.5 36.3
      vertex -19.6 -9.5 34.25136843870017
      vertex -22.366619537262665 -9.5 36.305240532653684
    endloop
  endfacet
  facet normal 0 -1 0
    outer loop
      vertex -22.89685711855504 -9.5 36.34697113532395
      vertex -19.6 -9.5 34.25136843870017
      vertex -22.765938590568393 -9.5 36.32092982098827
    endloop
  endfacet
  facet normal 0 -1 0
    outer loop
      vertex -22.765938590568393 -9.5 36.32092982098827
      vertex -19.6 -9.5 34.25136843870017
      vertex -22.633380462737335 -9.5 36.305240532653684
    endloop
  endfacet
  facet normal 0 -1 0
    outer loop
      vertex -22.366619537262665 -9.5 36.305240532653684
      vertex -19.6 -9.5 34.25136843870017
      vertex -22.234061409431607 -9.5 36.32092982098827
    endloop
  endfacet
  facet normal 0 -1 0
    outer loop
      vertex -22.234061409431607 -9.5 36.32092982098827
      vertex -19.6 -9.5 34.25136843870017
      vertex -22.10314288144496 -9.5 36.34697113532395
    endloop
  endfacet
  facet normal 0 -1 0
    outer loop
      vertex -22.10314288144496 -9.5 36.34697113532395
      vertex -19.6 -9.5 34.25136843870017
      vertex -21.97467110956259 -9.5 36.383203922298236
    endloop
  endfacet
  facet normal 0 -1 0
    outer loop
      vertex -21.97467110956259 -9.5 36.383203922298236
      vertex -19.6 -9.5 34.25136843870017
      vertex -21.849438164979347 -9.5 36.429404794730814
    endloop
  endfacet
  facet normal 0 -1 0
    outer loop
      vertex -21.849438164979347 -9.5 36.429404794730814
      vertex -19.6 -9.5 34.25136843870017
      vertex -21.72821615044277 -9.5 36.485288908879774
    endloop
  endfacet
  facet normal 0 -1 0
    outer loop
      vertex -21.72821615044277 -9.5 36.485288908879774
      vertex -19.6 -9.5 34.25136843870017
      vertex -21.611752439982887 -9.5 36.550511720598045
    endloop
  endfacet
  facet normal 0 -1 0
    outer loop
      vertex -21.611752439982887 -9.5 36.550511720598045
      vertex -19.6 -9.5 34.25136843870017
      vertex -21.500765071102794 -9.5 36.62467110956259
    endloop
  endfacet
  facet normal 0 -1 0
    outer loop
      vertex -21.500765071102794 -9.5 36.62467110956259
      vertex -19.6 -9.5 34.25136843870017
      vertex -21.395938317838688 -9.5 36.707309858479945
    endloop
  endfacet
  facet normal 0 -1 0
    outer loop
      vertex -21.395938317838688 -9.5 36.707309858479945
      vertex -19.6 -9.5 34.25136843870017
      vertex -21.297918471982868 -9.5 36.79791847198287
    endloop
  endfacet
  facet normal 0 -1 0
    outer loop
      vertex -21.297918471982868 -9.5 36.79791847198287
      vertex -19.6 -9.5 34.25136843870017
      vertex -21.20730985847995 -9.5 36.895938317838684
    endloop
  endfacet
  facet normal 0 1 0
    outer loop
      vertex -25.4 -12.5 34.25136843870017
      vertex -23.949488279401958 -12.5 37.11175243998289
      vertex -23.87532889043741 -12.5 37.0007650711028
    endloop
  endfacet
  facet normal 0 1 0
    outer loop
      vertex -25.4 -12.5 34.25136843870017
      vertex -24.014711091120226 -12.5 37.22821615044277
      vertex -23.949488279401958 -12.5 37.11175243998289
    endloop
  endfacet
  facet normal 0 1 0
    outer loop
      vertex -25.4 -12.5 34.25136843870017
      vertex -24.070595205269186 -12.5 37.34943816497935
      vertex -24.014711091120226 -12.5 37.22821615044277
    endloop
  endfacet
  facet normal 0 1 0
    outer loop
      vertex -25.4 -12.5 34.25136843870017
      vertex -24.11679607770176 -12.5 37.47467110956259
      vertex -24.070595205269186 -12.5 37.34943816497935
    endloop
  endfacet
  facet normal 0 1 0
    outer loop
      vertex -25.4 -12.5 34.25136843870017
      vertex -24.15302886467605 -12.5 37.60314288144496
      vertex -24.11679607770176 -12.5 37.47467110956259
    endloop
  endfacet
  facet normal 0 1 0
    outer loop
      vertex -25.4 -12.5 34.25136843870017
      vertex -24.179070179011735 -12.5 37.73406140943161
      vertex -24.15302886467605 -12.5 37.60314288144496
    endloop
  endfacet
  facet normal 0 1 0
    outer loop
      vertex -25.4 -12.5 34.25136843870017
      vertex -24.194759467346316 -12.5 37.866619537262665
      vertex -24.179070179011735 -12.5 37.73406140943161
    endloop
  endfacet
  facet normal 0 1 0
    outer loop
      vertex -25.4 -12.5 34.25136843870017
      vertex -24.2 -12.5 38
      vertex -24.194759467346316 -12.5 37.866619537262665
    endloop
  endfacet
  facet normal 0 1 0
    outer loop
      vertex -25.4 -12.5 34.25136843870017
      vertex -23.87532889043741 -12.5 37.0007650711028
      vertex -23.79269014152005 -12.5 36.895938317838684
    endloop
  endfacet
  facet normal 0 1 0
    outer loop
      vertex -25.4 -12.5 34.25136843870017
      vertex -24.194759467346316 -12.5 38.133380462737335
      vertex -24.2 -12.5 38
    endloop
  endfacet
  facet normal 0 1 0
    outer loop
      vertex -21.20730985847995 -12.5 36.895938317838684
      vertex -21.12467110956259 -12.5 37.0007650711028
      vertex -19.6 -12.5 34.25136843870017
    endloop
  endfacet
  facet normal 0 1 0
    outer loop
      vertex -21.12467110956259 -12.5 37.0007650711028
      vertex -21.050511720598042 -12.5 37.11175243998289
      vertex -19.6 -12.5 34.25136843870017
    endloop
  endfacet
  facet normal 0 1 0
    outer loop
      vertex -21.050511720598042 -12.5 37.11175243998289
      vertex -20.985288908879774 -12.5 37.22821615044277
      vertex -19.6 -12.5 34.25136843870017
    endloop
  endfacet
  facet normal 0 1 0
    outer loop
      vertex -20.985288908879774 -12.5 37.22821615044277
      vertex -20.929404794730814 -12.5 37.34943816497935
      vertex -19.6 -12.5 34.25136843870017
    endloop
  endfacet
  facet normal 0 1 0
    outer loop
      vertex -20.929404794730814 -12.5 37.34943816497935
      vertex -20.88320392229824 -12.5 37.47467110956259
      vertex -19.6 -12.5 34.25136843870017
    endloop
  endfacet
  facet normal 0 1 0
    outer loop
      vertex -20.88320392229824 -12.5 37.47467110956259
      vertex -20.84697113532395 -12.5 37.60314288144496
      vertex -19.6 -12.5 34.25136843870017
    endloop
  endfacet
  facet normal 0 1 0
    outer loop
      vertex -20.84697113532395 -12.5 37.60314288144496
      vertex -20.820929820988265 -12.5 37.73406140943161
      vertex -19.6 -12.5 34.25136843870017
    endloop
  endfacet
  facet normal 0 1 0
    outer loop
      vertex -20.820929820988265 -12.5 37.73406140943161
      vertex -20.805240532653684 -12.5 37.866619537262665
      vertex -19.6 -12.5 34.25136843870017
    endloop
  endfacet
  facet normal 0 1 0
    outer loop
      vertex -20.805240532653684 -12.5 37.866619537262665
      vertex -20.8 -12.5 38
      vertex -19.6 -12.5 34.25136843870017
    endloop
  endfacet
  facet normal 0 1 0
    outer loop
      vertex -25.4 -12.5 34.25136843870017
      vertex -25.4 -12.5 48
      vertex -24.194759467346316 -12.5 38.133380462737335
    endloop
  endfacet
  facet normal 0 1 0
    outer loop
      vertex -24.194759467346316 -12.5 38.133380462737335
      vertex -25.4 -12.5 48
      vertex -24.179070179011735 -12.5 38.26593859056839
    endloop
  endfacet
  facet normal 0 1 0
    outer loop
      vertex -24.179070179011735 -12.5 38.26593859056839
      vertex -25.4 -12.5 48
      vertex -24.15302886467605 -12.5 38.39685711855504
    endloop
  endfacet
  facet normal 0 1 0
    outer loop
      vertex -24.15302886467605 -12.5 38.39685711855504
      vertex -25.4 -12.5 48
      vertex -24.11679607770176 -12.5 38.52532889043741
    endloop
  endfacet
  facet normal 0 1 0
    outer loop
      vertex -24.11679607770176 -12.5 38.52532889043741
      vertex -25.4 -12.5 48
      vertex -24.070595205269186 -12.5 38.65056183502065
    endloop
  endfacet
  facet normal 0 1 0
    outer loop
      vertex -24.070595205269186 -12.5 38.65056183502065
      vertex -25.4 -12.5 48
      vertex -24.014711091120226 -12.5 38.77178384955723
    endloop
  endfacet
  facet normal 0 1 0
    outer loop
      vertex -24.014711091120226 -12.5 38.77178384955723
      vertex -25.4 -12.5 48
      vertex -23.949488279401958 -12.5 38.88824756001711
    endloop
  endfacet
  facet normal 0 1 0
    outer loop
      vertex -23.949488279401958 -12.5 38.88824756001711
      vertex -25.4 -12.5 48
      vertex -23.87532889043741 -12.5 38.9992349288972
    endloop
  endfacet
  facet normal 0 1 0
    outer loop
      vertex -20.8 -12.5 38
      vertex -19.6 -12.5 48
      vertex -19.6 -12.5 34.25136843870017
    endloop
  endfacet
  facet normal 0 1 0
    outer loop
      vertex -20.8 -12.5 38
      vertex -20.805240532653684 -12.5 38.133380462737335
      vertex -19.6 -12.5 48
    endloop
  endfacet
  facet normal 0 1 0
    outer loop
      vertex -20.820929820988265 -12.5 38.26593859056839
      vertex -19.6 -12.5 48
      vertex -20.805240532653684 -12.5 38.133380462737335
    endloop
  endfacet
  facet normal 0 1 0
    outer loop
      vertex -20.820929820988265 -12.5 38.26593859056839
      vertex -20.84697113532395 -12.5 38.39685711855504
      vertex -19.6 -12.5 48
    endloop
  endfacet
  facet normal 0 1 0
    outer loop
      vertex -20.929404794730814 -12.5 38.65056183502065
      vertex -19.6 -12.5 48
      vertex -20.88320392229824 -12.5 38.52532889043741
    endloop
  endfacet
  facet normal 0 1 0
    outer loop
      vertex -20.985288908879774 -12.5 38.77178384955723
      vertex -19.6 -12.5 48
      vertex -20.929404794730814 -12.5 38.65056183502065
    endloop
  endfacet
  facet normal 0 1 0
    outer loop
      vertex -20.84697113532395 -12.5 38.39685711855504
      vertex -20.88320392229824 -12.5 38.52532889043741
      vertex -19.6 -12.5 48
    endloop
  endfacet
  facet normal 0 1 0
    outer loop
      vertex -20.985288908879774 -12.5 38.77178384955723
      vertex -21.050511720598042 -12.5 38.88824756001711
      vertex -19.6 -12.5 48
    endloop
  endfacet
  facet normal 0 1 0
    outer loop
      vertex -21.050511720598042 -12.5 38.88824756001711
      vertex -21.12467110956259 -12.5 38.9992349288972
      vertex -19.6 -12.5 48
    endloop
  endfacet
  facet normal 0 1 0
    outer loop
      vertex -23.87532889043741 -12.5 38.9992349288972
      vertex -25.4 -12.5 48
      vertex -23.79269014152005 -12.5 39.104061682161316
    endloop
  endfacet
  facet normal 0 1 0
    outer loop
      vertex -23.79269014152005 -12.5 39.104061682161316
      vertex -25.4 -12.5 48
      vertex -23.702081528017132 -12.5 39.20208152801713
    endloop
  endfacet
  facet normal 0 1 0
    outer loop
      vertex -23.702081528017132 -12.5 39.20208152801713
      vertex -25.4 -12.5 48
      vertex -23.604061682161312 -12.5 39.292690141520055
    endloop
  endfacet
  facet normal 0 1 0
    outer loop
      vertex -23.604061682161312 -12.5 39.292690141520055
      vertex -25.4 -12.5 48
      vertex -23.499234928897206 -12.5 39.37532889043741
    endloop
  endfacet
  facet normal 0 1 0
    outer loop
      vertex -23.499234928897206 -12.5 39.37532889043741
      vertex -25.4 -12.5 48
      vertex -23.388247560017113 -12.5 39.449488279401955
    endloop
  endfacet
  facet normal 0 1 0
    outer loop
      vertex -23.388247560017113 -12.5 39.449488279401955
      vertex -25.4 -12.5 48
      vertex -23.27178384955723 -12.5 39.514711091120226
    endloop
  endfacet
  facet normal 0 1 0
    outer loop
      vertex -23.27178384955723 -12.5 39.514711091120226
      vertex -25.4 -12.5 48
      vertex -23.150561835020653 -12.5 39.570595205269186
    endloop
  endfacet
  facet normal 0 1 0
    outer loop
      vertex -23.150561835020653 -12.5 39.570595205269186
      vertex -25.4 -12.5 48
      vertex -23.02532889043741 -12.5 39.616796077701764
    endloop
  endfacet
  facet normal 0 1 0
    outer loop
      vertex -23.02532889043741 -12.5 39.616796077701764
      vertex -25.4 -12.5 48
      vertex -22.89685711855504 -12.5 39.65302886467605
    endloop
  endfacet
  facet normal 0 1 0
    outer loop
      vertex -22.89685711855504 -12.5 39.65302886467605
      vertex -25.4 -12.5 48
      vertex -22.765938590568393 -12.5 39.67907017901173
    endloop
  endfacet
  facet normal 0 1 0
    outer loop
      vertex -22.765938590568393 -12.5 39.67907017901173
      vertex -25.4 -12.5 48
      vertex -22.633380462737335 -12.5 39.694759467346316
    endloop
  endfacet
  facet normal 0 1 0
    outer loop
      vertex -22.633380462737335 -12.5 39.694759467346316
      vertex -25.4 -12.5 48
      vertex -22.5 -12.5 39.7
    endloop
  endfacet
  facet normal 0 1 0
    outer loop
      vertex -22.5 -12.5 39.7
      vertex -25.4 -12.5 48
      vertex -22.366619537262665 -12.5 39.694759467346316
    endloop
  endfacet
  facet normal 0 1 0
    outer loop
      vertex -22.366619537262665 -12.5 39.694759467346316
      vertex -25.4 -12.5 48
      vertex -22.234061409431607 -12.5 39.67907017901173
    endloop
  endfacet
  facet normal 0 1 0
    outer loop
      vertex -22.234061409431607 -12.5 39.67907017901173
      vertex -25.4 -12.5 48
      vertex -22.10314288144496 -12.5 39.65302886467605
    endloop
  endfacet
  facet normal 0 1 0
    outer loop
      vertex -22.10314288144496 -12.5 39.65302886467605
      vertex -25.4 -12.5 48
      vertex -21.97467110956259 -12.5 39.616796077701764
    endloop
  endfacet
  facet normal 0 1 0
    outer loop
      vertex -21.849438164979347 -12.5 39.570595205269186
      vertex -25.4 -12.5 48
      vertex -21.72821615044277 -12.5 39.514711091120226
    endloop
  endfacet
  facet normal 0 1 0
    outer loop
      vertex -21.611752439982887 -12.5 39.449488279401955
      vertex -21.72821615044277 -12.5 39.514711091120226
      vertex -25.4 -12.5 48
    endloop
  endfacet
  facet normal 0 1 0
    outer loop
      vertex -21.97467110956259 -12.5 39.616796077701764
      vertex -25.4 -12.5 48
      vertex -21.849438164979347 -12.5 39.570595205269186
    endloop
  endfacet
  facet normal 0 1 0
    outer loop
      vertex -21.20730985847995 -12.5 39.104061682161316
      vertex -19.6 -12.5 48
      vertex -21.12467110956259 -12.5 38.9992349288972
    endloop
  endfacet
  facet normal 0 1 0
    outer loop
      vertex -21.395938317838688 -12.5 39.292690141520055
      vertex -19.6 -12.5 48
      vertex -21.297918471982868 -12.5 39.20208152801713
    endloop
  endfacet
  facet normal 0 1 0
    outer loop
      vertex -21.20730985847995 -12.5 39.104061682161316
      vertex -21.297918471982868 -12.5 39.20208152801713
      vertex -19.6 -12.5 48
    endloop
  endfacet
  facet normal 0 1 0
    outer loop
      vertex -21.611752439982887 -12.5 39.449488279401955
      vertex -19.6 -12.5 48
      vertex -21.500765071102794 -12.5 39.37532889043741
    endloop
  endfacet
  facet normal 0 1 0
    outer loop
      vertex -21.500765071102794 -12.5 39.37532889043741
      vertex -19.6 -12.5 48
      vertex -21.395938317838688 -12.5 39.292690141520055
    endloop
  endfacet
  facet normal 0 1 0
    outer loop
      vertex -21.611752439982887 -12.5 39.449488279401955
      vertex -25.4 -12.5 48
      vertex -19.6 -12.5 48
    endloop
  endfacet
  facet normal 1 0 0
    outer loop
      vertex -25.4 -12.5 34.25136843870017
      vertex -25.4 -9.5 34.25136843870017
      vertex -25.4 -9.5 48
    endloop
  endfacet
  facet normal 0 -1 0
    outer loop
      vertex -25.4 -9.5 34.25136843870017
      vertex -23.87532889043741 -9.5 37.0007650711028
      vertex -23.949488279401958 -9.5 37.11175243998289
    endloop
  endfacet
  facet normal 0 -1 0
    outer loop
      vertex -25.4 -9.5 34.25136843870017
      vertex -23.949488279401958 -9.5 37.11175243998289
      vertex -24.014711091120226 -9.5 37.22821615044277
    endloop
  endfacet
  facet normal 0 -1 0
    outer loop
      vertex -25.4 -9.5 34.25136843870017
      vertex -24.014711091120226 -9.5 37.22821615044277
      vertex -24.070595205269186 -9.5 37.34943816497935
    endloop
  endfacet
  facet normal 0 -1 0
    outer loop
      vertex -25.4 -9.5 34.25136843870017
      vertex -24.070595205269186 -9.5 37.34943816497935
      vertex -24.11679607770176 -9.5 37.47467110956259
    endloop
  endfacet
  facet normal 0 -1 0
    outer loop
      vertex -25.4 -9.5 34.25136843870017
      vertex -24.11679607770176 -9.5 37.47467110956259
      vertex -24.15302886467605 -9.5 37.60314288144496
    endloop
  endfacet
  facet normal 0 -1 0
    outer loop
      vertex -25.4 -9.5 34.25136843870017
      vertex -24.15302886467605 -9.5 37.60314288144496
      vertex -24.179070179011735 -9.5 37.73406140943161
    endloop
  endfacet
  facet normal 0 -1 0
    outer loop
      vertex -25.4 -9.5 34.25136843870017
      vertex -24.179070179011735 -9.5 37.73406140943161
      vertex -24.194759467346316 -9.5 37.866619537262665
    endloop
  endfacet
  facet normal 0 -1 0
    outer loop
      vertex -25.4 -9.5 34.25136843870017
      vertex -24.194759467346316 -9.5 37.866619537262665
      vertex -24.2 -9.5 38
    endloop
  endfacet
  facet normal 0 -1 0
    outer loop
      vertex -25.4 -9.5 34.25136843870017
      vertex -23.79269014152005 -9.5 36.895938317838684
      vertex -23.87532889043741 -9.5 37.0007650711028
    endloop
  endfacet
  facet normal 0 -1 0
    outer loop
      vertex -25.4 -9.5 34.25136843870017
      vertex -24.2 -9.5 38
      vertex -24.194759467346316 -9.5 38.133380462737335
    endloop
  endfacet
  facet normal 0 -1 0
    outer loop
      vertex -25.4 -9.5 34.25136843870017
      vertex -24.194759467346316 -9.5 38.133380462737335
      vertex -24.179070179011735 -9.5 38.26593859056839
    endloop
  endfacet
  facet normal 0 -1 0
    outer loop
      vertex -25.4 -9.5 34.25136843870017
      vertex -24.179070179011735 -9.5 38.26593859056839
      vertex -24.15302886467605 -9.5 38.39685711855504
    endloop
  endfacet
  facet normal 0 -1 0
    outer loop
      vertex -25.4 -9.5 34.25136843870017
      vertex -24.15302886467605 -9.5 38.39685711855504
      vertex -24.11679607770176 -9.5 38.52532889043741
    endloop
  endfacet
  facet normal 0 -1 0
    outer loop
      vertex -21.20730985847995 -9.5 36.895938317838684
      vertex -19.6 -9.5 34.25136843870017
      vertex -21.12467110956259 -9.5 37.0007650711028
    endloop
  endfacet
  facet normal 0 -1 0
    outer loop
      vertex -21.12467110956259 -9.5 37.0007650711028
      vertex -19.6 -9.5 34.25136843870017
      vertex -21.050511720598042 -9.5 37.11175243998289
    endloop
  endfacet
  facet normal 0 -1 0
    outer loop
      vertex -21.050511720598042 -9.5 37.11175243998289
      vertex -19.6 -9.5 34.25136843870017
      vertex -20.985288908879774 -9.5 37.22821615044277
    endloop
  endfacet
  facet normal 0 -1 0
    outer loop
      vertex -20.985288908879774 -9.5 37.22821615044277
      vertex -19.6 -9.5 34.25136843870017
      vertex -20.929404794730814 -9.5 37.34943816497935
    endloop
  endfacet
  facet normal 0 -1 0
    outer loop
      vertex -20.929404794730814 -9.5 37.34943816497935
      vertex -19.6 -9.5 34.25136843870017
      vertex -20.88320392229824 -9.5 37.47467110956259
    endloop
  endfacet
  facet normal 0 -1 0
    outer loop
      vertex -20.88320392229824 -9.5 37.47467110956259
      vertex -19.6 -9.5 34.25136843870017
      vertex -20.84697113532395 -9.5 37.60314288144496
    endloop
  endfacet
  facet normal 0 -1 0
    outer loop
      vertex -20.84697113532395 -9.5 37.60314288144496
      vertex -19.6 -9.5 34.25136843870017
      vertex -20.820929820988265 -9.5 37.73406140943161
    endloop
  endfacet
  facet normal 0 -1 0
    outer loop
      vertex -20.820929820988265 -9.5 37.73406140943161
      vertex -19.6 -9.5 34.25136843870017
      vertex -20.805240532653684 -9.5 37.866619537262665
    endloop
  endfacet
  facet normal 0 -1 0
    outer loop
      vertex -20.805240532653684 -9.5 37.866619537262665
      vertex -19.6 -9.5 34.25136843870017
      vertex -20.8 -9.5 38
    endloop
  endfacet
  facet normal 0 -1 0
    outer loop
      vertex -20.8 -9.5 38
      vertex -19.6 -9.5 34.25136843870017
      vertex -20.805240532653684 -9.5 38.133380462737335
    endloop
  endfacet
  facet normal 0 -1 0
    outer loop
      vertex -25.4 -9.5 34.25136843870017
      vertex -24.11679607770176 -9.5 38.52532889043741
      vertex -25.4 -9.5 48
    endloop
  endfacet
  facet normal 0 -1 0
    outer loop
      vertex -24.11679607770176 -9.5 38.52532889043741
      vertex -24.070595205269186 -9.5 38.65056183502065
      vertex -21.26129298032373 -9.5 48
    endloop
  endfacet
  facet normal 0 -1 0
    outer loop
      vertex -24.070595205269186 -9.5 38.65056183502065
      vertex -24.014711091120226 -9.5 38.77178384955723
      vertex -21.26129298032373 -9.5 48
    endloop
  endfacet
  facet normal 0 -1 0
    outer loop
      vertex -24.014711091120226 -9.5 38.77178384955723
      vertex -23.949488279401958 -9.5 38.88824756001711
      vertex -21.26129298032373 -9.5 48
    endloop
  endfacet
  facet normal 0 -1 0
    outer loop
      vertex -23.949488279401958 -9.5 38.88824756001711
      vertex -23.87532889043741 -9.5 38.9992349288972
      vertex -21.26129298032373 -9.5 48
    endloop
  endfacet
  facet normal 0 -1 0
    outer loop
      vertex -20.805240532653684 -9.5 38.133380462737335
      vertex -19.6 -9.5 34.25136843870017
      vertex -21.26129298032373 -9.5 48
    endloop
  endfacet
  facet normal 0 -1 0
    outer loop
      vertex -20.820929820988265 -9.5 38.26593859056839
      vertex -20.805240532653684 -9.5 38.133380462737335
      vertex -21.26129298032373 -9.5 48
    endloop
  endfacet
  facet normal 0 -1 0
    outer loop
      vertex -20.820929820988265 -9.5 38.26593859056839
      vertex -21.26129298032373 -9.5 48
      vertex -20.84697113532395 -9.5 38.39685711855504
    endloop
  endfacet
  facet normal 0 -1 0
    outer loop
      vertex -20.84697113532395 -9.5 38.39685711855504
      vertex -21.26129298032373 -9.5 48
      vertex -20.88320392229824 -9.5 38.52532889043741
    endloop
  endfacet
  facet normal 0 -1 0
    outer loop
      vertex -20.929404794730814 -9.5 38.65056183502065
      vertex -20.88320392229824 -9.5 38.52532889043741
      vertex -21.26129298032373 -9.5 48
    endloop
  endfacet
  facet normal 0 -1 0
    outer loop
      vertex -20.985288908879774 -9.5 38.77178384955723
      vertex -20.929404794730814 -9.5 38.65056183502065
      vertex -21.26129298032373 -9.5 48
    endloop
  endfacet
  facet normal 0 -1 0
    outer loop
      vertex -20.985288908879774 -9.5 38.77178384955723
      vertex -21.26129298032373 -9.5 48
      vertex -21.050511720598042 -9.5 38.88824756001711
    endloop
  endfacet
  facet normal 0 -1 0
    outer loop
      vertex -21.050511720598042 -9.5 38.88824756001711
      vertex -21.26129298032373 -9.5 48
      vertex -21.12467110956259 -9.5 38.9992349288972
    endloop
  endfacet
  facet normal 1 0 0
    outer loop
      vertex -25.4 -12.5 34.25136843870017
      vertex -25.4 -9.5 48
      vertex -25.4 -12.5 48
    endloop
  endfacet
  facet normal 0 -1 0
    outer loop
      vertex -23.87532889043741 -9.5 38.9992349288972
      vertex -23.79269014152005 -9.5 39.104061682161316
      vertex -21.26129298032373 -9.5 48
    endloop
  endfacet
  facet normal 0 -1 0
    outer loop
      vertex -23.79269014152005 -9.5 39.104061682161316
      vertex -23.702081528017132 -9.5 39.20208152801713
      vertex -21.26129298032373 -9.5 48
    endloop
  endfacet
  facet normal 0 -1 0
    outer loop
      vertex -23.702081528017132 -9.5 39.20208152801713
      vertex -23.604061682161312 -9.5 39.292690141520055
      vertex -21.26129298032373 -9.5 48
    endloop
  endfacet
  facet normal 0 -1 0
    outer loop
      vertex -23.604061682161312 -9.5 39.292690141520055
      vertex -23.499234928897206 -9.5 39.37532889043741
      vertex -21.26129298032373 -9.5 48
    endloop
  endfacet
  facet normal 0 -1 0
    outer loop
      vertex -23.499234928897206 -9.5 39.37532889043741
      vertex -23.388247560017113 -9.5 39.449488279401955
      vertex -21.26129298032373 -9.5 48
    endloop
  endfacet
  facet normal 0 -1 0
    outer loop
      vertex -23.388247560017113 -9.5 39.449488279401955
      vertex -23.27178384955723 -9.5 39.514711091120226
      vertex -21.26129298032373 -9.5 48
    endloop
  endfacet
  facet normal 0 -1 0
    outer loop
      vertex -23.27178384955723 -9.5 39.514711091120226
      vertex -23.150561835020653 -9.5 39.570595205269186
      vertex -21.26129298032373 -9.5 48
    endloop
  endfacet
  facet normal 0 -1 0
    outer loop
      vertex -24.11679607770176 -9.5 38.52532889043741
      vertex -21.26129298032373 -9.5 48
      vertex -25.4 -9.5 48
    endloop
  endfacet
  facet normal 0 -1 0
    outer loop
      vertex -23.150561835020653 -9.5 39.570595205269186
      vertex -23.02532889043741 -9.5 39.616796077701764
      vertex -21.26129298032373 -9.5 48
    endloop
  endfacet
  facet normal 0 -1 0
    outer loop
      vertex -23.02532889043741 -9.5 39.616796077701764
      vertex -22.89685711855504 -9.5 39.65302886467605
      vertex -21.26129298032373 -9.5 48
    endloop
  endfacet
  facet normal 0 -1 0
    outer loop
      vertex -22.89685711855504 -9.5 39.65302886467605
      vertex -22.765938590568393 -9.5 39.67907017901173
      vertex -21.26129298032373 -9.5 48
    endloop
  endfacet
  facet normal 0 -1 0
    outer loop
      vertex -22.765938590568393 -9.5 39.67907017901173
      vertex -22.633380462737335 -9.5 39.694759467346316
      vertex -21.26129298032373 -9.5 48
    endloop
  endfacet
  facet normal 0 -1 0
    outer loop
      vertex -22.633380462737335 -9.5 39.694759467346316
      vertex -22.5 -9.5 39.7
      vertex -21.26129298032373 -9.5 48
    endloop
  endfacet
  facet normal 0 -1 0
    outer loop
      vertex -22.5 -9.5 39.7
      vertex -22.366619537262665 -9.5 39.694759467346316
      vertex -21.26129298032373 -9.5 48
    endloop
  endfacet
  facet normal 0 -1 0
    outer loop
      vertex -22.366619537262665 -9.5 39.694759467346316
      vertex -22.234061409431607 -9.5 39.67907017901173
      vertex -21.26129298032373 -9.5 48
    endloop
  endfacet
  facet normal 0 -1 0
    outer loop
      vertex -21.849438164979347 -9.5 39.570595205269186
      vertex -21.72821615044277 -9.5 39.514711091120226
      vertex -21.26129298032373 -9.5 48
    endloop
  endfacet
  facet normal 0 -1 0
    outer loop
      vertex -21.20730985847995 -9.5 39.104061682161316
      vertex -21.26129298032373 -9.5 48
      vertex -21.297918471982868 -9.5 39.20208152801713
    endloop
  endfacet
  facet normal 0 -1 0
    outer loop
      vertex -21.395938317838688 -9.5 39.292690141520055
      vertex -21.297918471982868 -9.5 39.20208152801713
      vertex -21.26129298032373 -9.5 48
    endloop
  endfacet
  facet normal 0 -1 0
    outer loop
      vertex -21.611752439982887 -9.5 39.449488279401955
      vertex -21.500765071102794 -9.5 39.37532889043741
      vertex -21.26129298032373 -9.5 48
    endloop
  endfacet
  facet normal 0 -1 0
    outer loop
      vertex -21.611752439982887 -9.5 39.449488279401955
      vertex -21.26129298032373 -9.5 48
      vertex -21.72821615044277 -9.5 39.514711091120226
    endloop
  endfacet
  facet normal 0 -1 0
    outer loop
      vertex -21.500765071102794 -9.5 39.37532889043741
      vertex -21.395938317838688 -9.5 39.292690141520055
      vertex -21.26129298032373 -9.5 48
    endloop
  endfacet
  facet normal 0 -1 0
    outer loop
      vertex -22.234061409431607 -9.5 39.67907017901173
      vertex -22.10314288144496 -9.5 39.65302886467605
      vertex -21.26129298032373 -9.5 48
    endloop
  endfacet
  facet normal 0 -1 0
    outer loop
      vertex -22.10314288144496 -9.5 39.65302886467605
      vertex -21.97467110956259 -9.5 39.616796077701764
      vertex -21.26129298032373 -9.5 48
    endloop
  endfacet
  facet normal 0 -1 0
    outer loop
      vertex -21.97467110956259 -9.5 39.616796077701764
      vertex -21.849438164979347 -9.5 39.570595205269186
      vertex -21.26129298032373 -9.5 48
    endloop
  endfacet
  facet normal 0 -1 0
    outer loop
      vertex -21.20730985847995 -9.5 39.104061682161316
      vertex -21.12467110956259 -9.5 38.9992349288972
      vertex -21.26129298032373 -9.5 48
    endloop
  endfacet
  facet normal 0 -1 0
    outer loop
      vertex -19.6 -9.5 34.25136843870017
      vertex -19.6 -9.5 48
      vertex -21.26129298032373 -9.5 48
    endloop
  endfacet
  facet normal -1 0 0
    outer loop
      vertex -19.6 -12.5 34.25136843870017
      vertex -19.6 -12.5 48
      vertex -19.6 -9.5 34.25136843870017
    endloop
  endfacet
  facet normal -1 0 0
    outer loop
      vertex -19.6 -9.5 34.25136843870017
      vertex -19.6 -12.5 48
      vertex -19.6 -9.5 48
    endloop
  endfacet
  facet normal 0.4186597375374227 0 0.9081431738250838
    outer loop
      vertex -0.6505618350206526 -12.5 13.429404794730813
      vertex -0.7717838495572295 -16 13.485288908879774
      vertex -0.6505618350206526 -16 13.429404794730813
    endloop
  endfacet
  facet normal 0.34611705707748974 0 0.9381913359224853
    outer loop
      vertex -0.5253288904374106 -12.5 13.38320392229824
      vertex -0.6505618350206526 -16 13.429404794730813
      vertex -0.5253288904374106 -16 13.38320392229824
    endloop
  endfacet
  facet normal 0.2714404498650816 0 0.9624552364536452
    outer loop
      vertex -0.39685711855503913 -12.5 13.34697113532395
      vertex -0.5253288904374106 -16 13.38320392229824
      vertex -0.39685711855503913 -16 13.34697113532395
    endloop
  endfacet
  facet normal 0.11753739745783405 0 0.9930684569549266
    outer loop
      vertex -0.1333804627373364 -12.5 13.305240532653682
      vertex -0.2659385905683925 -16 13.320929820988265
      vertex -0.1333804627373364 -16 13.305240532653682
    endloop
  endfacet
  facet normal 0.03925981575906337 0 0.9992290362407231
    outer loop
      vertex 0 -12.5 13.3
      vertex -0.1333804627373364 -16 13.305240532653682
      vertex 0 -16 13.3
    endloop
  endfacet
  facet normal 0.19509032201612833 0 0.9807852804032304
    outer loop
      vertex -0.2659385905683925 -12.5 13.320929820988265
      vertex -0.39685711855503913 -16 13.34697113532395
      vertex -0.2659385905683925 -16 13.320929820988265
    endloop
  endfacet
  facet normal 0.7853169308807451 0 0.6190939493098337
    outer loop
      vertex -1.2926901415200525 -12.5 13.895938317838688
      vertex -1.3753288904374106 -16 14.000765071102796
      vertex -1.2926901415200525 -16 13.895938317838688
    endloop
  endfacet
  facet normal 0.8314696123025445 0 0.5555702330196035
    outer loop
      vertex -1.3753288904374106 -12.5 14.000765071102796
      vertex -1.4494882794019566 -16 14.111752439982887
      vertex -1.3753288904374106 -16 14.000765071102796
    endloop
  endfacet
  facet normal 0.8724960070727981 0 0.4886212414969534
    outer loop
      vertex -1.4494882794019566 -12.5 14.111752439982887
      vertex -1.5147110911202253 -16 14.22821615044277
      vertex -1.4494882794019566 -16 14.111752439982887
    endloop
  endfacet
  facet normal 0.9381913359224846 0 0.3461170570774919
    outer loop
      vertex -1.5705952052691874 -12.5 14.349438164979347
      vertex -1.616796077701761 -16 14.474671109562589
      vertex -1.5705952052691874 -16 14.349438164979347
    endloop
  endfacet
  facet normal 0.962455236453648 0 0.27144044986507193
    outer loop
      vertex -1.616796077701761 -12.5 14.474671109562589
      vertex -1.65302886467605 -16 14.603142881444962
      vertex -1.616796077701761 -16 14.474671109562589
    endloop
  endfacet
  facet normal 0.90814317382508 0 0.418659737537431
    outer loop
      vertex -1.5147110911202253 -12.5 14.22821615044277
      vertex -1.5705952052691874 -16 14.349438164979347
      vertex -1.5147110911202253 -16 14.22821615044277
    endloop
  endfacet
  facet normal 0.9807852804032299 0 0.19509032201613113
    outer loop
      vertex -1.65302886467605 -12.5 14.603142881444962
      vertex -1.6790701790117342 -16 14.734061409431607
      vertex -1.65302886467605 -16 14.603142881444962
    endloop
  endfacet
  facet normal 0.9930684569549263 0 0.11753739745783787
    outer loop
      vertex -1.6790701790117342 -12.5 14.734061409431607
      vertex -1.6947594673463175 -16 14.866619537262663
      vertex -1.6790701790117342 -16 14.734061409431607
    endloop
  endfacet
  facet normal 0.9992290362407229 0 0.039259815759068124
    outer loop
      vertex -1.6947594673463175 -12.5 14.866619537262663
      vertex -1.7 -16 15
      vertex -1.6947594673463175 -16 14.866619537262663
    endloop
  endfacet
  facet normal 0.6190939493098322 0 0.7853169308807464
    outer loop
      vertex -0.9992349288972043 -12.5 13.62467110956259
      vertex -1.1040616821613123 -16 13.707309858479947
      vertex -0.9992349288972043 -16 13.62467110956259
    endloop
  endfacet
  facet normal 0.6788007455329454 0 0.7343225094356822
    outer loop
      vertex -1.1040616821613123 -12.5 13.707309858479947
      vertex -1.2020815280171309 -16 13.79791847198287
      vertex -1.1040616821613123 -16 13.707309858479947
    endloop
  endfacet
  facet normal 0.7343225094356848 0 0.6788007455329426
    outer loop
      vertex -1.2020815280171309 -12.5 13.79791847198287
      vertex -1.2926901415200525 -16 13.895938317838688
      vertex -1.2020815280171309 -16 13.79791847198287
    endloop
  endfacet
  facet normal 0.5555702330195996 0 0.8314696123025469
    outer loop
      vertex -0.8882475600171129 -12.5 13.550511720598044
      vertex -0.9992349288972043 -16 13.62467110956259
      vertex -0.8882475600171129 -16 13.550511720598044
    endloop
  endfacet
  facet normal 0.48862124149696223 0 0.8724960070727932
    outer loop
      vertex -0.7717838495572295 -12.5 13.485288908879774
      vertex -0.8882475600171129 -16 13.550511720598044
      vertex -0.7717838495572295 -16 13.485288908879774
    endloop
  endfacet
  facet normal 0.9992290362407229 0 -0.039259815759068124
    outer loop
      vertex -1.7 -12.5 15
      vertex -1.6947594673463175 -16 15.133380462737337
      vertex -1.7 -16 15
    endloop
  endfacet
  facet normal 0.9930684569549263 0 -0.11753739745783787
    outer loop
      vertex -1.6947594673463175 -12.5 15.133380462737337
      vertex -1.6790701790117342 -16 15.265938590568393
      vertex -1.6947594673463175 -16 15.133380462737337
    endloop
  endfacet
  facet normal 0.9807852804032299 0 -0.19509032201613113
    outer loop
      vertex -1.6790701790117342 -12.5 15.265938590568393
      vertex -1.65302886467605 -16 15.396857118555038
      vertex -1.6790701790117342 -16 15.265938590568393
    endloop
  endfacet
  facet normal 0.962455236453648 0 -0.27144044986507193
    outer loop
      vertex -1.65302886467605 -12.5 15.396857118555038
      vertex -1.616796077701761 -16 15.525328890437411
      vertex -1.65302886467605 -16 15.396857118555038
    endloop
  endfacet
  facet normal 0.9381913359224846 0 -0.3461170570774919
    outer loop
      vertex -1.616796077701761 -12.5 15.525328890437411
      vertex -1.5705952052691874 -16 15.650561835020653
      vertex -1.616796077701761 -16 15.525328890437411
    endloop
  endfacet
  facet normal 0.90814317382508 0 -0.418659737537431
    outer loop
      vertex -1.5705952052691874 -12.5 15.650561835020653
      vertex -1.5147110911202253 -16 15.77178384955723
      vertex -1.5705952052691874 -16 15.650561835020653
    endloop
  endfacet
  facet normal 0.8724960070727981 0 -0.4886212414969534
    outer loop
      vertex -1.5147110911202253 -12.5 15.77178384955723
      vertex -1.4494882794019566 -16 15.888247560017113
      vertex -1.5147110911202253 -16 15.77178384955723
    endloop
  endfacet
  facet normal 0.8314696123025445 0 -0.5555702330196035
    outer loop
      vertex -1.4494882794019566 -12.5 15.888247560017113
      vertex -1.3753288904374106 -16 15.999234928897204
      vertex -1.4494882794019566 -16 15.888247560017113
    endloop
  endfacet
  facet normal 0.7853169308807451 0 -0.6190939493098337
    outer loop
      vertex -1.3753288904374106 -12.5 15.999234928897204
      vertex -1.2926901415200525 -16 16.104061682161312
      vertex -1.3753288904374106 -16 15.999234928897204
    endloop
  endfacet
  facet normal 0.7343225094356909 0 -0.6788007455329359
    outer loop
      vertex -1.2926901415200525 -12.5 16.104061682161312
      vertex -1.2020815280171309 -16 16.202081528017132
      vertex -1.2926901415200525 -16 16.104061682161312
    endloop
  endfacet
  facet normal 0.6788007455329311 0 -0.7343225094356954
    outer loop
      vertex -1.2020815280171309 -12.5 16.202081528017132
      vertex -1.1040616821613123 -16 16.29269014152005
      vertex -1.2020815280171309 -16 16.202081528017132
    endloop
  endfacet
  facet normal 0.6190939493098322 0 -0.7853169308807464
    outer loop
      vertex -1.1040616821613123 -12.5 16.29269014152005
      vertex -0.9992349288972043 -16 16.37532889043741
      vertex -1.1040616821613123 -16 16.29269014152005
    endloop
  endfacet
  facet normal 0.555570233019618 0 -0.8314696123025347
    outer loop
      vertex -0.9992349288972043 -12.5 16.37532889043741
      vertex -0.8882475600171129 -16 16.449488279401958
      vertex -0.9992349288972043 -16 16.37532889043741
    endloop
  endfacet
  facet normal 0.4886212414969521 0 -0.8724960070727987
    outer loop
      vertex -0.8882475600171129 -12.5 16.449488279401958
      vertex -0.7717838495572295 -16 16.514711091120226
      vertex -0.8882475600171129 -16 16.449488279401958
    endloop
  endfacet
  facet normal 0.4186597375374117 0 -0.9081431738250889
    outer loop
      vertex -0.7717838495572295 -12.5 16.514711091120226
      vertex -0.6505618350206526 -16 16.570595205269186
      vertex -0.7717838495572295 -16 16.514711091120226
    endloop
  endfacet
  facet normal 0.34611705707750146 0 -0.9381913359224809
    outer loop
      vertex -0.6505618350206526 -12.5 16.570595205269186
      vertex -0.5253288904374106 -16 16.61679607770176
      vertex -0.6505618350206526 -16 16.570595205269186
    endloop
  endfacet
  facet normal 0.27144044986506927 0 -0.9624552364536486
    outer loop
      vertex -0.5253288904374106 -12.5 16.61679607770176
      vertex -0.39685711855503913 -16 16.65302886467605
      vertex -0.5253288904374106 -16 16.61679607770176
    endloop
  endfacet
  facet normal 0.19509032201614113 0 -0.9807852804032279
    outer loop
      vertex -0.39685711855503913 -12.5 16.65302886467605
      vertex -0.2659385905683925 -16 16.679070179011735
      vertex -0.39685711855503913 -16 16.65302886467605
    endloop
  endfacet
  facet normal 0.11753739745782094 0 -0.9930684569549282
    outer loop
      vertex -0.2659385905683925 -12.5 16.679070179011735
      vertex -0.1333804627373364 -16 16.694759467346316
      vertex -0.2659385905683925 -16 16.679070179011735
    endloop
  endfacet
  facet normal 0.03925981575907666 0 -0.9992290362407226
    outer loop
      vertex -0.1333804627373364 -12.5 16.694759467346316
      vertex 0 -16 16.7
      vertex -0.1333804627373364 -16 16.694759467346316
    endloop
  endfacet
  facet normal 0.4186597375374227 0 0.9081431738250838
    outer loop
      vertex -0.7717838495572295 -12.5 13.485288908879774
      vertex -0.7717838495572295 -16 13.485288908879774
      vertex -0.6505618350206526 -12.5 13.429404794730813
    endloop
  endfacet
  facet normal 0.2714404498650816 0 0.9624552364536452
    outer loop
      vertex -0.5253288904374106 -12.5 13.38320392229824
      vertex -0.5253288904374106 -16 13.38320392229824
      vertex -0.39685711855503913 -12.5 13.34697113532395
    endloop
  endfacet
  facet normal 0.34611705707748974 0 0.9381913359224853
    outer loop
      vertex -0.6505618350206526 -12.5 13.429404794730813
      vertex -0.6505618350206526 -16 13.429404794730813
      vertex -0.5253288904374106 -12.5 13.38320392229824
    endloop
  endfacet
  facet normal 0.19509032201612833 0 0.9807852804032304
    outer loop
      vertex -0.39685711855503913 -12.5 13.34697113532395
      vertex -0.39685711855503913 -16 13.34697113532395
      vertex -0.2659385905683925 -12.5 13.320929820988265
    endloop
  endfacet
  facet normal 0.03925981575906337 0 0.9992290362407231
    outer loop
      vertex -0.1333804627373364 -12.5 13.305240532653682
      vertex -0.1333804627373364 -16 13.305240532653682
      vertex 0 -12.5 13.3
    endloop
  endfacet
  facet normal 0.11753739745783405 0 0.9930684569549266
    outer loop
      vertex -0.2659385905683925 -12.5 13.320929820988265
      vertex -0.2659385905683925 -16 13.320929820988265
      vertex -0.1333804627373364 -12.5 13.305240532653682
    endloop
  endfacet
  facet normal 0.7343225094356848 0 0.6788007455329426
    outer loop
      vertex -1.2926901415200525 -12.5 13.895938317838688
      vertex -1.2926901415200525 -16 13.895938317838688
      vertex -1.2020815280171309 -12.5 13.79791847198287
    endloop
  endfacet
  facet normal 0.7853169308807451 0 0.6190939493098337
    outer loop
      vertex -1.3753288904374106 -12.5 14.000765071102796
      vertex -1.3753288904374106 -16 14.000765071102796
      vertex -1.2926901415200525 -12.5 13.895938317838688
    endloop
  endfacet
  facet normal 0.8314696123025445 0 0.5555702330196035
    outer loop
      vertex -1.3753288904374106 -12.5 14.000765071102796
      vertex -1.4494882794019566 -12.5 14.111752439982887
      vertex -1.4494882794019566 -16 14.111752439982887
    endloop
  endfacet
  facet normal 0.8724960070727981 0 0.4886212414969534
    outer loop
      vertex -1.4494882794019566 -12.5 14.111752439982887
      vertex -1.5147110911202253 -12.5 14.22821615044277
      vertex -1.5147110911202253 -16 14.22821615044277
    endloop
  endfacet
  facet normal 0.9381913359224846 0 0.3461170570774919
    outer loop
      vertex -1.616796077701761 -12.5 14.474671109562589
      vertex -1.616796077701761 -16 14.474671109562589
      vertex -1.5705952052691874 -12.5 14.349438164979347
    endloop
  endfacet
  facet normal 0.962455236453648 0 0.27144044986507193
    outer loop
      vertex -1.616796077701761 -12.5 14.474671109562589
      vertex -1.65302886467605 -12.5 14.603142881444962
      vertex -1.65302886467605 -16 14.603142881444962
    endloop
  endfacet
  facet normal 0.90814317382508 0 0.418659737537431
    outer loop
      vertex -1.5705952052691874 -12.5 14.349438164979347
      vertex -1.5705952052691874 -16 14.349438164979347
      vertex -1.5147110911202253 -12.5 14.22821615044277
    endloop
  endfacet
  facet normal 0.9807852804032299 0 0.19509032201613113
    outer loop
      vertex -1.65302886467605 -12.5 14.603142881444962
      vertex -1.6790701790117342 -12.5 14.734061409431607
      vertex -1.6790701790117342 -16 14.734061409431607
    endloop
  endfacet
  facet normal 0.9930684569549263 0 0.11753739745783787
    outer loop
      vertex -1.6790701790117342 -12.5 14.734061409431607
      vertex -1.6947594673463175 -12.5 14.866619537262663
      vertex -1.6947594673463175 -16 14.866619537262663
    endloop
  endfacet
  facet normal 0.9992290362407229 0 0.039259815759068124
    outer loop
      vertex -1.6947594673463175 -12.5 14.866619537262663
      vertex -1.7 -12.5 15
      vertex -1.7 -16 15
    endloop
  endfacet
  facet normal 0.6190939493098322 0 0.7853169308807464
    outer loop
      vertex -1.1040616821613123 -12.5 13.707309858479947
      vertex -1.1040616821613123 -16 13.707309858479947
      vertex -0.9992349288972043 -12.5 13.62467110956259
    endloop
  endfacet
  facet normal 0.5555702330195996 0 0.8314696123025469
    outer loop
      vertex -0.9992349288972043 -12.5 13.62467110956259
      vertex -0.9992349288972043 -16 13.62467110956259
      vertex -0.8882475600171129 -12.5 13.550511720598044
    endloop
  endfacet
  facet normal 0.6788007455329454 0 0.7343225094356822
    outer loop
      vertex -1.1040616821613123 -12.5 13.707309858479947
      vertex -1.2020815280171309 -12.5 13.79791847198287
      vertex -1.2020815280171309 -16 13.79791847198287
    endloop
  endfacet
  facet normal 0.48862124149696223 0 0.8724960070727932
    outer loop
      vertex -0.8882475600171129 -12.5 13.550511720598044
      vertex -0.8882475600171129 -16 13.550511720598044
      vertex -0.7717838495572295 -12.5 13.485288908879774
    endloop
  endfacet
  facet normal 0.9992290362407229 0 -0.039259815759068124
    outer loop
      vertex -1.7 -12.5 15
      vertex -1.6947594673463175 -12.5 15.133380462737337
      vertex -1.6947594673463175 -16 15.133380462737337
    endloop
  endfacet
  facet normal 0.9930684569549263 0 -0.11753739745783787
    outer loop
      vertex -1.6947594673463175 -12.5 15.133380462737337
      vertex -1.6790701790117342 -12.5 15.265938590568393
      vertex -1.6790701790117342 -16 15.265938590568393
    endloop
  endfacet
  facet normal 0.9807852804032299 0 -0.19509032201613113
    outer loop
      vertex -1.6790701790117342 -12.5 15.265938590568393
      vertex -1.65302886467605 -12.5 15.396857118555038
      vertex -1.65302886467605 -16 15.396857118555038
    endloop
  endfacet
  facet normal 0.962455236453648 0 -0.27144044986507193
    outer loop
      vertex -1.65302886467605 -12.5 15.396857118555038
      vertex -1.616796077701761 -12.5 15.525328890437411
      vertex -1.616796077701761 -16 15.525328890437411
    endloop
  endfacet
  facet normal 0.9381913359224846 0 -0.3461170570774919
    outer loop
      vertex -1.616796077701761 -12.5 15.525328890437411
      vertex -1.5705952052691874 -12.5 15.650561835020653
      vertex -1.5705952052691874 -16 15.650561835020653
    endloop
  endfacet
  facet normal 0.90814317382508 0 -0.418659737537431
    outer loop
      vertex -1.5705952052691874 -12.5 15.650561835020653
      vertex -1.5147110911202253 -12.5 15.77178384955723
      vertex -1.5147110911202253 -16 15.77178384955723
    endloop
  endfacet
  facet normal 0.8724960070727981 0 -0.4886212414969534
    outer loop
      vertex -1.5147110911202253 -12.5 15.77178384955723
      vertex -1.4494882794019566 -12.5 15.888247560017113
      vertex -1.4494882794019566 -16 15.888247560017113
    endloop
  endfacet
  facet normal 0.8314696123025445 0 -0.5555702330196035
    outer loop
      vertex -1.4494882794019566 -12.5 15.888247560017113
      vertex -1.3753288904374106 -12.5 15.999234928897204
      vertex -1.3753288904374106 -16 15.999234928897204
    endloop
  endfacet
  facet normal 0.7853169308807451 0 -0.6190939493098337
    outer loop
      vertex -1.3753288904374106 -12.5 15.999234928897204
      vertex -1.2926901415200525 -12.5 16.104061682161312
      vertex -1.2926901415200525 -16 16.104061682161312
    endloop
  endfacet
  facet normal 0.7343225094356909 0 -0.6788007455329359
    outer loop
      vertex -1.2926901415200525 -12.5 16.104061682161312
      vertex -1.2020815280171309 -12.5 16.202081528017132
      vertex -1.2020815280171309 -16 16.202081528017132
    endloop
  endfacet
  facet normal 0.6788007455329311 0 -0.7343225094356954
    outer loop
      vertex -1.2020815280171309 -12.5 16.202081528017132
      vertex -1.1040616821613123 -12.5 16.29269014152005
      vertex -1.1040616821613123 -16 16.29269014152005
    endloop
  endfacet
  facet normal 0.6190939493098322 0 -0.7853169308807464
    outer loop
      vertex -1.1040616821613123 -12.5 16.29269014152005
      vertex -0.9992349288972043 -12.5 16.37532889043741
      vertex -0.9992349288972043 -16 16.37532889043741
    endloop
  endfacet
  facet normal 0.555570233019618 0 -0.8314696123025347
    outer loop
      vertex -0.9992349288972043 -12.5 16.37532889043741
      vertex -0.8882475600171129 -12.5 16.449488279401958
      vertex -0.8882475600171129 -16 16.449488279401958
    endloop
  endfacet
  facet normal 0.4886212414969521 0 -0.8724960070727987
    outer loop
      vertex -0.8882475600171129 -12.5 16.449488279401958
      vertex -0.7717838495572295 -12.5 16.514711091120226
      vertex -0.7717838495572295 -16 16.514711091120226
    endloop
  endfacet
  facet normal 0.4186597375374117 0 -0.9081431738250889
    outer loop
      vertex -0.7717838495572295 -12.5 16.514711091120226
      vertex -0.6505618350206526 -12.5 16.570595205269186
      vertex -0.6505618350206526 -16 16.570595205269186
    endloop
  endfacet
  facet normal 0.34611705707750146 0 -0.9381913359224809
    outer loop
      vertex -0.6505618350206526 -12.5 16.570595205269186
      vertex -0.5253288904374106 -12.5 16.61679607770176
      vertex -0.5253288904374106 -16 16.61679607770176
    endloop
  endfacet
  facet normal 0.27144044986506927 0 -0.9624552364536486
    outer loop
      vertex -0.5253288904374106 -12.5 16.61679607770176
      vertex -0.39685711855503913 -12.5 16.65302886467605
      vertex -0.39685711855503913 -16 16.65302886467605
    endloop
  endfacet
  facet normal 0.19509032201614113 0 -0.9807852804032279
    outer loop
      vertex -0.39685711855503913 -12.5 16.65302886467605
      vertex -0.2659385905683925 -12.5 16.679070179011735
      vertex -0.2659385905683925 -16 16.679070179011735
    endloop
  endfacet
  facet normal 0.11753739745782094 0 -0.9930684569549282
    outer loop
      vertex -0.2659385905683925 -12.5 16.679070179011735
      vertex -0.1333804627373364 -12.5 16.694759467346316
      vertex -0.1333804627373364 -16 16.694759467346316
    endloop
  endfacet
  facet normal 0.03925981575907666 0 -0.9992290362407226
    outer loop
      vertex -0.1333804627373364 -12.5 16.694759467346316
      vertex 0 -12.5 16.7
      vertex 0 -16 16.7
    endloop
  endfacet
  facet normal 0.41865973753742264 0 0.9081431738250837
    outer loop
      vertex -0.7717838495572295 -9.5 13.485288908879774
      vertex -0.6505618350206526 -9.5 13.429404794730813
      vertex -0.6505618350206526 -4.047696075811035 13.429404794730813
    endloop
  endfacet
  facet normal 0.3461170570774898 0 0.9381913359224854
    outer loop
      vertex -0.6505618350206526 -9.5 13.429404794730813
      vertex -0.5253288904374106 -9.5 13.38320392229824
      vertex -0.5253288904374106 -4.063257905067751 13.38320392229824
    endloop
  endfacet
  facet normal 0.2714404498650816 0 0.9624552364536453
    outer loop
      vertex -0.5253288904374106 -9.5 13.38320392229824
      vertex -0.39685711855503913 -9.5 13.34697113532395
      vertex -0.39685711855503913 -4.078463541303698 13.34697113532395
    endloop
  endfacet
  facet normal 0.11753739745783406 0 0.9930684569549268
    outer loop
      vertex -0.2659385905683925 -9.5 13.320929820988265
      vertex -0.1333804627373364 -9.5 13.305240532653682
      vertex -0.1333804627373364 -4.094759467346317 13.305240532653682
    endloop
  endfacet
  facet normal 0.03925981575906338 0 0.9992290362407231
    outer loop
      vertex -0.1333804627373364 -9.5 13.305240532653682
      vertex 0 -9.5 13.3
      vertex 0 -4.1 13.3
    endloop
  endfacet
  facet normal 0.19509032201612836 0 0.9807852804032305
    outer loop
      vertex -0.39685711855503913 -9.5 13.34697113532395
      vertex -0.2659385905683925 -9.5 13.320929820988265
      vertex -0.2659385905683925 -4.0895512443190984 13.320929820988265
    endloop
  endfacet
  facet normal 0.7853169308807451 0 0.6190939493098337
    outer loop
      vertex -1.3753288904374106 -9.5 14.000765071102796
      vertex -1.2926901415200525 -9.5 13.895938317838688
      vertex -1.2926901415200525 -3.8898429364652323 13.895938317838688
    endloop
  endfacet
  facet normal 0.8314696123025445 0 0.5555702330196035
    outer loop
      vertex -1.3753288904374106 -9.5 14.000765071102796
      vertex -1.3753288904374106 -3.8593558924256306 14.000765071102796
      vertex -1.4494882794019566 -9.5 14.111752439982887
    endloop
  endfacet
  facet normal 0.872496007072798 0 0.4886212414969534
    outer loop
      vertex -1.4494882794019566 -9.5 14.111752439982887
      vertex -1.4494882794019566 -3.831997049426046 14.111752439982887
      vertex -1.5147110911202253 -9.5 14.22821615044277
    endloop
  endfacet
  facet normal 0.9381913359224846 0 0.3461170570774919
    outer loop
      vertex -1.616796077701761 -9.5 14.474671109562589
      vertex -1.5705952052691874 -9.5 14.349438164979347
      vertex -1.5705952052691874 -3.787171639120716 14.349438164979347
    endloop
  endfacet
  facet normal 0.962455236453648 0 0.271440449865072
    outer loop
      vertex -1.616796077701761 -9.5 14.474671109562589
      vertex -1.616796077701761 -3.7658727451972487 14.474671109562589
      vertex -1.65302886467605 -9.5 14.603142881444962
    endloop
  endfacet
  facet normal 0.9081431738250799 0 0.41865973753743096
    outer loop
      vertex -1.5705952052691874 -9.5 14.349438164979347
      vertex -1.5147110911202253 -9.5 14.22821615044277
      vertex -1.5147110911202253 -3.8079350838313095 14.22821615044277
    endloop
  endfacet
  facet normal 0.9807852804032299 0 0.19509032201613113
    outer loop
      vertex -1.65302886467605 -9.5 14.603142881444962
      vertex -1.65302886467605 -3.7491692016128018 14.603142881444962
      vertex -1.6790701790117342 -9.5 14.734061409431607
    endloop
  endfacet
  facet normal 0.9930684569549263 0 0.11753739745783787
    outer loop
      vertex -1.6790701790117342 -9.5 14.734061409431607
      vertex -1.6790701790117342 -3.7371639912680648 14.734061409431607
      vertex -1.6947594673463175 -9.5 14.866619537262663
    endloop
  endfacet
  facet normal 0.9992290362407229 0 0.039259815759068124
    outer loop
      vertex -1.6947594673463175 -9.5 14.866619537262663
      vertex -1.6947594673463175 -3.7299311302769507 14.866619537262663
      vertex -1.7 -9.5 15
    endloop
  endfacet
  facet normal 0.6190939493098322 0 0.7853169308807464
    outer loop
      vertex -1.1040616821613123 -9.5 13.707309858479947
      vertex -0.9992349288972043 -9.5 13.62467110956259
      vertex -0.9992349288972043 -3.974840725125459 13.62467110956259
    endloop
  endfacet
  facet normal 0.6788007455329454 0 0.7343225094356822
    outer loop
      vertex -1.1040616821613123 -9.5 13.707309858479947
      vertex -1.1040616821613123 -3.945276523086568 13.707309858479947
      vertex -1.2020815280171309 -9.5 13.79791847198287
    endloop
  endfacet
  facet normal 0.7343225094356848 0 0.6788007455329426
    outer loop
      vertex -1.2926901415200525 -9.5 13.895938317838688
      vertex -1.2020815280171309 -9.5 13.79791847198287
      vertex -1.2020815280171309 -3.9176320674827463 13.79791847198287
    endloop
  endfacet
  facet normal 0.5555702330195996 0 0.8314696123025469
    outer loop
      vertex -0.9992349288972043 -9.5 13.62467110956259
      vertex -0.8882475600171129 -9.5 13.550511720598044
      vertex -0.8882475600171129 -4.000417445559639 13.550511720598044
    endloop
  endfacet
  facet normal 0.48862124149696223 0 0.8724960070727932
    outer loop
      vertex -0.8882475600171129 -9.5 13.550511720598044
      vertex -0.7717838495572295 -9.5 13.485288908879774
      vertex -0.7717838495572295 -4.0235835179210335 13.485288908879774
    endloop
  endfacet
  facet normal 0.999229036240723 0 -0.03925981575906813
    outer loop
      vertex -1.7 -9.5 15
      vertex -1.7 -3.7275152116326407 15
      vertex -1.6947594673463175 -9.5 15.133380462737337
    endloop
  endfacet
  facet normal 0.9930684569549263 0 -0.11753739745783788
    outer loop
      vertex -1.6947594673463175 -9.5 15.133380462737337
      vertex -1.6947594673463175 -3.7299311302769507 15.133380462737337
      vertex -1.6790701790117342 -9.5 15.265938590568393
    endloop
  endfacet
  facet normal 0.9807852804032299 0 -0.19509032201613116
    outer loop
      vertex -1.6790701790117342 -9.5 15.265938590568393
      vertex -1.6790701790117342 -3.7371639912680648 15.265938590568393
      vertex -1.65302886467605 -9.5 15.396857118555038
    endloop
  endfacet
  facet normal 0.962455236453648 0 -0.27144044986507193
    outer loop
      vertex -1.65302886467605 -9.5 15.396857118555038
      vertex -1.65302886467605 -3.7491692016128018 15.396857118555038
      vertex -1.616796077701761 -9.5 15.525328890437411
    endloop
  endfacet
  facet normal 0.9381913359224846 0 -0.3461170570774919
    outer loop
      vertex -1.616796077701761 -9.5 15.525328890437411
      vertex -1.616796077701761 -3.7658727451972487 15.525328890437411
      vertex -1.5705952052691874 -9.5 15.650561835020653
    endloop
  endfacet
  facet normal 0.9081431738250799 -1.1197944792392615e-17 -0.41865973753743096
    outer loop
      vertex -1.5705952052691874 -9.5 15.650561835020653
      vertex -1.5690020726968679 -3.787906083296275 15.654017606715014
      vertex -1.5147110911202253 -9.5 15.77178384955723
    endloop
  endfacet
  facet normal 0.8724960070727981 0 -0.4886212414969534
    outer loop
      vertex -1.5147110911202253 -9.5 15.77178384955723
      vertex -1.5147110911202253 -3.8079350838313095 15.77178384955723
      vertex -1.4494882794019566 -9.5 15.888247560017113
    endloop
  endfacet
  facet normal 0.8314696123025443 0 -0.5555702330196034
    outer loop
      vertex -1.4494882794019566 -9.5 15.888247560017113
      vertex -1.4494882794019566 -3.831997049426046 15.888247560017113
      vertex -1.3753288904374106 -9.5 15.999234928897204
    endloop
  endfacet
  facet normal 0.7853169308807451 0 -0.6190939493098337
    outer loop
      vertex -1.3753288904374106 -9.5 15.999234928897204
      vertex -1.3753288904374106 -3.8593558924256306 15.999234928897204
      vertex -1.2926901415200525 -9.5 16.104061682161312
    endloop
  endfacet
  facet normal 0.734322509435691 -7.309266291118075e-17 -0.678800745532936
    outer loop
      vertex -1.2926901415200525 -9.5 16.104061682161312
      vertex -1.2669696769372842 -3.899331716810129 16.131885923988627
      vertex -1.2020815280171309 -9.5 16.202081528017132
    endloop
  endfacet
  facet normal 0.678800745532931 0 -0.7343225094356953
    outer loop
      vertex -1.2020815280171309 -9.5 16.202081528017132
      vertex -1.2020815280171309 -3.9176320674827463 16.202081528017132
      vertex -1.1040616821613123 -9.5 16.29269014152005
    endloop
  endfacet
  facet normal 0.6190939493098322 0 -0.7853169308807464
    outer loop
      vertex -1.1040616821613123 -9.5 16.29269014152005
      vertex -1.1040616821613123 -3.945276523086568 16.29269014152005
      vertex -0.9992349288972043 -9.5 16.37532889043741
    endloop
  endfacet
  facet normal 0.555570233019618 3.123263663088602e-17 -0.8314696123025347
    outer loop
      vertex -0.9992349288972043 -9.5 16.37532889043741
      vertex -0.957125991809212 -3.9867166736304736 16.403465182665094
      vertex -0.8882475600171129 -9.5 16.449488279401958
    endloop
  endfacet
  facet normal 0.488621241496952 0 -0.8724960070727987
    outer loop
      vertex -0.8882475600171129 -9.5 16.449488279401958
      vertex -0.8882475600171129 -4.000417445559639 16.449488279401958
      vertex -0.7717838495572295 -9.5 16.514711091120226
    endloop
  endfacet
  facet normal 0.41865973753741176 0 -0.9081431738250889
    outer loop
      vertex -0.7717838495572295 -9.5 16.514711091120226
      vertex -0.7717838495572295 -4.0235835179210335 16.514711091120226
      vertex -0.6505618350206526 -9.5 16.570595205269186
    endloop
  endfacet
  facet normal 0.27144044986506927 0 -0.9624552364536487
    outer loop
      vertex -0.5253288904374106 -9.5 16.61679607770176
      vertex -0.5253288904374106 -4.063257905067751 16.61679607770176
      vertex -0.39685711855503913 -9.5 16.65302886467605
    endloop
  endfacet
  facet normal 0.34611705707750146 6.691059079897624e-17 -0.9381913359224809
    outer loop
      vertex -0.6505618350206526 -9.5 16.570595205269186
      vertex -0.6413813066649465 -4.049522196440065 16.573982080989765
      vertex -0.5253288904374106 -9.5 16.61679607770176
    endloop
  endfacet
  facet normal 0.19509032201614113 0 -0.9807852804032279
    outer loop
      vertex -0.39685711855503913 -9.5 16.65302886467605
      vertex -0.39685711855503913 -4.078463541303698 16.65302886467605
      vertex -0.2659385905683925 -9.5 16.679070179011735
    endloop
  endfacet
  facet normal 0.11753739745782092 0 -0.9930684569549282
    outer loop
      vertex -0.2659385905683925 -9.5 16.679070179011735
      vertex -0.2659385905683925 -4.0895512443190984 16.679070179011735
      vertex -0.1333804627373364 -9.5 16.694759467346316
    endloop
  endfacet
  facet normal 0.03925981575907666 0 -0.9992290362407227
    outer loop
      vertex -0.1333804627373364 -9.5 16.694759467346316
      vertex -0.1333804627373364 -4.094759467346317 16.694759467346316
      vertex 0 -9.5 16.7
    endloop
  endfacet
  facet normal 0.4186597375374227 0 0.9081431738250838
    outer loop
      vertex -0.7717838495572295 -9.5 13.485288908879774
      vertex -0.6505618350206526 -4.047696075811035 13.429404794730813
      vertex -0.7717838495572295 -4.0235835179210335 13.485288908879774
    endloop
  endfacet
  facet normal 0.3461170570775364 0 0.9381913359224681
    outer loop
      vertex -0.6505618350206526 -9.5 13.429404794730813
      vertex -0.6413813066649465 -4.049522196440065 13.426017919010233
      vertex -0.6505618350206526 -4.047696075811035 13.429404794730813
    endloop
  endfacet
  facet normal 0.2714404498650816 0 0.9624552364536452
    outer loop
      vertex -0.5253288904374106 -9.5 13.38320392229824
      vertex -0.39685711855503913 -4.078463541303698 13.34697113532395
      vertex -0.5253288904374106 -4.063257905067751 13.38320392229824
    endloop
  endfacet
  facet normal 0.19509032201613752 -2.3248040770522765e-16 0.9807852804032285
    outer loop
      vertex -0.39685711855503913 -9.5 13.34697113532395
      vertex -0.2659385905683925 -4.0895512443190984 13.320929820988265
      vertex -0.32168229248416425 -4.087361068305825 13.332017932702838
    endloop
  endfacet
  facet normal 0.19509032201612148 0 0.9807852804032319
    outer loop
      vertex -0.39685711855503913 -9.5 13.34697113532395
      vertex -0.32168229248416425 -4.087361068305825 13.332017932702838
      vertex -0.39685711855503913 -4.078463541303698 13.34697113532395
    endloop
  endfacet
  facet normal 0.346117057077486 9.63059634913352e-17 0.9381913359224866
    outer loop
      vertex -0.6505618350206526 -9.5 13.429404794730813
      vertex -0.5253288904374106 -4.063257905067751 13.38320392229824
      vertex -0.6413813066649465 -4.049522196440065 13.426017919010233
    endloop
  endfacet
  facet normal 0.03925981575906337 0 0.9992290362407231
    outer loop
      vertex -0.1333804627373364 -9.5 13.305240532653682
      vertex 0 -4.1 13.3
      vertex -0.1333804627373364 -4.094759467346317 13.305240532653682
    endloop
  endfacet
  facet normal 0.11753739745783404 0 0.9930684569549266
    outer loop
      vertex -0.2659385905683925 -9.5 13.320929820988265
      vertex -0.1333804627373364 -4.094759467346317 13.305240532653682
      vertex -0.2659385905683925 -4.0895512443190984 13.320929820988265
    endloop
  endfacet
  facet normal 0.7343225094356853 -1.698887044482155e-17 0.6788007455329422
    outer loop
      vertex -1.2926901415200525 -9.5 13.895938317838688
      vertex -1.2020815280171309 -3.9176320674827463 13.79791847198287
      vertex -1.2669696769372842 -3.899331716810129 13.868114076011373
    endloop
  endfacet
  facet normal 0.7343225094356836 0 0.6788007455329439
    outer loop
      vertex -1.2926901415200525 -9.5 13.895938317838688
      vertex -1.2669696769372842 -3.899331716810129 13.868114076011373
      vertex -1.2926901415200525 -3.8898429364652323 13.895938317838688
    endloop
  endfacet
  facet normal 0.7853169308807451 0 0.6190939493098337
    outer loop
      vertex -1.3753288904374106 -9.5 14.000765071102796
      vertex -1.2926901415200525 -3.8898429364652323 13.895938317838688
      vertex -1.3753288904374106 -3.8593558924256306 14.000765071102796
    endloop
  endfacet
  facet normal 0.8314696123025443 0 0.5555702330196034
    outer loop
      vertex -1.4494882794019566 -9.5 14.111752439982887
      vertex -1.3753288904374106 -3.8593558924256306 14.000765071102796
      vertex -1.4494882794019566 -3.831997049426046 14.111752439982887
    endloop
  endfacet
  facet normal 0.8724960070727981 0 0.4886212414969534
    outer loop
      vertex -1.5147110911202253 -9.5 14.22821615044277
      vertex -1.4494882794019566 -3.831997049426046 14.111752439982887
      vertex -1.5147110911202253 -3.8079350838313095 14.22821615044277
    endloop
  endfacet
  facet normal 0.9081431738250729 0 0.4186597375374463
    outer loop
      vertex -1.5705952052691874 -9.5 14.349438164979347
      vertex -1.5690020726968679 -3.787906083296275 14.345982393284986
      vertex -1.5705952052691874 -3.787171639120716 14.349438164979347
    endloop
  endfacet
  facet normal 0.9381913359224846 0 0.3461170570774919
    outer loop
      vertex -1.616796077701761 -9.5 14.474671109562589
      vertex -1.5705952052691874 -3.787171639120716 14.349438164979347
      vertex -1.616796077701761 -3.7658727451972487 14.474671109562589
    endloop
  endfacet
  facet normal 0.962455236453648 0 0.27144044986507193
    outer loop
      vertex -1.65302886467605 -9.5 14.603142881444962
      vertex -1.616796077701761 -3.7658727451972487 14.474671109562589
      vertex -1.65302886467605 -3.7491692016128018 14.603142881444962
    endloop
  endfacet
  facet normal 0.9081431738250803 -1.1525355114133893e-17 0.41865973753743047
    outer loop
      vertex -1.5705952052691874 -9.5 14.349438164979347
      vertex -1.5147110911202253 -3.8079350838313095 14.22821615044277
      vertex -1.5690020726968679 -3.787906083296275 14.345982393284986
    endloop
  endfacet
  facet normal 0.9807852804032299 0 0.19509032201613116
    outer loop
      vertex -1.6790701790117342 -9.5 14.734061409431607
      vertex -1.65302886467605 -3.7491692016128018 14.603142881444962
      vertex -1.6790701790117342 -3.7371639912680648 14.734061409431607
    endloop
  endfacet
  facet normal 0.9930684569549263 0 0.11753739745783788
    outer loop
      vertex -1.6947594673463175 -9.5 14.866619537262663
      vertex -1.6790701790117342 -3.7371639912680648 14.734061409431607
      vertex -1.6947594673463175 -3.7299311302769507 14.866619537262663
    endloop
  endfacet
  facet normal 0.999229036240723 0 0.03925981575906813
    outer loop
      vertex -1.7 -9.5 15
      vertex -1.6947594673463175 -3.7299311302769507 14.866619537262663
      vertex -1.7 -3.7275152116326407 15
    endloop
  endfacet
  facet normal 0.5555702330196014 -5.3094778738519325e-17 0.8314696123025457
    outer loop
      vertex -0.9992349288972043 -9.5 13.62467110956259
      vertex -0.8882475600171129 -4.000417445559639 13.550511720598044
      vertex -0.957125991809212 -3.9867166736304736 13.596534817334906
    endloop
  endfacet
  facet normal 0.5555702330195966 0 0.831469612302549
    outer loop
      vertex -0.9992349288972043 -9.5 13.62467110956259
      vertex -0.957125991809212 -3.9867166736304736 13.596534817334906
      vertex -0.9992349288972043 -3.974840725125459 13.62467110956259
    endloop
  endfacet
  facet normal 0.6190939493098322 0 0.7853169308807464
    outer loop
      vertex -1.1040616821613123 -9.5 13.707309858479947
      vertex -0.9992349288972043 -3.974840725125459 13.62467110956259
      vertex -1.1040616821613123 -3.945276523086568 13.707309858479947
    endloop
  endfacet
  facet normal 0.6788007455329453 0 0.7343225094356822
    outer loop
      vertex -1.2020815280171309 -9.5 13.79791847198287
      vertex -1.1040616821613123 -3.945276523086568 13.707309858479947
      vertex -1.2020815280171309 -3.9176320674827463 13.79791847198287
    endloop
  endfacet
  facet normal 0.4886212414969622 0 0.8724960070727931
    outer loop
      vertex -0.8882475600171129 -9.5 13.550511720598044
      vertex -0.7717838495572295 -4.0235835179210335 13.485288908879774
      vertex -0.8882475600171129 -4.000417445559639 13.550511720598044
    endloop
  endfacet
  facet normal 0.9992290362407229 0 -0.039259815759068124
    outer loop
      vertex -1.6947594673463175 -9.5 15.133380462737337
      vertex -1.7 -3.7275152116326407 15
      vertex -1.6947594673463175 -3.7299311302769507 15.133380462737337
    endloop
  endfacet
  facet normal 0.9930684569549263 0 -0.11753739745783787
    outer loop
      vertex -1.6790701790117342 -9.5 15.265938590568393
      vertex -1.6947594673463175 -3.7299311302769507 15.133380462737337
      vertex -1.6790701790117342 -3.7371639912680648 15.265938590568393
    endloop
  endfacet
  facet normal 0.9807852804032299 0 -0.19509032201613113
    outer loop
      vertex -1.65302886467605 -9.5 15.396857118555038
      vertex -1.6790701790117342 -3.7371639912680648 15.265938590568393
      vertex -1.65302886467605 -3.7491692016128018 15.396857118555038
    endloop
  endfacet
  facet normal 0.962455236453648 0 -0.271440449865072
    outer loop
      vertex -1.616796077701761 -9.5 15.525328890437411
      vertex -1.65302886467605 -3.7491692016128018 15.396857118555038
      vertex -1.616796077701761 -3.7658727451972487 15.525328890437411
    endloop
  endfacet
  facet normal 0.9081431738250729 0 -0.4186597375374463
    outer loop
      vertex -1.5705952052691874 -9.5 15.650561835020653
      vertex -1.5705952052691874 -3.787171639120716 15.650561835020653
      vertex -1.5690020726968679 -3.787906083296275 15.654017606715014
    endloop
  endfacet
  facet normal 0.9381913359224846 0 -0.3461170570774919
    outer loop
      vertex -1.5705952052691874 -9.5 15.650561835020653
      vertex -1.616796077701761 -3.7658727451972487 15.525328890437411
      vertex -1.5705952052691874 -3.787171639120716 15.650561835020653
    endloop
  endfacet
  facet normal 0.9081431738250801 0 -0.4186597375374305
    outer loop
      vertex -1.5147110911202253 -9.5 15.77178384955723
      vertex -1.5690020726968679 -3.787906083296275 15.654017606715014
      vertex -1.5147110911202253 -3.8079350838313095 15.77178384955723
    endloop
  endfacet
  facet normal 0.7343225094356836 0 -0.6788007455329439
    outer loop
      vertex -1.2926901415200525 -9.5 16.104061682161312
      vertex -1.2926901415200525 -3.8898429364652323 16.104061682161312
      vertex -1.2669696769372842 -3.899331716810129 16.131885923988627
    endloop
  endfacet
  facet normal 0.872496007072798 0 -0.4886212414969534
    outer loop
      vertex -1.4494882794019566 -9.5 15.888247560017113
      vertex -1.5147110911202253 -3.8079350838313095 15.77178384955723
      vertex -1.4494882794019566 -3.831997049426046 15.888247560017113
    endloop
  endfacet
  facet normal 0.8314696123025445 0 -0.5555702330196035
    outer loop
      vertex -1.3753288904374106 -9.5 15.999234928897204
      vertex -1.4494882794019566 -3.831997049426046 15.888247560017113
      vertex -1.3753288904374106 -3.8593558924256306 15.999234928897204
    endloop
  endfacet
  facet normal 0.7853169308807451 0 -0.6190939493098337
    outer loop
      vertex -1.2926901415200525 -9.5 16.104061682161312
      vertex -1.3753288904374106 -3.8593558924256306 15.999234928897204
      vertex -1.2926901415200525 -3.8898429364652323 16.104061682161312
    endloop
  endfacet
  facet normal 0.7343225094356938 0 -0.6788007455329328
    outer loop
      vertex -1.2020815280171309 -9.5 16.202081528017132
      vertex -1.2669696769372842 -3.899331716810129 16.131885923988627
      vertex -1.2020815280171309 -3.9176320674827463 16.202081528017132
    endloop
  endfacet
  facet normal 0.6788007455329309 0 -0.7343225094356953
    outer loop
      vertex -1.1040616821613123 -9.5 16.29269014152005
      vertex -1.2020815280171309 -3.9176320674827463 16.202081528017132
      vertex -1.1040616821613123 -3.945276523086568 16.29269014152005
    endloop
  endfacet
  facet normal 0.5555702330196209 0 -0.8314696123025328
    outer loop
      vertex -0.9992349288972043 -9.5 16.37532889043741
      vertex -0.9992349288972043 -3.974840725125459 16.37532889043741
      vertex -0.957125991809212 -3.9867166736304736 16.403465182665094
    endloop
  endfacet
  facet normal 0.6190939493098322 0 -0.7853169308807464
    outer loop
      vertex -0.9992349288972043 -9.5 16.37532889043741
      vertex -1.1040616821613123 -3.945276523086568 16.29269014152005
      vertex -0.9992349288972043 -3.974840725125459 16.37532889043741
    endloop
  endfacet
  facet normal 0.5555702330196163 0 -0.8314696123025358
    outer loop
      vertex -0.8882475600171129 -9.5 16.449488279401958
      vertex -0.957125991809212 -3.9867166736304736 16.403465182665094
      vertex -0.8882475600171129 -4.000417445559639 16.449488279401958
    endloop
  endfacet
  facet normal 0.4886212414969521 0 -0.8724960070727987
    outer loop
      vertex -0.7717838495572295 -9.5 16.514711091120226
      vertex -0.8882475600171129 -4.000417445559639 16.449488279401958
      vertex -0.7717838495572295 -4.0235835179210335 16.514711091120226
    endloop
  endfacet
  facet normal 0.3461170570775364 0 -0.9381913359224681
    outer loop
      vertex -0.6505618350206526 -9.5 16.570595205269186
      vertex -0.6505618350206526 -4.047696075811035 16.570595205269186
      vertex -0.6413813066649465 -4.049522196440065 16.573982080989765
    endloop
  endfacet
  facet normal 0.4186597375374117 0 -0.9081431738250889
    outer loop
      vertex -0.6505618350206526 -9.5 16.570595205269186
      vertex -0.7717838495572295 -4.0235835179210335 16.514711091120226
      vertex -0.6505618350206526 -4.047696075811035 16.570595205269186
    endloop
  endfacet
  facet normal 0.27144044986506927 0 -0.9624552364536488
    outer loop
      vertex -0.39685711855503913 -9.5 16.65302886467605
      vertex -0.5253288904374106 -4.063257905067751 16.61679607770176
      vertex -0.39685711855503913 -4.078463541303698 16.65302886467605
    endloop
  endfacet
  facet normal 0.1950903220161214 -4.945318088542679e-16 -0.9807852804032318
    outer loop
      vertex -0.2659385905683925 -9.5 16.679070179011735
      vertex -0.39685711855503913 -4.078463541303698 16.65302886467605
      vertex -0.32168229248416425 -4.087361068305825 16.66798206729716
    endloop
  endfacet
  facet normal 0.34611705707749874 0 -0.9381913359224819
    outer loop
      vertex -0.5253288904374106 -9.5 16.61679607770176
      vertex -0.6413813066649465 -4.049522196440065 16.573982080989765
      vertex -0.5253288904374106 -4.063257905067751 16.61679607770176
    endloop
  endfacet
  facet normal 0.1950903220161677 0 -0.9807852804032227
    outer loop
      vertex -0.2659385905683925 -9.5 16.679070179011735
      vertex -0.32168229248416425 -4.087361068305825 16.66798206729716
      vertex -0.2659385905683925 -4.0895512443190984 16.679070179011735
    endloop
  endfacet
  facet normal 0.11753739745782095 0 -0.9930684569549284
    outer loop
      vertex -0.1333804627373364 -9.5 16.694759467346316
      vertex -0.2659385905683925 -4.0895512443190984 16.679070179011735
      vertex -0.1333804627373364 -4.094759467346317 16.694759467346316
    endloop
  endfacet
  facet normal 0.03925981575907666 0 -0.9992290362407226
    outer loop
      vertex -0.1333804627373364 -4.094759467346317 16.694759467346316
      vertex 0 -4.1 16.7
      vertex 0 -9.5 16.7
    endloop
  endfacet
  facet normal -0.03925981575906337 0 0.9992290362407231
    outer loop
      vertex 0.1333804627373364 -12.5 13.305240532653682
      vertex 0 -16 13.3
      vertex 0.1333804627373364 -16 13.305240532653682
    endloop
  endfacet
  facet normal -0.11753739745783405 0 0.9930684569549266
    outer loop
      vertex 0.2659385905683925 -12.5 13.320929820988265
      vertex 0.1333804627373364 -16 13.305240532653682
      vertex 0.2659385905683925 -16 13.320929820988265
    endloop
  endfacet
  facet normal -0.19509032201612833 0 0.9807852804032304
    outer loop
      vertex 0.39685711855503913 -12.5 13.34697113532395
      vertex 0.2659385905683925 -16 13.320929820988265
      vertex 0.39685711855503913 -16 13.34697113532395
    endloop
  endfacet
  facet normal -0.2714404498650816 0 0.9624552364536452
    outer loop
      vertex 0.5253288904374106 -12.5 13.38320392229824
      vertex 0.39685711855503913 -16 13.34697113532395
      vertex 0.5253288904374106 -16 13.38320392229824
    endloop
  endfacet
  facet normal -0.34611705707748974 0 0.9381913359224853
    outer loop
      vertex 0.6505618350206526 -12.5 13.429404794730813
      vertex 0.5253288904374106 -16 13.38320392229824
      vertex 0.6505618350206526 -16 13.429404794730813
    endloop
  endfacet
  facet normal -0.4186597375374227 0 0.9081431738250838
    outer loop
      vertex 0.7717838495572295 -12.5 13.485288908879774
      vertex 0.6505618350206526 -16 13.429404794730813
      vertex 0.7717838495572295 -16 13.485288908879774
    endloop
  endfacet
  facet normal -0.48862124149696223 0 0.8724960070727932
    outer loop
      vertex 0.8882475600171129 -12.5 13.550511720598044
      vertex 0.7717838495572295 -16 13.485288908879774
      vertex 0.8882475600171129 -16 13.550511720598044
    endloop
  endfacet
  facet normal -0.5555702330195996 0 0.8314696123025469
    outer loop
      vertex 0.9992349288972043 -12.5 13.62467110956259
      vertex 0.8882475600171129 -16 13.550511720598044
      vertex 0.9992349288972043 -16 13.62467110956259
    endloop
  endfacet
  facet normal -0.6190939493098322 0 0.7853169308807464
    outer loop
      vertex 1.1040616821613123 -12.5 13.707309858479947
      vertex 0.9992349288972043 -16 13.62467110956259
      vertex 1.1040616821613123 -16 13.707309858479947
    endloop
  endfacet
  facet normal -0.6788007455329454 0 0.7343225094356822
    outer loop
      vertex 1.2020815280171309 -12.5 13.79791847198287
      vertex 1.1040616821613123 -16 13.707309858479947
      vertex 1.2020815280171309 -16 13.79791847198287
    endloop
  endfacet
  facet normal -0.7343225094356848 0 0.6788007455329426
    outer loop
      vertex 1.2926901415200525 -12.5 13.895938317838688
      vertex 1.2020815280171309 -16 13.79791847198287
      vertex 1.2926901415200525 -16 13.895938317838688
    endloop
  endfacet
  facet normal -0.7853169308807451 0 0.6190939493098337
    outer loop
      vertex 1.3753288904374106 -12.5 14.000765071102796
      vertex 1.2926901415200525 -16 13.895938317838688
      vertex 1.3753288904374106 -16 14.000765071102796
    endloop
  endfacet
  facet normal -0.8314696123025445 0 0.5555702330196035
    outer loop
      vertex 1.4494882794019566 -12.5 14.111752439982887
      vertex 1.3753288904374106 -16 14.000765071102796
      vertex 1.4494882794019566 -16 14.111752439982887
    endloop
  endfacet
  facet normal -0.8724960070727981 0 0.4886212414969534
    outer loop
      vertex 1.5147110911202253 -12.5 14.22821615044277
      vertex 1.4494882794019566 -16 14.111752439982887
      vertex 1.5147110911202253 -16 14.22821615044277
    endloop
  endfacet
  facet normal -0.90814317382508 0 0.418659737537431
    outer loop
      vertex 1.5705952052691874 -12.5 14.349438164979347
      vertex 1.5147110911202253 -16 14.22821615044277
      vertex 1.5705952052691874 -16 14.349438164979347
    endloop
  endfacet
  facet normal -0.9381913359224846 0 0.3461170570774919
    outer loop
      vertex 1.616796077701761 -12.5 14.474671109562589
      vertex 1.5705952052691874 -16 14.349438164979347
      vertex 1.616796077701761 -16 14.474671109562589
    endloop
  endfacet
  facet normal -0.962455236453648 0 0.27144044986507193
    outer loop
      vertex 1.65302886467605 -12.5 14.603142881444962
      vertex 1.616796077701761 -16 14.474671109562589
      vertex 1.65302886467605 -16 14.603142881444962
    endloop
  endfacet
  facet normal -0.9807852804032299 0 0.19509032201613113
    outer loop
      vertex 1.6790701790117342 -12.5 14.734061409431607
      vertex 1.65302886467605 -16 14.603142881444962
      vertex 1.6790701790117342 -16 14.734061409431607
    endloop
  endfacet
  facet normal -0.9930684569549263 0 0.11753739745783787
    outer loop
      vertex 1.6947594673463175 -12.5 14.866619537262663
      vertex 1.6790701790117342 -16 14.734061409431607
      vertex 1.6947594673463175 -16 14.866619537262663
    endloop
  endfacet
  facet normal -0.9992290362407229 0 0.039259815759068124
    outer loop
      vertex 1.7 -12.5 15
      vertex 1.6947594673463175 -16 14.866619537262663
      vertex 1.7 -16 15
    endloop
  endfacet
  facet normal -0.4886212414969521 0 -0.8724960070727987
    outer loop
      vertex 0.7717838495572295 -12.5 16.514711091120226
      vertex 0.8882475600171129 -16 16.449488279401958
      vertex 0.7717838495572295 -16 16.514711091120226
    endloop
  endfacet
  facet normal -0.555570233019618 0 -0.8314696123025347
    outer loop
      vertex 0.8882475600171129 -12.5 16.449488279401958
      vertex 0.9992349288972043 -16 16.37532889043741
      vertex 0.8882475600171129 -16 16.449488279401958
    endloop
  endfacet
  facet normal -0.7343225094356909 0 -0.6788007455329359
    outer loop
      vertex 1.2020815280171309 -12.5 16.202081528017132
      vertex 1.2926901415200525 -16 16.104061682161312
      vertex 1.2020815280171309 -16 16.202081528017132
    endloop
  endfacet
  facet normal -0.6788007455329311 0 -0.7343225094356954
    outer loop
      vertex 1.1040616821613123 -12.5 16.29269014152005
      vertex 1.2020815280171309 -16 16.202081528017132
      vertex 1.1040616821613123 -16 16.29269014152005
    endloop
  endfacet
  facet normal -0.6190939493098322 0 -0.7853169308807464
    outer loop
      vertex 0.9992349288972043 -12.5 16.37532889043741
      vertex 1.1040616821613123 -16 16.29269014152005
      vertex 0.9992349288972043 -16 16.37532889043741
    endloop
  endfacet
  facet normal -0.9992290362407229 0 -0.039259815759068124
    outer loop
      vertex 1.6947594673463175 -12.5 15.133380462737337
      vertex 1.7 -16 15
      vertex 1.6947594673463175 -16 15.133380462737337
    endloop
  endfacet
  facet normal -0.9930684569549263 0 -0.11753739745783787
    outer loop
      vertex 1.6790701790117342 -12.5 15.265938590568393
      vertex 1.6947594673463175 -16 15.133380462737337
      vertex 1.6790701790117342 -16 15.265938590568393
    endloop
  endfacet
  facet normal -0.9807852804032299 0 -0.19509032201613113
    outer loop
      vertex 1.65302886467605 -12.5 15.396857118555038
      vertex 1.6790701790117342 -16 15.265938590568393
      vertex 1.65302886467605 -16 15.396857118555038
    endloop
  endfacet
  facet normal -0.90814317382508 0 -0.418659737537431
    outer loop
      vertex 1.5147110911202253 -12.5 15.77178384955723
      vertex 1.5705952052691874 -16 15.650561835020653
      vertex 1.5147110911202253 -16 15.77178384955723
    endloop
  endfacet
  facet normal -0.962455236453648 0 -0.27144044986507193
    outer loop
      vertex 1.616796077701761 -12.5 15.525328890437411
      vertex 1.65302886467605 -16 15.396857118555038
      vertex 1.616796077701761 -16 15.525328890437411
    endloop
  endfacet
  facet normal -0.9381913359224846 0 -0.3461170570774919
    outer loop
      vertex 1.5705952052691874 -12.5 15.650561835020653
      vertex 1.616796077701761 -16 15.525328890437411
      vertex 1.5705952052691874 -16 15.650561835020653
    endloop
  endfacet
  facet normal -0.8724960070727981 0 -0.4886212414969534
    outer loop
      vertex 1.4494882794019566 -12.5 15.888247560017113
      vertex 1.5147110911202253 -16 15.77178384955723
      vertex 1.4494882794019566 -16 15.888247560017113
    endloop
  endfacet
  facet normal -0.8314696123025445 0 -0.5555702330196035
    outer loop
      vertex 1.3753288904374106 -12.5 15.999234928897204
      vertex 1.4494882794019566 -16 15.888247560017113
      vertex 1.3753288904374106 -16 15.999234928897204
    endloop
  endfacet
  facet normal -0.7853169308807451 0 -0.6190939493098337
    outer loop
      vertex 1.2926901415200525 -12.5 16.104061682161312
      vertex 1.3753288904374106 -16 15.999234928897204
      vertex 1.2926901415200525 -16 16.104061682161312
    endloop
  endfacet
  facet normal -0.19509032201614113 0 -0.9807852804032279
    outer loop
      vertex 0.2659385905683925 -12.5 16.679070179011735
      vertex 0.39685711855503913 -16 16.65302886467605
      vertex 0.2659385905683925 -16 16.679070179011735
    endloop
  endfacet
  facet normal -0.03925981575907666 0 -0.9992290362407226
    outer loop
      vertex 0 -12.5 16.7
      vertex 0.1333804627373364 -16 16.694759467346316
      vertex 0 -16 16.7
    endloop
  endfacet
  facet normal -0.11753739745782094 0 -0.9930684569549282
    outer loop
      vertex 0.1333804627373364 -12.5 16.694759467346316
      vertex 0.2659385905683925 -16 16.679070179011735
      vertex 0.1333804627373364 -16 16.694759467346316
    endloop
  endfacet
  facet normal -0.27144044986506927 0 -0.9624552364536486
    outer loop
      vertex 0.39685711855503913 -12.5 16.65302886467605
      vertex 0.5253288904374106 -16 16.61679607770176
      vertex 0.39685711855503913 -16 16.65302886467605
    endloop
  endfacet
  facet normal -0.34611705707750146 0 -0.9381913359224809
    outer loop
      vertex 0.5253288904374106 -12.5 16.61679607770176
      vertex 0.6505618350206526 -16 16.570595205269186
      vertex 0.5253288904374106 -16 16.61679607770176
    endloop
  endfacet
  facet normal -0.4186597375374117 0 -0.9081431738250889
    outer loop
      vertex 0.6505618350206526 -12.5 16.570595205269186
      vertex 0.7717838495572295 -16 16.514711091120226
      vertex 0.6505618350206526 -16 16.570595205269186
    endloop
  endfacet
  facet normal -0.03925981575906337 0 0.9992290362407231
    outer loop
      vertex 0 -12.5 13.3
      vertex 0 -16 13.3
      vertex 0.1333804627373364 -12.5 13.305240532653682
    endloop
  endfacet
  facet normal -0.11753739745783405 0 0.9930684569549266
    outer loop
      vertex 0.1333804627373364 -12.5 13.305240532653682
      vertex 0.1333804627373364 -16 13.305240532653682
      vertex 0.2659385905683925 -12.5 13.320929820988265
    endloop
  endfacet
  facet normal -0.19509032201612833 0 0.9807852804032304
    outer loop
      vertex 0.2659385905683925 -12.5 13.320929820988265
      vertex 0.2659385905683925 -16 13.320929820988265
      vertex 0.39685711855503913 -12.5 13.34697113532395
    endloop
  endfacet
  facet normal -0.2714404498650816 0 0.9624552364536452
    outer loop
      vertex 0.39685711855503913 -12.5 13.34697113532395
      vertex 0.39685711855503913 -16 13.34697113532395
      vertex 0.5253288904374106 -12.5 13.38320392229824
    endloop
  endfacet
  facet normal -0.34611705707748974 0 0.9381913359224853
    outer loop
      vertex 0.5253288904374106 -12.5 13.38320392229824
      vertex 0.5253288904374106 -16 13.38320392229824
      vertex 0.6505618350206526 -12.5 13.429404794730813
    endloop
  endfacet
  facet normal -0.4186597375374227 0 0.9081431738250838
    outer loop
      vertex 0.6505618350206526 -12.5 13.429404794730813
      vertex 0.6505618350206526 -16 13.429404794730813
      vertex 0.7717838495572295 -12.5 13.485288908879774
    endloop
  endfacet
  facet normal -0.48862124149696223 0 0.8724960070727932
    outer loop
      vertex 0.7717838495572295 -12.5 13.485288908879774
      vertex 0.7717838495572295 -16 13.485288908879774
      vertex 0.8882475600171129 -12.5 13.550511720598044
    endloop
  endfacet
  facet normal -0.5555702330195996 0 0.8314696123025469
    outer loop
      vertex 0.8882475600171129 -12.5 13.550511720598044
      vertex 0.8882475600171129 -16 13.550511720598044
      vertex 0.9992349288972043 -12.5 13.62467110956259
    endloop
  endfacet
  facet normal -0.6190939493098322 0 0.7853169308807464
    outer loop
      vertex 0.9992349288972043 -12.5 13.62467110956259
      vertex 0.9992349288972043 -16 13.62467110956259
      vertex 1.1040616821613123 -12.5 13.707309858479947
    endloop
  endfacet
  facet normal -0.6788007455329454 0 0.7343225094356822
    outer loop
      vertex 1.1040616821613123 -12.5 13.707309858479947
      vertex 1.1040616821613123 -16 13.707309858479947
      vertex 1.2020815280171309 -12.5 13.79791847198287
    endloop
  endfacet
  facet normal -0.7343225094356848 0 0.6788007455329426
    outer loop
      vertex 1.2020815280171309 -12.5 13.79791847198287
      vertex 1.2020815280171309 -16 13.79791847198287
      vertex 1.2926901415200525 -12.5 13.895938317838688
    endloop
  endfacet
  facet normal -0.7853169308807451 0 0.6190939493098337
    outer loop
      vertex 1.2926901415200525 -12.5 13.895938317838688
      vertex 1.2926901415200525 -16 13.895938317838688
      vertex 1.3753288904374106 -12.5 14.000765071102796
    endloop
  endfacet
  facet normal -0.8314696123025445 0 0.5555702330196035
    outer loop
      vertex 1.3753288904374106 -12.5 14.000765071102796
      vertex 1.3753288904374106 -16 14.000765071102796
      vertex 1.4494882794019566 -12.5 14.111752439982887
    endloop
  endfacet
  facet normal -0.8724960070727981 0 0.4886212414969534
    outer loop
      vertex 1.4494882794019566 -12.5 14.111752439982887
      vertex 1.4494882794019566 -16 14.111752439982887
      vertex 1.5147110911202253 -12.5 14.22821615044277
    endloop
  endfacet
  facet normal -0.90814317382508 0 0.418659737537431
    outer loop
      vertex 1.5147110911202253 -12.5 14.22821615044277
      vertex 1.5147110911202253 -16 14.22821615044277
      vertex 1.5705952052691874 -12.5 14.349438164979347
    endloop
  endfacet
  facet normal -0.9381913359224846 0 0.3461170570774919
    outer loop
      vertex 1.5705952052691874 -12.5 14.349438164979347
      vertex 1.5705952052691874 -16 14.349438164979347
      vertex 1.616796077701761 -12.5 14.474671109562589
    endloop
  endfacet
  facet normal -0.962455236453648 0 0.27144044986507193
    outer loop
      vertex 1.616796077701761 -12.5 14.474671109562589
      vertex 1.616796077701761 -16 14.474671109562589
      vertex 1.65302886467605 -12.5 14.603142881444962
    endloop
  endfacet
  facet normal -0.9807852804032299 0 0.19509032201613113
    outer loop
      vertex 1.65302886467605 -12.5 14.603142881444962
      vertex 1.65302886467605 -16 14.603142881444962
      vertex 1.6790701790117342 -12.5 14.734061409431607
    endloop
  endfacet
  facet normal -0.9930684569549263 0 0.11753739745783787
    outer loop
      vertex 1.6790701790117342 -12.5 14.734061409431607
      vertex 1.6790701790117342 -16 14.734061409431607
      vertex 1.6947594673463175 -12.5 14.866619537262663
    endloop
  endfacet
  facet normal -0.9992290362407229 0 0.039259815759068124
    outer loop
      vertex 1.6947594673463175 -12.5 14.866619537262663
      vertex 1.6947594673463175 -16 14.866619537262663
      vertex 1.7 -12.5 15
    endloop
  endfacet
  facet normal -0.4886212414969521 0 -0.8724960070727987
    outer loop
      vertex 0.7717838495572295 -12.5 16.514711091120226
      vertex 0.8882475600171129 -12.5 16.449488279401958
      vertex 0.8882475600171129 -16 16.449488279401958
    endloop
  endfacet
  facet normal -0.6788007455329311 0 -0.7343225094356954
    outer loop
      vertex 1.1040616821613123 -12.5 16.29269014152005
      vertex 1.2020815280171309 -12.5 16.202081528017132
      vertex 1.2020815280171309 -16 16.202081528017132
    endloop
  endfacet
  facet normal -0.555570233019618 0 -0.8314696123025347
    outer loop
      vertex 0.8882475600171129 -12.5 16.449488279401958
      vertex 0.9992349288972043 -12.5 16.37532889043741
      vertex 0.9992349288972043 -16 16.37532889043741
    endloop
  endfacet
  facet normal -0.6190939493098322 0 -0.7853169308807464
    outer loop
      vertex 1.1040616821613123 -12.5 16.29269014152005
      vertex 1.1040616821613123 -16 16.29269014152005
      vertex 0.9992349288972043 -12.5 16.37532889043741
    endloop
  endfacet
  facet normal -0.9992290362407229 0 -0.039259815759068124
    outer loop
      vertex 1.7 -12.5 15
      vertex 1.7 -16 15
      vertex 1.6947594673463175 -12.5 15.133380462737337
    endloop
  endfacet
  facet normal -0.9930684569549263 0 -0.11753739745783787
    outer loop
      vertex 1.6947594673463175 -12.5 15.133380462737337
      vertex 1.6947594673463175 -16 15.133380462737337
      vertex 1.6790701790117342 -12.5 15.265938590568393
    endloop
  endfacet
  facet normal -0.9807852804032299 0 -0.19509032201613113
    outer loop
      vertex 1.6790701790117342 -12.5 15.265938590568393
      vertex 1.6790701790117342 -16 15.265938590568393
      vertex 1.65302886467605 -12.5 15.396857118555038
    endloop
  endfacet
  facet normal -0.90814317382508 0 -0.418659737537431
    outer loop
      vertex 1.5705952052691874 -12.5 15.650561835020653
      vertex 1.5705952052691874 -16 15.650561835020653
      vertex 1.5147110911202253 -12.5 15.77178384955723
    endloop
  endfacet
  facet normal -0.962455236453648 0 -0.27144044986507193
    outer loop
      vertex 1.65302886467605 -12.5 15.396857118555038
      vertex 1.65302886467605 -16 15.396857118555038
      vertex 1.616796077701761 -12.5 15.525328890437411
    endloop
  endfacet
  facet normal -0.9381913359224846 0 -0.3461170570774919
    outer loop
      vertex 1.5705952052691874 -12.5 15.650561835020653
      vertex 1.616796077701761 -12.5 15.525328890437411
      vertex 1.616796077701761 -16 15.525328890437411
    endloop
  endfacet
  facet normal -0.8724960070727981 0 -0.4886212414969534
    outer loop
      vertex 1.5147110911202253 -12.5 15.77178384955723
      vertex 1.5147110911202253 -16 15.77178384955723
      vertex 1.4494882794019566 -12.5 15.888247560017113
    endloop
  endfacet
  facet normal -0.8314696123025445 0 -0.5555702330196035
    outer loop
      vertex 1.4494882794019566 -12.5 15.888247560017113
      vertex 1.4494882794019566 -16 15.888247560017113
      vertex 1.3753288904374106 -12.5 15.999234928897204
    endloop
  endfacet
  facet normal -0.7853169308807451 0 -0.6190939493098337
    outer loop
      vertex 1.2926901415200525 -12.5 16.104061682161312
      vertex 1.3753288904374106 -12.5 15.999234928897204
      vertex 1.3753288904374106 -16 15.999234928897204
    endloop
  endfacet
  facet normal -0.7343225094356909 0 -0.6788007455329359
    outer loop
      vertex 1.2020815280171309 -12.5 16.202081528017132
      vertex 1.2926901415200525 -12.5 16.104061682161312
      vertex 1.2926901415200525 -16 16.104061682161312
    endloop
  endfacet
  facet normal -0.11753739745782094 0 -0.9930684569549282
    outer loop
      vertex 0.1333804627373364 -12.5 16.694759467346316
      vertex 0.2659385905683925 -12.5 16.679070179011735
      vertex 0.2659385905683925 -16 16.679070179011735
    endloop
  endfacet
  facet normal -0.03925981575907666 0 -0.9992290362407226
    outer loop
      vertex 0 -12.5 16.7
      vertex 0.1333804627373364 -12.5 16.694759467346316
      vertex 0.1333804627373364 -16 16.694759467346316
    endloop
  endfacet
  facet normal -0.19509032201614113 0 -0.9807852804032279
    outer loop
      vertex 0.2659385905683925 -12.5 16.679070179011735
      vertex 0.39685711855503913 -12.5 16.65302886467605
      vertex 0.39685711855503913 -16 16.65302886467605
    endloop
  endfacet
  facet normal -0.34611705707750146 0 -0.9381913359224809
    outer loop
      vertex 0.5253288904374106 -12.5 16.61679607770176
      vertex 0.6505618350206526 -12.5 16.570595205269186
      vertex 0.6505618350206526 -16 16.570595205269186
    endloop
  endfacet
  facet normal -0.27144044986506927 0 -0.9624552364536486
    outer loop
      vertex 0.5253288904374106 -12.5 16.61679607770176
      vertex 0.5253288904374106 -16 16.61679607770176
      vertex 0.39685711855503913 -12.5 16.65302886467605
    endloop
  endfacet
  facet normal -0.4186597375374117 0 -0.9081431738250889
    outer loop
      vertex 0.6505618350206526 -12.5 16.570595205269186
      vertex 0.7717838495572295 -12.5 16.514711091120226
      vertex 0.7717838495572295 -16 16.514711091120226
    endloop
  endfacet
  facet normal -0.03925981575906337 0 0.9992290362407231
    outer loop
      vertex 0 -9.5 13.3
      vertex 0.1333804627373364 -9.5 13.305240532653682
      vertex 0.1333804627373364 -4.094759467346317 13.305240532653682
    endloop
  endfacet
  facet normal -0.11753739745783404 0 0.9930684569549266
    outer loop
      vertex 0.1333804627373364 -9.5 13.305240532653682
      vertex 0.2659385905683925 -9.5 13.320929820988265
      vertex 0.2659385905683925 -4.0895512443190984 13.320929820988265
    endloop
  endfacet
  facet normal -0.19509032201612833 0 0.9807852804032304
    outer loop
      vertex 0.2659385905683925 -9.5 13.320929820988265
      vertex 0.39685711855503913 -9.5 13.34697113532395
      vertex 0.39685711855503913 -4.078463541303698 13.34697113532395
    endloop
  endfacet
  facet normal -0.2714404498650816 0 0.9624552364536452
    outer loop
      vertex 0.39685711855503913 -9.5 13.34697113532395
      vertex 0.5253288904374106 -9.5 13.38320392229824
      vertex 0.5253288904374106 -4.063257905067751 13.38320392229824
    endloop
  endfacet
  facet normal -0.3461170570774897 8.941281621244081e-17 0.9381913359224853
    outer loop
      vertex 0.5253288904374106 -9.5 13.38320392229824
      vertex 0.6505618350206526 -9.5 13.429404794730813
      vertex 0.6413813066649465 -4.049522196440065 13.426017919010233
    endloop
  endfacet
  facet normal -0.4186597375374227 0 0.9081431738250838
    outer loop
      vertex 0.6505618350206526 -9.5 13.429404794730813
      vertex 0.7717838495572295 -9.5 13.485288908879774
      vertex 0.7717838495572295 -4.0235835179210335 13.485288908879774
    endloop
  endfacet
  facet normal -0.4886212414969622 0 0.8724960070727931
    outer loop
      vertex 0.7717838495572295 -9.5 13.485288908879774
      vertex 0.8882475600171129 -9.5 13.550511720598044
      vertex 0.8882475600171129 -4.000417445559639 13.550511720598044
    endloop
  endfacet
  facet normal -0.5555702330195996 -3.3000521723200813e-17 0.8314696123025469
    outer loop
      vertex 0.8882475600171129 -9.5 13.550511720598044
      vertex 0.9992349288972043 -9.5 13.62467110956259
      vertex 0.957125991809212 -3.9867166736304736 13.596534817334906
    endloop
  endfacet
  facet normal -0.6190939493098322 0 0.7853169308807464
    outer loop
      vertex 0.9992349288972043 -9.5 13.62467110956259
      vertex 1.1040616821613123 -9.5 13.707309858479947
      vertex 1.1040616821613123 -3.945276523086568 13.707309858479947
    endloop
  endfacet
  facet normal -0.6788007455329453 0 0.7343225094356822
    outer loop
      vertex 1.1040616821613123 -9.5 13.707309858479947
      vertex 1.2020815280171309 -9.5 13.79791847198287
      vertex 1.2020815280171309 -3.9176320674827463 13.79791847198287
    endloop
  endfacet
  facet normal -0.7343225094356847 -1.2762210984492001e-17 0.6788007455329426
    outer loop
      vertex 1.2020815280171309 -9.5 13.79791847198287
      vertex 1.2926901415200525 -9.5 13.895938317838688
      vertex 1.2669696769372842 -3.899331716810129 13.868114076011373
    endloop
  endfacet
  facet normal -0.7853169308807451 0 0.6190939493098337
    outer loop
      vertex 1.2926901415200525 -9.5 13.895938317838688
      vertex 1.3753288904374106 -9.5 14.000765071102796
      vertex 1.3753288904374106 -3.8593558924256306 14.000765071102796
    endloop
  endfacet
  facet normal -0.8314696123025443 0 0.5555702330196034
    outer loop
      vertex 1.3753288904374106 -9.5 14.000765071102796
      vertex 1.4494882794019566 -9.5 14.111752439982887
      vertex 1.4494882794019566 -3.831997049426046 14.111752439982887
    endloop
  endfacet
  facet normal -0.8724960070727981 0 0.4886212414969534
    outer loop
      vertex 1.4494882794019566 -9.5 14.111752439982887
      vertex 1.5147110911202253 -9.5 14.22821615044277
      vertex 1.5147110911202253 -3.8079350838313095 14.22821615044277
    endloop
  endfacet
  facet normal -0.9081431738250799 -1.137568994782742e-17 0.41865973753743096
    outer loop
      vertex 1.5147110911202253 -9.5 14.22821615044277
      vertex 1.5705952052691874 -9.5 14.349438164979347
      vertex 1.5690020726968679 -3.787906083296275 14.345982393284986
    endloop
  endfacet
  facet normal -0.9381913359224846 0 0.3461170570774919
    outer loop
      vertex 1.5705952052691874 -9.5 14.349438164979347
      vertex 1.616796077701761 -9.5 14.474671109562589
      vertex 1.616796077701761 -3.7658727451972487 14.474671109562589
    endloop
  endfacet
  facet normal -0.962455236453648 0 0.27144044986507193
    outer loop
      vertex 1.616796077701761 -9.5 14.474671109562589
      vertex 1.65302886467605 -9.5 14.603142881444962
      vertex 1.65302886467605 -3.7491692016128018 14.603142881444962
    endloop
  endfacet
  facet normal -0.9807852804032299 0 0.19509032201613116
    outer loop
      vertex 1.65302886467605 -9.5 14.603142881444962
      vertex 1.6790701790117342 -9.5 14.734061409431607
      vertex 1.6790701790117342 -3.7371639912680648 14.734061409431607
    endloop
  endfacet
  facet normal -0.9930684569549263 0 0.11753739745783788
    outer loop
      vertex 1.6790701790117342 -9.5 14.734061409431607
      vertex 1.6947594673463175 -9.5 14.866619537262663
      vertex 1.6947594673463175 -3.7299311302769507 14.866619537262663
    endloop
  endfacet
  facet normal -0.999229036240723 0 0.03925981575906813
    outer loop
      vertex 1.6947594673463175 -9.5 14.866619537262663
      vertex 1.7 -9.5 15
      vertex 1.7 -3.7275152116326407 15
    endloop
  endfacet
  facet normal -0.4886212414969521 0 -0.8724960070727987
    outer loop
      vertex 0.7717838495572295 -9.5 16.514711091120226
      vertex 0.7717838495572295 -4.0235835179210335 16.514711091120226
      vertex 0.8882475600171129 -9.5 16.449488279401958
    endloop
  endfacet
  facet normal -0.555570233019618 0 -0.8314696123025346
    outer loop
      vertex 0.8882475600171129 -9.5 16.449488279401958
      vertex 0.8882475600171129 -4.000417445559639 16.449488279401958
      vertex 0.9992349288972043 -9.5 16.37532889043741
    endloop
  endfacet
  facet normal -0.734322509435691 0 -0.6788007455329359
    outer loop
      vertex 1.2020815280171309 -9.5 16.202081528017132
      vertex 1.2020815280171309 -3.9176320674827463 16.202081528017132
      vertex 1.2926901415200525 -9.5 16.104061682161312
    endloop
  endfacet
  facet normal -0.6788007455329309 0 -0.7343225094356953
    outer loop
      vertex 1.1040616821613123 -9.5 16.29269014152005
      vertex 1.1040616821613123 -3.945276523086568 16.29269014152005
      vertex 1.2020815280171309 -9.5 16.202081528017132
    endloop
  endfacet
  facet normal -0.6190939493098322 0 -0.7853169308807464
    outer loop
      vertex 1.1040616821613123 -9.5 16.29269014152005
      vertex 0.9992349288972043 -9.5 16.37532889043741
      vertex 0.9992349288972043 -3.974840725125459 16.37532889043741
    endloop
  endfacet
  facet normal -0.9992290362407229 0 -0.039259815759068124
    outer loop
      vertex 1.7 -9.5 15
      vertex 1.6947594673463175 -9.5 15.133380462737337
      vertex 1.6947594673463175 -3.7299311302769507 15.133380462737337
    endloop
  endfacet
  facet normal -0.9930684569549263 0 -0.11753739745783787
    outer loop
      vertex 1.6947594673463175 -9.5 15.133380462737337
      vertex 1.6790701790117342 -9.5 15.265938590568393
      vertex 1.6790701790117342 -3.7371639912680648 15.265938590568393
    endloop
  endfacet
  facet normal -0.9807852804032299 0 -0.19509032201613113
    outer loop
      vertex 1.6790701790117342 -9.5 15.265938590568393
      vertex 1.65302886467605 -9.5 15.396857118555038
      vertex 1.65302886467605 -3.7491692016128018 15.396857118555038
    endloop
  endfacet
  facet normal -0.9081431738250799 0 -0.41865973753743096
    outer loop
      vertex 1.5705952052691874 -9.5 15.650561835020653
      vertex 1.5147110911202253 -9.5 15.77178384955723
      vertex 1.5147110911202253 -3.8079350838313095 15.77178384955723
    endloop
  endfacet
  facet normal -0.962455236453648 0 -0.271440449865072
    outer loop
      vertex 1.65302886467605 -9.5 15.396857118555038
      vertex 1.616796077701761 -9.5 15.525328890437411
      vertex 1.616796077701761 -3.7658727451972487 15.525328890437411
    endloop
  endfacet
  facet normal -0.9381913359224846 0 -0.3461170570774919
    outer loop
      vertex 1.5705952052691874 -9.5 15.650561835020653
      vertex 1.5705952052691874 -3.787171639120716 15.650561835020653
      vertex 1.616796077701761 -9.5 15.525328890437411
    endloop
  endfacet
  facet normal -0.7853169308807451 0 -0.6190939493098337
    outer loop
      vertex 1.2926901415200525 -9.5 16.104061682161312
      vertex 1.2926901415200525 -3.8898429364652323 16.104061682161312
      vertex 1.3753288904374106 -9.5 15.999234928897204
    endloop
  endfacet
  facet normal -0.872496007072798 0 -0.4886212414969534
    outer loop
      vertex 1.5147110911202253 -9.5 15.77178384955723
      vertex 1.4494882794019566 -9.5 15.888247560017113
      vertex 1.4494882794019566 -3.831997049426046 15.888247560017113
    endloop
  endfacet
  facet normal -0.8314696123025445 0 -0.5555702330196035
    outer loop
      vertex 1.4494882794019566 -9.5 15.888247560017113
      vertex 1.3753288904374106 -9.5 15.999234928897204
      vertex 1.3753288904374106 -3.8593558924256306 15.999234928897204
    endloop
  endfacet
  facet normal -0.19509032201614113 0 -0.980785280403228
    outer loop
      vertex 0.2659385905683925 -9.5 16.679070179011735
      vertex 0.2659385905683925 -4.0895512443190984 16.679070179011735
      vertex 0.39685711855503913 -9.5 16.65302886467605
    endloop
  endfacet
  facet normal -0.03925981575907666 0 -0.9992290362407226
    outer loop
      vertex 0 -9.5 16.7
      vertex 0 -4.1 16.7
      vertex 0.1333804627373364 -9.5 16.694759467346316
    endloop
  endfacet
  facet normal -0.11753739745782095 0 -0.9930684569549284
    outer loop
      vertex 0.1333804627373364 -9.5 16.694759467346316
      vertex 0.1333804627373364 -4.094759467346317 16.694759467346316
      vertex 0.2659385905683925 -9.5 16.679070179011735
    endloop
  endfacet
  facet normal -0.27144044986506927 0 -0.9624552364536488
    outer loop
      vertex 0.5253288904374106 -9.5 16.61679607770176
      vertex 0.39685711855503913 -9.5 16.65302886467605
      vertex 0.39685711855503913 -4.078463541303698 16.65302886467605
    endloop
  endfacet
  facet normal -0.34611705707750146 0 -0.9381913359224809
    outer loop
      vertex 0.5253288904374106 -9.5 16.61679607770176
      vertex 0.5253288904374106 -4.063257905067751 16.61679607770176
      vertex 0.6505618350206526 -9.5 16.570595205269186
    endloop
  endfacet
  facet normal -0.4186597375374117 0 -0.9081431738250889
    outer loop
      vertex 0.6505618350206526 -9.5 16.570595205269186
      vertex 0.6505618350206526 -4.047696075811035 16.570595205269186
      vertex 0.7717838495572295 -9.5 16.514711091120226
    endloop
  endfacet
  facet normal -0.03925981575906338 0 0.9992290362407231
    outer loop
      vertex 0 -9.5 13.3
      vertex 0.1333804627373364 -4.094759467346317 13.305240532653682
      vertex 0 -4.1 13.3
    endloop
  endfacet
  facet normal -0.11753739745783406 0 0.9930684569549268
    outer loop
      vertex 0.1333804627373364 -9.5 13.305240532653682
      vertex 0.2659385905683925 -4.0895512443190984 13.320929820988265
      vertex 0.1333804627373364 -4.094759467346317 13.305240532653682
    endloop
  endfacet
  facet normal -0.19509032201613757 0 0.9807852804032285
    outer loop
      vertex 0.2659385905683925 -9.5 13.320929820988265
      vertex 0.32168229248416425 -4.087361068305825 13.332017932702838
      vertex 0.2659385905683925 -4.0895512443190984 13.320929820988265
    endloop
  endfacet
  facet normal -0.1950903220161214 -1.7269364753641102e-16 0.9807852804032318
    outer loop
      vertex 0.2659385905683925 -9.5 13.320929820988265
      vertex 0.39685711855503913 -4.078463541303698 13.34697113532395
      vertex 0.32168229248416425 -4.087361068305825 13.332017932702838
    endloop
  endfacet
  facet normal -0.2714404498650816 0 0.9624552364536453
    outer loop
      vertex 0.39685711855503913 -9.5 13.34697113532395
      vertex 0.5253288904374106 -4.063257905067751 13.38320392229824
      vertex 0.39685711855503913 -4.078463541303698 13.34697113532395
    endloop
  endfacet
  facet normal -0.3461170570774861 0 0.9381913359224866
    outer loop
      vertex 0.5253288904374106 -9.5 13.38320392229824
      vertex 0.6413813066649465 -4.049522196440065 13.426017919010233
      vertex 0.5253288904374106 -4.063257905067751 13.38320392229824
    endloop
  endfacet
  facet normal -0.3461170570775364 0 0.9381913359224681
    outer loop
      vertex 0.6505618350206526 -9.5 13.429404794730813
      vertex 0.6505618350206526 -4.047696075811035 13.429404794730813
      vertex 0.6413813066649465 -4.049522196440065 13.426017919010233
    endloop
  endfacet
  facet normal -0.41865973753742264 0 0.9081431738250837
    outer loop
      vertex 0.6505618350206526 -9.5 13.429404794730813
      vertex 0.7717838495572295 -4.0235835179210335 13.485288908879774
      vertex 0.6505618350206526 -4.047696075811035 13.429404794730813
    endloop
  endfacet
  facet normal -0.48862124149696223 0 0.8724960070727932
    outer loop
      vertex 0.7717838495572295 -9.5 13.485288908879774
      vertex 0.8882475600171129 -4.000417445559639 13.550511720598044
      vertex 0.7717838495572295 -4.0235835179210335 13.485288908879774
    endloop
  endfacet
  facet normal -0.5555702330196015 0 0.8314696123025458
    outer loop
      vertex 0.8882475600171129 -9.5 13.550511720598044
      vertex 0.957125991809212 -3.9867166736304736 13.596534817334906
      vertex 0.8882475600171129 -4.000417445559639 13.550511720598044
    endloop
  endfacet
  facet normal -0.5555702330195966 0 0.831469612302549
    outer loop
      vertex 0.9992349288972043 -9.5 13.62467110956259
      vertex 0.9992349288972043 -3.974840725125459 13.62467110956259
      vertex 0.957125991809212 -3.9867166736304736 13.596534817334906
    endloop
  endfacet
  facet normal -0.6190939493098322 0 0.7853169308807464
    outer loop
      vertex 0.9992349288972043 -9.5 13.62467110956259
      vertex 1.1040616821613123 -3.945276523086568 13.707309858479947
      vertex 0.9992349288972043 -3.974840725125459 13.62467110956259
    endloop
  endfacet
  facet normal -0.6788007455329454 0 0.7343225094356822
    outer loop
      vertex 1.1040616821613123 -9.5 13.707309858479947
      vertex 1.2020815280171309 -3.9176320674827463 13.79791847198287
      vertex 1.1040616821613123 -3.945276523086568 13.707309858479947
    endloop
  endfacet
  facet normal -0.7343225094356852 0 0.6788007455329419
    outer loop
      vertex 1.2020815280171309 -9.5 13.79791847198287
      vertex 1.2669696769372842 -3.899331716810129 13.868114076011373
      vertex 1.2020815280171309 -3.9176320674827463 13.79791847198287
    endloop
  endfacet
  facet normal -0.7343225094356836 0 0.6788007455329439
    outer loop
      vertex 1.2926901415200525 -9.5 13.895938317838688
      vertex 1.2926901415200525 -3.8898429364652323 13.895938317838688
      vertex 1.2669696769372842 -3.899331716810129 13.868114076011373
    endloop
  endfacet
  facet normal -0.7853169308807451 0 0.6190939493098337
    outer loop
      vertex 1.2926901415200525 -9.5 13.895938317838688
      vertex 1.3753288904374106 -3.8593558924256306 14.000765071102796
      vertex 1.2926901415200525 -3.8898429364652323 13.895938317838688
    endloop
  endfacet
  facet normal -0.8314696123025445 0 0.5555702330196035
    outer loop
      vertex 1.3753288904374106 -9.5 14.000765071102796
      vertex 1.4494882794019566 -3.831997049426046 14.111752439982887
      vertex 1.3753288904374106 -3.8593558924256306 14.000765071102796
    endloop
  endfacet
  facet normal -0.872496007072798 0 0.4886212414969534
    outer loop
      vertex 1.4494882794019566 -9.5 14.111752439982887
      vertex 1.5147110911202253 -3.8079350838313095 14.22821615044277
      vertex 1.4494882794019566 -3.831997049426046 14.111752439982887
    endloop
  endfacet
  facet normal -0.9081431738250801 0 0.4186597375374305
    outer loop
      vertex 1.5147110911202253 -9.5 14.22821615044277
      vertex 1.5690020726968679 -3.787906083296275 14.345982393284986
      vertex 1.5147110911202253 -3.8079350838313095 14.22821615044277
    endloop
  endfacet
  facet normal -0.9081431738250729 0 0.4186597375374463
    outer loop
      vertex 1.5705952052691874 -9.5 14.349438164979347
      vertex 1.5705952052691874 -3.787171639120716 14.349438164979347
      vertex 1.5690020726968679 -3.787906083296275 14.345982393284986
    endloop
  endfacet
  facet normal -0.9381913359224846 0 0.3461170570774919
    outer loop
      vertex 1.5705952052691874 -9.5 14.349438164979347
      vertex 1.616796077701761 -3.7658727451972487 14.474671109562589
      vertex 1.5705952052691874 -3.787171639120716 14.349438164979347
    endloop
  endfacet
  facet normal -0.962455236453648 0 0.271440449865072
    outer loop
      vertex 1.616796077701761 -9.5 14.474671109562589
      vertex 1.65302886467605 -3.7491692016128018 14.603142881444962
      vertex 1.616796077701761 -3.7658727451972487 14.474671109562589
    endloop
  endfacet
  facet normal -0.9807852804032299 0 0.19509032201613113
    outer loop
      vertex 1.65302886467605 -9.5 14.603142881444962
      vertex 1.6790701790117342 -3.7371639912680648 14.734061409431607
      vertex 1.65302886467605 -3.7491692016128018 14.603142881444962
    endloop
  endfacet
  facet normal -0.9930684569549263 0 0.11753739745783787
    outer loop
      vertex 1.6790701790117342 -9.5 14.734061409431607
      vertex 1.6947594673463175 -3.7299311302769507 14.866619537262663
      vertex 1.6790701790117342 -3.7371639912680648 14.734061409431607
    endloop
  endfacet
  facet normal -0.9992290362407229 0 0.039259815759068124
    outer loop
      vertex 1.6947594673463175 -9.5 14.866619537262663
      vertex 1.7 -3.7275152116326407 15
      vertex 1.6947594673463175 -3.7299311302769507 14.866619537262663
    endloop
  endfacet
  facet normal -0.488621241496952 0 -0.8724960070727987
    outer loop
      vertex 0.8882475600171129 -9.5 16.449488279401958
      vertex 0.7717838495572295 -4.0235835179210335 16.514711091120226
      vertex 0.8882475600171129 -4.000417445559639 16.449488279401958
    endloop
  endfacet
  facet normal -0.678800745532931 0 -0.7343225094356953
    outer loop
      vertex 1.2020815280171309 -9.5 16.202081528017132
      vertex 1.1040616821613123 -3.945276523086568 16.29269014152005
      vertex 1.2020815280171309 -3.9176320674827463 16.202081528017132
    endloop
  endfacet
  facet normal -0.5555702330196209 0 -0.8314696123025328
    outer loop
      vertex 0.9992349288972043 -9.5 16.37532889043741
      vertex 0.957125991809212 -3.9867166736304736 16.403465182665094
      vertex 0.9992349288972043 -3.974840725125459 16.37532889043741
    endloop
  endfacet
  facet normal -0.5555702330196164 5.025041559181233e-17 -0.8314696123025357
    outer loop
      vertex 0.9992349288972043 -9.5 16.37532889043741
      vertex 0.8882475600171129 -4.000417445559639 16.449488279401958
      vertex 0.957125991809212 -3.9867166736304736 16.403465182665094
    endloop
  endfacet
  facet normal -0.6190939493098322 0 -0.7853169308807464
    outer loop
      vertex 1.1040616821613123 -9.5 16.29269014152005
      vertex 0.9992349288972043 -3.974840725125459 16.37532889043741
      vertex 1.1040616821613123 -3.945276523086568 16.29269014152005
    endloop
  endfacet
  facet normal -0.999229036240723 0 -0.03925981575906813
    outer loop
      vertex 1.7 -9.5 15
      vertex 1.6947594673463175 -3.7299311302769507 15.133380462737337
      vertex 1.7 -3.7275152116326407 15
    endloop
  endfacet
  facet normal -0.9930684569549263 0 -0.11753739745783788
    outer loop
      vertex 1.6947594673463175 -9.5 15.133380462737337
      vertex 1.6790701790117342 -3.7371639912680648 15.265938590568393
      vertex 1.6947594673463175 -3.7299311302769507 15.133380462737337
    endloop
  endfacet
  facet normal -0.9807852804032299 0 -0.19509032201613116
    outer loop
      vertex 1.6790701790117342 -9.5 15.265938590568393
      vertex 1.65302886467605 -3.7491692016128018 15.396857118555038
      vertex 1.6790701790117342 -3.7371639912680648 15.265938590568393
    endloop
  endfacet
  facet normal -0.9081431738250803 -1.1525355114133893e-17 -0.41865973753743047
    outer loop
      vertex 1.5705952052691874 -9.5 15.650561835020653
      vertex 1.5147110911202253 -3.8079350838313095 15.77178384955723
      vertex 1.5690020726968679 -3.787906083296275 15.654017606715014
    endloop
  endfacet
  facet normal -0.962455236453648 0 -0.27144044986507193
    outer loop
      vertex 1.65302886467605 -9.5 15.396857118555038
      vertex 1.616796077701761 -3.7658727451972487 15.525328890437411
      vertex 1.65302886467605 -3.7491692016128018 15.396857118555038
    endloop
  endfacet
  facet normal -0.9081431738250729 0 -0.4186597375374463
    outer loop
      vertex 1.5705952052691874 -9.5 15.650561835020653
      vertex 1.5690020726968679 -3.787906083296275 15.654017606715014
      vertex 1.5705952052691874 -3.787171639120716 15.650561835020653
    endloop
  endfacet
  facet normal -0.9381913359224846 0 -0.3461170570774919
    outer loop
      vertex 1.616796077701761 -9.5 15.525328890437411
      vertex 1.5705952052691874 -3.787171639120716 15.650561835020653
      vertex 1.616796077701761 -3.7658727451972487 15.525328890437411
    endloop
  endfacet
  facet normal -0.7343225094356836 0 -0.6788007455329439
    outer loop
      vertex 1.2926901415200525 -9.5 16.104061682161312
      vertex 1.2669696769372842 -3.899331716810129 16.131885923988627
      vertex 1.2926901415200525 -3.8898429364652323 16.104061682161312
    endloop
  endfacet
  facet normal -0.7343225094356938 -1.0193322266892789e-16 -0.6788007455329328
    outer loop
      vertex 1.2926901415200525 -9.5 16.104061682161312
      vertex 1.2020815280171309 -3.9176320674827463 16.202081528017132
      vertex 1.2669696769372842 -3.899331716810129 16.131885923988627
    endloop
  endfacet
  facet normal -0.8724960070727981 0 -0.4886212414969534
    outer loop
      vertex 1.5147110911202253 -9.5 15.77178384955723
      vertex 1.4494882794019566 -3.831997049426046 15.888247560017113
      vertex 1.5147110911202253 -3.8079350838313095 15.77178384955723
    endloop
  endfacet
  facet normal -0.8314696123025443 0 -0.5555702330196034
    outer loop
      vertex 1.4494882794019566 -9.5 15.888247560017113
      vertex 1.3753288904374106 -3.8593558924256306 15.999234928897204
      vertex 1.4494882794019566 -3.831997049426046 15.888247560017113
    endloop
  endfacet
  facet normal -0.7853169308807451 0 -0.6190939493098337
    outer loop
      vertex 1.3753288904374106 -9.5 15.999234928897204
      vertex 1.2926901415200525 -3.8898429364652323 16.104061682161312
      vertex 1.3753288904374106 -3.8593558924256306 15.999234928897204
    endloop
  endfacet
  facet normal -0.11753739745782092 0 -0.9930684569549282
    outer loop
      vertex 0.2659385905683925 -9.5 16.679070179011735
      vertex 0.1333804627373364 -4.094759467346317 16.694759467346316
      vertex 0.2659385905683925 -4.0895512443190984 16.679070179011735
    endloop
  endfacet
  facet normal -0.03925981575907666 0 -0.9992290362407227
    outer loop
      vertex 0.1333804627373364 -9.5 16.694759467346316
      vertex 0 -4.1 16.7
      vertex 0.1333804627373364 -4.094759467346317 16.694759467346316
    endloop
  endfacet
  facet normal -0.1950903220161676 -6.664438354216485e-16 -0.9807852804032225
    outer loop
      vertex 0.39685711855503913 -9.5 16.65302886467605
      vertex 0.2659385905683925 -4.0895512443190984 16.679070179011735
      vertex 0.32168229248416425 -4.087361068305825 16.66798206729716
    endloop
  endfacet
  facet normal -0.19509032201612148 0 -0.9807852804032319
    outer loop
      vertex 0.39685711855503913 -9.5 16.65302886467605
      vertex 0.32168229248416425 -4.087361068305825 16.66798206729716
      vertex 0.39685711855503913 -4.078463541303698 16.65302886467605
    endloop
  endfacet
  facet normal -0.27144044986506927 0 -0.9624552364536487
    outer loop
      vertex 0.5253288904374106 -9.5 16.61679607770176
      vertex 0.39685711855503913 -4.078463541303698 16.65302886467605
      vertex 0.5253288904374106 -4.063257905067751 16.61679607770176
    endloop
  endfacet
  facet normal -0.34611705707749874 7.218927814292036e-17 -0.938191335922482
    outer loop
      vertex 0.6505618350206526 -9.5 16.570595205269186
      vertex 0.5253288904374106 -4.063257905067751 16.61679607770176
      vertex 0.6413813066649465 -4.049522196440065 16.573982080989765
    endloop
  endfacet
  facet normal -0.3461170570775364 0 -0.9381913359224681
    outer loop
      vertex 0.6505618350206526 -9.5 16.570595205269186
      vertex 0.6413813066649465 -4.049522196440065 16.573982080989765
      vertex 0.6505618350206526 -4.047696075811035 16.570595205269186
    endloop
  endfacet
  facet normal -0.41865973753741176 0 -0.9081431738250889
    outer loop
      vertex 0.7717838495572295 -9.5 16.514711091120226
      vertex 0.6505618350206526 -4.047696075811035 16.570595205269186
      vertex 0.7717838495572295 -4.0235835179210335 16.514711091120226
    endloop
  endfacet
  facet normal 0 0 1
    outer loop
      vertex -2.9 -12.5 11.25136843870017
      vertex 2.9 -9.5 11.25136843870017
      vertex -2.9 -9.5 11.25136843870017
    endloop
  endfacet
  facet normal 0 -1 0
    outer loop
      vertex -2.9 -9.5 11.25136843870017
      vertex 2.9 -9.5 11.25136843870017
      vertex -0.39685711855503913 -9.5 13.34697113532395
    endloop
  endfacet
  facet normal 0 1 0
    outer loop
      vertex -2.9 -12.5 11.25136843870017
      vertex -0.7717838495572295 -12.5 13.485288908879774
      vertex -0.6505618350206526 -12.5 13.429404794730813
    endloop
  endfacet
  facet normal 0 1 0
    outer loop
      vertex -2.9 -12.5 11.25136843870017
      vertex -0.6505618350206526 -12.5 13.429404794730813
      vertex -0.5253288904374106 -12.5 13.38320392229824
    endloop
  endfacet
  facet normal 0 1 0
    outer loop
      vertex -2.9 -12.5 11.25136843870017
      vertex -0.5253288904374106 -12.5 13.38320392229824
      vertex -0.39685711855503913 -12.5 13.34697113532395
    endloop
  endfacet
  facet normal 0 1 0
    outer loop
      vertex -2.9 -12.5 11.25136843870017
      vertex -1.4494882794019566 -12.5 14.111752439982887
      vertex -1.3753288904374106 -12.5 14.000765071102796
    endloop
  endfacet
  facet normal 0 1 0
    outer loop
      vertex -2.9 -12.5 11.25136843870017
      vertex -1.5147110911202253 -12.5 14.22821615044277
      vertex -1.4494882794019566 -12.5 14.111752439982887
    endloop
  endfacet
  facet normal 0 1 0
    outer loop
      vertex -2.9 -12.5 11.25136843870017
      vertex -1.5705952052691874 -12.5 14.349438164979347
      vertex -1.5147110911202253 -12.5 14.22821615044277
    endloop
  endfacet
  facet normal 0 1 0
    outer loop
      vertex -2.9 -12.5 11.25136843870017
      vertex -1.65302886467605 -12.5 14.603142881444962
      vertex -1.616796077701761 -12.5 14.474671109562589
    endloop
  endfacet
  facet normal 0 1 0
    outer loop
      vertex -2.9 -12.5 11.25136843870017
      vertex -1.616796077701761 -12.5 14.474671109562589
      vertex -1.5705952052691874 -12.5 14.349438164979347
    endloop
  endfacet
  facet normal 0 1 0
    outer loop
      vertex -2.9 -12.5 11.25136843870017
      vertex -1.2020815280171309 -12.5 13.79791847198287
      vertex -1.1040616821613123 -12.5 13.707309858479947
    endloop
  endfacet
  facet normal 0 1 0
    outer loop
      vertex -2.9 -12.5 11.25136843870017
      vertex -0.9992349288972043 -12.5 13.62467110956259
      vertex -0.8882475600171129 -12.5 13.550511720598044
    endloop
  endfacet
  facet normal 0 1 0
    outer loop
      vertex -2.9 -12.5 11.25136843870017
      vertex -1.1040616821613123 -12.5 13.707309858479947
      vertex -0.9992349288972043 -12.5 13.62467110956259
    endloop
  endfacet
  facet normal 0 1 0
    outer loop
      vertex -2.9 -12.5 11.25136843870017
      vertex -1.2926901415200525 -12.5 13.895938317838688
      vertex -1.2020815280171309 -12.5 13.79791847198287
    endloop
  endfacet
  facet normal 0 1 0
    outer loop
      vertex -2.9 -12.5 11.25136843870017
      vertex -1.3753288904374106 -12.5 14.000765071102796
      vertex -1.2926901415200525 -12.5 13.895938317838688
    endloop
  endfacet
  facet normal 0 1 0
    outer loop
      vertex -2.9 -12.5 11.25136843870017
      vertex -0.8882475600171129 -12.5 13.550511720598044
      vertex -0.7717838495572295 -12.5 13.485288908879774
    endloop
  endfacet
  facet normal 0 1 0
    outer loop
      vertex -2.9 -12.5 11.25136843870017
      vertex -0.39685711855503913 -12.5 13.34697113532395
      vertex -0.2659385905683925 -12.5 13.320929820988265
    endloop
  endfacet
  facet normal 0 1 0
    outer loop
      vertex -2.9 -12.5 11.25136843870017
      vertex -0.2659385905683925 -12.5 13.320929820988265
      vertex -0.1333804627373364 -12.5 13.305240532653682
    endloop
  endfacet
  facet normal 0 1 0
    outer loop
      vertex -2.9 -12.5 11.25136843870017
      vertex -0.1333804627373364 -12.5 13.305240532653682
      vertex 0 -12.5 13.3
    endloop
  endfacet
  facet normal 0 1 0
    outer loop
      vertex -2.9 -12.5 11.25136843870017
      vertex -1.6790701790117342 -12.5 14.734061409431607
      vertex -1.65302886467605 -12.5 14.603142881444962
    endloop
  endfacet
  facet normal 0 1 0
    outer loop
      vertex -2.9 -12.5 11.25136843870017
      vertex -1.6947594673463175 -12.5 14.866619537262663
      vertex -1.6790701790117342 -12.5 14.734061409431607
    endloop
  endfacet
  facet normal 0 1 0
    outer loop
      vertex -2.9 -12.5 11.25136843870017
      vertex -1.7 -12.5 15
      vertex -1.6947594673463175 -12.5 14.866619537262663
    endloop
  endfacet
  facet normal 0 1 0
    outer loop
      vertex -2.9 -12.5 11.25136843870017
      vertex -1.6947594673463175 -12.5 15.133380462737337
      vertex -1.7 -12.5 15
    endloop
  endfacet
  facet normal 0 -1 0
    outer loop
      vertex -2.9 -9.5 11.25136843870017
      vertex -0.6505618350206526 -9.5 13.429404794730813
      vertex -0.7717838495572295 -9.5 13.485288908879774
    endloop
  endfacet
  facet normal 0 -1 0
    outer loop
      vertex -2.9 -9.5 11.25136843870017
      vertex -0.5253288904374106 -9.5 13.38320392229824
      vertex -0.6505618350206526 -9.5 13.429404794730813
    endloop
  endfacet
  facet normal 0 -1 0
    outer loop
      vertex -2.9 -9.5 11.25136843870017
      vertex -0.39685711855503913 -9.5 13.34697113532395
      vertex -0.5253288904374106 -9.5 13.38320392229824
    endloop
  endfacet
  facet normal 0 -1 0
    outer loop
      vertex -2.9 -9.5 11.25136843870017
      vertex -1.3753288904374106 -9.5 14.000765071102796
      vertex -1.4494882794019566 -9.5 14.111752439982887
    endloop
  endfacet
  facet normal 0 -1 0
    outer loop
      vertex -2.9 -9.5 11.25136843870017
      vertex -1.4494882794019566 -9.5 14.111752439982887
      vertex -1.5147110911202253 -9.5 14.22821615044277
    endloop
  endfacet
  facet normal 0 -1 0
    outer loop
      vertex -2.9 -9.5 11.25136843870017
      vertex -1.5147110911202253 -9.5 14.22821615044277
      vertex -1.5705952052691874 -9.5 14.349438164979347
    endloop
  endfacet
  facet normal 0 -1 0
    outer loop
      vertex -2.9 -9.5 11.25136843870017
      vertex -1.616796077701761 -9.5 14.474671109562589
      vertex -1.65302886467605 -9.5 14.603142881444962
    endloop
  endfacet
  facet normal 0 -1 0
    outer loop
      vertex -2.9 -9.5 11.25136843870017
      vertex -1.5705952052691874 -9.5 14.349438164979347
      vertex -1.616796077701761 -9.5 14.474671109562589
    endloop
  endfacet
  facet normal 0 -1 0
    outer loop
      vertex -2.9 -9.5 11.25136843870017
      vertex -1.1040616821613123 -9.5 13.707309858479947
      vertex -1.2020815280171309 -9.5 13.79791847198287
    endloop
  endfacet
  facet normal 0 -1 0
    outer loop
      vertex -2.9 -9.5 11.25136843870017
      vertex -0.8882475600171129 -9.5 13.550511720598044
      vertex -0.9992349288972043 -9.5 13.62467110956259
    endloop
  endfacet
  facet normal 0 -1 0
    outer loop
      vertex -2.9 -9.5 11.25136843870017
      vertex -0.9992349288972043 -9.5 13.62467110956259
      vertex -1.1040616821613123 -9.5 13.707309858479947
    endloop
  endfacet
  facet normal 0 -1 0
    outer loop
      vertex -2.9 -9.5 11.25136843870017
      vertex -1.2020815280171309 -9.5 13.79791847198287
      vertex -1.2926901415200525 -9.5 13.895938317838688
    endloop
  endfacet
  facet normal 0 -1 0
    outer loop
      vertex -2.9 -9.5 11.25136843870017
      vertex -1.2926901415200525 -9.5 13.895938317838688
      vertex -1.3753288904374106 -9.5 14.000765071102796
    endloop
  endfacet
  facet normal 0 -1 0
    outer loop
      vertex -2.9 -9.5 11.25136843870017
      vertex -0.7717838495572295 -9.5 13.485288908879774
      vertex -0.8882475600171129 -9.5 13.550511720598044
    endloop
  endfacet
  facet normal 0 -1 0
    outer loop
      vertex -2.9 -9.5 11.25136843870017
      vertex -1.65302886467605 -9.5 14.603142881444962
      vertex -1.6790701790117342 -9.5 14.734061409431607
    endloop
  endfacet
  facet normal 0 -1 0
    outer loop
      vertex -2.9 -9.5 11.25136843870017
      vertex -1.6790701790117342 -9.5 14.734061409431607
      vertex -1.6947594673463175 -9.5 14.866619537262663
    endloop
  endfacet
  facet normal 0 -1 0
    outer loop
      vertex -2.9 -9.5 11.25136843870017
      vertex -1.6947594673463175 -9.5 14.866619537262663
      vertex -1.7 -9.5 15
    endloop
  endfacet
  facet normal 0 -1 0
    outer loop
      vertex -2.9 -9.5 11.25136843870017
      vertex -1.7 -9.5 15
      vertex -1.6947594673463175 -9.5 15.133380462737337
    endloop
  endfacet
  facet normal 0 -1 0
    outer loop
      vertex -2.9 -9.5 11.25136843870017
      vertex -1.6947594673463175 -9.5 15.133380462737337
      vertex -1.6790701790117342 -9.5 15.265938590568393
    endloop
  endfacet
  facet normal 0 -1 0
    outer loop
      vertex -2.9 -9.5 11.25136843870017
      vertex -1.6790701790117342 -9.5 15.265938590568393
      vertex -1.65302886467605 -9.5 15.396857118555038
    endloop
  endfacet
  facet normal 0 -1 0
    outer loop
      vertex -2.9 -9.5 11.25136843870017
      vertex -1.65302886467605 -9.5 15.396857118555038
      vertex -1.616796077701761 -9.5 15.525328890437411
    endloop
  endfacet
  facet normal 1 0 0
    outer loop
      vertex -2.9 -12.5 11.25136843870017
      vertex -2.9 -9.5 11.25136843870017
      vertex -2.9 -9.5 48
    endloop
  endfacet
  facet normal 0 1 0
    outer loop
      vertex -2.9 -12.5 11.25136843870017
      vertex 1.5404596469903964 -12.5 48
      vertex -1.6947594673463175 -12.5 15.133380462737337
    endloop
  endfacet
  facet normal 0 1 0
    outer loop
      vertex -1.6947594673463175 -12.5 15.133380462737337
      vertex 1.5404596469903964 -12.5 48
      vertex -1.6790701790117342 -12.5 15.265938590568393
    endloop
  endfacet
  facet normal 0 1 0
    outer loop
      vertex -1.6790701790117342 -12.5 15.265938590568393
      vertex 1.5404596469903964 -12.5 48
      vertex -1.65302886467605 -12.5 15.396857118555038
    endloop
  endfacet
  facet normal 0 1 0
    outer loop
      vertex -1.65302886467605 -12.5 15.396857118555038
      vertex 1.5404596469903964 -12.5 48
      vertex -1.616796077701761 -12.5 15.525328890437411
    endloop
  endfacet
  facet normal 0 1 0
    outer loop
      vertex -1.616796077701761 -12.5 15.525328890437411
      vertex 1.5404596469903964 -12.5 48
      vertex -1.5705952052691874 -12.5 15.650561835020653
    endloop
  endfacet
  facet normal 0 1 0
    outer loop
      vertex -1.5705952052691874 -12.5 15.650561835020653
      vertex 1.5404596469903964 -12.5 48
      vertex -1.5147110911202253 -12.5 15.77178384955723
    endloop
  endfacet
  facet normal 0 1 0
    outer loop
      vertex -1.5147110911202253 -12.5 15.77178384955723
      vertex 1.5404596469903964 -12.5 48
      vertex -1.4494882794019566 -12.5 15.888247560017113
    endloop
  endfacet
  facet normal 0 1 0
    outer loop
      vertex -1.4494882794019566 -12.5 15.888247560017113
      vertex 1.5404596469903964 -12.5 48
      vertex -1.3753288904374106 -12.5 15.999234928897204
    endloop
  endfacet
  facet normal 0 1 0
    outer loop
      vertex -1.3753288904374106 -12.5 15.999234928897204
      vertex 1.5404596469903964 -12.5 48
      vertex -1.2926901415200525 -12.5 16.104061682161312
    endloop
  endfacet
  facet normal 0 1 0
    outer loop
      vertex -1.2926901415200525 -12.5 16.104061682161312
      vertex 1.5404596469903964 -12.5 48
      vertex -1.2020815280171309 -12.5 16.202081528017132
    endloop
  endfacet
  facet normal 0 1 0
    outer loop
      vertex -1.2020815280171309 -12.5 16.202081528017132
      vertex 1.5404596469903964 -12.5 48
      vertex -1.1040616821613123 -12.5 16.29269014152005
    endloop
  endfacet
  facet normal 0 1 0
    outer loop
      vertex -1.1040616821613123 -12.5 16.29269014152005
      vertex 1.5404596469903964 -12.5 48
      vertex -0.9992349288972043 -12.5 16.37532889043741
    endloop
  endfacet
  facet normal 0 1 0
    outer loop
      vertex -0.9992349288972043 -12.5 16.37532889043741
      vertex 1.5404596469903964 -12.5 48
      vertex -0.8882475600171129 -12.5 16.449488279401958
    endloop
  endfacet
  facet normal 0 1 0
    outer loop
      vertex -0.8882475600171129 -12.5 16.449488279401958
      vertex 1.5404596469903964 -12.5 48
      vertex -0.7717838495572295 -12.5 16.514711091120226
    endloop
  endfacet
  facet normal 0 1 0
    outer loop
      vertex -2.9 -12.5 11.25136843870017
      vertex -2.9 -12.5 48
      vertex 1.5404596469903964 -12.5 48
    endloop
  endfacet
  facet normal 0 -1 0
    outer loop
      vertex -2.9 -9.5 11.25136843870017
      vertex -1.616796077701761 -9.5 15.525328890437411
      vertex -2.9 -9.5 48
    endloop
  endfacet
  facet normal 0 -1 0
    outer loop
      vertex -1.616796077701761 -9.5 15.525328890437411
      vertex -1.5705952052691874 -9.5 15.650561835020653
      vertex 2.9 -9.5 48
    endloop
  endfacet
  facet normal 0 -1 0
    outer loop
      vertex -1.5705952052691874 -9.5 15.650561835020653
      vertex -1.5147110911202253 -9.5 15.77178384955723
      vertex 2.9 -9.5 48
    endloop
  endfacet
  facet normal 0 -1 0
    outer loop
      vertex -1.5147110911202253 -9.5 15.77178384955723
      vertex -1.4494882794019566 -9.5 15.888247560017113
      vertex 2.9 -9.5 48
    endloop
  endfacet
  facet normal 1 0 0
    outer loop
      vertex -2.9 -12.5 11.25136843870017
      vertex -2.9 -9.5 48
      vertex -2.9 -12.5 48
    endloop
  endfacet
  facet normal 0 -1 0
    outer loop
      vertex -1.616796077701761 -9.5 15.525328890437411
      vertex 2.9 -9.5 48
      vertex -2.9 -9.5 48
    endloop
  endfacet
  facet normal 0 1 0
    outer loop
      vertex -2.9 -12.5 11.25136843870017
      vertex 0 -12.5 13.3
      vertex 2.9 -12.5 11.25136843870017
    endloop
  endfacet
  facet normal 0 0 1
    outer loop
      vertex -2.9 -12.5 11.25136843870017
      vertex 2.9 -12.5 11.25136843870017
      vertex 2.9 -9.5 11.25136843870017
    endloop
  endfacet
  facet normal 0 1 0
    outer loop
      vertex 0 -12.5 13.3
      vertex 0.1333804627373364 -12.5 13.305240532653682
      vertex 2.9 -12.5 11.25136843870017
    endloop
  endfacet
  facet normal 0 1 0
    outer loop
      vertex 0.1333804627373364 -12.5 13.305240532653682
      vertex 0.2659385905683925 -12.5 13.320929820988265
      vertex 2.9 -12.5 11.25136843870017
    endloop
  endfacet
  facet normal 0 1 0
    outer loop
      vertex 0.2659385905683925 -12.5 13.320929820988265
      vertex 0.39685711855503913 -12.5 13.34697113532395
      vertex 2.9 -12.5 11.25136843870017
    endloop
  endfacet
  facet normal 0 1 0
    outer loop
      vertex 0.39685711855503913 -12.5 13.34697113532395
      vertex 0.5253288904374106 -12.5 13.38320392229824
      vertex 2.9 -12.5 11.25136843870017
    endloop
  endfacet
  facet normal 0 1 0
    outer loop
      vertex 0.5253288904374106 -12.5 13.38320392229824
      vertex 0.6505618350206526 -12.5 13.429404794730813
      vertex 2.9 -12.5 11.25136843870017
    endloop
  endfacet
  facet normal 0 1 0
    outer loop
      vertex 0.6505618350206526 -12.5 13.429404794730813
      vertex 0.7717838495572295 -12.5 13.485288908879774
      vertex 2.9 -12.5 11.25136843870017
    endloop
  endfacet
  facet normal 0 1 0
    outer loop
      vertex 0.7717838495572295 -12.5 13.485288908879774
      vertex 0.8882475600171129 -12.5 13.550511720598044
      vertex 2.9 -12.5 11.25136843870017
    endloop
  endfacet
  facet normal 0 1 0
    outer loop
      vertex 0.8882475600171129 -12.5 13.550511720598044
      vertex 0.9992349288972043 -12.5 13.62467110956259
      vertex 2.9 -12.5 11.25136843870017
    endloop
  endfacet
  facet normal 0 1 0
    outer loop
      vertex 0.9992349288972043 -12.5 13.62467110956259
      vertex 1.1040616821613123 -12.5 13.707309858479947
      vertex 2.9 -12.5 11.25136843870017
    endloop
  endfacet
  facet normal 0 1 0
    outer loop
      vertex 1.1040616821613123 -12.5 13.707309858479947
      vertex 1.2020815280171309 -12.5 13.79791847198287
      vertex 2.9 -12.5 11.25136843870017
    endloop
  endfacet
  facet normal 0 1 0
    outer loop
      vertex 1.2020815280171309 -12.5 13.79791847198287
      vertex 1.2926901415200525 -12.5 13.895938317838688
      vertex 2.9 -12.5 11.25136843870017
    endloop
  endfacet
  facet normal 0 1 0
    outer loop
      vertex 1.2926901415200525 -12.5 13.895938317838688
      vertex 1.3753288904374106 -12.5 14.000765071102796
      vertex 2.9 -12.5 11.25136843870017
    endloop
  endfacet
  facet normal 0 1 0
    outer loop
      vertex 1.3753288904374106 -12.5 14.000765071102796
      vertex 1.4494882794019566 -12.5 14.111752439982887
      vertex 2.9 -12.5 11.25136843870017
    endloop
  endfacet
  facet normal 0 1 0
    outer loop
      vertex 1.4494882794019566 -12.5 14.111752439982887
      vertex 1.5147110911202253 -12.5 14.22821615044277
      vertex 2.9 -12.5 11.25136843870017
    endloop
  endfacet
  facet normal 0 1 0
    outer loop
      vertex 1.5147110911202253 -12.5 14.22821615044277
      vertex 1.5705952052691874 -12.5 14.349438164979347
      vertex 2.9 -12.5 11.25136843870017
    endloop
  endfacet
  facet normal 0 1 0
    outer loop
      vertex 1.5705952052691874 -12.5 14.349438164979347
      vertex 1.616796077701761 -12.5 14.474671109562589
      vertex 2.9 -12.5 11.25136843870017
    endloop
  endfacet
  facet normal 0 1 0
    outer loop
      vertex 1.616796077701761 -12.5 14.474671109562589
      vertex 1.65302886467605 -12.5 14.603142881444962
      vertex 2.9 -12.5 11.25136843870017
    endloop
  endfacet
  facet normal 0 1 0
    outer loop
      vertex 1.65302886467605 -12.5 14.603142881444962
      vertex 1.6790701790117342 -12.5 14.734061409431607
      vertex 2.9 -12.5 11.25136843870017
    endloop
  endfacet
  facet normal 0 1 0
    outer loop
      vertex 1.6790701790117342 -12.5 14.734061409431607
      vertex 1.6947594673463175 -12.5 14.866619537262663
      vertex 2.9 -12.5 11.25136843870017
    endloop
  endfacet
  facet normal 0 1 0
    outer loop
      vertex 1.6947594673463175 -12.5 14.866619537262663
      vertex 1.7 -12.5 15
      vertex 2.9 -12.5 11.25136843870017
    endloop
  endfacet
  facet normal 0 -1 0
    outer loop
      vertex -0.39685711855503913 -9.5 13.34697113532395
      vertex 2.9 -9.5 11.25136843870017
      vertex -0.2659385905683925 -9.5 13.320929820988265
    endloop
  endfacet
  facet normal 0 -1 0
    outer loop
      vertex -0.2659385905683925 -9.5 13.320929820988265
      vertex 2.9 -9.5 11.25136843870017
      vertex -0.1333804627373364 -9.5 13.305240532653682
    endloop
  endfacet
  facet normal 0 -1 0
    outer loop
      vertex -0.1333804627373364 -9.5 13.305240532653682
      vertex 2.9 -9.5 11.25136843870017
      vertex 0 -9.5 13.3
    endloop
  endfacet
  facet normal 0 -1 0
    outer loop
      vertex 0 -9.5 13.3
      vertex 2.9 -9.5 11.25136843870017
      vertex 0.1333804627373364 -9.5 13.305240532653682
    endloop
  endfacet
  facet normal 0 -1 0
    outer loop
      vertex 0.1333804627373364 -9.5 13.305240532653682
      vertex 2.9 -9.5 11.25136843870017
      vertex 0.2659385905683925 -9.5 13.320929820988265
    endloop
  endfacet
  facet normal 0 -1 0
    outer loop
      vertex 0.2659385905683925 -9.5 13.320929820988265
      vertex 2.9 -9.5 11.25136843870017
      vertex 0.39685711855503913 -9.5 13.34697113532395
    endloop
  endfacet
  facet normal 0 -1 0
    outer loop
      vertex 0.39685711855503913 -9.5 13.34697113532395
      vertex 2.9 -9.5 11.25136843870017
      vertex 0.5253288904374106 -9.5 13.38320392229824
    endloop
  endfacet
  facet normal 0 -1 0
    outer loop
      vertex 0.5253288904374106 -9.5 13.38320392229824
      vertex 2.9 -9.5 11.25136843870017
      vertex 0.6505618350206526 -9.5 13.429404794730813
    endloop
  endfacet
  facet normal 0 -1 0
    outer loop
      vertex 0.6505618350206526 -9.5 13.429404794730813
      vertex 2.9 -9.5 11.25136843870017
      vertex 0.7717838495572295 -9.5 13.485288908879774
    endloop
  endfacet
  facet normal 0 -1 0
    outer loop
      vertex 0.7717838495572295 -9.5 13.485288908879774
      vertex 2.9 -9.5 11.25136843870017
      vertex 0.8882475600171129 -9.5 13.550511720598044
    endloop
  endfacet
  facet normal 0 -1 0
    outer loop
      vertex 0.8882475600171129 -9.5 13.550511720598044
      vertex 2.9 -9.5 11.25136843870017
      vertex 0.9992349288972043 -9.5 13.62467110956259
    endloop
  endfacet
  facet normal 0 -1 0
    outer loop
      vertex 0.9992349288972043 -9.5 13.62467110956259
      vertex 2.9 -9.5 11.25136843870017
      vertex 1.1040616821613123 -9.5 13.707309858479947
    endloop
  endfacet
  facet normal 0 -1 0
    outer loop
      vertex 1.1040616821613123 -9.5 13.707309858479947
      vertex 2.9 -9.5 11.25136843870017
      vertex 1.2020815280171309 -9.5 13.79791847198287
    endloop
  endfacet
  facet normal 0 -1 0
    outer loop
      vertex 1.2020815280171309 -9.5 13.79791847198287
      vertex 2.9 -9.5 11.25136843870017
      vertex 1.2926901415200525 -9.5 13.895938317838688
    endloop
  endfacet
  facet normal 0 -1 0
    outer loop
      vertex 1.2926901415200525 -9.5 13.895938317838688
      vertex 2.9 -9.5 11.25136843870017
      vertex 1.3753288904374106 -9.5 14.000765071102796
    endloop
  endfacet
  facet normal 0 -1 0
    outer loop
      vertex 1.3753288904374106 -9.5 14.000765071102796
      vertex 2.9 -9.5 11.25136843870017
      vertex 1.4494882794019566 -9.5 14.111752439982887
    endloop
  endfacet
  facet normal 0 -1 0
    outer loop
      vertex 1.4494882794019566 -9.5 14.111752439982887
      vertex 2.9 -9.5 11.25136843870017
      vertex 1.5147110911202253 -9.5 14.22821615044277
    endloop
  endfacet
  facet normal 0 -1 0
    outer loop
      vertex 1.5147110911202253 -9.5 14.22821615044277
      vertex 2.9 -9.5 11.25136843870017
      vertex 1.5705952052691874 -9.5 14.349438164979347
    endloop
  endfacet
  facet normal 0 -1 0
    outer loop
      vertex 1.5705952052691874 -9.5 14.349438164979347
      vertex 2.9 -9.5 11.25136843870017
      vertex 1.616796077701761 -9.5 14.474671109562589
    endloop
  endfacet
  facet normal 0 -1 0
    outer loop
      vertex 1.616796077701761 -9.5 14.474671109562589
      vertex 2.9 -9.5 11.25136843870017
      vertex 1.65302886467605 -9.5 14.603142881444962
    endloop
  endfacet
  facet normal 0 -1 0
    outer loop
      vertex 1.65302886467605 -9.5 14.603142881444962
      vertex 2.9 -9.5 11.25136843870017
      vertex 1.6790701790117342 -9.5 14.734061409431607
    endloop
  endfacet
  facet normal 0 -1 0
    outer loop
      vertex 1.6790701790117342 -9.5 14.734061409431607
      vertex 2.9 -9.5 11.25136843870017
      vertex 1.6947594673463175 -9.5 14.866619537262663
    endloop
  endfacet
  facet normal 0 -1 0
    outer loop
      vertex 1.6947594673463175 -9.5 14.866619537262663
      vertex 2.9 -9.5 11.25136843870017
      vertex 1.7 -9.5 15
    endloop
  endfacet
  facet normal 0 -1 0
    outer loop
      vertex 1.7 -9.5 15
      vertex 2.9 -9.5 11.25136843870017
      vertex 1.6947594673463175 -9.5 15.133380462737337
    endloop
  endfacet
  facet normal -1 0 0
    outer loop
      vertex 2.9 -12.5 11.25136843870017
      vertex 2.9 -12.5 48
      vertex 2.9 -9.5 11.25136843870017
    endloop
  endfacet
  facet normal 0 1 0
    outer loop
      vertex 0.7717838495572295 -12.5 16.514711091120226
      vertex 1.5404596469903964 -12.5 48
      vertex 0.8882475600171129 -12.5 16.449488279401958
    endloop
  endfacet
  facet normal 0 1 0
    outer loop
      vertex 1.1040616821613123 -12.5 16.29269014152005
      vertex 0.9992349288972043 -12.5 16.37532889043741
      vertex 1.5404596469903964 -12.5 48
    endloop
  endfacet
  facet normal 0 1 0
    outer loop
      vertex 0.8882475600171129 -12.5 16.449488279401958
      vertex 1.5404596469903964 -12.5 48
      vertex 0.9992349288972043 -12.5 16.37532889043741
    endloop
  endfacet
  facet normal 0 1 0
    outer loop
      vertex 1.7 -12.5 15
      vertex 1.6947594673463175 -12.5 15.133380462737337
      vertex 1.5404596469903964 -12.5 48
    endloop
  endfacet
  facet normal 0 1 0
    outer loop
      vertex 1.6947594673463175 -12.5 15.133380462737337
      vertex 1.6790701790117342 -12.5 15.265938590568393
      vertex 1.5404596469903964 -12.5 48
    endloop
  endfacet
  facet normal 0 1 0
    outer loop
      vertex 1.6790701790117342 -12.5 15.265938590568393
      vertex 1.65302886467605 -12.5 15.396857118555038
      vertex 1.5404596469903964 -12.5 48
    endloop
  endfacet
  facet normal 0 1 0
    outer loop
      vertex 1.5705952052691874 -12.5 15.650561835020653
      vertex 1.5147110911202253 -12.5 15.77178384955723
      vertex 1.5404596469903964 -12.5 48
    endloop
  endfacet
  facet normal 0 1 0
    outer loop
      vertex 1.5147110911202253 -12.5 15.77178384955723
      vertex 1.4494882794019566 -12.5 15.888247560017113
      vertex 1.5404596469903964 -12.5 48
    endloop
  endfacet
  facet normal 0 1 0
    outer loop
      vertex 1.65302886467605 -12.5 15.396857118555038
      vertex 1.616796077701761 -12.5 15.525328890437411
      vertex 1.5404596469903964 -12.5 48
    endloop
  endfacet
  facet normal 0 1 0
    outer loop
      vertex 1.5705952052691874 -12.5 15.650561835020653
      vertex 1.5404596469903964 -12.5 48
      vertex 1.616796077701761 -12.5 15.525328890437411
    endloop
  endfacet
  facet normal 0 1 0
    outer loop
      vertex 1.2926901415200525 -12.5 16.104061682161312
      vertex 1.5404596469903964 -12.5 48
      vertex 1.3753288904374106 -12.5 15.999234928897204
    endloop
  endfacet
  facet normal 0 1 0
    outer loop
      vertex 1.2020815280171309 -12.5 16.202081528017132
      vertex 1.5404596469903964 -12.5 48
      vertex 1.2926901415200525 -12.5 16.104061682161312
    endloop
  endfacet
  facet normal 0 1 0
    outer loop
      vertex 1.4494882794019566 -12.5 15.888247560017113
      vertex 1.3753288904374106 -12.5 15.999234928897204
      vertex 1.5404596469903964 -12.5 48
    endloop
  endfacet
  facet normal 0 1 0
    outer loop
      vertex 1.1040616821613123 -12.5 16.29269014152005
      vertex 1.5404596469903964 -12.5 48
      vertex 1.2020815280171309 -12.5 16.202081528017132
    endloop
  endfacet
  facet normal 0 1 0
    outer loop
      vertex 1.7 -12.5 15
      vertex 2.9 -12.5 48
      vertex 2.9 -12.5 11.25136843870017
    endloop
  endfacet
  facet normal 0 1 0
    outer loop
      vertex -0.7717838495572295 -12.5 16.514711091120226
      vertex 1.5404596469903964 -12.5 48
      vertex -0.6505618350206526 -12.5 16.570595205269186
    endloop
  endfacet
  facet normal 0 1 0
    outer loop
      vertex -0.6505618350206526 -12.5 16.570595205269186
      vertex 1.5404596469903964 -12.5 48
      vertex -0.5253288904374106 -12.5 16.61679607770176
    endloop
  endfacet
  facet normal 0 1 0
    outer loop
      vertex -0.5253288904374106 -12.5 16.61679607770176
      vertex 1.5404596469903964 -12.5 48
      vertex -0.39685711855503913 -12.5 16.65302886467605
    endloop
  endfacet
  facet normal 0 1 0
    outer loop
      vertex -0.39685711855503913 -12.5 16.65302886467605
      vertex 1.5404596469903964 -12.5 48
      vertex -0.2659385905683925 -12.5 16.679070179011735
    endloop
  endfacet
  facet normal 0 1 0
    outer loop
      vertex -0.2659385905683925 -12.5 16.679070179011735
      vertex 1.5404596469903964 -12.5 48
      vertex -0.1333804627373364 -12.5 16.694759467346316
    endloop
  endfacet
  facet normal 0 1 0
    outer loop
      vertex -0.1333804627373364 -12.5 16.694759467346316
      vertex 1.5404596469903964 -12.5 48
      vertex 0 -12.5 16.7
    endloop
  endfacet
  facet normal 0 1 0
    outer loop
      vertex 0 -12.5 16.7
      vertex 1.5404596469903964 -12.5 48
      vertex 0.1333804627373364 -12.5 16.694759467346316
    endloop
  endfacet
  facet normal 0 1 0
    outer loop
      vertex 0.1333804627373364 -12.5 16.694759467346316
      vertex 1.5404596469903964 -12.5 48
      vertex 0.2659385905683925 -12.5 16.679070179011735
    endloop
  endfacet
  facet normal 0 1 0
    outer loop
      vertex 0.2659385905683925 -12.5 16.679070179011735
      vertex 1.5404596469903964 -12.5 48
      vertex 0.39685711855503913 -12.5 16.65302886467605
    endloop
  endfacet
  facet normal 0 1 0
    outer loop
      vertex 0.5253288904374106 -12.5 16.61679607770176
      vertex 0.39685711855503913 -12.5 16.65302886467605
      vertex 1.5404596469903964 -12.5 48
    endloop
  endfacet
  facet normal 0 1 0
    outer loop
      vertex 0.5253288904374106 -12.5 16.61679607770176
      vertex 1.5404596469903964 -12.5 48
      vertex 0.6505618350206526 -12.5 16.570595205269186
    endloop
  endfacet
  facet normal 0 1 0
    outer loop
      vertex 0.6505618350206526 -12.5 16.570595205269186
      vertex 1.5404596469903964 -12.5 48
      vertex 0.7717838495572295 -12.5 16.514711091120226
    endloop
  endfacet
  facet normal 0 -1 0
    outer loop
      vertex 1.6947594673463175 -9.5 15.133380462737337
      vertex 2.9 -9.5 11.25136843870017
      vertex 2.9 -9.5 48
    endloop
  endfacet
  facet normal 0 -1 0
    outer loop
      vertex -1.4494882794019566 -9.5 15.888247560017113
      vertex -1.3753288904374106 -9.5 15.999234928897204
      vertex 2.9 -9.5 48
    endloop
  endfacet
  facet normal 0 -1 0
    outer loop
      vertex -1.3753288904374106 -9.5 15.999234928897204
      vertex -1.2926901415200525 -9.5 16.104061682161312
      vertex 2.9 -9.5 48
    endloop
  endfacet
  facet normal 0 -1 0
    outer loop
      vertex -1.2926901415200525 -9.5 16.104061682161312
      vertex -1.2020815280171309 -9.5 16.202081528017132
      vertex 2.9 -9.5 48
    endloop
  endfacet
  facet normal 0 -1 0
    outer loop
      vertex -1.2020815280171309 -9.5 16.202081528017132
      vertex -1.1040616821613123 -9.5 16.29269014152005
      vertex 2.9 -9.5 48
    endloop
  endfacet
  facet normal 0 -1 0
    outer loop
      vertex -1.1040616821613123 -9.5 16.29269014152005
      vertex -0.9992349288972043 -9.5 16.37532889043741
      vertex 2.9 -9.5 48
    endloop
  endfacet
  facet normal 0 -1 0
    outer loop
      vertex -0.9992349288972043 -9.5 16.37532889043741
      vertex -0.8882475600171129 -9.5 16.449488279401958
      vertex 2.9 -9.5 48
    endloop
  endfacet
  facet normal 0 -1 0
    outer loop
      vertex -0.8882475600171129 -9.5 16.449488279401958
      vertex -0.7717838495572295 -9.5 16.514711091120226
      vertex 2.9 -9.5 48
    endloop
  endfacet
  facet normal 0 -1 0
    outer loop
      vertex 1.6947594673463175 -9.5 15.133380462737337
      vertex 2.9 -9.5 48
      vertex 1.6790701790117342 -9.5 15.265938590568393
    endloop
  endfacet
  facet normal 0 -1 0
    outer loop
      vertex 1.6790701790117342 -9.5 15.265938590568393
      vertex 2.9 -9.5 48
      vertex 1.65302886467605 -9.5 15.396857118555038
    endloop
  endfacet
  facet normal 0 -1 0
    outer loop
      vertex 0.7717838495572295 -9.5 16.514711091120226
      vertex 0.8882475600171129 -9.5 16.449488279401958
      vertex 2.9 -9.5 48
    endloop
  endfacet
  facet normal 0 -1 0
    outer loop
      vertex 1.2926901415200525 -9.5 16.104061682161312
      vertex 1.3753288904374106 -9.5 15.999234928897204
      vertex 2.9 -9.5 48
    endloop
  endfacet
  facet normal 0 -1 0
    outer loop
      vertex 1.2020815280171309 -9.5 16.202081528017132
      vertex 1.2926901415200525 -9.5 16.104061682161312
      vertex 2.9 -9.5 48
    endloop
  endfacet
  facet normal 0 -1 0
    outer loop
      vertex 1.1040616821613123 -9.5 16.29269014152005
      vertex 2.9 -9.5 48
      vertex 0.9992349288972043 -9.5 16.37532889043741
    endloop
  endfacet
  facet normal 0 -1 0
    outer loop
      vertex 0.8882475600171129 -9.5 16.449488279401958
      vertex 0.9992349288972043 -9.5 16.37532889043741
      vertex 2.9 -9.5 48
    endloop
  endfacet
  facet normal 0 -1 0
    outer loop
      vertex 1.1040616821613123 -9.5 16.29269014152005
      vertex 1.2020815280171309 -9.5 16.202081528017132
      vertex 2.9 -9.5 48
    endloop
  endfacet
  facet normal 0 -1 0
    outer loop
      vertex 1.5705952052691874 -9.5 15.650561835020653
      vertex 1.616796077701761 -9.5 15.525328890437411
      vertex 2.9 -9.5 48
    endloop
  endfacet
  facet normal 0 -1 0
    outer loop
      vertex 1.65302886467605 -9.5 15.396857118555038
      vertex 2.9 -9.5 48
      vertex 1.616796077701761 -9.5 15.525328890437411
    endloop
  endfacet
  facet normal 0 -1 0
    outer loop
      vertex 1.5705952052691874 -9.5 15.650561835020653
      vertex 2.9 -9.5 48
      vertex 1.5147110911202253 -9.5 15.77178384955723
    endloop
  endfacet
  facet normal 0 -1 0
    outer loop
      vertex 1.5147110911202253 -9.5 15.77178384955723
      vertex 2.9 -9.5 48
      vertex 1.4494882794019566 -9.5 15.888247560017113
    endloop
  endfacet
  facet normal 0 -1 0
    outer loop
      vertex 1.4494882794019566 -9.5 15.888247560017113
      vertex 2.9 -9.5 48
      vertex 1.3753288904374106 -9.5 15.999234928897204
    endloop
  endfacet
  facet normal 0 -1 0
    outer loop
      vertex -0.7717838495572295 -9.5 16.514711091120226
      vertex -0.6505618350206526 -9.5 16.570595205269186
      vertex 2.9 -9.5 48
    endloop
  endfacet
  facet normal 0 -1 0
    outer loop
      vertex -0.6505618350206526 -9.5 16.570595205269186
      vertex -0.5253288904374106 -9.5 16.61679607770176
      vertex 2.9 -9.5 48
    endloop
  endfacet
  facet normal 0 -1 0
    outer loop
      vertex -0.5253288904374106 -9.5 16.61679607770176
      vertex -0.39685711855503913 -9.5 16.65302886467605
      vertex 2.9 -9.5 48
    endloop
  endfacet
  facet normal 0 -1 0
    outer loop
      vertex -0.39685711855503913 -9.5 16.65302886467605
      vertex -0.2659385905683925 -9.5 16.679070179011735
      vertex 2.9 -9.5 48
    endloop
  endfacet
  facet normal 0 -1 0
    outer loop
      vertex -0.2659385905683925 -9.5 16.679070179011735
      vertex -0.1333804627373364 -9.5 16.694759467346316
      vertex 2.9 -9.5 48
    endloop
  endfacet
  facet normal 0 -1 0
    outer loop
      vertex -0.1333804627373364 -9.5 16.694759467346316
      vertex 0 -9.5 16.7
      vertex 2.9 -9.5 48
    endloop
  endfacet
  facet normal 0 -1 0
    outer loop
      vertex 0 -9.5 16.7
      vertex 0.1333804627373364 -9.5 16.694759467346316
      vertex 2.9 -9.5 48
    endloop
  endfacet
  facet normal 0 -1 0
    outer loop
      vertex 0.1333804627373364 -9.5 16.694759467346316
      vertex 0.2659385905683925 -9.5 16.679070179011735
      vertex 2.9 -9.5 48
    endloop
  endfacet
  facet normal 0 -1 0
    outer loop
      vertex 0.2659385905683925 -9.5 16.679070179011735
      vertex 0.39685711855503913 -9.5 16.65302886467605
      vertex 2.9 -9.5 48
    endloop
  endfacet
  facet normal 0 -1 0
    outer loop
      vertex 0.5253288904374106 -9.5 16.61679607770176
      vertex 2.9 -9.5 48
      vertex 0.39685711855503913 -9.5 16.65302886467605
    endloop
  endfacet
  facet normal 0 -1 0
    outer loop
      vertex 0.5253288904374106 -9.5 16.61679607770176
      vertex 0.6505618350206526 -9.5 16.570595205269186
      vertex 2.9 -9.5 48
    endloop
  endfacet
  facet normal 0 -1 0
    outer loop
      vertex 0.6505618350206526 -9.5 16.570595205269186
      vertex 0.7717838495572295 -9.5 16.514711091120226
      vertex 2.9 -9.5 48
    endloop
  endfacet
  facet normal -1 0 0
    outer loop
      vertex 2.9 -9.5 11.25136843870017
      vertex 2.9 -12.5 48
      vertex 2.9 -9.5 48
    endloop
  endfacet
  facet normal 0 1 0
    outer loop
      vertex 1.7 -12.5 15
      vertex 1.5404596469903964 -12.5 48
      vertex 2.9 -12.5 48
    endloop
  endfacet
  facet normal 0.1175373974578371 0.9930684569549264 2.1440142273038057e-17
    outer loop
      vertex -0.5253288904374106 -4.063257905067751 13.38320392229824
      vertex -0.32168229248416425 -4.087361068305825 0
      vertex -0.6413813066649465 -4.049522196440065 0
    endloop
  endfacet
  facet normal 0.03925981575906791 0.999229036240723 -3.018686066012617e-17
    outer loop
      vertex -0.2659385905683925 -4.0895512443190984 13.320929820988265
      vertex 0 -4.1 0
      vertex -0.32168229248416425 -4.087361068305825 0
    endloop
  endfacet
  facet normal 0.19509032201613005 0.98078528040323 1.600583497132113e-17
    outer loop
      vertex -0.8882475600171129 -4.000417445559639 13.550511720598044
      vertex -0.6413813066649465 -4.049522196440065 0
      vertex -0.957125991809212 -3.9867166736304736 0
    endloop
  endfacet
  facet normal 0.19509032201614795 0.9807852804032265 0
    outer loop
      vertex -0.6505618350206526 -4.047696075811035 13.429404794730813
      vertex -0.6413813066649465 -4.049522196440065 13.426017919010233
      vertex -0.6413813066649465 -4.049522196440065 0
    endloop
  endfacet
  facet normal 0.19509032201612525 0.980785280403231 -1.620445843508465e-17
    outer loop
      vertex -0.7717838495572295 -4.0235835179210335 13.485288908879774
      vertex -0.6505618350206526 -4.047696075811035 13.429404794730813
      vertex -0.6413813066649465 -4.049522196440065 0
    endloop
  endfacet
  facet normal 0.11753739745783953 0.993068456954926 0
    outer loop
      vertex -0.6413813066649465 -4.049522196440065 13.426017919010233
      vertex -0.5253288904374106 -4.063257905067751 13.38320392229824
      vertex -0.6413813066649465 -4.049522196440065 0
    endloop
  endfacet
  facet normal 0.11753739745784228 0.9930684569549258 0
    outer loop
      vertex -0.32168229248416425 -4.087361068305825 13.332017932702838
      vertex -0.32168229248416425 -4.087361068305825 0
      vertex -0.39685711855503913 -4.078463541303698 13.34697113532395
    endloop
  endfacet
  facet normal 0.11753739745783186 0.9930684569549271 -5.962079772562017e-17
    outer loop
      vertex -0.5253288904374106 -4.063257905067751 13.38320392229824
      vertex -0.39685711855503913 -4.078463541303698 13.34697113532395
      vertex -0.32168229248416425 -4.087361068305825 0
    endloop
  endfacet
  facet normal 0.0392598157590607 0.9992290362407232 0
    outer loop
      vertex -0.32168229248416425 -4.087361068305825 13.332017932702838
      vertex -0.2659385905683925 -4.0895512443190984 13.320929820988265
      vertex -0.32168229248416425 -4.087361068305825 0
    endloop
  endfacet
  facet normal 0.03925981575906882 0.9992290362407229 -1.2053631019388703e-17
    outer loop
      vertex -0.2659385905683925 -4.0895512443190984 13.320929820988265
      vertex -0.1333804627373364 -4.094759467346317 13.305240532653682
      vertex 0 -4.1 0
    endloop
  endfacet
  facet normal 0.039259815759070026 0.9992290362407229 0
    outer loop
      vertex -0.1333804627373364 -4.094759467346317 13.305240532653682
      vertex 0 -4.1 13.3
      vertex 0 -4.1 0
    endloop
  endfacet
  facet normal 0.19509032201613183 0.9807852804032297 5.0103658838925434e-17
    outer loop
      vertex -0.8882475600171129 -4.000417445559639 13.550511720598044
      vertex -0.7717838495572295 -4.0235835179210335 13.485288908879774
      vertex -0.6413813066649465 -4.049522196440065 0
    endloop
  endfacet
  facet normal 0.3461170570774929 0.9381913359224842 5.112713542183023e-18
    outer loop
      vertex -1.5147110911202253 -3.8079350838313095 14.22821615044277
      vertex -1.2669696769372842 -3.899331716810129 0
      vertex -1.5690020726968679 -3.787906083296275 0
    endloop
  endfacet
  facet normal 0.4186597375374274 0.9081431738250816 1.0777006428663114e-18
    outer loop
      vertex -1.7 -3.7275152116326407 15
      vertex -1.5690020726968679 -3.787906083296275 0
      vertex -1.8613610489321415 -3.653126749172308 0
    endloop
  endfacet
  facet normal 0.2714404498650742 0.9624552364536473 2.7337110722107545e-18
    outer loop
      vertex -1.2020815280171309 -3.9176320674827463 13.79791847198287
      vertex -0.957125991809212 -3.9867166736304736 0
      vertex -1.2669696769372842 -3.899331716810129 0
    endloop
  endfacet
  facet normal 0.6190939493098345 0.7853169308807444 0
    outer loop
      vertex -2.6627369981537528 -3.1176644589601263 30
      vertex -2.4099195343991395 -3.3169696769372843 0
      vertex -2.6627369981537528 -3.1176644589601263 0
    endloop
  endfacet
  facet normal 0.6788007455329405 0.7343225094356869 0
    outer loop
      vertex -2.899137802864845 -2.899137802864845 30
      vertex -2.6627369981537528 -3.1176644589601263 0
      vertex -2.899137802864845 -2.899137802864845 0
    endloop
  endfacet
  facet normal 0.7343225094356869 0.6788007455329405 0
    outer loop
      vertex -3.1176644589601263 -2.6627369981537528 30
      vertex -2.899137802864845 -2.899137802864845 0
      vertex -3.1176644589601263 -2.6627369981537528 0
    endloop
  endfacet
  facet normal 0.7853169308807444 0.6190939493098345 0
    outer loop
      vertex -3.3169696769372843 -2.4099195343991395 30
      vertex -3.1176644589601263 -2.6627369981537528 0
      vertex -3.3169696769372843 -2.4099195343991395 0
    endloop
  endfacet
  facet normal 0.8314696123025456 0.5555702330196016 0
    outer loop
      vertex -3.4958246738517778 -2.14224411533539 30
      vertex -3.3169696769372843 -2.4099195343991395 0
      vertex -3.4958246738517778 -2.14224411533539 0
    endloop
  endfacet
  facet normal 0.34611705707749896 0.9381913359224819 0
    outer loop
      vertex -1.2926901415200525 -3.8898429364652323 13.895938317838688
      vertex -1.2669696769372842 -3.899331716810129 13.868114076011373
      vertex -1.2669696769372842 -3.899331716810129 0
    endloop
  endfacet
  facet normal 0.34611705707748924 0.9381913359224855 -2.024350946669077e-17
    outer loop
      vertex -1.3753288904374106 -3.8593558924256306 14.000765071102796
      vertex -1.2926901415200525 -3.8898429364652323 13.895938317838688
      vertex -1.2669696769372842 -3.899331716810129 0
    endloop
  endfacet
  facet normal 0.34611705707749524 0.9381913359224832 3.3302961566330225e-17
    outer loop
      vertex -1.3753288904374106 -3.8593558924256306 14.000765071102796
      vertex -1.2669696769372842 -3.899331716810129 0
      vertex -1.4494882794019566 -3.831997049426046 14.111752439982887
    endloop
  endfacet
  facet normal 0.4186597375373702 0.9081431738251081 0
    outer loop
      vertex -1.5705952052691874 -3.787171639120716 14.349438164979347
      vertex -1.5690020726968679 -3.787906083296275 14.345982393284986
      vertex -1.5690020726968679 -3.787906083296275 0
    endloop
  endfacet
  facet normal 0.4186597375374297 0.9081431738250806 8.022394231949098e-18
    outer loop
      vertex -1.616796077701761 -3.7658727451972487 14.474671109562589
      vertex -1.5705952052691874 -3.787171639120716 14.349438164979347
      vertex -1.5690020726968679 -3.787906083296275 0
    endloop
  endfacet
  facet normal 0.41865973753742297 0.9081431738250836 -1.8616361525699518e-17
    outer loop
      vertex -1.616796077701761 -3.7658727451972487 14.474671109562589
      vertex -1.5690020726968679 -3.787906083296275 0
      vertex -1.65302886467605 -3.7491692016128018 14.603142881444962
    endloop
  endfacet
  facet normal 0.34611705707749146 0.9381913359224847 -2.4435578643646932e-17
    outer loop
      vertex -1.4494882794019566 -3.831997049426046 14.111752439982887
      vertex -1.2669696769372842 -3.899331716810129 0
      vertex -1.5147110911202253 -3.8079350838313095 14.22821615044277
    endloop
  endfacet
  facet normal 0.3461170570774942 0.9381913359224837 0
    outer loop
      vertex -1.5690020726968679 -3.787906083296275 14.345982393284986
      vertex -1.5147110911202253 -3.8079350838313095 14.22821615044277
      vertex -1.5690020726968679 -3.787906083296275 0
    endloop
  endfacet
  facet normal 0.48862124149695546 0.8724960070727968 0
    outer loop
      vertex -2.14224411533539 -3.4958246738517778 30
      vertex -1.8613610489321415 -3.653126749172308 0
      vertex -2.14224411533539 -3.4958246738517778 0
    endloop
  endfacet
  facet normal 0.41865973753742747 0.9081431738250816 1.279808253910854e-17
    outer loop
      vertex -1.65302886467605 -3.7491692016128018 14.603142881444962
      vertex -1.5690020726968679 -3.787906083296275 0
      vertex -1.6790701790117342 -3.7371639912680648 14.734061409431607
    endloop
  endfacet
  facet normal 0.41865973753744273 0.9081431738250746 1.5048084711656782e-16
    outer loop
      vertex -1.6790701790117342 -3.7371639912680648 14.734061409431607
      vertex -1.5690020726968679 -3.787906083296275 0
      vertex -1.6947594673463175 -3.7299311302769507 14.866619537262663
    endloop
  endfacet
  facet normal 0.41865973753740476 0.908143173825092 -2.3916526720041416e-16
    outer loop
      vertex -1.6947594673463175 -3.7299311302769507 14.866619537262663
      vertex -1.5690020726968679 -3.787906083296275 0
      vertex -1.7 -3.7275152116326407 15
    endloop
  endfacet
  facet normal 0.5555702330196016 0.8314696123025456 0
    outer loop
      vertex -2.4099195343991395 -3.3169696769372843 30
      vertex -2.14224411533539 -3.4958246738517778 0
      vertex -2.4099195343991395 -3.3169696769372843 0
    endloop
  endfacet
  facet normal 0.27144044986507887 0.962455236453646 0
    outer loop
      vertex -0.957125991809212 -3.9867166736304736 13.596534817334906
      vertex -0.957125991809212 -3.9867166736304736 0
      vertex -0.9992349288972043 -3.974840725125459 13.62467110956259
    endloop
  endfacet
  facet normal 0.2714404498650718 0.962455236453648 -2.343700229348403e-17
    outer loop
      vertex -1.1040616821613123 -3.945276523086568 13.707309858479947
      vertex -0.9992349288972043 -3.974840725125459 13.62467110956259
      vertex -0.957125991809212 -3.9867166736304736 0
    endloop
  endfacet
  facet normal 0.27144044986507443 0.9624552364536472 6.902908772899435e-18
    outer loop
      vertex -1.1040616821613123 -3.945276523086568 13.707309858479947
      vertex -0.957125991809212 -3.9867166736304736 0
      vertex -1.2020815280171309 -3.9176320674827463 13.79791847198287
    endloop
  endfacet
  facet normal 0.2714404498650748 0.9624552364536472 0
    outer loop
      vertex -1.2020815280171309 -3.9176320674827463 13.79791847198287
      vertex -1.2669696769372842 -3.899331716810129 0
      vertex -1.2669696769372842 -3.899331716810129 13.868114076011373
    endloop
  endfacet
  facet normal 0.1950903220161331 0.9807852804032295 0
    outer loop
      vertex -0.8882475600171129 -4.000417445559639 13.550511720598044
      vertex -0.957125991809212 -3.9867166736304736 0
      vertex -0.957125991809212 -3.9867166736304736 13.596534817334906
    endloop
  endfacet
  facet normal 0.9381913359224842 0.34611705707749296 0
    outer loop
      vertex -3.899331716810129 -1.2669696769372842 30
      vertex -3.787906083296275 -1.5690020726968679 0
      vertex -3.899331716810129 -1.2669696769372842 0
    endloop
  endfacet
  facet normal 0.9624552364536473 0.27144044986507426 0
    outer loop
      vertex -3.9867166736304736 -0.957125991809212 30
      vertex -3.899331716810129 -1.2669696769372842 0
      vertex -3.9867166736304736 -0.957125991809212 0
    endloop
  endfacet
  facet normal 0.8724960070727968 0.48862124149695546 0
    outer loop
      vertex -3.653126749172308 -1.8613610489321415 30
      vertex -3.4958246738517778 -2.14224411533539 0
      vertex -3.653126749172308 -1.8613610489321415 0
    endloop
  endfacet
  facet normal 0.9081431738250816 0.41865973753742747 0
    outer loop
      vertex -3.787906083296275 -1.5690020726968679 30
      vertex -3.653126749172308 -1.8613610489321415 0
      vertex -3.787906083296275 -1.5690020726968679 0
    endloop
  endfacet
  facet normal 0.98078528040323 0.19509032201613002 0
    outer loop
      vertex -4.049522196440065 -0.6413813066649465 30
      vertex -3.9867166736304736 -0.957125991809212 0
      vertex -4.049522196440065 -0.6413813066649465 0
    endloop
  endfacet
  facet normal 0.9930684569549264 0.11753739745783712 0
    outer loop
      vertex -4.087361068305825 -0.32168229248416425 30
      vertex -4.049522196440065 -0.6413813066649465 0
      vertex -4.087361068305825 -0.32168229248416425 0
    endloop
  endfacet
  facet normal 0.9992290362407229 0.0392598157590679 0
    outer loop
      vertex -4.1 0 30
      vertex -4.087361068305825 -0.32168229248416425 0
      vertex -4.1 0 0
    endloop
  endfacet
  facet normal 0.19509032201613183 0.9807852804032298 -5.0103658838925434e-17
    outer loop
      vertex -0.8882475600171129 -4.000417445559639 16.449488279401958
      vertex -0.6413813066649465 -4.049522196440065 30
      vertex -0.7717838495572295 -4.0235835179210335 16.514711091120226
    endloop
  endfacet
  facet normal 0.19509032201612528 0.9807852804032311 1.620445843508465e-17
    outer loop
      vertex -0.7717838495572295 -4.0235835179210335 16.514711091120226
      vertex -0.6413813066649465 -4.049522196440065 30
      vertex -0.6505618350206526 -4.047696075811035 16.570595205269186
    endloop
  endfacet
  facet normal 0.19509032201614795 0.9807852804032264 0
    outer loop
      vertex -0.6505618350206526 -4.047696075811035 16.570595205269186
      vertex -0.6413813066649465 -4.049522196440065 30
      vertex -0.6413813066649465 -4.049522196440065 16.573982080989765
    endloop
  endfacet
  facet normal 0.11753739745783955 0.9930684569549261 0
    outer loop
      vertex -0.6413813066649465 -4.049522196440065 16.573982080989765
      vertex -0.6413813066649465 -4.049522196440065 30
      vertex -0.5253288904374106 -4.063257905067751 16.61679607770176
    endloop
  endfacet
  facet normal 0.11753739745783184 0.9930684569549271 5.962079772562016e-17
    outer loop
      vertex -0.5253288904374106 -4.063257905067751 16.61679607770176
      vertex -0.32168229248416425 -4.087361068305825 30
      vertex -0.39685711855503913 -4.078463541303698 16.65302886467605
    endloop
  endfacet
  facet normal 0.1175373974578423 0.9930684569549256 0
    outer loop
      vertex -0.32168229248416425 -4.087361068305825 16.66798206729716
      vertex -0.39685711855503913 -4.078463541303698 16.65302886467605
      vertex -0.32168229248416425 -4.087361068305825 30
    endloop
  endfacet
  facet normal 0.0392598157590607 0.9992290362407232 0
    outer loop
      vertex -0.32168229248416425 -4.087361068305825 16.66798206729716
      vertex -0.32168229248416425 -4.087361068305825 30
      vertex -0.2659385905683925 -4.0895512443190984 16.679070179011735
    endloop
  endfacet
  facet normal 0.03925981575906882 0.9992290362407229 1.20536310193887e-17
    outer loop
      vertex -0.2659385905683925 -4.0895512443190984 16.679070179011735
      vertex 0 -4.1 30
      vertex -0.1333804627373364 -4.094759467346317 16.694759467346316
    endloop
  endfacet
  facet normal 0.03925981575907002 0.9992290362407229 0
    outer loop
      vertex -0.1333804627373364 -4.094759467346317 16.694759467346316
      vertex 0 -4.1 30
      vertex 0 -4.1 16.7
    endloop
  endfacet
  facet normal 0.4186597375374282 0.9081431738250814 -1.0376912508740942e-17
    outer loop
      vertex -1.7 -3.7275152116326407 15
      vertex -1.8613610489321415 -3.653126749172308 0
      vertex -1.5690020726968679 -3.787906083296275 30
    endloop
  endfacet
  facet normal 0.6788007455329405 0.7343225094356869 0
    outer loop
      vertex -2.6627369981537528 -3.1176644589601263 30
      vertex -2.6627369981537528 -3.1176644589601263 0
      vertex -2.899137802864845 -2.899137802864845 30
    endloop
  endfacet
  facet normal 0.7853169308807444 0.6190939493098345 0
    outer loop
      vertex -3.1176644589601263 -2.6627369981537528 30
      vertex -3.1176644589601263 -2.6627369981537528 0
      vertex -3.3169696769372843 -2.4099195343991395 30
    endloop
  endfacet
  facet normal 0.7343225094356869 0.6788007455329405 0
    outer loop
      vertex -2.899137802864845 -2.899137802864845 30
      vertex -2.899137802864845 -2.899137802864845 0
      vertex -3.1176644589601263 -2.6627369981537528 30
    endloop
  endfacet
  facet normal 0.8314696123025456 0.5555702330196016 0
    outer loop
      vertex -3.3169696769372843 -2.4099195343991395 30
      vertex -3.3169696769372843 -2.4099195343991395 0
      vertex -3.4958246738517778 -2.14224411533539 30
    endloop
  endfacet
  facet normal 0.8724960070727968 0.48862124149695546 0
    outer loop
      vertex -3.4958246738517778 -2.14224411533539 30
      vertex -3.4958246738517778 -2.14224411533539 0
      vertex -3.653126749172308 -1.8613610489321415 30
    endloop
  endfacet
  facet normal 0.48862124149695546 0.8724960070727968 0
    outer loop
      vertex -2.14224411533539 -3.4958246738517778 30
      vertex -1.8613610489321415 -3.653126749172308 30
      vertex -1.8613610489321415 -3.653126749172308 0
    endloop
  endfacet
  facet normal 0.41865973753744273 0.9081431738250746 -1.5048084711656782e-16
    outer loop
      vertex -1.6790701790117342 -3.7371639912680648 15.265938590568393
      vertex -1.6947594673463175 -3.7299311302769507 15.133380462737337
      vertex -1.5690020726968679 -3.787906083296275 30
    endloop
  endfacet
  facet normal 0.4186597375374275 0.9081431738250816 -1.2798082539108543e-17
    outer loop
      vertex -1.6790701790117342 -3.7371639912680648 15.265938590568393
      vertex -1.5690020726968679 -3.787906083296275 30
      vertex -1.65302886467605 -3.7491692016128018 15.396857118555038
    endloop
  endfacet
  facet normal 0.41865973753742747 0.9081431738250816 0
    outer loop
      vertex -1.8613610489321415 -3.653126749172308 30
      vertex -1.5690020726968679 -3.787906083296275 30
      vertex -1.8613610489321415 -3.653126749172308 0
    endloop
  endfacet
  facet normal 0.41865973753740476 0.908143173825092 2.3916526720041416e-16
    outer loop
      vertex -1.7 -3.7275152116326407 15
      vertex -1.5690020726968679 -3.787906083296275 30
      vertex -1.6947594673463175 -3.7299311302769507 15.133380462737337
    endloop
  endfacet
  facet normal 0.41865973753742297 0.9081431738250836 1.8616361525699518e-17
    outer loop
      vertex -1.65302886467605 -3.7491692016128018 15.396857118555038
      vertex -1.5690020726968679 -3.787906083296275 30
      vertex -1.616796077701761 -3.7658727451972487 15.525328890437411
    endloop
  endfacet
  facet normal 0.4186597375373702 0.9081431738251081 0
    outer loop
      vertex -1.5705952052691874 -3.787171639120716 15.650561835020653
      vertex -1.5690020726968679 -3.787906083296275 30
      vertex -1.5690020726968679 -3.787906083296275 15.654017606715014
    endloop
  endfacet
  facet normal 0.4186597375374297 0.9081431738250806 -8.022394231949098e-18
    outer loop
      vertex -1.616796077701761 -3.7658727451972487 15.525328890437411
      vertex -1.5690020726968679 -3.787906083296275 30
      vertex -1.5705952052691874 -3.787171639120716 15.650561835020653
    endloop
  endfacet
  facet normal 0.3461170570774942 0.9381913359224837 0
    outer loop
      vertex -1.5690020726968679 -3.787906083296275 15.654017606715014
      vertex -1.5690020726968679 -3.787906083296275 30
      vertex -1.5147110911202253 -3.8079350838313095 15.77178384955723
    endloop
  endfacet
  facet normal 0.34611705707749146 0.9381913359224847 -1.1757810545639661e-17
    outer loop
      vertex -1.4494882794019566 -3.831997049426046 15.888247560017113
      vertex -1.5147110911202253 -3.8079350838313095 15.77178384955723
      vertex -1.5690020726968679 -3.787906083296275 30
    endloop
  endfacet
  facet normal 0.34611705707748924 0.9381913359224855 2.024350946669077e-17
    outer loop
      vertex -1.3753288904374106 -3.8593558924256306 15.999234928897204
      vertex -1.2669696769372842 -3.899331716810129 30
      vertex -1.2926901415200525 -3.8898429364652323 16.104061682161312
    endloop
  endfacet
  facet normal 0.34611705707749896 0.9381913359224819 0
    outer loop
      vertex -1.2926901415200525 -3.8898429364652323 16.104061682161312
      vertex -1.2669696769372842 -3.899331716810129 30
      vertex -1.2669696769372842 -3.899331716810129 16.131885923988627
    endloop
  endfacet
  facet normal 0.34611705707749524 0.9381913359224832 -3.409588922267142e-17
    outer loop
      vertex -1.4494882794019566 -3.831997049426046 15.888247560017113
      vertex -1.2669696769372842 -3.899331716810129 30
      vertex -1.3753288904374106 -3.8593558924256306 15.999234928897204
    endloop
  endfacet
  facet normal 0.5555702330196016 0.8314696123025456 0
    outer loop
      vertex -2.14224411533539 -3.4958246738517778 30
      vertex -2.14224411533539 -3.4958246738517778 0
      vertex -2.4099195343991395 -3.3169696769372843 30
    endloop
  endfacet
  facet normal 0.6190939493098345 0.7853169308807444 0
    outer loop
      vertex -2.6627369981537528 -3.1176644589601263 30
      vertex -2.4099195343991395 -3.3169696769372843 30
      vertex -2.4099195343991395 -3.3169696769372843 0
    endloop
  endfacet
  facet normal 0.2714404498650748 0.9624552364536472 0
    outer loop
      vertex -1.2669696769372842 -3.899331716810129 16.131885923988627
      vertex -1.2669696769372842 -3.899331716810129 30
      vertex -1.2020815280171309 -3.9176320674827463 16.202081528017132
    endloop
  endfacet
  facet normal 0.27144044986507443 0.9624552364536472 -1.6900596805697301e-18
    outer loop
      vertex -1.2020815280171309 -3.9176320674827463 16.202081528017132
      vertex -1.2669696769372842 -3.899331716810129 30
      vertex -1.1040616821613123 -3.945276523086568 16.29269014152005
    endloop
  endfacet
  facet normal 0.27144044986507176 0.9624552364536479 2.3437002293484022e-17
    outer loop
      vertex -1.1040616821613123 -3.945276523086568 16.29269014152005
      vertex -0.957125991809212 -3.9867166736304736 30
      vertex -0.9992349288972043 -3.974840725125459 16.37532889043741
    endloop
  endfacet
  facet normal 0.27144044986507887 0.962455236453646 0
    outer loop
      vertex -0.957125991809212 -3.9867166736304736 16.403465182665094
      vertex -0.9992349288972043 -3.974840725125459 16.37532889043741
      vertex -0.957125991809212 -3.9867166736304736 30
    endloop
  endfacet
  facet normal 0.1950903220161331 0.9807852804032295 0
    outer loop
      vertex -0.8882475600171129 -4.000417445559639 16.449488279401958
      vertex -0.957125991809212 -3.9867166736304736 16.403465182665094
      vertex -0.957125991809212 -3.9867166736304736 30
    endloop
  endfacet
  facet normal 0.9381913359224842 0.34611705707749296 0
    outer loop
      vertex -3.899331716810129 -1.2669696769372842 30
      vertex -3.787906083296275 -1.5690020726968679 30
      vertex -3.787906083296275 -1.5690020726968679 0
    endloop
  endfacet
  facet normal 0.9624552364536473 0.27144044986507426 0
    outer loop
      vertex -3.899331716810129 -1.2669696769372842 30
      vertex -3.899331716810129 -1.2669696769372842 0
      vertex -3.9867166736304736 -0.957125991809212 30
    endloop
  endfacet
  facet normal 0.9081431738250816 0.41865973753742747 0
    outer loop
      vertex -3.653126749172308 -1.8613610489321415 30
      vertex -3.653126749172308 -1.8613610489321415 0
      vertex -3.787906083296275 -1.5690020726968679 30
    endloop
  endfacet
  facet normal 0.98078528040323 0.19509032201613002 0
    outer loop
      vertex -3.9867166736304736 -0.957125991809212 30
      vertex -3.9867166736304736 -0.957125991809212 0
      vertex -4.049522196440065 -0.6413813066649465 30
    endloop
  endfacet
  facet normal 0.9930684569549264 0.11753739745783712 0
    outer loop
      vertex -4.049522196440065 -0.6413813066649465 30
      vertex -4.049522196440065 -0.6413813066649465 0
      vertex -4.087361068305825 -0.32168229248416425 30
    endloop
  endfacet
  facet normal 0.9992290362407229 0.0392598157590679 0
    outer loop
      vertex -4.087361068305825 -0.32168229248416425 30
      vertex -4.087361068305825 -0.32168229248416425 0
      vertex -4.1 0 30
    endloop
  endfacet
  facet normal 0.19509032201613002 0.98078528040323 -1.600583497132113e-17
    outer loop
      vertex -0.8882475600171129 -4.000417445559639 16.449488279401958
      vertex -0.957125991809212 -3.9867166736304736 30
      vertex -0.6413813066649465 -4.049522196440065 30
    endloop
  endfacet
  facet normal 0.1175373974578371 0.9930684569549264 -2.1440142273038057e-17
    outer loop
      vertex -0.5253288904374106 -4.063257905067751 16.61679607770176
      vertex -0.6413813066649465 -4.049522196440065 30
      vertex -0.32168229248416425 -4.087361068305825 30
    endloop
  endfacet
  facet normal 0.03925981575906791 0.999229036240723 3.018686066012617e-17
    outer loop
      vertex -0.2659385905683925 -4.0895512443190984 16.679070179011735
      vertex -0.32168229248416425 -4.087361068305825 30
      vertex 0 -4.1 30
    endloop
  endfacet
  facet normal 0.34611705707749296 0.9381913359224842 2.2910704693476415e-18
    outer loop
      vertex -1.4494882794019566 -3.831997049426046 15.888247560017113
      vertex -1.5690020726968679 -3.787906083296275 30
      vertex -1.2669696769372842 -3.899331716810129 30
    endloop
  endfacet
  facet normal 0.27144044986507426 0.9624552364536474 -4.324228165089436e-18
    outer loop
      vertex -1.1040616821613123 -3.945276523086568 16.29269014152005
      vertex -1.2669696769372842 -3.899331716810129 30
      vertex -0.957125991809212 -3.9867166736304736 30
    endloop
  endfacet
  facet normal 0 0 -1
    outer loop
      vertex -2.6627369981537528 -3.1176644589601263 30
      vertex -2.899137802864845 -2.899137802864845 30
      vertex -2.899137802864845 2.899137802864845 30
    endloop
  endfacet
  facet normal 0 0 -1
    outer loop
      vertex -2.6627369981537528 -3.1176644589601263 30
      vertex -2.6627369981537528 3.1176644589601263 30
      vertex -2.4099195343991395 -3.3169696769372843 30
    endloop
  endfacet
  facet normal 0 0 -1
    outer loop
      vertex -3.899331716810129 -1.2669696769372842 30
      vertex -3.899331716810129 1.2669696769372842 30
      vertex -3.787906083296275 -1.5690020726968679 30
    endloop
  endfacet
  facet normal 0 0 -1
    outer loop
      vertex -3.899331716810129 -1.2669696769372842 30
      vertex -3.9867166736304736 -0.957125991809212 30
      vertex -3.9867166736304736 0.957125991809212 30
    endloop
  endfacet
  facet normal 0 0 -1
    outer loop
      vertex -3.9867166736304736 -0.957125991809212 30
      vertex -4.049522196440065 -0.6413813066649465 30
      vertex -4.049522196440065 0.6413813066649465 30
    endloop
  endfacet
  facet normal 0 0 -1
    outer loop
      vertex -4.049522196440065 -0.6413813066649465 30
      vertex -4.087361068305825 -0.32168229248416425 30
      vertex -4.087361068305825 0.32168229248416425 30
    endloop
  endfacet
  facet normal 0 0 -1
    outer loop
      vertex -3.1176644589601263 -2.6627369981537528 30
      vertex -3.3169696769372843 -2.4099195343991395 30
      vertex -3.3169696769372843 2.4099195343991395 30
    endloop
  endfacet
  facet normal 0 0 -1
    outer loop
      vertex -3.3169696769372843 -2.4099195343991395 30
      vertex -3.4958246738517778 -2.14224411533539 30
      vertex -3.4958246738517778 2.14224411533539 30
    endloop
  endfacet
  facet normal 0 0 -1
    outer loop
      vertex -3.4958246738517778 -2.14224411533539 30
      vertex -3.653126749172308 -1.8613610489321415 30
      vertex -3.653126749172308 1.8613610489321415 30
    endloop
  endfacet
  facet normal 0 0 -1
    outer loop
      vertex -3.653126749172308 -1.8613610489321415 30
      vertex -3.787906083296275 -1.5690020726968679 30
      vertex -3.787906083296275 1.5690020726968679 30
    endloop
  endfacet
  facet normal 0 0 -1
    outer loop
      vertex -2.899137802864845 -2.899137802864845 30
      vertex -3.1176644589601263 -2.6627369981537528 30
      vertex -3.1176644589601263 2.6627369981537528 30
    endloop
  endfacet
  facet normal 0 0 -1
    outer loop
      vertex -2.14224411533539 -3.4958246738517778 30
      vertex -2.4099195343991395 -3.3169696769372843 30
      vertex -2.4099195343991395 3.3169696769372843 30
    endloop
  endfacet
  facet normal 0 0 -1
    outer loop
      vertex -2.14224411533539 -3.4958246738517778 30
      vertex -2.14224411533539 3.4958246738517778 30
      vertex -1.8613610489321415 -3.653126749172308 30
    endloop
  endfacet
  facet normal 0 0 -1
    outer loop
      vertex -1.8613610489321415 -3.653126749172308 30
      vertex -1.8613610489321415 3.653126749172308 30
      vertex -1.5690020726968679 -3.787906083296275 30
    endloop
  endfacet
  facet normal 0 0 -1
    outer loop
      vertex -1.2669696769372842 -3.899331716810129 30
      vertex -1.5690020726968679 -3.787906083296275 30
      vertex -1.5690020726968679 3.787906083296275 30
    endloop
  endfacet
  facet normal 0 0 -1
    outer loop
      vertex -0.957125991809212 -3.9867166736304736 30
      vertex -1.2669696769372842 -3.899331716810129 30
      vertex -1.2669696769372842 3.899331716810129 30
    endloop
  endfacet
  facet normal 0 0 -1
    outer loop
      vertex -0.957125991809212 -3.9867166736304736 30
      vertex -0.957125991809212 3.9867166736304736 30
      vertex -0.6413813066649465 -4.049522196440065 30
    endloop
  endfacet
  facet normal 0 0 -1
    outer loop
      vertex -0.6413813066649465 -4.049522196440065 30
      vertex -0.6413813066649465 4.049522196440065 30
      vertex -0.32168229248416425 -4.087361068305825 30
    endloop
  endfacet
  facet normal 0 0 -1
    outer loop
      vertex -0.32168229248416425 -4.087361068305825 30
      vertex -0.32168229248416425 4.087361068305825 30
      vertex 0 -4.1 30
    endloop
  endfacet
  facet normal 0.9992290362407229 -0.0392598157590679 0
    outer loop
      vertex -4.087361068305825 0.32168229248416425 30
      vertex -4.1 0 0
      vertex -4.087361068305825 0.32168229248416425 0
    endloop
  endfacet
  facet normal 0.9930684569549264 -0.11753739745783712 0
    outer loop
      vertex -4.049522196440065 0.6413813066649465 30
      vertex -4.087361068305825 0.32168229248416425 0
      vertex -4.049522196440065 0.6413813066649465 0
    endloop
  endfacet
  facet normal 0.98078528040323 -0.19509032201613002 0
    outer loop
      vertex -3.9867166736304736 0.957125991809212 30
      vertex -4.049522196440065 0.6413813066649465 0
      vertex -3.9867166736304736 0.957125991809212 0
    endloop
  endfacet
  facet normal 0.9624552364536473 -0.27144044986507426 0
    outer loop
      vertex -3.899331716810129 1.2669696769372842 30
      vertex -3.9867166736304736 0.957125991809212 0
      vertex -3.899331716810129 1.2669696769372842 0
    endloop
  endfacet
  facet normal 0.9381913359224842 -0.34611705707749296 0
    outer loop
      vertex -3.787906083296275 1.5690020726968679 30
      vertex -3.899331716810129 1.2669696769372842 0
      vertex -3.787906083296275 1.5690020726968679 0
    endloop
  endfacet
  facet normal 0.9081431738250816 -0.41865973753742747 0
    outer loop
      vertex -3.653126749172308 1.8613610489321415 30
      vertex -3.787906083296275 1.5690020726968679 0
      vertex -3.653126749172308 1.8613610489321415 0
    endloop
  endfacet
  facet normal 0.8724960070727968 -0.48862124149695546 0
    outer loop
      vertex -3.4958246738517778 2.14224411533539 30
      vertex -3.653126749172308 1.8613610489321415 0
      vertex -3.4958246738517778 2.14224411533539 0
    endloop
  endfacet
  facet normal 0.8314696123025456 -0.5555702330196016 0
    outer loop
      vertex -3.3169696769372843 2.4099195343991395 30
      vertex -3.4958246738517778 2.14224411533539 0
      vertex -3.3169696769372843 2.4099195343991395 0
    endloop
  endfacet
  facet normal 0.7853169308807444 -0.6190939493098345 0
    outer loop
      vertex -3.1176644589601263 2.6627369981537528 30
      vertex -3.3169696769372843 2.4099195343991395 0
      vertex -3.1176644589601263 2.6627369981537528 0
    endloop
  endfacet
  facet normal 0.7343225094356869 -0.6788007455329405 0
    outer loop
      vertex -2.899137802864845 2.899137802864845 30
      vertex -3.1176644589601263 2.6627369981537528 0
      vertex -2.899137802864845 2.899137802864845 0
    endloop
  endfacet
  facet normal 0.6788007455329405 -0.7343225094356869 0
    outer loop
      vertex -2.6627369981537528 3.1176644589601263 30
      vertex -2.899137802864845 2.899137802864845 0
      vertex -2.6627369981537528 3.1176644589601263 0
    endloop
  endfacet
  facet normal 0.6190939493098345 -0.7853169308807444 0
    outer loop
      vertex -2.4099195343991395 3.3169696769372843 30
      vertex -2.6627369981537528 3.1176644589601263 0
      vertex -2.4099195343991395 3.3169696769372843 0
    endloop
  endfacet
  facet normal 0.5555702330196016 -0.8314696123025456 0
    outer loop
      vertex -2.14224411533539 3.4958246738517778 30
      vertex -2.4099195343991395 3.3169696769372843 0
      vertex -2.14224411533539 3.4958246738517778 0
    endloop
  endfacet
  facet normal 0.48862124149695546 -0.8724960070727968 0
    outer loop
      vertex -1.8613610489321415 3.653126749172308 30
      vertex -2.14224411533539 3.4958246738517778 0
      vertex -1.8613610489321415 3.653126749172308 0
    endloop
  endfacet
  facet normal 0.41865973753742747 -0.9081431738250816 0
    outer loop
      vertex -1.5690020726968679 3.787906083296275 30
      vertex -1.8613610489321415 3.653126749172308 0
      vertex -1.5690020726968679 3.787906083296275 0
    endloop
  endfacet
  facet normal 0.34611705707749296 -0.9381913359224842 0
    outer loop
      vertex -1.2669696769372842 3.899331716810129 30
      vertex -1.5690020726968679 3.787906083296275 0
      vertex -1.2669696769372842 3.899331716810129 0
    endloop
  endfacet
  facet normal 0.27144044986507426 -0.9624552364536473 0
    outer loop
      vertex -0.957125991809212 3.9867166736304736 30
      vertex -1.2669696769372842 3.899331716810129 0
      vertex -0.957125991809212 3.9867166736304736 0
    endloop
  endfacet
  facet normal 0.19509032201613002 -0.98078528040323 0
    outer loop
      vertex -0.6413813066649465 4.049522196440065 30
      vertex -0.957125991809212 3.9867166736304736 0
      vertex -0.6413813066649465 4.049522196440065 0
    endloop
  endfacet
  facet normal 0.11753739745783712 -0.9930684569549264 0
    outer loop
      vertex -0.32168229248416425 4.087361068305825 30
      vertex -0.6413813066649465 4.049522196440065 0
      vertex -0.32168229248416425 4.087361068305825 0
    endloop
  endfacet
  facet normal 0.0392598157590679 -0.9992290362407229 0
    outer loop
      vertex 0 4.1 30
      vertex -0.32168229248416425 4.087361068305825 0
      vertex 0 4.1 0
    endloop
  endfacet
  facet normal 0.9992290362407229 -0.0392598157590679 0
    outer loop
      vertex -4.1 0 30
      vertex -4.1 0 0
      vertex -4.087361068305825 0.32168229248416425 30
    endloop
  endfacet
  facet normal 0.9930684569549264 -0.11753739745783712 0
    outer loop
      vertex -4.087361068305825 0.32168229248416425 30
      vertex -4.087361068305825 0.32168229248416425 0
      vertex -4.049522196440065 0.6413813066649465 30
    endloop
  endfacet
  facet normal 0.98078528040323 -0.19509032201613002 0
    outer loop
      vertex -4.049522196440065 0.6413813066649465 30
      vertex -4.049522196440065 0.6413813066649465 0
      vertex -3.9867166736304736 0.957125991809212 30
    endloop
  endfacet
  facet normal 0.9624552364536473 -0.27144044986507426 0
    outer loop
      vertex -3.9867166736304736 0.957125991809212 30
      vertex -3.9867166736304736 0.957125991809212 0
      vertex -3.899331716810129 1.2669696769372842 30
    endloop
  endfacet
  facet normal 0.9381913359224842 -0.34611705707749296 0
    outer loop
      vertex -3.899331716810129 1.2669696769372842 30
      vertex -3.899331716810129 1.2669696769372842 0
      vertex -3.787906083296275 1.5690020726968679 30
    endloop
  endfacet
  facet normal 0.9081431738250816 -0.41865973753742747 0
    outer loop
      vertex -3.787906083296275 1.5690020726968679 30
      vertex -3.787906083296275 1.5690020726968679 0
      vertex -3.653126749172308 1.8613610489321415 30
    endloop
  endfacet
  facet normal 0.8724960070727968 -0.48862124149695546 0
    outer loop
      vertex -3.653126749172308 1.8613610489321415 30
      vertex -3.653126749172308 1.8613610489321415 0
      vertex -3.4958246738517778 2.14224411533539 30
    endloop
  endfacet
  facet normal 0.8314696123025456 -0.5555702330196016 0
    outer loop
      vertex -3.4958246738517778 2.14224411533539 30
      vertex -3.4958246738517778 2.14224411533539 0
      vertex -3.3169696769372843 2.4099195343991395 30
    endloop
  endfacet
  facet normal 0.7853169308807444 -0.6190939493098345 0
    outer loop
      vertex -3.3169696769372843 2.4099195343991395 30
      vertex -3.3169696769372843 2.4099195343991395 0
      vertex -3.1176644589601263 2.6627369981537528 30
    endloop
  endfacet
  facet normal 0.7343225094356869 -0.6788007455329405 0
    outer loop
      vertex -3.1176644589601263 2.6627369981537528 30
      vertex -3.1176644589601263 2.6627369981537528 0
      vertex -2.899137802864845 2.899137802864845 30
    endloop
  endfacet
  facet normal 0.6788007455329405 -0.7343225094356869 0
    outer loop
      vertex -2.899137802864845 2.899137802864845 30
      vertex -2.899137802864845 2.899137802864845 0
      vertex -2.6627369981537528 3.1176644589601263 30
    endloop
  endfacet
  facet normal 0.6190939493098345 -0.7853169308807444 0
    outer loop
      vertex -2.6627369981537528 3.1176644589601263 30
      vertex -2.6627369981537528 3.1176644589601263 0
      vertex -2.4099195343991395 3.3169696769372843 30
    endloop
  endfacet
  facet normal 0.5555702330196016 -0.8314696123025456 0
    outer loop
      vertex -2.4099195343991395 3.3169696769372843 30
      vertex -2.4099195343991395 3.3169696769372843 0
      vertex -2.14224411533539 3.4958246738517778 30
    endloop
  endfacet
  facet normal 0.48862124149695546 -0.8724960070727968 0
    outer loop
      vertex -2.14224411533539 3.4958246738517778 30
      vertex -2.14224411533539 3.4958246738517778 0
      vertex -1.8613610489321415 3.653126749172308 30
    endloop
  endfacet
  facet normal 0.41865973753742747 -0.9081431738250816 0
    outer loop
      vertex -1.8613610489321415 3.653126749172308 30
      vertex -1.8613610489321415 3.653126749172308 0
      vertex -1.5690020726968679 3.787906083296275 30
    endloop
  endfacet
  facet normal 0.34611705707749296 -0.9381913359224842 0
    outer loop
      vertex -1.5690020726968679 3.787906083296275 30
      vertex -1.5690020726968679 3.787906083296275 0
      vertex -1.2669696769372842 3.899331716810129 30
    endloop
  endfacet
  facet normal 0.27144044986507426 -0.9624552364536473 0
    outer loop
      vertex -1.2669696769372842 3.899331716810129 30
      vertex -1.2669696769372842 3.899331716810129 0
      vertex -0.957125991809212 3.9867166736304736 30
    endloop
  endfacet
  facet normal 0.19509032201613002 -0.98078528040323 0
    outer loop
      vertex -0.957125991809212 3.9867166736304736 30
      vertex -0.957125991809212 3.9867166736304736 0
      vertex -0.6413813066649465 4.049522196440065 30
    endloop
  endfacet
  facet normal 0.11753739745783712 -0.9930684569549264 0
    outer loop
      vertex -0.6413813066649465 4.049522196440065 30
      vertex -0.6413813066649465 4.049522196440065 0
      vertex -0.32168229248416425 4.087361068305825 30
    endloop
  endfacet
  facet normal 0.0392598157590679 -0.9992290362407229 0
    outer loop
      vertex -0.32168229248416425 4.087361068305825 30
      vertex -0.32168229248416425 4.087361068305825 0
      vertex 0 4.1 30
    endloop
  endfacet
  facet normal 0 0 -1
    outer loop
      vertex -4.087361068305825 -0.32168229248416425 30
      vertex -4.1 0 30
      vertex -4.087361068305825 0.32168229248416425 30
    endloop
  endfacet
  facet normal 0 0 -1
    outer loop
      vertex -4.049522196440065 -0.6413813066649465 30
      vertex -4.087361068305825 0.32168229248416425 30
      vertex -4.049522196440065 0.6413813066649465 30
    endloop
  endfacet
  facet normal 0 0 -1
    outer loop
      vertex -3.9867166736304736 -0.957125991809212 30
      vertex -4.049522196440065 0.6413813066649465 30
      vertex -3.9867166736304736 0.957125991809212 30
    endloop
  endfacet
  facet normal 0 0 -1
    outer loop
      vertex -3.899331716810129 -1.2669696769372842 30
      vertex -3.9867166736304736 0.957125991809212 30
      vertex -3.899331716810129 1.2669696769372842 30
    endloop
  endfacet
  facet normal 0 0 -1
    outer loop
      vertex -3.787906083296275 -1.5690020726968679 30
      vertex -3.899331716810129 1.2669696769372842 30
      vertex -3.787906083296275 1.5690020726968679 30
    endloop
  endfacet
  facet normal 0 0 -1
    outer loop
      vertex -3.653126749172308 -1.8613610489321415 30
      vertex -3.787906083296275 1.5690020726968679 30
      vertex -3.653126749172308 1.8613610489321415 30
    endloop
  endfacet
  facet normal 0 0 -1
    outer loop
      vertex -3.4958246738517778 -2.14224411533539 30
      vertex -3.653126749172308 1.8613610489321415 30
      vertex -3.4958246738517778 2.14224411533539 30
    endloop
  endfacet
  facet normal 0 0 -1
    outer loop
      vertex -3.3169696769372843 -2.4099195343991395 30
      vertex -3.4958246738517778 2.14224411533539 30
      vertex -3.3169696769372843 2.4099195343991395 30
    endloop
  endfacet
  facet normal 0 0 -1
    outer loop
      vertex -3.1176644589601263 -2.6627369981537528 30
      vertex -3.3169696769372843 2.4099195343991395 30
      vertex -3.1176644589601263 2.6627369981537528 30
    endloop
  endfacet
  facet normal 0 0 -1
    outer loop
      vertex -2.899137802864845 -2.899137802864845 30
      vertex -3.1176644589601263 2.6627369981537528 30
      vertex -2.899137802864845 2.899137802864845 30
    endloop
  endfacet
  facet normal 0 0 -1
    outer loop
      vertex -2.6627369981537528 -3.1176644589601263 30
      vertex -2.899137802864845 2.899137802864845 30
      vertex -2.6627369981537528 3.1176644589601263 30
    endloop
  endfacet
  facet normal 0 0 -1
    outer loop
      vertex -2.4099195343991395 -3.3169696769372843 30
      vertex -2.6627369981537528 3.1176644589601263 30
      vertex -2.4099195343991395 3.3169696769372843 30
    endloop
  endfacet
  facet normal 0 0 -1
    outer loop
      vertex -2.14224411533539 -3.4958246738517778 30
      vertex -2.4099195343991395 3.3169696769372843 30
      vertex -2.14224411533539 3.4958246738517778 30
    endloop
  endfacet
  facet normal 0 0 -1
    outer loop
      vertex -1.8613610489321415 -3.653126749172308 30
      vertex -2.14224411533539 3.4958246738517778 30
      vertex -1.8613610489321415 3.653126749172308 30
    endloop
  endfacet
  facet normal 0 0 -1
    outer loop
      vertex -1.5690020726968679 -3.787906083296275 30
      vertex -1.8613610489321415 3.653126749172308 30
      vertex -1.5690020726968679 3.787906083296275 30
    endloop
  endfacet
  facet normal 0 0 -1
    outer loop
      vertex -1.2669696769372842 -3.899331716810129 30
      vertex -1.5690020726968679 3.787906083296275 30
      vertex -1.2669696769372842 3.899331716810129 30
    endloop
  endfacet
  facet normal 0 0 -1
    outer loop
      vertex -0.957125991809212 -3.9867166736304736 30
      vertex -1.2669696769372842 3.899331716810129 30
      vertex -0.957125991809212 3.9867166736304736 30
    endloop
  endfacet
  facet normal 0 0 -1
    outer loop
      vertex -0.6413813066649465 -4.049522196440065 30
      vertex -0.957125991809212 3.9867166736304736 30
      vertex -0.6413813066649465 4.049522196440065 30
    endloop
  endfacet
  facet normal 0 0 -1
    outer loop
      vertex -0.32168229248416425 -4.087361068305825 30
      vertex -0.6413813066649465 4.049522196440065 30
      vertex -0.32168229248416425 4.087361068305825 30
    endloop
  endfacet
  facet normal 0 0 -1
    outer loop
      vertex -0.32168229248416425 4.087361068305825 30
      vertex 0 4.1 30
      vertex 0 -4.1 30
    endloop
  endfacet
  facet normal -0.039259815759067916 0.999229036240723 0
    outer loop
      vertex 0 -4.1 13.3
      vertex 0.32168229248416425 -4.087361068305825 0
      vertex 0 -4.1 0
    endloop
  endfacet
  facet normal -0.11753739745783712 0.9930684569549263 0
    outer loop
      vertex 0.32168229248416425 -4.087361068305825 13.332017932702838
      vertex 0.6413813066649465 -4.049522196440065 0
      vertex 0.32168229248416425 -4.087361068305825 0
    endloop
  endfacet
  facet normal -0.19509032201613002 0.98078528040323 0
    outer loop
      vertex 0.6413813066649465 -4.049522196440065 13.426017919010233
      vertex 0.957125991809212 -3.9867166736304736 0
      vertex 0.6413813066649465 -4.049522196440065 0
    endloop
  endfacet
  facet normal -0.03925981575907002 0.9992290362407229 -5.088443966234459e-17
    outer loop
      vertex 0 -4.1 13.3
      vertex 0.1333804627373364 -4.094759467346317 13.305240532653682
      vertex 0.32168229248416425 -4.087361068305825 0
    endloop
  endfacet
  facet normal -0.03925981575906882 0.999229036240723 -3.4095272082653233e-17
    outer loop
      vertex 0.1333804627373364 -4.094759467346317 13.305240532653682
      vertex 0.2659385905683925 -4.0895512443190984 13.320929820988265
      vertex 0.32168229248416425 -4.087361068305825 0
    endloop
  endfacet
  facet normal -0.0392598157590607 0.9992290362407232 0
    outer loop
      vertex 0.2659385905683925 -4.0895512443190984 13.320929820988265
      vertex 0.32168229248416425 -4.087361068305825 13.332017932702838
      vertex 0.32168229248416425 -4.087361068305825 0
    endloop
  endfacet
  facet normal -0.11753739745784224 0.9930684569549257 -1.253089655318227e-16
    outer loop
      vertex 0.32168229248416425 -4.087361068305825 13.332017932702838
      vertex 0.39685711855503913 -4.078463541303698 13.34697113532395
      vertex 0.6413813066649465 -4.049522196440065 0
    endloop
  endfacet
  facet normal -0.11753739745783189 0.993068456954927 6.721606777743035e-17
    outer loop
      vertex 0.39685711855503913 -4.078463541303698 13.34697113532395
      vertex 0.5253288904374106 -4.063257905067751 13.38320392229824
      vertex 0.6413813066649465 -4.049522196440065 0
    endloop
  endfacet
  facet normal -0.11753739745783955 0.993068456954926 0
    outer loop
      vertex 0.5253288904374106 -4.063257905067751 13.38320392229824
      vertex 0.6413813066649465 -4.049522196440065 13.426017919010233
      vertex 0.6413813066649465 -4.049522196440065 0
    endloop
  endfacet
  facet normal -0.19509032201614782 0.9807852804032267 -4.3363624796025583e-16
    outer loop
      vertex 0.6505618350206526 -4.047696075811035 13.429404794730813
      vertex 0.957125991809212 -3.9867166736304736 0
      vertex 0.6413813066649465 -4.049522196440065 13.426017919010233
    endloop
  endfacet
  facet normal -0.1950903220161253 0.9807852804032309 9.98037159837662e-17
    outer loop
      vertex 0.6505618350206526 -4.047696075811035 13.429404794730813
      vertex 0.7717838495572295 -4.0235835179210335 13.485288908879774
      vertex 0.957125991809212 -3.9867166736304736 0
    endloop
  endfacet
  facet normal -0.19509032201613183 0.9807852804032298 6.45022096049471e-18
    outer loop
      vertex 0.7717838495572295 -4.0235835179210335 13.485288908879774
      vertex 0.8882475600171129 -4.000417445559639 13.550511720598044
      vertex 0.957125991809212 -3.9867166736304736 0
    endloop
  endfacet
  facet normal -0.2714404498650742 0.9624552364536473 0
    outer loop
      vertex 0.957125991809212 -3.9867166736304736 13.596534817334906
      vertex 1.2669696769372842 -3.899331716810129 0
      vertex 0.957125991809212 -3.9867166736304736 0
    endloop
  endfacet
  facet normal -0.3461170570774929 0.9381913359224842 0
    outer loop
      vertex 1.2669696769372842 -3.899331716810129 13.868114076011373
      vertex 1.5690020726968679 -3.787906083296275 0
      vertex 1.2669696769372842 -3.899331716810129 0
    endloop
  endfacet
  facet normal -0.41865973753742747 0.9081431738250816 0
    outer loop
      vertex 1.5690020726968679 -3.787906083296275 14.345982393284986
      vertex 1.8613610489321415 -3.653126749172308 0
      vertex 1.5690020726968679 -3.787906083296275 0
    endloop
  endfacet
  facet normal -0.1950903220161331 0.9807852804032295 0
    outer loop
      vertex 0.8882475600171129 -4.000417445559639 13.550511720598044
      vertex 0.957125991809212 -3.9867166736304736 13.596534817334906
      vertex 0.957125991809212 -3.9867166736304736 0
    endloop
  endfacet
  facet normal -0.2714404498650788 0.9624552364536461 -1.1202368000546414e-16
    outer loop
      vertex 0.957125991809212 -3.9867166736304736 13.596534817334906
      vertex 0.9992349288972043 -3.974840725125459 13.62467110956259
      vertex 1.2669696769372842 -3.899331716810129 0
    endloop
  endfacet
  facet normal -0.2714404498650719 0.9624552364536479 3.5686017380365314e-17
    outer loop
      vertex 0.9992349288972043 -3.974840725125459 13.62467110956259
      vertex 1.1040616821613123 -3.945276523086568 13.707309858479947
      vertex 1.2669696769372842 -3.899331716810129 0
    endloop
  endfacet
  facet normal -0.27144044986507443 0.9624552364536472 1.8437014697124325e-18
    outer loop
      vertex 1.1040616821613123 -3.945276523086568 13.707309858479947
      vertex 1.2020815280171309 -3.9176320674827463 13.79791847198287
      vertex 1.2669696769372842 -3.899331716810129 0
    endloop
  endfacet
  facet normal -0.2714404498650748 0.9624552364536472 0
    outer loop
      vertex 1.2020815280171309 -3.9176320674827463 13.79791847198287
      vertex 1.2669696769372842 -3.899331716810129 13.868114076011373
      vertex 1.2669696769372842 -3.899331716810129 0
    endloop
  endfacet
  facet normal -0.34611705707749874 0.9381913359224819 -1.43761219888956e-16
    outer loop
      vertex 1.2669696769372842 -3.899331716810129 13.868114076011373
      vertex 1.2926901415200525 -3.8898429364652323 13.895938317838688
      vertex 1.5690020726968679 -3.787906083296275 0
    endloop
  endfacet
  facet normal -0.34611705707748935 0.9381913359224855 6.911966775970447e-17
    outer loop
      vertex 1.2926901415200525 -3.8898429364652323 13.895938317838688
      vertex 1.3753288904374106 -3.8593558924256306 14.000765071102796
      vertex 1.5690020726968679 -3.787906083296275 0
    endloop
  endfacet
  facet normal -0.34611705707749524 0.9381913359224833 -2.533894220539364e-17
    outer loop
      vertex 1.3753288904374106 -3.8593558924256306 14.000765071102796
      vertex 1.4494882794019566 -3.831997049426046 14.111752439982887
      vertex 1.5690020726968679 -3.787906083296275 0
    endloop
  endfacet
  facet normal -0.34611705707749146 0.9381913359224847 1.1757810545639661e-17
    outer loop
      vertex 1.4494882794019566 -3.831997049426046 14.111752439982887
      vertex 1.5147110911202253 -3.8079350838313095 14.22821615044277
      vertex 1.5690020726968679 -3.787906083296275 0
    endloop
  endfacet
  facet normal -0.3461170570774942 0.9381913359224837 0
    outer loop
      vertex 1.5147110911202253 -3.8079350838313095 14.22821615044277
      vertex 1.5690020726968679 -3.787906083296275 14.345982393284986
      vertex 1.5690020726968679 -3.787906083296275 0
    endloop
  endfacet
  facet normal -0.41865973753737257 0.908143173825107 1.3563196238644702e-15
    outer loop
      vertex 1.5705952052691874 -3.787171639120716 14.349438164979347
      vertex 1.8613610489321415 -3.653126749172308 0
      vertex 1.5690020726968679 -3.787906083296275 14.345982393284986
    endloop
  endfacet
  facet normal -0.41865973753742963 0.9081431738250806 -4.5051324107016754e-17
    outer loop
      vertex 1.5705952052691874 -3.787171639120716 14.349438164979347
      vertex 1.616796077701761 -3.7658727451972487 14.474671109562589
      vertex 1.8613610489321415 -3.653126749172308 0
    endloop
  endfacet
  facet normal -0.41865973753742336 0.9081431738250835 8.360410471714984e-17
    outer loop
      vertex 1.616796077701761 -3.7658727451972487 14.474671109562589
      vertex 1.65302886467605 -3.7491692016128018 14.603142881444962
      vertex 1.8613610489321415 -3.653126749172308 0
    endloop
  endfacet
  facet normal -0.4186597375374275 0.9081431738250815 1.0629826346052199e-17
    outer loop
      vertex 1.65302886467605 -3.7491692016128018 14.603142881444962
      vertex 1.6790701790117342 -3.7371639912680648 14.734061409431607
      vertex 1.8613610489321415 -3.653126749172308 0
    endloop
  endfacet
  facet normal -0.41865973753744046 0.9081431738250757 -1.8201321556393483e-16
    outer loop
      vertex 1.6790701790117342 -3.7371639912680648 14.734061409431607
      vertex 1.6947594673463175 -3.7299311302769507 14.866619537262663
      vertex 1.8613610489321415 -3.653126749172308 0
    endloop
  endfacet
  facet normal -0.41865973753741353 0.9081431738250879 1.8191577804754335e-16
    outer loop
      vertex 1.6947594673463175 -3.7299311302769507 14.866619537262663
      vertex 1.7 -3.7275152116326407 15
      vertex 1.8613610489321415 -3.653126749172308 0
    endloop
  endfacet
  facet normal -0.48862124149695546 0.8724960070727968 0
    outer loop
      vertex 1.8613610489321415 -3.653126749172308 30
      vertex 2.14224411533539 -3.4958246738517778 0
      vertex 1.8613610489321415 -3.653126749172308 0
    endloop
  endfacet
  facet normal -0.5555702330196016 0.8314696123025456 0
    outer loop
      vertex 2.14224411533539 -3.4958246738517778 30
      vertex 2.4099195343991395 -3.3169696769372843 0
      vertex 2.14224411533539 -3.4958246738517778 0
    endloop
  endfacet
  facet normal -0.6190939493098345 0.7853169308807444 0
    outer loop
      vertex 2.4099195343991395 -3.3169696769372843 30
      vertex 2.6627369981537528 -3.1176644589601263 0
      vertex 2.4099195343991395 -3.3169696769372843 0
    endloop
  endfacet
  facet normal -0.6788007455329405 0.7343225094356869 0
    outer loop
      vertex 2.6627369981537528 -3.1176644589601263 30
      vertex 2.899137802864845 -2.899137802864845 0
      vertex 2.6627369981537528 -3.1176644589601263 0
    endloop
  endfacet
  facet normal -0.7343225094356869 0.6788007455329405 0
    outer loop
      vertex 2.899137802864845 -2.899137802864845 30
      vertex 3.1176644589601263 -2.6627369981537528 0
      vertex 2.899137802864845 -2.899137802864845 0
    endloop
  endfacet
  facet normal -0.7853169308807444 0.6190939493098345 0
    outer loop
      vertex 3.1176644589601263 -2.6627369981537528 30
      vertex 3.3169696769372843 -2.4099195343991395 0
      vertex 3.1176644589601263 -2.6627369981537528 0
    endloop
  endfacet
  facet normal -0.8314696123025456 0.5555702330196016 0
    outer loop
      vertex 3.3169696769372843 -2.4099195343991395 30
      vertex 3.4958246738517778 -2.14224411533539 0
      vertex 3.3169696769372843 -2.4099195343991395 0
    endloop
  endfacet
  facet normal -0.8724960070727968 0.48862124149695546 0
    outer loop
      vertex 3.4958246738517778 -2.14224411533539 30
      vertex 3.653126749172308 -1.8613610489321415 0
      vertex 3.4958246738517778 -2.14224411533539 0
    endloop
  endfacet
  facet normal -0.9081431738250816 0.41865973753742747 0
    outer loop
      vertex 3.653126749172308 -1.8613610489321415 30
      vertex 3.787906083296275 -1.5690020726968679 0
      vertex 3.653126749172308 -1.8613610489321415 0
    endloop
  endfacet
  facet normal -0.9381913359224842 0.34611705707749296 0
    outer loop
      vertex 3.787906083296275 -1.5690020726968679 30
      vertex 3.899331716810129 -1.2669696769372842 0
      vertex 3.787906083296275 -1.5690020726968679 0
    endloop
  endfacet
  facet normal -0.9624552364536473 0.27144044986507426 0
    outer loop
      vertex 3.899331716810129 -1.2669696769372842 30
      vertex 3.9867166736304736 -0.957125991809212 0
      vertex 3.899331716810129 -1.2669696769372842 0
    endloop
  endfacet
  facet normal -0.98078528040323 0.19509032201613002 0
    outer loop
      vertex 3.9867166736304736 -0.957125991809212 30
      vertex 4.049522196440065 -0.6413813066649465 0
      vertex 3.9867166736304736 -0.957125991809212 0
    endloop
  endfacet
  facet normal -0.9930684569549264 0.11753739745783712 0
    outer loop
      vertex 4.049522196440065 -0.6413813066649465 30
      vertex 4.087361068305825 -0.32168229248416425 0
      vertex 4.049522196440065 -0.6413813066649465 0
    endloop
  endfacet
  facet normal -0.9992290362407229 0.0392598157590679 0
    outer loop
      vertex 4.087361068305825 -0.32168229248416425 30
      vertex 4.1 0 0
      vertex 4.087361068305825 -0.32168229248416425 0
    endloop
  endfacet
  facet normal -0.1950903220161318 0.9807852804032297 -6.45022096049471e-18
    outer loop
      vertex 0.7717838495572295 -4.0235835179210335 16.514711091120226
      vertex 0.957125991809212 -3.9867166736304736 30
      vertex 0.8882475600171129 -4.000417445559639 16.449488279401958
    endloop
  endfacet
  facet normal -0.03925981575907002 0.9992290362407228 5.088443966234457e-17
    outer loop
      vertex 0 -4.1 16.7
      vertex 0.32168229248416425 -4.087361068305825 30
      vertex 0.1333804627373364 -4.094759467346317 16.694759467346316
    endloop
  endfacet
  facet normal -0.03925981575906071 0.9992290362407232 0
    outer loop
      vertex 0.2659385905683925 -4.0895512443190984 16.679070179011735
      vertex 0.32168229248416425 -4.087361068305825 30
      vertex 0.32168229248416425 -4.087361068305825 16.66798206729716
    endloop
  endfacet
  facet normal -0.03925981575906882 0.999229036240723 3.4095272082653233e-17
    outer loop
      vertex 0.1333804627373364 -4.094759467346317 16.694759467346316
      vertex 0.32168229248416425 -4.087361068305825 30
      vertex 0.2659385905683925 -4.0895512443190984 16.679070179011735
    endloop
  endfacet
  facet normal -0.11753739745784227 0.9930684569549257 1.253089655318227e-16
    outer loop
      vertex 0.32168229248416425 -4.087361068305825 16.66798206729716
      vertex 0.6413813066649465 -4.049522196440065 30
      vertex 0.39685711855503913 -4.078463541303698 16.65302886467605
    endloop
  endfacet
  facet normal -0.11753739745783189 0.993068456954927 -6.734100470638469e-17
    outer loop
      vertex 0.5253288904374106 -4.063257905067751 16.61679607770176
      vertex 0.39685711855503913 -4.078463541303698 16.65302886467605
      vertex 0.6413813066649465 -4.049522196440065 30
    endloop
  endfacet
  facet normal -0.11753739745783956 0.9930684569549261 0
    outer loop
      vertex 0.5253288904374106 -4.063257905067751 16.61679607770176
      vertex 0.6413813066649465 -4.049522196440065 30
      vertex 0.6413813066649465 -4.049522196440065 16.573982080989765
    endloop
  endfacet
  facet normal -0.1950903220161478 0.9807852804032265 4.3363624796025574e-16
    outer loop
      vertex 0.6505618350206526 -4.047696075811035 16.570595205269186
      vertex 0.6413813066649465 -4.049522196440065 16.573982080989765
      vertex 0.957125991809212 -3.9867166736304736 30
    endloop
  endfacet
  facet normal -0.1950903220161253 0.9807852804032311 -9.980371598376622e-17
    outer loop
      vertex 0.6505618350206526 -4.047696075811035 16.570595205269186
      vertex 0.957125991809212 -3.9867166736304736 30
      vertex 0.7717838495572295 -4.0235835179210335 16.514711091120226
    endloop
  endfacet
  facet normal -0.41865973753742747 0.9081431738250815 0
    outer loop
      vertex 1.7 -3.7275152116326407 15
      vertex 1.8613610489321415 -3.653126749172308 30
      vertex 1.8613610489321415 -3.653126749172308 0
    endloop
  endfacet
  facet normal -0.1950903220161331 0.9807852804032295 0
    outer loop
      vertex 0.8882475600171129 -4.000417445559639 16.449488279401958
      vertex 0.957125991809212 -3.9867166736304736 30
      vertex 0.957125991809212 -3.9867166736304736 16.403465182665094
    endloop
  endfacet
  facet normal -0.2714404498650748 0.9624552364536472 0
    outer loop
      vertex 1.2669696769372842 -3.899331716810129 16.131885923988627
      vertex 1.2020815280171309 -3.9176320674827463 16.202081528017132
      vertex 1.2669696769372842 -3.899331716810129 30
    endloop
  endfacet
  facet normal -0.2714404498650788 0.9624552364536461 1.1202368000546404e-16
    outer loop
      vertex 0.957125991809212 -3.9867166736304736 16.403465182665094
      vertex 1.2669696769372842 -3.899331716810129 30
      vertex 0.9992349288972043 -3.974840725125459 16.37532889043741
    endloop
  endfacet
  facet normal -0.2714404498650719 0.9624552364536479 -3.5110436454875547e-17
    outer loop
      vertex 1.1040616821613123 -3.945276523086568 16.29269014152005
      vertex 0.9992349288972043 -3.974840725125459 16.37532889043741
      vertex 1.2669696769372842 -3.899331716810129 30
    endloop
  endfacet
  facet normal -0.27144044986507443 0.9624552364536472 -1.843701469712433e-18
    outer loop
      vertex 1.1040616821613123 -3.945276523086568 16.29269014152005
      vertex 1.2669696769372842 -3.899331716810129 30
      vertex 1.2020815280171309 -3.9176320674827463 16.202081528017132
    endloop
  endfacet
  facet normal -0.41865973753741353 0.908143173825088 -1.8191577804754338e-16
    outer loop
      vertex 1.7 -3.7275152116326407 15
      vertex 1.6947594673463175 -3.7299311302769507 15.133380462737337
      vertex 1.8613610489321415 -3.653126749172308 30
    endloop
  endfacet
  facet normal -0.41865973753744046 0.9081431738250757 1.8201321556393483e-16
    outer loop
      vertex 1.6790701790117342 -3.7371639912680648 15.265938590568393
      vertex 1.8613610489321415 -3.653126749172308 30
      vertex 1.6947594673463175 -3.7299311302769507 15.133380462737337
    endloop
  endfacet
  facet normal -0.4186597375374276 0.9081431738250816 -1.0629826346052202e-17
    outer loop
      vertex 1.6790701790117342 -3.7371639912680648 15.265938590568393
      vertex 1.65302886467605 -3.7491692016128018 15.396857118555038
      vertex 1.8613610489321415 -3.653126749172308 30
    endloop
  endfacet
  facet normal -0.48862124149695546 0.8724960070727968 0
    outer loop
      vertex 1.8613610489321415 -3.653126749172308 30
      vertex 2.14224411533539 -3.4958246738517778 30
      vertex 2.14224411533539 -3.4958246738517778 0
    endloop
  endfacet
  facet normal -0.3461170570774942 0.9381913359224837 0
    outer loop
      vertex 1.5690020726968679 -3.787906083296275 15.654017606715014
      vertex 1.5147110911202253 -3.8079350838313095 15.77178384955723
      vertex 1.5690020726968679 -3.787906083296275 30
    endloop
  endfacet
  facet normal -0.34611705707749146 0.9381913359224847 -1.1757810545639661e-17
    outer loop
      vertex 1.4494882794019566 -3.831997049426046 15.888247560017113
      vertex 1.5690020726968679 -3.787906083296275 30
      vertex 1.5147110911202253 -3.8079350838313095 15.77178384955723
    endloop
  endfacet
  facet normal -0.34611705707749874 0.9381913359224819 1.43761219888956e-16
    outer loop
      vertex 1.2669696769372842 -3.899331716810129 16.131885923988627
      vertex 1.5690020726968679 -3.787906083296275 30
      vertex 1.2926901415200525 -3.8898429364652323 16.104061682161312
    endloop
  endfacet
  facet normal -0.34611705707748935 0.9381913359224855 -6.911966775970447e-17
    outer loop
      vertex 1.2926901415200525 -3.8898429364652323 16.104061682161312
      vertex 1.5690020726968679 -3.787906083296275 30
      vertex 1.3753288904374106 -3.8593558924256306 15.999234928897204
    endloop
  endfacet
  facet normal -0.34611705707749524 0.9381913359224833 2.4955018838645252e-17
    outer loop
      vertex 1.4494882794019566 -3.831997049426046 15.888247560017113
      vertex 1.3753288904374106 -3.8593558924256306 15.999234928897204
      vertex 1.5690020726968679 -3.787906083296275 30
    endloop
  endfacet
  facet normal -0.4186597375374233 0.9081431738250835 -8.289559535514007e-17
    outer loop
      vertex 1.65302886467605 -3.7491692016128018 15.396857118555038
      vertex 1.616796077701761 -3.7658727451972487 15.525328890437411
      vertex 1.8613610489321415 -3.653126749172308 30
    endloop
  endfacet
  facet normal -0.41865973753737257 0.908143173825107 -1.3563196238644702e-15
    outer loop
      vertex 1.5705952052691874 -3.787171639120716 15.650561835020653
      vertex 1.5690020726968679 -3.787906083296275 15.654017606715014
      vertex 1.8613610489321415 -3.653126749172308 30
    endloop
  endfacet
  facet normal -0.41865973753742963 0.9081431738250806 4.5051324107016754e-17
    outer loop
      vertex 1.5705952052691874 -3.787171639120716 15.650561835020653
      vertex 1.8613610489321415 -3.653126749172308 30
      vertex 1.616796077701761 -3.7658727451972487 15.525328890437411
    endloop
  endfacet
  facet normal -0.5555702330196016 0.8314696123025456 0
    outer loop
      vertex 2.14224411533539 -3.4958246738517778 30
      vertex 2.4099195343991395 -3.3169696769372843 30
      vertex 2.4099195343991395 -3.3169696769372843 0
    endloop
  endfacet
  facet normal -0.6190939493098345 0.7853169308807444 0
    outer loop
      vertex 2.4099195343991395 -3.3169696769372843 30
      vertex 2.6627369981537528 -3.1176644589601263 30
      vertex 2.6627369981537528 -3.1176644589601263 0
    endloop
  endfacet
  facet normal -0.6788007455329405 0.7343225094356869 0
    outer loop
      vertex 2.6627369981537528 -3.1176644589601263 30
      vertex 2.899137802864845 -2.899137802864845 30
      vertex 2.899137802864845 -2.899137802864845 0
    endloop
  endfacet
  facet normal -0.7343225094356869 0.6788007455329405 0
    outer loop
      vertex 2.899137802864845 -2.899137802864845 30
      vertex 3.1176644589601263 -2.6627369981537528 30
      vertex 3.1176644589601263 -2.6627369981537528 0
    endloop
  endfacet
  facet normal -0.7853169308807444 0.6190939493098345 0
    outer loop
      vertex 3.1176644589601263 -2.6627369981537528 30
      vertex 3.3169696769372843 -2.4099195343991395 30
      vertex 3.3169696769372843 -2.4099195343991395 0
    endloop
  endfacet
  facet normal -0.8314696123025456 0.5555702330196016 0
    outer loop
      vertex 3.3169696769372843 -2.4099195343991395 30
      vertex 3.4958246738517778 -2.14224411533539 30
      vertex 3.4958246738517778 -2.14224411533539 0
    endloop
  endfacet
  facet normal -0.8724960070727968 0.48862124149695546 0
    outer loop
      vertex 3.4958246738517778 -2.14224411533539 30
      vertex 3.653126749172308 -1.8613610489321415 30
      vertex 3.653126749172308 -1.8613610489321415 0
    endloop
  endfacet
  facet normal -0.9081431738250816 0.41865973753742747 0
    outer loop
      vertex 3.653126749172308 -1.8613610489321415 30
      vertex 3.787906083296275 -1.5690020726968679 30
      vertex 3.787906083296275 -1.5690020726968679 0
    endloop
  endfacet
  facet normal -0.9381913359224842 0.34611705707749296 0
    outer loop
      vertex 3.787906083296275 -1.5690020726968679 30
      vertex 3.899331716810129 -1.2669696769372842 30
      vertex 3.899331716810129 -1.2669696769372842 0
    endloop
  endfacet
  facet normal -0.9624552364536473 0.27144044986507426 0
    outer loop
      vertex 3.899331716810129 -1.2669696769372842 30
      vertex 3.9867166736304736 -0.957125991809212 30
      vertex 3.9867166736304736 -0.957125991809212 0
    endloop
  endfacet
  facet normal -0.98078528040323 0.19509032201613002 0
    outer loop
      vertex 3.9867166736304736 -0.957125991809212 30
      vertex 4.049522196440065 -0.6413813066649465 30
      vertex 4.049522196440065 -0.6413813066649465 0
    endloop
  endfacet
  facet normal -0.9930684569549264 0.11753739745783712 0
    outer loop
      vertex 4.049522196440065 -0.6413813066649465 30
      vertex 4.087361068305825 -0.32168229248416425 30
      vertex 4.087361068305825 -0.32168229248416425 0
    endloop
  endfacet
  facet normal -0.9992290362407229 0.0392598157590679 0
    outer loop
      vertex 4.087361068305825 -0.32168229248416425 30
      vertex 4.1 0 30
      vertex 4.1 0 0
    endloop
  endfacet
  facet normal -0.039259815759067916 0.999229036240723 0
    outer loop
      vertex 0 -4.1 16.7
      vertex 0 -4.1 30
      vertex 0.32168229248416425 -4.087361068305825 30
    endloop
  endfacet
  facet normal -0.11753739745783709 0.9930684569549263 0
    outer loop
      vertex 0.32168229248416425 -4.087361068305825 16.66798206729716
      vertex 0.32168229248416425 -4.087361068305825 30
      vertex 0.6413813066649465 -4.049522196440065 30
    endloop
  endfacet
  facet normal -0.19509032201613005 0.98078528040323 0
    outer loop
      vertex 0.6413813066649465 -4.049522196440065 16.573982080989765
      vertex 0.6413813066649465 -4.049522196440065 30
      vertex 0.957125991809212 -3.9867166736304736 30
    endloop
  endfacet
  facet normal -0.2714404498650742 0.9624552364536473 0
    outer loop
      vertex 0.957125991809212 -3.9867166736304736 16.403465182665094
      vertex 0.957125991809212 -3.9867166736304736 30
      vertex 1.2669696769372842 -3.899331716810129 30
    endloop
  endfacet
  facet normal -0.3461170570774929 0.9381913359224842 0
    outer loop
      vertex 1.2669696769372842 -3.899331716810129 16.131885923988627
      vertex 1.2669696769372842 -3.899331716810129 30
      vertex 1.5690020726968679 -3.787906083296275 30
    endloop
  endfacet
  facet normal -0.41865973753742747 0.9081431738250816 0
    outer loop
      vertex 1.5690020726968679 -3.787906083296275 15.654017606715014
      vertex 1.5690020726968679 -3.787906083296275 30
      vertex 1.8613610489321415 -3.653126749172308 30
    endloop
  endfacet
  facet normal 0 0 -1
    outer loop
      vertex 0 -4.1 30
      vertex 0 4.1 30
      vertex 0.32168229248416425 -4.087361068305825 30
    endloop
  endfacet
  facet normal 0 0 -1
    outer loop
      vertex 0.32168229248416425 -4.087361068305825 30
      vertex 0.32168229248416425 4.087361068305825 30
      vertex 0.6413813066649465 -4.049522196440065 30
    endloop
  endfacet
  facet normal 0 0 -1
    outer loop
      vertex 0.6413813066649465 -4.049522196440065 30
      vertex 0.6413813066649465 4.049522196440065 30
      vertex 0.957125991809212 -3.9867166736304736 30
    endloop
  endfacet
  facet normal 0 0 -1
    outer loop
      vertex 0.957125991809212 -3.9867166736304736 30
      vertex 0.957125991809212 3.9867166736304736 30
      vertex 1.2669696769372842 -3.899331716810129 30
    endloop
  endfacet
  facet normal 0 0 -1
    outer loop
      vertex 1.2669696769372842 -3.899331716810129 30
      vertex 1.2669696769372842 3.899331716810129 30
      vertex 1.5690020726968679 -3.787906083296275 30
    endloop
  endfacet
  facet normal 0 0 -1
    outer loop
      vertex 1.5690020726968679 -3.787906083296275 30
      vertex 1.5690020726968679 3.787906083296275 30
      vertex 1.8613610489321415 -3.653126749172308 30
    endloop
  endfacet
  facet normal 0 0 -1
    outer loop
      vertex 1.8613610489321415 -3.653126749172308 30
      vertex 1.8613610489321415 3.653126749172308 30
      vertex 2.14224411533539 -3.4958246738517778 30
    endloop
  endfacet
  facet normal 0 0 -1
    outer loop
      vertex 2.14224411533539 -3.4958246738517778 30
      vertex 2.14224411533539 3.4958246738517778 30
      vertex 2.4099195343991395 -3.3169696769372843 30
    endloop
  endfacet
  facet normal 0 0 -1
    outer loop
      vertex 2.4099195343991395 -3.3169696769372843 30
      vertex 2.4099195343991395 3.3169696769372843 30
      vertex 2.6627369981537528 -3.1176644589601263 30
    endloop
  endfacet
  facet normal 0 0 -1
    outer loop
      vertex 2.6627369981537528 -3.1176644589601263 30
      vertex 2.6627369981537528 3.1176644589601263 30
      vertex 2.899137802864845 -2.899137802864845 30
    endloop
  endfacet
  facet normal 0 0 -1
    outer loop
      vertex 2.899137802864845 -2.899137802864845 30
      vertex 2.899137802864845 2.899137802864845 30
      vertex 3.1176644589601263 -2.6627369981537528 30
    endloop
  endfacet
  facet normal 0 0 -1
    outer loop
      vertex 3.1176644589601263 -2.6627369981537528 30
      vertex 3.1176644589601263 2.6627369981537528 30
      vertex 3.3169696769372843 -2.4099195343991395 30
    endloop
  endfacet
  facet normal 0 0 -1
    outer loop
      vertex 3.3169696769372843 -2.4099195343991395 30
      vertex 3.3169696769372843 2.4099195343991395 30
      vertex 3.4958246738517778 -2.14224411533539 30
    endloop
  endfacet
  facet normal 0 0 -1
    outer loop
      vertex 3.4958246738517778 -2.14224411533539 30
      vertex 3.4958246738517778 2.14224411533539 30
      vertex 3.653126749172308 -1.8613610489321415 30
    endloop
  endfacet
  facet normal 0 0 -1
    outer loop
      vertex 3.653126749172308 -1.8613610489321415 30
      vertex 3.653126749172308 1.8613610489321415 30
      vertex 3.787906083296275 -1.5690020726968679 30
    endloop
  endfacet
  facet normal 0 0 -1
    outer loop
      vertex 3.787906083296275 -1.5690020726968679 30
      vertex 3.787906083296275 1.5690020726968679 30
      vertex 3.899331716810129 -1.2669696769372842 30
    endloop
  endfacet
  facet normal 0 0 -1
    outer loop
      vertex 3.899331716810129 -1.2669696769372842 30
      vertex 3.899331716810129 1.2669696769372842 30
      vertex 3.9867166736304736 -0.957125991809212 30
    endloop
  endfacet
  facet normal 0 0 -1
    outer loop
      vertex 3.9867166736304736 -0.957125991809212 30
      vertex 3.9867166736304736 0.957125991809212 30
      vertex 4.049522196440065 -0.6413813066649465 30
    endloop
  endfacet
  facet normal 0 0 -1
    outer loop
      vertex 4.049522196440065 -0.6413813066649465 30
      vertex 4.049522196440065 0.6413813066649465 30
      vertex 4.087361068305825 -0.32168229248416425 30
    endloop
  endfacet
  facet normal -0.9992290362407229 -0.0392598157590679 0
    outer loop
      vertex 4.1 0 30
      vertex 4.087361068305825 0.32168229248416425 0
      vertex 4.1 0 0
    endloop
  endfacet
  facet normal -0.9930684569549264 -0.11753739745783712 0
    outer loop
      vertex 4.087361068305825 0.32168229248416425 30
      vertex 4.049522196440065 0.6413813066649465 0
      vertex 4.087361068305825 0.32168229248416425 0
    endloop
  endfacet
  facet normal -0.98078528040323 -0.19509032201613002 0
    outer loop
      vertex 4.049522196440065 0.6413813066649465 30
      vertex 3.9867166736304736 0.957125991809212 0
      vertex 4.049522196440065 0.6413813066649465 0
    endloop
  endfacet
  facet normal -0.9081431738250816 -0.41865973753742747 0
    outer loop
      vertex 3.787906083296275 1.5690020726968679 30
      vertex 3.653126749172308 1.8613610489321415 0
      vertex 3.787906083296275 1.5690020726968679 0
    endloop
  endfacet
  facet normal -0.8724960070727968 -0.48862124149695546 0
    outer loop
      vertex 3.653126749172308 1.8613610489321415 30
      vertex 3.4958246738517778 2.14224411533539 0
      vertex 3.653126749172308 1.8613610489321415 0
    endloop
  endfacet
  facet normal -0.9624552364536473 -0.27144044986507426 0
    outer loop
      vertex 3.9867166736304736 0.957125991809212 30
      vertex 3.899331716810129 1.2669696769372842 0
      vertex 3.9867166736304736 0.957125991809212 0
    endloop
  endfacet
  facet normal -0.9381913359224842 -0.34611705707749296 0
    outer loop
      vertex 3.899331716810129 1.2669696769372842 30
      vertex 3.787906083296275 1.5690020726968679 0
      vertex 3.899331716810129 1.2669696769372842 0
    endloop
  endfacet
  facet normal -0.27144044986507426 -0.9624552364536473 0
    outer loop
      vertex 1.2669696769372842 3.899331716810129 30
      vertex 0.957125991809212 3.9867166736304736 0
      vertex 1.2669696769372842 3.899331716810129 0
    endloop
  endfacet
  facet normal -0.5555702330196016 -0.8314696123025456 0
    outer loop
      vertex 2.4099195343991395 3.3169696769372843 30
      vertex 2.14224411533539 3.4958246738517778 0
      vertex 2.4099195343991395 3.3169696769372843 0
    endloop
  endfacet
  facet normal -0.41865973753742747 -0.9081431738250816 0
    outer loop
      vertex 1.8613610489321415 3.653126749172308 30
      vertex 1.5690020726968679 3.787906083296275 0
      vertex 1.8613610489321415 3.653126749172308 0
    endloop
  endfacet
  facet normal -0.34611705707749296 -0.9381913359224842 0
    outer loop
      vertex 1.5690020726968679 3.787906083296275 30
      vertex 1.2669696769372842 3.899331716810129 0
      vertex 1.5690020726968679 3.787906083296275 0
    endloop
  endfacet
  facet normal -0.48862124149695546 -0.8724960070727968 0
    outer loop
      vertex 2.14224411533539 3.4958246738517778 30
      vertex 1.8613610489321415 3.653126749172308 0
      vertex 2.14224411533539 3.4958246738517778 0
    endloop
  endfacet
  facet normal -0.8314696123025456 -0.5555702330196016 0
    outer loop
      vertex 3.4958246738517778 2.14224411533539 30
      vertex 3.3169696769372843 2.4099195343991395 0
      vertex 3.4958246738517778 2.14224411533539 0
    endloop
  endfacet
  facet normal -0.7853169308807444 -0.6190939493098345 0
    outer loop
      vertex 3.3169696769372843 2.4099195343991395 30
      vertex 3.1176644589601263 2.6627369981537528 0
      vertex 3.3169696769372843 2.4099195343991395 0
    endloop
  endfacet
  facet normal -0.7343225094356869 -0.6788007455329405 0
    outer loop
      vertex 3.1176644589601263 2.6627369981537528 30
      vertex 2.899137802864845 2.899137802864845 0
      vertex 3.1176644589601263 2.6627369981537528 0
    endloop
  endfacet
  facet normal -0.6788007455329405 -0.7343225094356869 0
    outer loop
      vertex 2.899137802864845 2.899137802864845 30
      vertex 2.6627369981537528 3.1176644589601263 0
      vertex 2.899137802864845 2.899137802864845 0
    endloop
  endfacet
  facet normal -0.6190939493098345 -0.7853169308807444 0
    outer loop
      vertex 2.6627369981537528 3.1176644589601263 30
      vertex 2.4099195343991395 3.3169696769372843 0
      vertex 2.6627369981537528 3.1176644589601263 0
    endloop
  endfacet
  facet normal -0.0392598157590679 -0.9992290362407229 0
    outer loop
      vertex 0.32168229248416425 4.087361068305825 30
      vertex 0 4.1 0
      vertex 0.32168229248416425 4.087361068305825 0
    endloop
  endfacet
  facet normal -0.11753739745783712 -0.9930684569549264 0
    outer loop
      vertex 0.6413813066649465 4.049522196440065 30
      vertex 0.32168229248416425 4.087361068305825 0
      vertex 0.6413813066649465 4.049522196440065 0
    endloop
  endfacet
  facet normal -0.19509032201613002 -0.98078528040323 0
    outer loop
      vertex 0.957125991809212 3.9867166736304736 30
      vertex 0.6413813066649465 4.049522196440065 0
      vertex 0.957125991809212 3.9867166736304736 0
    endloop
  endfacet
  facet normal -0.9992290362407229 -0.0392598157590679 0
    outer loop
      vertex 4.1 0 30
      vertex 4.087361068305825 0.32168229248416425 30
      vertex 4.087361068305825 0.32168229248416425 0
    endloop
  endfacet
  facet normal -0.9930684569549264 -0.11753739745783712 0
    outer loop
      vertex 4.087361068305825 0.32168229248416425 30
      vertex 4.049522196440065 0.6413813066649465 30
      vertex 4.049522196440065 0.6413813066649465 0
    endloop
  endfacet
  facet normal -0.98078528040323 -0.19509032201613002 0
    outer loop
      vertex 4.049522196440065 0.6413813066649465 30
      vertex 3.9867166736304736 0.957125991809212 30
      vertex 3.9867166736304736 0.957125991809212 0
    endloop
  endfacet
  facet normal -0.9081431738250816 -0.41865973753742747 0
    outer loop
      vertex 3.787906083296275 1.5690020726968679 30
      vertex 3.653126749172308 1.8613610489321415 30
      vertex 3.653126749172308 1.8613610489321415 0
    endloop
  endfacet
  facet normal -0.9624552364536473 -0.27144044986507426 0
    outer loop
      vertex 3.9867166736304736 0.957125991809212 30
      vertex 3.899331716810129 1.2669696769372842 30
      vertex 3.899331716810129 1.2669696769372842 0
    endloop
  endfacet
  facet normal -0.9381913359224842 -0.34611705707749296 0
    outer loop
      vertex 3.899331716810129 1.2669696769372842 30
      vertex 3.787906083296275 1.5690020726968679 30
      vertex 3.787906083296275 1.5690020726968679 0
    endloop
  endfacet
  facet normal -0.27144044986507426 -0.9624552364536473 0
    outer loop
      vertex 1.2669696769372842 3.899331716810129 30
      vertex 0.957125991809212 3.9867166736304736 30
      vertex 0.957125991809212 3.9867166736304736 0
    endloop
  endfacet
  facet normal -0.6190939493098345 -0.7853169308807444 0
    outer loop
      vertex 2.4099195343991395 3.3169696769372843 30
      vertex 2.4099195343991395 3.3169696769372843 0
      vertex 2.6627369981537528 3.1176644589601263 30
    endloop
  endfacet
  facet normal -0.5555702330196016 -0.8314696123025456 0
    outer loop
      vertex 2.4099195343991395 3.3169696769372843 30
      vertex 2.14224411533539 3.4958246738517778 30
      vertex 2.14224411533539 3.4958246738517778 0
    endloop
  endfacet
  facet normal -0.41865973753742747 -0.9081431738250816 0
    outer loop
      vertex 1.8613610489321415 3.653126749172308 30
      vertex 1.5690020726968679 3.787906083296275 30
      vertex 1.5690020726968679 3.787906083296275 0
    endloop
  endfacet
  facet normal -0.34611705707749296 -0.9381913359224842 0
    outer loop
      vertex 1.2669696769372842 3.899331716810129 30
      vertex 1.2669696769372842 3.899331716810129 0
      vertex 1.5690020726968679 3.787906083296275 30
    endloop
  endfacet
  facet normal -0.48862124149695546 -0.8724960070727968 0
    outer loop
      vertex 1.8613610489321415 3.653126749172308 30
      vertex 1.8613610489321415 3.653126749172308 0
      vertex 2.14224411533539 3.4958246738517778 30
    endloop
  endfacet
  facet normal -0.8724960070727968 -0.48862124149695546 0
    outer loop
      vertex 3.653126749172308 1.8613610489321415 30
      vertex 3.4958246738517778 2.14224411533539 30
      vertex 3.4958246738517778 2.14224411533539 0
    endloop
  endfacet
  facet normal -0.8314696123025456 -0.5555702330196016 0
    outer loop
      vertex 3.4958246738517778 2.14224411533539 30
      vertex 3.3169696769372843 2.4099195343991395 30
      vertex 3.3169696769372843 2.4099195343991395 0
    endloop
  endfacet
  facet normal -0.7343225094356869 -0.6788007455329405 0
    outer loop
      vertex 3.1176644589601263 2.6627369981537528 30
      vertex 2.899137802864845 2.899137802864845 30
      vertex 2.899137802864845 2.899137802864845 0
    endloop
  endfacet
  facet normal -0.7853169308807444 -0.6190939493098345 0
    outer loop
      vertex 3.3169696769372843 2.4099195343991395 30
      vertex 3.1176644589601263 2.6627369981537528 30
      vertex 3.1176644589601263 2.6627369981537528 0
    endloop
  endfacet
  facet normal -0.6788007455329405 -0.7343225094356869 0
    outer loop
      vertex 2.899137802864845 2.899137802864845 30
      vertex 2.6627369981537528 3.1176644589601263 30
      vertex 2.6627369981537528 3.1176644589601263 0
    endloop
  endfacet
  facet normal -0.0392598157590679 -0.9992290362407229 0
    outer loop
      vertex 0 4.1 30
      vertex 0 4.1 0
      vertex 0.32168229248416425 4.087361068305825 30
    endloop
  endfacet
  facet normal -0.11753739745783712 -0.9930684569549264 0
    outer loop
      vertex 0.32168229248416425 4.087361068305825 30
      vertex 0.32168229248416425 4.087361068305825 0
      vertex 0.6413813066649465 4.049522196440065 30
    endloop
  endfacet
  facet normal -0.19509032201613002 -0.98078528040323 0
    outer loop
      vertex 0.957125991809212 3.9867166736304736 30
      vertex 0.6413813066649465 4.049522196440065 30
      vertex 0.6413813066649465 4.049522196440065 0
    endloop
  endfacet
  facet normal 0 0 -1
    outer loop
      vertex 0.32168229248416425 -4.087361068305825 30
      vertex 0 4.1 30
      vertex 0.32168229248416425 4.087361068305825 30
    endloop
  endfacet
  facet normal 0 0 -1
    outer loop
      vertex 0.6413813066649465 -4.049522196440065 30
      vertex 0.32168229248416425 4.087361068305825 30
      vertex 0.6413813066649465 4.049522196440065 30
    endloop
  endfacet
  facet normal 0 0 -1
    outer loop
      vertex 0.957125991809212 -3.9867166736304736 30
      vertex 0.6413813066649465 4.049522196440065 30
      vertex 0.957125991809212 3.9867166736304736 30
    endloop
  endfacet
  facet normal 0 0 -1
    outer loop
      vertex 1.2669696769372842 -3.899331716810129 30
      vertex 0.957125991809212 3.9867166736304736 30
      vertex 1.2669696769372842 3.899331716810129 30
    endloop
  endfacet
  facet normal 0 0 -1
    outer loop
      vertex 1.5690020726968679 -3.787906083296275 30
      vertex 1.2669696769372842 3.899331716810129 30
      vertex 1.5690020726968679 3.787906083296275 30
    endloop
  endfacet
  facet normal 0 0 -1
    outer loop
      vertex 1.8613610489321415 -3.653126749172308 30
      vertex 1.5690020726968679 3.787906083296275 30
      vertex 1.8613610489321415 3.653126749172308 30
    endloop
  endfacet
  facet normal 0 0 -1
    outer loop
      vertex 2.14224411533539 -3.4958246738517778 30
      vertex 1.8613610489321415 3.653126749172308 30
      vertex 2.14224411533539 3.4958246738517778 30
    endloop
  endfacet
  facet normal 0 0 -1
    outer loop
      vertex 2.4099195343991395 -3.3169696769372843 30
      vertex 2.14224411533539 3.4958246738517778 30
      vertex 2.4099195343991395 3.3169696769372843 30
    endloop
  endfacet
  facet normal 0 0 -1
    outer loop
      vertex 3.1176644589601263 -2.6627369981537528 30
      vertex 2.899137802864845 2.899137802864845 30
      vertex 3.1176644589601263 2.6627369981537528 30
    endloop
  endfacet
  facet normal 0 0 -1
    outer loop
      vertex 3.787906083296275 -1.5690020726968679 30
      vertex 3.653126749172308 1.8613610489321415 30
      vertex 3.787906083296275 1.5690020726968679 30
    endloop
  endfacet
  facet normal 0 0 -1
    outer loop
      vertex 3.653126749172308 -1.8613610489321415 30
      vertex 3.4958246738517778 2.14224411533539 30
      vertex 3.653126749172308 1.8613610489321415 30
    endloop
  endfacet
  facet normal 0 0 -1
    outer loop
      vertex 3.4958246738517778 -2.14224411533539 30
      vertex 3.3169696769372843 2.4099195343991395 30
      vertex 3.4958246738517778 2.14224411533539 30
    endloop
  endfacet
  facet normal 0 0 -1
    outer loop
      vertex 3.3169696769372843 -2.4099195343991395 30
      vertex 3.1176644589601263 2.6627369981537528 30
      vertex 3.3169696769372843 2.4099195343991395 30
    endloop
  endfacet
  facet normal 0 0 -1
    outer loop
      vertex 4.087361068305825 -0.32168229248416425 30
      vertex 4.087361068305825 0.32168229248416425 30
      vertex 4.1 0 30
    endloop
  endfacet
  facet normal 0 0 -1
    outer loop
      vertex 4.087361068305825 -0.32168229248416425 30
      vertex 4.049522196440065 0.6413813066649465 30
      vertex 4.087361068305825 0.32168229248416425 30
    endloop
  endfacet
  facet normal 0 0 -1
    outer loop
      vertex 4.049522196440065 -0.6413813066649465 30
      vertex 3.9867166736304736 0.957125991809212 30
      vertex 4.049522196440065 0.6413813066649465 30
    endloop
  endfacet
  facet normal 0 0 -1
    outer loop
      vertex 3.9867166736304736 -0.957125991809212 30
      vertex 3.899331716810129 1.2669696769372842 30
      vertex 3.9867166736304736 0.957125991809212 30
    endloop
  endfacet
  facet normal 0 0 -1
    outer loop
      vertex 3.899331716810129 -1.2669696769372842 30
      vertex 3.787906083296275 1.5690020726968679 30
      vertex 3.899331716810129 1.2669696769372842 30
    endloop
  endfacet
  facet normal 0 0 -1
    outer loop
      vertex 2.6627369981537528 -3.1176644589601263 30
      vertex 2.4099195343991395 3.3169696769372843 30
      vertex 2.6627369981537528 3.1176644589601263 30
    endloop
  endfacet
  facet normal 0 0 -1
    outer loop
      vertex 2.899137802864845 -2.899137802864845 30
      vertex 2.6627369981537528 3.1176644589601263 30
      vertex 2.899137802864845 2.899137802864845 30
    endloop
  endfacet
endsolid OpenSCAD_Model
