solid OpenSCAD_Model
  facet normal 0 1 0
    outer loop
      vertex 7 -4 0
      vertex 7 -4 7.2
      vertex 24.67447778988288 -4 0
    endloop
  endfacet
  facet normal 1 0 0
    outer loop
      vertex 7 -4 7.2
      vertex 7 -4 0
      vertex 7 4 7.2
    endloop
  endfacet
  facet normal 0 1 0
    outer loop
      vertex 7 -4 7.2
      vertex 24.67447778988288 -4 7.2
      vertex 24.67447778988288 -4 0
    endloop
  endfacet
  facet normal 1 0 0
    outer loop
      vertex 7 -4 0
      vertex 7 4 0
      vertex 7 4 7.2
    endloop
  endfacet
  facet normal 0 -1 0
    outer loop
      vertex 7 4 0
      vertex 24.67447778988288 4 0
      vertex 24.67447778988288 4 7.2
    endloop
  endfacet
  facet normal 0 -1 0
    outer loop
      vertex 7 4 0
      vertex 24.67447778988288 4 7.2
      vertex 7 4 7.2
    endloop
  endfacet
  facet normal 0 1 0
    outer loop
      vertex -7 -4 0
      vertex -24.67447778988288 -4 0
      vertex -24.67447778988288 -4 7.2
    endloop
  endfacet
  facet normal -1 0 0
    outer loop
      vertex -7 -4 0
      vertex -7 -4 7.2
      vertex -7 4 0
    endloop
  endfacet
  facet normal 0 1 0
    outer loop
      vertex -7 -4 7.2
      vertex -7 -4 0
      vertex -24.67447778988288 -4 7.2
    endloop
  endfacet
  facet normal 0 -1 0
    outer loop
      vertex -24.67447778988288 4 0
      vertex -7 4 0
      vertex -7 4 7.2
    endloop
  endfacet
  facet normal 0 -1 0
    outer loop
      vertex -7 4 7.2
      vertex -24.67447778988288 4 7.2
      vertex -24.67447778988288 4 0
    endloop
  endfacet
  facet normal -1 0 0
    outer loop
      vertex -7 -4 7.2
      vertex -7 4 7.2
      vertex -7 4 0
    endloop
  endfacet
  facet normal 0 0 -1
    outer loop
      vertex -19.010149140000774 -16.23620120825459 0
      vertex -7 -4 0
      vertex -17.67766952966369 -17.67766952966369 0
    endloop
  endfacet
  facet normal 0 0 -1
    outer loop
      vertex -16.23620120825459 -19.010149140000774 0
      vertex -7 -4 0
      vertex -14.694631307311829 -20.225424859373685 0
    endloop
  endfacet
  facet normal 0 0 -1
    outer loop
      vertex -16.23620120825459 -19.010149140000774 0
      vertex -17.67766952966369 -17.67766952966369 0
      vertex -7 -4 0
    endloop
  endfacet
  facet normal -0.7343225094356857 -0.6788007455329416 0
    outer loop
      vertex -19.010149140000774 -16.23620120825459 0
      vertex -17.67766952966369 -17.67766952966369 0
      vertex -19.010149140000774 -16.23620120825459 7.2
    endloop
  endfacet
  facet normal -0.8314696123025457 -0.5555702330196015 0
    outer loop
      vertex -21.316004108852304 -13.06246411789872 0
      vertex -20.225424859373685 -14.694631307311829 0
      vertex -21.316004108852304 -13.06246411789872 7.2
    endloop
  endfacet
  facet normal -0.7853169308807451 -0.619093949309834 0
    outer loop
      vertex -19.010149140000774 -16.23620120825459 0
      vertex -20.225424859373685 -14.694631307311829 7.2
      vertex -20.225424859373685 -14.694631307311829 0
    endloop
  endfacet
  facet normal -0.619093949309834 -0.7853169308807451 0
    outer loop
      vertex -16.23620120825459 -19.010149140000774 0
      vertex -14.694631307311829 -20.225424859373685 0
      vertex -14.694631307311829 -20.225424859373685 7.2
    endloop
  endfacet
  facet normal -0.5555702330196015 -0.8314696123025457 0
    outer loop
      vertex -14.694631307311829 -20.225424859373685 0
      vertex -13.06246411789872 -21.316004108852304 0
      vertex -13.06246411789872 -21.316004108852304 7.2
    endloop
  endfacet
  facet normal -0.6788007455329416 -0.7343225094356857 0
    outer loop
      vertex -16.23620120825459 -19.010149140000774 0
      vertex -16.23620120825459 -19.010149140000774 7.2
      vertex -17.67766952966369 -17.67766952966369 0
    endloop
  endfacet
  facet normal 0 0 -1
    outer loop
      vertex -24.309248009941914 -5.836134096397635 0
      vertex -24.67447778988288 -4 0
      vertex -7 -4 0
    endloop
  endfacet
  facet normal 0 0 -1
    outer loop
      vertex -21.316004108852304 -13.06246411789872 0
      vertex -22.275163104709197 -11.349762493488669 0
      vertex -7 -4 0
    endloop
  endfacet
  facet normal 0 0 -1
    outer loop
      vertex -21.316004108852304 -13.06246411789872 0
      vertex -7 -4 0
      vertex -20.225424859373685 -14.694631307311829 0
    endloop
  endfacet
  facet normal 0 0 -1
    outer loop
      vertex -22.275163104709197 -11.349762493488669 0
      vertex -23.09698831278217 -9.567085809127244 0
      vertex -7 -4 0
    endloop
  endfacet
  facet normal 0 0 -1
    outer loop
      vertex -23.09698831278217 -9.567085809127244 0
      vertex -23.776412907378838 -7.7254248593736845 0
      vertex -7 -4 0
    endloop
  endfacet
  facet normal 0 0 -1
    outer loop
      vertex -19.010149140000774 -16.23620120825459 0
      vertex -20.225424859373685 -14.694631307311829 0
      vertex -7 -4 0
    endloop
  endfacet
  facet normal 0 0 -1
    outer loop
      vertex -23.776412907378838 -7.7254248593736845 0
      vertex -24.309248009941914 -5.836134096397635 0
      vertex -7 -4 0
    endloop
  endfacet
  facet normal -0.8724960070727967 -0.4886212414969555 0
    outer loop
      vertex -21.316004108852304 -13.06246411789872 0
      vertex -22.275163104709197 -11.349762493488669 7.2
      vertex -22.275163104709197 -11.349762493488669 0
    endloop
  endfacet
  facet normal -0.9081431738250813 -0.41865973753742836 0
    outer loop
      vertex -22.275163104709197 -11.349762493488669 0
      vertex -23.09698831278217 -9.567085809127244 7.2
      vertex -23.09698831278217 -9.567085809127244 0
    endloop
  endfacet
  facet normal -0.9381913359224846 -0.3461170570774917 0
    outer loop
      vertex -23.09698831278217 -9.567085809127244 0
      vertex -23.776412907378838 -7.7254248593736845 7.2
      vertex -23.776412907378838 -7.7254248593736845 0
    endloop
  endfacet
  facet normal -0.9624552364536472 -0.27144044986507476 0
    outer loop
      vertex -23.776412907378838 -7.7254248593736845 0
      vertex -24.309248009941914 -5.836134096397635 7.2
      vertex -24.309248009941914 -5.836134096397635 0
    endloop
  endfacet
  facet normal -0.9807852804032302 -0.19509032201612916 0
    outer loop
      vertex -24.309248009941914 -5.836134096397635 0
      vertex -24.309248009941914 -5.836134096397635 7.2
      vertex -24.67447778988288 -4 0
    endloop
  endfacet
  facet normal 0 0 -1
    outer loop
      vertex -13.06246411789872 -21.316004108852304 0
      vertex -7 -4 0
      vertex -11.349762493488669 -22.275163104709197 0
    endloop
  endfacet
  facet normal 0 0 -1
    outer loop
      vertex -11.349762493488669 -22.275163104709197 0
      vertex -7 -4 0
      vertex -9.567085809127244 -23.09698831278217 0
    endloop
  endfacet
  facet normal 0 0 -1
    outer loop
      vertex -14.694631307311829 -20.225424859373685 0
      vertex -7 -4 0
      vertex -13.06246411789872 -21.316004108852304 0
    endloop
  endfacet
  facet normal 0 0 -1
    outer loop
      vertex -9.567085809127244 -23.09698831278217 0
      vertex -7 -4 0
      vertex -7.7254248593736845 -23.776412907378838 0
    endloop
  endfacet
  facet normal 0 0 -1
    outer loop
      vertex -5.836134096397635 -24.309248009941914 0
      vertex -3.899331716810129 -1.2669696769372842 0
      vertex -3.910861626005772 -24.692208514878445 0
    endloop
  endfacet
  facet normal 0 0 -1
    outer loop
      vertex -3.910861626005772 -24.692208514878445 0
      vertex -1.8613610489321415 -3.653126749172308 0
      vertex -1.9614773931961236 -24.9229333433282 0
    endloop
  endfacet
  facet normal 0 0 -1
    outer loop
      vertex -1.9614773931961236 -24.9229333433282 0
      vertex 0 -4.1 0
      vertex 0 -25 0
    endloop
  endfacet
  facet normal -0.4886212414969555 -0.8724960070727967 0
    outer loop
      vertex -13.06246411789872 -21.316004108852304 0
      vertex -11.349762493488669 -22.275163104709197 0
      vertex -11.349762493488669 -22.275163104709197 7.2
    endloop
  endfacet
  facet normal -0.41865973753742836 -0.9081431738250813 0
    outer loop
      vertex -11.349762493488669 -22.275163104709197 0
      vertex -9.567085809127244 -23.09698831278217 0
      vertex -9.567085809127244 -23.09698831278217 7.2
    endloop
  endfacet
  facet normal -0.3461170570774917 -0.9381913359224846 0
    outer loop
      vertex -9.567085809127244 -23.09698831278217 0
      vertex -7.7254248593736845 -23.776412907378838 0
      vertex -7.7254248593736845 -23.776412907378838 7.2
    endloop
  endfacet
  facet normal -0.27144044986507476 -0.9624552364536472 0
    outer loop
      vertex -7.7254248593736845 -23.776412907378838 0
      vertex -5.836134096397635 -24.309248009941914 0
      vertex -5.836134096397635 -24.309248009941914 7.2
    endloop
  endfacet
  facet normal -0.1950903220161295 -0.9807852804032302 0
    outer loop
      vertex -5.836134096397635 -24.309248009941914 0
      vertex -3.910861626005772 -24.692208514878445 0
      vertex -3.910861626005772 -24.692208514878445 7.2
    endloop
  endfacet
  facet normal -0.1175373974578372 -0.9930684569549263 0
    outer loop
      vertex -3.910861626005772 -24.692208514878445 0
      vertex -1.9614773931961236 -24.9229333433282 0
      vertex -1.9614773931961236 -24.9229333433282 7.2
    endloop
  endfacet
  facet normal -0.039259815759068256 -0.999229036240723 0
    outer loop
      vertex -1.9614773931961236 -24.9229333433282 0
      vertex 0 -25 0
      vertex 0 -25 7.2
    endloop
  endfacet
  facet normal 0 0 -1
    outer loop
      vertex -7.7254248593736845 -23.776412907378838 0
      vertex -5.836134096397635 24.309248009941914 0
      vertex -5.836134096397635 -24.309248009941914 0
    endloop
  endfacet
  facet normal 0 0 -1
    outer loop
      vertex -7.7254248593736845 -23.776412907378838 0
      vertex -7 -4 0
      vertex -5.836134096397635 24.309248009941914 0
    endloop
  endfacet
  facet normal 0 0 -1
    outer loop
      vertex -3.910861626005772 -24.692208514878445 0
      vertex -2.899137802864845 -2.899137802864845 0
      vertex -2.6627369981537528 -3.1176644589601263 0
    endloop
  endfacet
  facet normal 0 0 -1
    outer loop
      vertex -3.910861626005772 -24.692208514878445 0
      vertex -3.653126749172308 -1.8613610489321415 0
      vertex -3.4958246738517778 -2.14224411533539 0
    endloop
  endfacet
  facet normal 0 0 -1
    outer loop
      vertex -3.910861626005772 -24.692208514878445 0
      vertex -3.4958246738517778 -2.14224411533539 0
      vertex -3.3169696769372843 -2.4099195343991395 0
    endloop
  endfacet
  facet normal 0 0 -1
    outer loop
      vertex -3.910861626005772 -24.692208514878445 0
      vertex -3.1176644589601263 -2.6627369981537528 0
      vertex -2.899137802864845 -2.899137802864845 0
    endloop
  endfacet
  facet normal 0 0 -1
    outer loop
      vertex -3.910861626005772 -24.692208514878445 0
      vertex -3.3169696769372843 -2.4099195343991395 0
      vertex -3.1176644589601263 -2.6627369981537528 0
    endloop
  endfacet
  facet normal 0 0 -1
    outer loop
      vertex -5.836134096397635 -24.309248009941914 0
      vertex -4.087361068305825 -0.32168229248416425 0
      vertex -4.049522196440065 -0.6413813066649465 0
    endloop
  endfacet
  facet normal 0 0 -1
    outer loop
      vertex -5.836134096397635 -24.309248009941914 0
      vertex -4.1 0 0
      vertex -4.087361068305825 -0.32168229248416425 0
    endloop
  endfacet
  facet normal 0 0 -1
    outer loop
      vertex -5.836134096397635 -24.309248009941914 0
      vertex -3.9867166736304736 -0.957125991809212 0
      vertex -3.899331716810129 -1.2669696769372842 0
    endloop
  endfacet
  facet normal 0 0 -1
    outer loop
      vertex -5.836134096397635 -24.309248009941914 0
      vertex -4.049522196440065 -0.6413813066649465 0
      vertex -3.9867166736304736 -0.957125991809212 0
    endloop
  endfacet
  facet normal 0 0 -1
    outer loop
      vertex -3.910861626005772 -24.692208514878445 0
      vertex -3.899331716810129 -1.2669696769372842 0
      vertex -3.787906083296275 -1.5690020726968679 0
    endloop
  endfacet
  facet normal 0 0 -1
    outer loop
      vertex -3.910861626005772 -24.692208514878445 0
      vertex -3.787906083296275 -1.5690020726968679 0
      vertex -3.653126749172308 -1.8613610489321415 0
    endloop
  endfacet
  facet normal 0 0 -1
    outer loop
      vertex -3.910861626005772 -24.692208514878445 0
      vertex -2.6627369981537528 -3.1176644589601263 0
      vertex -2.4099195343991395 -3.3169696769372843 0
    endloop
  endfacet
  facet normal 0 0 -1
    outer loop
      vertex -3.910861626005772 -24.692208514878445 0
      vertex -2.4099195343991395 -3.3169696769372843 0
      vertex -2.14224411533539 -3.4958246738517778 0
    endloop
  endfacet
  facet normal 0 0 -1
    outer loop
      vertex -3.910861626005772 -24.692208514878445 0
      vertex -2.14224411533539 -3.4958246738517778 0
      vertex -1.8613610489321415 -3.653126749172308 0
    endloop
  endfacet
  facet normal 0 0 -1
    outer loop
      vertex -1.9614773931961236 -24.9229333433282 0
      vertex -1.8613610489321415 -3.653126749172308 0
      vertex -1.5690020726968679 -3.787906083296275 0
    endloop
  endfacet
  facet normal 0 0 -1
    outer loop
      vertex -1.9614773931961236 -24.9229333433282 0
      vertex -1.5690020726968679 -3.787906083296275 0
      vertex -1.2669696769372842 -3.899331716810129 0
    endloop
  endfacet
  facet normal 0 0 -1
    outer loop
      vertex -1.9614773931961236 -24.9229333433282 0
      vertex -0.957125991809212 -3.9867166736304736 0
      vertex -0.6413813066649465 -4.049522196440065 0
    endloop
  endfacet
  facet normal 0 0 -1
    outer loop
      vertex -1.9614773931961236 -24.9229333433282 0
      vertex -0.6413813066649465 -4.049522196440065 0
      vertex -0.32168229248416425 -4.087361068305825 0
    endloop
  endfacet
  facet normal 0 0 -1
    outer loop
      vertex -1.9614773931961236 -24.9229333433282 0
      vertex -0.32168229248416425 -4.087361068305825 0
      vertex 0 -4.1 0
    endloop
  endfacet
  facet normal 0 0 -1
    outer loop
      vertex -1.9614773931961236 -24.9229333433282 0
      vertex -1.2669696769372842 -3.899331716810129 0
      vertex -0.957125991809212 -3.9867166736304736 0
    endloop
  endfacet
  facet normal -0.7853169308807451 -0.619093949309834 0
    outer loop
      vertex -19.010149140000774 -16.23620120825459 0
      vertex -19.010149140000774 -16.23620120825459 7.2
      vertex -20.225424859373685 -14.694631307311829 7.2
    endloop
  endfacet
  facet normal -0.8314696123025457 -0.5555702330196015 0
    outer loop
      vertex -20.225424859373685 -14.694631307311829 0
      vertex -20.225424859373685 -14.694631307311829 7.2
      vertex -21.316004108852304 -13.06246411789872 7.2
    endloop
  endfacet
  facet normal -0.619093949309834 -0.7853169308807451 0
    outer loop
      vertex -16.23620120825459 -19.010149140000774 0
      vertex -14.694631307311829 -20.225424859373685 7.2
      vertex -16.23620120825459 -19.010149140000774 7.2
    endloop
  endfacet
  facet normal -0.5555702330196015 -0.8314696123025457 0
    outer loop
      vertex -14.694631307311829 -20.225424859373685 0
      vertex -13.06246411789872 -21.316004108852304 7.2
      vertex -14.694631307311829 -20.225424859373685 7.2
    endloop
  endfacet
  facet normal -0.4886212414969555 -0.8724960070727967 0
    outer loop
      vertex -13.06246411789872 -21.316004108852304 0
      vertex -11.349762493488669 -22.275163104709197 7.2
      vertex -13.06246411789872 -21.316004108852304 7.2
    endloop
  endfacet
  facet normal -0.7343225094356857 -0.6788007455329416 0
    outer loop
      vertex -17.67766952966369 -17.67766952966369 0
      vertex -17.67766952966369 -17.67766952966369 7.2
      vertex -19.010149140000774 -16.23620120825459 7.2
    endloop
  endfacet
  facet normal -0.6788007455329416 -0.7343225094356857 0
    outer loop
      vertex -17.67766952966369 -17.67766952966369 0
      vertex -16.23620120825459 -19.010149140000774 7.2
      vertex -17.67766952966369 -17.67766952966369 7.2
    endloop
  endfacet
  facet normal 0 0 1
    outer loop
      vertex -19.010149140000774 -16.23620120825459 7.2
      vertex -17.67766952966369 -17.67766952966369 7.2
      vertex -24.67447778988288 -4 7.2
    endloop
  endfacet
  facet normal 0 0 1
    outer loop
      vertex -16.23620120825459 -19.010149140000774 7.2
      vertex -14.694631307311829 -20.225424859373685 7.2
      vertex -24.67447778988288 -4 7.2
    endloop
  endfacet
  facet normal 0 0 1
    outer loop
      vertex -16.23620120825459 -19.010149140000774 7.2
      vertex -24.67447778988288 -4 7.2
      vertex -17.67766952966369 -17.67766952966369 7.2
    endloop
  endfacet
  facet normal 0 0 1
    outer loop
      vertex -13.06246411789872 -21.316004108852304 7.2
      vertex -11.349762493488669 -22.275163104709197 7.2
      vertex -24.67447778988288 -4 7.2
    endloop
  endfacet
  facet normal 0 0 1
    outer loop
      vertex -14.694631307311829 -20.225424859373685 7.2
      vertex -13.06246411789872 -21.316004108852304 7.2
      vertex -24.67447778988288 -4 7.2
    endloop
  endfacet
  facet normal 0 0 1
    outer loop
      vertex -11.349762493488669 -22.275163104709197 7.2
      vertex -9.567085809127244 -23.09698831278217 7.2
      vertex -24.67447778988288 -4 7.2
    endloop
  endfacet
  facet normal 0 0 1
    outer loop
      vertex -9.567085809127244 -23.09698831278217 7.2
      vertex -7.7254248593736845 -23.776412907378838 7.2
      vertex -24.67447778988288 -4 7.2
    endloop
  endfacet
  facet normal -0.8724960070727967 -0.4886212414969555 0
    outer loop
      vertex -21.316004108852304 -13.06246411789872 0
      vertex -21.316004108852304 -13.06246411789872 7.2
      vertex -22.275163104709197 -11.349762493488669 7.2
    endloop
  endfacet
  facet normal -0.9081431738250813 -0.41865973753742836 0
    outer loop
      vertex -22.275163104709197 -11.349762493488669 0
      vertex -22.275163104709197 -11.349762493488669 7.2
      vertex -23.09698831278217 -9.567085809127244 7.2
    endloop
  endfacet
  facet normal -0.9381913359224846 -0.3461170570774917 0
    outer loop
      vertex -23.09698831278217 -9.567085809127244 0
      vertex -23.09698831278217 -9.567085809127244 7.2
      vertex -23.776412907378838 -7.7254248593736845 7.2
    endloop
  endfacet
  facet normal -0.9624552364536472 -0.27144044986507476 0
    outer loop
      vertex -23.776412907378838 -7.7254248593736845 0
      vertex -23.776412907378838 -7.7254248593736845 7.2
      vertex -24.309248009941914 -5.836134096397635 7.2
    endloop
  endfacet
  facet normal -0.9807852804032302 -0.19509032201612916 0
    outer loop
      vertex -24.309248009941914 -5.836134096397635 7.2
      vertex -24.67447778988288 -4 7.2
      vertex -24.67447778988288 -4 0
    endloop
  endfacet
  facet normal 0 0 1
    outer loop
      vertex -21.316004108852304 -13.06246411789872 7.2
      vertex -24.67447778988288 -4 7.2
      vertex -22.275163104709197 -11.349762493488669 7.2
    endloop
  endfacet
  facet normal 0 0 1
    outer loop
      vertex -21.316004108852304 -13.06246411789872 7.2
      vertex -20.225424859373685 -14.694631307311829 7.2
      vertex -24.67447778988288 -4 7.2
    endloop
  endfacet
  facet normal 0 0 1
    outer loop
      vertex -22.275163104709197 -11.349762493488669 7.2
      vertex -24.67447778988288 -4 7.2
      vertex -23.09698831278217 -9.567085809127244 7.2
    endloop
  endfacet
  facet normal 0 0 1
    outer loop
      vertex -23.09698831278217 -9.567085809127244 7.2
      vertex -24.67447778988288 -4 7.2
      vertex -23.776412907378838 -7.7254248593736845 7.2
    endloop
  endfacet
  facet normal 0 0 1
    outer loop
      vertex -19.010149140000774 -16.23620120825459 7.2
      vertex -24.67447778988288 -4 7.2
      vertex -20.225424859373685 -14.694631307311829 7.2
    endloop
  endfacet
  facet normal 0 0 1
    outer loop
      vertex -23.776412907378838 -7.7254248593736845 7.2
      vertex -24.67447778988288 -4 7.2
      vertex -24.309248009941914 -5.836134096397635 7.2
    endloop
  endfacet
  facet normal 0 0 1
    outer loop
      vertex -7.7254248593736845 -23.776412907378838 7.2
      vertex -7 -4 7.2
      vertex -24.67447778988288 -4 7.2
    endloop
  endfacet
  facet normal -0.41865973753742836 -0.9081431738250813 0
    outer loop
      vertex -11.349762493488669 -22.275163104709197 0
      vertex -9.567085809127244 -23.09698831278217 7.2
      vertex -11.349762493488669 -22.275163104709197 7.2
    endloop
  endfacet
  facet normal -0.3461170570774917 -0.9381913359224846 0
    outer loop
      vertex -9.567085809127244 -23.09698831278217 0
      vertex -7.7254248593736845 -23.776412907378838 7.2
      vertex -9.567085809127244 -23.09698831278217 7.2
    endloop
  endfacet
  facet normal -0.27144044986507476 -0.9624552364536472 0
    outer loop
      vertex -7.7254248593736845 -23.776412907378838 0
      vertex -5.836134096397635 -24.309248009941914 7.2
      vertex -7.7254248593736845 -23.776412907378838 7.2
    endloop
  endfacet
  facet normal -0.1950903220161295 -0.9807852804032302 0
    outer loop
      vertex -5.836134096397635 -24.309248009941914 0
      vertex -3.910861626005772 -24.692208514878445 7.2
      vertex -5.836134096397635 -24.309248009941914 7.2
    endloop
  endfacet
  facet normal -0.1175373974578372 -0.9930684569549263 0
    outer loop
      vertex -3.910861626005772 -24.692208514878445 0
      vertex -1.9614773931961236 -24.9229333433282 7.2
      vertex -3.910861626005772 -24.692208514878445 7.2
    endloop
  endfacet
  facet normal -0.039259815759068256 -0.999229036240723 0
    outer loop
      vertex -1.9614773931961236 -24.9229333433282 0
      vertex 0 -25 7.2
      vertex -1.9614773931961236 -24.9229333433282 7.2
    endloop
  endfacet
  facet normal 0 0 1
    outer loop
      vertex -7.7254248593736845 -23.776412907378838 7.2
      vertex -5.836134096397635 -24.309248009941914 7.2
      vertex -7 -4 7.2
    endloop
  endfacet
  facet normal 0 0 1
    outer loop
      vertex -3.910861626005772 -24.692208514878445 7.2
      vertex -1.9614773931961236 -24.9229333433282 7.2
      vertex -2.899137802864845 -2.899137802864845 7.2
    endloop
  endfacet
  facet normal 0 0 1
    outer loop
      vertex -1.9614773931961236 -24.9229333433282 7.2
      vertex 0 -25 7.2
      vertex -0.957125991809212 -3.9867166736304736 7.2
    endloop
  endfacet
  facet normal 0 0 1
    outer loop
      vertex -5.836134096397635 -24.309248009941914 7.2
      vertex -7 4 7.2
      vertex -7 -4 7.2
    endloop
  endfacet
  facet normal 0 0 1
    outer loop
      vertex -3.910861626005772 -24.692208514878445 7.2
      vertex -3.4958246738517778 -2.14224411533539 7.2
      vertex -3.653126749172308 -1.8613610489321415 7.2
    endloop
  endfacet
  facet normal 0 0 1
    outer loop
      vertex -3.910861626005772 -24.692208514878445 7.2
      vertex -3.3169696769372843 -2.4099195343991395 7.2
      vertex -3.4958246738517778 -2.14224411533539 7.2
    endloop
  endfacet
  facet normal 0 0 1
    outer loop
      vertex -3.910861626005772 -24.692208514878445 7.2
      vertex -2.899137802864845 -2.899137802864845 7.2
      vertex -3.1176644589601263 -2.6627369981537528 7.2
    endloop
  endfacet
  facet normal 0 0 1
    outer loop
      vertex -3.910861626005772 -24.692208514878445 7.2
      vertex -3.1176644589601263 -2.6627369981537528 7.2
      vertex -3.3169696769372843 -2.4099195343991395 7.2
    endloop
  endfacet
  facet normal 0 0 1
    outer loop
      vertex -5.836134096397635 -24.309248009941914 7.2
      vertex -3.910861626005772 -24.692208514878445 7.2
      vertex -5.836134096397635 24.309248009941914 7.2
    endloop
  endfacet
  facet normal 0 0 1
    outer loop
      vertex -3.910861626005772 -24.692208514878445 7.2
      vertex -3.787906083296275 -1.5690020726968679 7.2
      vertex -3.899331716810129 -1.2669696769372842 7.2
    endloop
  endfacet
  facet normal 0 0 1
    outer loop
      vertex -3.910861626005772 -24.692208514878445 7.2
      vertex -3.899331716810129 -1.2669696769372842 7.2
      vertex -3.9867166736304736 -0.957125991809212 7.2
    endloop
  endfacet
  facet normal 0 0 1
    outer loop
      vertex -3.910861626005772 -24.692208514878445 7.2
      vertex -3.9867166736304736 -0.957125991809212 7.2
      vertex -4.049522196440065 -0.6413813066649465 7.2
    endloop
  endfacet
  facet normal 0 0 1
    outer loop
      vertex -3.910861626005772 -24.692208514878445 7.2
      vertex -4.049522196440065 -0.6413813066649465 7.2
      vertex -4.087361068305825 -0.32168229248416425 7.2
    endloop
  endfacet
  facet normal 0 0 1
    outer loop
      vertex -3.910861626005772 -24.692208514878445 7.2
      vertex -4.087361068305825 -0.32168229248416425 7.2
      vertex -4.1 0 7.2
    endloop
  endfacet
  facet normal 0 0 1
    outer loop
      vertex -3.910861626005772 -24.692208514878445 7.2
      vertex -3.653126749172308 -1.8613610489321415 7.2
      vertex -3.787906083296275 -1.5690020726968679 7.2
    endloop
  endfacet
  facet normal 0 0 1
    outer loop
      vertex -1.9614773931961236 -24.9229333433282 7.2
      vertex -2.6627369981537528 -3.1176644589601263 7.2
      vertex -2.899137802864845 -2.899137802864845 7.2
    endloop
  endfacet
  facet normal 0 0 1
    outer loop
      vertex -1.9614773931961236 -24.9229333433282 7.2
      vertex -2.4099195343991395 -3.3169696769372843 7.2
      vertex -2.6627369981537528 -3.1176644589601263 7.2
    endloop
  endfacet
  facet normal 0 0 1
    outer loop
      vertex -1.9614773931961236 -24.9229333433282 7.2
      vertex -2.14224411533539 -3.4958246738517778 7.2
      vertex -2.4099195343991395 -3.3169696769372843 7.2
    endloop
  endfacet
  facet normal 0 0 1
    outer loop
      vertex -1.9614773931961236 -24.9229333433282 7.2
      vertex -1.8613610489321415 -3.653126749172308 7.2
      vertex -2.14224411533539 -3.4958246738517778 7.2
    endloop
  endfacet
  facet normal 0 0 1
    outer loop
      vertex -1.9614773931961236 -24.9229333433282 7.2
      vertex -1.5690020726968679 -3.787906083296275 7.2
      vertex -1.8613610489321415 -3.653126749172308 7.2
    endloop
  endfacet
  facet normal 0 0 1
    outer loop
      vertex -1.9614773931961236 -24.9229333433282 7.2
      vertex -1.2669696769372842 -3.899331716810129 7.2
      vertex -1.5690020726968679 -3.787906083296275 7.2
    endloop
  endfacet
  facet normal 0 0 1
    outer loop
      vertex 0 -25 7.2
      vertex -0.6413813066649465 -4.049522196440065 7.2
      vertex -0.957125991809212 -3.9867166736304736 7.2
    endloop
  endfacet
  facet normal 0 0 1
    outer loop
      vertex 0 -25 7.2
      vertex -0.32168229248416425 -4.087361068305825 7.2
      vertex -0.6413813066649465 -4.049522196440065 7.2
    endloop
  endfacet
  facet normal 0 0 1
    outer loop
      vertex 0 -25 7.2
      vertex 0 -4.1 7.2
      vertex -0.32168229248416425 -4.087361068305825 7.2
    endloop
  endfacet
  facet normal 0 0 1
    outer loop
      vertex -1.9614773931961236 -24.9229333433282 7.2
      vertex -0.957125991809212 -3.9867166736304736 7.2
      vertex -1.2669696769372842 -3.899331716810129 7.2
    endloop
  endfacet
  facet normal 0 0 1
    outer loop
      vertex -3.910861626005772 -24.692208514878445 7.2
      vertex -4.1 0 7.2
      vertex -5.836134096397635 24.309248009941914 7.2
    endloop
  endfacet
  facet normal 0 0 -1
    outer loop
      vertex -24.309248009941914 5.836134096397635 0
      vertex -23.776412907378838 7.7254248593736845 0
      vertex -24.67447778988288 4 0
    endloop
  endfacet
  facet normal 0 0 -1
    outer loop
      vertex -23.776412907378838 7.7254248593736845 0
      vertex -23.09698831278217 9.567085809127244 0
      vertex -24.67447778988288 4 0
    endloop
  endfacet
  facet normal 0 0 -1
    outer loop
      vertex -23.09698831278217 9.567085809127244 0
      vertex -22.275163104709197 11.349762493488669 0
      vertex -24.67447778988288 4 0
    endloop
  endfacet
  facet normal 0 0 -1
    outer loop
      vertex -22.275163104709197 11.349762493488669 0
      vertex -21.316004108852304 13.06246411789872 0
      vertex -24.67447778988288 4 0
    endloop
  endfacet
  facet normal 0 0 -1
    outer loop
      vertex -21.316004108852304 13.06246411789872 0
      vertex -20.225424859373685 14.694631307311829 0
      vertex -24.67447778988288 4 0
    endloop
  endfacet
  facet normal 0 0 -1
    outer loop
      vertex -20.225424859373685 14.694631307311829 0
      vertex -19.010149140000774 16.23620120825459 0
      vertex -24.67447778988288 4 0
    endloop
  endfacet
  facet normal 0 0 -1
    outer loop
      vertex -7.7254248593736845 23.776412907378838 0
      vertex -7 4 0
      vertex -24.67447778988288 4 0
    endloop
  endfacet
  facet normal -0.9807852804032302 0.19509032201612916 0
    outer loop
      vertex -24.309248009941914 5.836134096397635 0
      vertex -24.67447778988288 4 0
      vertex -24.67447778988288 4 7.2
    endloop
  endfacet
  facet normal -0.9624552364536472 0.27144044986507476 0
    outer loop
      vertex -24.309248009941914 5.836134096397635 0
      vertex -23.776412907378838 7.7254248593736845 7.2
      vertex -23.776412907378838 7.7254248593736845 0
    endloop
  endfacet
  facet normal -0.9381913359224846 0.3461170570774917 0
    outer loop
      vertex -23.776412907378838 7.7254248593736845 0
      vertex -23.09698831278217 9.567085809127244 7.2
      vertex -23.09698831278217 9.567085809127244 0
    endloop
  endfacet
  facet normal -0.9081431738250813 0.41865973753742836 0
    outer loop
      vertex -23.09698831278217 9.567085809127244 0
      vertex -22.275163104709197 11.349762493488669 7.2
      vertex -22.275163104709197 11.349762493488669 0
    endloop
  endfacet
  facet normal -0.8724960070727967 0.4886212414969555 0
    outer loop
      vertex -22.275163104709197 11.349762493488669 0
      vertex -21.316004108852304 13.06246411789872 7.2
      vertex -21.316004108852304 13.06246411789872 0
    endloop
  endfacet
  facet normal 0 0 -1
    outer loop
      vertex -19.010149140000774 16.23620120825459 0
      vertex -17.67766952966369 17.67766952966369 0
      vertex -24.67447778988288 4 0
    endloop
  endfacet
  facet normal 0 0 -1
    outer loop
      vertex -17.67766952966369 17.67766952966369 0
      vertex -16.23620120825459 19.010149140000774 0
      vertex -24.67447778988288 4 0
    endloop
  endfacet
  facet normal 0 0 -1
    outer loop
      vertex -16.23620120825459 19.010149140000774 0
      vertex -14.694631307311829 20.225424859373685 0
      vertex -24.67447778988288 4 0
    endloop
  endfacet
  facet normal 0 0 -1
    outer loop
      vertex -14.694631307311829 20.225424859373685 0
      vertex -13.06246411789872 21.316004108852304 0
      vertex -24.67447778988288 4 0
    endloop
  endfacet
  facet normal 0 0 -1
    outer loop
      vertex -13.06246411789872 21.316004108852304 0
      vertex -11.349762493488669 22.275163104709197 0
      vertex -24.67447778988288 4 0
    endloop
  endfacet
  facet normal 0 0 -1
    outer loop
      vertex -11.349762493488669 22.275163104709197 0
      vertex -9.567085809127244 23.09698831278217 0
      vertex -24.67447778988288 4 0
    endloop
  endfacet
  facet normal 0 0 -1
    outer loop
      vertex -9.567085809127244 23.09698831278217 0
      vertex -7.7254248593736845 23.776412907378838 0
      vertex -24.67447778988288 4 0
    endloop
  endfacet
  facet normal -0.8314696123025457 0.5555702330196015 0
    outer loop
      vertex -21.316004108852304 13.06246411789872 0
      vertex -20.225424859373685 14.694631307311829 7.2
      vertex -20.225424859373685 14.694631307311829 0
    endloop
  endfacet
  facet normal -0.7853169308807451 0.619093949309834 0
    outer loop
      vertex -20.225424859373685 14.694631307311829 0
      vertex -19.010149140000774 16.23620120825459 7.2
      vertex -19.010149140000774 16.23620120825459 0
    endloop
  endfacet
  facet normal -0.7343225094356857 0.6788007455329416 0
    outer loop
      vertex -19.010149140000774 16.23620120825459 0
      vertex -17.67766952966369 17.67766952966369 7.2
      vertex -17.67766952966369 17.67766952966369 0
    endloop
  endfacet
  facet normal -0.6788007455329416 0.7343225094356857 0
    outer loop
      vertex -17.67766952966369 17.67766952966369 0
      vertex -17.67766952966369 17.67766952966369 7.2
      vertex -16.23620120825459 19.010149140000774 0
    endloop
  endfacet
  facet normal -0.619093949309834 0.7853169308807451 0
    outer loop
      vertex -16.23620120825459 19.010149140000774 0
      vertex -16.23620120825459 19.010149140000774 7.2
      vertex -14.694631307311829 20.225424859373685 0
    endloop
  endfacet
  facet normal -0.5555702330196015 0.8314696123025457 0
    outer loop
      vertex -14.694631307311829 20.225424859373685 0
      vertex -14.694631307311829 20.225424859373685 7.2
      vertex -13.06246411789872 21.316004108852304 0
    endloop
  endfacet
  facet normal -0.4886212414969555 0.8724960070727967 0
    outer loop
      vertex -13.06246411789872 21.316004108852304 0
      vertex -13.06246411789872 21.316004108852304 7.2
      vertex -11.349762493488669 22.275163104709197 0
    endloop
  endfacet
  facet normal 0 0 -1
    outer loop
      vertex -5.836134096397635 24.309248009941914 0
      vertex -7 -4 0
      vertex -7 4 0
    endloop
  endfacet
  facet normal 0 0 -1
    outer loop
      vertex -5.836134096397635 -24.309248009941914 0
      vertex -3.910861626005772 24.692208514878445 0
      vertex -4.1 0 0
    endloop
  endfacet
  facet normal 0 0 -1
    outer loop
      vertex -5.836134096397635 -24.309248009941914 0
      vertex -5.836134096397635 24.309248009941914 0
      vertex -3.910861626005772 24.692208514878445 0
    endloop
  endfacet
  facet normal 0 0 -1
    outer loop
      vertex -3.910861626005772 24.692208514878445 0
      vertex -4.087361068305825 0.32168229248416425 0
      vertex -4.1 0 0
    endloop
  endfacet
  facet normal 0 0 -1
    outer loop
      vertex -3.910861626005772 24.692208514878445 0
      vertex -4.049522196440065 0.6413813066649465 0
      vertex -4.087361068305825 0.32168229248416425 0
    endloop
  endfacet
  facet normal 0 0 -1
    outer loop
      vertex -3.910861626005772 24.692208514878445 0
      vertex -3.9867166736304736 0.957125991809212 0
      vertex -4.049522196440065 0.6413813066649465 0
    endloop
  endfacet
  facet normal 0 0 -1
    outer loop
      vertex -3.910861626005772 24.692208514878445 0
      vertex -3.899331716810129 1.2669696769372842 0
      vertex -3.9867166736304736 0.957125991809212 0
    endloop
  endfacet
  facet normal 0 0 -1
    outer loop
      vertex -3.910861626005772 24.692208514878445 0
      vertex -3.787906083296275 1.5690020726968679 0
      vertex -3.899331716810129 1.2669696769372842 0
    endloop
  endfacet
  facet normal 0 0 -1
    outer loop
      vertex -3.910861626005772 24.692208514878445 0
      vertex -3.653126749172308 1.8613610489321415 0
      vertex -3.787906083296275 1.5690020726968679 0
    endloop
  endfacet
  facet normal 0 0 -1
    outer loop
      vertex -3.910861626005772 24.692208514878445 0
      vertex -3.4958246738517778 2.14224411533539 0
      vertex -3.653126749172308 1.8613610489321415 0
    endloop
  endfacet
  facet normal 0 0 -1
    outer loop
      vertex -3.910861626005772 24.692208514878445 0
      vertex -3.3169696769372843 2.4099195343991395 0
      vertex -3.4958246738517778 2.14224411533539 0
    endloop
  endfacet
  facet normal 0 0 -1
    outer loop
      vertex -3.910861626005772 24.692208514878445 0
      vertex -3.1176644589601263 2.6627369981537528 0
      vertex -3.3169696769372843 2.4099195343991395 0
    endloop
  endfacet
  facet normal 0 0 -1
    outer loop
      vertex -3.910861626005772 24.692208514878445 0
      vertex -2.899137802864845 2.899137802864845 0
      vertex -3.1176644589601263 2.6627369981537528 0
    endloop
  endfacet
  facet normal 0 0 -1
    outer loop
      vertex -1.9614773931961236 24.9229333433282 0
      vertex -2.6627369981537528 3.1176644589601263 0
      vertex -2.899137802864845 2.899137802864845 0
    endloop
  endfacet
  facet normal 0 0 -1
    outer loop
      vertex -1.9614773931961236 24.9229333433282 0
      vertex -2.4099195343991395 3.3169696769372843 0
      vertex -2.6627369981537528 3.1176644589601263 0
    endloop
  endfacet
  facet normal 0 0 -1
    outer loop
      vertex -1.9614773931961236 24.9229333433282 0
      vertex -2.14224411533539 3.4958246738517778 0
      vertex -2.4099195343991395 3.3169696769372843 0
    endloop
  endfacet
  facet normal 0 0 -1
    outer loop
      vertex -1.9614773931961236 24.9229333433282 0
      vertex -1.8613610489321415 3.653126749172308 0
      vertex -2.14224411533539 3.4958246738517778 0
    endloop
  endfacet
  facet normal 0 0 -1
    outer loop
      vertex -1.9614773931961236 24.9229333433282 0
      vertex -1.5690020726968679 3.787906083296275 0
      vertex -1.8613610489321415 3.653126749172308 0
    endloop
  endfacet
  facet normal 0 0 -1
    outer loop
      vertex -1.9614773931961236 24.9229333433282 0
      vertex -1.2669696769372842 3.899331716810129 0
      vertex -1.5690020726968679 3.787906083296275 0
    endloop
  endfacet
  facet normal 0 0 -1
    outer loop
      vertex -1.9614773931961236 24.9229333433282 0
      vertex -0.957125991809212 3.9867166736304736 0
      vertex -1.2669696769372842 3.899331716810129 0
    endloop
  endfacet
  facet normal 0 0 -1
    outer loop
      vertex 0 25 0
      vertex -0.6413813066649465 4.049522196440065 0
      vertex -0.957125991809212 3.9867166736304736 0
    endloop
  endfacet
  facet normal 0 0 -1
    outer loop
      vertex 0 25 0
      vertex -0.32168229248416425 4.087361068305825 0
      vertex -0.6413813066649465 4.049522196440065 0
    endloop
  endfacet
  facet normal 0 0 -1
    outer loop
      vertex 0 25 0
      vertex 0 4.1 0
      vertex -0.32168229248416425 4.087361068305825 0
    endloop
  endfacet
  facet normal 0 0 -1
    outer loop
      vertex -7.7254248593736845 23.776412907378838 0
      vertex -5.836134096397635 24.309248009941914 0
      vertex -7 4 0
    endloop
  endfacet
  facet normal 0 0 -1
    outer loop
      vertex -3.910861626005772 24.692208514878445 0
      vertex -1.9614773931961236 24.9229333433282 0
      vertex -2.899137802864845 2.899137802864845 0
    endloop
  endfacet
  facet normal 0 0 -1
    outer loop
      vertex -1.9614773931961236 24.9229333433282 0
      vertex 0 25 0
      vertex -0.957125991809212 3.9867166736304736 0
    endloop
  endfacet
  facet normal -0.41865973753742836 0.9081431738250813 0
    outer loop
      vertex -11.349762493488669 22.275163104709197 0
      vertex -11.349762493488669 22.275163104709197 7.2
      vertex -9.567085809127244 23.09698831278217 0
    endloop
  endfacet
  facet normal -0.3461170570774917 0.9381913359224846 0
    outer loop
      vertex -9.567085809127244 23.09698831278217 0
      vertex -9.567085809127244 23.09698831278217 7.2
      vertex -7.7254248593736845 23.776412907378838 0
    endloop
  endfacet
  facet normal -0.27144044986507476 0.9624552364536472 0
    outer loop
      vertex -7.7254248593736845 23.776412907378838 0
      vertex -7.7254248593736845 23.776412907378838 7.2
      vertex -5.836134096397635 24.309248009941914 0
    endloop
  endfacet
  facet normal -0.1950903220161295 0.9807852804032302 0
    outer loop
      vertex -5.836134096397635 24.309248009941914 0
      vertex -5.836134096397635 24.309248009941914 7.2
      vertex -3.910861626005772 24.692208514878445 0
    endloop
  endfacet
  facet normal -0.1175373974578372 0.9930684569549263 0
    outer loop
      vertex -3.910861626005772 24.692208514878445 0
      vertex -3.910861626005772 24.692208514878445 7.2
      vertex -1.9614773931961236 24.9229333433282 0
    endloop
  endfacet
  facet normal -0.039259815759068256 0.999229036240723 0
    outer loop
      vertex -1.9614773931961236 24.9229333433282 0
      vertex -1.9614773931961236 24.9229333433282 7.2
      vertex 0 25 0
    endloop
  endfacet
  facet normal -0.9807852804032302 0.19509032201612916 0
    outer loop
      vertex -24.309248009941914 5.836134096397635 0
      vertex -24.67447778988288 4 7.2
      vertex -24.309248009941914 5.836134096397635 7.2
    endloop
  endfacet
  facet normal -0.9624552364536472 0.27144044986507476 0
    outer loop
      vertex -24.309248009941914 5.836134096397635 0
      vertex -24.309248009941914 5.836134096397635 7.2
      vertex -23.776412907378838 7.7254248593736845 7.2
    endloop
  endfacet
  facet normal -0.9381913359224846 0.3461170570774917 0
    outer loop
      vertex -23.776412907378838 7.7254248593736845 0
      vertex -23.776412907378838 7.7254248593736845 7.2
      vertex -23.09698831278217 9.567085809127244 7.2
    endloop
  endfacet
  facet normal -0.9081431738250813 0.41865973753742836 0
    outer loop
      vertex -23.09698831278217 9.567085809127244 0
      vertex -23.09698831278217 9.567085809127244 7.2
      vertex -22.275163104709197 11.349762493488669 7.2
    endloop
  endfacet
  facet normal -0.8724960070727967 0.4886212414969555 0
    outer loop
      vertex -22.275163104709197 11.349762493488669 0
      vertex -22.275163104709197 11.349762493488669 7.2
      vertex -21.316004108852304 13.06246411789872 7.2
    endloop
  endfacet
  facet normal 0 0 1
    outer loop
      vertex -24.309248009941914 5.836134096397635 7.2
      vertex -24.67447778988288 4 7.2
      vertex -7 4 7.2
    endloop
  endfacet
  facet normal 0 0 1
    outer loop
      vertex -24.309248009941914 5.836134096397635 7.2
      vertex -7 4 7.2
      vertex -23.776412907378838 7.7254248593736845 7.2
    endloop
  endfacet
  facet normal 0 0 1
    outer loop
      vertex -23.776412907378838 7.7254248593736845 7.2
      vertex -7 4 7.2
      vertex -23.09698831278217 9.567085809127244 7.2
    endloop
  endfacet
  facet normal 0 0 1
    outer loop
      vertex -23.09698831278217 9.567085809127244 7.2
      vertex -7 4 7.2
      vertex -22.275163104709197 11.349762493488669 7.2
    endloop
  endfacet
  facet normal 0 0 1
    outer loop
      vertex -22.275163104709197 11.349762493488669 7.2
      vertex -7 4 7.2
      vertex -21.316004108852304 13.06246411789872 7.2
    endloop
  endfacet
  facet normal 0 0 1
    outer loop
      vertex -21.316004108852304 13.06246411789872 7.2
      vertex -7 4 7.2
      vertex -20.225424859373685 14.694631307311829 7.2
    endloop
  endfacet
  facet normal 0 0 1
    outer loop
      vertex -20.225424859373685 14.694631307311829 7.2
      vertex -7 4 7.2
      vertex -19.010149140000774 16.23620120825459 7.2
    endloop
  endfacet
  facet normal -0.8314696123025457 0.5555702330196015 0
    outer loop
      vertex -21.316004108852304 13.06246411789872 0
      vertex -21.316004108852304 13.06246411789872 7.2
      vertex -20.225424859373685 14.694631307311829 7.2
    endloop
  endfacet
  facet normal -0.7853169308807451 0.619093949309834 0
    outer loop
      vertex -20.225424859373685 14.694631307311829 0
      vertex -20.225424859373685 14.694631307311829 7.2
      vertex -19.010149140000774 16.23620120825459 7.2
    endloop
  endfacet
  facet normal -0.7343225094356857 0.6788007455329416 0
    outer loop
      vertex -19.010149140000774 16.23620120825459 0
      vertex -19.010149140000774 16.23620120825459 7.2
      vertex -17.67766952966369 17.67766952966369 7.2
    endloop
  endfacet
  facet normal -0.6788007455329416 0.7343225094356857 0
    outer loop
      vertex -16.23620120825459 19.010149140000774 0
      vertex -17.67766952966369 17.67766952966369 7.2
      vertex -16.23620120825459 19.010149140000774 7.2
    endloop
  endfacet
  facet normal -0.619093949309834 0.7853169308807451 0
    outer loop
      vertex -14.694631307311829 20.225424859373685 0
      vertex -16.23620120825459 19.010149140000774 7.2
      vertex -14.694631307311829 20.225424859373685 7.2
    endloop
  endfacet
  facet normal -0.5555702330196015 0.8314696123025457 0
    outer loop
      vertex -13.06246411789872 21.316004108852304 0
      vertex -14.694631307311829 20.225424859373685 7.2
      vertex -13.06246411789872 21.316004108852304 7.2
    endloop
  endfacet
  facet normal 0 0 1
    outer loop
      vertex -19.010149140000774 16.23620120825459 7.2
      vertex -7 4 7.2
      vertex -17.67766952966369 17.67766952966369 7.2
    endloop
  endfacet
  facet normal 0 0 1
    outer loop
      vertex -17.67766952966369 17.67766952966369 7.2
      vertex -7 4 7.2
      vertex -16.23620120825459 19.010149140000774 7.2
    endloop
  endfacet
  facet normal 0 0 1
    outer loop
      vertex -16.23620120825459 19.010149140000774 7.2
      vertex -7 4 7.2
      vertex -14.694631307311829 20.225424859373685 7.2
    endloop
  endfacet
  facet normal 0 0 1
    outer loop
      vertex -5.836134096397635 -24.309248009941914 7.2
      vertex -7.7254248593736845 23.776412907378838 7.2
      vertex -7 4 7.2
    endloop
  endfacet
  facet normal 0 0 1
    outer loop
      vertex -5.836134096397635 -24.309248009941914 7.2
      vertex -5.836134096397635 24.309248009941914 7.2
      vertex -7.7254248593736845 23.776412907378838 7.2
    endloop
  endfacet
  facet normal 0 0 1
    outer loop
      vertex -5.836134096397635 24.309248009941914 7.2
      vertex -4.1 0 7.2
      vertex -4.087361068305825 0.32168229248416425 7.2
    endloop
  endfacet
  facet normal 0 0 1
    outer loop
      vertex -5.836134096397635 24.309248009941914 7.2
      vertex -4.087361068305825 0.32168229248416425 7.2
      vertex -4.049522196440065 0.6413813066649465 7.2
    endloop
  endfacet
  facet normal 0 0 1
    outer loop
      vertex -5.836134096397635 24.309248009941914 7.2
      vertex -4.049522196440065 0.6413813066649465 7.2
      vertex -3.9867166736304736 0.957125991809212 7.2
    endloop
  endfacet
  facet normal 0 0 1
    outer loop
      vertex -5.836134096397635 24.309248009941914 7.2
      vertex -3.9867166736304736 0.957125991809212 7.2
      vertex -3.899331716810129 1.2669696769372842 7.2
    endloop
  endfacet
  facet normal 0 0 1
    outer loop
      vertex -3.910861626005772 24.692208514878445 7.2
      vertex -3.899331716810129 1.2669696769372842 7.2
      vertex -3.787906083296275 1.5690020726968679 7.2
    endloop
  endfacet
  facet normal 0 0 1
    outer loop
      vertex -3.910861626005772 24.692208514878445 7.2
      vertex -3.787906083296275 1.5690020726968679 7.2
      vertex -3.653126749172308 1.8613610489321415 7.2
    endloop
  endfacet
  facet normal 0 0 1
    outer loop
      vertex -3.910861626005772 24.692208514878445 7.2
      vertex -3.653126749172308 1.8613610489321415 7.2
      vertex -3.4958246738517778 2.14224411533539 7.2
    endloop
  endfacet
  facet normal 0 0 1
    outer loop
      vertex -3.910861626005772 24.692208514878445 7.2
      vertex -3.4958246738517778 2.14224411533539 7.2
      vertex -3.3169696769372843 2.4099195343991395 7.2
    endloop
  endfacet
  facet normal 0 0 1
    outer loop
      vertex -3.910861626005772 24.692208514878445 7.2
      vertex -3.3169696769372843 2.4099195343991395 7.2
      vertex -3.1176644589601263 2.6627369981537528 7.2
    endloop
  endfacet
  facet normal 0 0 1
    outer loop
      vertex -3.910861626005772 24.692208514878445 7.2
      vertex -3.1176644589601263 2.6627369981537528 7.2
      vertex -2.899137802864845 2.899137802864845 7.2
    endloop
  endfacet
  facet normal 0 0 1
    outer loop
      vertex -3.910861626005772 24.692208514878445 7.2
      vertex -2.899137802864845 2.899137802864845 7.2
      vertex -2.6627369981537528 3.1176644589601263 7.2
    endloop
  endfacet
  facet normal 0 0 1
    outer loop
      vertex -3.910861626005772 24.692208514878445 7.2
      vertex -2.6627369981537528 3.1176644589601263 7.2
      vertex -2.4099195343991395 3.3169696769372843 7.2
    endloop
  endfacet
  facet normal 0 0 1
    outer loop
      vertex -3.910861626005772 24.692208514878445 7.2
      vertex -2.4099195343991395 3.3169696769372843 7.2
      vertex -2.14224411533539 3.4958246738517778 7.2
    endloop
  endfacet
  facet normal 0 0 1
    outer loop
      vertex -3.910861626005772 24.692208514878445 7.2
      vertex -2.14224411533539 3.4958246738517778 7.2
      vertex -1.8613610489321415 3.653126749172308 7.2
    endloop
  endfacet
  facet normal 0 0 1
    outer loop
      vertex -1.9614773931961236 24.9229333433282 7.2
      vertex -1.8613610489321415 3.653126749172308 7.2
      vertex -1.5690020726968679 3.787906083296275 7.2
    endloop
  endfacet
  facet normal 0 0 1
    outer loop
      vertex -1.9614773931961236 24.9229333433282 7.2
      vertex -1.5690020726968679 3.787906083296275 7.2
      vertex -1.2669696769372842 3.899331716810129 7.2
    endloop
  endfacet
  facet normal 0 0 1
    outer loop
      vertex -1.9614773931961236 24.9229333433282 7.2
      vertex -1.2669696769372842 3.899331716810129 7.2
      vertex -0.957125991809212 3.9867166736304736 7.2
    endloop
  endfacet
  facet normal 0 0 1
    outer loop
      vertex -1.9614773931961236 24.9229333433282 7.2
      vertex -0.957125991809212 3.9867166736304736 7.2
      vertex -0.6413813066649465 4.049522196440065 7.2
    endloop
  endfacet
  facet normal 0 0 1
    outer loop
      vertex -1.9614773931961236 24.9229333433282 7.2
      vertex -0.6413813066649465 4.049522196440065 7.2
      vertex -0.32168229248416425 4.087361068305825 7.2
    endloop
  endfacet
  facet normal 0 0 1
    outer loop
      vertex -1.9614773931961236 24.9229333433282 7.2
      vertex -0.32168229248416425 4.087361068305825 7.2
      vertex 0 4.1 7.2
    endloop
  endfacet
  facet normal -0.4886212414969555 0.8724960070727967 0
    outer loop
      vertex -11.349762493488669 22.275163104709197 0
      vertex -13.06246411789872 21.316004108852304 7.2
      vertex -11.349762493488669 22.275163104709197 7.2
    endloop
  endfacet
  facet normal -0.41865973753742836 0.9081431738250813 0
    outer loop
      vertex -9.567085809127244 23.09698831278217 0
      vertex -11.349762493488669 22.275163104709197 7.2
      vertex -9.567085809127244 23.09698831278217 7.2
    endloop
  endfacet
  facet normal -0.3461170570774917 0.9381913359224846 0
    outer loop
      vertex -7.7254248593736845 23.776412907378838 0
      vertex -9.567085809127244 23.09698831278217 7.2
      vertex -7.7254248593736845 23.776412907378838 7.2
    endloop
  endfacet
  facet normal -0.27144044986507476 0.9624552364536472 0
    outer loop
      vertex -5.836134096397635 24.309248009941914 0
      vertex -7.7254248593736845 23.776412907378838 7.2
      vertex -5.836134096397635 24.309248009941914 7.2
    endloop
  endfacet
  facet normal -0.1950903220161295 0.9807852804032302 0
    outer loop
      vertex -3.910861626005772 24.692208514878445 0
      vertex -5.836134096397635 24.309248009941914 7.2
      vertex -3.910861626005772 24.692208514878445 7.2
    endloop
  endfacet
  facet normal -0.1175373974578372 0.9930684569549263 0
    outer loop
      vertex -1.9614773931961236 24.9229333433282 0
      vertex -3.910861626005772 24.692208514878445 7.2
      vertex -1.9614773931961236 24.9229333433282 7.2
    endloop
  endfacet
  facet normal -0.039259815759068256 0.999229036240723 0
    outer loop
      vertex -1.9614773931961236 24.9229333433282 7.2
      vertex 0 25 7.2
      vertex 0 25 0
    endloop
  endfacet
  facet normal 0 0 1
    outer loop
      vertex -14.694631307311829 20.225424859373685 7.2
      vertex -7 4 7.2
      vertex -13.06246411789872 21.316004108852304 7.2
    endloop
  endfacet
  facet normal 0 0 1
    outer loop
      vertex -13.06246411789872 21.316004108852304 7.2
      vertex -7 4 7.2
      vertex -11.349762493488669 22.275163104709197 7.2
    endloop
  endfacet
  facet normal 0 0 1
    outer loop
      vertex -11.349762493488669 22.275163104709197 7.2
      vertex -7 4 7.2
      vertex -9.567085809127244 23.09698831278217 7.2
    endloop
  endfacet
  facet normal 0 0 1
    outer loop
      vertex -9.567085809127244 23.09698831278217 7.2
      vertex -7 4 7.2
      vertex -7.7254248593736845 23.776412907378838 7.2
    endloop
  endfacet
  facet normal 0 0 1
    outer loop
      vertex -5.836134096397635 24.309248009941914 7.2
      vertex -3.899331716810129 1.2669696769372842 7.2
      vertex -3.910861626005772 24.692208514878445 7.2
    endloop
  endfacet
  facet normal 0 0 1
    outer loop
      vertex -3.910861626005772 24.692208514878445 7.2
      vertex -1.8613610489321415 3.653126749172308 7.2
      vertex -1.9614773931961236 24.9229333433282 7.2
    endloop
  endfacet
  facet normal 0 0 1
    outer loop
      vertex -1.9614773931961236 24.9229333433282 7.2
      vertex 0 4.1 7.2
      vertex 0 25 7.2
    endloop
  endfacet
  facet normal 0 0 -1
    outer loop
      vertex 0 -25 0
      vertex 0.957125991809212 -3.9867166736304736 0
      vertex 1.9614773931961236 -24.9229333433282 0
    endloop
  endfacet
  facet normal 0 0 -1
    outer loop
      vertex 1.9614773931961236 -24.9229333433282 0
      vertex 2.899137802864845 -2.899137802864845 0
      vertex 3.910861626005772 -24.692208514878445 0
    endloop
  endfacet
  facet normal 0 0 -1
    outer loop
      vertex 5.836134096397635 -24.309248009941914 0
      vertex 7 -4 0
      vertex 7.7254248593736845 -23.776412907378838 0
    endloop
  endfacet
  facet normal 0.039259815759068256 -0.999229036240723 0
    outer loop
      vertex 0 -25 0
      vertex 1.9614773931961236 -24.9229333433282 0
      vertex 1.9614773931961236 -24.9229333433282 7.2
    endloop
  endfacet
  facet normal 0.1175373974578372 -0.9930684569549263 0
    outer loop
      vertex 1.9614773931961236 -24.9229333433282 0
      vertex 3.910861626005772 -24.692208514878445 0
      vertex 3.910861626005772 -24.692208514878445 7.2
    endloop
  endfacet
  facet normal 0.1950903220161295 -0.9807852804032302 0
    outer loop
      vertex 3.910861626005772 -24.692208514878445 0
      vertex 5.836134096397635 -24.309248009941914 0
      vertex 5.836134096397635 -24.309248009941914 7.2
    endloop
  endfacet
  facet normal 0.27144044986507476 -0.9624552364536472 0
    outer loop
      vertex 5.836134096397635 -24.309248009941914 0
      vertex 7.7254248593736845 -23.776412907378838 0
      vertex 7.7254248593736845 -23.776412907378838 7.2
    endloop
  endfacet
  facet normal 0.3461170570774917 -0.9381913359224846 0
    outer loop
      vertex 7.7254248593736845 -23.776412907378838 0
      vertex 9.567085809127244 -23.09698831278217 0
      vertex 9.567085809127244 -23.09698831278217 7.2
    endloop
  endfacet
  facet normal 0.41865973753742836 -0.9081431738250813 0
    outer loop
      vertex 9.567085809127244 -23.09698831278217 0
      vertex 11.349762493488669 -22.275163104709197 0
      vertex 11.349762493488669 -22.275163104709197 7.2
    endloop
  endfacet
  facet normal 0 0 -1
    outer loop
      vertex 0 -25 0
      vertex 0 -4.1 0
      vertex 0.32168229248416425 -4.087361068305825 0
    endloop
  endfacet
  facet normal 0 0 -1
    outer loop
      vertex 0 -25 0
      vertex 0.32168229248416425 -4.087361068305825 0
      vertex 0.6413813066649465 -4.049522196440065 0
    endloop
  endfacet
  facet normal 0 0 -1
    outer loop
      vertex 0 -25 0
      vertex 0.6413813066649465 -4.049522196440065 0
      vertex 0.957125991809212 -3.9867166736304736 0
    endloop
  endfacet
  facet normal 0 0 -1
    outer loop
      vertex 1.9614773931961236 -24.9229333433282 0
      vertex 0.957125991809212 -3.9867166736304736 0
      vertex 1.2669696769372842 -3.899331716810129 0
    endloop
  endfacet
  facet normal 0 0 -1
    outer loop
      vertex 1.9614773931961236 -24.9229333433282 0
      vertex 1.2669696769372842 -3.899331716810129 0
      vertex 1.5690020726968679 -3.787906083296275 0
    endloop
  endfacet
  facet normal 0 0 -1
    outer loop
      vertex 1.9614773931961236 -24.9229333433282 0
      vertex 1.5690020726968679 -3.787906083296275 0
      vertex 1.8613610489321415 -3.653126749172308 0
    endloop
  endfacet
  facet normal 0 0 -1
    outer loop
      vertex 1.9614773931961236 -24.9229333433282 0
      vertex 1.8613610489321415 -3.653126749172308 0
      vertex 2.14224411533539 -3.4958246738517778 0
    endloop
  endfacet
  facet normal 0 0 -1
    outer loop
      vertex 1.9614773931961236 -24.9229333433282 0
      vertex 2.14224411533539 -3.4958246738517778 0
      vertex 2.4099195343991395 -3.3169696769372843 0
    endloop
  endfacet
  facet normal 0 0 -1
    outer loop
      vertex 1.9614773931961236 -24.9229333433282 0
      vertex 2.4099195343991395 -3.3169696769372843 0
      vertex 2.6627369981537528 -3.1176644589601263 0
    endloop
  endfacet
  facet normal 0 0 -1
    outer loop
      vertex 1.9614773931961236 -24.9229333433282 0
      vertex 2.6627369981537528 -3.1176644589601263 0
      vertex 2.899137802864845 -2.899137802864845 0
    endloop
  endfacet
  facet normal 0 0 -1
    outer loop
      vertex 3.910861626005772 -24.692208514878445 0
      vertex 2.899137802864845 -2.899137802864845 0
      vertex 3.1176644589601263 -2.6627369981537528 0
    endloop
  endfacet
  facet normal 0 0 -1
    outer loop
      vertex 3.910861626005772 -24.692208514878445 0
      vertex 3.1176644589601263 -2.6627369981537528 0
      vertex 3.3169696769372843 -2.4099195343991395 0
    endloop
  endfacet
  facet normal 0 0 -1
    outer loop
      vertex 3.910861626005772 -24.692208514878445 0
      vertex 3.3169696769372843 -2.4099195343991395 0
      vertex 3.4958246738517778 -2.14224411533539 0
    endloop
  endfacet
  facet normal 0 0 -1
    outer loop
      vertex 3.910861626005772 -24.692208514878445 0
      vertex 3.4958246738517778 -2.14224411533539 0
      vertex 3.653126749172308 -1.8613610489321415 0
    endloop
  endfacet
  facet normal 0 0 -1
    outer loop
      vertex 3.910861626005772 -24.692208514878445 0
      vertex 3.653126749172308 -1.8613610489321415 0
      vertex 3.787906083296275 -1.5690020726968679 0
    endloop
  endfacet
  facet normal 0 0 -1
    outer loop
      vertex 3.910861626005772 -24.692208514878445 0
      vertex 3.787906083296275 -1.5690020726968679 0
      vertex 3.899331716810129 -1.2669696769372842 0
    endloop
  endfacet
  facet normal 0 0 -1
    outer loop
      vertex 3.910861626005772 -24.692208514878445 0
      vertex 3.899331716810129 -1.2669696769372842 0
      vertex 3.9867166736304736 -0.957125991809212 0
    endloop
  endfacet
  facet normal 0 0 -1
    outer loop
      vertex 3.910861626005772 -24.692208514878445 0
      vertex 3.9867166736304736 -0.957125991809212 0
      vertex 4.049522196440065 -0.6413813066649465 0
    endloop
  endfacet
  facet normal 0 0 -1
    outer loop
      vertex 3.910861626005772 -24.692208514878445 0
      vertex 4.049522196440065 -0.6413813066649465 0
      vertex 4.087361068305825 -0.32168229248416425 0
    endloop
  endfacet
  facet normal 0 0 -1
    outer loop
      vertex 3.910861626005772 -24.692208514878445 0
      vertex 4.087361068305825 -0.32168229248416425 0
      vertex 4.1 0 0
    endloop
  endfacet
  facet normal 0 0 -1
    outer loop
      vertex 3.910861626005772 -24.692208514878445 0
      vertex 5.836134096397635 24.309248009941914 0
      vertex 5.836134096397635 -24.309248009941914 0
    endloop
  endfacet
  facet normal 0 0 -1
    outer loop
      vertex 3.910861626005772 -24.692208514878445 0
      vertex 4.1 0 0
      vertex 5.836134096397635 24.309248009941914 0
    endloop
  endfacet
  facet normal 0 0 -1
    outer loop
      vertex 5.836134096397635 -24.309248009941914 0
      vertex 7 4 0
      vertex 7 -4 0
    endloop
  endfacet
  facet normal 0 0 -1
    outer loop
      vertex 7.7254248593736845 -23.776412907378838 0
      vertex 24.67447778988288 -4 0
      vertex 9.567085809127244 -23.09698831278217 0
    endloop
  endfacet
  facet normal 0 0 -1
    outer loop
      vertex 9.567085809127244 -23.09698831278217 0
      vertex 24.67447778988288 -4 0
      vertex 11.349762493488669 -22.275163104709197 0
    endloop
  endfacet
  facet normal 0 0 -1
    outer loop
      vertex 11.349762493488669 -22.275163104709197 0
      vertex 24.67447778988288 -4 0
      vertex 13.06246411789872 -21.316004108852304 0
    endloop
  endfacet
  facet normal 0 0 -1
    outer loop
      vertex 13.06246411789872 -21.316004108852304 0
      vertex 24.67447778988288 -4 0
      vertex 14.694631307311829 -20.225424859373685 0
    endloop
  endfacet
  facet normal 0 0 -1
    outer loop
      vertex 14.694631307311829 -20.225424859373685 0
      vertex 24.67447778988288 -4 0
      vertex 16.23620120825459 -19.010149140000774 0
    endloop
  endfacet
  facet normal 0 0 -1
    outer loop
      vertex 16.23620120825459 -19.010149140000774 0
      vertex 24.67447778988288 -4 0
      vertex 17.67766952966369 -17.67766952966369 0
    endloop
  endfacet
  facet normal 0 0 -1
    outer loop
      vertex 17.67766952966369 -17.67766952966369 0
      vertex 24.67447778988288 -4 0
      vertex 19.010149140000774 -16.23620120825459 0
    endloop
  endfacet
  facet normal 0.4886212414969555 -0.8724960070727967 0
    outer loop
      vertex 11.349762493488669 -22.275163104709197 0
      vertex 13.06246411789872 -21.316004108852304 0
      vertex 13.06246411789872 -21.316004108852304 7.2
    endloop
  endfacet
  facet normal 0.5555702330196015 -0.8314696123025457 0
    outer loop
      vertex 13.06246411789872 -21.316004108852304 0
      vertex 14.694631307311829 -20.225424859373685 0
      vertex 14.694631307311829 -20.225424859373685 7.2
    endloop
  endfacet
  facet normal 0.619093949309834 -0.7853169308807451 0
    outer loop
      vertex 14.694631307311829 -20.225424859373685 0
      vertex 16.23620120825459 -19.010149140000774 0
      vertex 16.23620120825459 -19.010149140000774 7.2
    endloop
  endfacet
  facet normal 0.6788007455329416 -0.7343225094356857 0
    outer loop
      vertex 16.23620120825459 -19.010149140000774 0
      vertex 17.67766952966369 -17.67766952966369 0
      vertex 17.67766952966369 -17.67766952966369 7.2
    endloop
  endfacet
  facet normal 0.7343225094356857 -0.6788007455329416 0
    outer loop
      vertex 17.67766952966369 -17.67766952966369 0
      vertex 19.010149140000774 -16.23620120825459 0
      vertex 17.67766952966369 -17.67766952966369 7.2
    endloop
  endfacet
  facet normal 0.7853169308807451 -0.619093949309834 0
    outer loop
      vertex 19.010149140000774 -16.23620120825459 0
      vertex 20.225424859373685 -14.694631307311829 0
      vertex 19.010149140000774 -16.23620120825459 7.2
    endloop
  endfacet
  facet normal 0.8314696123025457 -0.5555702330196015 0
    outer loop
      vertex 20.225424859373685 -14.694631307311829 0
      vertex 21.316004108852304 -13.06246411789872 0
      vertex 20.225424859373685 -14.694631307311829 7.2
    endloop
  endfacet
  facet normal 0 0 -1
    outer loop
      vertex 7.7254248593736845 -23.776412907378838 0
      vertex 7 -4 0
      vertex 24.67447778988288 -4 0
    endloop
  endfacet
  facet normal 0 0 -1
    outer loop
      vertex 19.010149140000774 -16.23620120825459 0
      vertex 24.67447778988288 -4 0
      vertex 20.225424859373685 -14.694631307311829 0
    endloop
  endfacet
  facet normal 0 0 -1
    outer loop
      vertex 20.225424859373685 -14.694631307311829 0
      vertex 24.67447778988288 -4 0
      vertex 21.316004108852304 -13.06246411789872 0
    endloop
  endfacet
  facet normal 0 0 -1
    outer loop
      vertex 21.316004108852304 -13.06246411789872 0
      vertex 24.67447778988288 -4 0
      vertex 22.275163104709197 -11.349762493488669 0
    endloop
  endfacet
  facet normal 0 0 -1
    outer loop
      vertex 22.275163104709197 -11.349762493488669 0
      vertex 24.67447778988288 -4 0
      vertex 23.09698831278217 -9.567085809127244 0
    endloop
  endfacet
  facet normal 0 0 -1
    outer loop
      vertex 23.09698831278217 -9.567085809127244 0
      vertex 24.67447778988288 -4 0
      vertex 23.776412907378838 -7.7254248593736845 0
    endloop
  endfacet
  facet normal 0 0 -1
    outer loop
      vertex 23.776412907378838 -7.7254248593736845 0
      vertex 24.67447778988288 -4 0
      vertex 24.309248009941914 -5.836134096397635 0
    endloop
  endfacet
  facet normal 0.8724960070727967 -0.4886212414969555 0
    outer loop
      vertex 21.316004108852304 -13.06246411789872 0
      vertex 22.275163104709197 -11.349762493488669 0
      vertex 21.316004108852304 -13.06246411789872 7.2
    endloop
  endfacet
  facet normal 0.9081431738250813 -0.41865973753742836 0
    outer loop
      vertex 22.275163104709197 -11.349762493488669 0
      vertex 23.09698831278217 -9.567085809127244 0
      vertex 22.275163104709197 -11.349762493488669 7.2
    endloop
  endfacet
  facet normal 0.9381913359224846 -0.3461170570774917 0
    outer loop
      vertex 23.09698831278217 -9.567085809127244 0
      vertex 23.776412907378838 -7.7254248593736845 0
      vertex 23.09698831278217 -9.567085809127244 7.2
    endloop
  endfacet
  facet normal 0.9624552364536472 -0.27144044986507476 0
    outer loop
      vertex 23.776412907378838 -7.7254248593736845 0
      vertex 24.309248009941914 -5.836134096397635 0
      vertex 23.776412907378838 -7.7254248593736845 7.2
    endloop
  endfacet
  facet normal 0.9807852804032302 -0.19509032201612916 0
    outer loop
      vertex 24.309248009941914 -5.836134096397635 0
      vertex 24.67447778988288 -4 0
      vertex 24.67447778988288 -4 7.2
    endloop
  endfacet
  facet normal 0.039259815759068256 -0.999229036240723 0
    outer loop
      vertex 0 -25 0
      vertex 1.9614773931961236 -24.9229333433282 7.2
      vertex 0 -25 7.2
    endloop
  endfacet
  facet normal 0.1175373974578372 -0.9930684569549263 0
    outer loop
      vertex 1.9614773931961236 -24.9229333433282 0
      vertex 3.910861626005772 -24.692208514878445 7.2
      vertex 1.9614773931961236 -24.9229333433282 7.2
    endloop
  endfacet
  facet normal 0.1950903220161295 -0.9807852804032302 0
    outer loop
      vertex 3.910861626005772 -24.692208514878445 0
      vertex 5.836134096397635 -24.309248009941914 7.2
      vertex 3.910861626005772 -24.692208514878445 7.2
    endloop
  endfacet
  facet normal 0.27144044986507476 -0.9624552364536472 0
    outer loop
      vertex 5.836134096397635 -24.309248009941914 0
      vertex 7.7254248593736845 -23.776412907378838 7.2
      vertex 5.836134096397635 -24.309248009941914 7.2
    endloop
  endfacet
  facet normal 0.3461170570774917 -0.9381913359224846 0
    outer loop
      vertex 7.7254248593736845 -23.776412907378838 0
      vertex 9.567085809127244 -23.09698831278217 7.2
      vertex 7.7254248593736845 -23.776412907378838 7.2
    endloop
  endfacet
  facet normal 0.41865973753742836 -0.9081431738250813 0
    outer loop
      vertex 9.567085809127244 -23.09698831278217 0
      vertex 11.349762493488669 -22.275163104709197 7.2
      vertex 9.567085809127244 -23.09698831278217 7.2
    endloop
  endfacet
  facet normal 0.4886212414969555 -0.8724960070727967 0
    outer loop
      vertex 11.349762493488669 -22.275163104709197 0
      vertex 13.06246411789872 -21.316004108852304 7.2
      vertex 11.349762493488669 -22.275163104709197 7.2
    endloop
  endfacet
  facet normal 0 0 1
    outer loop
      vertex 0 -25 7.2
      vertex 1.9614773931961236 -24.9229333433282 7.2
      vertex 0 -4.1 7.2
    endloop
  endfacet
  facet normal 0 0 1
    outer loop
      vertex 1.9614773931961236 -24.9229333433282 7.2
      vertex 3.910861626005772 -24.692208514878445 7.2
      vertex 1.8613610489321415 -3.653126749172308 7.2
    endloop
  endfacet
  facet normal 0 0 1
    outer loop
      vertex 3.910861626005772 -24.692208514878445 7.2
      vertex 5.836134096397635 -24.309248009941914 7.2
      vertex 3.899331716810129 -1.2669696769372842 7.2
    endloop
  endfacet
  facet normal 0 0 1
    outer loop
      vertex 7.7254248593736845 -23.776412907378838 7.2
      vertex 9.567085809127244 -23.09698831278217 7.2
      vertex 7 -4 7.2
    endloop
  endfacet
  facet normal 0 0 1
    outer loop
      vertex 9.567085809127244 -23.09698831278217 7.2
      vertex 11.349762493488669 -22.275163104709197 7.2
      vertex 7 -4 7.2
    endloop
  endfacet
  facet normal 0 0 1
    outer loop
      vertex 11.349762493488669 -22.275163104709197 7.2
      vertex 13.06246411789872 -21.316004108852304 7.2
      vertex 7 -4 7.2
    endloop
  endfacet
  facet normal 0 0 1
    outer loop
      vertex 13.06246411789872 -21.316004108852304 7.2
      vertex 14.694631307311829 -20.225424859373685 7.2
      vertex 7 -4 7.2
    endloop
  endfacet
  facet normal 0 0 1
    outer loop
      vertex 1.9614773931961236 -24.9229333433282 7.2
      vertex 0.32168229248416425 -4.087361068305825 7.2
      vertex 0 -4.1 7.2
    endloop
  endfacet
  facet normal 0 0 1
    outer loop
      vertex 1.9614773931961236 -24.9229333433282 7.2
      vertex 0.6413813066649465 -4.049522196440065 7.2
      vertex 0.32168229248416425 -4.087361068305825 7.2
    endloop
  endfacet
  facet normal 0 0 1
    outer loop
      vertex 1.9614773931961236 -24.9229333433282 7.2
      vertex 0.957125991809212 -3.9867166736304736 7.2
      vertex 0.6413813066649465 -4.049522196440065 7.2
    endloop
  endfacet
  facet normal 0 0 1
    outer loop
      vertex 1.9614773931961236 -24.9229333433282 7.2
      vertex 1.2669696769372842 -3.899331716810129 7.2
      vertex 0.957125991809212 -3.9867166736304736 7.2
    endloop
  endfacet
  facet normal 0 0 1
    outer loop
      vertex 1.9614773931961236 -24.9229333433282 7.2
      vertex 1.5690020726968679 -3.787906083296275 7.2
      vertex 1.2669696769372842 -3.899331716810129 7.2
    endloop
  endfacet
  facet normal 0 0 1
    outer loop
      vertex 1.9614773931961236 -24.9229333433282 7.2
      vertex 1.8613610489321415 -3.653126749172308 7.2
      vertex 1.5690020726968679 -3.787906083296275 7.2
    endloop
  endfacet
  facet normal 0 0 1
    outer loop
      vertex 3.910861626005772 -24.692208514878445 7.2
      vertex 2.14224411533539 -3.4958246738517778 7.2
      vertex 1.8613610489321415 -3.653126749172308 7.2
    endloop
  endfacet
  facet normal 0 0 1
    outer loop
      vertex 3.910861626005772 -24.692208514878445 7.2
      vertex 2.4099195343991395 -3.3169696769372843 7.2
      vertex 2.14224411533539 -3.4958246738517778 7.2
    endloop
  endfacet
  facet normal 0 0 1
    outer loop
      vertex 3.910861626005772 -24.692208514878445 7.2
      vertex 2.6627369981537528 -3.1176644589601263 7.2
      vertex 2.4099195343991395 -3.3169696769372843 7.2
    endloop
  endfacet
  facet normal 0 0 1
    outer loop
      vertex 3.910861626005772 -24.692208514878445 7.2
      vertex 2.899137802864845 -2.899137802864845 7.2
      vertex 2.6627369981537528 -3.1176644589601263 7.2
    endloop
  endfacet
  facet normal 0 0 1
    outer loop
      vertex 3.910861626005772 -24.692208514878445 7.2
      vertex 3.1176644589601263 -2.6627369981537528 7.2
      vertex 2.899137802864845 -2.899137802864845 7.2
    endloop
  endfacet
  facet normal 0 0 1
    outer loop
      vertex 3.910861626005772 -24.692208514878445 7.2
      vertex 3.3169696769372843 -2.4099195343991395 7.2
      vertex 3.1176644589601263 -2.6627369981537528 7.2
    endloop
  endfacet
  facet normal 0 0 1
    outer loop
      vertex 3.910861626005772 -24.692208514878445 7.2
      vertex 3.4958246738517778 -2.14224411533539 7.2
      vertex 3.3169696769372843 -2.4099195343991395 7.2
    endloop
  endfacet
  facet normal 0 0 1
    outer loop
      vertex 3.910861626005772 -24.692208514878445 7.2
      vertex 3.653126749172308 -1.8613610489321415 7.2
      vertex 3.4958246738517778 -2.14224411533539 7.2
    endloop
  endfacet
  facet normal 0 0 1
    outer loop
      vertex 3.910861626005772 -24.692208514878445 7.2
      vertex 3.787906083296275 -1.5690020726968679 7.2
      vertex 3.653126749172308 -1.8613610489321415 7.2
    endloop
  endfacet
  facet normal 0 0 1
    outer loop
      vertex 3.910861626005772 -24.692208514878445 7.2
      vertex 3.899331716810129 -1.2669696769372842 7.2
      vertex 3.787906083296275 -1.5690020726968679 7.2
    endloop
  endfacet
  facet normal 0 0 1
    outer loop
      vertex 5.836134096397635 -24.309248009941914 7.2
      vertex 3.9867166736304736 -0.957125991809212 7.2
      vertex 3.899331716810129 -1.2669696769372842 7.2
    endloop
  endfacet
  facet normal 0 0 1
    outer loop
      vertex 5.836134096397635 -24.309248009941914 7.2
      vertex 4.049522196440065 -0.6413813066649465 7.2
      vertex 3.9867166736304736 -0.957125991809212 7.2
    endloop
  endfacet
  facet normal 0 0 1
    outer loop
      vertex 5.836134096397635 -24.309248009941914 7.2
      vertex 4.087361068305825 -0.32168229248416425 7.2
      vertex 4.049522196440065 -0.6413813066649465 7.2
    endloop
  endfacet
  facet normal 0 0 1
    outer loop
      vertex 5.836134096397635 -24.309248009941914 7.2
      vertex 4.1 0 7.2
      vertex 4.087361068305825 -0.32168229248416425 7.2
    endloop
  endfacet
  facet normal 0 0 1
    outer loop
      vertex 5.836134096397635 -24.309248009941914 7.2
      vertex 7.7254248593736845 -23.776412907378838 7.2
      vertex 5.836134096397635 24.309248009941914 7.2
    endloop
  endfacet
  facet normal 0 0 1
    outer loop
      vertex 7.7254248593736845 -23.776412907378838 7.2
      vertex 7 -4 7.2
      vertex 5.836134096397635 24.309248009941914 7.2
    endloop
  endfacet
  facet normal 0.5555702330196015 -0.8314696123025457 0
    outer loop
      vertex 13.06246411789872 -21.316004108852304 0
      vertex 14.694631307311829 -20.225424859373685 7.2
      vertex 13.06246411789872 -21.316004108852304 7.2
    endloop
  endfacet
  facet normal 0.619093949309834 -0.7853169308807451 0
    outer loop
      vertex 14.694631307311829 -20.225424859373685 0
      vertex 16.23620120825459 -19.010149140000774 7.2
      vertex 14.694631307311829 -20.225424859373685 7.2
    endloop
  endfacet
  facet normal 0.6788007455329416 -0.7343225094356857 0
    outer loop
      vertex 16.23620120825459 -19.010149140000774 0
      vertex 17.67766952966369 -17.67766952966369 7.2
      vertex 16.23620120825459 -19.010149140000774 7.2
    endloop
  endfacet
  facet normal 0.7343225094356857 -0.6788007455329416 0
    outer loop
      vertex 19.010149140000774 -16.23620120825459 0
      vertex 19.010149140000774 -16.23620120825459 7.2
      vertex 17.67766952966369 -17.67766952966369 7.2
    endloop
  endfacet
  facet normal 0.7853169308807451 -0.619093949309834 0
    outer loop
      vertex 20.225424859373685 -14.694631307311829 0
      vertex 20.225424859373685 -14.694631307311829 7.2
      vertex 19.010149140000774 -16.23620120825459 7.2
    endloop
  endfacet
  facet normal 0.8314696123025457 -0.5555702330196015 0
    outer loop
      vertex 21.316004108852304 -13.06246411789872 0
      vertex 21.316004108852304 -13.06246411789872 7.2
      vertex 20.225424859373685 -14.694631307311829 7.2
    endloop
  endfacet
  facet normal 0 0 1
    outer loop
      vertex 14.694631307311829 -20.225424859373685 7.2
      vertex 16.23620120825459 -19.010149140000774 7.2
      vertex 7 -4 7.2
    endloop
  endfacet
  facet normal 0 0 1
    outer loop
      vertex 16.23620120825459 -19.010149140000774 7.2
      vertex 17.67766952966369 -17.67766952966369 7.2
      vertex 7 -4 7.2
    endloop
  endfacet
  facet normal 0 0 1
    outer loop
      vertex 17.67766952966369 -17.67766952966369 7.2
      vertex 19.010149140000774 -16.23620120825459 7.2
      vertex 7 -4 7.2
    endloop
  endfacet
  facet normal 0.8724960070727967 -0.4886212414969555 0
    outer loop
      vertex 22.275163104709197 -11.349762493488669 0
      vertex 22.275163104709197 -11.349762493488669 7.2
      vertex 21.316004108852304 -13.06246411789872 7.2
    endloop
  endfacet
  facet normal 0.9081431738250813 -0.41865973753742836 0
    outer loop
      vertex 23.09698831278217 -9.567085809127244 0
      vertex 23.09698831278217 -9.567085809127244 7.2
      vertex 22.275163104709197 -11.349762493488669 7.2
    endloop
  endfacet
  facet normal 0.9381913359224846 -0.3461170570774917 0
    outer loop
      vertex 23.776412907378838 -7.7254248593736845 0
      vertex 23.776412907378838 -7.7254248593736845 7.2
      vertex 23.09698831278217 -9.567085809127244 7.2
    endloop
  endfacet
  facet normal 0.9624552364536472 -0.27144044986507476 0
    outer loop
      vertex 24.309248009941914 -5.836134096397635 0
      vertex 24.309248009941914 -5.836134096397635 7.2
      vertex 23.776412907378838 -7.7254248593736845 7.2
    endloop
  endfacet
  facet normal 0.9807852804032302 -0.19509032201612916 0
    outer loop
      vertex 24.309248009941914 -5.836134096397635 0
      vertex 24.67447778988288 -4 7.2
      vertex 24.309248009941914 -5.836134096397635 7.2
    endloop
  endfacet
  facet normal 0 0 1
    outer loop
      vertex 19.010149140000774 -16.23620120825459 7.2
      vertex 20.225424859373685 -14.694631307311829 7.2
      vertex 7 -4 7.2
    endloop
  endfacet
  facet normal 0 0 1
    outer loop
      vertex 20.225424859373685 -14.694631307311829 7.2
      vertex 21.316004108852304 -13.06246411789872 7.2
      vertex 7 -4 7.2
    endloop
  endfacet
  facet normal 0 0 1
    outer loop
      vertex 21.316004108852304 -13.06246411789872 7.2
      vertex 22.275163104709197 -11.349762493488669 7.2
      vertex 7 -4 7.2
    endloop
  endfacet
  facet normal 0 0 1
    outer loop
      vertex 22.275163104709197 -11.349762493488669 7.2
      vertex 23.09698831278217 -9.567085809127244 7.2
      vertex 7 -4 7.2
    endloop
  endfacet
  facet normal 0 0 1
    outer loop
      vertex 23.09698831278217 -9.567085809127244 7.2
      vertex 23.776412907378838 -7.7254248593736845 7.2
      vertex 7 -4 7.2
    endloop
  endfacet
  facet normal 0 0 1
    outer loop
      vertex 23.776412907378838 -7.7254248593736845 7.2
      vertex 24.309248009941914 -5.836134096397635 7.2
      vertex 7 -4 7.2
    endloop
  endfacet
  facet normal 0 0 1
    outer loop
      vertex 24.309248009941914 -5.836134096397635 7.2
      vertex 24.67447778988288 -4 7.2
      vertex 7 -4 7.2
    endloop
  endfacet
  facet normal 0 0 -1
    outer loop
      vertex 1.9614773931961236 24.9229333433282 0
      vertex 1.2669696769372842 3.899331716810129 0
      vertex 0.957125991809212 3.9867166736304736 0
    endloop
  endfacet
  facet normal 0 0 -1
    outer loop
      vertex 1.9614773931961236 24.9229333433282 0
      vertex 0.32168229248416425 4.087361068305825 0
      vertex 0 4.1 0
    endloop
  endfacet
  facet normal 0 0 -1
    outer loop
      vertex 1.9614773931961236 24.9229333433282 0
      vertex 0.6413813066649465 4.049522196440065 0
      vertex 0.32168229248416425 4.087361068305825 0
    endloop
  endfacet
  facet normal 0 0 -1
    outer loop
      vertex 1.9614773931961236 24.9229333433282 0
      vertex 0.957125991809212 3.9867166736304736 0
      vertex 0.6413813066649465 4.049522196440065 0
    endloop
  endfacet
  facet normal 0 0 -1
    outer loop
      vertex 1.9614773931961236 24.9229333433282 0
      vertex 1.5690020726968679 3.787906083296275 0
      vertex 1.2669696769372842 3.899331716810129 0
    endloop
  endfacet
  facet normal 0 0 -1
    outer loop
      vertex 1.9614773931961236 24.9229333433282 0
      vertex 1.8613610489321415 3.653126749172308 0
      vertex 1.5690020726968679 3.787906083296275 0
    endloop
  endfacet
  facet normal 0 0 -1
    outer loop
      vertex 3.910861626005772 24.692208514878445 0
      vertex 2.14224411533539 3.4958246738517778 0
      vertex 1.8613610489321415 3.653126749172308 0
    endloop
  endfacet
  facet normal 0 0 -1
    outer loop
      vertex 3.910861626005772 24.692208514878445 0
      vertex 2.4099195343991395 3.3169696769372843 0
      vertex 2.14224411533539 3.4958246738517778 0
    endloop
  endfacet
  facet normal 0 0 -1
    outer loop
      vertex 3.910861626005772 24.692208514878445 0
      vertex 2.6627369981537528 3.1176644589601263 0
      vertex 2.4099195343991395 3.3169696769372843 0
    endloop
  endfacet
  facet normal 0 0 -1
    outer loop
      vertex 3.910861626005772 24.692208514878445 0
      vertex 3.787906083296275 1.5690020726968679 0
      vertex 3.653126749172308 1.8613610489321415 0
    endloop
  endfacet
  facet normal 0 0 -1
    outer loop
      vertex 3.910861626005772 24.692208514878445 0
      vertex 3.899331716810129 1.2669696769372842 0
      vertex 3.787906083296275 1.5690020726968679 0
    endloop
  endfacet
  facet normal 0 0 -1
    outer loop
      vertex 5.836134096397635 24.309248009941914 0
      vertex 4.049522196440065 0.6413813066649465 0
      vertex 3.9867166736304736 0.957125991809212 0
    endloop
  endfacet
  facet normal 0 0 -1
    outer loop
      vertex 5.836134096397635 24.309248009941914 0
      vertex 3.9867166736304736 0.957125991809212 0
      vertex 3.899331716810129 1.2669696769372842 0
    endloop
  endfacet
  facet normal 0 0 -1
    outer loop
      vertex 5.836134096397635 24.309248009941914 0
      vertex 4.1 0 0
      vertex 4.087361068305825 0.32168229248416425 0
    endloop
  endfacet
  facet normal 0 0 -1
    outer loop
      vertex 5.836134096397635 24.309248009941914 0
      vertex 4.087361068305825 0.32168229248416425 0
      vertex 4.049522196440065 0.6413813066649465 0
    endloop
  endfacet
  facet normal 0 0 -1
    outer loop
      vertex 3.910861626005772 24.692208514878445 0
      vertex 3.3169696769372843 2.4099195343991395 0
      vertex 3.1176644589601263 2.6627369981537528 0
    endloop
  endfacet
  facet normal 0 0 -1
    outer loop
      vertex 3.910861626005772 24.692208514878445 0
      vertex 3.1176644589601263 2.6627369981537528 0
      vertex 2.899137802864845 2.899137802864845 0
    endloop
  endfacet
  facet normal 0 0 -1
    outer loop
      vertex 3.910861626005772 24.692208514878445 0
      vertex 3.4958246738517778 2.14224411533539 0
      vertex 3.3169696769372843 2.4099195343991395 0
    endloop
  endfacet
  facet normal 0 0 -1
    outer loop
      vertex 3.910861626005772 24.692208514878445 0
      vertex 3.653126749172308 1.8613610489321415 0
      vertex 3.4958246738517778 2.14224411533539 0
    endloop
  endfacet
  facet normal 0 0 -1
    outer loop
      vertex 3.910861626005772 24.692208514878445 0
      vertex 2.899137802864845 2.899137802864845 0
      vertex 2.6627369981537528 3.1176644589601263 0
    endloop
  endfacet
  facet normal 0 0 -1
    outer loop
      vertex 5.836134096397635 -24.309248009941914 0
      vertex 7.7254248593736845 23.776412907378838 0
      vertex 7 4 0
    endloop
  endfacet
  facet normal 0 0 -1
    outer loop
      vertex 5.836134096397635 -24.309248009941914 0
      vertex 5.836134096397635 24.309248009941914 0
      vertex 7.7254248593736845 23.776412907378838 0
    endloop
  endfacet
  facet normal 0 0 -1
    outer loop
      vertex 0 25 0
      vertex 1.9614773931961236 24.9229333433282 0
      vertex 0 4.1 0
    endloop
  endfacet
  facet normal 0 0 -1
    outer loop
      vertex 1.9614773931961236 24.9229333433282 0
      vertex 3.910861626005772 24.692208514878445 0
      vertex 1.8613610489321415 3.653126749172308 0
    endloop
  endfacet
  facet normal 0 0 -1
    outer loop
      vertex 3.910861626005772 24.692208514878445 0
      vertex 5.836134096397635 24.309248009941914 0
      vertex 3.899331716810129 1.2669696769372842 0
    endloop
  endfacet
  facet normal 0 0 -1
    outer loop
      vertex 7.7254248593736845 23.776412907378838 0
      vertex 9.567085809127244 23.09698831278217 0
      vertex 7 4 0
    endloop
  endfacet
  facet normal 0 0 -1
    outer loop
      vertex 13.06246411789872 21.316004108852304 0
      vertex 14.694631307311829 20.225424859373685 0
      vertex 7 4 0
    endloop
  endfacet
  facet normal 0 0 -1
    outer loop
      vertex 9.567085809127244 23.09698831278217 0
      vertex 11.349762493488669 22.275163104709197 0
      vertex 7 4 0
    endloop
  endfacet
  facet normal 0 0 -1
    outer loop
      vertex 11.349762493488669 22.275163104709197 0
      vertex 13.06246411789872 21.316004108852304 0
      vertex 7 4 0
    endloop
  endfacet
  facet normal 0.039259815759068256 0.999229036240723 0
    outer loop
      vertex 0 25 0
      vertex 0 25 7.2
      vertex 1.9614773931961236 24.9229333433282 0
    endloop
  endfacet
  facet normal 0.1175373974578372 0.9930684569549263 0
    outer loop
      vertex 1.9614773931961236 24.9229333433282 0
      vertex 1.9614773931961236 24.9229333433282 7.2
      vertex 3.910861626005772 24.692208514878445 0
    endloop
  endfacet
  facet normal 0.1950903220161295 0.9807852804032302 0
    outer loop
      vertex 3.910861626005772 24.692208514878445 0
      vertex 3.910861626005772 24.692208514878445 7.2
      vertex 5.836134096397635 24.309248009941914 0
    endloop
  endfacet
  facet normal 0.27144044986507476 0.9624552364536472 0
    outer loop
      vertex 5.836134096397635 24.309248009941914 0
      vertex 5.836134096397635 24.309248009941914 7.2
      vertex 7.7254248593736845 23.776412907378838 0
    endloop
  endfacet
  facet normal 0.3461170570774917 0.9381913359224846 0
    outer loop
      vertex 7.7254248593736845 23.776412907378838 0
      vertex 7.7254248593736845 23.776412907378838 7.2
      vertex 9.567085809127244 23.09698831278217 0
    endloop
  endfacet
  facet normal 0.41865973753742836 0.9081431738250813 0
    outer loop
      vertex 9.567085809127244 23.09698831278217 0
      vertex 9.567085809127244 23.09698831278217 7.2
      vertex 11.349762493488669 22.275163104709197 0
    endloop
  endfacet
  facet normal 0.4886212414969555 0.8724960070727967 0
    outer loop
      vertex 11.349762493488669 22.275163104709197 0
      vertex 11.349762493488669 22.275163104709197 7.2
      vertex 13.06246411789872 21.316004108852304 0
    endloop
  endfacet
  facet normal 0 0 -1
    outer loop
      vertex 24.309248009941914 5.836134096397635 0
      vertex 7 4 0
      vertex 23.776412907378838 7.7254248593736845 0
    endloop
  endfacet
  facet normal 0 0 -1
    outer loop
      vertex 20.225424859373685 14.694631307311829 0
      vertex 7 4 0
      vertex 19.010149140000774 16.23620120825459 0
    endloop
  endfacet
  facet normal 0 0 -1
    outer loop
      vertex 23.776412907378838 7.7254248593736845 0
      vertex 7 4 0
      vertex 23.09698831278217 9.567085809127244 0
    endloop
  endfacet
  facet normal 0 0 -1
    outer loop
      vertex 23.09698831278217 9.567085809127244 0
      vertex 7 4 0
      vertex 22.275163104709197 11.349762493488669 0
    endloop
  endfacet
  facet normal 0 0 -1
    outer loop
      vertex 20.225424859373685 14.694631307311829 0
      vertex 21.316004108852304 13.06246411789872 0
      vertex 7 4 0
    endloop
  endfacet
  facet normal 0 0 -1
    outer loop
      vertex 22.275163104709197 11.349762493488669 0
      vertex 7 4 0
      vertex 21.316004108852304 13.06246411789872 0
    endloop
  endfacet
  facet normal 0 0 -1
    outer loop
      vertex 24.309248009941914 5.836134096397635 0
      vertex 24.67447778988288 4 0
      vertex 7 4 0
    endloop
  endfacet
  facet normal 0.9807852804032302 0.19509032201612916 0
    outer loop
      vertex 24.309248009941914 5.836134096397635 0
      vertex 24.309248009941914 5.836134096397635 7.2
      vertex 24.67447778988288 4 0
    endloop
  endfacet
  facet normal 0.9624552364536472 0.27144044986507476 0
    outer loop
      vertex 24.309248009941914 5.836134096397635 0
      vertex 23.776412907378838 7.7254248593736845 0
      vertex 24.309248009941914 5.836134096397635 7.2
    endloop
  endfacet
  facet normal 0.9381913359224846 0.3461170570774917 0
    outer loop
      vertex 23.776412907378838 7.7254248593736845 0
      vertex 23.09698831278217 9.567085809127244 0
      vertex 23.776412907378838 7.7254248593736845 7.2
    endloop
  endfacet
  facet normal 0.9081431738250813 0.41865973753742836 0
    outer loop
      vertex 23.09698831278217 9.567085809127244 0
      vertex 22.275163104709197 11.349762493488669 0
      vertex 23.09698831278217 9.567085809127244 7.2
    endloop
  endfacet
  facet normal 0.8724960070727967 0.4886212414969555 0
    outer loop
      vertex 22.275163104709197 11.349762493488669 0
      vertex 21.316004108852304 13.06246411789872 0
      vertex 22.275163104709197 11.349762493488669 7.2
    endloop
  endfacet
  facet normal 0 0 -1
    outer loop
      vertex 17.67766952966369 17.67766952966369 0
      vertex 7 4 0
      vertex 16.23620120825459 19.010149140000774 0
    endloop
  endfacet
  facet normal 0 0 -1
    outer loop
      vertex 14.694631307311829 20.225424859373685 0
      vertex 16.23620120825459 19.010149140000774 0
      vertex 7 4 0
    endloop
  endfacet
  facet normal 0 0 -1
    outer loop
      vertex 17.67766952966369 17.67766952966369 0
      vertex 19.010149140000774 16.23620120825459 0
      vertex 7 4 0
    endloop
  endfacet
  facet normal 0.6788007455329416 0.7343225094356857 0
    outer loop
      vertex 17.67766952966369 17.67766952966369 0
      vertex 16.23620120825459 19.010149140000774 0
      vertex 16.23620120825459 19.010149140000774 7.2
    endloop
  endfacet
  facet normal 0.5555702330196015 0.8314696123025457 0
    outer loop
      vertex 13.06246411789872 21.316004108852304 0
      vertex 13.06246411789872 21.316004108852304 7.2
      vertex 14.694631307311829 20.225424859373685 0
    endloop
  endfacet
  facet normal 0.619093949309834 0.7853169308807451 0
    outer loop
      vertex 14.694631307311829 20.225424859373685 0
      vertex 14.694631307311829 20.225424859373685 7.2
      vertex 16.23620120825459 19.010149140000774 0
    endloop
  endfacet
  facet normal 0.7853169308807451 0.619093949309834 0
    outer loop
      vertex 20.225424859373685 14.694631307311829 0
      vertex 19.010149140000774 16.23620120825459 0
      vertex 20.225424859373685 14.694631307311829 7.2
    endloop
  endfacet
  facet normal 0.8314696123025457 0.5555702330196015 0
    outer loop
      vertex 20.225424859373685 14.694631307311829 0
      vertex 21.316004108852304 13.06246411789872 7.2
      vertex 21.316004108852304 13.06246411789872 0
    endloop
  endfacet
  facet normal 0.7343225094356857 0.6788007455329416 0
    outer loop
      vertex 17.67766952966369 17.67766952966369 0
      vertex 19.010149140000774 16.23620120825459 7.2
      vertex 19.010149140000774 16.23620120825459 0
    endloop
  endfacet
  facet normal 0 0 1
    outer loop
      vertex 5.836134096397635 -24.309248009941914 7.2
      vertex 3.910861626005772 24.692208514878445 7.2
      vertex 4.1 0 7.2
    endloop
  endfacet
  facet normal 0 0 1
    outer loop
      vertex 1.9614773931961236 24.9229333433282 7.2
      vertex 0.957125991809212 3.9867166736304736 7.2
      vertex 1.2669696769372842 3.899331716810129 7.2
    endloop
  endfacet
  facet normal 0 0 1
    outer loop
      vertex 0 25 7.2
      vertex 0 4.1 7.2
      vertex 0.32168229248416425 4.087361068305825 7.2
    endloop
  endfacet
  facet normal 0 0 1
    outer loop
      vertex 0 25 7.2
      vertex 0.32168229248416425 4.087361068305825 7.2
      vertex 0.6413813066649465 4.049522196440065 7.2
    endloop
  endfacet
  facet normal 0 0 1
    outer loop
      vertex 0 25 7.2
      vertex 0.6413813066649465 4.049522196440065 7.2
      vertex 0.957125991809212 3.9867166736304736 7.2
    endloop
  endfacet
  facet normal 0 0 1
    outer loop
      vertex 1.9614773931961236 24.9229333433282 7.2
      vertex 1.2669696769372842 3.899331716810129 7.2
      vertex 1.5690020726968679 3.787906083296275 7.2
    endloop
  endfacet
  facet normal 0 0 1
    outer loop
      vertex 1.9614773931961236 24.9229333433282 7.2
      vertex 1.5690020726968679 3.787906083296275 7.2
      vertex 1.8613610489321415 3.653126749172308 7.2
    endloop
  endfacet
  facet normal 0 0 1
    outer loop
      vertex 1.9614773931961236 24.9229333433282 7.2
      vertex 1.8613610489321415 3.653126749172308 7.2
      vertex 2.14224411533539 3.4958246738517778 7.2
    endloop
  endfacet
  facet normal 0 0 1
    outer loop
      vertex 1.9614773931961236 24.9229333433282 7.2
      vertex 2.14224411533539 3.4958246738517778 7.2
      vertex 2.4099195343991395 3.3169696769372843 7.2
    endloop
  endfacet
  facet normal 0 0 1
    outer loop
      vertex 1.9614773931961236 24.9229333433282 7.2
      vertex 2.4099195343991395 3.3169696769372843 7.2
      vertex 2.6627369981537528 3.1176644589601263 7.2
    endloop
  endfacet
  facet normal 0 0 1
    outer loop
      vertex 1.9614773931961236 24.9229333433282 7.2
      vertex 2.6627369981537528 3.1176644589601263 7.2
      vertex 2.899137802864845 2.899137802864845 7.2
    endloop
  endfacet
  facet normal 0 0 1
    outer loop
      vertex 3.910861626005772 24.692208514878445 7.2
      vertex 3.653126749172308 1.8613610489321415 7.2
      vertex 3.787906083296275 1.5690020726968679 7.2
    endloop
  endfacet
  facet normal 0 0 1
    outer loop
      vertex 3.910861626005772 24.692208514878445 7.2
      vertex 4.087361068305825 0.32168229248416425 7.2
      vertex 4.1 0 7.2
    endloop
  endfacet
  facet normal 0 0 1
    outer loop
      vertex 3.910861626005772 24.692208514878445 7.2
      vertex 4.049522196440065 0.6413813066649465 7.2
      vertex 4.087361068305825 0.32168229248416425 7.2
    endloop
  endfacet
  facet normal 0 0 1
    outer loop
      vertex 3.910861626005772 24.692208514878445 7.2
      vertex 3.9867166736304736 0.957125991809212 7.2
      vertex 4.049522196440065 0.6413813066649465 7.2
    endloop
  endfacet
  facet normal 0 0 1
    outer loop
      vertex 3.910861626005772 24.692208514878445 7.2
      vertex 3.899331716810129 1.2669696769372842 7.2
      vertex 3.9867166736304736 0.957125991809212 7.2
    endloop
  endfacet
  facet normal 0 0 1
    outer loop
      vertex 3.910861626005772 24.692208514878445 7.2
      vertex 3.787906083296275 1.5690020726968679 7.2
      vertex 3.899331716810129 1.2669696769372842 7.2
    endloop
  endfacet
  facet normal 0 0 1
    outer loop
      vertex 5.836134096397635 -24.309248009941914 7.2
      vertex 5.836134096397635 24.309248009941914 7.2
      vertex 3.910861626005772 24.692208514878445 7.2
    endloop
  endfacet
  facet normal 0 0 1
    outer loop
      vertex 3.910861626005772 24.692208514878445 7.2
      vertex 3.1176644589601263 2.6627369981537528 7.2
      vertex 3.3169696769372843 2.4099195343991395 7.2
    endloop
  endfacet
  facet normal 0 0 1
    outer loop
      vertex 3.910861626005772 24.692208514878445 7.2
      vertex 2.899137802864845 2.899137802864845 7.2
      vertex 3.1176644589601263 2.6627369981537528 7.2
    endloop
  endfacet
  facet normal 0 0 1
    outer loop
      vertex 3.910861626005772 24.692208514878445 7.2
      vertex 3.3169696769372843 2.4099195343991395 7.2
      vertex 3.4958246738517778 2.14224411533539 7.2
    endloop
  endfacet
  facet normal 0 0 1
    outer loop
      vertex 3.910861626005772 24.692208514878445 7.2
      vertex 3.4958246738517778 2.14224411533539 7.2
      vertex 3.653126749172308 1.8613610489321415 7.2
    endloop
  endfacet
  facet normal 0 0 1
    outer loop
      vertex 5.836134096397635 24.309248009941914 7.2
      vertex 7 -4 7.2
      vertex 7 4 7.2
    endloop
  endfacet
  facet normal 0.039259815759068256 0.999229036240723 0
    outer loop
      vertex 1.9614773931961236 24.9229333433282 0
      vertex 0 25 7.2
      vertex 1.9614773931961236 24.9229333433282 7.2
    endloop
  endfacet
  facet normal 0.1175373974578372 0.9930684569549263 0
    outer loop
      vertex 3.910861626005772 24.692208514878445 0
      vertex 1.9614773931961236 24.9229333433282 7.2
      vertex 3.910861626005772 24.692208514878445 7.2
    endloop
  endfacet
  facet normal 0.1950903220161295 0.9807852804032302 0
    outer loop
      vertex 5.836134096397635 24.309248009941914 0
      vertex 3.910861626005772 24.692208514878445 7.2
      vertex 5.836134096397635 24.309248009941914 7.2
    endloop
  endfacet
  facet normal 0.27144044986507476 0.9624552364536472 0
    outer loop
      vertex 7.7254248593736845 23.776412907378838 0
      vertex 5.836134096397635 24.309248009941914 7.2
      vertex 7.7254248593736845 23.776412907378838 7.2
    endloop
  endfacet
  facet normal 0.3461170570774917 0.9381913359224846 0
    outer loop
      vertex 9.567085809127244 23.09698831278217 0
      vertex 7.7254248593736845 23.776412907378838 7.2
      vertex 9.567085809127244 23.09698831278217 7.2
    endloop
  endfacet
  facet normal 0.41865973753742836 0.9081431738250813 0
    outer loop
      vertex 11.349762493488669 22.275163104709197 0
      vertex 9.567085809127244 23.09698831278217 7.2
      vertex 11.349762493488669 22.275163104709197 7.2
    endloop
  endfacet
  facet normal 0 0 1
    outer loop
      vertex 0 25 7.2
      vertex 0.957125991809212 3.9867166736304736 7.2
      vertex 1.9614773931961236 24.9229333433282 7.2
    endloop
  endfacet
  facet normal 0 0 1
    outer loop
      vertex 1.9614773931961236 24.9229333433282 7.2
      vertex 2.899137802864845 2.899137802864845 7.2
      vertex 3.910861626005772 24.692208514878445 7.2
    endloop
  endfacet
  facet normal 0 0 1
    outer loop
      vertex 5.836134096397635 24.309248009941914 7.2
      vertex 7 4 7.2
      vertex 7.7254248593736845 23.776412907378838 7.2
    endloop
  endfacet
  facet normal 0.9807852804032302 0.19509032201612916 0
    outer loop
      vertex 24.309248009941914 5.836134096397635 7.2
      vertex 24.67447778988288 4 7.2
      vertex 24.67447778988288 4 0
    endloop
  endfacet
  facet normal 0.9624552364536472 0.27144044986507476 0
    outer loop
      vertex 23.776412907378838 7.7254248593736845 0
      vertex 23.776412907378838 7.7254248593736845 7.2
      vertex 24.309248009941914 5.836134096397635 7.2
    endloop
  endfacet
  facet normal 0.9381913359224846 0.3461170570774917 0
    outer loop
      vertex 23.09698831278217 9.567085809127244 0
      vertex 23.09698831278217 9.567085809127244 7.2
      vertex 23.776412907378838 7.7254248593736845 7.2
    endloop
  endfacet
  facet normal 0.9081431738250813 0.41865973753742836 0
    outer loop
      vertex 22.275163104709197 11.349762493488669 0
      vertex 22.275163104709197 11.349762493488669 7.2
      vertex 23.09698831278217 9.567085809127244 7.2
    endloop
  endfacet
  facet normal 0.8724960070727967 0.4886212414969555 0
    outer loop
      vertex 21.316004108852304 13.06246411789872 0
      vertex 21.316004108852304 13.06246411789872 7.2
      vertex 22.275163104709197 11.349762493488669 7.2
    endloop
  endfacet
  facet normal 0 0 1
    outer loop
      vertex 7.7254248593736845 23.776412907378838 7.2
      vertex 7 4 7.2
      vertex 24.67447778988288 4 7.2
    endloop
  endfacet
  facet normal 0 0 1
    outer loop
      vertex 24.309248009941914 5.836134096397635 7.2
      vertex 23.776412907378838 7.7254248593736845 7.2
      vertex 24.67447778988288 4 7.2
    endloop
  endfacet
  facet normal 0 0 1
    outer loop
      vertex 20.225424859373685 14.694631307311829 7.2
      vertex 19.010149140000774 16.23620120825459 7.2
      vertex 24.67447778988288 4 7.2
    endloop
  endfacet
  facet normal 0 0 1
    outer loop
      vertex 23.776412907378838 7.7254248593736845 7.2
      vertex 23.09698831278217 9.567085809127244 7.2
      vertex 24.67447778988288 4 7.2
    endloop
  endfacet
  facet normal 0 0 1
    outer loop
      vertex 23.09698831278217 9.567085809127244 7.2
      vertex 22.275163104709197 11.349762493488669 7.2
      vertex 24.67447778988288 4 7.2
    endloop
  endfacet
  facet normal 0 0 1
    outer loop
      vertex 20.225424859373685 14.694631307311829 7.2
      vertex 24.67447778988288 4 7.2
      vertex 21.316004108852304 13.06246411789872 7.2
    endloop
  endfacet
  facet normal 0 0 1
    outer loop
      vertex 22.275163104709197 11.349762493488669 7.2
      vertex 21.316004108852304 13.06246411789872 7.2
      vertex 24.67447778988288 4 7.2
    endloop
  endfacet
  facet normal 0.6788007455329416 0.7343225094356857 0
    outer loop
      vertex 17.67766952966369 17.67766952966369 0
      vertex 16.23620120825459 19.010149140000774 7.2
      vertex 17.67766952966369 17.67766952966369 7.2
    endloop
  endfacet
  facet normal 0.7343225094356857 0.6788007455329416 0
    outer loop
      vertex 17.67766952966369 17.67766952966369 0
      vertex 17.67766952966369 17.67766952966369 7.2
      vertex 19.010149140000774 16.23620120825459 7.2
    endloop
  endfacet
  facet normal 0.4886212414969555 0.8724960070727967 0
    outer loop
      vertex 13.06246411789872 21.316004108852304 0
      vertex 11.349762493488669 22.275163104709197 7.2
      vertex 13.06246411789872 21.316004108852304 7.2
    endloop
  endfacet
  facet normal 0.5555702330196015 0.8314696123025457 0
    outer loop
      vertex 14.694631307311829 20.225424859373685 0
      vertex 13.06246411789872 21.316004108852304 7.2
      vertex 14.694631307311829 20.225424859373685 7.2
    endloop
  endfacet
  facet normal 0.619093949309834 0.7853169308807451 0
    outer loop
      vertex 16.23620120825459 19.010149140000774 0
      vertex 14.694631307311829 20.225424859373685 7.2
      vertex 16.23620120825459 19.010149140000774 7.2
    endloop
  endfacet
  facet normal 0.8314696123025457 0.5555702330196015 0
    outer loop
      vertex 20.225424859373685 14.694631307311829 0
      vertex 20.225424859373685 14.694631307311829 7.2
      vertex 21.316004108852304 13.06246411789872 7.2
    endloop
  endfacet
  facet normal 0.7853169308807451 0.619093949309834 0
    outer loop
      vertex 19.010149140000774 16.23620120825459 0
      vertex 19.010149140000774 16.23620120825459 7.2
      vertex 20.225424859373685 14.694631307311829 7.2
    endloop
  endfacet
  facet normal 0 0 1
    outer loop
      vertex 7.7254248593736845 23.776412907378838 7.2
      vertex 24.67447778988288 4 7.2
      vertex 9.567085809127244 23.09698831278217 7.2
    endloop
  endfacet
  facet normal 0 0 1
    outer loop
      vertex 9.567085809127244 23.09698831278217 7.2
      vertex 24.67447778988288 4 7.2
      vertex 11.349762493488669 22.275163104709197 7.2
    endloop
  endfacet
  facet normal 0 0 1
    outer loop
      vertex 13.06246411789872 21.316004108852304 7.2
      vertex 24.67447778988288 4 7.2
      vertex 14.694631307311829 20.225424859373685 7.2
    endloop
  endfacet
  facet normal 0 0 1
    outer loop
      vertex 11.349762493488669 22.275163104709197 7.2
      vertex 24.67447778988288 4 7.2
      vertex 13.06246411789872 21.316004108852304 7.2
    endloop
  endfacet
  facet normal 0 0 1
    outer loop
      vertex 17.67766952966369 17.67766952966369 7.2
      vertex 16.23620120825459 19.010149140000774 7.2
      vertex 24.67447778988288 4 7.2
    endloop
  endfacet
  facet normal 0 0 1
    outer loop
      vertex 14.694631307311829 20.225424859373685 7.2
      vertex 24.67447778988288 4 7.2
      vertex 16.23620120825459 19.010149140000774 7.2
    endloop
  endfacet
  facet normal 0 0 1
    outer loop
      vertex 17.67766952966369 17.67766952966369 7.2
      vertex 24.67447778988288 4 7.2
      vertex 19.010149140000774 16.23620120825459 7.2
    endloop
  endfacet
  facet normal 0.7853169308807445 0.6190939493098346 0
    outer loop
      vertex -3.3169696769372843 -2.4099195343991395 7.2
      vertex -3.1176644589601263 -2.6627369981537528 0
      vertex -3.3169696769372843 -2.4099195343991395 0
    endloop
  endfacet
  facet normal 0.872496007072797 0.4886212414969555 0
    outer loop
      vertex -3.653126749172308 -1.8613610489321415 7.2
      vertex -3.4958246738517778 -2.14224411533539 0
      vertex -3.653126749172308 -1.8613610489321415 0
    endloop
  endfacet
  facet normal 0.9081431738250816 0.4186597375374274 0
    outer loop
      vertex -3.787906083296275 -1.5690020726968679 7.2
      vertex -3.653126749172308 -1.8613610489321415 0
      vertex -3.787906083296275 -1.5690020726968679 0
    endloop
  endfacet
  facet normal 0.8314696123025456 0.5555702330196016 0
    outer loop
      vertex -3.4958246738517778 -2.14224411533539 7.2
      vertex -3.3169696769372843 -2.4099195343991395 0
      vertex -3.4958246738517778 -2.14224411533539 0
    endloop
  endfacet
  facet normal 0.938191335922484 0.3461170570774929 0
    outer loop
      vertex -3.899331716810129 -1.2669696769372842 7.2
      vertex -3.787906083296275 -1.5690020726968679 0
      vertex -3.899331716810129 -1.2669696769372842 0
    endloop
  endfacet
  facet normal 0.9624552364536473 0.27144044986507426 0
    outer loop
      vertex -3.899331716810129 -1.2669696769372842 0
      vertex -3.9867166736304736 -0.957125991809212 0
      vertex -3.9867166736304736 -0.957125991809212 7.2
    endloop
  endfacet
  facet normal 0.9930684569549264 0.1175373974578371 0
    outer loop
      vertex -4.049522196440065 -0.6413813066649465 0
      vertex -4.087361068305825 -0.32168229248416425 0
      vertex -4.087361068305825 -0.32168229248416425 7.2
    endloop
  endfacet
  facet normal 0.98078528040323 0.19509032201613002 0
    outer loop
      vertex -3.9867166736304736 -0.957125991809212 0
      vertex -4.049522196440065 -0.6413813066649465 0
      vertex -4.049522196440065 -0.6413813066649465 7.2
    endloop
  endfacet
  facet normal 0.999229036240723 0.03925981575906791 0
    outer loop
      vertex -4.087361068305825 -0.32168229248416425 0
      vertex -4.1 0 0
      vertex -4.1 0 7.2
    endloop
  endfacet
  facet normal 0.6190939493098346 0.7853169308807445 0
    outer loop
      vertex -2.6627369981537528 -3.1176644589601263 0
      vertex -2.6627369981537528 -3.1176644589601263 7.2
      vertex -2.4099195343991395 -3.3169696769372843 0
    endloop
  endfacet
  facet normal 0.5555702330196016 0.8314696123025456 0
    outer loop
      vertex -2.4099195343991395 -3.3169696769372843 0
      vertex -2.4099195343991395 -3.3169696769372843 7.2
      vertex -2.14224411533539 -3.4958246738517778 0
    endloop
  endfacet
  facet normal 0.4886212414969555 0.872496007072797 0
    outer loop
      vertex -2.14224411533539 -3.4958246738517778 0
      vertex -2.14224411533539 -3.4958246738517778 7.2
      vertex -1.8613610489321415 -3.653126749172308 0
    endloop
  endfacet
  facet normal 0.4186597375374274 0.9081431738250816 0
    outer loop
      vertex -1.8613610489321415 -3.653126749172308 7.2
      vertex -1.5690020726968679 -3.787906083296275 0
      vertex -1.8613610489321415 -3.653126749172308 0
    endloop
  endfacet
  facet normal 0.27144044986507426 0.9624552364536473 0
    outer loop
      vertex -1.2669696769372842 -3.899331716810129 7.2
      vertex -0.957125991809212 -3.9867166736304736 0
      vertex -1.2669696769372842 -3.899331716810129 0
    endloop
  endfacet
  facet normal 0.19509032201613002 0.98078528040323 0
    outer loop
      vertex -0.957125991809212 -3.9867166736304736 0
      vertex -0.957125991809212 -3.9867166736304736 7.2
      vertex -0.6413813066649465 -4.049522196440065 0
    endloop
  endfacet
  facet normal 0.3461170570774929 0.938191335922484 0
    outer loop
      vertex -1.5690020726968679 -3.787906083296275 7.2
      vertex -1.2669696769372842 -3.899331716810129 0
      vertex -1.5690020726968679 -3.787906083296275 0
    endloop
  endfacet
  facet normal 0.1175373974578371 0.9930684569549264 0
    outer loop
      vertex -0.6413813066649465 -4.049522196440065 0
      vertex -0.6413813066649465 -4.049522196440065 7.2
      vertex -0.32168229248416425 -4.087361068305825 0
    endloop
  endfacet
  facet normal 0.03925981575906791 0.999229036240723 0
    outer loop
      vertex -0.32168229248416425 -4.087361068305825 0
      vertex -0.32168229248416425 -4.087361068305825 7.2
      vertex 0 -4.1 0
    endloop
  endfacet
  facet normal 0.7343225094356869 0.6788007455329405 0
    outer loop
      vertex -2.899137802864845 -2.899137802864845 0
      vertex -3.1176644589601263 -2.6627369981537528 0
      vertex -3.1176644589601263 -2.6627369981537528 7.2
    endloop
  endfacet
  facet normal 0.6788007455329405 0.7343225094356869 0
    outer loop
      vertex -2.6627369981537528 -3.1176644589601263 0
      vertex -2.899137802864845 -2.899137802864845 0
      vertex -2.899137802864845 -2.899137802864845 7.2
    endloop
  endfacet
  facet normal 0.7853169308807445 0.6190939493098346 0
    outer loop
      vertex -3.3169696769372843 -2.4099195343991395 7.2
      vertex -3.1176644589601263 -2.6627369981537528 7.2
      vertex -3.1176644589601263 -2.6627369981537528 0
    endloop
  endfacet
  facet normal 0.872496007072797 0.4886212414969555 0
    outer loop
      vertex -3.653126749172308 -1.8613610489321415 7.2
      vertex -3.4958246738517778 -2.14224411533539 7.2
      vertex -3.4958246738517778 -2.14224411533539 0
    endloop
  endfacet
  facet normal 0.9081431738250816 0.4186597375374274 0
    outer loop
      vertex -3.787906083296275 -1.5690020726968679 7.2
      vertex -3.653126749172308 -1.8613610489321415 7.2
      vertex -3.653126749172308 -1.8613610489321415 0
    endloop
  endfacet
  facet normal 0.8314696123025456 0.5555702330196016 0
    outer loop
      vertex -3.4958246738517778 -2.14224411533539 7.2
      vertex -3.3169696769372843 -2.4099195343991395 7.2
      vertex -3.3169696769372843 -2.4099195343991395 0
    endloop
  endfacet
  facet normal 0.9624552364536473 0.27144044986507426 0
    outer loop
      vertex -3.9867166736304736 -0.957125991809212 7.2
      vertex -3.899331716810129 -1.2669696769372842 7.2
      vertex -3.899331716810129 -1.2669696769372842 0
    endloop
  endfacet
  facet normal 0.98078528040323 0.19509032201613002 0
    outer loop
      vertex -3.9867166736304736 -0.957125991809212 0
      vertex -4.049522196440065 -0.6413813066649465 7.2
      vertex -3.9867166736304736 -0.957125991809212 7.2
    endloop
  endfacet
  facet normal 0.9930684569549264 0.1175373974578371 0
    outer loop
      vertex -4.049522196440065 -0.6413813066649465 0
      vertex -4.087361068305825 -0.32168229248416425 7.2
      vertex -4.049522196440065 -0.6413813066649465 7.2
    endloop
  endfacet
  facet normal 0.999229036240723 0.03925981575906791 0
    outer loop
      vertex -4.087361068305825 -0.32168229248416425 0
      vertex -4.1 0 7.2
      vertex -4.087361068305825 -0.32168229248416425 7.2
    endloop
  endfacet
  facet normal 0.938191335922484 0.3461170570774929 0
    outer loop
      vertex -3.899331716810129 -1.2669696769372842 7.2
      vertex -3.787906083296275 -1.5690020726968679 7.2
      vertex -3.787906083296275 -1.5690020726968679 0
    endloop
  endfacet
  facet normal 0.6190939493098346 0.7853169308807445 0
    outer loop
      vertex -2.4099195343991395 -3.3169696769372843 0
      vertex -2.6627369981537528 -3.1176644589601263 7.2
      vertex -2.4099195343991395 -3.3169696769372843 7.2
    endloop
  endfacet
  facet normal 0.4886212414969555 0.872496007072797 0
    outer loop
      vertex -1.8613610489321415 -3.653126749172308 7.2
      vertex -1.8613610489321415 -3.653126749172308 0
      vertex -2.14224411533539 -3.4958246738517778 7.2
    endloop
  endfacet
  facet normal 0.5555702330196016 0.8314696123025456 0
    outer loop
      vertex -2.14224411533539 -3.4958246738517778 0
      vertex -2.4099195343991395 -3.3169696769372843 7.2
      vertex -2.14224411533539 -3.4958246738517778 7.2
    endloop
  endfacet
  facet normal 0.4186597375374274 0.9081431738250816 0
    outer loop
      vertex -1.5690020726968679 -3.787906083296275 7.2
      vertex -1.5690020726968679 -3.787906083296275 0
      vertex -1.8613610489321415 -3.653126749172308 7.2
    endloop
  endfacet
  facet normal 0.27144044986507426 0.9624552364536473 0
    outer loop
      vertex -0.957125991809212 -3.9867166736304736 0
      vertex -1.2669696769372842 -3.899331716810129 7.2
      vertex -0.957125991809212 -3.9867166736304736 7.2
    endloop
  endfacet
  facet normal 0.3461170570774929 0.938191335922484 0
    outer loop
      vertex -1.2669696769372842 -3.899331716810129 7.2
      vertex -1.2669696769372842 -3.899331716810129 0
      vertex -1.5690020726968679 -3.787906083296275 7.2
    endloop
  endfacet
  facet normal 0.19509032201613002 0.98078528040323 0
    outer loop
      vertex -0.6413813066649465 -4.049522196440065 0
      vertex -0.957125991809212 -3.9867166736304736 7.2
      vertex -0.6413813066649465 -4.049522196440065 7.2
    endloop
  endfacet
  facet normal 0.1175373974578371 0.9930684569549264 0
    outer loop
      vertex -0.32168229248416425 -4.087361068305825 0
      vertex -0.6413813066649465 -4.049522196440065 7.2
      vertex -0.32168229248416425 -4.087361068305825 7.2
    endloop
  endfacet
  facet normal 0.03925981575906791 0.999229036240723 0
    outer loop
      vertex 0 -4.1 0
      vertex -0.32168229248416425 -4.087361068305825 7.2
      vertex 0 -4.1 7.2
    endloop
  endfacet
  facet normal 0.7343225094356869 0.6788007455329405 0
    outer loop
      vertex -2.899137802864845 -2.899137802864845 0
      vertex -3.1176644589601263 -2.6627369981537528 7.2
      vertex -2.899137802864845 -2.899137802864845 7.2
    endloop
  endfacet
  facet normal 0.6788007455329405 0.7343225094356869 0
    outer loop
      vertex -2.6627369981537528 -3.1176644589601263 0
      vertex -2.899137802864845 -2.899137802864845 7.2
      vertex -2.6627369981537528 -3.1176644589601263 7.2
    endloop
  endfacet
  facet normal 0.999229036240723 -0.03925981575906791 0
    outer loop
      vertex -4.1 0 0
      vertex -4.087361068305825 0.32168229248416425 0
      vertex -4.087361068305825 0.32168229248416425 7.2
    endloop
  endfacet
  facet normal 0.9930684569549264 -0.1175373974578371 0
    outer loop
      vertex -4.087361068305825 0.32168229248416425 0
      vertex -4.049522196440065 0.6413813066649465 0
      vertex -4.049522196440065 0.6413813066649465 7.2
    endloop
  endfacet
  facet normal 0.98078528040323 -0.19509032201613002 0
    outer loop
      vertex -4.049522196440065 0.6413813066649465 0
      vertex -3.9867166736304736 0.957125991809212 0
      vertex -3.9867166736304736 0.957125991809212 7.2
    endloop
  endfacet
  facet normal 0.9624552364536473 -0.27144044986507426 0
    outer loop
      vertex -3.9867166736304736 0.957125991809212 0
      vertex -3.899331716810129 1.2669696769372842 0
      vertex -3.899331716810129 1.2669696769372842 7.2
    endloop
  endfacet
  facet normal 0.938191335922484 -0.3461170570774929 0
    outer loop
      vertex -3.787906083296275 1.5690020726968679 7.2
      vertex -3.899331716810129 1.2669696769372842 0
      vertex -3.787906083296275 1.5690020726968679 0
    endloop
  endfacet
  facet normal 0.9081431738250816 -0.4186597375374274 0
    outer loop
      vertex -3.653126749172308 1.8613610489321415 7.2
      vertex -3.787906083296275 1.5690020726968679 0
      vertex -3.653126749172308 1.8613610489321415 0
    endloop
  endfacet
  facet normal 0.872496007072797 -0.4886212414969555 0
    outer loop
      vertex -3.4958246738517778 2.14224411533539 7.2
      vertex -3.653126749172308 1.8613610489321415 0
      vertex -3.4958246738517778 2.14224411533539 0
    endloop
  endfacet
  facet normal 0.8314696123025456 -0.5555702330196016 0
    outer loop
      vertex -3.3169696769372843 2.4099195343991395 7.2
      vertex -3.4958246738517778 2.14224411533539 0
      vertex -3.3169696769372843 2.4099195343991395 0
    endloop
  endfacet
  facet normal 0.7853169308807445 -0.6190939493098346 0
    outer loop
      vertex -3.1176644589601263 2.6627369981537528 7.2
      vertex -3.3169696769372843 2.4099195343991395 0
      vertex -3.1176644589601263 2.6627369981537528 0
    endloop
  endfacet
  facet normal 0.7343225094356869 -0.6788007455329405 0
    outer loop
      vertex -3.1176644589601263 2.6627369981537528 0
      vertex -2.899137802864845 2.899137802864845 0
      vertex -2.899137802864845 2.899137802864845 7.2
    endloop
  endfacet
  facet normal 0.6788007455329405 -0.7343225094356869 0
    outer loop
      vertex -2.6627369981537528 3.1176644589601263 0
      vertex -2.6627369981537528 3.1176644589601263 7.2
      vertex -2.899137802864845 2.899137802864845 0
    endloop
  endfacet
  facet normal 0.6190939493098346 -0.7853169308807445 0
    outer loop
      vertex -2.4099195343991395 3.3169696769372843 0
      vertex -2.4099195343991395 3.3169696769372843 7.2
      vertex -2.6627369981537528 3.1176644589601263 0
    endloop
  endfacet
  facet normal 0.5555702330196016 -0.8314696123025456 0
    outer loop
      vertex -2.14224411533539 3.4958246738517778 0
      vertex -2.14224411533539 3.4958246738517778 7.2
      vertex -2.4099195343991395 3.3169696769372843 0
    endloop
  endfacet
  facet normal 0.4886212414969555 -0.872496007072797 0
    outer loop
      vertex -1.8613610489321415 3.653126749172308 7.2
      vertex -2.14224411533539 3.4958246738517778 0
      vertex -1.8613610489321415 3.653126749172308 0
    endloop
  endfacet
  facet normal 0.4186597375374274 -0.9081431738250816 0
    outer loop
      vertex -1.5690020726968679 3.787906083296275 7.2
      vertex -1.8613610489321415 3.653126749172308 0
      vertex -1.5690020726968679 3.787906083296275 0
    endloop
  endfacet
  facet normal 0.3461170570774929 -0.938191335922484 0
    outer loop
      vertex -1.2669696769372842 3.899331716810129 7.2
      vertex -1.5690020726968679 3.787906083296275 0
      vertex -1.2669696769372842 3.899331716810129 0
    endloop
  endfacet
  facet normal 0.27144044986507426 -0.9624552364536473 0
    outer loop
      vertex -0.957125991809212 3.9867166736304736 0
      vertex -0.957125991809212 3.9867166736304736 7.2
      vertex -1.2669696769372842 3.899331716810129 0
    endloop
  endfacet
  facet normal 0.19509032201613002 -0.98078528040323 0
    outer loop
      vertex -0.6413813066649465 4.049522196440065 0
      vertex -0.6413813066649465 4.049522196440065 7.2
      vertex -0.957125991809212 3.9867166736304736 0
    endloop
  endfacet
  facet normal 0.1175373974578371 -0.9930684569549264 0
    outer loop
      vertex -0.32168229248416425 4.087361068305825 0
      vertex -0.32168229248416425 4.087361068305825 7.2
      vertex -0.6413813066649465 4.049522196440065 0
    endloop
  endfacet
  facet normal 0.03925981575906791 -0.999229036240723 0
    outer loop
      vertex 0 4.1 7.2
      vertex -0.32168229248416425 4.087361068305825 0
      vertex 0 4.1 0
    endloop
  endfacet
  facet normal 0.999229036240723 -0.03925981575906791 0
    outer loop
      vertex -4.1 0 0
      vertex -4.087361068305825 0.32168229248416425 7.2
      vertex -4.1 0 7.2
    endloop
  endfacet
  facet normal 0.9930684569549264 -0.1175373974578371 0
    outer loop
      vertex -4.087361068305825 0.32168229248416425 0
      vertex -4.049522196440065 0.6413813066649465 7.2
      vertex -4.087361068305825 0.32168229248416425 7.2
    endloop
  endfacet
  facet normal 0.98078528040323 -0.19509032201613002 0
    outer loop
      vertex -4.049522196440065 0.6413813066649465 0
      vertex -3.9867166736304736 0.957125991809212 7.2
      vertex -4.049522196440065 0.6413813066649465 7.2
    endloop
  endfacet
  facet normal 0.9624552364536473 -0.27144044986507426 0
    outer loop
      vertex -3.899331716810129 1.2669696769372842 7.2
      vertex -3.9867166736304736 0.957125991809212 7.2
      vertex -3.9867166736304736 0.957125991809212 0
    endloop
  endfacet
  facet normal 0.938191335922484 -0.3461170570774929 0
    outer loop
      vertex -3.787906083296275 1.5690020726968679 7.2
      vertex -3.899331716810129 1.2669696769372842 7.2
      vertex -3.899331716810129 1.2669696769372842 0
    endloop
  endfacet
  facet normal 0.9081431738250816 -0.4186597375374274 0
    outer loop
      vertex -3.653126749172308 1.8613610489321415 7.2
      vertex -3.787906083296275 1.5690020726968679 7.2
      vertex -3.787906083296275 1.5690020726968679 0
    endloop
  endfacet
  facet normal 0.872496007072797 -0.4886212414969555 0
    outer loop
      vertex -3.4958246738517778 2.14224411533539 7.2
      vertex -3.653126749172308 1.8613610489321415 7.2
      vertex -3.653126749172308 1.8613610489321415 0
    endloop
  endfacet
  facet normal 0.8314696123025456 -0.5555702330196016 0
    outer loop
      vertex -3.3169696769372843 2.4099195343991395 7.2
      vertex -3.4958246738517778 2.14224411533539 7.2
      vertex -3.4958246738517778 2.14224411533539 0
    endloop
  endfacet
  facet normal 0.7853169308807445 -0.6190939493098346 0
    outer loop
      vertex -3.1176644589601263 2.6627369981537528 7.2
      vertex -3.3169696769372843 2.4099195343991395 7.2
      vertex -3.3169696769372843 2.4099195343991395 0
    endloop
  endfacet
  facet normal 0.7343225094356869 -0.6788007455329405 0
    outer loop
      vertex -2.899137802864845 2.899137802864845 7.2
      vertex -3.1176644589601263 2.6627369981537528 7.2
      vertex -3.1176644589601263 2.6627369981537528 0
    endloop
  endfacet
  facet normal 0.6788007455329405 -0.7343225094356869 0
    outer loop
      vertex -2.899137802864845 2.899137802864845 0
      vertex -2.6627369981537528 3.1176644589601263 7.2
      vertex -2.899137802864845 2.899137802864845 7.2
    endloop
  endfacet
  facet normal 0.6190939493098346 -0.7853169308807445 0
    outer loop
      vertex -2.6627369981537528 3.1176644589601263 0
      vertex -2.4099195343991395 3.3169696769372843 7.2
      vertex -2.6627369981537528 3.1176644589601263 7.2
    endloop
  endfacet
  facet normal 0.5555702330196016 -0.8314696123025456 0
    outer loop
      vertex -2.4099195343991395 3.3169696769372843 0
      vertex -2.14224411533539 3.4958246738517778 7.2
      vertex -2.4099195343991395 3.3169696769372843 7.2
    endloop
  endfacet
  facet normal 0.4886212414969555 -0.872496007072797 0
    outer loop
      vertex -2.14224411533539 3.4958246738517778 0
      vertex -1.8613610489321415 3.653126749172308 7.2
      vertex -2.14224411533539 3.4958246738517778 7.2
    endloop
  endfacet
  facet normal 0.4186597375374274 -0.9081431738250816 0
    outer loop
      vertex -1.8613610489321415 3.653126749172308 7.2
      vertex -1.8613610489321415 3.653126749172308 0
      vertex -1.5690020726968679 3.787906083296275 7.2
    endloop
  endfacet
  facet normal 0.3461170570774929 -0.938191335922484 0
    outer loop
      vertex -1.5690020726968679 3.787906083296275 7.2
      vertex -1.5690020726968679 3.787906083296275 0
      vertex -1.2669696769372842 3.899331716810129 7.2
    endloop
  endfacet
  facet normal 0.27144044986507426 -0.9624552364536473 0
    outer loop
      vertex -1.2669696769372842 3.899331716810129 7.2
      vertex -1.2669696769372842 3.899331716810129 0
      vertex -0.957125991809212 3.9867166736304736 7.2
    endloop
  endfacet
  facet normal 0.19509032201613002 -0.98078528040323 0
    outer loop
      vertex -0.957125991809212 3.9867166736304736 0
      vertex -0.6413813066649465 4.049522196440065 7.2
      vertex -0.957125991809212 3.9867166736304736 7.2
    endloop
  endfacet
  facet normal 0.1175373974578371 -0.9930684569549264 0
    outer loop
      vertex -0.6413813066649465 4.049522196440065 0
      vertex -0.32168229248416425 4.087361068305825 7.2
      vertex -0.6413813066649465 4.049522196440065 7.2
    endloop
  endfacet
  facet normal 0.03925981575906791 -0.999229036240723 0
    outer loop
      vertex -0.32168229248416425 4.087361068305825 0
      vertex 0 4.1 7.2
      vertex -0.32168229248416425 4.087361068305825 7.2
    endloop
  endfacet
  facet normal -0.03925981575906791 0.999229036240723 0
    outer loop
      vertex 0 -4.1 7.2
      vertex 0.32168229248416425 -4.087361068305825 0
      vertex 0 -4.1 0
    endloop
  endfacet
  facet normal -0.1175373974578371 0.9930684569549264 0
    outer loop
      vertex 0.32168229248416425 -4.087361068305825 7.2
      vertex 0.6413813066649465 -4.049522196440065 0
      vertex 0.32168229248416425 -4.087361068305825 0
    endloop
  endfacet
  facet normal -0.19509032201613002 0.98078528040323 0
    outer loop
      vertex 0.6413813066649465 -4.049522196440065 7.2
      vertex 0.957125991809212 -3.9867166736304736 0
      vertex 0.6413813066649465 -4.049522196440065 0
    endloop
  endfacet
  facet normal -0.27144044986507426 0.9624552364536473 0
    outer loop
      vertex 0.957125991809212 -3.9867166736304736 0
      vertex 0.957125991809212 -3.9867166736304736 7.2
      vertex 1.2669696769372842 -3.899331716810129 0
    endloop
  endfacet
  facet normal -0.3461170570774929 0.938191335922484 0
    outer loop
      vertex 1.2669696769372842 -3.899331716810129 0
      vertex 1.2669696769372842 -3.899331716810129 7.2
      vertex 1.5690020726968679 -3.787906083296275 0
    endloop
  endfacet
  facet normal -0.4186597375374274 0.9081431738250816 0
    outer loop
      vertex 1.5690020726968679 -3.787906083296275 0
      vertex 1.5690020726968679 -3.787906083296275 7.2
      vertex 1.8613610489321415 -3.653126749172308 0
    endloop
  endfacet
  facet normal -0.4886212414969555 0.872496007072797 0
    outer loop
      vertex 1.8613610489321415 -3.653126749172308 0
      vertex 1.8613610489321415 -3.653126749172308 7.2
      vertex 2.14224411533539 -3.4958246738517778 0
    endloop
  endfacet
  facet normal -0.5555702330196016 0.8314696123025456 0
    outer loop
      vertex 2.14224411533539 -3.4958246738517778 7.2
      vertex 2.4099195343991395 -3.3169696769372843 0
      vertex 2.14224411533539 -3.4958246738517778 0
    endloop
  endfacet
  facet normal -0.6190939493098346 0.7853169308807445 0
    outer loop
      vertex 2.4099195343991395 -3.3169696769372843 7.2
      vertex 2.6627369981537528 -3.1176644589601263 0
      vertex 2.4099195343991395 -3.3169696769372843 0
    endloop
  endfacet
  facet normal -0.6788007455329405 0.7343225094356869 0
    outer loop
      vertex 2.6627369981537528 -3.1176644589601263 7.2
      vertex 2.899137802864845 -2.899137802864845 0
      vertex 2.6627369981537528 -3.1176644589601263 0
    endloop
  endfacet
  facet normal -0.7343225094356869 0.6788007455329405 0
    outer loop
      vertex 2.899137802864845 -2.899137802864845 0
      vertex 2.899137802864845 -2.899137802864845 7.2
      vertex 3.1176644589601263 -2.6627369981537528 0
    endloop
  endfacet
  facet normal -0.7853169308807445 0.6190939493098346 0
    outer loop
      vertex 3.3169696769372843 -2.4099195343991395 0
      vertex 3.1176644589601263 -2.6627369981537528 0
      vertex 3.1176644589601263 -2.6627369981537528 7.2
    endloop
  endfacet
  facet normal -0.8314696123025456 0.5555702330196016 0
    outer loop
      vertex 3.4958246738517778 -2.14224411533539 0
      vertex 3.3169696769372843 -2.4099195343991395 0
      vertex 3.3169696769372843 -2.4099195343991395 7.2
    endloop
  endfacet
  facet normal -0.872496007072797 0.4886212414969555 0
    outer loop
      vertex 3.653126749172308 -1.8613610489321415 0
      vertex 3.4958246738517778 -2.14224411533539 0
      vertex 3.4958246738517778 -2.14224411533539 7.2
    endloop
  endfacet
  facet normal -0.9081431738250816 0.4186597375374274 0
    outer loop
      vertex 3.787906083296275 -1.5690020726968679 0
      vertex 3.653126749172308 -1.8613610489321415 0
      vertex 3.653126749172308 -1.8613610489321415 7.2
    endloop
  endfacet
  facet normal -0.938191335922484 0.3461170570774929 0
    outer loop
      vertex 3.899331716810129 -1.2669696769372842 0
      vertex 3.787906083296275 -1.5690020726968679 0
      vertex 3.787906083296275 -1.5690020726968679 7.2
    endloop
  endfacet
  facet normal -0.9624552364536473 0.27144044986507426 0
    outer loop
      vertex 3.9867166736304736 -0.957125991809212 0
      vertex 3.899331716810129 -1.2669696769372842 0
      vertex 3.899331716810129 -1.2669696769372842 7.2
    endloop
  endfacet
  facet normal -0.98078528040323 0.19509032201613002 0
    outer loop
      vertex 3.9867166736304736 -0.957125991809212 7.2
      vertex 4.049522196440065 -0.6413813066649465 0
      vertex 3.9867166736304736 -0.957125991809212 0
    endloop
  endfacet
  facet normal -0.9930684569549264 0.1175373974578371 0
    outer loop
      vertex 4.049522196440065 -0.6413813066649465 7.2
      vertex 4.087361068305825 -0.32168229248416425 0
      vertex 4.049522196440065 -0.6413813066649465 0
    endloop
  endfacet
  facet normal -0.999229036240723 0.03925981575906791 0
    outer loop
      vertex 4.087361068305825 -0.32168229248416425 0
      vertex 4.087361068305825 -0.32168229248416425 7.2
      vertex 4.1 0 0
    endloop
  endfacet
  facet normal -0.03925981575906791 0.999229036240723 0
    outer loop
      vertex 0.32168229248416425 -4.087361068305825 7.2
      vertex 0.32168229248416425 -4.087361068305825 0
      vertex 0 -4.1 7.2
    endloop
  endfacet
  facet normal -0.1175373974578371 0.9930684569549264 0
    outer loop
      vertex 0.6413813066649465 -4.049522196440065 7.2
      vertex 0.6413813066649465 -4.049522196440065 0
      vertex 0.32168229248416425 -4.087361068305825 7.2
    endloop
  endfacet
  facet normal -0.19509032201613002 0.98078528040323 0
    outer loop
      vertex 0.957125991809212 -3.9867166736304736 0
      vertex 0.6413813066649465 -4.049522196440065 7.2
      vertex 0.957125991809212 -3.9867166736304736 7.2
    endloop
  endfacet
  facet normal -0.27144044986507426 0.9624552364536473 0
    outer loop
      vertex 1.2669696769372842 -3.899331716810129 0
      vertex 0.957125991809212 -3.9867166736304736 7.2
      vertex 1.2669696769372842 -3.899331716810129 7.2
    endloop
  endfacet
  facet normal -0.3461170570774929 0.938191335922484 0
    outer loop
      vertex 1.5690020726968679 -3.787906083296275 0
      vertex 1.2669696769372842 -3.899331716810129 7.2
      vertex 1.5690020726968679 -3.787906083296275 7.2
    endloop
  endfacet
  facet normal -0.4186597375374274 0.9081431738250816 0
    outer loop
      vertex 1.8613610489321415 -3.653126749172308 0
      vertex 1.5690020726968679 -3.787906083296275 7.2
      vertex 1.8613610489321415 -3.653126749172308 7.2
    endloop
  endfacet
  facet normal -0.4886212414969555 0.872496007072797 0
    outer loop
      vertex 2.14224411533539 -3.4958246738517778 7.2
      vertex 2.14224411533539 -3.4958246738517778 0
      vertex 1.8613610489321415 -3.653126749172308 7.2
    endloop
  endfacet
  facet normal -0.5555702330196016 0.8314696123025456 0
    outer loop
      vertex 2.4099195343991395 -3.3169696769372843 7.2
      vertex 2.4099195343991395 -3.3169696769372843 0
      vertex 2.14224411533539 -3.4958246738517778 7.2
    endloop
  endfacet
  facet normal -0.6190939493098346 0.7853169308807445 0
    outer loop
      vertex 2.6627369981537528 -3.1176644589601263 7.2
      vertex 2.6627369981537528 -3.1176644589601263 0
      vertex 2.4099195343991395 -3.3169696769372843 7.2
    endloop
  endfacet
  facet normal -0.6788007455329405 0.7343225094356869 0
    outer loop
      vertex 2.899137802864845 -2.899137802864845 0
      vertex 2.6627369981537528 -3.1176644589601263 7.2
      vertex 2.899137802864845 -2.899137802864845 7.2
    endloop
  endfacet
  facet normal -0.7343225094356869 0.6788007455329405 0
    outer loop
      vertex 2.899137802864845 -2.899137802864845 7.2
      vertex 3.1176644589601263 -2.6627369981537528 7.2
      vertex 3.1176644589601263 -2.6627369981537528 0
    endloop
  endfacet
  facet normal -0.7853169308807445 0.6190939493098346 0
    outer loop
      vertex 3.3169696769372843 -2.4099195343991395 0
      vertex 3.1176644589601263 -2.6627369981537528 7.2
      vertex 3.3169696769372843 -2.4099195343991395 7.2
    endloop
  endfacet
  facet normal -0.8314696123025456 0.5555702330196016 0
    outer loop
      vertex 3.4958246738517778 -2.14224411533539 0
      vertex 3.3169696769372843 -2.4099195343991395 7.2
      vertex 3.4958246738517778 -2.14224411533539 7.2
    endloop
  endfacet
  facet normal -0.872496007072797 0.4886212414969555 0
    outer loop
      vertex 3.653126749172308 -1.8613610489321415 0
      vertex 3.4958246738517778 -2.14224411533539 7.2
      vertex 3.653126749172308 -1.8613610489321415 7.2
    endloop
  endfacet
  facet normal -0.9081431738250816 0.4186597375374274 0
    outer loop
      vertex 3.787906083296275 -1.5690020726968679 0
      vertex 3.653126749172308 -1.8613610489321415 7.2
      vertex 3.787906083296275 -1.5690020726968679 7.2
    endloop
  endfacet
  facet normal -0.938191335922484 0.3461170570774929 0
    outer loop
      vertex 3.899331716810129 -1.2669696769372842 0
      vertex 3.787906083296275 -1.5690020726968679 7.2
      vertex 3.899331716810129 -1.2669696769372842 7.2
    endloop
  endfacet
  facet normal -0.9624552364536473 0.27144044986507426 0
    outer loop
      vertex 3.899331716810129 -1.2669696769372842 7.2
      vertex 3.9867166736304736 -0.957125991809212 7.2
      vertex 3.9867166736304736 -0.957125991809212 0
    endloop
  endfacet
  facet normal -0.98078528040323 0.19509032201613002 0
    outer loop
      vertex 3.9867166736304736 -0.957125991809212 7.2
      vertex 4.049522196440065 -0.6413813066649465 7.2
      vertex 4.049522196440065 -0.6413813066649465 0
    endloop
  endfacet
  facet normal -0.9930684569549264 0.1175373974578371 0
    outer loop
      vertex 4.049522196440065 -0.6413813066649465 7.2
      vertex 4.087361068305825 -0.32168229248416425 7.2
      vertex 4.087361068305825 -0.32168229248416425 0
    endloop
  endfacet
  facet normal -0.999229036240723 0.03925981575906791 0
    outer loop
      vertex 4.087361068305825 -0.32168229248416425 7.2
      vertex 4.1 0 7.2
      vertex 4.1 0 0
    endloop
  endfacet
  facet normal -0.6788007455329405 -0.7343225094356869 0
    outer loop
      vertex 2.899137802864845 2.899137802864845 0
      vertex 2.899137802864845 2.899137802864845 7.2
      vertex 2.6627369981537528 3.1176644589601263 0
    endloop
  endfacet
  facet normal -0.7343225094356869 -0.6788007455329405 0
    outer loop
      vertex 2.899137802864845 2.899137802864845 0
      vertex 3.1176644589601263 2.6627369981537528 0
      vertex 3.1176644589601263 2.6627369981537528 7.2
    endloop
  endfacet
  facet normal -0.03925981575906791 -0.999229036240723 0
    outer loop
      vertex 0.32168229248416425 4.087361068305825 7.2
      vertex 0 4.1 0
      vertex 0.32168229248416425 4.087361068305825 0
    endloop
  endfacet
  facet normal -0.1175373974578371 -0.9930684569549264 0
    outer loop
      vertex 0.6413813066649465 4.049522196440065 7.2
      vertex 0.32168229248416425 4.087361068305825 0
      vertex 0.6413813066649465 4.049522196440065 0
    endloop
  endfacet
  facet normal -0.3461170570774929 -0.938191335922484 0
    outer loop
      vertex 1.5690020726968679 3.787906083296275 0
      vertex 1.5690020726968679 3.787906083296275 7.2
      vertex 1.2669696769372842 3.899331716810129 0
    endloop
  endfacet
  facet normal -0.19509032201613002 -0.98078528040323 0
    outer loop
      vertex 0.957125991809212 3.9867166736304736 0
      vertex 0.957125991809212 3.9867166736304736 7.2
      vertex 0.6413813066649465 4.049522196440065 0
    endloop
  endfacet
  facet normal -0.27144044986507426 -0.9624552364536473 0
    outer loop
      vertex 1.2669696769372842 3.899331716810129 0
      vertex 1.2669696769372842 3.899331716810129 7.2
      vertex 0.957125991809212 3.9867166736304736 0
    endloop
  endfacet
  facet normal -0.4186597375374274 -0.9081431738250816 0
    outer loop
      vertex 1.8613610489321415 3.653126749172308 0
      vertex 1.8613610489321415 3.653126749172308 7.2
      vertex 1.5690020726968679 3.787906083296275 0
    endloop
  endfacet
  facet normal -0.4886212414969555 -0.872496007072797 0
    outer loop
      vertex 2.14224411533539 3.4958246738517778 7.2
      vertex 1.8613610489321415 3.653126749172308 0
      vertex 2.14224411533539 3.4958246738517778 0
    endloop
  endfacet
  facet normal -0.5555702330196016 -0.8314696123025456 0
    outer loop
      vertex 2.4099195343991395 3.3169696769372843 7.2
      vertex 2.14224411533539 3.4958246738517778 0
      vertex 2.4099195343991395 3.3169696769372843 0
    endloop
  endfacet
  facet normal -0.6190939493098346 -0.7853169308807445 0
    outer loop
      vertex 2.6627369981537528 3.1176644589601263 7.2
      vertex 2.4099195343991395 3.3169696769372843 0
      vertex 2.6627369981537528 3.1176644589601263 0
    endloop
  endfacet
  facet normal -0.999229036240723 -0.03925981575906791 0
    outer loop
      vertex 4.1 0 0
      vertex 4.1 0 7.2
      vertex 4.087361068305825 0.32168229248416425 0
    endloop
  endfacet
  facet normal -0.98078528040323 -0.19509032201613002 0
    outer loop
      vertex 4.049522196440065 0.6413813066649465 7.2
      vertex 3.9867166736304736 0.957125991809212 0
      vertex 4.049522196440065 0.6413813066649465 0
    endloop
  endfacet
  facet normal -0.9930684569549264 -0.1175373974578371 0
    outer loop
      vertex 4.087361068305825 0.32168229248416425 7.2
      vertex 4.049522196440065 0.6413813066649465 0
      vertex 4.087361068305825 0.32168229248416425 0
    endloop
  endfacet
  facet normal -0.9624552364536473 -0.27144044986507426 0
    outer loop
      vertex 3.899331716810129 1.2669696769372842 0
      vertex 3.9867166736304736 0.957125991809212 0
      vertex 3.9867166736304736 0.957125991809212 7.2
    endloop
  endfacet
  facet normal -0.938191335922484 -0.3461170570774929 0
    outer loop
      vertex 3.787906083296275 1.5690020726968679 0
      vertex 3.899331716810129 1.2669696769372842 0
      vertex 3.899331716810129 1.2669696769372842 7.2
    endloop
  endfacet
  facet normal -0.8314696123025456 -0.5555702330196016 0
    outer loop
      vertex 3.3169696769372843 2.4099195343991395 0
      vertex 3.4958246738517778 2.14224411533539 0
      vertex 3.4958246738517778 2.14224411533539 7.2
    endloop
  endfacet
  facet normal -0.9081431738250816 -0.4186597375374274 0
    outer loop
      vertex 3.653126749172308 1.8613610489321415 0
      vertex 3.787906083296275 1.5690020726968679 0
      vertex 3.787906083296275 1.5690020726968679 7.2
    endloop
  endfacet
  facet normal -0.872496007072797 -0.4886212414969555 0
    outer loop
      vertex 3.4958246738517778 2.14224411533539 0
      vertex 3.653126749172308 1.8613610489321415 0
      vertex 3.653126749172308 1.8613610489321415 7.2
    endloop
  endfacet
  facet normal -0.7853169308807445 -0.6190939493098346 0
    outer loop
      vertex 3.1176644589601263 2.6627369981537528 0
      vertex 3.3169696769372843 2.4099195343991395 0
      vertex 3.3169696769372843 2.4099195343991395 7.2
    endloop
  endfacet
  facet normal -0.6788007455329405 -0.7343225094356869 0
    outer loop
      vertex 2.6627369981537528 3.1176644589601263 7.2
      vertex 2.6627369981537528 3.1176644589601263 0
      vertex 2.899137802864845 2.899137802864845 7.2
    endloop
  endfacet
  facet normal -0.7343225094356869 -0.6788007455329405 0
    outer loop
      vertex 2.899137802864845 2.899137802864845 0
      vertex 3.1176644589601263 2.6627369981537528 7.2
      vertex 2.899137802864845 2.899137802864845 7.2
    endloop
  endfacet
  facet normal -0.03925981575906791 -0.999229036240723 0
    outer loop
      vertex 0 4.1 7.2
      vertex 0 4.1 0
      vertex 0.32168229248416425 4.087361068305825 7.2
    endloop
  endfacet
  facet normal -0.1175373974578371 -0.9930684569549264 0
    outer loop
      vertex 0.32168229248416425 4.087361068305825 7.2
      vertex 0.32168229248416425 4.087361068305825 0
      vertex 0.6413813066649465 4.049522196440065 7.2
    endloop
  endfacet
  facet normal -0.19509032201613002 -0.98078528040323 0
    outer loop
      vertex 0.6413813066649465 4.049522196440065 7.2
      vertex 0.6413813066649465 4.049522196440065 0
      vertex 0.957125991809212 3.9867166736304736 7.2
    endloop
  endfacet
  facet normal -0.3461170570774929 -0.938191335922484 0
    outer loop
      vertex 1.2669696769372842 3.899331716810129 0
      vertex 1.5690020726968679 3.787906083296275 7.2
      vertex 1.2669696769372842 3.899331716810129 7.2
    endloop
  endfacet
  facet normal -0.27144044986507426 -0.9624552364536473 0
    outer loop
      vertex 0.957125991809212 3.9867166736304736 0
      vertex 1.2669696769372842 3.899331716810129 7.2
      vertex 0.957125991809212 3.9867166736304736 7.2
    endloop
  endfacet
  facet normal -0.4186597375374274 -0.9081431738250816 0
    outer loop
      vertex 1.5690020726968679 3.787906083296275 0
      vertex 1.8613610489321415 3.653126749172308 7.2
      vertex 1.5690020726968679 3.787906083296275 7.2
    endloop
  endfacet
  facet normal -0.5555702330196016 -0.8314696123025456 0
    outer loop
      vertex 2.14224411533539 3.4958246738517778 7.2
      vertex 2.14224411533539 3.4958246738517778 0
      vertex 2.4099195343991395 3.3169696769372843 7.2
    endloop
  endfacet
  facet normal -0.4886212414969555 -0.872496007072797 0
    outer loop
      vertex 1.8613610489321415 3.653126749172308 0
      vertex 2.14224411533539 3.4958246738517778 7.2
      vertex 1.8613610489321415 3.653126749172308 7.2
    endloop
  endfacet
  facet normal -0.6190939493098346 -0.7853169308807445 0
    outer loop
      vertex 2.4099195343991395 3.3169696769372843 7.2
      vertex 2.4099195343991395 3.3169696769372843 0
      vertex 2.6627369981537528 3.1176644589601263 7.2
    endloop
  endfacet
  facet normal -0.938191335922484 -0.3461170570774929 0
    outer loop
      vertex 3.787906083296275 1.5690020726968679 0
      vertex 3.899331716810129 1.2669696769372842 7.2
      vertex 3.787906083296275 1.5690020726968679 7.2
    endloop
  endfacet
  facet normal -0.999229036240723 -0.03925981575906791 0
    outer loop
      vertex 4.1 0 7.2
      vertex 4.087361068305825 0.32168229248416425 7.2
      vertex 4.087361068305825 0.32168229248416425 0
    endloop
  endfacet
  facet normal -0.9930684569549264 -0.1175373974578371 0
    outer loop
      vertex 4.087361068305825 0.32168229248416425 7.2
      vertex 4.049522196440065 0.6413813066649465 7.2
      vertex 4.049522196440065 0.6413813066649465 0
    endloop
  endfacet
  facet normal -0.98078528040323 -0.19509032201613002 0
    outer loop
      vertex 4.049522196440065 0.6413813066649465 7.2
      vertex 3.9867166736304736 0.957125991809212 7.2
      vertex 3.9867166736304736 0.957125991809212 0
    endloop
  endfacet
  facet normal -0.9624552364536473 -0.27144044986507426 0
    outer loop
      vertex 3.9867166736304736 0.957125991809212 7.2
      vertex 3.899331716810129 1.2669696769372842 7.2
      vertex 3.899331716810129 1.2669696769372842 0
    endloop
  endfacet
  facet normal -0.8314696123025456 -0.5555702330196016 0
    outer loop
      vertex 3.3169696769372843 2.4099195343991395 0
      vertex 3.4958246738517778 2.14224411533539 7.2
      vertex 3.3169696769372843 2.4099195343991395 7.2
    endloop
  endfacet
  facet normal -0.9081431738250816 -0.4186597375374274 0
    outer loop
      vertex 3.653126749172308 1.8613610489321415 0
      vertex 3.787906083296275 1.5690020726968679 7.2
      vertex 3.653126749172308 1.8613610489321415 7.2
    endloop
  endfacet
  facet normal -0.872496007072797 -0.4886212414969555 0
    outer loop
      vertex 3.4958246738517778 2.14224411533539 0
      vertex 3.653126749172308 1.8613610489321415 7.2
      vertex 3.4958246738517778 2.14224411533539 7.2
    endloop
  endfacet
  facet normal -0.7853169308807445 -0.6190939493098346 0
    outer loop
      vertex 3.1176644589601263 2.6627369981537528 0
      vertex 3.3169696769372843 2.4099195343991395 7.2
      vertex 3.1176644589601263 2.6627369981537528 7.2
    endloop
  endfacet
endsolid OpenSCAD_Model
