solid OpenSCAD_Model
  facet normal 0 0.11753739745783694 0.9930684569549264
    outer loop
      vertex 7 -0.6257378601609235 2.4492466376194493
      vertex 24.97541469251553 -0.6257378601609235 2.4492466376194493
      vertex 7 -0.3138363829113798 2.4123306650674885
    endloop
  endfacet
  facet normal 0 0.03925981575906877 0.9992290362407229
    outer loop
      vertex 7 -0.3138363829113798 2.4123306650674885
      vertex 24.987669334932512 -0.3138363829113798 2.4123306650674885
      vertex 7 0 2.4000000000000004
    endloop
  endfacet
  facet normal 0 0.19509032201612944 0.9807852804032303
    outer loop
      vertex 7 -0.9337814554236216 2.510520318409294
      vertex 24.96331162669463 -0.9337814554236216 2.510520318409294
      vertex 7 -0.6257378601609235 2.4492466376194493
    endloop
  endfacet
  facet normal 0 0.2714404498650742 0.9624552364536473
    outer loop
      vertex 7 -0.9337814554236216 2.510520318409294
      vertex 7 -1.2360679774997896 2.5957739348193862
      vertex 24.95143475689528 -1.2360679774997896 2.5957739348193862
    endloop
  endfacet
  facet normal 0 0.4186597375374278 0.9081431738250815
    outer loop
      vertex 7 -1.815961998958187 2.8359739032465288
      vertex 24.928650658739073 -1.815961998958187 2.8359739032465288
      vertex 7 -1.5307337294603591 2.7044818699548534
    endloop
  endfacet
  facet normal -1.417557727236146e-17 0.48862124149695585 0.8724960070727966
    outer loop
      vertex 7 -2.089994258863795 2.9894393425836316
      vertex 24.9229333433282 -1.9614773931961236 2.9174664396169874
      vertex 7 -1.815961998958187 2.8359739032465288
    endloop
  endfacet
  facet normal 0 0.3461170570774926 0.9381913359224843
    outer loop
      vertex 7 -1.5307337294603591 2.7044818699548534
      vertex 24.939857307969255 -1.5307337294603591 2.7044818699548534
      vertex 7 -1.2360679774997896 2.5957739348193862
    endloop
  endfacet
  facet normal 0 0.11753739745783694 0.9930684569549264
    outer loop
      vertex 7 -0.3138363829113798 2.4123306650674885
      vertex 24.97541469251553 -0.6257378601609235 2.4492466376194493
      vertex 24.987669334932512 -0.3138363829113798 2.4123306650674885
    endloop
  endfacet
  facet normal 0 0.03925981575906876 0.9992290362407229
    outer loop
      vertex 7 0 2.4000000000000004
      vertex 24.987669334932512 -0.3138363829113798 2.4123306650674885
      vertex 25 0 2.4000000000000004
    endloop
  endfacet
  facet normal 0 0.27144044986507426 0.9624552364536474
    outer loop
      vertex 7 -0.9337814554236216 2.510520318409294
      vertex 24.95143475689528 -1.2360679774997896 2.5957739348193862
      vertex 24.96331162669463 -0.9337814554236216 2.510520318409294
    endloop
  endfacet
  facet normal 0 0.1950903220161294 0.9807852804032301
    outer loop
      vertex 7 -0.6257378601609235 2.4492466376194493
      vertex 24.96331162669463 -0.9337814554236216 2.510520318409294
      vertex 24.97541469251553 -0.6257378601609235 2.4492466376194493
    endloop
  endfacet
  facet normal 0 0.4186597375374278 0.9081431738250815
    outer loop
      vertex 7 -1.5307337294603591 2.7044818699548534
      vertex 24.928650658739073 -1.815961998958187 2.8359739032465288
      vertex 24.939857307969255 -1.5307337294603591 2.7044818699548534
    endloop
  endfacet
  facet normal 0 0.4886212414969571 0.872496007072796
    outer loop
      vertex 7 -1.815961998958187 2.8359739032465288
      vertex 24.9229333433282 -1.9614773931961236 2.9174664396169874
      vertex 24.928650658739073 -1.815961998958187 2.8359739032465288
    endloop
  endfacet
  facet normal 0 0.48862124149695446 0.8724960070727974
    outer loop
      vertex 7 -2.089994258863795 2.9894393425836316
      vertex 24.907722369891047 -2.089994258863795 2.9894393425836316
      vertex 24.9229333433282 -1.9614773931961236 2.9174664396169874
    endloop
  endfacet
  facet normal 0 0.3461170570774926 0.9381913359224843
    outer loop
      vertex 7 -1.2360679774997896 2.5957739348193862
      vertex 24.939857307969255 -1.5307337294603591 2.7044818699548534
      vertex 24.95143475689528 -1.2360679774997896 2.5957739348193862
    endloop
  endfacet
  facet normal 1 0 0
    outer loop
      vertex 7 -2.3511410091698925 3.1639320225002106
      vertex 7 -2.089994258863795 2.9894393425836316
      vertex 7 3.977471198804813 6
    endloop
  endfacet
  facet normal 1 0 0
    outer loop
      vertex 7 -2.5977921933207346 3.3583761375998766
      vertex 7 -2.3511410091698925 3.1639320225002106
      vertex 7 3.977471198804813 6
    endloop
  endfacet
  facet normal 1 0 0
    outer loop
      vertex 7 -2.8284271247461903 3.57157287525381
      vertex 7 -2.5977921933207346 3.3583761375998766
      vertex 7 3.977471198804813 6
    endloop
  endfacet
  facet normal 1 0 0
    outer loop
      vertex 7 -3.0416238624001237 3.8022078066792657
      vertex 7 -2.8284271247461903 3.57157287525381
      vertex 7 3.977471198804813 6
    endloop
  endfacet
  facet normal 1 0 0
    outer loop
      vertex 7 -3.23606797749979 4.048858990830108
      vertex 7 -3.0416238624001237 3.8022078066792657
      vertex 7 3.977471198804813 6
    endloop
  endfacet
  facet normal 1 0 0
    outer loop
      vertex 7 -3.4105606574163687 4.310005741136205
      vertex 7 -3.23606797749979 4.048858990830108
      vertex 7 3.977471198804813 6
    endloop
  endfacet
  facet normal 1 0 0
    outer loop
      vertex 7 -3.4105606574163687 4.310005741136205
      vertex 7 3.977471198804813 6
      vertex 7 -3.5640260967534716 4.584038001041813
    endloop
  endfacet
  facet normal 1 0 0
    outer loop
      vertex 7 -3.695518130045147 4.869266270539641
      vertex 7 -3.5640260967534716 4.584038001041813
      vertex 7 3.977471198804813 6
    endloop
  endfacet
  facet normal 1 0 0
    outer loop
      vertex 7 -3.695518130045147 4.869266270539641
      vertex 7 3.977471198804813 6
      vertex 7 -3.804226065180614 5.1639320225002106
    endloop
  endfacet
  facet normal 1 0 0
    outer loop
      vertex 7 -3.8894796815907062 5.466218544576379
      vertex 7 -3.804226065180614 5.1639320225002106
      vertex 7 3.977471198804813 6
    endloop
  endfacet
  facet normal 1 0 0
    outer loop
      vertex 7 -3.8894796815907062 5.466218544576379
      vertex 7 3.977471198804813 6
      vertex 7 -3.950753362380551 5.7742621398390765
    endloop
  endfacet
  facet normal 1 0 0
    outer loop
      vertex 7 -3.950753362380551 5.7742621398390765
      vertex 7 3.977471198804813 6
      vertex 7 -3.977471198804813 6
    endloop
  endfacet
  facet normal 0 0.5555702330196012 0.8314696123025459
    outer loop
      vertex 7 -2.3511410091698925 3.1639320225002106
      vertex 24.87681361514148 -2.3511410091698925 3.1639320225002106
      vertex 7 -2.089994258863795 2.9894393425836316
    endloop
  endfacet
  facet normal 0 0.6190939493098343 0.7853169308807446
    outer loop
      vertex 7 -2.5977921933207346 3.3583761375998766
      vertex 24.847620523706595 -2.5977921933207346 3.3583761375998766
      vertex 7 -2.3511410091698925 3.1639320225002106
    endloop
  endfacet
  facet normal 0 0.6788007455329411 0.7343225094356862
    outer loop
      vertex 7 -2.8284271247461903 3.57157287525381
      vertex 24.82032308070278 -2.8284271247461903 3.57157287525381
      vertex 7 -2.5977921933207346 3.3583761375998766
    endloop
  endfacet
  facet normal 0 0.7343225094356861 0.6788007455329411
    outer loop
      vertex 7 -3.0416238624001237 3.8022078066792657
      vertex 24.795089583943472 -3.0416238624001237 3.8022078066792657
      vertex 7 -2.8284271247461903 3.57157287525381
    endloop
  endfacet
  facet normal 0 0.7853169308807447 0.6190939493098343
    outer loop
      vertex 7 -3.23606797749979 4.048858990830108
      vertex 24.772075606327178 -3.23606797749979 4.048858990830108
      vertex 7 -3.0416238624001237 3.8022078066792657
    endloop
  endfacet
  facet normal 0 0.8314696123025459 0.5555702330196012
    outer loop
      vertex 7 -3.4105606574163687 4.310005741136205
      vertex 24.75142303667883 -3.4105606574163687 4.310005741136205
      vertex 7 -3.23606797749979 4.048858990830108
    endloop
  endfacet
  facet normal 0 0.8724960070727967 0.48862124149695585
    outer loop
      vertex 7 -3.4105606574163687 4.310005741136205
      vertex 7 -3.5640260967534716 4.584038001041813
      vertex 24.73325920495799 -3.5640260967534716 4.584038001041813
    endloop
  endfacet
  facet normal 0 0.5555702330196012 0.8314696123025459
    outer loop
      vertex 7 -2.089994258863795 2.9894393425836316
      vertex 24.87681361514148 -2.3511410091698925 3.1639320225002106
      vertex 24.907722369891047 -2.089994258863795 2.9894393425836316
    endloop
  endfacet
  facet normal 0 0.6190939493098343 0.7853169308807448
    outer loop
      vertex 7 -2.3511410091698925 3.1639320225002106
      vertex 24.847620523706595 -2.5977921933207346 3.3583761375998766
      vertex 24.87681361514148 -2.3511410091698925 3.1639320225002106
    endloop
  endfacet
  facet normal 0 0.6788007455329411 0.7343225094356861
    outer loop
      vertex 7 -2.5977921933207346 3.3583761375998766
      vertex 24.82032308070278 -2.8284271247461903 3.57157287525381
      vertex 24.847620523706595 -2.5977921933207346 3.3583761375998766
    endloop
  endfacet
  facet normal 0 0.7343225094356862 0.6788007455329411
    outer loop
      vertex 7 -2.8284271247461903 3.57157287525381
      vertex 24.795089583943472 -3.0416238624001237 3.8022078066792657
      vertex 24.82032308070278 -2.8284271247461903 3.57157287525381
    endloop
  endfacet
  facet normal 0 0.8314696123025459 0.5555702330196012
    outer loop
      vertex 7 -3.23606797749979 4.048858990830108
      vertex 24.75142303667883 -3.4105606574163687 4.310005741136205
      vertex 24.772075606327178 -3.23606797749979 4.048858990830108
    endloop
  endfacet
  facet normal 0 0.8724960070727965 0.48862124149695585
    outer loop
      vertex 7 -3.4105606574163687 4.310005741136205
      vertex 24.73325920495799 -3.5640260967534716 4.584038001041813
      vertex 24.75142303667883 -3.4105606574163687 4.310005741136205
    endloop
  endfacet
  facet normal 0 0.7853169308807447 0.6190939493098342
    outer loop
      vertex 7 -3.0416238624001237 3.8022078066792657
      vertex 24.772075606327178 -3.23606797749979 4.048858990830108
      vertex 24.795089583943472 -3.0416238624001237 3.8022078066792657
    endloop
  endfacet
  facet normal 0 0.9081431738250814 0.418659737537428
    outer loop
      vertex 7 -3.695518130045147 4.869266270539641
      vertex 24.717696097227293 -3.695518130045147 4.869266270539641
      vertex 7 -3.5640260967534716 4.584038001041813
    endloop
  endfacet
  facet normal 0 0.9381913359224844 0.3461170570774926
    outer loop
      vertex 7 -3.695518130045147 4.869266270539641
      vertex 7 -3.804226065180614 5.1639320225002106
      vertex 24.70482966522117 -3.804226065180614 5.1639320225002106
    endloop
  endfacet
  facet normal 0 0.9624552364536474 0.27144044986507376
    outer loop
      vertex 7 -3.8894796815907062 5.466218544576379
      vertex 24.694739234771454 -3.8894796815907062 5.466218544576379
      vertex 7 -3.804226065180614 5.1639320225002106
    endloop
  endfacet
  facet normal 0 0.9807852804032302 0.19509032201612983
    outer loop
      vertex 7 -3.8894796815907062 5.466218544576379
      vertex 7 -3.950753362380551 5.7742621398390765
      vertex 24.68427355515725 -3.950753362380551 5.7742621398390765
    endloop
  endfacet
  facet normal 0 0.9930684569549265 0.11753739745783638
    outer loop
      vertex 7 -3.950753362380551 5.7742621398390765
      vertex 7 -3.977471198804813 6
      vertex 24.68427355515725 -3.950753362380551 5.7742621398390765
    endloop
  endfacet
  facet normal 0 0.9081431738250814 0.4186597375374281
    outer loop
      vertex 7 -3.5640260967534716 4.584038001041813
      vertex 24.717696097227293 -3.695518130045147 4.869266270539641
      vertex 24.73325920495799 -3.5640260967534716 4.584038001041813
    endloop
  endfacet
  facet normal 0 0.9381913359224843 0.3461170570774926
    outer loop
      vertex 7 -3.695518130045147 4.869266270539641
      vertex 24.70482966522117 -3.804226065180614 5.1639320225002106
      vertex 24.717696097227293 -3.695518130045147 4.869266270539641
    endloop
  endfacet
  facet normal 0 0.9624552364536474 0.27144044986507376
    outer loop
      vertex 7 -3.804226065180614 5.1639320225002106
      vertex 24.694739234771454 -3.8894796815907062 5.466218544576379
      vertex 24.70482966522117 -3.804226065180614 5.1639320225002106
    endloop
  endfacet
  facet normal 0 0.9807852804032301 0.19509032201612983
    outer loop
      vertex 7 -3.8894796815907062 5.466218544576379
      vertex 24.68427355515725 -3.950753362380551 5.7742621398390765
      vertex 24.694739234771454 -3.8894796815907062 5.466218544576379
    endloop
  endfacet
  facet normal 2.494552904399669e-17 0.9930684569549262 0.11753739745783831
    outer loop
      vertex 24.67895904706284 -3.9774711988048135 6
      vertex 24.68427355515725 -3.950753362380551 5.7742621398390765
      vertex 7 -3.977471198804813 6
    endloop
  endfacet
  facet normal 9.604622160504051e-14 0.9807852804032295 0.19509032201613286
    outer loop
      vertex 24.692208514878445 -3.910861626005772 5.573712838152677
      vertex 24.694739234771454 -3.8894796815907062 5.466218544576379
      vertex 24.68427355515725 -3.950753362380551 5.7742621398390765
    endloop
  endfacet
  facet normal 0 -0.03925981575906876 0.9992290362407229
    outer loop
      vertex 7 0 2.4000000000000004
      vertex 25 0 2.4000000000000004
      vertex 7 0.3138363829113798 2.4123306650674885
    endloop
  endfacet
  facet normal 0 -0.11753739745783694 0.9930684569549264
    outer loop
      vertex 7 0.3138363829113798 2.4123306650674885
      vertex 24.987669334932512 0.3138363829113798 2.4123306650674885
      vertex 7 0.6257378601609235 2.4492466376194493
    endloop
  endfacet
  facet normal 0 -0.1950903220161294 0.9807852804032301
    outer loop
      vertex 7 0.6257378601609235 2.4492466376194493
      vertex 24.97541469251553 0.6257378601609235 2.4492466376194493
      vertex 7 0.9337814554236216 2.510520318409294
    endloop
  endfacet
  facet normal 0 -0.27144044986507426 0.9624552364536474
    outer loop
      vertex 7 0.9337814554236216 2.510520318409294
      vertex 24.96331162669463 0.9337814554236216 2.510520318409294
      vertex 7 1.2360679774997896 2.5957739348193862
    endloop
  endfacet
  facet normal 0 -0.3461170570774926 0.9381913359224843
    outer loop
      vertex 7 1.2360679774997896 2.5957739348193862
      vertex 24.95143475689528 1.2360679774997896 2.5957739348193862
      vertex 7 1.5307337294603591 2.7044818699548534
    endloop
  endfacet
  facet normal 0 -0.4186597375374278 0.9081431738250815
    outer loop
      vertex 7 1.5307337294603591 2.7044818699548534
      vertex 24.939857307969255 1.5307337294603591 2.7044818699548534
      vertex 7 1.815961998958187 2.8359739032465288
    endloop
  endfacet
  facet normal 8.012282806117347e-18 -0.48862124149695585 0.8724960070727966
    outer loop
      vertex 7 1.815961998958187 2.8359739032465288
      vertex 24.9229333433282 1.9614773931961236 2.917466439616987
      vertex 7 2.089994258863795 2.9894393425836316
    endloop
  endfacet
  facet normal 0 -0.03925981575906877 0.9992290362407229
    outer loop
      vertex 7 0.3138363829113798 2.4123306650674885
      vertex 25 0 2.4000000000000004
      vertex 24.987669334932512 0.3138363829113798 2.4123306650674885
    endloop
  endfacet
  facet normal 0 -0.11753739745783694 0.9930684569549264
    outer loop
      vertex 7 0.6257378601609235 2.4492466376194493
      vertex 24.987669334932512 0.3138363829113798 2.4123306650674885
      vertex 24.97541469251553 0.6257378601609235 2.4492466376194493
    endloop
  endfacet
  facet normal 0 -0.19509032201612944 0.9807852804032303
    outer loop
      vertex 7 0.9337814554236216 2.510520318409294
      vertex 24.97541469251553 0.6257378601609235 2.4492466376194493
      vertex 24.96331162669463 0.9337814554236216 2.510520318409294
    endloop
  endfacet
  facet normal 0 -0.2714404498650742 0.9624552364536473
    outer loop
      vertex 7 1.2360679774997896 2.5957739348193862
      vertex 24.96331162669463 0.9337814554236216 2.510520318409294
      vertex 24.95143475689528 1.2360679774997896 2.5957739348193862
    endloop
  endfacet
  facet normal 0 -0.3461170570774926 0.9381913359224843
    outer loop
      vertex 7 1.5307337294603591 2.7044818699548534
      vertex 24.95143475689528 1.2360679774997896 2.5957739348193862
      vertex 24.939857307969255 1.5307337294603591 2.7044818699548534
    endloop
  endfacet
  facet normal 0 -0.4186597375374278 0.9081431738250815
    outer loop
      vertex 7 1.815961998958187 2.8359739032465288
      vertex 24.939857307969255 1.5307337294603591 2.7044818699548534
      vertex 24.928650658739073 1.815961998958187 2.8359739032465288
    endloop
  endfacet
  facet normal 0 -0.48862124149695507 0.8724960070727971
    outer loop
      vertex 7 1.815961998958187 2.8359739032465288
      vertex 24.928650658739073 1.815961998958187 2.8359739032465288
      vertex 24.9229333433282 1.9614773931961236 2.917466439616987
    endloop
  endfacet
  facet normal 0 -0.4886212414969567 0.8724960070727962
    outer loop
      vertex 7 2.089994258863795 2.9894393425836316
      vertex 24.9229333433282 1.9614773931961236 2.917466439616987
      vertex 24.907722369891047 2.089994258863795 2.9894393425836316
    endloop
  endfacet
  facet normal 1 0 0
    outer loop
      vertex 7 -0.9337814554236216 2.510520318409294
      vertex 7 3.977471198804813 6
      vertex 7 -1.2360679774997896 2.5957739348193862
    endloop
  endfacet
  facet normal 1 0 0
    outer loop
      vertex 7 -0.9337814554236216 2.510520318409294
      vertex 7 -0.6257378601609235 2.4492466376194493
      vertex 7 3.977471198804813 6
    endloop
  endfacet
  facet normal 1 0 0
    outer loop
      vertex 7 -0.6257378601609235 2.4492466376194493
      vertex 7 -0.3138363829113798 2.4123306650674885
      vertex 7 3.977471198804813 6
    endloop
  endfacet
  facet normal 1 0 0
    outer loop
      vertex 7 -0.3138363829113798 2.4123306650674885
      vertex 7 0 2.4000000000000004
      vertex 7 3.977471198804813 6
    endloop
  endfacet
  facet normal 1 0 0
    outer loop
      vertex 7 0 2.4000000000000004
      vertex 7 0.3138363829113798 2.4123306650674885
      vertex 7 3.977471198804813 6
    endloop
  endfacet
  facet normal 1 0 0
    outer loop
      vertex 7 0.3138363829113798 2.4123306650674885
      vertex 7 0.6257378601609235 2.4492466376194493
      vertex 7 3.977471198804813 6
    endloop
  endfacet
  facet normal 1 0 0
    outer loop
      vertex 7 0.6257378601609235 2.4492466376194493
      vertex 7 0.9337814554236216 2.510520318409294
      vertex 7 3.977471198804813 6
    endloop
  endfacet
  facet normal 1 0 0
    outer loop
      vertex 7 0.9337814554236216 2.510520318409294
      vertex 7 1.2360679774997896 2.5957739348193862
      vertex 7 3.977471198804813 6
    endloop
  endfacet
  facet normal 1 0 0
    outer loop
      vertex 7 -1.5307337294603591 2.7044818699548534
      vertex 7 -1.2360679774997896 2.5957739348193862
      vertex 7 3.977471198804813 6
    endloop
  endfacet
  facet normal 1 0 0
    outer loop
      vertex 7 -1.815961998958187 2.8359739032465288
      vertex 7 -1.5307337294603591 2.7044818699548534
      vertex 7 3.977471198804813 6
    endloop
  endfacet
  facet normal 1 0 0
    outer loop
      vertex 7 -2.089994258863795 2.9894393425836316
      vertex 7 -1.815961998958187 2.8359739032465288
      vertex 7 3.977471198804813 6
    endloop
  endfacet
  facet normal 1 0 0
    outer loop
      vertex 7 1.2360679774997896 2.5957739348193862
      vertex 7 1.5307337294603591 2.7044818699548534
      vertex 7 3.977471198804813 6
    endloop
  endfacet
  facet normal 1 0 0
    outer loop
      vertex 7 1.5307337294603591 2.7044818699548534
      vertex 7 1.815961998958187 2.8359739032465288
      vertex 7 3.977471198804813 6
    endloop
  endfacet
  facet normal 1 0 0
    outer loop
      vertex 7 1.815961998958187 2.8359739032465288
      vertex 7 2.089994258863795 2.9894393425836316
      vertex 7 3.977471198804813 6
    endloop
  endfacet
  facet normal 1 0 0
    outer loop
      vertex 7 2.089994258863795 2.9894393425836316
      vertex 7 2.3511410091698925 3.1639320225002106
      vertex 7 3.977471198804813 6
    endloop
  endfacet
  facet normal 1 0 0
    outer loop
      vertex 7 2.3511410091698925 3.1639320225002106
      vertex 7 2.5977921933207346 3.3583761375998766
      vertex 7 3.977471198804813 6
    endloop
  endfacet
  facet normal 1 0 0
    outer loop
      vertex 7 2.5977921933207346 3.3583761375998766
      vertex 7 2.8284271247461903 3.57157287525381
      vertex 7 3.977471198804813 6
    endloop
  endfacet
  facet normal 1 0 0
    outer loop
      vertex 7 2.8284271247461903 3.57157287525381
      vertex 7 3.0416238624001237 3.8022078066792657
      vertex 7 3.977471198804813 6
    endloop
  endfacet
  facet normal 1 0 0
    outer loop
      vertex 7 3.0416238624001237 3.8022078066792657
      vertex 7 3.23606797749979 4.048858990830108
      vertex 7 3.977471198804813 6
    endloop
  endfacet
  facet normal 1 0 0
    outer loop
      vertex 7 3.23606797749979 4.048858990830108
      vertex 7 3.4105606574163687 4.310005741136205
      vertex 7 3.977471198804813 6
    endloop
  endfacet
  facet normal 1 0 0
    outer loop
      vertex 7 3.4105606574163687 4.310005741136205
      vertex 7 3.5640260967534716 4.584038001041813
      vertex 7 3.977471198804813 6
    endloop
  endfacet
  facet normal 1 0 0
    outer loop
      vertex 7 3.5640260967534716 4.584038001041813
      vertex 7 3.695518130045147 4.869266270539641
      vertex 7 3.977471198804813 6
    endloop
  endfacet
  facet normal 1 0 0
    outer loop
      vertex 7 3.695518130045147 4.869266270539641
      vertex 7 3.804226065180614 5.1639320225002106
      vertex 7 3.977471198804813 6
    endloop
  endfacet
  facet normal 1 0 0
    outer loop
      vertex 7 3.804226065180614 5.1639320225002106
      vertex 7 3.8894796815907062 5.466218544576379
      vertex 7 3.977471198804813 6
    endloop
  endfacet
  facet normal 1 0 0
    outer loop
      vertex 7 3.8894796815907062 5.466218544576379
      vertex 7 3.950753362380551 5.7742621398390765
      vertex 7 3.977471198804813 6
    endloop
  endfacet
  facet normal 0 -0.5555702330196012 0.8314696123025459
    outer loop
      vertex 7 2.089994258863795 2.9894393425836316
      vertex 24.907722369891047 2.089994258863795 2.9894393425836316
      vertex 7 2.3511410091698925 3.1639320225002106
    endloop
  endfacet
  facet normal 0 -0.6190939493098343 0.7853169308807448
    outer loop
      vertex 7 2.3511410091698925 3.1639320225002106
      vertex 24.87681361514148 2.3511410091698925 3.1639320225002106
      vertex 7 2.5977921933207346 3.3583761375998766
    endloop
  endfacet
  facet normal 0 -0.6788007455329411 0.7343225094356861
    outer loop
      vertex 7 2.5977921933207346 3.3583761375998766
      vertex 24.847620523706595 2.5977921933207346 3.3583761375998766
      vertex 7 2.8284271247461903 3.57157287525381
    endloop
  endfacet
  facet normal 0 -0.7343225094356862 0.6788007455329411
    outer loop
      vertex 7 2.8284271247461903 3.57157287525381
      vertex 24.82032308070278 2.8284271247461903 3.57157287525381
      vertex 7 3.0416238624001237 3.8022078066792657
    endloop
  endfacet
  facet normal 0 -0.7853169308807447 0.6190939493098342
    outer loop
      vertex 7 3.0416238624001237 3.8022078066792657
      vertex 24.795089583943472 3.0416238624001237 3.8022078066792657
      vertex 7 3.23606797749979 4.048858990830108
    endloop
  endfacet
  facet normal 0 -0.8314696123025459 0.5555702330196012
    outer loop
      vertex 7 3.23606797749979 4.048858990830108
      vertex 24.772075606327178 3.23606797749979 4.048858990830108
      vertex 7 3.4105606574163687 4.310005741136205
    endloop
  endfacet
  facet normal 0 -0.8724960070727965 0.48862124149695585
    outer loop
      vertex 7 3.4105606574163687 4.310005741136205
      vertex 24.75142303667883 3.4105606574163687 4.310005741136205
      vertex 7 3.5640260967534716 4.584038001041813
    endloop
  endfacet
  facet normal 0 -0.5555702330196012 0.8314696123025459
    outer loop
      vertex 7 2.3511410091698925 3.1639320225002106
      vertex 24.907722369891047 2.089994258863795 2.9894393425836316
      vertex 24.87681361514148 2.3511410091698925 3.1639320225002106
    endloop
  endfacet
  facet normal 0 -0.6190939493098343 0.7853169308807446
    outer loop
      vertex 7 2.5977921933207346 3.3583761375998766
      vertex 24.87681361514148 2.3511410091698925 3.1639320225002106
      vertex 24.847620523706595 2.5977921933207346 3.3583761375998766
    endloop
  endfacet
  facet normal 0 -0.6788007455329411 0.7343225094356862
    outer loop
      vertex 7 2.8284271247461903 3.57157287525381
      vertex 24.847620523706595 2.5977921933207346 3.3583761375998766
      vertex 24.82032308070278 2.8284271247461903 3.57157287525381
    endloop
  endfacet
  facet normal 0 -0.7343225094356861 0.6788007455329411
    outer loop
      vertex 7 3.0416238624001237 3.8022078066792657
      vertex 24.82032308070278 2.8284271247461903 3.57157287525381
      vertex 24.795089583943472 3.0416238624001237 3.8022078066792657
    endloop
  endfacet
  facet normal 0 -0.7853169308807447 0.6190939493098343
    outer loop
      vertex 7 3.23606797749979 4.048858990830108
      vertex 24.795089583943472 3.0416238624001237 3.8022078066792657
      vertex 24.772075606327178 3.23606797749979 4.048858990830108
    endloop
  endfacet
  facet normal 0 -0.8314696123025459 0.5555702330196012
    outer loop
      vertex 7 3.4105606574163687 4.310005741136205
      vertex 24.772075606327178 3.23606797749979 4.048858990830108
      vertex 24.75142303667883 3.4105606574163687 4.310005741136205
    endloop
  endfacet
  facet normal 0 -0.8724960070727967 0.48862124149695585
    outer loop
      vertex 7 3.5640260967534716 4.584038001041813
      vertex 24.75142303667883 3.4105606574163687 4.310005741136205
      vertex 24.73325920495799 3.5640260967534716 4.584038001041813
    endloop
  endfacet
  facet normal 0 -0.9081431738250814 0.4186597375374281
    outer loop
      vertex 7 3.5640260967534716 4.584038001041813
      vertex 24.73325920495799 3.5640260967534716 4.584038001041813
      vertex 7 3.695518130045147 4.869266270539641
    endloop
  endfacet
  facet normal 0 -0.9381913359224843 0.3461170570774926
    outer loop
      vertex 7 3.695518130045147 4.869266270539641
      vertex 24.717696097227293 3.695518130045147 4.869266270539641
      vertex 7 3.804226065180614 5.1639320225002106
    endloop
  endfacet
  facet normal 0 -0.9624552364536474 0.27144044986507376
    outer loop
      vertex 7 3.804226065180614 5.1639320225002106
      vertex 24.70482966522117 3.804226065180614 5.1639320225002106
      vertex 7 3.8894796815907062 5.466218544576379
    endloop
  endfacet
  facet normal 0 -0.9807852804032301 0.19509032201612983
    outer loop
      vertex 7 3.8894796815907062 5.466218544576379
      vertex 24.694739234771454 3.8894796815907062 5.466218544576379
      vertex 7 3.950753362380551 5.7742621398390765
    endloop
  endfacet
  facet normal 0 -0.9930684569549264 0.11753739745783638
    outer loop
      vertex 7 3.950753362380551 5.7742621398390765
      vertex 24.67895904706284 3.977471198804813 6
      vertex 7 3.977471198804813 6
    endloop
  endfacet
  facet normal 0 -0.9081431738250814 0.418659737537428
    outer loop
      vertex 7 3.695518130045147 4.869266270539641
      vertex 24.73325920495799 3.5640260967534716 4.584038001041813
      vertex 24.717696097227293 3.695518130045147 4.869266270539641
    endloop
  endfacet
  facet normal 0 -0.9381913359224844 0.3461170570774926
    outer loop
      vertex 7 3.804226065180614 5.1639320225002106
      vertex 24.717696097227293 3.695518130045147 4.869266270539641
      vertex 24.70482966522117 3.804226065180614 5.1639320225002106
    endloop
  endfacet
  facet normal 0 -0.9624552364536474 0.27144044986507376
    outer loop
      vertex 7 3.8894796815907062 5.466218544576379
      vertex 24.70482966522117 3.804226065180614 5.1639320225002106
      vertex 24.694739234771454 3.8894796815907062 5.466218544576379
    endloop
  endfacet
  facet normal 0 -0.9807852804032302 0.19509032201612983
    outer loop
      vertex 7 3.950753362380551 5.7742621398390765
      vertex 24.694739234771454 3.8894796815907062 5.466218544576379
      vertex 24.68427355515725 3.950753362380551 5.7742621398390765
    endloop
  endfacet
  facet normal 0 -0.9930684569549265 0.11753739745783638
    outer loop
      vertex 7 3.950753362380551 5.7742621398390765
      vertex 24.68427355515725 3.950753362380551 5.7742621398390765
      vertex 24.67895904706284 3.977471198804813 6
    endloop
  endfacet
  facet normal -5.910536714156185e-14 -0.9807852804032305 0.19509032201612778
    outer loop
      vertex 24.692208514878445 3.910861626005772 5.5737128381526775
      vertex 24.68427355515725 3.950753362380551 5.7742621398390765
      vertex 24.694739234771454 3.8894796815907062 5.466218544576379
    endloop
  endfacet
  facet normal 0 0.11753739745783694 0.9930684569549264
    outer loop
      vertex -7 -0.6257378601609235 2.4492466376194493
      vertex -24.987669334932512 -0.3138363829113798 2.4123306650674885
      vertex -24.97541469251553 -0.6257378601609235 2.4492466376194493
    endloop
  endfacet
  facet normal 0 0.03925981575906877 0.9992290362407229
    outer loop
      vertex -7 -0.3138363829113798 2.4123306650674885
      vertex -25 0 2.4000000000000004
      vertex -24.987669334932512 -0.3138363829113798 2.4123306650674885
    endloop
  endfacet
  facet normal 0 0.19509032201612944 0.9807852804032303
    outer loop
      vertex -7 -0.9337814554236216 2.510520318409294
      vertex -24.97541469251553 -0.6257378601609235 2.4492466376194493
      vertex -24.96331162669463 -0.9337814554236216 2.510520318409294
    endloop
  endfacet
  facet normal 0 0.2714404498650742 0.9624552364536473
    outer loop
      vertex -7 -1.2360679774997896 2.5957739348193862
      vertex -24.96331162669463 -0.9337814554236216 2.510520318409294
      vertex -24.95143475689528 -1.2360679774997896 2.5957739348193862
    endloop
  endfacet
  facet normal 0 0.4186597375374278 0.9081431738250815
    outer loop
      vertex -7 -1.815961998958187 2.8359739032465288
      vertex -24.939857307969255 -1.5307337294603591 2.7044818699548534
      vertex -24.928650658739073 -1.815961998958187 2.8359739032465288
    endloop
  endfacet
  facet normal 0 0.48862124149695507 0.8724960070727971
    outer loop
      vertex -7 -1.815961998958187 2.8359739032465288
      vertex -24.928650658739073 -1.815961998958187 2.8359739032465288
      vertex -24.9229333433282 -1.9614773931961236 2.917466439616987
    endloop
  endfacet
  facet normal 0 0.4886212414969567 0.8724960070727962
    outer loop
      vertex -7 -2.089994258863795 2.9894393425836316
      vertex -24.9229333433282 -1.9614773931961236 2.917466439616987
      vertex -24.907722369891047 -2.089994258863795 2.9894393425836316
    endloop
  endfacet
  facet normal 0 0.3461170570774926 0.9381913359224843
    outer loop
      vertex -7 -1.5307337294603591 2.7044818699548534
      vertex -24.95143475689528 -1.2360679774997896 2.5957739348193862
      vertex -24.939857307969255 -1.5307337294603591 2.7044818699548534
    endloop
  endfacet
  facet normal 0 0.11753739745783694 0.9930684569549264
    outer loop
      vertex -7 -0.6257378601609235 2.4492466376194493
      vertex -7 -0.3138363829113798 2.4123306650674885
      vertex -24.987669334932512 -0.3138363829113798 2.4123306650674885
    endloop
  endfacet
  facet normal 0 0.03925981575906876 0.9992290362407229
    outer loop
      vertex -7 -0.3138363829113798 2.4123306650674885
      vertex -7 0 2.4000000000000004
      vertex -25 0 2.4000000000000004
    endloop
  endfacet
  facet normal 0 0.27144044986507426 0.9624552364536474
    outer loop
      vertex -7 -0.9337814554236216 2.510520318409294
      vertex -24.96331162669463 -0.9337814554236216 2.510520318409294
      vertex -7 -1.2360679774997896 2.5957739348193862
    endloop
  endfacet
  facet normal 0 0.1950903220161294 0.9807852804032301
    outer loop
      vertex -7 -0.9337814554236216 2.510520318409294
      vertex -7 -0.6257378601609235 2.4492466376194493
      vertex -24.97541469251553 -0.6257378601609235 2.4492466376194493
    endloop
  endfacet
  facet normal 0 0.4186597375374278 0.9081431738250815
    outer loop
      vertex -7 -1.815961998958187 2.8359739032465288
      vertex -7 -1.5307337294603591 2.7044818699548534
      vertex -24.939857307969255 -1.5307337294603591 2.7044818699548534
    endloop
  endfacet
  facet normal -7.395953359492935e-18 0.48862124149695585 0.8724960070727966
    outer loop
      vertex -7 -2.089994258863795 2.9894393425836316
      vertex -7 -1.815961998958187 2.8359739032465288
      vertex -24.9229333433282 -1.9614773931961236 2.917466439616987
    endloop
  endfacet
  facet normal 0 0.3461170570774926 0.9381913359224843
    outer loop
      vertex -7 -1.5307337294603591 2.7044818699548534
      vertex -7 -1.2360679774997896 2.5957739348193862
      vertex -24.95143475689528 -1.2360679774997896 2.5957739348193862
    endloop
  endfacet
  facet normal 0 0.5555702330196012 0.8314696123025459
    outer loop
      vertex -7 -2.3511410091698925 3.1639320225002106
      vertex -24.907722369891047 -2.089994258863795 2.9894393425836316
      vertex -24.87681361514148 -2.3511410091698925 3.1639320225002106
    endloop
  endfacet
  facet normal 0 0.6190939493098343 0.7853169308807446
    outer loop
      vertex -7 -2.5977921933207346 3.3583761375998766
      vertex -24.87681361514148 -2.3511410091698925 3.1639320225002106
      vertex -24.847620523706595 -2.5977921933207346 3.3583761375998766
    endloop
  endfacet
  facet normal 0 0.6788007455329411 0.7343225094356862
    outer loop
      vertex -7 -2.8284271247461903 3.57157287525381
      vertex -24.847620523706595 -2.5977921933207346 3.3583761375998766
      vertex -24.82032308070278 -2.8284271247461903 3.57157287525381
    endloop
  endfacet
  facet normal 0 0.7343225094356861 0.6788007455329411
    outer loop
      vertex -7 -3.0416238624001237 3.8022078066792657
      vertex -24.82032308070278 -2.8284271247461903 3.57157287525381
      vertex -24.795089583943472 -3.0416238624001237 3.8022078066792657
    endloop
  endfacet
  facet normal 0 0.7853169308807447 0.6190939493098343
    outer loop
      vertex -7 -3.23606797749979 4.048858990830108
      vertex -24.795089583943472 -3.0416238624001237 3.8022078066792657
      vertex -24.772075606327178 -3.23606797749979 4.048858990830108
    endloop
  endfacet
  facet normal 0 0.8314696123025459 0.5555702330196012
    outer loop
      vertex -7 -3.4105606574163687 4.310005741136205
      vertex -24.772075606327178 -3.23606797749979 4.048858990830108
      vertex -24.75142303667883 -3.4105606574163687 4.310005741136205
    endloop
  endfacet
  facet normal 0 0.8724960070727967 0.48862124149695585
    outer loop
      vertex -7 -3.5640260967534716 4.584038001041813
      vertex -24.75142303667883 -3.4105606574163687 4.310005741136205
      vertex -24.73325920495799 -3.5640260967534716 4.584038001041813
    endloop
  endfacet
  facet normal 0 0.5555702330196012 0.8314696123025459
    outer loop
      vertex -7 -2.3511410091698925 3.1639320225002106
      vertex -7 -2.089994258863795 2.9894393425836316
      vertex -24.907722369891047 -2.089994258863795 2.9894393425836316
    endloop
  endfacet
  facet normal 0 0.6190939493098343 0.7853169308807448
    outer loop
      vertex -7 -2.5977921933207346 3.3583761375998766
      vertex -7 -2.3511410091698925 3.1639320225002106
      vertex -24.87681361514148 -2.3511410091698925 3.1639320225002106
    endloop
  endfacet
  facet normal 0 0.6788007455329411 0.7343225094356861
    outer loop
      vertex -7 -2.8284271247461903 3.57157287525381
      vertex -7 -2.5977921933207346 3.3583761375998766
      vertex -24.847620523706595 -2.5977921933207346 3.3583761375998766
    endloop
  endfacet
  facet normal 0 0.7343225094356862 0.6788007455329411
    outer loop
      vertex -7 -3.0416238624001237 3.8022078066792657
      vertex -7 -2.8284271247461903 3.57157287525381
      vertex -24.82032308070278 -2.8284271247461903 3.57157287525381
    endloop
  endfacet
  facet normal 0 0.8314696123025459 0.5555702330196012
    outer loop
      vertex -7 -3.4105606574163687 4.310005741136205
      vertex -7 -3.23606797749979 4.048858990830108
      vertex -24.772075606327178 -3.23606797749979 4.048858990830108
    endloop
  endfacet
  facet normal 0 0.8724960070727965 0.48862124149695585
    outer loop
      vertex -7 -3.4105606574163687 4.310005741136205
      vertex -24.75142303667883 -3.4105606574163687 4.310005741136205
      vertex -7 -3.5640260967534716 4.584038001041813
    endloop
  endfacet
  facet normal 0 0.7853169308807447 0.6190939493098342
    outer loop
      vertex -7 -3.23606797749979 4.048858990830108
      vertex -7 -3.0416238624001237 3.8022078066792657
      vertex -24.795089583943472 -3.0416238624001237 3.8022078066792657
    endloop
  endfacet
  facet normal 0 0.9081431738250814 0.418659737537428
    outer loop
      vertex -7 -3.695518130045147 4.869266270539641
      vertex -24.73325920495799 -3.5640260967534716 4.584038001041813
      vertex -24.717696097227293 -3.695518130045147 4.869266270539641
    endloop
  endfacet
  facet normal 0 0.9381913359224844 0.3461170570774926
    outer loop
      vertex -7 -3.804226065180614 5.1639320225002106
      vertex -24.717696097227293 -3.695518130045147 4.869266270539641
      vertex -24.70482966522117 -3.804226065180614 5.1639320225002106
    endloop
  endfacet
  facet normal 5.910536714156185e-14 0.9807852804032305 0.19509032201612778
    outer loop
      vertex -24.692208514878445 -3.910861626005772 5.5737128381526775
      vertex -24.68427355515725 -3.950753362380551 5.7742621398390765
      vertex -24.694739234771454 -3.8894796815907062 5.466218544576379
    endloop
  endfacet
  facet normal 0 0.9624552364536474 0.27144044986507376
    outer loop
      vertex -7 -3.8894796815907062 5.466218544576379
      vertex -24.70482966522117 -3.804226065180614 5.1639320225002106
      vertex -24.694739234771454 -3.8894796815907062 5.466218544576379
    endloop
  endfacet
  facet normal 0 0.9807852804032302 0.19509032201612983
    outer loop
      vertex -7 -3.950753362380551 5.7742621398390765
      vertex -24.694739234771454 -3.8894796815907062 5.466218544576379
      vertex -24.68427355515725 -3.950753362380551 5.7742621398390765
    endloop
  endfacet
  facet normal 0 0.9930684569549265 0.11753739745783638
    outer loop
      vertex -7 -3.950753362380551 5.7742621398390765
      vertex -24.68427355515725 -3.950753362380551 5.7742621398390765
      vertex -24.67895904706284 -3.977471198804813 6
    endloop
  endfacet
  facet normal 0 0.9081431738250814 0.4186597375374281
    outer loop
      vertex -7 -3.695518130045147 4.869266270539641
      vertex -7 -3.5640260967534716 4.584038001041813
      vertex -24.73325920495799 -3.5640260967534716 4.584038001041813
    endloop
  endfacet
  facet normal 0 0.9381913359224843 0.3461170570774926
    outer loop
      vertex -7 -3.695518130045147 4.869266270539641
      vertex -24.717696097227293 -3.695518130045147 4.869266270539641
      vertex -7 -3.804226065180614 5.1639320225002106
    endloop
  endfacet
  facet normal 0 0.9624552364536474 0.27144044986507376
    outer loop
      vertex -7 -3.8894796815907062 5.466218544576379
      vertex -7 -3.804226065180614 5.1639320225002106
      vertex -24.70482966522117 -3.804226065180614 5.1639320225002106
    endloop
  endfacet
  facet normal 0 0.9807852804032301 0.19509032201612983
    outer loop
      vertex -7 -3.8894796815907062 5.466218544576379
      vertex -24.694739234771454 -3.8894796815907062 5.466218544576379
      vertex -7 -3.950753362380551 5.7742621398390765
    endloop
  endfacet
  facet normal 0 0.9930684569549264 0.11753739745783638
    outer loop
      vertex -7 -3.950753362380551 5.7742621398390765
      vertex -24.67895904706284 -3.977471198804813 6
      vertex -7 -3.977471198804813 6
    endloop
  endfacet
  facet normal -1 0 0
    outer loop
      vertex -7 -0.9337814554236216 2.510520318409294
      vertex -7 -3.977471198804813 6
      vertex -7 -0.6257378601609235 2.4492466376194493
    endloop
  endfacet
  facet normal -1 0 0
    outer loop
      vertex -7 -0.6257378601609235 2.4492466376194493
      vertex -7 -3.977471198804813 6
      vertex -7 -0.3138363829113798 2.4123306650674885
    endloop
  endfacet
  facet normal -1 0 0
    outer loop
      vertex -7 -0.9337814554236216 2.510520318409294
      vertex -7 -1.2360679774997896 2.5957739348193862
      vertex -7 -3.977471198804813 6
    endloop
  endfacet
  facet normal -1 0 0
    outer loop
      vertex -7 -0.3138363829113798 2.4123306650674885
      vertex -7 -3.977471198804813 6
      vertex -7 0 2.4000000000000004
    endloop
  endfacet
  facet normal -1 0 0
    outer loop
      vertex -7 0 2.4000000000000004
      vertex -7 -3.977471198804813 6
      vertex -7 0.3138363829113798 2.4123306650674885
    endloop
  endfacet
  facet normal -1 0 0
    outer loop
      vertex -7 0.3138363829113798 2.4123306650674885
      vertex -7 -3.977471198804813 6
      vertex -7 0.6257378601609235 2.4492466376194493
    endloop
  endfacet
  facet normal -1 0 0
    outer loop
      vertex -7 0.6257378601609235 2.4492466376194493
      vertex -7 -3.977471198804813 6
      vertex -7 0.9337814554236216 2.510520318409294
    endloop
  endfacet
  facet normal -1 0 0
    outer loop
      vertex -7 0.9337814554236216 2.510520318409294
      vertex -7 -3.977471198804813 6
      vertex -7 1.2360679774997896 2.5957739348193862
    endloop
  endfacet
  facet normal -1 0 0
    outer loop
      vertex -7 -2.8284271247461903 3.57157287525381
      vertex -7 -3.977471198804813 6
      vertex -7 -2.5977921933207346 3.3583761375998766
    endloop
  endfacet
  facet normal -1 0 0
    outer loop
      vertex -7 -3.0416238624001237 3.8022078066792657
      vertex -7 -3.977471198804813 6
      vertex -7 -2.8284271247461903 3.57157287525381
    endloop
  endfacet
  facet normal -1 0 0
    outer loop
      vertex -7 -1.815961998958187 2.8359739032465288
      vertex -7 -3.977471198804813 6
      vertex -7 -1.5307337294603591 2.7044818699548534
    endloop
  endfacet
  facet normal -1 0 0
    outer loop
      vertex -7 -1.5307337294603591 2.7044818699548534
      vertex -7 -3.977471198804813 6
      vertex -7 -1.2360679774997896 2.5957739348193862
    endloop
  endfacet
  facet normal -1 0 0
    outer loop
      vertex -7 -2.089994258863795 2.9894393425836316
      vertex -7 -3.977471198804813 6
      vertex -7 -1.815961998958187 2.8359739032465288
    endloop
  endfacet
  facet normal -1 0 0
    outer loop
      vertex -7 -2.3511410091698925 3.1639320225002106
      vertex -7 -3.977471198804813 6
      vertex -7 -2.089994258863795 2.9894393425836316
    endloop
  endfacet
  facet normal -1 0 0
    outer loop
      vertex -7 1.2360679774997896 2.5957739348193862
      vertex -7 -3.977471198804813 6
      vertex -7 1.5307337294603591 2.7044818699548534
    endloop
  endfacet
  facet normal -1 0 0
    outer loop
      vertex -7 1.5307337294603591 2.7044818699548534
      vertex -7 -3.977471198804813 6
      vertex -7 1.815961998958187 2.8359739032465288
    endloop
  endfacet
  facet normal -1 0 0
    outer loop
      vertex -7 1.815961998958187 2.8359739032465288
      vertex -7 -3.977471198804813 6
      vertex -7 2.089994258863795 2.9894393425836316
    endloop
  endfacet
  facet normal -1 0 0
    outer loop
      vertex -7 -2.5977921933207346 3.3583761375998766
      vertex -7 -3.977471198804813 6
      vertex -7 -2.3511410091698925 3.1639320225002106
    endloop
  endfacet
  facet normal -1 0 0
    outer loop
      vertex -7 -3.23606797749979 4.048858990830108
      vertex -7 -3.977471198804813 6
      vertex -7 -3.0416238624001237 3.8022078066792657
    endloop
  endfacet
  facet normal -1 0 0
    outer loop
      vertex -7 -3.4105606574163687 4.310005741136205
      vertex -7 -3.977471198804813 6
      vertex -7 -3.23606797749979 4.048858990830108
    endloop
  endfacet
  facet normal -1 0 0
    outer loop
      vertex -7 -3.4105606574163687 4.310005741136205
      vertex -7 -3.5640260967534716 4.584038001041813
      vertex -7 -3.977471198804813 6
    endloop
  endfacet
  facet normal -1 0 0
    outer loop
      vertex -7 -3.695518130045147 4.869266270539641
      vertex -7 -3.977471198804813 6
      vertex -7 -3.5640260967534716 4.584038001041813
    endloop
  endfacet
  facet normal -1 0 0
    outer loop
      vertex -7 -3.695518130045147 4.869266270539641
      vertex -7 -3.804226065180614 5.1639320225002106
      vertex -7 -3.977471198804813 6
    endloop
  endfacet
  facet normal -1 0 0
    outer loop
      vertex -7 -3.8894796815907062 5.466218544576379
      vertex -7 -3.977471198804813 6
      vertex -7 -3.804226065180614 5.1639320225002106
    endloop
  endfacet
  facet normal -1 0 0
    outer loop
      vertex -7 -3.8894796815907062 5.466218544576379
      vertex -7 -3.950753362380551 5.7742621398390765
      vertex -7 -3.977471198804813 6
    endloop
  endfacet
  facet normal 0 -0.03925981575906876 0.9992290362407229
    outer loop
      vertex -7 0 2.4000000000000004
      vertex -24.987669334932512 0.3138363829113798 2.4123306650674885
      vertex -25 0 2.4000000000000004
    endloop
  endfacet
  facet normal 0 -0.11753739745783694 0.9930684569549264
    outer loop
      vertex -7 0.3138363829113798 2.4123306650674885
      vertex -24.97541469251553 0.6257378601609235 2.4492466376194493
      vertex -24.987669334932512 0.3138363829113798 2.4123306650674885
    endloop
  endfacet
  facet normal 0 -0.1950903220161294 0.9807852804032301
    outer loop
      vertex -7 0.6257378601609235 2.4492466376194493
      vertex -24.96331162669463 0.9337814554236216 2.510520318409294
      vertex -24.97541469251553 0.6257378601609235 2.4492466376194493
    endloop
  endfacet
  facet normal 0 -0.27144044986507426 0.9624552364536474
    outer loop
      vertex -7 0.9337814554236216 2.510520318409294
      vertex -24.95143475689528 1.2360679774997896 2.5957739348193862
      vertex -24.96331162669463 0.9337814554236216 2.510520318409294
    endloop
  endfacet
  facet normal 0 -0.3461170570774926 0.9381913359224843
    outer loop
      vertex -7 1.2360679774997896 2.5957739348193862
      vertex -24.939857307969255 1.5307337294603591 2.7044818699548534
      vertex -24.95143475689528 1.2360679774997896 2.5957739348193862
    endloop
  endfacet
  facet normal 0 -0.4186597375374278 0.9081431738250815
    outer loop
      vertex -7 1.5307337294603591 2.7044818699548534
      vertex -24.928650658739073 1.815961998958187 2.8359739032465288
      vertex -24.939857307969255 1.5307337294603591 2.7044818699548534
    endloop
  endfacet
  facet normal 0 -0.4886212414969571 0.872496007072796
    outer loop
      vertex -7 1.815961998958187 2.8359739032465288
      vertex -24.9229333433282 1.9614773931961236 2.9174664396169874
      vertex -24.928650658739073 1.815961998958187 2.8359739032465288
    endloop
  endfacet
  facet normal 0 -0.48862124149695446 0.8724960070727974
    outer loop
      vertex -7 2.089994258863795 2.9894393425836316
      vertex -24.907722369891047 2.089994258863795 2.9894393425836316
      vertex -24.9229333433282 1.9614773931961236 2.9174664396169874
    endloop
  endfacet
  facet normal 0 -0.03925981575906877 0.9992290362407229
    outer loop
      vertex -7 0 2.4000000000000004
      vertex -7 0.3138363829113798 2.4123306650674885
      vertex -24.987669334932512 0.3138363829113798 2.4123306650674885
    endloop
  endfacet
  facet normal 0 -0.11753739745783694 0.9930684569549264
    outer loop
      vertex -7 0.3138363829113798 2.4123306650674885
      vertex -7 0.6257378601609235 2.4492466376194493
      vertex -24.97541469251553 0.6257378601609235 2.4492466376194493
    endloop
  endfacet
  facet normal 0 -0.19509032201612944 0.9807852804032303
    outer loop
      vertex -7 0.6257378601609235 2.4492466376194493
      vertex -7 0.9337814554236216 2.510520318409294
      vertex -24.96331162669463 0.9337814554236216 2.510520318409294
    endloop
  endfacet
  facet normal 0 -0.2714404498650742 0.9624552364536473
    outer loop
      vertex -7 0.9337814554236216 2.510520318409294
      vertex -7 1.2360679774997896 2.5957739348193862
      vertex -24.95143475689528 1.2360679774997896 2.5957739348193862
    endloop
  endfacet
  facet normal 0 -0.3461170570774926 0.9381913359224843
    outer loop
      vertex -7 1.2360679774997896 2.5957739348193862
      vertex -7 1.5307337294603591 2.7044818699548534
      vertex -24.939857307969255 1.5307337294603591 2.7044818699548534
    endloop
  endfacet
  facet normal 0 -0.4186597375374278 0.9081431738250815
    outer loop
      vertex -7 1.5307337294603591 2.7044818699548534
      vertex -7 1.815961998958187 2.8359739032465288
      vertex -24.928650658739073 1.815961998958187 2.8359739032465288
    endloop
  endfacet
  facet normal 1.3559247825737048e-17 -0.48862124149695585 0.8724960070727966
    outer loop
      vertex -7 1.815961998958187 2.8359739032465288
      vertex -7 2.089994258863795 2.9894393425836316
      vertex -24.9229333433282 1.9614773931961236 2.9174664396169874
    endloop
  endfacet
  facet normal 0 -0.5555702330196012 0.8314696123025459
    outer loop
      vertex -7 2.089994258863795 2.9894393425836316
      vertex -24.87681361514148 2.3511410091698925 3.1639320225002106
      vertex -24.907722369891047 2.089994258863795 2.9894393425836316
    endloop
  endfacet
  facet normal 0 -0.6190939493098343 0.7853169308807448
    outer loop
      vertex -7 2.3511410091698925 3.1639320225002106
      vertex -24.847620523706595 2.5977921933207346 3.3583761375998766
      vertex -24.87681361514148 2.3511410091698925 3.1639320225002106
    endloop
  endfacet
  facet normal 0 -0.6788007455329411 0.7343225094356861
    outer loop
      vertex -7 2.5977921933207346 3.3583761375998766
      vertex -24.82032308070278 2.8284271247461903 3.57157287525381
      vertex -24.847620523706595 2.5977921933207346 3.3583761375998766
    endloop
  endfacet
  facet normal 0 -0.7343225094356862 0.6788007455329411
    outer loop
      vertex -7 2.8284271247461903 3.57157287525381
      vertex -24.795089583943472 3.0416238624001237 3.8022078066792657
      vertex -24.82032308070278 2.8284271247461903 3.57157287525381
    endloop
  endfacet
  facet normal 0 -0.7853169308807447 0.6190939493098342
    outer loop
      vertex -7 3.0416238624001237 3.8022078066792657
      vertex -24.772075606327178 3.23606797749979 4.048858990830108
      vertex -24.795089583943472 3.0416238624001237 3.8022078066792657
    endloop
  endfacet
  facet normal 0 -0.8314696123025459 0.5555702330196012
    outer loop
      vertex -7 3.23606797749979 4.048858990830108
      vertex -24.75142303667883 3.4105606574163687 4.310005741136205
      vertex -24.772075606327178 3.23606797749979 4.048858990830108
    endloop
  endfacet
  facet normal 0 -0.8724960070727965 0.48862124149695585
    outer loop
      vertex -7 3.4105606574163687 4.310005741136205
      vertex -24.73325920495799 3.5640260967534716 4.584038001041813
      vertex -24.75142303667883 3.4105606574163687 4.310005741136205
    endloop
  endfacet
  facet normal 0 -0.5555702330196012 0.8314696123025459
    outer loop
      vertex -7 2.089994258863795 2.9894393425836316
      vertex -7 2.3511410091698925 3.1639320225002106
      vertex -24.87681361514148 2.3511410091698925 3.1639320225002106
    endloop
  endfacet
  facet normal 0 -0.6190939493098343 0.7853169308807446
    outer loop
      vertex -7 2.3511410091698925 3.1639320225002106
      vertex -7 2.5977921933207346 3.3583761375998766
      vertex -24.847620523706595 2.5977921933207346 3.3583761375998766
    endloop
  endfacet
  facet normal 0 -0.6788007455329411 0.7343225094356862
    outer loop
      vertex -7 2.5977921933207346 3.3583761375998766
      vertex -7 2.8284271247461903 3.57157287525381
      vertex -24.82032308070278 2.8284271247461903 3.57157287525381
    endloop
  endfacet
  facet normal 0 -0.7343225094356861 0.6788007455329411
    outer loop
      vertex -7 2.8284271247461903 3.57157287525381
      vertex -7 3.0416238624001237 3.8022078066792657
      vertex -24.795089583943472 3.0416238624001237 3.8022078066792657
    endloop
  endfacet
  facet normal 0 -0.7853169308807447 0.6190939493098343
    outer loop
      vertex -7 3.0416238624001237 3.8022078066792657
      vertex -7 3.23606797749979 4.048858990830108
      vertex -24.772075606327178 3.23606797749979 4.048858990830108
    endloop
  endfacet
  facet normal 0 -0.8314696123025459 0.5555702330196012
    outer loop
      vertex -7 3.23606797749979 4.048858990830108
      vertex -7 3.4105606574163687 4.310005741136205
      vertex -24.75142303667883 3.4105606574163687 4.310005741136205
    endloop
  endfacet
  facet normal 0 -0.8724960070727967 0.48862124149695585
    outer loop
      vertex -7 3.4105606574163687 4.310005741136205
      vertex -7 3.5640260967534716 4.584038001041813
      vertex -24.73325920495799 3.5640260967534716 4.584038001041813
    endloop
  endfacet
  facet normal 0 -0.9081431738250814 0.4186597375374281
    outer loop
      vertex -7 3.5640260967534716 4.584038001041813
      vertex -24.717696097227293 3.695518130045147 4.869266270539641
      vertex -24.73325920495799 3.5640260967534716 4.584038001041813
    endloop
  endfacet
  facet normal 0 -0.9381913359224843 0.3461170570774926
    outer loop
      vertex -7 3.695518130045147 4.869266270539641
      vertex -24.70482966522117 3.804226065180614 5.1639320225002106
      vertex -24.717696097227293 3.695518130045147 4.869266270539641
    endloop
  endfacet
  facet normal -9.604622160504051e-14 -0.9807852804032295 0.19509032201613286
    outer loop
      vertex -24.692208514878445 3.910861626005772 5.573712838152677
      vertex -24.694739234771454 3.8894796815907062 5.466218544576379
      vertex -24.68427355515725 3.950753362380551 5.7742621398390765
    endloop
  endfacet
  facet normal 0 -0.9624552364536474 0.27144044986507376
    outer loop
      vertex -7 3.804226065180614 5.1639320225002106
      vertex -24.694739234771454 3.8894796815907062 5.466218544576379
      vertex -24.70482966522117 3.804226065180614 5.1639320225002106
    endloop
  endfacet
  facet normal 0 -0.9807852804032301 0.19509032201612983
    outer loop
      vertex -7 3.8894796815907062 5.466218544576379
      vertex -24.68427355515725 3.950753362380551 5.7742621398390765
      vertex -24.694739234771454 3.8894796815907062 5.466218544576379
    endloop
  endfacet
  facet normal -2.494552904399669e-17 -0.9930684569549262 0.11753739745783831
    outer loop
      vertex -24.67895904706284 3.9774711988048135 6
      vertex -24.68427355515725 3.950753362380551 5.7742621398390765
      vertex -7 3.977471198804813 6
    endloop
  endfacet
  facet normal 0 -0.9081431738250814 0.418659737537428
    outer loop
      vertex -7 3.5640260967534716 4.584038001041813
      vertex -7 3.695518130045147 4.869266270539641
      vertex -24.717696097227293 3.695518130045147 4.869266270539641
    endloop
  endfacet
  facet normal 0 -0.9381913359224844 0.3461170570774926
    outer loop
      vertex -7 3.695518130045147 4.869266270539641
      vertex -7 3.804226065180614 5.1639320225002106
      vertex -24.70482966522117 3.804226065180614 5.1639320225002106
    endloop
  endfacet
  facet normal 0 -0.9624552364536474 0.27144044986507376
    outer loop
      vertex -7 3.804226065180614 5.1639320225002106
      vertex -7 3.8894796815907062 5.466218544576379
      vertex -24.694739234771454 3.8894796815907062 5.466218544576379
    endloop
  endfacet
  facet normal 0 -0.9807852804032302 0.19509032201612983
    outer loop
      vertex -7 3.8894796815907062 5.466218544576379
      vertex -7 3.950753362380551 5.7742621398390765
      vertex -24.68427355515725 3.950753362380551 5.7742621398390765
    endloop
  endfacet
  facet normal 0 -0.9930684569549265 0.11753739745783638
    outer loop
      vertex -7 3.950753362380551 5.7742621398390765
      vertex -7 3.977471198804813 6
      vertex -24.68427355515725 3.950753362380551 5.7742621398390765
    endloop
  endfacet
  facet normal -1 0 0
    outer loop
      vertex -7 2.089994258863795 2.9894393425836316
      vertex -7 -3.977471198804813 6
      vertex -7 2.3511410091698925 3.1639320225002106
    endloop
  endfacet
  facet normal -1 0 0
    outer loop
      vertex -7 2.3511410091698925 3.1639320225002106
      vertex -7 -3.977471198804813 6
      vertex -7 2.5977921933207346 3.3583761375998766
    endloop
  endfacet
  facet normal -1 0 0
    outer loop
      vertex -7 2.5977921933207346 3.3583761375998766
      vertex -7 -3.977471198804813 6
      vertex -7 2.8284271247461903 3.57157287525381
    endloop
  endfacet
  facet normal -1 0 0
    outer loop
      vertex -7 2.8284271247461903 3.57157287525381
      vertex -7 -3.977471198804813 6
      vertex -7 3.0416238624001237 3.8022078066792657
    endloop
  endfacet
  facet normal -1 0 0
    outer loop
      vertex -7 3.0416238624001237 3.8022078066792657
      vertex -7 -3.977471198804813 6
      vertex -7 3.23606797749979 4.048858990830108
    endloop
  endfacet
  facet normal -1 0 0
    outer loop
      vertex -7 3.23606797749979 4.048858990830108
      vertex -7 -3.977471198804813 6
      vertex -7 3.4105606574163687 4.310005741136205
    endloop
  endfacet
  facet normal -1 0 0
    outer loop
      vertex -7 3.4105606574163687 4.310005741136205
      vertex -7 -3.977471198804813 6
      vertex -7 3.5640260967534716 4.584038001041813
    endloop
  endfacet
  facet normal -1 0 0
    outer loop
      vertex -7 3.5640260967534716 4.584038001041813
      vertex -7 -3.977471198804813 6
      vertex -7 3.695518130045147 4.869266270539641
    endloop
  endfacet
  facet normal -1 0 0
    outer loop
      vertex -7 3.695518130045147 4.869266270539641
      vertex -7 -3.977471198804813 6
      vertex -7 3.804226065180614 5.1639320225002106
    endloop
  endfacet
  facet normal -1 0 0
    outer loop
      vertex -7 3.804226065180614 5.1639320225002106
      vertex -7 -3.977471198804813 6
      vertex -7 3.8894796815907062 5.466218544576379
    endloop
  endfacet
  facet normal -1 0 0
    outer loop
      vertex -7 3.8894796815907062 5.466218544576379
      vertex -7 -3.977471198804813 6
      vertex -7 3.950753362380551 5.7742621398390765
    endloop
  endfacet
  facet normal -1 0 0
    outer loop
      vertex -7 3.950753362380551 5.7742621398390765
      vertex -7 -3.977471198804813 6
      vertex -7 3.977471198804813 6
    endloop
  endfacet
  facet normal -0.8314696123025457 -0.5555702330196015 0
    outer loop
      vertex -21.316004108852304 -13.06246411789872 0
      vertex -20.225424859373685 -14.694631307311829 0
      vertex -21.316004108852304 -13.06246411789872 6
    endloop
  endfacet
  facet normal -0.7853169308807452 -0.6190939493098339 0
    outer loop
      vertex -19.010149140000774 -16.23620120825459 0
      vertex -20.225424859373685 -14.694631307311829 6
      vertex -20.225424859373685 -14.694631307311829 0
    endloop
  endfacet
  facet normal -0.6190939493098339 -0.7853169308807452 0
    outer loop
      vertex -16.23620120825459 -19.010149140000774 0
      vertex -14.694631307311829 -20.225424859373685 0
      vertex -14.694631307311829 -20.225424859373685 6
    endloop
  endfacet
  facet normal -0.5555702330196015 -0.8314696123025457 0
    outer loop
      vertex -14.694631307311829 -20.225424859373685 0
      vertex -13.06246411789872 -21.316004108852304 0
      vertex -13.06246411789872 -21.316004108852304 6
    endloop
  endfacet
  facet normal -0.7343225094356858 -0.6788007455329417 0
    outer loop
      vertex -19.010149140000774 -16.23620120825459 0
      vertex -17.67766952966369 -17.67766952966369 0
      vertex -19.010149140000774 -16.23620120825459 6
    endloop
  endfacet
  facet normal -0.6788007455329417 -0.7343225094356858 0
    outer loop
      vertex -16.23620120825459 -19.010149140000774 0
      vertex -16.23620120825459 -19.010149140000774 6
      vertex -17.67766952966369 -17.67766952966369 0
    endloop
  endfacet
  facet normal 0 0 -1
    outer loop
      vertex -22.275163104709197 -11.349762493488669 0
      vertex -23.09698831278217 -9.567085809127244 0
      vertex -22.275163104709197 11.349762493488669 0
    endloop
  endfacet
  facet normal 0 0 -1
    outer loop
      vertex -23.776412907378838 -7.7254248593736845 0
      vertex -24.309248009941914 -5.836134096397635 0
      vertex -23.776412907378838 7.7254248593736845 0
    endloop
  endfacet
  facet normal 0 0 -1
    outer loop
      vertex -24.309248009941914 -5.836134096397635 0
      vertex -24.692208514878445 -3.910861626005772 0
      vertex -24.309248009941914 5.836134096397635 0
    endloop
  endfacet
  facet normal 0 0 -1
    outer loop
      vertex -24.692208514878445 -3.910861626005772 0
      vertex -24.9229333433282 -1.9614773931961236 0
      vertex -24.692208514878445 3.910861626005772 0
    endloop
  endfacet
  facet normal 0 0 -1
    outer loop
      vertex -23.09698831278217 -9.567085809127244 0
      vertex -23.776412907378838 -7.7254248593736845 0
      vertex -23.09698831278217 9.567085809127244 0
    endloop
  endfacet
  facet normal 0 0 -1
    outer loop
      vertex -21.316004108852304 -13.06246411789872 0
      vertex -22.275163104709197 -11.349762493488669 0
      vertex -21.316004108852304 13.06246411789872 0
    endloop
  endfacet
  facet normal 0 0 -1
    outer loop
      vertex -21.316004108852304 -13.06246411789872 0
      vertex -20.225424859373685 14.694631307311829 0
      vertex -20.225424859373685 -14.694631307311829 0
    endloop
  endfacet
  facet normal 0 0 -1
    outer loop
      vertex -19.010149140000774 -16.23620120825459 0
      vertex -20.225424859373685 -14.694631307311829 0
      vertex -19.010149140000774 16.23620120825459 0
    endloop
  endfacet
  facet normal -0.9930684569549263 -0.11753739745783719 0
    outer loop
      vertex -24.692208514878445 -3.910861626005772 0
      vertex -24.9229333433282 -1.9614773931961236 2.917466439616987
      vertex -24.9229333433282 -1.9614773931961236 0
    endloop
  endfacet
  facet normal -0.9992290362407229 -0.039259815759068256 -1.1722632091161035e-16
    outer loop
      vertex -24.9229333433282 -1.9614773931961236 0
      vertex -24.987669334932512 -0.3138363829113798 2.4123306650674885
      vertex -25 0 0
    endloop
  endfacet
  facet normal 0 0 -1
    outer loop
      vertex -16.23620120825459 -19.010149140000774 0
      vertex -14.694631307311829 20.225424859373685 0
      vertex -14.694631307311829 -20.225424859373685 0
    endloop
  endfacet
  facet normal 0 0 -1
    outer loop
      vertex -14.694631307311829 -20.225424859373685 0
      vertex -13.06246411789872 21.316004108852304 0
      vertex -13.06246411789872 -21.316004108852304 0
    endloop
  endfacet
  facet normal 0 0 -1
    outer loop
      vertex -19.010149140000774 -16.23620120825459 0
      vertex -17.67766952966369 17.67766952966369 0
      vertex -17.67766952966369 -17.67766952966369 0
    endloop
  endfacet
  facet normal 0 0 -1
    outer loop
      vertex -16.23620120825459 -19.010149140000774 0
      vertex -17.67766952966369 -17.67766952966369 0
      vertex -16.23620120825459 19.010149140000774 0
    endloop
  endfacet
  facet normal -0.8724960070727967 -0.48862124149695546 0
    outer loop
      vertex -21.316004108852304 -13.06246411789872 0
      vertex -22.275163104709197 -11.349762493488669 6
      vertex -22.275163104709197 -11.349762493488669 0
    endloop
  endfacet
  facet normal -0.9081431738250813 -0.4186597375374284 0
    outer loop
      vertex -22.275163104709197 -11.349762493488669 0
      vertex -23.09698831278217 -9.567085809127244 6
      vertex -23.09698831278217 -9.567085809127244 0
    endloop
  endfacet
  facet normal -0.9381913359224846 -0.34611705707749174 0
    outer loop
      vertex -23.09698831278217 -9.567085809127244 0
      vertex -23.776412907378838 -7.7254248593736845 6
      vertex -23.776412907378838 -7.7254248593736845 0
    endloop
  endfacet
  facet normal -0.9624552364536472 -0.2714404498650748 0
    outer loop
      vertex -23.776412907378838 -7.7254248593736845 0
      vertex -24.309248009941914 -5.836134096397635 6
      vertex -24.309248009941914 -5.836134096397635 0
    endloop
  endfacet
  facet normal -0.9807852804032302 -0.1950903220161295 0
    outer loop
      vertex -24.309248009941914 -5.836134096397635 0
      vertex -24.692208514878445 -3.910861626005772 5.5737128381526775
      vertex -24.692208514878445 -3.910861626005772 0
    endloop
  endfacet
  facet normal -0.999229036240723 -0.03925981575906834 -5.670142520619875e-16
    outer loop
      vertex -24.9229333433282 -1.9614773931961236 0
      vertex -24.939857307969255 -1.5307337294603591 2.7044818699548534
      vertex -24.95143475689528 -1.2360679774997896 2.5957739348193862
    endloop
  endfacet
  facet normal -0.9992290362407229 -0.03925981575906889 -4.8147633348181e-16
    outer loop
      vertex -24.9229333433282 -1.9614773931961236 0
      vertex -24.928650658739073 -1.815961998958187 2.8359739032465288
      vertex -24.939857307969255 -1.5307337294603591 2.7044818699548534
    endloop
  endfacet
  facet normal -0.9992290362407229 -0.039259815759068686 -1.575201780403873e-16
    outer loop
      vertex -24.9229333433282 -1.9614773931961236 0
      vertex -24.96331162669463 -0.9337814554236216 2.510520318409294
      vertex -24.97541469251553 -0.6257378601609235 2.4492466376194493
    endloop
  endfacet
  facet normal -0.999229036240723 -0.03925981575906634 -1.4323500601835773e-15
    outer loop
      vertex -24.9229333433282 -1.9614773931961236 0
      vertex -24.97541469251553 -0.6257378601609235 2.4492466376194493
      vertex -24.987669334932512 -0.3138363829113798 2.4123306650674885
    endloop
  endfacet
  facet normal -0.9992290362407229 -0.039259815759067354 0
    outer loop
      vertex -25 0 0
      vertex -24.987669334932512 -0.3138363829113798 2.4123306650674885
      vertex -25 0 2.4000000000000004
    endloop
  endfacet
  facet normal -0.9992290362407231 -0.03925981575906621 -1.1671788852696439e-15
    outer loop
      vertex -24.9229333433282 -1.9614773931961236 0
      vertex -24.95143475689528 -1.2360679774997896 2.5957739348193862
      vertex -24.96331162669463 -0.9337814554236216 2.510520318409294
    endloop
  endfacet
  facet normal -0.993068456954926 -0.11753739745784088 1.9573090039805547e-15
    outer loop
      vertex -24.692208514878445 -3.910861626005772 0
      vertex -24.87681361514148 -2.3511410091698925 3.1639320225002106
      vertex -24.907722369891047 -2.089994258863795 2.9894393425836316
    endloop
  endfacet
  facet normal -0.993068456954927 -0.11753739745783229 -3.2097088439830487e-15
    outer loop
      vertex -24.692208514878445 -3.910861626005772 0
      vertex -24.907722369891047 -2.089994258863795 2.9894393425836316
      vertex -24.9229333433282 -1.9614773931961236 2.917466439616987
    endloop
  endfacet
  facet normal -0.9992290362407225 -0.039259815759078255 0
    outer loop
      vertex -24.9229333433282 -1.9614773931961236 0
      vertex -24.9229333433282 -1.9614773931961236 2.917466439616987
      vertex -24.928650658739073 -1.815961998958187 2.8359739032465288
    endloop
  endfacet
  facet normal -0.9930684569549261 -0.1175373974578386 8.393592641954245e-16
    outer loop
      vertex -24.692208514878445 -3.910861626005772 0
      vertex -24.847620523706595 -2.5977921933207346 3.3583761375998766
      vertex -24.87681361514148 -2.3511410091698925 3.1639320225002106
    endloop
  endfacet
  facet normal -0.9930684569549264 -0.11753739745783674 -4.634324400290505e-16
    outer loop
      vertex -24.692208514878445 -3.910861626005772 0
      vertex -24.795089583943472 -3.0416238624001237 3.8022078066792657
      vertex -24.82032308070278 -2.8284271247461903 3.57157287525381
    endloop
  endfacet
  facet normal -0.9930684569549254 -0.11753739745784426 1.2716373681285194e-15
    outer loop
      vertex -24.692208514878445 -3.910861626005772 0
      vertex -24.772075606327178 -3.23606797749979 4.048858990830108
      vertex -24.795089583943472 -3.0416238624001237 3.8022078066792657
    endloop
  endfacet
  facet normal -0.9930684569549256 -0.11753739745784236 9.289560952692685e-16
    outer loop
      vertex -24.692208514878445 -3.910861626005772 0
      vertex -24.75142303667883 -3.4105606574163687 4.310005741136205
      vertex -24.772075606327178 -3.23606797749979 4.048858990830108
    endloop
  endfacet
  facet normal -0.9930684569549278 -0.11753739745782533 -1.0657176245248958e-15
    outer loop
      vertex -24.692208514878445 -3.910861626005772 0
      vertex -24.73325920495799 -3.5640260967534716 4.584038001041813
      vertex -24.75142303667883 -3.4105606574163687 4.310005741136205
    endloop
  endfacet
  facet normal -0.9930684569549271 -0.11753739745782997 -2.561583506828441e-15
    outer loop
      vertex -24.692208514878445 -3.910861626005772 0
      vertex -24.82032308070278 -2.8284271247461903 3.57157287525381
      vertex -24.847620523706595 -2.5977921933207346 3.3583761375998766
    endloop
  endfacet
  facet normal 0 0 -1
    outer loop
      vertex -5.836134096397635 -24.309248009941914 0
      vertex -3.899331716810129 -1.2669696769372842 0
      vertex -3.910861626005772 -24.692208514878445 0
    endloop
  endfacet
  facet normal 0 0 -1
    outer loop
      vertex -3.910861626005772 -24.692208514878445 0
      vertex -1.8613610489321415 -3.653126749172308 0
      vertex -1.9614773931961236 -24.9229333433282 0
    endloop
  endfacet
  facet normal 0 0 -1
    outer loop
      vertex -1.9614773931961236 -24.9229333433282 0
      vertex 0 -4.1 0
      vertex 0 -25 0
    endloop
  endfacet
  facet normal -0.48862124149695546 -0.8724960070727967 0
    outer loop
      vertex -13.06246411789872 -21.316004108852304 0
      vertex -11.349762493488669 -22.275163104709197 0
      vertex -11.349762493488669 -22.275163104709197 6
    endloop
  endfacet
  facet normal -0.4186597375374284 -0.9081431738250813 0
    outer loop
      vertex -11.349762493488669 -22.275163104709197 0
      vertex -9.567085809127244 -23.09698831278217 0
      vertex -9.567085809127244 -23.09698831278217 6
    endloop
  endfacet
  facet normal -0.34611705707749174 -0.9381913359224846 0
    outer loop
      vertex -9.567085809127244 -23.09698831278217 0
      vertex -7.7254248593736845 -23.776412907378838 0
      vertex -7.7254248593736845 -23.776412907378838 6
    endloop
  endfacet
  facet normal -0.2714404498650748 -0.9624552364536472 0
    outer loop
      vertex -7.7254248593736845 -23.776412907378838 0
      vertex -5.836134096397635 -24.309248009941914 0
      vertex -5.836134096397635 -24.309248009941914 6
    endloop
  endfacet
  facet normal -0.19509032201612952 -0.9807852804032303 0
    outer loop
      vertex -5.836134096397635 -24.309248009941914 0
      vertex -3.910861626005772 -24.692208514878445 0
      vertex -3.910861626005772 -24.692208514878445 6
    endloop
  endfacet
  facet normal -0.11753739745783721 -0.9930684569549264 0
    outer loop
      vertex -3.910861626005772 -24.692208514878445 0
      vertex -1.9614773931961236 -24.9229333433282 0
      vertex -1.9614773931961236 -24.9229333433282 6
    endloop
  endfacet
  facet normal -0.039259815759068256 -0.999229036240723 0
    outer loop
      vertex -1.9614773931961236 -24.9229333433282 0
      vertex 0 -25 0
      vertex 0 -25 6
    endloop
  endfacet
  facet normal 0 0 -1
    outer loop
      vertex -13.06246411789872 -21.316004108852304 0
      vertex -11.349762493488669 22.275163104709197 0
      vertex -11.349762493488669 -22.275163104709197 0
    endloop
  endfacet
  facet normal 0 0 -1
    outer loop
      vertex -11.349762493488669 -22.275163104709197 0
      vertex -9.567085809127244 23.09698831278217 0
      vertex -9.567085809127244 -23.09698831278217 0
    endloop
  endfacet
  facet normal 0 0 -1
    outer loop
      vertex -9.567085809127244 -23.09698831278217 0
      vertex -7.7254248593736845 23.776412907378838 0
      vertex -7.7254248593736845 -23.776412907378838 0
    endloop
  endfacet
  facet normal 0 0 -1
    outer loop
      vertex -7.7254248593736845 -23.776412907378838 0
      vertex -5.836134096397635 24.309248009941914 0
      vertex -5.836134096397635 -24.309248009941914 0
    endloop
  endfacet
  facet normal 0 0 -1
    outer loop
      vertex -3.910861626005772 -24.692208514878445 0
      vertex -2.899137802864845 -2.899137802864845 0
      vertex -2.6627369981537528 -3.1176644589601263 0
    endloop
  endfacet
  facet normal 0 0 -1
    outer loop
      vertex -3.910861626005772 -24.692208514878445 0
      vertex -3.4958246738517778 -2.14224411533539 0
      vertex -3.3169696769372843 -2.4099195343991395 0
    endloop
  endfacet
  facet normal 0 0 -1
    outer loop
      vertex -3.910861626005772 -24.692208514878445 0
      vertex -3.653126749172308 -1.8613610489321415 0
      vertex -3.4958246738517778 -2.14224411533539 0
    endloop
  endfacet
  facet normal 0 0 -1
    outer loop
      vertex -3.910861626005772 -24.692208514878445 0
      vertex -3.3169696769372843 -2.4099195343991395 0
      vertex -3.1176644589601263 -2.6627369981537528 0
    endloop
  endfacet
  facet normal 0 0 -1
    outer loop
      vertex -3.910861626005772 -24.692208514878445 0
      vertex -3.1176644589601263 -2.6627369981537528 0
      vertex -2.899137802864845 -2.899137802864845 0
    endloop
  endfacet
  facet normal 0 0 -1
    outer loop
      vertex -5.836134096397635 -24.309248009941914 0
      vertex -3.9867166736304736 -0.957125991809212 0
      vertex -3.899331716810129 -1.2669696769372842 0
    endloop
  endfacet
  facet normal 0 0 -1
    outer loop
      vertex -5.836134096397635 -24.309248009941914 0
      vertex -4.049522196440065 -0.6413813066649465 0
      vertex -3.9867166736304736 -0.957125991809212 0
    endloop
  endfacet
  facet normal 0 0 -1
    outer loop
      vertex -5.836134096397635 -24.309248009941914 0
      vertex -4.087361068305825 -0.32168229248416425 0
      vertex -4.049522196440065 -0.6413813066649465 0
    endloop
  endfacet
  facet normal 0 0 -1
    outer loop
      vertex -5.836134096397635 -24.309248009941914 0
      vertex -4.1 0 0
      vertex -4.087361068305825 -0.32168229248416425 0
    endloop
  endfacet
  facet normal 0 0 -1
    outer loop
      vertex -3.910861626005772 -24.692208514878445 0
      vertex -3.787906083296275 -1.5690020726968679 0
      vertex -3.653126749172308 -1.8613610489321415 0
    endloop
  endfacet
  facet normal 0 0 -1
    outer loop
      vertex -3.910861626005772 -24.692208514878445 0
      vertex -3.899331716810129 -1.2669696769372842 0
      vertex -3.787906083296275 -1.5690020726968679 0
    endloop
  endfacet
  facet normal 0 0 -1
    outer loop
      vertex -3.910861626005772 -24.692208514878445 0
      vertex -2.6627369981537528 -3.1176644589601263 0
      vertex -2.4099195343991395 -3.3169696769372843 0
    endloop
  endfacet
  facet normal 0 0 -1
    outer loop
      vertex -3.910861626005772 -24.692208514878445 0
      vertex -2.4099195343991395 -3.3169696769372843 0
      vertex -2.14224411533539 -3.4958246738517778 0
    endloop
  endfacet
  facet normal 0 0 -1
    outer loop
      vertex -3.910861626005772 -24.692208514878445 0
      vertex -2.14224411533539 -3.4958246738517778 0
      vertex -1.8613610489321415 -3.653126749172308 0
    endloop
  endfacet
  facet normal 0 0 -1
    outer loop
      vertex -1.9614773931961236 -24.9229333433282 0
      vertex -1.8613610489321415 -3.653126749172308 0
      vertex -1.5690020726968679 -3.787906083296275 0
    endloop
  endfacet
  facet normal 0 0 -1
    outer loop
      vertex -1.9614773931961236 -24.9229333433282 0
      vertex -1.5690020726968679 -3.787906083296275 0
      vertex -1.2669696769372842 -3.899331716810129 0
    endloop
  endfacet
  facet normal 0 0 -1
    outer loop
      vertex -1.9614773931961236 -24.9229333433282 0
      vertex -0.957125991809212 -3.9867166736304736 0
      vertex -0.6413813066649465 -4.049522196440065 0
    endloop
  endfacet
  facet normal 0 0 -1
    outer loop
      vertex -1.9614773931961236 -24.9229333433282 0
      vertex -0.6413813066649465 -4.049522196440065 0
      vertex -0.32168229248416425 -4.087361068305825 0
    endloop
  endfacet
  facet normal 0 0 -1
    outer loop
      vertex -1.9614773931961236 -24.9229333433282 0
      vertex -0.32168229248416425 -4.087361068305825 0
      vertex 0 -4.1 0
    endloop
  endfacet
  facet normal 0 0 -1
    outer loop
      vertex -1.9614773931961236 -24.9229333433282 0
      vertex -1.2669696769372842 -3.899331716810129 0
      vertex -0.957125991809212 -3.9867166736304736 0
    endloop
  endfacet
  facet normal -0.7853169308807452 -0.6190939493098339 0
    outer loop
      vertex -19.010149140000774 -16.23620120825459 0
      vertex -19.010149140000774 -16.23620120825459 6
      vertex -20.225424859373685 -14.694631307311829 6
    endloop
  endfacet
  facet normal -0.8314696123025457 -0.5555702330196015 0
    outer loop
      vertex -20.225424859373685 -14.694631307311829 0
      vertex -20.225424859373685 -14.694631307311829 6
      vertex -21.316004108852304 -13.06246411789872 6
    endloop
  endfacet
  facet normal -0.6190939493098339 -0.7853169308807452 0
    outer loop
      vertex -16.23620120825459 -19.010149140000774 0
      vertex -14.694631307311829 -20.225424859373685 6
      vertex -16.23620120825459 -19.010149140000774 6
    endloop
  endfacet
  facet normal -0.5555702330196015 -0.8314696123025457 0
    outer loop
      vertex -14.694631307311829 -20.225424859373685 0
      vertex -13.06246411789872 -21.316004108852304 6
      vertex -14.694631307311829 -20.225424859373685 6
    endloop
  endfacet
  facet normal -0.7343225094356858 -0.6788007455329417 0
    outer loop
      vertex -17.67766952966369 -17.67766952966369 0
      vertex -17.67766952966369 -17.67766952966369 6
      vertex -19.010149140000774 -16.23620120825459 6
    endloop
  endfacet
  facet normal -0.6788007455329417 -0.7343225094356858 0
    outer loop
      vertex -17.67766952966369 -17.67766952966369 0
      vertex -16.23620120825459 -19.010149140000774 6
      vertex -17.67766952966369 -17.67766952966369 6
    endloop
  endfacet
  facet normal 0 0 1
    outer loop
      vertex -19.010149140000774 -16.23620120825459 6
      vertex -17.67766952966369 -17.67766952966369 6
      vertex -24.67895904706284 -3.977471198804813 6
    endloop
  endfacet
  facet normal 0 0 1
    outer loop
      vertex -16.23620120825459 -19.010149140000774 6
      vertex -24.67895904706284 -3.977471198804813 6
      vertex -17.67766952966369 -17.67766952966369 6
    endloop
  endfacet
  facet normal 0 0 1
    outer loop
      vertex -13.06246411789872 -21.316004108852304 6
      vertex -11.349762493488669 -22.275163104709197 6
      vertex -24.67895904706284 -3.977471198804813 6
    endloop
  endfacet
  facet normal 0 0 1
    outer loop
      vertex -16.23620120825459 -19.010149140000774 6
      vertex -14.694631307311829 -20.225424859373685 6
      vertex -24.67895904706284 -3.977471198804813 6
    endloop
  endfacet
  facet normal 0 0 1
    outer loop
      vertex -14.694631307311829 -20.225424859373685 6
      vertex -13.06246411789872 -21.316004108852304 6
      vertex -24.67895904706284 -3.977471198804813 6
    endloop
  endfacet
  facet normal 0 0 1
    outer loop
      vertex -11.349762493488669 -22.275163104709197 6
      vertex -9.567085809127244 -23.09698831278217 6
      vertex -24.67895904706284 -3.977471198804813 6
    endloop
  endfacet
  facet normal 0 0 1
    outer loop
      vertex -9.567085809127244 -23.09698831278217 6
      vertex -7.7254248593736845 -23.776412907378838 6
      vertex -24.67895904706284 -3.977471198804813 6
    endloop
  endfacet
  facet normal -0.9081431738250813 -0.4186597375374284 0
    outer loop
      vertex -22.275163104709197 -11.349762493488669 0
      vertex -22.275163104709197 -11.349762493488669 6
      vertex -23.09698831278217 -9.567085809127244 6
    endloop
  endfacet
  facet normal -0.9624552364536472 -0.2714404498650748 0
    outer loop
      vertex -23.776412907378838 -7.7254248593736845 0
      vertex -23.776412907378838 -7.7254248593736845 6
      vertex -24.309248009941914 -5.836134096397635 6
    endloop
  endfacet
  facet normal -0.9381913359224846 -0.34611705707749174 0
    outer loop
      vertex -23.09698831278217 -9.567085809127244 0
      vertex -23.09698831278217 -9.567085809127244 6
      vertex -23.776412907378838 -7.7254248593736845 6
    endloop
  endfacet
  facet normal -0.8724960070727967 -0.48862124149695546 0
    outer loop
      vertex -21.316004108852304 -13.06246411789872 0
      vertex -21.316004108852304 -13.06246411789872 6
      vertex -22.275163104709197 -11.349762493488669 6
    endloop
  endfacet
  facet normal -0.9930684569549244 -0.11753739745785326 1.0753186243798018e-15
    outer loop
      vertex -24.692208514878445 -3.910861626005772 0
      vertex -24.717696097227293 -3.695518130045147 4.869266270539641
      vertex -24.73325920495799 -3.5640260967534716 4.584038001041813
    endloop
  endfacet
  facet normal -0.9930684569549275 -0.11753739745782725 -9.008986938665894e-17
    outer loop
      vertex -24.692208514878445 -3.910861626005772 0
      vertex -24.70482966522117 -3.804226065180614 5.1639320225002106
      vertex -24.717696097227293 -3.695518130045147 4.869266270539641
    endloop
  endfacet
  facet normal -0.9930684569549284 -0.11753739745781962 -2.4964329654829434e-16
    outer loop
      vertex -24.692208514878445 -3.910861626005772 0
      vertex -24.694739234771454 -3.8894796815907062 5.466218544576379
      vertex -24.70482966522117 -3.804226065180614 5.1639320225002106
    endloop
  endfacet
  facet normal -0.993068456954921 -0.11753739745788258 0
    outer loop
      vertex -24.692208514878445 -3.910861626005772 0
      vertex -24.692208514878445 -3.910861626005772 5.5737128381526775
      vertex -24.694739234771454 -3.8894796815907062 5.466218544576379
    endloop
  endfacet
  facet normal -0.9807852804032303 -0.19509032201612891 0
    outer loop
      vertex -24.309248009941914 -5.836134096397635 0
      vertex -24.309248009941914 -5.836134096397635 6
      vertex -24.68427355515725 -3.950753362380551 5.7742621398390765
    endloop
  endfacet
  facet normal -0.9807852804032283 -0.19509032201613896 3.5791852607732625e-15
    outer loop
      vertex -24.309248009941914 -5.836134096397635 0
      vertex -24.68427355515725 -3.950753362380551 5.7742621398390765
      vertex -24.692208514878445 -3.910861626005772 5.5737128381526775
    endloop
  endfacet
  facet normal 0 0 1
    outer loop
      vertex -21.316004108852304 -13.06246411789872 6
      vertex -24.67895904706284 -3.977471198804813 6
      vertex -22.275163104709197 -11.349762493488669 6
    endloop
  endfacet
  facet normal 0 0 1
    outer loop
      vertex -21.316004108852304 -13.06246411789872 6
      vertex -20.225424859373685 -14.694631307311829 6
      vertex -24.67895904706284 -3.977471198804813 6
    endloop
  endfacet
  facet normal 0 0 1
    outer loop
      vertex -23.09698831278217 -9.567085809127244 6
      vertex -24.67895904706284 -3.977471198804813 6
      vertex -23.776412907378838 -7.7254248593736845 6
    endloop
  endfacet
  facet normal 0 0 1
    outer loop
      vertex -22.275163104709197 -11.349762493488669 6
      vertex -24.67895904706284 -3.977471198804813 6
      vertex -23.09698831278217 -9.567085809127244 6
    endloop
  endfacet
  facet normal 0 0 1
    outer loop
      vertex -19.010149140000774 -16.23620120825459 6
      vertex -24.67895904706284 -3.977471198804813 6
      vertex -20.225424859373685 -14.694631307311829 6
    endloop
  endfacet
  facet normal 0 0 1
    outer loop
      vertex -23.776412907378838 -7.7254248593736845 6
      vertex -24.67895904706284 -3.977471198804813 6
      vertex -24.309248009941914 -5.836134096397635 6
    endloop
  endfacet
  facet normal -0.9807852804032302 -0.19509032201612952 -5.1904992330874805e-15
    outer loop
      vertex -24.309248009941914 -5.836134096397635 6
      vertex -24.67895904706284 -3.977471198804813 6
      vertex -24.68427355515725 -3.950753362380551 5.7742621398390765
    endloop
  endfacet
  facet normal 0 0 1
    outer loop
      vertex -7.7254248593736845 -23.776412907378838 6
      vertex -7 -3.977471198804813 6
      vertex -24.67895904706284 -3.977471198804813 6
    endloop
  endfacet
  facet normal -0.4186597375374284 -0.9081431738250813 0
    outer loop
      vertex -11.349762493488669 -22.275163104709197 0
      vertex -9.567085809127244 -23.09698831278217 6
      vertex -11.349762493488669 -22.275163104709197 6
    endloop
  endfacet
  facet normal -0.48862124149695546 -0.8724960070727967 0
    outer loop
      vertex -13.06246411789872 -21.316004108852304 0
      vertex -11.349762493488669 -22.275163104709197 6
      vertex -13.06246411789872 -21.316004108852304 6
    endloop
  endfacet
  facet normal -0.34611705707749174 -0.9381913359224846 0
    outer loop
      vertex -9.567085809127244 -23.09698831278217 0
      vertex -7.7254248593736845 -23.776412907378838 6
      vertex -9.567085809127244 -23.09698831278217 6
    endloop
  endfacet
  facet normal -0.2714404498650748 -0.9624552364536472 0
    outer loop
      vertex -7.7254248593736845 -23.776412907378838 0
      vertex -5.836134096397635 -24.309248009941914 6
      vertex -7.7254248593736845 -23.776412907378838 6
    endloop
  endfacet
  facet normal -0.19509032201612952 -0.9807852804032303 0
    outer loop
      vertex -5.836134096397635 -24.309248009941914 0
      vertex -3.910861626005772 -24.692208514878445 6
      vertex -5.836134096397635 -24.309248009941914 6
    endloop
  endfacet
  facet normal -0.11753739745783721 -0.9930684569549264 0
    outer loop
      vertex -3.910861626005772 -24.692208514878445 0
      vertex -1.9614773931961236 -24.9229333433282 6
      vertex -3.910861626005772 -24.692208514878445 6
    endloop
  endfacet
  facet normal -0.039259815759068256 -0.999229036240723 0
    outer loop
      vertex -1.9614773931961236 -24.9229333433282 0
      vertex 0 -25 6
      vertex -1.9614773931961236 -24.9229333433282 6
    endloop
  endfacet
  facet normal 0 0 1
    outer loop
      vertex -7.7254248593736845 -23.776412907378838 6
      vertex -5.836134096397635 -24.309248009941914 6
      vertex -7 -3.977471198804813 6
    endloop
  endfacet
  facet normal 0 0 1
    outer loop
      vertex -3.910861626005772 -24.692208514878445 6
      vertex -1.9614773931961236 -24.9229333433282 6
      vertex -2.899137802864845 -2.899137802864845 6
    endloop
  endfacet
  facet normal 0 0 1
    outer loop
      vertex -1.9614773931961236 -24.9229333433282 6
      vertex 0 -25 6
      vertex -0.957125991809212 -3.9867166736304736 6
    endloop
  endfacet
  facet normal 0 0 1
    outer loop
      vertex -5.836134096397635 -24.309248009941914 6
      vertex -7 3.977471198804813 6
      vertex -7 -3.977471198804813 6
    endloop
  endfacet
  facet normal 0 0 1
    outer loop
      vertex -3.910861626005772 -24.692208514878445 6
      vertex -3.3169696769372843 -2.4099195343991395 6
      vertex -3.4958246738517778 -2.14224411533539 6
    endloop
  endfacet
  facet normal 0 0 1
    outer loop
      vertex -3.910861626005772 -24.692208514878445 6
      vertex -3.4958246738517778 -2.14224411533539 6
      vertex -3.653126749172308 -1.8613610489321415 6
    endloop
  endfacet
  facet normal 0 0 1
    outer loop
      vertex -3.910861626005772 -24.692208514878445 6
      vertex -3.1176644589601263 -2.6627369981537528 6
      vertex -3.3169696769372843 -2.4099195343991395 6
    endloop
  endfacet
  facet normal 0 0 1
    outer loop
      vertex -3.910861626005772 -24.692208514878445 6
      vertex -2.899137802864845 -2.899137802864845 6
      vertex -3.1176644589601263 -2.6627369981537528 6
    endloop
  endfacet
  facet normal 0 0 1
    outer loop
      vertex -5.836134096397635 -24.309248009941914 6
      vertex -3.910861626005772 -24.692208514878445 6
      vertex -5.836134096397635 24.309248009941914 6
    endloop
  endfacet
  facet normal 0 0 1
    outer loop
      vertex -3.910861626005772 -24.692208514878445 6
      vertex -3.899331716810129 -1.2669696769372842 6
      vertex -3.9867166736304736 -0.957125991809212 6
    endloop
  endfacet
  facet normal 0 0 1
    outer loop
      vertex -3.910861626005772 -24.692208514878445 6
      vertex -3.9867166736304736 -0.957125991809212 6
      vertex -4.049522196440065 -0.6413813066649465 6
    endloop
  endfacet
  facet normal 0 0 1
    outer loop
      vertex -3.910861626005772 -24.692208514878445 6
      vertex -4.049522196440065 -0.6413813066649465 6
      vertex -4.087361068305825 -0.32168229248416425 6
    endloop
  endfacet
  facet normal 0 0 1
    outer loop
      vertex -3.910861626005772 -24.692208514878445 6
      vertex -4.087361068305825 -0.32168229248416425 6
      vertex -4.1 0 6
    endloop
  endfacet
  facet normal 0 0 1
    outer loop
      vertex -3.910861626005772 -24.692208514878445 6
      vertex -3.653126749172308 -1.8613610489321415 6
      vertex -3.787906083296275 -1.5690020726968679 6
    endloop
  endfacet
  facet normal 0 0 1
    outer loop
      vertex -3.910861626005772 -24.692208514878445 6
      vertex -3.787906083296275 -1.5690020726968679 6
      vertex -3.899331716810129 -1.2669696769372842 6
    endloop
  endfacet
  facet normal 0 0 1
    outer loop
      vertex -1.9614773931961236 -24.9229333433282 6
      vertex -2.4099195343991395 -3.3169696769372843 6
      vertex -2.6627369981537528 -3.1176644589601263 6
    endloop
  endfacet
  facet normal 0 0 1
    outer loop
      vertex -1.9614773931961236 -24.9229333433282 6
      vertex -2.6627369981537528 -3.1176644589601263 6
      vertex -2.899137802864845 -2.899137802864845 6
    endloop
  endfacet
  facet normal 0 0 1
    outer loop
      vertex -1.9614773931961236 -24.9229333433282 6
      vertex -2.14224411533539 -3.4958246738517778 6
      vertex -2.4099195343991395 -3.3169696769372843 6
    endloop
  endfacet
  facet normal 0 0 1
    outer loop
      vertex -1.9614773931961236 -24.9229333433282 6
      vertex -1.8613610489321415 -3.653126749172308 6
      vertex -2.14224411533539 -3.4958246738517778 6
    endloop
  endfacet
  facet normal 0 0 1
    outer loop
      vertex -1.9614773931961236 -24.9229333433282 6
      vertex -1.5690020726968679 -3.787906083296275 6
      vertex -1.8613610489321415 -3.653126749172308 6
    endloop
  endfacet
  facet normal 0 0 1
    outer loop
      vertex -1.9614773931961236 -24.9229333433282 6
      vertex -1.2669696769372842 -3.899331716810129 6
      vertex -1.5690020726968679 -3.787906083296275 6
    endloop
  endfacet
  facet normal 0 0 1
    outer loop
      vertex 0 -25 6
      vertex -0.6413813066649465 -4.049522196440065 6
      vertex -0.957125991809212 -3.9867166736304736 6
    endloop
  endfacet
  facet normal 0 0 1
    outer loop
      vertex 0 -25 6
      vertex -0.32168229248416425 -4.087361068305825 6
      vertex -0.6413813066649465 -4.049522196440065 6
    endloop
  endfacet
  facet normal 0 0 1
    outer loop
      vertex 0 -25 6
      vertex 0 -4.1 6
      vertex -0.32168229248416425 -4.087361068305825 6
    endloop
  endfacet
  facet normal 0 0 1
    outer loop
      vertex -1.9614773931961236 -24.9229333433282 6
      vertex -0.957125991809212 -3.9867166736304736 6
      vertex -1.2669696769372842 -3.899331716810129 6
    endloop
  endfacet
  facet normal 0 0 1
    outer loop
      vertex -3.910861626005772 -24.692208514878445 6
      vertex -4.1 0 6
      vertex -5.836134096397635 24.309248009941914 6
    endloop
  endfacet
  facet normal 0 0 -1
    outer loop
      vertex -24.9229333433282 -1.9614773931961236 0
      vertex -25 0 0
      vertex -24.9229333433282 1.9614773931961236 0
    endloop
  endfacet
  facet normal 0 0 -1
    outer loop
      vertex -24.9229333433282 -1.9614773931961236 0
      vertex -24.9229333433282 1.9614773931961236 0
      vertex -24.692208514878445 3.910861626005772 0
    endloop
  endfacet
  facet normal 0 0 -1
    outer loop
      vertex -24.692208514878445 -3.910861626005772 0
      vertex -24.692208514878445 3.910861626005772 0
      vertex -24.309248009941914 5.836134096397635 0
    endloop
  endfacet
  facet normal 0 0 -1
    outer loop
      vertex -24.309248009941914 -5.836134096397635 0
      vertex -24.309248009941914 5.836134096397635 0
      vertex -23.776412907378838 7.7254248593736845 0
    endloop
  endfacet
  facet normal 0 0 -1
    outer loop
      vertex -23.776412907378838 -7.7254248593736845 0
      vertex -23.776412907378838 7.7254248593736845 0
      vertex -23.09698831278217 9.567085809127244 0
    endloop
  endfacet
  facet normal 0 0 -1
    outer loop
      vertex -23.09698831278217 -9.567085809127244 0
      vertex -23.09698831278217 9.567085809127244 0
      vertex -22.275163104709197 11.349762493488669 0
    endloop
  endfacet
  facet normal 0 0 -1
    outer loop
      vertex -22.275163104709197 -11.349762493488669 0
      vertex -22.275163104709197 11.349762493488669 0
      vertex -21.316004108852304 13.06246411789872 0
    endloop
  endfacet
  facet normal 0 0 -1
    outer loop
      vertex -21.316004108852304 -13.06246411789872 0
      vertex -21.316004108852304 13.06246411789872 0
      vertex -20.225424859373685 14.694631307311829 0
    endloop
  endfacet
  facet normal 0 0 -1
    outer loop
      vertex -20.225424859373685 -14.694631307311829 0
      vertex -20.225424859373685 14.694631307311829 0
      vertex -19.010149140000774 16.23620120825459 0
    endloop
  endfacet
  facet normal -0.999229036240723 0.03925981575906826 -3.238441684843585e-16
    outer loop
      vertex -25 0 0
      vertex -24.96331162669463 0.9337814554236216 2.510520318409294
      vertex -24.9229333433282 1.9614773931961236 0
    endloop
  endfacet
  facet normal -0.9930684569549264 0.1175373974578372 3.280606403711785e-16
    outer loop
      vertex -24.9229333433282 1.9614773931961236 0
      vertex -24.75142303667883 3.4105606574163687 4.310005741136205
      vertex -24.692208514878445 3.910861626005772 0
    endloop
  endfacet
  facet normal 0 0 -1
    outer loop
      vertex -19.010149140000774 -16.23620120825459 0
      vertex -19.010149140000774 16.23620120825459 0
      vertex -17.67766952966369 17.67766952966369 0
    endloop
  endfacet
  facet normal 0 0 -1
    outer loop
      vertex -17.67766952966369 -17.67766952966369 0
      vertex -17.67766952966369 17.67766952966369 0
      vertex -16.23620120825459 19.010149140000774 0
    endloop
  endfacet
  facet normal 0 0 -1
    outer loop
      vertex -16.23620120825459 -19.010149140000774 0
      vertex -16.23620120825459 19.010149140000774 0
      vertex -14.694631307311829 20.225424859373685 0
    endloop
  endfacet
  facet normal 0 0 -1
    outer loop
      vertex -14.694631307311829 -20.225424859373685 0
      vertex -14.694631307311829 20.225424859373685 0
      vertex -13.06246411789872 21.316004108852304 0
    endloop
  endfacet
  facet normal -0.9992290362407229 0.039259815759067354 0
    outer loop
      vertex -25 0 0
      vertex -25 0 2.4000000000000004
      vertex -24.987669334932512 0.3138363829113798 2.4123306650674885
    endloop
  endfacet
  facet normal -0.999229036240723 0.03925981575906614 1.6027687814337056e-16
    outer loop
      vertex -25 0 0
      vertex -24.987669334932512 0.3138363829113798 2.4123306650674885
      vertex -24.97541469251553 0.6257378601609235 2.4492466376194493
    endloop
  endfacet
  facet normal -0.9992290362407229 0.039259815759068784 -5.179825126524772e-16
    outer loop
      vertex -25 0 0
      vertex -24.97541469251553 0.6257378601609235 2.4492466376194493
      vertex -24.96331162669463 0.9337814554236216 2.510520318409294
    endloop
  endfacet
  facet normal -0.9992290362407231 0.03925981575906621 -1.1671788852696439e-15
    outer loop
      vertex -24.9229333433282 1.9614773931961236 0
      vertex -24.96331162669463 0.9337814554236216 2.510520318409294
      vertex -24.95143475689528 1.2360679774997896 2.5957739348193862
    endloop
  endfacet
  facet normal -0.999229036240723 0.03925981575906834 -5.670142520619875e-16
    outer loop
      vertex -24.9229333433282 1.9614773931961236 0
      vertex -24.95143475689528 1.2360679774997896 2.5957739348193862
      vertex -24.939857307969255 1.5307337294603591 2.7044818699548534
    endloop
  endfacet
  facet normal -0.9992290362407229 0.03925981575906889 -4.8147633348181e-16
    outer loop
      vertex -24.9229333433282 1.9614773931961236 0
      vertex -24.939857307969255 1.5307337294603591 2.7044818699548534
      vertex -24.928650658739073 1.815961998958187 2.8359739032465288
    endloop
  endfacet
  facet normal -0.9992290362407226 0.039259815759078255 0
    outer loop
      vertex -24.9229333433282 1.9614773931961236 0
      vertex -24.928650658739073 1.815961998958187 2.8359739032465288
      vertex -24.9229333433282 1.9614773931961236 2.9174664396169874
    endloop
  endfacet
  facet normal -0.9930684569549272 0.11753739745783062 0
    outer loop
      vertex -24.9229333433282 1.9614773931961236 0
      vertex -24.9229333433282 1.9614773931961236 2.9174664396169874
      vertex -24.907722369891047 2.089994258863795 2.9894393425836316
    endloop
  endfacet
  facet normal -0.9930684569549257 0.11753739745784247 -5.157257369306974e-16
    outer loop
      vertex -24.9229333433282 1.9614773931961236 0
      vertex -24.907722369891047 2.089994258863795 2.9894393425836316
      vertex -24.87681361514148 2.3511410091698925 3.1639320225002106
    endloop
  endfacet
  facet normal -0.9930684569549261 0.11753739745783941 -1.32022627227649e-16
    outer loop
      vertex -24.9229333433282 1.9614773931961236 0
      vertex -24.87681361514148 2.3511410091698925 3.1639320225002106
      vertex -24.847620523706595 2.5977921933207346 3.3583761375998766
    endloop
  endfacet
  facet normal -0.9807852804032303 0.19509032201612952 0
    outer loop
      vertex -24.692208514878445 3.910861626005772 0
      vertex -24.309248009941914 5.836134096397635 6
      vertex -24.309248009941914 5.836134096397635 0
    endloop
  endfacet
  facet normal -0.9930684569549278 0.11753739745782549 2.5453616349374647e-15
    outer loop
      vertex -24.9229333433282 1.9614773931961236 0
      vertex -24.847620523706595 2.5977921933207346 3.3583761375998766
      vertex -24.82032308070278 2.8284271247461903 3.57157287525381
    endloop
  endfacet
  facet normal -0.9930684569549263 0.11753739745783655 -1.718100811643052e-16
    outer loop
      vertex -24.9229333433282 1.9614773931961236 0
      vertex -24.82032308070278 2.8284271247461903 3.57157287525381
      vertex -24.795089583943472 3.0416238624001237 3.8022078066792657
    endloop
  endfacet
  facet normal -0.9930684569549246 0.11753739745785159 -4.488002689935658e-15
    outer loop
      vertex -24.9229333433282 1.9614773931961236 0
      vertex -24.795089583943472 3.0416238624001237 3.8022078066792657
      vertex -24.772075606327178 3.23606797749979 4.048858990830108
    endloop
  endfacet
  facet normal -0.9930684569549248 0.11753739745784923 -3.835996181564675e-15
    outer loop
      vertex -24.9229333433282 1.9614773931961236 0
      vertex -24.772075606327178 3.23606797749979 4.048858990830108
      vertex -24.75142303667883 3.4105606574163687 4.310005741136205
    endloop
  endfacet
  facet normal -0.9930684569549278 0.11753739745782533 -1.0657176245248958e-15
    outer loop
      vertex -24.692208514878445 3.910861626005772 0
      vertex -24.75142303667883 3.4105606574163687 4.310005741136205
      vertex -24.73325920495799 3.5640260967534716 4.584038001041813
    endloop
  endfacet
  facet normal -0.9624552364536472 0.2714404498650748 0
    outer loop
      vertex -24.309248009941914 5.836134096397635 0
      vertex -23.776412907378838 7.7254248593736845 6
      vertex -23.776412907378838 7.7254248593736845 0
    endloop
  endfacet
  facet normal -0.9381913359224846 0.34611705707749174 0
    outer loop
      vertex -23.776412907378838 7.7254248593736845 0
      vertex -23.09698831278217 9.567085809127244 6
      vertex -23.09698831278217 9.567085809127244 0
    endloop
  endfacet
  facet normal -0.9081431738250813 0.4186597375374284 0
    outer loop
      vertex -23.09698831278217 9.567085809127244 0
      vertex -22.275163104709197 11.349762493488669 6
      vertex -22.275163104709197 11.349762493488669 0
    endloop
  endfacet
  facet normal -0.8724960070727967 0.48862124149695546 0
    outer loop
      vertex -22.275163104709197 11.349762493488669 0
      vertex -21.316004108852304 13.06246411789872 6
      vertex -21.316004108852304 13.06246411789872 0
    endloop
  endfacet
  facet normal -0.8314696123025457 0.5555702330196015 0
    outer loop
      vertex -21.316004108852304 13.06246411789872 0
      vertex -20.225424859373685 14.694631307311829 6
      vertex -20.225424859373685 14.694631307311829 0
    endloop
  endfacet
  facet normal -0.7853169308807452 0.6190939493098339 0
    outer loop
      vertex -20.225424859373685 14.694631307311829 0
      vertex -19.010149140000774 16.23620120825459 6
      vertex -19.010149140000774 16.23620120825459 0
    endloop
  endfacet
  facet normal -0.7343225094356858 0.6788007455329417 0
    outer loop
      vertex -19.010149140000774 16.23620120825459 0
      vertex -17.67766952966369 17.67766952966369 6
      vertex -17.67766952966369 17.67766952966369 0
    endloop
  endfacet
  facet normal -0.6788007455329417 0.7343225094356858 0
    outer loop
      vertex -17.67766952966369 17.67766952966369 0
      vertex -17.67766952966369 17.67766952966369 6
      vertex -16.23620120825459 19.010149140000774 0
    endloop
  endfacet
  facet normal -0.6190939493098339 0.7853169308807452 0
    outer loop
      vertex -16.23620120825459 19.010149140000774 0
      vertex -16.23620120825459 19.010149140000774 6
      vertex -14.694631307311829 20.225424859373685 0
    endloop
  endfacet
  facet normal -0.5555702330196015 0.8314696123025457 0
    outer loop
      vertex -14.694631307311829 20.225424859373685 0
      vertex -14.694631307311829 20.225424859373685 6
      vertex -13.06246411789872 21.316004108852304 0
    endloop
  endfacet
  facet normal 0 0 -1
    outer loop
      vertex -13.06246411789872 -21.316004108852304 0
      vertex -13.06246411789872 21.316004108852304 0
      vertex -11.349762493488669 22.275163104709197 0
    endloop
  endfacet
  facet normal 0 0 -1
    outer loop
      vertex -11.349762493488669 -22.275163104709197 0
      vertex -11.349762493488669 22.275163104709197 0
      vertex -9.567085809127244 23.09698831278217 0
    endloop
  endfacet
  facet normal 0 0 -1
    outer loop
      vertex -9.567085809127244 -23.09698831278217 0
      vertex -9.567085809127244 23.09698831278217 0
      vertex -7.7254248593736845 23.776412907378838 0
    endloop
  endfacet
  facet normal 0 0 -1
    outer loop
      vertex -7.7254248593736845 -23.776412907378838 0
      vertex -7.7254248593736845 23.776412907378838 0
      vertex -5.836134096397635 24.309248009941914 0
    endloop
  endfacet
  facet normal 0 0 -1
    outer loop
      vertex -5.836134096397635 -24.309248009941914 0
      vertex -3.910861626005772 24.692208514878445 0
      vertex -4.1 0 0
    endloop
  endfacet
  facet normal 0 0 -1
    outer loop
      vertex -5.836134096397635 -24.309248009941914 0
      vertex -5.836134096397635 24.309248009941914 0
      vertex -3.910861626005772 24.692208514878445 0
    endloop
  endfacet
  facet normal 0 0 -1
    outer loop
      vertex -3.910861626005772 24.692208514878445 0
      vertex -4.087361068305825 0.32168229248416425 0
      vertex -4.1 0 0
    endloop
  endfacet
  facet normal 0 0 -1
    outer loop
      vertex -3.910861626005772 24.692208514878445 0
      vertex -4.049522196440065 0.6413813066649465 0
      vertex -4.087361068305825 0.32168229248416425 0
    endloop
  endfacet
  facet normal 0 0 -1
    outer loop
      vertex -3.910861626005772 24.692208514878445 0
      vertex -3.9867166736304736 0.957125991809212 0
      vertex -4.049522196440065 0.6413813066649465 0
    endloop
  endfacet
  facet normal 0 0 -1
    outer loop
      vertex -3.910861626005772 24.692208514878445 0
      vertex -3.899331716810129 1.2669696769372842 0
      vertex -3.9867166736304736 0.957125991809212 0
    endloop
  endfacet
  facet normal 0 0 -1
    outer loop
      vertex -3.910861626005772 24.692208514878445 0
      vertex -3.787906083296275 1.5690020726968679 0
      vertex -3.899331716810129 1.2669696769372842 0
    endloop
  endfacet
  facet normal 0 0 -1
    outer loop
      vertex -3.910861626005772 24.692208514878445 0
      vertex -3.653126749172308 1.8613610489321415 0
      vertex -3.787906083296275 1.5690020726968679 0
    endloop
  endfacet
  facet normal 0 0 -1
    outer loop
      vertex -3.910861626005772 24.692208514878445 0
      vertex -3.4958246738517778 2.14224411533539 0
      vertex -3.653126749172308 1.8613610489321415 0
    endloop
  endfacet
  facet normal 0 0 -1
    outer loop
      vertex -3.910861626005772 24.692208514878445 0
      vertex -3.3169696769372843 2.4099195343991395 0
      vertex -3.4958246738517778 2.14224411533539 0
    endloop
  endfacet
  facet normal 0 0 -1
    outer loop
      vertex -3.910861626005772 24.692208514878445 0
      vertex -3.1176644589601263 2.6627369981537528 0
      vertex -3.3169696769372843 2.4099195343991395 0
    endloop
  endfacet
  facet normal 0 0 -1
    outer loop
      vertex -3.910861626005772 24.692208514878445 0
      vertex -2.899137802864845 2.899137802864845 0
      vertex -3.1176644589601263 2.6627369981537528 0
    endloop
  endfacet
  facet normal 0 0 -1
    outer loop
      vertex -1.9614773931961236 24.9229333433282 0
      vertex -2.6627369981537528 3.1176644589601263 0
      vertex -2.899137802864845 2.899137802864845 0
    endloop
  endfacet
  facet normal 0 0 -1
    outer loop
      vertex -1.9614773931961236 24.9229333433282 0
      vertex -2.4099195343991395 3.3169696769372843 0
      vertex -2.6627369981537528 3.1176644589601263 0
    endloop
  endfacet
  facet normal 0 0 -1
    outer loop
      vertex -1.9614773931961236 24.9229333433282 0
      vertex -2.14224411533539 3.4958246738517778 0
      vertex -2.4099195343991395 3.3169696769372843 0
    endloop
  endfacet
  facet normal 0 0 -1
    outer loop
      vertex -1.9614773931961236 24.9229333433282 0
      vertex -1.8613610489321415 3.653126749172308 0
      vertex -2.14224411533539 3.4958246738517778 0
    endloop
  endfacet
  facet normal 0 0 -1
    outer loop
      vertex -1.9614773931961236 24.9229333433282 0
      vertex -1.5690020726968679 3.787906083296275 0
      vertex -1.8613610489321415 3.653126749172308 0
    endloop
  endfacet
  facet normal 0 0 -1
    outer loop
      vertex -1.9614773931961236 24.9229333433282 0
      vertex -1.2669696769372842 3.899331716810129 0
      vertex -1.5690020726968679 3.787906083296275 0
    endloop
  endfacet
  facet normal 0 0 -1
    outer loop
      vertex -1.9614773931961236 24.9229333433282 0
      vertex -0.957125991809212 3.9867166736304736 0
      vertex -1.2669696769372842 3.899331716810129 0
    endloop
  endfacet
  facet normal 0 0 -1
    outer loop
      vertex 0 25 0
      vertex -0.6413813066649465 4.049522196440065 0
      vertex -0.957125991809212 3.9867166736304736 0
    endloop
  endfacet
  facet normal 0 0 -1
    outer loop
      vertex 0 25 0
      vertex -0.32168229248416425 4.087361068305825 0
      vertex -0.6413813066649465 4.049522196440065 0
    endloop
  endfacet
  facet normal 0 0 -1
    outer loop
      vertex 0 25 0
      vertex 0 4.1 0
      vertex -0.32168229248416425 4.087361068305825 0
    endloop
  endfacet
  facet normal 0 0 -1
    outer loop
      vertex -3.910861626005772 24.692208514878445 0
      vertex -1.9614773931961236 24.9229333433282 0
      vertex -2.899137802864845 2.899137802864845 0
    endloop
  endfacet
  facet normal 0 0 -1
    outer loop
      vertex -1.9614773931961236 24.9229333433282 0
      vertex 0 25 0
      vertex -0.957125991809212 3.9867166736304736 0
    endloop
  endfacet
  facet normal -0.48862124149695546 0.8724960070727967 0
    outer loop
      vertex -13.06246411789872 21.316004108852304 0
      vertex -13.06246411789872 21.316004108852304 6
      vertex -11.349762493488669 22.275163104709197 0
    endloop
  endfacet
  facet normal -0.4186597375374284 0.9081431738250813 0
    outer loop
      vertex -11.349762493488669 22.275163104709197 0
      vertex -11.349762493488669 22.275163104709197 6
      vertex -9.567085809127244 23.09698831278217 0
    endloop
  endfacet
  facet normal -0.34611705707749174 0.9381913359224846 0
    outer loop
      vertex -9.567085809127244 23.09698831278217 0
      vertex -9.567085809127244 23.09698831278217 6
      vertex -7.7254248593736845 23.776412907378838 0
    endloop
  endfacet
  facet normal -0.2714404498650748 0.9624552364536472 0
    outer loop
      vertex -7.7254248593736845 23.776412907378838 0
      vertex -7.7254248593736845 23.776412907378838 6
      vertex -5.836134096397635 24.309248009941914 0
    endloop
  endfacet
  facet normal -0.19509032201612952 0.9807852804032303 0
    outer loop
      vertex -5.836134096397635 24.309248009941914 0
      vertex -5.836134096397635 24.309248009941914 6
      vertex -3.910861626005772 24.692208514878445 0
    endloop
  endfacet
  facet normal -0.11753739745783721 0.9930684569549264 0
    outer loop
      vertex -3.910861626005772 24.692208514878445 0
      vertex -3.910861626005772 24.692208514878445 6
      vertex -1.9614773931961236 24.9229333433282 0
    endloop
  endfacet
  facet normal -0.039259815759068256 0.999229036240723 0
    outer loop
      vertex -1.9614773931961236 24.9229333433282 0
      vertex -1.9614773931961236 24.9229333433282 6
      vertex 0 25 0
    endloop
  endfacet
  facet normal -0.9930684569549244 0.11753739745785326 1.0753186243798018e-15
    outer loop
      vertex -24.692208514878445 3.910861626005772 0
      vertex -24.73325920495799 3.5640260967534716 4.584038001041813
      vertex -24.717696097227293 3.695518130045147 4.869266270539641
    endloop
  endfacet
  facet normal -0.9930684569549275 0.11753739745782725 -9.008986938665894e-17
    outer loop
      vertex -24.692208514878445 3.910861626005772 0
      vertex -24.717696097227293 3.695518130045147 4.869266270539641
      vertex -24.70482966522117 3.804226065180614 5.1639320225002106
    endloop
  endfacet
  facet normal -0.9930684569549284 0.11753739745781962 -2.4964329654829434e-16
    outer loop
      vertex -24.692208514878445 3.910861626005772 0
      vertex -24.70482966522117 3.804226065180614 5.1639320225002106
      vertex -24.694739234771454 3.8894796815907062 5.466218544576379
    endloop
  endfacet
  facet normal -0.9930684569549211 0.11753739745788258 0
    outer loop
      vertex -24.692208514878445 3.910861626005772 0
      vertex -24.694739234771454 3.8894796815907062 5.466218544576379
      vertex -24.692208514878445 3.910861626005772 5.573712838152677
    endloop
  endfacet
  facet normal -0.9807852804032302 0.19509032201612947 0
    outer loop
      vertex -24.692208514878445 3.910861626005772 0
      vertex -24.692208514878445 3.910861626005772 5.573712838152677
      vertex -24.309248009941914 5.836134096397635 6
    endloop
  endfacet
  facet normal -0.9624552364536472 0.2714404498650748 0
    outer loop
      vertex -24.309248009941914 5.836134096397635 0
      vertex -24.309248009941914 5.836134096397635 6
      vertex -23.776412907378838 7.7254248593736845 6
    endloop
  endfacet
  facet normal -0.9381913359224846 0.34611705707749174 0
    outer loop
      vertex -23.776412907378838 7.7254248593736845 0
      vertex -23.776412907378838 7.7254248593736845 6
      vertex -23.09698831278217 9.567085809127244 6
    endloop
  endfacet
  facet normal -0.9081431738250813 0.4186597375374284 0
    outer loop
      vertex -23.09698831278217 9.567085809127244 0
      vertex -23.09698831278217 9.567085809127244 6
      vertex -22.275163104709197 11.349762493488669 6
    endloop
  endfacet
  facet normal -0.8724960070727967 0.48862124149695546 0
    outer loop
      vertex -22.275163104709197 11.349762493488669 0
      vertex -22.275163104709197 11.349762493488669 6
      vertex -21.316004108852304 13.06246411789872 6
    endloop
  endfacet
  facet normal -0.9807852804032303 0.19509032201612825 5.900138675339298e-15
    outer loop
      vertex -24.309248009941914 5.836134096397635 6
      vertex -24.692208514878445 3.910861626005772 5.573712838152677
      vertex -24.68427355515725 3.950753362380551 5.7742621398390765
    endloop
  endfacet
  facet normal -0.9807852804032302 0.19509032201612958 -5.70954915639623e-15
    outer loop
      vertex -24.309248009941914 5.836134096397635 6
      vertex -24.68427355515725 3.950753362380551 5.7742621398390765
      vertex -24.67895904706284 3.9774711988048135 6
    endloop
  endfacet
  facet normal 0 0 1
    outer loop
      vertex -24.309248009941914 5.836134096397635 6
      vertex -24.67895904706284 3.9774711988048135 6
      vertex -7 3.977471198804813 6
    endloop
  endfacet
  facet normal 0 0 1
    outer loop
      vertex -24.309248009941914 5.836134096397635 6
      vertex -7 3.977471198804813 6
      vertex -23.776412907378838 7.7254248593736845 6
    endloop
  endfacet
  facet normal 0 0 1
    outer loop
      vertex -23.776412907378838 7.7254248593736845 6
      vertex -7 3.977471198804813 6
      vertex -23.09698831278217 9.567085809127244 6
    endloop
  endfacet
  facet normal 0 0 1
    outer loop
      vertex -23.09698831278217 9.567085809127244 6
      vertex -7 3.977471198804813 6
      vertex -22.275163104709197 11.349762493488669 6
    endloop
  endfacet
  facet normal 0 0 1
    outer loop
      vertex -22.275163104709197 11.349762493488669 6
      vertex -7 3.977471198804813 6
      vertex -21.316004108852304 13.06246411789872 6
    endloop
  endfacet
  facet normal 0 0 1
    outer loop
      vertex -21.316004108852304 13.06246411789872 6
      vertex -7 3.977471198804813 6
      vertex -20.225424859373685 14.694631307311829 6
    endloop
  endfacet
  facet normal 0 0 1
    outer loop
      vertex -20.225424859373685 14.694631307311829 6
      vertex -7 3.977471198804813 6
      vertex -19.010149140000774 16.23620120825459 6
    endloop
  endfacet
  facet normal -0.8314696123025457 0.5555702330196015 0
    outer loop
      vertex -21.316004108852304 13.06246411789872 0
      vertex -21.316004108852304 13.06246411789872 6
      vertex -20.225424859373685 14.694631307311829 6
    endloop
  endfacet
  facet normal -0.7853169308807452 0.6190939493098339 0
    outer loop
      vertex -20.225424859373685 14.694631307311829 0
      vertex -20.225424859373685 14.694631307311829 6
      vertex -19.010149140000774 16.23620120825459 6
    endloop
  endfacet
  facet normal -0.7343225094356858 0.6788007455329417 0
    outer loop
      vertex -19.010149140000774 16.23620120825459 0
      vertex -19.010149140000774 16.23620120825459 6
      vertex -17.67766952966369 17.67766952966369 6
    endloop
  endfacet
  facet normal -0.6788007455329417 0.7343225094356858 0
    outer loop
      vertex -16.23620120825459 19.010149140000774 0
      vertex -17.67766952966369 17.67766952966369 6
      vertex -16.23620120825459 19.010149140000774 6
    endloop
  endfacet
  facet normal -0.6190939493098339 0.7853169308807452 0
    outer loop
      vertex -14.694631307311829 20.225424859373685 0
      vertex -16.23620120825459 19.010149140000774 6
      vertex -14.694631307311829 20.225424859373685 6
    endloop
  endfacet
  facet normal -0.5555702330196015 0.8314696123025457 0
    outer loop
      vertex -13.06246411789872 21.316004108852304 0
      vertex -14.694631307311829 20.225424859373685 6
      vertex -13.06246411789872 21.316004108852304 6
    endloop
  endfacet
  facet normal 0 0 1
    outer loop
      vertex -19.010149140000774 16.23620120825459 6
      vertex -7 3.977471198804813 6
      vertex -17.67766952966369 17.67766952966369 6
    endloop
  endfacet
  facet normal 0 0 1
    outer loop
      vertex -17.67766952966369 17.67766952966369 6
      vertex -7 3.977471198804813 6
      vertex -16.23620120825459 19.010149140000774 6
    endloop
  endfacet
  facet normal 0 0 1
    outer loop
      vertex -16.23620120825459 19.010149140000774 6
      vertex -7 3.977471198804813 6
      vertex -14.694631307311829 20.225424859373685 6
    endloop
  endfacet
  facet normal 0 0 1
    outer loop
      vertex -5.836134096397635 -24.309248009941914 6
      vertex -7.7254248593736845 23.776412907378838 6
      vertex -7 3.977471198804813 6
    endloop
  endfacet
  facet normal 0 0 1
    outer loop
      vertex -5.836134096397635 -24.309248009941914 6
      vertex -5.836134096397635 24.309248009941914 6
      vertex -7.7254248593736845 23.776412907378838 6
    endloop
  endfacet
  facet normal 0 0 1
    outer loop
      vertex -5.836134096397635 24.309248009941914 6
      vertex -4.1 0 6
      vertex -4.087361068305825 0.32168229248416425 6
    endloop
  endfacet
  facet normal 0 0 1
    outer loop
      vertex -5.836134096397635 24.309248009941914 6
      vertex -4.087361068305825 0.32168229248416425 6
      vertex -4.049522196440065 0.6413813066649465 6
    endloop
  endfacet
  facet normal 0 0 1
    outer loop
      vertex -5.836134096397635 24.309248009941914 6
      vertex -4.049522196440065 0.6413813066649465 6
      vertex -3.9867166736304736 0.957125991809212 6
    endloop
  endfacet
  facet normal 0 0 1
    outer loop
      vertex -5.836134096397635 24.309248009941914 6
      vertex -3.9867166736304736 0.957125991809212 6
      vertex -3.899331716810129 1.2669696769372842 6
    endloop
  endfacet
  facet normal 0 0 1
    outer loop
      vertex -3.910861626005772 24.692208514878445 6
      vertex -3.899331716810129 1.2669696769372842 6
      vertex -3.787906083296275 1.5690020726968679 6
    endloop
  endfacet
  facet normal 0 0 1
    outer loop
      vertex -3.910861626005772 24.692208514878445 6
      vertex -3.787906083296275 1.5690020726968679 6
      vertex -3.653126749172308 1.8613610489321415 6
    endloop
  endfacet
  facet normal 0 0 1
    outer loop
      vertex -3.910861626005772 24.692208514878445 6
      vertex -3.653126749172308 1.8613610489321415 6
      vertex -3.4958246738517778 2.14224411533539 6
    endloop
  endfacet
  facet normal 0 0 1
    outer loop
      vertex -3.910861626005772 24.692208514878445 6
      vertex -3.4958246738517778 2.14224411533539 6
      vertex -3.3169696769372843 2.4099195343991395 6
    endloop
  endfacet
  facet normal 0 0 1
    outer loop
      vertex -3.910861626005772 24.692208514878445 6
      vertex -3.3169696769372843 2.4099195343991395 6
      vertex -3.1176644589601263 2.6627369981537528 6
    endloop
  endfacet
  facet normal 0 0 1
    outer loop
      vertex -3.910861626005772 24.692208514878445 6
      vertex -3.1176644589601263 2.6627369981537528 6
      vertex -2.899137802864845 2.899137802864845 6
    endloop
  endfacet
  facet normal 0 0 1
    outer loop
      vertex -3.910861626005772 24.692208514878445 6
      vertex -2.899137802864845 2.899137802864845 6
      vertex -2.6627369981537528 3.1176644589601263 6
    endloop
  endfacet
  facet normal 0 0 1
    outer loop
      vertex -3.910861626005772 24.692208514878445 6
      vertex -2.6627369981537528 3.1176644589601263 6
      vertex -2.4099195343991395 3.3169696769372843 6
    endloop
  endfacet
  facet normal 0 0 1
    outer loop
      vertex -3.910861626005772 24.692208514878445 6
      vertex -2.4099195343991395 3.3169696769372843 6
      vertex -2.14224411533539 3.4958246738517778 6
    endloop
  endfacet
  facet normal 0 0 1
    outer loop
      vertex -3.910861626005772 24.692208514878445 6
      vertex -2.14224411533539 3.4958246738517778 6
      vertex -1.8613610489321415 3.653126749172308 6
    endloop
  endfacet
  facet normal 0 0 1
    outer loop
      vertex -1.9614773931961236 24.9229333433282 6
      vertex -1.8613610489321415 3.653126749172308 6
      vertex -1.5690020726968679 3.787906083296275 6
    endloop
  endfacet
  facet normal 0 0 1
    outer loop
      vertex -1.9614773931961236 24.9229333433282 6
      vertex -1.5690020726968679 3.787906083296275 6
      vertex -1.2669696769372842 3.899331716810129 6
    endloop
  endfacet
  facet normal 0 0 1
    outer loop
      vertex -1.9614773931961236 24.9229333433282 6
      vertex -1.2669696769372842 3.899331716810129 6
      vertex -0.957125991809212 3.9867166736304736 6
    endloop
  endfacet
  facet normal 0 0 1
    outer loop
      vertex -1.9614773931961236 24.9229333433282 6
      vertex -0.957125991809212 3.9867166736304736 6
      vertex -0.6413813066649465 4.049522196440065 6
    endloop
  endfacet
  facet normal 0 0 1
    outer loop
      vertex -1.9614773931961236 24.9229333433282 6
      vertex -0.6413813066649465 4.049522196440065 6
      vertex -0.32168229248416425 4.087361068305825 6
    endloop
  endfacet
  facet normal 0 0 1
    outer loop
      vertex -1.9614773931961236 24.9229333433282 6
      vertex -0.32168229248416425 4.087361068305825 6
      vertex 0 4.1 6
    endloop
  endfacet
  facet normal -0.48862124149695546 0.8724960070727967 0
    outer loop
      vertex -11.349762493488669 22.275163104709197 0
      vertex -13.06246411789872 21.316004108852304 6
      vertex -11.349762493488669 22.275163104709197 6
    endloop
  endfacet
  facet normal -0.4186597375374284 0.9081431738250813 0
    outer loop
      vertex -9.567085809127244 23.09698831278217 0
      vertex -11.349762493488669 22.275163104709197 6
      vertex -9.567085809127244 23.09698831278217 6
    endloop
  endfacet
  facet normal -0.34611705707749174 0.9381913359224846 0
    outer loop
      vertex -7.7254248593736845 23.776412907378838 0
      vertex -9.567085809127244 23.09698831278217 6
      vertex -7.7254248593736845 23.776412907378838 6
    endloop
  endfacet
  facet normal -0.2714404498650748 0.9624552364536472 0
    outer loop
      vertex -5.836134096397635 24.309248009941914 0
      vertex -7.7254248593736845 23.776412907378838 6
      vertex -5.836134096397635 24.309248009941914 6
    endloop
  endfacet
  facet normal -0.19509032201612952 0.9807852804032303 0
    outer loop
      vertex -3.910861626005772 24.692208514878445 0
      vertex -5.836134096397635 24.309248009941914 6
      vertex -3.910861626005772 24.692208514878445 6
    endloop
  endfacet
  facet normal -0.11753739745783721 0.9930684569549264 0
    outer loop
      vertex -1.9614773931961236 24.9229333433282 0
      vertex -3.910861626005772 24.692208514878445 6
      vertex -1.9614773931961236 24.9229333433282 6
    endloop
  endfacet
  facet normal -0.039259815759068256 0.999229036240723 0
    outer loop
      vertex -1.9614773931961236 24.9229333433282 6
      vertex 0 25 6
      vertex 0 25 0
    endloop
  endfacet
  facet normal 0 0 1
    outer loop
      vertex -14.694631307311829 20.225424859373685 6
      vertex -7 3.977471198804813 6
      vertex -13.06246411789872 21.316004108852304 6
    endloop
  endfacet
  facet normal 0 0 1
    outer loop
      vertex -13.06246411789872 21.316004108852304 6
      vertex -7 3.977471198804813 6
      vertex -11.349762493488669 22.275163104709197 6
    endloop
  endfacet
  facet normal 0 0 1
    outer loop
      vertex -11.349762493488669 22.275163104709197 6
      vertex -7 3.977471198804813 6
      vertex -9.567085809127244 23.09698831278217 6
    endloop
  endfacet
  facet normal 0 0 1
    outer loop
      vertex -9.567085809127244 23.09698831278217 6
      vertex -7 3.977471198804813 6
      vertex -7.7254248593736845 23.776412907378838 6
    endloop
  endfacet
  facet normal 0 0 1
    outer loop
      vertex -5.836134096397635 24.309248009941914 6
      vertex -3.899331716810129 1.2669696769372842 6
      vertex -3.910861626005772 24.692208514878445 6
    endloop
  endfacet
  facet normal 0 0 1
    outer loop
      vertex -3.910861626005772 24.692208514878445 6
      vertex -1.8613610489321415 3.653126749172308 6
      vertex -1.9614773931961236 24.9229333433282 6
    endloop
  endfacet
  facet normal 0 0 1
    outer loop
      vertex -1.9614773931961236 24.9229333433282 6
      vertex 0 4.1 6
      vertex 0 25 6
    endloop
  endfacet
  facet normal 0 0 -1
    outer loop
      vertex 0 -25 0
      vertex 0.957125991809212 -3.9867166736304736 0
      vertex 1.9614773931961236 -24.9229333433282 0
    endloop
  endfacet
  facet normal 0 0 -1
    outer loop
      vertex 1.9614773931961236 -24.9229333433282 0
      vertex 2.899137802864845 -2.899137802864845 0
      vertex 3.910861626005772 -24.692208514878445 0
    endloop
  endfacet
  facet normal 0.039259815759068256 -0.999229036240723 0
    outer loop
      vertex 0 -25 0
      vertex 1.9614773931961236 -24.9229333433282 0
      vertex 1.9614773931961236 -24.9229333433282 6
    endloop
  endfacet
  facet normal 0.11753739745783721 -0.9930684569549264 0
    outer loop
      vertex 1.9614773931961236 -24.9229333433282 0
      vertex 3.910861626005772 -24.692208514878445 0
      vertex 3.910861626005772 -24.692208514878445 6
    endloop
  endfacet
  facet normal 0.19509032201612952 -0.9807852804032303 0
    outer loop
      vertex 3.910861626005772 -24.692208514878445 0
      vertex 5.836134096397635 -24.309248009941914 0
      vertex 5.836134096397635 -24.309248009941914 6
    endloop
  endfacet
  facet normal 0.2714404498650748 -0.9624552364536472 0
    outer loop
      vertex 5.836134096397635 -24.309248009941914 0
      vertex 7.7254248593736845 -23.776412907378838 0
      vertex 7.7254248593736845 -23.776412907378838 6
    endloop
  endfacet
  facet normal 0.34611705707749174 -0.9381913359224846 0
    outer loop
      vertex 7.7254248593736845 -23.776412907378838 0
      vertex 9.567085809127244 -23.09698831278217 0
      vertex 9.567085809127244 -23.09698831278217 6
    endloop
  endfacet
  facet normal 0.4186597375374284 -0.9081431738250813 0
    outer loop
      vertex 9.567085809127244 -23.09698831278217 0
      vertex 11.349762493488669 -22.275163104709197 0
      vertex 11.349762493488669 -22.275163104709197 6
    endloop
  endfacet
  facet normal 0.48862124149695546 -0.8724960070727967 0
    outer loop
      vertex 11.349762493488669 -22.275163104709197 0
      vertex 13.06246411789872 -21.316004108852304 0
      vertex 13.06246411789872 -21.316004108852304 6
    endloop
  endfacet
  facet normal 0 0 -1
    outer loop
      vertex 0 -25 0
      vertex 0 -4.1 0
      vertex 0.32168229248416425 -4.087361068305825 0
    endloop
  endfacet
  facet normal 0 0 -1
    outer loop
      vertex 0 -25 0
      vertex 0.32168229248416425 -4.087361068305825 0
      vertex 0.6413813066649465 -4.049522196440065 0
    endloop
  endfacet
  facet normal 0 0 -1
    outer loop
      vertex 0 -25 0
      vertex 0.6413813066649465 -4.049522196440065 0
      vertex 0.957125991809212 -3.9867166736304736 0
    endloop
  endfacet
  facet normal 0 0 -1
    outer loop
      vertex 1.9614773931961236 -24.9229333433282 0
      vertex 0.957125991809212 -3.9867166736304736 0
      vertex 1.2669696769372842 -3.899331716810129 0
    endloop
  endfacet
  facet normal 0 0 -1
    outer loop
      vertex 1.9614773931961236 -24.9229333433282 0
      vertex 1.2669696769372842 -3.899331716810129 0
      vertex 1.5690020726968679 -3.787906083296275 0
    endloop
  endfacet
  facet normal 0 0 -1
    outer loop
      vertex 1.9614773931961236 -24.9229333433282 0
      vertex 1.5690020726968679 -3.787906083296275 0
      vertex 1.8613610489321415 -3.653126749172308 0
    endloop
  endfacet
  facet normal 0 0 -1
    outer loop
      vertex 1.9614773931961236 -24.9229333433282 0
      vertex 1.8613610489321415 -3.653126749172308 0
      vertex 2.14224411533539 -3.4958246738517778 0
    endloop
  endfacet
  facet normal 0 0 -1
    outer loop
      vertex 1.9614773931961236 -24.9229333433282 0
      vertex 2.14224411533539 -3.4958246738517778 0
      vertex 2.4099195343991395 -3.3169696769372843 0
    endloop
  endfacet
  facet normal 0 0 -1
    outer loop
      vertex 1.9614773931961236 -24.9229333433282 0
      vertex 2.4099195343991395 -3.3169696769372843 0
      vertex 2.6627369981537528 -3.1176644589601263 0
    endloop
  endfacet
  facet normal 0 0 -1
    outer loop
      vertex 1.9614773931961236 -24.9229333433282 0
      vertex 2.6627369981537528 -3.1176644589601263 0
      vertex 2.899137802864845 -2.899137802864845 0
    endloop
  endfacet
  facet normal 0 0 -1
    outer loop
      vertex 3.910861626005772 -24.692208514878445 0
      vertex 2.899137802864845 -2.899137802864845 0
      vertex 3.1176644589601263 -2.6627369981537528 0
    endloop
  endfacet
  facet normal 0 0 -1
    outer loop
      vertex 3.910861626005772 -24.692208514878445 0
      vertex 3.1176644589601263 -2.6627369981537528 0
      vertex 3.3169696769372843 -2.4099195343991395 0
    endloop
  endfacet
  facet normal 0 0 -1
    outer loop
      vertex 3.910861626005772 -24.692208514878445 0
      vertex 3.3169696769372843 -2.4099195343991395 0
      vertex 3.4958246738517778 -2.14224411533539 0
    endloop
  endfacet
  facet normal 0 0 -1
    outer loop
      vertex 3.910861626005772 -24.692208514878445 0
      vertex 3.4958246738517778 -2.14224411533539 0
      vertex 3.653126749172308 -1.8613610489321415 0
    endloop
  endfacet
  facet normal 0 0 -1
    outer loop
      vertex 3.910861626005772 -24.692208514878445 0
      vertex 3.653126749172308 -1.8613610489321415 0
      vertex 3.787906083296275 -1.5690020726968679 0
    endloop
  endfacet
  facet normal 0 0 -1
    outer loop
      vertex 3.910861626005772 -24.692208514878445 0
      vertex 3.787906083296275 -1.5690020726968679 0
      vertex 3.899331716810129 -1.2669696769372842 0
    endloop
  endfacet
  facet normal 0 0 -1
    outer loop
      vertex 3.910861626005772 -24.692208514878445 0
      vertex 3.899331716810129 -1.2669696769372842 0
      vertex 3.9867166736304736 -0.957125991809212 0
    endloop
  endfacet
  facet normal 0 0 -1
    outer loop
      vertex 3.910861626005772 -24.692208514878445 0
      vertex 3.9867166736304736 -0.957125991809212 0
      vertex 4.049522196440065 -0.6413813066649465 0
    endloop
  endfacet
  facet normal 0 0 -1
    outer loop
      vertex 3.910861626005772 -24.692208514878445 0
      vertex 4.049522196440065 -0.6413813066649465 0
      vertex 4.087361068305825 -0.32168229248416425 0
    endloop
  endfacet
  facet normal 0 0 -1
    outer loop
      vertex 3.910861626005772 -24.692208514878445 0
      vertex 4.087361068305825 -0.32168229248416425 0
      vertex 4.1 0 0
    endloop
  endfacet
  facet normal 0 0 -1
    outer loop
      vertex 3.910861626005772 -24.692208514878445 0
      vertex 5.836134096397635 24.309248009941914 0
      vertex 5.836134096397635 -24.309248009941914 0
    endloop
  endfacet
  facet normal 0 0 -1
    outer loop
      vertex 3.910861626005772 -24.692208514878445 0
      vertex 4.1 0 0
      vertex 5.836134096397635 24.309248009941914 0
    endloop
  endfacet
  facet normal 0 0 -1
    outer loop
      vertex 5.836134096397635 -24.309248009941914 0
      vertex 7.7254248593736845 23.776412907378838 0
      vertex 7.7254248593736845 -23.776412907378838 0
    endloop
  endfacet
  facet normal 0 0 -1
    outer loop
      vertex 7.7254248593736845 -23.776412907378838 0
      vertex 9.567085809127244 23.09698831278217 0
      vertex 9.567085809127244 -23.09698831278217 0
    endloop
  endfacet
  facet normal 0 0 -1
    outer loop
      vertex 9.567085809127244 -23.09698831278217 0
      vertex 11.349762493488669 22.275163104709197 0
      vertex 11.349762493488669 -22.275163104709197 0
    endloop
  endfacet
  facet normal 0 0 -1
    outer loop
      vertex 11.349762493488669 -22.275163104709197 0
      vertex 13.06246411789872 21.316004108852304 0
      vertex 13.06246411789872 -21.316004108852304 0
    endloop
  endfacet
  facet normal 0.5555702330196015 -0.8314696123025457 0
    outer loop
      vertex 13.06246411789872 -21.316004108852304 0
      vertex 14.694631307311829 -20.225424859373685 0
      vertex 14.694631307311829 -20.225424859373685 6
    endloop
  endfacet
  facet normal 0.6190939493098339 -0.7853169308807452 0
    outer loop
      vertex 14.694631307311829 -20.225424859373685 0
      vertex 16.23620120825459 -19.010149140000774 0
      vertex 16.23620120825459 -19.010149140000774 6
    endloop
  endfacet
  facet normal 0.6788007455329417 -0.7343225094356858 0
    outer loop
      vertex 16.23620120825459 -19.010149140000774 0
      vertex 17.67766952966369 -17.67766952966369 0
      vertex 17.67766952966369 -17.67766952966369 6
    endloop
  endfacet
  facet normal 0.7343225094356858 -0.6788007455329417 0
    outer loop
      vertex 17.67766952966369 -17.67766952966369 0
      vertex 19.010149140000774 -16.23620120825459 0
      vertex 17.67766952966369 -17.67766952966369 6
    endloop
  endfacet
  facet normal 0.7853169308807452 -0.6190939493098339 0
    outer loop
      vertex 19.010149140000774 -16.23620120825459 0
      vertex 20.225424859373685 -14.694631307311829 0
      vertex 19.010149140000774 -16.23620120825459 6
    endloop
  endfacet
  facet normal 0.8314696123025457 -0.5555702330196015 0
    outer loop
      vertex 20.225424859373685 -14.694631307311829 0
      vertex 21.316004108852304 -13.06246411789872 0
      vertex 20.225424859373685 -14.694631307311829 6
    endloop
  endfacet
  facet normal 0 0 -1
    outer loop
      vertex 13.06246411789872 -21.316004108852304 0
      vertex 14.694631307311829 20.225424859373685 0
      vertex 14.694631307311829 -20.225424859373685 0
    endloop
  endfacet
  facet normal 0 0 -1
    outer loop
      vertex 14.694631307311829 -20.225424859373685 0
      vertex 16.23620120825459 19.010149140000774 0
      vertex 16.23620120825459 -19.010149140000774 0
    endloop
  endfacet
  facet normal 0 0 -1
    outer loop
      vertex 16.23620120825459 -19.010149140000774 0
      vertex 17.67766952966369 17.67766952966369 0
      vertex 17.67766952966369 -17.67766952966369 0
    endloop
  endfacet
  facet normal 0 0 -1
    outer loop
      vertex 17.67766952966369 -17.67766952966369 0
      vertex 19.010149140000774 16.23620120825459 0
      vertex 19.010149140000774 -16.23620120825459 0
    endloop
  endfacet
  facet normal 0 0 -1
    outer loop
      vertex 19.010149140000774 -16.23620120825459 0
      vertex 20.225424859373685 14.694631307311829 0
      vertex 20.225424859373685 -14.694631307311829 0
    endloop
  endfacet
  facet normal 0 0 -1
    outer loop
      vertex 20.225424859373685 -14.694631307311829 0
      vertex 21.316004108852304 13.06246411789872 0
      vertex 21.316004108852304 -13.06246411789872 0
    endloop
  endfacet
  facet normal 0 0 -1
    outer loop
      vertex 21.316004108852304 -13.06246411789872 0
      vertex 22.275163104709197 11.349762493488669 0
      vertex 22.275163104709197 -11.349762493488669 0
    endloop
  endfacet
  facet normal 0 0 -1
    outer loop
      vertex 22.275163104709197 -11.349762493488669 0
      vertex 23.09698831278217 9.567085809127244 0
      vertex 23.09698831278217 -9.567085809127244 0
    endloop
  endfacet
  facet normal 0 0 -1
    outer loop
      vertex 23.09698831278217 -9.567085809127244 0
      vertex 23.776412907378838 7.7254248593736845 0
      vertex 23.776412907378838 -7.7254248593736845 0
    endloop
  endfacet
  facet normal 0 0 -1
    outer loop
      vertex 23.776412907378838 -7.7254248593736845 0
      vertex 24.309248009941914 5.836134096397635 0
      vertex 24.309248009941914 -5.836134096397635 0
    endloop
  endfacet
  facet normal 0 0 -1
    outer loop
      vertex 24.309248009941914 -5.836134096397635 0
      vertex 24.692208514878445 3.910861626005772 0
      vertex 24.692208514878445 -3.910861626005772 0
    endloop
  endfacet
  facet normal 0 0 -1
    outer loop
      vertex 24.692208514878445 -3.910861626005772 0
      vertex 24.9229333433282 1.9614773931961236 0
      vertex 24.9229333433282 -1.9614773931961236 0
    endloop
  endfacet
  facet normal 0.999229036240723 -0.03925981575906826 -3.2666020473204853e-16
    outer loop
      vertex 24.9229333433282 -1.9614773931961236 0
      vertex 25 0 0
      vertex 24.96331162669463 -0.9337814554236216 2.510520318409294
    endloop
  endfacet
  facet normal 0.9930684569549264 -0.1175373974578372 3.2970094357303443e-16
    outer loop
      vertex 24.692208514878445 -3.910861626005772 0
      vertex 24.9229333433282 -1.9614773931961236 0
      vertex 24.75142303667883 -3.4105606574163687 4.310005741136205
    endloop
  endfacet
  facet normal 0.8724960070727967 -0.48862124149695546 0
    outer loop
      vertex 21.316004108852304 -13.06246411789872 0
      vertex 22.275163104709197 -11.349762493488669 0
      vertex 21.316004108852304 -13.06246411789872 6
    endloop
  endfacet
  facet normal 0.9081431738250813 -0.4186597375374284 0
    outer loop
      vertex 22.275163104709197 -11.349762493488669 0
      vertex 23.09698831278217 -9.567085809127244 0
      vertex 22.275163104709197 -11.349762493488669 6
    endloop
  endfacet
  facet normal 0.9381913359224846 -0.34611705707749174 0
    outer loop
      vertex 23.09698831278217 -9.567085809127244 0
      vertex 23.776412907378838 -7.7254248593736845 0
      vertex 23.09698831278217 -9.567085809127244 6
    endloop
  endfacet
  facet normal 0.9624552364536472 -0.2714404498650748 0
    outer loop
      vertex 23.776412907378838 -7.7254248593736845 0
      vertex 24.309248009941914 -5.836134096397635 0
      vertex 23.776412907378838 -7.7254248593736845 6
    endloop
  endfacet
  facet normal 0.9807852804032303 -0.19509032201612952 0
    outer loop
      vertex 24.309248009941914 -5.836134096397635 0
      vertex 24.692208514878445 -3.910861626005772 0
      vertex 24.309248009941914 -5.836134096397635 6
    endloop
  endfacet
  facet normal 0.999229036240723 -0.03925981575906834 -5.670142520619875e-16
    outer loop
      vertex 24.9229333433282 -1.9614773931961236 0
      vertex 24.95143475689528 -1.2360679774997896 2.5957739348193862
      vertex 24.939857307969255 -1.5307337294603591 2.7044818699548534
    endloop
  endfacet
  facet normal 0.9992290362407229 -0.03925981575906889 -4.8147633348181e-16
    outer loop
      vertex 24.9229333433282 -1.9614773931961236 0
      vertex 24.939857307969255 -1.5307337294603591 2.7044818699548534
      vertex 24.928650658739073 -1.815961998958187 2.8359739032465288
    endloop
  endfacet
  facet normal 0.9992290362407229 -0.039259815759068784 -5.179825126524772e-16
    outer loop
      vertex 25 0 0
      vertex 24.97541469251553 -0.6257378601609235 2.4492466376194493
      vertex 24.96331162669463 -0.9337814554236216 2.510520318409294
    endloop
  endfacet
  facet normal 0.999229036240723 -0.03925981575906614 1.6027687814337056e-16
    outer loop
      vertex 25 0 0
      vertex 24.987669334932512 -0.3138363829113798 2.4123306650674885
      vertex 24.97541469251553 -0.6257378601609235 2.4492466376194493
    endloop
  endfacet
  facet normal 0.9992290362407229 -0.039259815759067354 0
    outer loop
      vertex 25 0 0
      vertex 25 0 2.4000000000000004
      vertex 24.987669334932512 -0.3138363829113798 2.4123306650674885
    endloop
  endfacet
  facet normal 0.9992290362407231 -0.03925981575906621 -1.1671788852696439e-15
    outer loop
      vertex 24.9229333433282 -1.9614773931961236 0
      vertex 24.96331162669463 -0.9337814554236216 2.510520318409294
      vertex 24.95143475689528 -1.2360679774997896 2.5957739348193862
    endloop
  endfacet
  facet normal 0.9992290362407226 -0.039259815759078255 0
    outer loop
      vertex 24.9229333433282 -1.9614773931961236 0
      vertex 24.928650658739073 -1.815961998958187 2.8359739032465288
      vertex 24.9229333433282 -1.9614773931961236 2.9174664396169874
    endloop
  endfacet
  facet normal 0.9930684569549272 -0.11753739745783062 0
    outer loop
      vertex 24.9229333433282 -1.9614773931961236 0
      vertex 24.9229333433282 -1.9614773931961236 2.9174664396169874
      vertex 24.907722369891047 -2.089994258863795 2.9894393425836316
    endloop
  endfacet
  facet normal 0.9930684569549257 -0.11753739745784247 -5.157257369306974e-16
    outer loop
      vertex 24.9229333433282 -1.9614773931961236 0
      vertex 24.907722369891047 -2.089994258863795 2.9894393425836316
      vertex 24.87681361514148 -2.3511410091698925 3.1639320225002106
    endloop
  endfacet
  facet normal 0.9930684569549261 -0.11753739745783941 -1.32022627227649e-16
    outer loop
      vertex 24.9229333433282 -1.9614773931961236 0
      vertex 24.87681361514148 -2.3511410091698925 3.1639320225002106
      vertex 24.847620523706595 -2.5977921933207346 3.3583761375998766
    endloop
  endfacet
  facet normal 0.9930684569549278 -0.11753739745782533 -1.0657176245248958e-15
    outer loop
      vertex 24.692208514878445 -3.910861626005772 0
      vertex 24.75142303667883 -3.4105606574163687 4.310005741136205
      vertex 24.73325920495799 -3.5640260967534716 4.584038001041813
    endloop
  endfacet
  facet normal 0.9930684569549278 -0.11753739745782549 2.5453616349374647e-15
    outer loop
      vertex 24.9229333433282 -1.9614773931961236 0
      vertex 24.847620523706595 -2.5977921933207346 3.3583761375998766
      vertex 24.82032308070278 -2.8284271247461903 3.57157287525381
    endloop
  endfacet
  facet normal 0.9930684569549263 -0.11753739745783655 -1.718100811643052e-16
    outer loop
      vertex 24.9229333433282 -1.9614773931961236 0
      vertex 24.82032308070278 -2.8284271247461903 3.57157287525381
      vertex 24.795089583943472 -3.0416238624001237 3.8022078066792657
    endloop
  endfacet
  facet normal 0.9930684569549246 -0.11753739745785159 -4.488002689935658e-15
    outer loop
      vertex 24.9229333433282 -1.9614773931961236 0
      vertex 24.795089583943472 -3.0416238624001237 3.8022078066792657
      vertex 24.772075606327178 -3.23606797749979 4.048858990830108
    endloop
  endfacet
  facet normal 0.9930684569549248 -0.11753739745784923 -3.835996181564675e-15
    outer loop
      vertex 24.9229333433282 -1.9614773931961236 0
      vertex 24.772075606327178 -3.23606797749979 4.048858990830108
      vertex 24.75142303667883 -3.4105606574163687 4.310005741136205
    endloop
  endfacet
  facet normal 0.039259815759068256 -0.999229036240723 0
    outer loop
      vertex 0 -25 0
      vertex 1.9614773931961236 -24.9229333433282 6
      vertex 0 -25 6
    endloop
  endfacet
  facet normal 0.11753739745783721 -0.9930684569549264 0
    outer loop
      vertex 1.9614773931961236 -24.9229333433282 0
      vertex 3.910861626005772 -24.692208514878445 6
      vertex 1.9614773931961236 -24.9229333433282 6
    endloop
  endfacet
  facet normal 0.19509032201612952 -0.9807852804032303 0
    outer loop
      vertex 3.910861626005772 -24.692208514878445 0
      vertex 5.836134096397635 -24.309248009941914 6
      vertex 3.910861626005772 -24.692208514878445 6
    endloop
  endfacet
  facet normal 0.2714404498650748 -0.9624552364536472 0
    outer loop
      vertex 5.836134096397635 -24.309248009941914 0
      vertex 7.7254248593736845 -23.776412907378838 6
      vertex 5.836134096397635 -24.309248009941914 6
    endloop
  endfacet
  facet normal 0.34611705707749174 -0.9381913359224846 0
    outer loop
      vertex 7.7254248593736845 -23.776412907378838 0
      vertex 9.567085809127244 -23.09698831278217 6
      vertex 7.7254248593736845 -23.776412907378838 6
    endloop
  endfacet
  facet normal 0.4186597375374284 -0.9081431738250813 0
    outer loop
      vertex 9.567085809127244 -23.09698831278217 0
      vertex 11.349762493488669 -22.275163104709197 6
      vertex 9.567085809127244 -23.09698831278217 6
    endloop
  endfacet
  facet normal 0.48862124149695546 -0.8724960070727967 0
    outer loop
      vertex 11.349762493488669 -22.275163104709197 0
      vertex 13.06246411789872 -21.316004108852304 6
      vertex 11.349762493488669 -22.275163104709197 6
    endloop
  endfacet
  facet normal 0 0 1
    outer loop
      vertex 0 -25 6
      vertex 1.9614773931961236 -24.9229333433282 6
      vertex 0 -4.1 6
    endloop
  endfacet
  facet normal 0 0 1
    outer loop
      vertex 1.9614773931961236 -24.9229333433282 6
      vertex 3.910861626005772 -24.692208514878445 6
      vertex 1.8613610489321415 -3.653126749172308 6
    endloop
  endfacet
  facet normal 0 0 1
    outer loop
      vertex 3.910861626005772 -24.692208514878445 6
      vertex 5.836134096397635 -24.309248009941914 6
      vertex 3.899331716810129 -1.2669696769372842 6
    endloop
  endfacet
  facet normal 0 0 1
    outer loop
      vertex 7.7254248593736845 -23.776412907378838 6
      vertex 9.567085809127244 -23.09698831278217 6
      vertex 7 -3.977471198804813 6
    endloop
  endfacet
  facet normal 0 0 1
    outer loop
      vertex 9.567085809127244 -23.09698831278217 6
      vertex 11.349762493488669 -22.275163104709197 6
      vertex 7 -3.977471198804813 6
    endloop
  endfacet
  facet normal 0 0 1
    outer loop
      vertex 11.349762493488669 -22.275163104709197 6
      vertex 13.06246411789872 -21.316004108852304 6
      vertex 7 -3.977471198804813 6
    endloop
  endfacet
  facet normal 0 0 1
    outer loop
      vertex 13.06246411789872 -21.316004108852304 6
      vertex 14.694631307311829 -20.225424859373685 6
      vertex 7 -3.977471198804813 6
    endloop
  endfacet
  facet normal 0 0 1
    outer loop
      vertex 1.9614773931961236 -24.9229333433282 6
      vertex 0.32168229248416425 -4.087361068305825 6
      vertex 0 -4.1 6
    endloop
  endfacet
  facet normal 0 0 1
    outer loop
      vertex 1.9614773931961236 -24.9229333433282 6
      vertex 0.6413813066649465 -4.049522196440065 6
      vertex 0.32168229248416425 -4.087361068305825 6
    endloop
  endfacet
  facet normal 0 0 1
    outer loop
      vertex 1.9614773931961236 -24.9229333433282 6
      vertex 0.957125991809212 -3.9867166736304736 6
      vertex 0.6413813066649465 -4.049522196440065 6
    endloop
  endfacet
  facet normal 0 0 1
    outer loop
      vertex 1.9614773931961236 -24.9229333433282 6
      vertex 1.2669696769372842 -3.899331716810129 6
      vertex 0.957125991809212 -3.9867166736304736 6
    endloop
  endfacet
  facet normal 0 0 1
    outer loop
      vertex 1.9614773931961236 -24.9229333433282 6
      vertex 1.5690020726968679 -3.787906083296275 6
      vertex 1.2669696769372842 -3.899331716810129 6
    endloop
  endfacet
  facet normal 0 0 1
    outer loop
      vertex 1.9614773931961236 -24.9229333433282 6
      vertex 1.8613610489321415 -3.653126749172308 6
      vertex 1.5690020726968679 -3.787906083296275 6
    endloop
  endfacet
  facet normal 0 0 1
    outer loop
      vertex 3.910861626005772 -24.692208514878445 6
      vertex 2.14224411533539 -3.4958246738517778 6
      vertex 1.8613610489321415 -3.653126749172308 6
    endloop
  endfacet
  facet normal 0 0 1
    outer loop
      vertex 3.910861626005772 -24.692208514878445 6
      vertex 2.4099195343991395 -3.3169696769372843 6
      vertex 2.14224411533539 -3.4958246738517778 6
    endloop
  endfacet
  facet normal 0 0 1
    outer loop
      vertex 3.910861626005772 -24.692208514878445 6
      vertex 2.6627369981537528 -3.1176644589601263 6
      vertex 2.4099195343991395 -3.3169696769372843 6
    endloop
  endfacet
  facet normal 0 0 1
    outer loop
      vertex 3.910861626005772 -24.692208514878445 6
      vertex 2.899137802864845 -2.899137802864845 6
      vertex 2.6627369981537528 -3.1176644589601263 6
    endloop
  endfacet
  facet normal 0 0 1
    outer loop
      vertex 3.910861626005772 -24.692208514878445 6
      vertex 3.1176644589601263 -2.6627369981537528 6
      vertex 2.899137802864845 -2.899137802864845 6
    endloop
  endfacet
  facet normal 0 0 1
    outer loop
      vertex 3.910861626005772 -24.692208514878445 6
      vertex 3.3169696769372843 -2.4099195343991395 6
      vertex 3.1176644589601263 -2.6627369981537528 6
    endloop
  endfacet
  facet normal 0 0 1
    outer loop
      vertex 3.910861626005772 -24.692208514878445 6
      vertex 3.4958246738517778 -2.14224411533539 6
      vertex 3.3169696769372843 -2.4099195343991395 6
    endloop
  endfacet
  facet normal 0 0 1
    outer loop
      vertex 3.910861626005772 -24.692208514878445 6
      vertex 3.653126749172308 -1.8613610489321415 6
      vertex 3.4958246738517778 -2.14224411533539 6
    endloop
  endfacet
  facet normal 0 0 1
    outer loop
      vertex 3.910861626005772 -24.692208514878445 6
      vertex 3.787906083296275 -1.5690020726968679 6
      vertex 3.653126749172308 -1.8613610489321415 6
    endloop
  endfacet
  facet normal 0 0 1
    outer loop
      vertex 3.910861626005772 -24.692208514878445 6
      vertex 3.899331716810129 -1.2669696769372842 6
      vertex 3.787906083296275 -1.5690020726968679 6
    endloop
  endfacet
  facet normal 0 0 1
    outer loop
      vertex 5.836134096397635 -24.309248009941914 6
      vertex 3.9867166736304736 -0.957125991809212 6
      vertex 3.899331716810129 -1.2669696769372842 6
    endloop
  endfacet
  facet normal 0 0 1
    outer loop
      vertex 5.836134096397635 -24.309248009941914 6
      vertex 4.049522196440065 -0.6413813066649465 6
      vertex 3.9867166736304736 -0.957125991809212 6
    endloop
  endfacet
  facet normal 0 0 1
    outer loop
      vertex 5.836134096397635 -24.309248009941914 6
      vertex 4.087361068305825 -0.32168229248416425 6
      vertex 4.049522196440065 -0.6413813066649465 6
    endloop
  endfacet
  facet normal 0 0 1
    outer loop
      vertex 5.836134096397635 -24.309248009941914 6
      vertex 4.1 0 6
      vertex 4.087361068305825 -0.32168229248416425 6
    endloop
  endfacet
  facet normal 0 0 1
    outer loop
      vertex 5.836134096397635 -24.309248009941914 6
      vertex 7.7254248593736845 -23.776412907378838 6
      vertex 5.836134096397635 24.309248009941914 6
    endloop
  endfacet
  facet normal 0 0 1
    outer loop
      vertex 7.7254248593736845 -23.776412907378838 6
      vertex 7 -3.977471198804813 6
      vertex 5.836134096397635 24.309248009941914 6
    endloop
  endfacet
  facet normal 0.5555702330196015 -0.8314696123025457 0
    outer loop
      vertex 13.06246411789872 -21.316004108852304 0
      vertex 14.694631307311829 -20.225424859373685 6
      vertex 13.06246411789872 -21.316004108852304 6
    endloop
  endfacet
  facet normal 0.6190939493098339 -0.7853169308807452 0
    outer loop
      vertex 14.694631307311829 -20.225424859373685 0
      vertex 16.23620120825459 -19.010149140000774 6
      vertex 14.694631307311829 -20.225424859373685 6
    endloop
  endfacet
  facet normal 0.6788007455329417 -0.7343225094356858 0
    outer loop
      vertex 16.23620120825459 -19.010149140000774 0
      vertex 17.67766952966369 -17.67766952966369 6
      vertex 16.23620120825459 -19.010149140000774 6
    endloop
  endfacet
  facet normal 0.7343225094356858 -0.6788007455329417 0
    outer loop
      vertex 19.010149140000774 -16.23620120825459 0
      vertex 19.010149140000774 -16.23620120825459 6
      vertex 17.67766952966369 -17.67766952966369 6
    endloop
  endfacet
  facet normal 0.7853169308807452 -0.6190939493098339 0
    outer loop
      vertex 20.225424859373685 -14.694631307311829 0
      vertex 20.225424859373685 -14.694631307311829 6
      vertex 19.010149140000774 -16.23620120825459 6
    endloop
  endfacet
  facet normal 0.8314696123025457 -0.5555702330196015 0
    outer loop
      vertex 21.316004108852304 -13.06246411789872 0
      vertex 21.316004108852304 -13.06246411789872 6
      vertex 20.225424859373685 -14.694631307311829 6
    endloop
  endfacet
  facet normal 0 0 1
    outer loop
      vertex 14.694631307311829 -20.225424859373685 6
      vertex 16.23620120825459 -19.010149140000774 6
      vertex 7 -3.977471198804813 6
    endloop
  endfacet
  facet normal 0 0 1
    outer loop
      vertex 16.23620120825459 -19.010149140000774 6
      vertex 17.67766952966369 -17.67766952966369 6
      vertex 7 -3.977471198804813 6
    endloop
  endfacet
  facet normal 0 0 1
    outer loop
      vertex 17.67766952966369 -17.67766952966369 6
      vertex 19.010149140000774 -16.23620120825459 6
      vertex 7 -3.977471198804813 6
    endloop
  endfacet
  facet normal 0.8724960070727967 -0.48862124149695546 0
    outer loop
      vertex 22.275163104709197 -11.349762493488669 0
      vertex 22.275163104709197 -11.349762493488669 6
      vertex 21.316004108852304 -13.06246411789872 6
    endloop
  endfacet
  facet normal 0.9081431738250813 -0.4186597375374284 0
    outer loop
      vertex 23.09698831278217 -9.567085809127244 0
      vertex 23.09698831278217 -9.567085809127244 6
      vertex 22.275163104709197 -11.349762493488669 6
    endloop
  endfacet
  facet normal 0.9381913359224846 -0.34611705707749174 0
    outer loop
      vertex 23.776412907378838 -7.7254248593736845 0
      vertex 23.776412907378838 -7.7254248593736845 6
      vertex 23.09698831278217 -9.567085809127244 6
    endloop
  endfacet
  facet normal 0.9624552364536472 -0.2714404498650748 0
    outer loop
      vertex 24.309248009941914 -5.836134096397635 0
      vertex 24.309248009941914 -5.836134096397635 6
      vertex 23.776412907378838 -7.7254248593736845 6
    endloop
  endfacet
  facet normal 0.9930684569549244 -0.11753739745785326 1.0753186243798018e-15
    outer loop
      vertex 24.692208514878445 -3.910861626005772 0
      vertex 24.73325920495799 -3.5640260967534716 4.584038001041813
      vertex 24.717696097227293 -3.695518130045147 4.869266270539641
    endloop
  endfacet
  facet normal 0.9930684569549275 -0.11753739745782725 -9.008986938665894e-17
    outer loop
      vertex 24.692208514878445 -3.910861626005772 0
      vertex 24.717696097227293 -3.695518130045147 4.869266270539641
      vertex 24.70482966522117 -3.804226065180614 5.1639320225002106
    endloop
  endfacet
  facet normal 0.9930684569549284 -0.11753739745781962 -2.4964329654829434e-16
    outer loop
      vertex 24.692208514878445 -3.910861626005772 0
      vertex 24.70482966522117 -3.804226065180614 5.1639320225002106
      vertex 24.694739234771454 -3.8894796815907062 5.466218544576379
    endloop
  endfacet
  facet normal 0.9930684569549211 -0.11753739745788258 0
    outer loop
      vertex 24.692208514878445 -3.910861626005772 0
      vertex 24.694739234771454 -3.8894796815907062 5.466218544576379
      vertex 24.692208514878445 -3.910861626005772 5.573712838152677
    endloop
  endfacet
  facet normal 0.9807852804032302 -0.19509032201612947 0
    outer loop
      vertex 24.692208514878445 -3.910861626005772 0
      vertex 24.692208514878445 -3.910861626005772 5.573712838152677
      vertex 24.309248009941914 -5.836134096397635 6
    endloop
  endfacet
  facet normal 0 0 1
    outer loop
      vertex 19.010149140000774 -16.23620120825459 6
      vertex 20.225424859373685 -14.694631307311829 6
      vertex 7 -3.977471198804813 6
    endloop
  endfacet
  facet normal 0 0 1
    outer loop
      vertex 20.225424859373685 -14.694631307311829 6
      vertex 21.316004108852304 -13.06246411789872 6
      vertex 7 -3.977471198804813 6
    endloop
  endfacet
  facet normal 0 0 1
    outer loop
      vertex 21.316004108852304 -13.06246411789872 6
      vertex 22.275163104709197 -11.349762493488669 6
      vertex 7 -3.977471198804813 6
    endloop
  endfacet
  facet normal 0 0 1
    outer loop
      vertex 22.275163104709197 -11.349762493488669 6
      vertex 23.09698831278217 -9.567085809127244 6
      vertex 7 -3.977471198804813 6
    endloop
  endfacet
  facet normal 0 0 1
    outer loop
      vertex 23.09698831278217 -9.567085809127244 6
      vertex 23.776412907378838 -7.7254248593736845 6
      vertex 7 -3.977471198804813 6
    endloop
  endfacet
  facet normal 0 0 1
    outer loop
      vertex 23.776412907378838 -7.7254248593736845 6
      vertex 24.309248009941914 -5.836134096397635 6
      vertex 7 -3.977471198804813 6
    endloop
  endfacet
  facet normal 0 0 1
    outer loop
      vertex 24.309248009941914 -5.836134096397635 6
      vertex 24.67895904706284 -3.9774711988048135 6
      vertex 7 -3.977471198804813 6
    endloop
  endfacet
  facet normal 0.9807852804032303 -0.19509032201612825 5.900138675339298e-15
    outer loop
      vertex 24.309248009941914 -5.836134096397635 6
      vertex 24.692208514878445 -3.910861626005772 5.573712838152677
      vertex 24.68427355515725 -3.950753362380551 5.7742621398390765
    endloop
  endfacet
  facet normal 0.9807852804032302 -0.19509032201612958 -5.70954915639623e-15
    outer loop
      vertex 24.309248009941914 -5.836134096397635 6
      vertex 24.68427355515725 -3.950753362380551 5.7742621398390765
      vertex 24.67895904706284 -3.9774711988048135 6
    endloop
  endfacet
  facet normal 0 0 -1
    outer loop
      vertex 1.9614773931961236 24.9229333433282 0
      vertex 1.2669696769372842 3.899331716810129 0
      vertex 0.957125991809212 3.9867166736304736 0
    endloop
  endfacet
  facet normal 0 0 -1
    outer loop
      vertex 1.9614773931961236 24.9229333433282 0
      vertex 0.32168229248416425 4.087361068305825 0
      vertex 0 4.1 0
    endloop
  endfacet
  facet normal 0 0 -1
    outer loop
      vertex 1.9614773931961236 24.9229333433282 0
      vertex 0.6413813066649465 4.049522196440065 0
      vertex 0.32168229248416425 4.087361068305825 0
    endloop
  endfacet
  facet normal 0 0 -1
    outer loop
      vertex 1.9614773931961236 24.9229333433282 0
      vertex 0.957125991809212 3.9867166736304736 0
      vertex 0.6413813066649465 4.049522196440065 0
    endloop
  endfacet
  facet normal 0 0 -1
    outer loop
      vertex 1.9614773931961236 24.9229333433282 0
      vertex 1.5690020726968679 3.787906083296275 0
      vertex 1.2669696769372842 3.899331716810129 0
    endloop
  endfacet
  facet normal 0 0 -1
    outer loop
      vertex 1.9614773931961236 24.9229333433282 0
      vertex 1.8613610489321415 3.653126749172308 0
      vertex 1.5690020726968679 3.787906083296275 0
    endloop
  endfacet
  facet normal 0 0 -1
    outer loop
      vertex 3.910861626005772 24.692208514878445 0
      vertex 2.14224411533539 3.4958246738517778 0
      vertex 1.8613610489321415 3.653126749172308 0
    endloop
  endfacet
  facet normal 0 0 -1
    outer loop
      vertex 3.910861626005772 24.692208514878445 0
      vertex 2.4099195343991395 3.3169696769372843 0
      vertex 2.14224411533539 3.4958246738517778 0
    endloop
  endfacet
  facet normal 0 0 -1
    outer loop
      vertex 3.910861626005772 24.692208514878445 0
      vertex 2.6627369981537528 3.1176644589601263 0
      vertex 2.4099195343991395 3.3169696769372843 0
    endloop
  endfacet
  facet normal 0 0 -1
    outer loop
      vertex 3.910861626005772 24.692208514878445 0
      vertex 3.899331716810129 1.2669696769372842 0
      vertex 3.787906083296275 1.5690020726968679 0
    endloop
  endfacet
  facet normal 0 0 -1
    outer loop
      vertex 3.910861626005772 24.692208514878445 0
      vertex 3.787906083296275 1.5690020726968679 0
      vertex 3.653126749172308 1.8613610489321415 0
    endloop
  endfacet
  facet normal 0 0 -1
    outer loop
      vertex 5.836134096397635 24.309248009941914 0
      vertex 4.1 0 0
      vertex 4.087361068305825 0.32168229248416425 0
    endloop
  endfacet
  facet normal 0 0 -1
    outer loop
      vertex 5.836134096397635 24.309248009941914 0
      vertex 4.087361068305825 0.32168229248416425 0
      vertex 4.049522196440065 0.6413813066649465 0
    endloop
  endfacet
  facet normal 0 0 -1
    outer loop
      vertex 5.836134096397635 24.309248009941914 0
      vertex 4.049522196440065 0.6413813066649465 0
      vertex 3.9867166736304736 0.957125991809212 0
    endloop
  endfacet
  facet normal 0 0 -1
    outer loop
      vertex 5.836134096397635 24.309248009941914 0
      vertex 3.9867166736304736 0.957125991809212 0
      vertex 3.899331716810129 1.2669696769372842 0
    endloop
  endfacet
  facet normal 0 0 -1
    outer loop
      vertex 3.910861626005772 24.692208514878445 0
      vertex 3.1176644589601263 2.6627369981537528 0
      vertex 2.899137802864845 2.899137802864845 0
    endloop
  endfacet
  facet normal 0 0 -1
    outer loop
      vertex 3.910861626005772 24.692208514878445 0
      vertex 3.3169696769372843 2.4099195343991395 0
      vertex 3.1176644589601263 2.6627369981537528 0
    endloop
  endfacet
  facet normal 0 0 -1
    outer loop
      vertex 3.910861626005772 24.692208514878445 0
      vertex 3.653126749172308 1.8613610489321415 0
      vertex 3.4958246738517778 2.14224411533539 0
    endloop
  endfacet
  facet normal 0 0 -1
    outer loop
      vertex 3.910861626005772 24.692208514878445 0
      vertex 3.4958246738517778 2.14224411533539 0
      vertex 3.3169696769372843 2.4099195343991395 0
    endloop
  endfacet
  facet normal 0 0 -1
    outer loop
      vertex 3.910861626005772 24.692208514878445 0
      vertex 2.899137802864845 2.899137802864845 0
      vertex 2.6627369981537528 3.1176644589601263 0
    endloop
  endfacet
  facet normal 0 0 -1
    outer loop
      vertex 5.836134096397635 -24.309248009941914 0
      vertex 5.836134096397635 24.309248009941914 0
      vertex 7.7254248593736845 23.776412907378838 0
    endloop
  endfacet
  facet normal 0 0 -1
    outer loop
      vertex 7.7254248593736845 -23.776412907378838 0
      vertex 7.7254248593736845 23.776412907378838 0
      vertex 9.567085809127244 23.09698831278217 0
    endloop
  endfacet
  facet normal 0 0 -1
    outer loop
      vertex 9.567085809127244 -23.09698831278217 0
      vertex 9.567085809127244 23.09698831278217 0
      vertex 11.349762493488669 22.275163104709197 0
    endloop
  endfacet
  facet normal 0 0 -1
    outer loop
      vertex 11.349762493488669 -22.275163104709197 0
      vertex 11.349762493488669 22.275163104709197 0
      vertex 13.06246411789872 21.316004108852304 0
    endloop
  endfacet
  facet normal 0 0 -1
    outer loop
      vertex 0 25 0
      vertex 1.9614773931961236 24.9229333433282 0
      vertex 0 4.1 0
    endloop
  endfacet
  facet normal 0 0 -1
    outer loop
      vertex 1.9614773931961236 24.9229333433282 0
      vertex 3.910861626005772 24.692208514878445 0
      vertex 1.8613610489321415 3.653126749172308 0
    endloop
  endfacet
  facet normal 0 0 -1
    outer loop
      vertex 3.910861626005772 24.692208514878445 0
      vertex 5.836134096397635 24.309248009941914 0
      vertex 3.899331716810129 1.2669696769372842 0
    endloop
  endfacet
  facet normal 0.039259815759068256 0.999229036240723 0
    outer loop
      vertex 0 25 0
      vertex 0 25 6
      vertex 1.9614773931961236 24.9229333433282 0
    endloop
  endfacet
  facet normal 0.11753739745783721 0.9930684569549264 0
    outer loop
      vertex 1.9614773931961236 24.9229333433282 0
      vertex 1.9614773931961236 24.9229333433282 6
      vertex 3.910861626005772 24.692208514878445 0
    endloop
  endfacet
  facet normal 0.19509032201612952 0.9807852804032303 0
    outer loop
      vertex 3.910861626005772 24.692208514878445 0
      vertex 3.910861626005772 24.692208514878445 6
      vertex 5.836134096397635 24.309248009941914 0
    endloop
  endfacet
  facet normal 0.2714404498650748 0.9624552364536472 0
    outer loop
      vertex 5.836134096397635 24.309248009941914 0
      vertex 5.836134096397635 24.309248009941914 6
      vertex 7.7254248593736845 23.776412907378838 0
    endloop
  endfacet
  facet normal 0.34611705707749174 0.9381913359224846 0
    outer loop
      vertex 7.7254248593736845 23.776412907378838 0
      vertex 7.7254248593736845 23.776412907378838 6
      vertex 9.567085809127244 23.09698831278217 0
    endloop
  endfacet
  facet normal 0.4186597375374284 0.9081431738250813 0
    outer loop
      vertex 9.567085809127244 23.09698831278217 0
      vertex 9.567085809127244 23.09698831278217 6
      vertex 11.349762493488669 22.275163104709197 0
    endloop
  endfacet
  facet normal 0.48862124149695546 0.8724960070727967 0
    outer loop
      vertex 11.349762493488669 22.275163104709197 0
      vertex 11.349762493488669 22.275163104709197 6
      vertex 13.06246411789872 21.316004108852304 0
    endloop
  endfacet
  facet normal 0 0 -1
    outer loop
      vertex 16.23620120825459 -19.010149140000774 0
      vertex 16.23620120825459 19.010149140000774 0
      vertex 17.67766952966369 17.67766952966369 0
    endloop
  endfacet
  facet normal 0 0 -1
    outer loop
      vertex 17.67766952966369 -17.67766952966369 0
      vertex 17.67766952966369 17.67766952966369 0
      vertex 19.010149140000774 16.23620120825459 0
    endloop
  endfacet
  facet normal 0 0 -1
    outer loop
      vertex 13.06246411789872 -21.316004108852304 0
      vertex 13.06246411789872 21.316004108852304 0
      vertex 14.694631307311829 20.225424859373685 0
    endloop
  endfacet
  facet normal 0 0 -1
    outer loop
      vertex 14.694631307311829 -20.225424859373685 0
      vertex 14.694631307311829 20.225424859373685 0
      vertex 16.23620120825459 19.010149140000774 0
    endloop
  endfacet
  facet normal 0 0 -1
    outer loop
      vertex 19.010149140000774 -16.23620120825459 0
      vertex 19.010149140000774 16.23620120825459 0
      vertex 20.225424859373685 14.694631307311829 0
    endloop
  endfacet
  facet normal 0 0 -1
    outer loop
      vertex 20.225424859373685 -14.694631307311829 0
      vertex 20.225424859373685 14.694631307311829 0
      vertex 21.316004108852304 13.06246411789872 0
    endloop
  endfacet
  facet normal 0 0 -1
    outer loop
      vertex 21.316004108852304 -13.06246411789872 0
      vertex 21.316004108852304 13.06246411789872 0
      vertex 22.275163104709197 11.349762493488669 0
    endloop
  endfacet
  facet normal 0 0 -1
    outer loop
      vertex 23.09698831278217 -9.567085809127244 0
      vertex 23.09698831278217 9.567085809127244 0
      vertex 23.776412907378838 7.7254248593736845 0
    endloop
  endfacet
  facet normal 0 0 -1
    outer loop
      vertex 24.9229333433282 -1.9614773931961236 0
      vertex 24.9229333433282 1.9614773931961236 0
      vertex 25 0 0
    endloop
  endfacet
  facet normal 0 0 -1
    outer loop
      vertex 24.692208514878445 -3.910861626005772 0
      vertex 24.692208514878445 3.910861626005772 0
      vertex 24.9229333433282 1.9614773931961236 0
    endloop
  endfacet
  facet normal 0 0 -1
    outer loop
      vertex 24.309248009941914 -5.836134096397635 0
      vertex 24.309248009941914 5.836134096397635 0
      vertex 24.692208514878445 3.910861626005772 0
    endloop
  endfacet
  facet normal 0 0 -1
    outer loop
      vertex 23.776412907378838 -7.7254248593736845 0
      vertex 23.776412907378838 7.7254248593736845 0
      vertex 24.309248009941914 5.836134096397635 0
    endloop
  endfacet
  facet normal 0 0 -1
    outer loop
      vertex 22.275163104709197 -11.349762493488669 0
      vertex 22.275163104709197 11.349762493488669 0
      vertex 23.09698831278217 9.567085809127244 0
    endloop
  endfacet
  facet normal 0.9992290362407229 0.039259815759068256 -1.1795898541730792e-16
    outer loop
      vertex 25 0 0
      vertex 24.9229333433282 1.9614773931961236 0
      vertex 24.987669334932512 0.3138363829113798 2.4123306650674885
    endloop
  endfacet
  facet normal 0.9930684569549263 0.11753739745783719 0
    outer loop
      vertex 24.9229333433282 1.9614773931961236 0
      vertex 24.692208514878445 3.910861626005772 0
      vertex 24.9229333433282 1.9614773931961236 2.917466439616987
    endloop
  endfacet
  facet normal 0.9992290362407229 0.039259815759067354 0
    outer loop
      vertex 25 0 0
      vertex 24.987669334932512 0.3138363829113798 2.4123306650674885
      vertex 25 0 2.4000000000000004
    endloop
  endfacet
  facet normal 0.999229036240723 0.03925981575906634 -1.4323500601835773e-15
    outer loop
      vertex 24.9229333433282 1.9614773931961236 0
      vertex 24.97541469251553 0.6257378601609235 2.4492466376194493
      vertex 24.987669334932512 0.3138363829113798 2.4123306650674885
    endloop
  endfacet
  facet normal 0.9992290362407229 0.039259815759068686 -1.575201780403873e-16
    outer loop
      vertex 24.9229333433282 1.9614773931961236 0
      vertex 24.96331162669463 0.9337814554236216 2.510520318409294
      vertex 24.97541469251553 0.6257378601609235 2.4492466376194493
    endloop
  endfacet
  facet normal 0.9992290362407231 0.03925981575906621 -1.1671788852696439e-15
    outer loop
      vertex 24.9229333433282 1.9614773931961236 0
      vertex 24.95143475689528 1.2360679774997896 2.5957739348193862
      vertex 24.96331162669463 0.9337814554236216 2.510520318409294
    endloop
  endfacet
  facet normal 0.999229036240723 0.03925981575906834 -5.670142520619875e-16
    outer loop
      vertex 24.9229333433282 1.9614773931961236 0
      vertex 24.939857307969255 1.5307337294603591 2.7044818699548534
      vertex 24.95143475689528 1.2360679774997896 2.5957739348193862
    endloop
  endfacet
  facet normal 0.9992290362407229 0.03925981575906889 -4.8147633348181e-16
    outer loop
      vertex 24.9229333433282 1.9614773931961236 0
      vertex 24.928650658739073 1.815961998958187 2.8359739032465288
      vertex 24.939857307969255 1.5307337294603591 2.7044818699548534
    endloop
  endfacet
  facet normal 0.9992290362407225 0.039259815759078255 0
    outer loop
      vertex 24.9229333433282 1.9614773931961236 0
      vertex 24.9229333433282 1.9614773931961236 2.917466439616987
      vertex 24.928650658739073 1.815961998958187 2.8359739032465288
    endloop
  endfacet
  facet normal 0.993068456954927 0.11753739745783229 -3.2097088439830487e-15
    outer loop
      vertex 24.692208514878445 3.910861626005772 0
      vertex 24.907722369891047 2.089994258863795 2.9894393425836316
      vertex 24.9229333433282 1.9614773931961236 2.917466439616987
    endloop
  endfacet
  facet normal 0.993068456954926 0.11753739745784088 1.9573090039805547e-15
    outer loop
      vertex 24.692208514878445 3.910861626005772 0
      vertex 24.87681361514148 2.3511410091698925 3.1639320225002106
      vertex 24.907722369891047 2.089994258863795 2.9894393425836316
    endloop
  endfacet
  facet normal 0.9930684569549261 0.1175373974578386 8.393592641954245e-16
    outer loop
      vertex 24.692208514878445 3.910861626005772 0
      vertex 24.847620523706595 2.5977921933207346 3.3583761375998766
      vertex 24.87681361514148 2.3511410091698925 3.1639320225002106
    endloop
  endfacet
  facet normal 0.9807852804032302 0.1950903220161295 0
    outer loop
      vertex 24.692208514878445 3.910861626005772 0
      vertex 24.309248009941914 5.836134096397635 0
      vertex 24.692208514878445 3.910861626005772 5.5737128381526775
    endloop
  endfacet
  facet normal 0.9930684569549271 0.11753739745782997 -2.561583506828441e-15
    outer loop
      vertex 24.692208514878445 3.910861626005772 0
      vertex 24.82032308070278 2.8284271247461903 3.57157287525381
      vertex 24.847620523706595 2.5977921933207346 3.3583761375998766
    endloop
  endfacet
  facet normal 0.9930684569549264 0.11753739745783674 -4.634324400290505e-16
    outer loop
      vertex 24.692208514878445 3.910861626005772 0
      vertex 24.795089583943472 3.0416238624001237 3.8022078066792657
      vertex 24.82032308070278 2.8284271247461903 3.57157287525381
    endloop
  endfacet
  facet normal 0.9930684569549254 0.11753739745784426 1.2716373681285194e-15
    outer loop
      vertex 24.692208514878445 3.910861626005772 0
      vertex 24.772075606327178 3.23606797749979 4.048858990830108
      vertex 24.795089583943472 3.0416238624001237 3.8022078066792657
    endloop
  endfacet
  facet normal 0.9930684569549256 0.11753739745784236 9.289560952692685e-16
    outer loop
      vertex 24.692208514878445 3.910861626005772 0
      vertex 24.75142303667883 3.4105606574163687 4.310005741136205
      vertex 24.772075606327178 3.23606797749979 4.048858990830108
    endloop
  endfacet
  facet normal 0.9930684569549278 0.11753739745782533 -1.0657176245248958e-15
    outer loop
      vertex 24.692208514878445 3.910861626005772 0
      vertex 24.73325920495799 3.5640260967534716 4.584038001041813
      vertex 24.75142303667883 3.4105606574163687 4.310005741136205
    endloop
  endfacet
  facet normal 0.9624552364536472 0.2714404498650748 0
    outer loop
      vertex 24.309248009941914 5.836134096397635 0
      vertex 23.776412907378838 7.7254248593736845 0
      vertex 24.309248009941914 5.836134096397635 6
    endloop
  endfacet
  facet normal 0.9381913359224846 0.34611705707749174 0
    outer loop
      vertex 23.776412907378838 7.7254248593736845 0
      vertex 23.09698831278217 9.567085809127244 0
      vertex 23.776412907378838 7.7254248593736845 6
    endloop
  endfacet
  facet normal 0.9081431738250813 0.4186597375374284 0
    outer loop
      vertex 23.09698831278217 9.567085809127244 0
      vertex 22.275163104709197 11.349762493488669 0
      vertex 23.09698831278217 9.567085809127244 6
    endloop
  endfacet
  facet normal 0.8724960070727967 0.48862124149695546 0
    outer loop
      vertex 22.275163104709197 11.349762493488669 0
      vertex 21.316004108852304 13.06246411789872 0
      vertex 22.275163104709197 11.349762493488669 6
    endloop
  endfacet
  facet normal 0.6788007455329417 0.7343225094356858 0
    outer loop
      vertex 17.67766952966369 17.67766952966369 0
      vertex 16.23620120825459 19.010149140000774 0
      vertex 16.23620120825459 19.010149140000774 6
    endloop
  endfacet
  facet normal 0.7343225094356858 0.6788007455329417 0
    outer loop
      vertex 17.67766952966369 17.67766952966369 0
      vertex 19.010149140000774 16.23620120825459 6
      vertex 19.010149140000774 16.23620120825459 0
    endloop
  endfacet
  facet normal 0.5555702330196015 0.8314696123025457 0
    outer loop
      vertex 13.06246411789872 21.316004108852304 0
      vertex 13.06246411789872 21.316004108852304 6
      vertex 14.694631307311829 20.225424859373685 0
    endloop
  endfacet
  facet normal 0.6190939493098339 0.7853169308807452 0
    outer loop
      vertex 14.694631307311829 20.225424859373685 0
      vertex 14.694631307311829 20.225424859373685 6
      vertex 16.23620120825459 19.010149140000774 0
    endloop
  endfacet
  facet normal 0.7853169308807452 0.6190939493098339 0
    outer loop
      vertex 20.225424859373685 14.694631307311829 0
      vertex 19.010149140000774 16.23620120825459 0
      vertex 20.225424859373685 14.694631307311829 6
    endloop
  endfacet
  facet normal 0.8314696123025457 0.5555702330196015 0
    outer loop
      vertex 20.225424859373685 14.694631307311829 0
      vertex 21.316004108852304 13.06246411789872 6
      vertex 21.316004108852304 13.06246411789872 0
    endloop
  endfacet
  facet normal 0 0 1
    outer loop
      vertex 5.836134096397635 -24.309248009941914 6
      vertex 3.910861626005772 24.692208514878445 6
      vertex 4.1 0 6
    endloop
  endfacet
  facet normal 0 0 1
    outer loop
      vertex 1.9614773931961236 24.9229333433282 6
      vertex 0.957125991809212 3.9867166736304736 6
      vertex 1.2669696769372842 3.899331716810129 6
    endloop
  endfacet
  facet normal 0 0 1
    outer loop
      vertex 0 25 6
      vertex 0 4.1 6
      vertex 0.32168229248416425 4.087361068305825 6
    endloop
  endfacet
  facet normal 0 0 1
    outer loop
      vertex 0 25 6
      vertex 0.32168229248416425 4.087361068305825 6
      vertex 0.6413813066649465 4.049522196440065 6
    endloop
  endfacet
  facet normal 0 0 1
    outer loop
      vertex 0 25 6
      vertex 0.6413813066649465 4.049522196440065 6
      vertex 0.957125991809212 3.9867166736304736 6
    endloop
  endfacet
  facet normal 0 0 1
    outer loop
      vertex 1.9614773931961236 24.9229333433282 6
      vertex 1.2669696769372842 3.899331716810129 6
      vertex 1.5690020726968679 3.787906083296275 6
    endloop
  endfacet
  facet normal 0 0 1
    outer loop
      vertex 1.9614773931961236 24.9229333433282 6
      vertex 1.5690020726968679 3.787906083296275 6
      vertex 1.8613610489321415 3.653126749172308 6
    endloop
  endfacet
  facet normal 0 0 1
    outer loop
      vertex 1.9614773931961236 24.9229333433282 6
      vertex 1.8613610489321415 3.653126749172308 6
      vertex 2.14224411533539 3.4958246738517778 6
    endloop
  endfacet
  facet normal 0 0 1
    outer loop
      vertex 1.9614773931961236 24.9229333433282 6
      vertex 2.14224411533539 3.4958246738517778 6
      vertex 2.4099195343991395 3.3169696769372843 6
    endloop
  endfacet
  facet normal 0 0 1
    outer loop
      vertex 1.9614773931961236 24.9229333433282 6
      vertex 2.6627369981537528 3.1176644589601263 6
      vertex 2.899137802864845 2.899137802864845 6
    endloop
  endfacet
  facet normal 0 0 1
    outer loop
      vertex 1.9614773931961236 24.9229333433282 6
      vertex 2.4099195343991395 3.3169696769372843 6
      vertex 2.6627369981537528 3.1176644589601263 6
    endloop
  endfacet
  facet normal 0 0 1
    outer loop
      vertex 3.910861626005772 24.692208514878445 6
      vertex 3.787906083296275 1.5690020726968679 6
      vertex 3.899331716810129 1.2669696769372842 6
    endloop
  endfacet
  facet normal 0 0 1
    outer loop
      vertex 3.910861626005772 24.692208514878445 6
      vertex 3.653126749172308 1.8613610489321415 6
      vertex 3.787906083296275 1.5690020726968679 6
    endloop
  endfacet
  facet normal 0 0 1
    outer loop
      vertex 3.910861626005772 24.692208514878445 6
      vertex 4.087361068305825 0.32168229248416425 6
      vertex 4.1 0 6
    endloop
  endfacet
  facet normal 0 0 1
    outer loop
      vertex 3.910861626005772 24.692208514878445 6
      vertex 4.049522196440065 0.6413813066649465 6
      vertex 4.087361068305825 0.32168229248416425 6
    endloop
  endfacet
  facet normal 0 0 1
    outer loop
      vertex 3.910861626005772 24.692208514878445 6
      vertex 3.9867166736304736 0.957125991809212 6
      vertex 4.049522196440065 0.6413813066649465 6
    endloop
  endfacet
  facet normal 0 0 1
    outer loop
      vertex 3.910861626005772 24.692208514878445 6
      vertex 3.899331716810129 1.2669696769372842 6
      vertex 3.9867166736304736 0.957125991809212 6
    endloop
  endfacet
  facet normal 0 0 1
    outer loop
      vertex 5.836134096397635 -24.309248009941914 6
      vertex 5.836134096397635 24.309248009941914 6
      vertex 3.910861626005772 24.692208514878445 6
    endloop
  endfacet
  facet normal 0 0 1
    outer loop
      vertex 3.910861626005772 24.692208514878445 6
      vertex 2.899137802864845 2.899137802864845 6
      vertex 3.1176644589601263 2.6627369981537528 6
    endloop
  endfacet
  facet normal 0 0 1
    outer loop
      vertex 3.910861626005772 24.692208514878445 6
      vertex 3.1176644589601263 2.6627369981537528 6
      vertex 3.3169696769372843 2.4099195343991395 6
    endloop
  endfacet
  facet normal 0 0 1
    outer loop
      vertex 3.910861626005772 24.692208514878445 6
      vertex 3.4958246738517778 2.14224411533539 6
      vertex 3.653126749172308 1.8613610489321415 6
    endloop
  endfacet
  facet normal 0 0 1
    outer loop
      vertex 3.910861626005772 24.692208514878445 6
      vertex 3.3169696769372843 2.4099195343991395 6
      vertex 3.4958246738517778 2.14224411533539 6
    endloop
  endfacet
  facet normal 0 0 1
    outer loop
      vertex 5.836134096397635 24.309248009941914 6
      vertex 7 -3.977471198804813 6
      vertex 7 3.977471198804813 6
    endloop
  endfacet
  facet normal 0.039259815759068256 0.999229036240723 0
    outer loop
      vertex 1.9614773931961236 24.9229333433282 0
      vertex 0 25 6
      vertex 1.9614773931961236 24.9229333433282 6
    endloop
  endfacet
  facet normal 0.11753739745783721 0.9930684569549264 0
    outer loop
      vertex 3.910861626005772 24.692208514878445 0
      vertex 1.9614773931961236 24.9229333433282 6
      vertex 3.910861626005772 24.692208514878445 6
    endloop
  endfacet
  facet normal 0.19509032201612952 0.9807852804032303 0
    outer loop
      vertex 5.836134096397635 24.309248009941914 0
      vertex 3.910861626005772 24.692208514878445 6
      vertex 5.836134096397635 24.309248009941914 6
    endloop
  endfacet
  facet normal 0.2714404498650748 0.9624552364536472 0
    outer loop
      vertex 7.7254248593736845 23.776412907378838 0
      vertex 5.836134096397635 24.309248009941914 6
      vertex 7.7254248593736845 23.776412907378838 6
    endloop
  endfacet
  facet normal 0.34611705707749174 0.9381913359224846 0
    outer loop
      vertex 9.567085809127244 23.09698831278217 0
      vertex 7.7254248593736845 23.776412907378838 6
      vertex 9.567085809127244 23.09698831278217 6
    endloop
  endfacet
  facet normal 0.48862124149695546 0.8724960070727967 0
    outer loop
      vertex 13.06246411789872 21.316004108852304 0
      vertex 11.349762493488669 22.275163104709197 6
      vertex 13.06246411789872 21.316004108852304 6
    endloop
  endfacet
  facet normal 0.4186597375374284 0.9081431738250813 0
    outer loop
      vertex 11.349762493488669 22.275163104709197 0
      vertex 9.567085809127244 23.09698831278217 6
      vertex 11.349762493488669 22.275163104709197 6
    endloop
  endfacet
  facet normal 0 0 1
    outer loop
      vertex 0 25 6
      vertex 0.957125991809212 3.9867166736304736 6
      vertex 1.9614773931961236 24.9229333433282 6
    endloop
  endfacet
  facet normal 0 0 1
    outer loop
      vertex 1.9614773931961236 24.9229333433282 6
      vertex 2.899137802864845 2.899137802864845 6
      vertex 3.910861626005772 24.692208514878445 6
    endloop
  endfacet
  facet normal 0 0 1
    outer loop
      vertex 5.836134096397635 24.309248009941914 6
      vertex 7 3.977471198804813 6
      vertex 7.7254248593736845 23.776412907378838 6
    endloop
  endfacet
  facet normal 0.9930684569549244 0.11753739745785326 1.0753186243798018e-15
    outer loop
      vertex 24.692208514878445 3.910861626005772 0
      vertex 24.717696097227293 3.695518130045147 4.869266270539641
      vertex 24.73325920495799 3.5640260967534716 4.584038001041813
    endloop
  endfacet
  facet normal 0.9930684569549275 0.11753739745782725 -9.008986938665894e-17
    outer loop
      vertex 24.692208514878445 3.910861626005772 0
      vertex 24.70482966522117 3.804226065180614 5.1639320225002106
      vertex 24.717696097227293 3.695518130045147 4.869266270539641
    endloop
  endfacet
  facet normal 0.9930684569549284 0.11753739745781962 -2.4964329654829434e-16
    outer loop
      vertex 24.692208514878445 3.910861626005772 0
      vertex 24.694739234771454 3.8894796815907062 5.466218544576379
      vertex 24.70482966522117 3.804226065180614 5.1639320225002106
    endloop
  endfacet
  facet normal 0.993068456954921 0.11753739745788258 0
    outer loop
      vertex 24.692208514878445 3.910861626005772 0
      vertex 24.692208514878445 3.910861626005772 5.5737128381526775
      vertex 24.694739234771454 3.8894796815907062 5.466218544576379
    endloop
  endfacet
  facet normal 0.9807852804032283 0.19509032201613896 3.5791852607732625e-15
    outer loop
      vertex 24.309248009941914 5.836134096397635 0
      vertex 24.68427355515725 3.950753362380551 5.7742621398390765
      vertex 24.692208514878445 3.910861626005772 5.5737128381526775
    endloop
  endfacet
  facet normal 0.9807852804032303 0.19509032201612891 0
    outer loop
      vertex 24.309248009941914 5.836134096397635 0
      vertex 24.309248009941914 5.836134096397635 6
      vertex 24.68427355515725 3.950753362380551 5.7742621398390765
    endloop
  endfacet
  facet normal 0.8724960070727967 0.48862124149695546 0
    outer loop
      vertex 21.316004108852304 13.06246411789872 0
      vertex 21.316004108852304 13.06246411789872 6
      vertex 22.275163104709197 11.349762493488669 6
    endloop
  endfacet
  facet normal 0.9381913359224846 0.34611705707749174 0
    outer loop
      vertex 23.09698831278217 9.567085809127244 0
      vertex 23.09698831278217 9.567085809127244 6
      vertex 23.776412907378838 7.7254248593736845 6
    endloop
  endfacet
  facet normal 0.9624552364536472 0.2714404498650748 0
    outer loop
      vertex 23.776412907378838 7.7254248593736845 0
      vertex 23.776412907378838 7.7254248593736845 6
      vertex 24.309248009941914 5.836134096397635 6
    endloop
  endfacet
  facet normal 0.9081431738250813 0.4186597375374284 0
    outer loop
      vertex 22.275163104709197 11.349762493488669 0
      vertex 22.275163104709197 11.349762493488669 6
      vertex 23.09698831278217 9.567085809127244 6
    endloop
  endfacet
  facet normal 0 0 1
    outer loop
      vertex 7.7254248593736845 23.776412907378838 6
      vertex 7 3.977471198804813 6
      vertex 24.67895904706284 3.977471198804813 6
    endloop
  endfacet
  facet normal 0.9807852804032302 0.19509032201612952 -5.1904992330874805e-15
    outer loop
      vertex 24.309248009941914 5.836134096397635 6
      vertex 24.67895904706284 3.977471198804813 6
      vertex 24.68427355515725 3.950753362380551 5.7742621398390765
    endloop
  endfacet
  facet normal 0 0 1
    outer loop
      vertex 24.309248009941914 5.836134096397635 6
      vertex 23.776412907378838 7.7254248593736845 6
      vertex 24.67895904706284 3.977471198804813 6
    endloop
  endfacet
  facet normal 0 0 1
    outer loop
      vertex 20.225424859373685 14.694631307311829 6
      vertex 19.010149140000774 16.23620120825459 6
      vertex 24.67895904706284 3.977471198804813 6
    endloop
  endfacet
  facet normal 0 0 1
    outer loop
      vertex 23.09698831278217 9.567085809127244 6
      vertex 22.275163104709197 11.349762493488669 6
      vertex 24.67895904706284 3.977471198804813 6
    endloop
  endfacet
  facet normal 0 0 1
    outer loop
      vertex 23.776412907378838 7.7254248593736845 6
      vertex 23.09698831278217 9.567085809127244 6
      vertex 24.67895904706284 3.977471198804813 6
    endloop
  endfacet
  facet normal 0 0 1
    outer loop
      vertex 20.225424859373685 14.694631307311829 6
      vertex 24.67895904706284 3.977471198804813 6
      vertex 21.316004108852304 13.06246411789872 6
    endloop
  endfacet
  facet normal 0 0 1
    outer loop
      vertex 22.275163104709197 11.349762493488669 6
      vertex 21.316004108852304 13.06246411789872 6
      vertex 24.67895904706284 3.977471198804813 6
    endloop
  endfacet
  facet normal 0.6788007455329417 0.7343225094356858 0
    outer loop
      vertex 17.67766952966369 17.67766952966369 0
      vertex 16.23620120825459 19.010149140000774 6
      vertex 17.67766952966369 17.67766952966369 6
    endloop
  endfacet
  facet normal 0.7343225094356858 0.6788007455329417 0
    outer loop
      vertex 17.67766952966369 17.67766952966369 0
      vertex 17.67766952966369 17.67766952966369 6
      vertex 19.010149140000774 16.23620120825459 6
    endloop
  endfacet
  facet normal 0.5555702330196015 0.8314696123025457 0
    outer loop
      vertex 14.694631307311829 20.225424859373685 0
      vertex 13.06246411789872 21.316004108852304 6
      vertex 14.694631307311829 20.225424859373685 6
    endloop
  endfacet
  facet normal 0.6190939493098339 0.7853169308807452 0
    outer loop
      vertex 16.23620120825459 19.010149140000774 0
      vertex 14.694631307311829 20.225424859373685 6
      vertex 16.23620120825459 19.010149140000774 6
    endloop
  endfacet
  facet normal 0.8314696123025457 0.5555702330196015 0
    outer loop
      vertex 20.225424859373685 14.694631307311829 0
      vertex 20.225424859373685 14.694631307311829 6
      vertex 21.316004108852304 13.06246411789872 6
    endloop
  endfacet
  facet normal 0.7853169308807452 0.6190939493098339 0
    outer loop
      vertex 19.010149140000774 16.23620120825459 0
      vertex 19.010149140000774 16.23620120825459 6
      vertex 20.225424859373685 14.694631307311829 6
    endloop
  endfacet
  facet normal 0 0 1
    outer loop
      vertex 7.7254248593736845 23.776412907378838 6
      vertex 24.67895904706284 3.977471198804813 6
      vertex 9.567085809127244 23.09698831278217 6
    endloop
  endfacet
  facet normal 0 0 1
    outer loop
      vertex 9.567085809127244 23.09698831278217 6
      vertex 24.67895904706284 3.977471198804813 6
      vertex 11.349762493488669 22.275163104709197 6
    endloop
  endfacet
  facet normal 0 0 1
    outer loop
      vertex 13.06246411789872 21.316004108852304 6
      vertex 24.67895904706284 3.977471198804813 6
      vertex 14.694631307311829 20.225424859373685 6
    endloop
  endfacet
  facet normal 0 0 1
    outer loop
      vertex 14.694631307311829 20.225424859373685 6
      vertex 24.67895904706284 3.977471198804813 6
      vertex 16.23620120825459 19.010149140000774 6
    endloop
  endfacet
  facet normal 0 0 1
    outer loop
      vertex 11.349762493488669 22.275163104709197 6
      vertex 24.67895904706284 3.977471198804813 6
      vertex 13.06246411789872 21.316004108852304 6
    endloop
  endfacet
  facet normal 0 0 1
    outer loop
      vertex 17.67766952966369 17.67766952966369 6
      vertex 16.23620120825459 19.010149140000774 6
      vertex 24.67895904706284 3.977471198804813 6
    endloop
  endfacet
  facet normal 0 0 1
    outer loop
      vertex 17.67766952966369 17.67766952966369 6
      vertex 24.67895904706284 3.977471198804813 6
      vertex 19.010149140000774 16.23620120825459 6
    endloop
  endfacet
  facet normal 0.7853169308807444 0.6190939493098345 0
    outer loop
      vertex -3.3169696769372843 -2.4099195343991395 6
      vertex -3.1176644589601263 -2.6627369981537528 0
      vertex -3.3169696769372843 -2.4099195343991395 0
    endloop
  endfacet
  facet normal 0.8724960070727968 0.48862124149695546 0
    outer loop
      vertex -3.653126749172308 -1.8613610489321415 6
      vertex -3.4958246738517778 -2.14224411533539 0
      vertex -3.653126749172308 -1.8613610489321415 0
    endloop
  endfacet
  facet normal 0.9081431738250816 0.4186597375374274 0
    outer loop
      vertex -3.787906083296275 -1.5690020726968679 6
      vertex -3.653126749172308 -1.8613610489321415 0
      vertex -3.787906083296275 -1.5690020726968679 0
    endloop
  endfacet
  facet normal 0.8314696123025457 0.5555702330196016 0
    outer loop
      vertex -3.4958246738517778 -2.14224411533539 6
      vertex -3.3169696769372843 -2.4099195343991395 0
      vertex -3.4958246738517778 -2.14224411533539 0
    endloop
  endfacet
  facet normal 0.9624552364536473 0.27144044986507426 0
    outer loop
      vertex -3.899331716810129 -1.2669696769372842 0
      vertex -3.9867166736304736 -0.957125991809212 0
      vertex -3.9867166736304736 -0.957125991809212 6
    endloop
  endfacet
  facet normal 0.9807852804032301 0.19509032201613005 0
    outer loop
      vertex -3.9867166736304736 -0.957125991809212 0
      vertex -4.049522196440065 -0.6413813066649465 0
      vertex -4.049522196440065 -0.6413813066649465 6
    endloop
  endfacet
  facet normal 0.9930684569549264 0.11753739745783712 0
    outer loop
      vertex -4.049522196440065 -0.6413813066649465 0
      vertex -4.087361068305825 -0.32168229248416425 0
      vertex -4.087361068305825 -0.32168229248416425 6
    endloop
  endfacet
  facet normal 0.999229036240723 0.03925981575906791 0
    outer loop
      vertex -4.087361068305825 -0.32168229248416425 0
      vertex -4.1 0 0
      vertex -4.1 0 6
    endloop
  endfacet
  facet normal 0.9381913359224842 0.3461170570774929 0
    outer loop
      vertex -3.899331716810129 -1.2669696769372842 6
      vertex -3.787906083296275 -1.5690020726968679 0
      vertex -3.899331716810129 -1.2669696769372842 0
    endloop
  endfacet
  facet normal 0.6190939493098345 0.7853169308807444 0
    outer loop
      vertex -2.6627369981537528 -3.1176644589601263 0
      vertex -2.6627369981537528 -3.1176644589601263 6
      vertex -2.4099195343991395 -3.3169696769372843 0
    endloop
  endfacet
  facet normal 0.48862124149695546 0.8724960070727968 0
    outer loop
      vertex -2.14224411533539 -3.4958246738517778 0
      vertex -2.14224411533539 -3.4958246738517778 6
      vertex -1.8613610489321415 -3.653126749172308 0
    endloop
  endfacet
  facet normal 0.5555702330196016 0.8314696123025457 0
    outer loop
      vertex -2.4099195343991395 -3.3169696769372843 0
      vertex -2.4099195343991395 -3.3169696769372843 6
      vertex -2.14224411533539 -3.4958246738517778 0
    endloop
  endfacet
  facet normal 0.4186597375374274 0.9081431738250816 0
    outer loop
      vertex -1.8613610489321415 -3.653126749172308 6
      vertex -1.5690020726968679 -3.787906083296275 0
      vertex -1.8613610489321415 -3.653126749172308 0
    endloop
  endfacet
  facet normal 0.27144044986507426 0.9624552364536473 0
    outer loop
      vertex -1.2669696769372842 -3.899331716810129 6
      vertex -0.957125991809212 -3.9867166736304736 0
      vertex -1.2669696769372842 -3.899331716810129 0
    endloop
  endfacet
  facet normal 0.19509032201613005 0.9807852804032301 0
    outer loop
      vertex -0.957125991809212 -3.9867166736304736 0
      vertex -0.957125991809212 -3.9867166736304736 6
      vertex -0.6413813066649465 -4.049522196440065 0
    endloop
  endfacet
  facet normal 0.3461170570774929 0.9381913359224842 0
    outer loop
      vertex -1.5690020726968679 -3.787906083296275 6
      vertex -1.2669696769372842 -3.899331716810129 0
      vertex -1.5690020726968679 -3.787906083296275 0
    endloop
  endfacet
  facet normal 0.11753739745783712 0.9930684569549264 0
    outer loop
      vertex -0.6413813066649465 -4.049522196440065 0
      vertex -0.6413813066649465 -4.049522196440065 6
      vertex -0.32168229248416425 -4.087361068305825 0
    endloop
  endfacet
  facet normal 0.03925981575906791 0.999229036240723 0
    outer loop
      vertex -0.32168229248416425 -4.087361068305825 0
      vertex -0.32168229248416425 -4.087361068305825 6
      vertex 0 -4.1 0
    endloop
  endfacet
  facet normal 0.7343225094356869 0.6788007455329405 0
    outer loop
      vertex -2.899137802864845 -2.899137802864845 0
      vertex -3.1176644589601263 -2.6627369981537528 0
      vertex -3.1176644589601263 -2.6627369981537528 6
    endloop
  endfacet
  facet normal 0.6788007455329405 0.7343225094356869 0
    outer loop
      vertex -2.6627369981537528 -3.1176644589601263 0
      vertex -2.899137802864845 -2.899137802864845 0
      vertex -2.899137802864845 -2.899137802864845 6
    endloop
  endfacet
  facet normal 0.7853169308807444 0.6190939493098345 0
    outer loop
      vertex -3.3169696769372843 -2.4099195343991395 6
      vertex -3.1176644589601263 -2.6627369981537528 6
      vertex -3.1176644589601263 -2.6627369981537528 0
    endloop
  endfacet
  facet normal 0.8724960070727968 0.48862124149695546 0
    outer loop
      vertex -3.653126749172308 -1.8613610489321415 6
      vertex -3.4958246738517778 -2.14224411533539 6
      vertex -3.4958246738517778 -2.14224411533539 0
    endloop
  endfacet
  facet normal 0.9081431738250816 0.4186597375374274 0
    outer loop
      vertex -3.787906083296275 -1.5690020726968679 6
      vertex -3.653126749172308 -1.8613610489321415 6
      vertex -3.653126749172308 -1.8613610489321415 0
    endloop
  endfacet
  facet normal 0.8314696123025457 0.5555702330196016 0
    outer loop
      vertex -3.4958246738517778 -2.14224411533539 6
      vertex -3.3169696769372843 -2.4099195343991395 6
      vertex -3.3169696769372843 -2.4099195343991395 0
    endloop
  endfacet
  facet normal 0.9624552364536473 0.27144044986507426 0
    outer loop
      vertex -3.9867166736304736 -0.957125991809212 6
      vertex -3.899331716810129 -1.2669696769372842 6
      vertex -3.899331716810129 -1.2669696769372842 0
    endloop
  endfacet
  facet normal 0.9807852804032301 0.19509032201613005 0
    outer loop
      vertex -3.9867166736304736 -0.957125991809212 0
      vertex -4.049522196440065 -0.6413813066649465 6
      vertex -3.9867166736304736 -0.957125991809212 6
    endloop
  endfacet
  facet normal 0.9930684569549264 0.11753739745783712 0
    outer loop
      vertex -4.049522196440065 -0.6413813066649465 0
      vertex -4.087361068305825 -0.32168229248416425 6
      vertex -4.049522196440065 -0.6413813066649465 6
    endloop
  endfacet
  facet normal 0.999229036240723 0.03925981575906791 0
    outer loop
      vertex -4.087361068305825 -0.32168229248416425 0
      vertex -4.1 0 6
      vertex -4.087361068305825 -0.32168229248416425 6
    endloop
  endfacet
  facet normal 0.9381913359224842 0.3461170570774929 0
    outer loop
      vertex -3.899331716810129 -1.2669696769372842 6
      vertex -3.787906083296275 -1.5690020726968679 6
      vertex -3.787906083296275 -1.5690020726968679 0
    endloop
  endfacet
  facet normal 0.6190939493098345 0.7853169308807444 0
    outer loop
      vertex -2.4099195343991395 -3.3169696769372843 0
      vertex -2.6627369981537528 -3.1176644589601263 6
      vertex -2.4099195343991395 -3.3169696769372843 6
    endloop
  endfacet
  facet normal 0.48862124149695546 0.8724960070727968 0
    outer loop
      vertex -1.8613610489321415 -3.653126749172308 6
      vertex -1.8613610489321415 -3.653126749172308 0
      vertex -2.14224411533539 -3.4958246738517778 6
    endloop
  endfacet
  facet normal 0.5555702330196016 0.8314696123025457 0
    outer loop
      vertex -2.14224411533539 -3.4958246738517778 0
      vertex -2.4099195343991395 -3.3169696769372843 6
      vertex -2.14224411533539 -3.4958246738517778 6
    endloop
  endfacet
  facet normal 0.4186597375374274 0.9081431738250816 0
    outer loop
      vertex -1.5690020726968679 -3.787906083296275 6
      vertex -1.5690020726968679 -3.787906083296275 0
      vertex -1.8613610489321415 -3.653126749172308 6
    endloop
  endfacet
  facet normal 0.27144044986507426 0.9624552364536473 0
    outer loop
      vertex -0.957125991809212 -3.9867166736304736 0
      vertex -1.2669696769372842 -3.899331716810129 6
      vertex -0.957125991809212 -3.9867166736304736 6
    endloop
  endfacet
  facet normal 0.3461170570774929 0.9381913359224842 0
    outer loop
      vertex -1.2669696769372842 -3.899331716810129 6
      vertex -1.2669696769372842 -3.899331716810129 0
      vertex -1.5690020726968679 -3.787906083296275 6
    endloop
  endfacet
  facet normal 0.19509032201613005 0.9807852804032301 0
    outer loop
      vertex -0.6413813066649465 -4.049522196440065 0
      vertex -0.957125991809212 -3.9867166736304736 6
      vertex -0.6413813066649465 -4.049522196440065 6
    endloop
  endfacet
  facet normal 0.11753739745783712 0.9930684569549264 0
    outer loop
      vertex -0.32168229248416425 -4.087361068305825 0
      vertex -0.6413813066649465 -4.049522196440065 6
      vertex -0.32168229248416425 -4.087361068305825 6
    endloop
  endfacet
  facet normal 0.03925981575906791 0.999229036240723 0
    outer loop
      vertex 0 -4.1 0
      vertex -0.32168229248416425 -4.087361068305825 6
      vertex 0 -4.1 6
    endloop
  endfacet
  facet normal 0.7343225094356869 0.6788007455329405 0
    outer loop
      vertex -2.899137802864845 -2.899137802864845 0
      vertex -3.1176644589601263 -2.6627369981537528 6
      vertex -2.899137802864845 -2.899137802864845 6
    endloop
  endfacet
  facet normal 0.6788007455329405 0.7343225094356869 0
    outer loop
      vertex -2.6627369981537528 -3.1176644589601263 0
      vertex -2.899137802864845 -2.899137802864845 6
      vertex -2.6627369981537528 -3.1176644589601263 6
    endloop
  endfacet
  facet normal 0.999229036240723 -0.03925981575906791 0
    outer loop
      vertex -4.1 0 0
      vertex -4.087361068305825 0.32168229248416425 0
      vertex -4.087361068305825 0.32168229248416425 6
    endloop
  endfacet
  facet normal 0.9930684569549264 -0.11753739745783712 0
    outer loop
      vertex -4.087361068305825 0.32168229248416425 0
      vertex -4.049522196440065 0.6413813066649465 0
      vertex -4.049522196440065 0.6413813066649465 6
    endloop
  endfacet
  facet normal 0.9807852804032301 -0.19509032201613005 0
    outer loop
      vertex -4.049522196440065 0.6413813066649465 0
      vertex -3.9867166736304736 0.957125991809212 0
      vertex -3.9867166736304736 0.957125991809212 6
    endloop
  endfacet
  facet normal 0.9624552364536473 -0.27144044986507426 0
    outer loop
      vertex -3.9867166736304736 0.957125991809212 0
      vertex -3.899331716810129 1.2669696769372842 0
      vertex -3.899331716810129 1.2669696769372842 6
    endloop
  endfacet
  facet normal 0.9381913359224842 -0.3461170570774929 0
    outer loop
      vertex -3.787906083296275 1.5690020726968679 6
      vertex -3.899331716810129 1.2669696769372842 0
      vertex -3.787906083296275 1.5690020726968679 0
    endloop
  endfacet
  facet normal 0.9081431738250816 -0.4186597375374274 0
    outer loop
      vertex -3.653126749172308 1.8613610489321415 6
      vertex -3.787906083296275 1.5690020726968679 0
      vertex -3.653126749172308 1.8613610489321415 0
    endloop
  endfacet
  facet normal 0.8724960070727968 -0.48862124149695546 0
    outer loop
      vertex -3.4958246738517778 2.14224411533539 6
      vertex -3.653126749172308 1.8613610489321415 0
      vertex -3.4958246738517778 2.14224411533539 0
    endloop
  endfacet
  facet normal 0.8314696123025457 -0.5555702330196016 0
    outer loop
      vertex -3.3169696769372843 2.4099195343991395 6
      vertex -3.4958246738517778 2.14224411533539 0
      vertex -3.3169696769372843 2.4099195343991395 0
    endloop
  endfacet
  facet normal 0.7853169308807444 -0.6190939493098345 0
    outer loop
      vertex -3.1176644589601263 2.6627369981537528 6
      vertex -3.3169696769372843 2.4099195343991395 0
      vertex -3.1176644589601263 2.6627369981537528 0
    endloop
  endfacet
  facet normal 0.7343225094356869 -0.6788007455329405 0
    outer loop
      vertex -3.1176644589601263 2.6627369981537528 0
      vertex -2.899137802864845 2.899137802864845 0
      vertex -2.899137802864845 2.899137802864845 6
    endloop
  endfacet
  facet normal 0.6788007455329405 -0.7343225094356869 0
    outer loop
      vertex -2.6627369981537528 3.1176644589601263 0
      vertex -2.6627369981537528 3.1176644589601263 6
      vertex -2.899137802864845 2.899137802864845 0
    endloop
  endfacet
  facet normal 0.6190939493098345 -0.7853169308807444 0
    outer loop
      vertex -2.4099195343991395 3.3169696769372843 0
      vertex -2.4099195343991395 3.3169696769372843 6
      vertex -2.6627369981537528 3.1176644589601263 0
    endloop
  endfacet
  facet normal 0.5555702330196016 -0.8314696123025457 0
    outer loop
      vertex -2.14224411533539 3.4958246738517778 0
      vertex -2.14224411533539 3.4958246738517778 6
      vertex -2.4099195343991395 3.3169696769372843 0
    endloop
  endfacet
  facet normal 0.48862124149695546 -0.8724960070727968 0
    outer loop
      vertex -1.8613610489321415 3.653126749172308 6
      vertex -2.14224411533539 3.4958246738517778 0
      vertex -1.8613610489321415 3.653126749172308 0
    endloop
  endfacet
  facet normal 0.4186597375374274 -0.9081431738250816 0
    outer loop
      vertex -1.5690020726968679 3.787906083296275 6
      vertex -1.8613610489321415 3.653126749172308 0
      vertex -1.5690020726968679 3.787906083296275 0
    endloop
  endfacet
  facet normal 0.3461170570774929 -0.9381913359224842 0
    outer loop
      vertex -1.2669696769372842 3.899331716810129 6
      vertex -1.5690020726968679 3.787906083296275 0
      vertex -1.2669696769372842 3.899331716810129 0
    endloop
  endfacet
  facet normal 0.27144044986507426 -0.9624552364536473 0
    outer loop
      vertex -0.957125991809212 3.9867166736304736 0
      vertex -0.957125991809212 3.9867166736304736 6
      vertex -1.2669696769372842 3.899331716810129 0
    endloop
  endfacet
  facet normal 0.19509032201613005 -0.9807852804032301 0
    outer loop
      vertex -0.6413813066649465 4.049522196440065 0
      vertex -0.6413813066649465 4.049522196440065 6
      vertex -0.957125991809212 3.9867166736304736 0
    endloop
  endfacet
  facet normal 0.11753739745783712 -0.9930684569549264 0
    outer loop
      vertex -0.32168229248416425 4.087361068305825 0
      vertex -0.32168229248416425 4.087361068305825 6
      vertex -0.6413813066649465 4.049522196440065 0
    endloop
  endfacet
  facet normal 0.03925981575906791 -0.999229036240723 0
    outer loop
      vertex -0.32168229248416425 4.087361068305825 0
      vertex 0 4.1 0
      vertex 0 4.1 6
    endloop
  endfacet
  facet normal 0.999229036240723 -0.03925981575906791 0
    outer loop
      vertex -4.1 0 0
      vertex -4.087361068305825 0.32168229248416425 6
      vertex -4.1 0 6
    endloop
  endfacet
  facet normal 0.9930684569549264 -0.11753739745783712 0
    outer loop
      vertex -4.087361068305825 0.32168229248416425 0
      vertex -4.049522196440065 0.6413813066649465 6
      vertex -4.087361068305825 0.32168229248416425 6
    endloop
  endfacet
  facet normal 0.9807852804032301 -0.19509032201613005 0
    outer loop
      vertex -4.049522196440065 0.6413813066649465 0
      vertex -3.9867166736304736 0.957125991809212 6
      vertex -4.049522196440065 0.6413813066649465 6
    endloop
  endfacet
  facet normal 0.9624552364536473 -0.27144044986507426 0
    outer loop
      vertex -3.899331716810129 1.2669696769372842 6
      vertex -3.9867166736304736 0.957125991809212 6
      vertex -3.9867166736304736 0.957125991809212 0
    endloop
  endfacet
  facet normal 0.9381913359224842 -0.3461170570774929 0
    outer loop
      vertex -3.787906083296275 1.5690020726968679 6
      vertex -3.899331716810129 1.2669696769372842 6
      vertex -3.899331716810129 1.2669696769372842 0
    endloop
  endfacet
  facet normal 0.9081431738250816 -0.4186597375374274 0
    outer loop
      vertex -3.653126749172308 1.8613610489321415 6
      vertex -3.787906083296275 1.5690020726968679 6
      vertex -3.787906083296275 1.5690020726968679 0
    endloop
  endfacet
  facet normal 0.8724960070727968 -0.48862124149695546 0
    outer loop
      vertex -3.4958246738517778 2.14224411533539 6
      vertex -3.653126749172308 1.8613610489321415 6
      vertex -3.653126749172308 1.8613610489321415 0
    endloop
  endfacet
  facet normal 0.8314696123025457 -0.5555702330196016 0
    outer loop
      vertex -3.3169696769372843 2.4099195343991395 6
      vertex -3.4958246738517778 2.14224411533539 6
      vertex -3.4958246738517778 2.14224411533539 0
    endloop
  endfacet
  facet normal 0.7853169308807444 -0.6190939493098345 0
    outer loop
      vertex -3.1176644589601263 2.6627369981537528 6
      vertex -3.3169696769372843 2.4099195343991395 6
      vertex -3.3169696769372843 2.4099195343991395 0
    endloop
  endfacet
  facet normal 0.7343225094356869 -0.6788007455329405 0
    outer loop
      vertex -2.899137802864845 2.899137802864845 6
      vertex -3.1176644589601263 2.6627369981537528 6
      vertex -3.1176644589601263 2.6627369981537528 0
    endloop
  endfacet
  facet normal 0.6788007455329405 -0.7343225094356869 0
    outer loop
      vertex -2.899137802864845 2.899137802864845 0
      vertex -2.6627369981537528 3.1176644589601263 6
      vertex -2.899137802864845 2.899137802864845 6
    endloop
  endfacet
  facet normal 0.6190939493098345 -0.7853169308807444 0
    outer loop
      vertex -2.6627369981537528 3.1176644589601263 0
      vertex -2.4099195343991395 3.3169696769372843 6
      vertex -2.6627369981537528 3.1176644589601263 6
    endloop
  endfacet
  facet normal 0.5555702330196016 -0.8314696123025457 0
    outer loop
      vertex -2.4099195343991395 3.3169696769372843 0
      vertex -2.14224411533539 3.4958246738517778 6
      vertex -2.4099195343991395 3.3169696769372843 6
    endloop
  endfacet
  facet normal 0.48862124149695546 -0.8724960070727968 0
    outer loop
      vertex -2.14224411533539 3.4958246738517778 0
      vertex -1.8613610489321415 3.653126749172308 6
      vertex -2.14224411533539 3.4958246738517778 6
    endloop
  endfacet
  facet normal 0.4186597375374274 -0.9081431738250816 0
    outer loop
      vertex -1.8613610489321415 3.653126749172308 6
      vertex -1.8613610489321415 3.653126749172308 0
      vertex -1.5690020726968679 3.787906083296275 6
    endloop
  endfacet
  facet normal 0.3461170570774929 -0.9381913359224842 0
    outer loop
      vertex -1.5690020726968679 3.787906083296275 6
      vertex -1.5690020726968679 3.787906083296275 0
      vertex -1.2669696769372842 3.899331716810129 6
    endloop
  endfacet
  facet normal 0.27144044986507426 -0.9624552364536473 0
    outer loop
      vertex -1.2669696769372842 3.899331716810129 6
      vertex -1.2669696769372842 3.899331716810129 0
      vertex -0.957125991809212 3.9867166736304736 6
    endloop
  endfacet
  facet normal 0.19509032201613005 -0.9807852804032301 0
    outer loop
      vertex -0.957125991809212 3.9867166736304736 0
      vertex -0.6413813066649465 4.049522196440065 6
      vertex -0.957125991809212 3.9867166736304736 6
    endloop
  endfacet
  facet normal 0.11753739745783712 -0.9930684569549264 0
    outer loop
      vertex -0.6413813066649465 4.049522196440065 0
      vertex -0.32168229248416425 4.087361068305825 6
      vertex -0.6413813066649465 4.049522196440065 6
    endloop
  endfacet
  facet normal 0.03925981575906791 -0.999229036240723 0
    outer loop
      vertex -0.32168229248416425 4.087361068305825 0
      vertex 0 4.1 6
      vertex -0.32168229248416425 4.087361068305825 6
    endloop
  endfacet
  facet normal -0.03925981575906791 0.999229036240723 0
    outer loop
      vertex 0 -4.1 6
      vertex 0.32168229248416425 -4.087361068305825 0
      vertex 0 -4.1 0
    endloop
  endfacet
  facet normal -0.11753739745783712 0.9930684569549264 0
    outer loop
      vertex 0.32168229248416425 -4.087361068305825 6
      vertex 0.6413813066649465 -4.049522196440065 0
      vertex 0.32168229248416425 -4.087361068305825 0
    endloop
  endfacet
  facet normal -0.19509032201613005 0.9807852804032301 0
    outer loop
      vertex 0.6413813066649465 -4.049522196440065 6
      vertex 0.957125991809212 -3.9867166736304736 0
      vertex 0.6413813066649465 -4.049522196440065 0
    endloop
  endfacet
  facet normal -0.27144044986507426 0.9624552364536473 0
    outer loop
      vertex 0.957125991809212 -3.9867166736304736 0
      vertex 0.957125991809212 -3.9867166736304736 6
      vertex 1.2669696769372842 -3.899331716810129 0
    endloop
  endfacet
  facet normal -0.3461170570774929 0.9381913359224842 0
    outer loop
      vertex 1.2669696769372842 -3.899331716810129 0
      vertex 1.2669696769372842 -3.899331716810129 6
      vertex 1.5690020726968679 -3.787906083296275 0
    endloop
  endfacet
  facet normal -0.4186597375374274 0.9081431738250816 0
    outer loop
      vertex 1.5690020726968679 -3.787906083296275 0
      vertex 1.5690020726968679 -3.787906083296275 6
      vertex 1.8613610489321415 -3.653126749172308 0
    endloop
  endfacet
  facet normal -0.48862124149695546 0.8724960070727968 0
    outer loop
      vertex 1.8613610489321415 -3.653126749172308 0
      vertex 1.8613610489321415 -3.653126749172308 6
      vertex 2.14224411533539 -3.4958246738517778 0
    endloop
  endfacet
  facet normal -0.5555702330196016 0.8314696123025457 0
    outer loop
      vertex 2.14224411533539 -3.4958246738517778 6
      vertex 2.4099195343991395 -3.3169696769372843 0
      vertex 2.14224411533539 -3.4958246738517778 0
    endloop
  endfacet
  facet normal -0.6190939493098345 0.7853169308807444 0
    outer loop
      vertex 2.4099195343991395 -3.3169696769372843 6
      vertex 2.6627369981537528 -3.1176644589601263 0
      vertex 2.4099195343991395 -3.3169696769372843 0
    endloop
  endfacet
  facet normal -0.6788007455329405 0.7343225094356869 0
    outer loop
      vertex 2.6627369981537528 -3.1176644589601263 6
      vertex 2.899137802864845 -2.899137802864845 0
      vertex 2.6627369981537528 -3.1176644589601263 0
    endloop
  endfacet
  facet normal -0.7343225094356869 0.6788007455329405 0
    outer loop
      vertex 2.899137802864845 -2.899137802864845 0
      vertex 2.899137802864845 -2.899137802864845 6
      vertex 3.1176644589601263 -2.6627369981537528 0
    endloop
  endfacet
  facet normal -0.7853169308807444 0.6190939493098345 0
    outer loop
      vertex 3.3169696769372843 -2.4099195343991395 0
      vertex 3.1176644589601263 -2.6627369981537528 0
      vertex 3.1176644589601263 -2.6627369981537528 6
    endloop
  endfacet
  facet normal -0.8314696123025457 0.5555702330196016 0
    outer loop
      vertex 3.4958246738517778 -2.14224411533539 0
      vertex 3.3169696769372843 -2.4099195343991395 0
      vertex 3.3169696769372843 -2.4099195343991395 6
    endloop
  endfacet
  facet normal -0.8724960070727968 0.48862124149695546 0
    outer loop
      vertex 3.4958246738517778 -2.14224411533539 0
      vertex 3.4958246738517778 -2.14224411533539 6
      vertex 3.653126749172308 -1.8613610489321415 0
    endloop
  endfacet
  facet normal -0.9081431738250816 0.4186597375374274 0
    outer loop
      vertex 3.787906083296275 -1.5690020726968679 0
      vertex 3.653126749172308 -1.8613610489321415 0
      vertex 3.653126749172308 -1.8613610489321415 6
    endloop
  endfacet
  facet normal -0.9381913359224842 0.3461170570774929 0
    outer loop
      vertex 3.899331716810129 -1.2669696769372842 0
      vertex 3.787906083296275 -1.5690020726968679 0
      vertex 3.787906083296275 -1.5690020726968679 6
    endloop
  endfacet
  facet normal -0.9624552364536473 0.27144044986507426 0
    outer loop
      vertex 3.9867166736304736 -0.957125991809212 0
      vertex 3.899331716810129 -1.2669696769372842 0
      vertex 3.899331716810129 -1.2669696769372842 6
    endloop
  endfacet
  facet normal -0.9807852804032301 0.19509032201613005 0
    outer loop
      vertex 3.9867166736304736 -0.957125991809212 6
      vertex 4.049522196440065 -0.6413813066649465 0
      vertex 3.9867166736304736 -0.957125991809212 0
    endloop
  endfacet
  facet normal -0.9930684569549264 0.11753739745783712 0
    outer loop
      vertex 4.049522196440065 -0.6413813066649465 6
      vertex 4.087361068305825 -0.32168229248416425 0
      vertex 4.049522196440065 -0.6413813066649465 0
    endloop
  endfacet
  facet normal -0.999229036240723 0.03925981575906791 0
    outer loop
      vertex 4.087361068305825 -0.32168229248416425 0
      vertex 4.087361068305825 -0.32168229248416425 6
      vertex 4.1 0 0
    endloop
  endfacet
  facet normal -0.03925981575906791 0.999229036240723 0
    outer loop
      vertex 0.32168229248416425 -4.087361068305825 6
      vertex 0.32168229248416425 -4.087361068305825 0
      vertex 0 -4.1 6
    endloop
  endfacet
  facet normal -0.11753739745783712 0.9930684569549264 0
    outer loop
      vertex 0.6413813066649465 -4.049522196440065 6
      vertex 0.6413813066649465 -4.049522196440065 0
      vertex 0.32168229248416425 -4.087361068305825 6
    endloop
  endfacet
  facet normal -0.19509032201613005 0.9807852804032301 0
    outer loop
      vertex 0.957125991809212 -3.9867166736304736 0
      vertex 0.6413813066649465 -4.049522196440065 6
      vertex 0.957125991809212 -3.9867166736304736 6
    endloop
  endfacet
  facet normal -0.27144044986507426 0.9624552364536473 0
    outer loop
      vertex 1.2669696769372842 -3.899331716810129 0
      vertex 0.957125991809212 -3.9867166736304736 6
      vertex 1.2669696769372842 -3.899331716810129 6
    endloop
  endfacet
  facet normal -0.3461170570774929 0.9381913359224842 0
    outer loop
      vertex 1.5690020726968679 -3.787906083296275 0
      vertex 1.2669696769372842 -3.899331716810129 6
      vertex 1.5690020726968679 -3.787906083296275 6
    endloop
  endfacet
  facet normal -0.4186597375374274 0.9081431738250816 0
    outer loop
      vertex 1.8613610489321415 -3.653126749172308 0
      vertex 1.5690020726968679 -3.787906083296275 6
      vertex 1.8613610489321415 -3.653126749172308 6
    endloop
  endfacet
  facet normal -0.48862124149695546 0.8724960070727968 0
    outer loop
      vertex 2.14224411533539 -3.4958246738517778 6
      vertex 2.14224411533539 -3.4958246738517778 0
      vertex 1.8613610489321415 -3.653126749172308 6
    endloop
  endfacet
  facet normal -0.5555702330196016 0.8314696123025457 0
    outer loop
      vertex 2.4099195343991395 -3.3169696769372843 6
      vertex 2.4099195343991395 -3.3169696769372843 0
      vertex 2.14224411533539 -3.4958246738517778 6
    endloop
  endfacet
  facet normal -0.6190939493098345 0.7853169308807444 0
    outer loop
      vertex 2.6627369981537528 -3.1176644589601263 6
      vertex 2.6627369981537528 -3.1176644589601263 0
      vertex 2.4099195343991395 -3.3169696769372843 6
    endloop
  endfacet
  facet normal -0.6788007455329405 0.7343225094356869 0
    outer loop
      vertex 2.899137802864845 -2.899137802864845 0
      vertex 2.6627369981537528 -3.1176644589601263 6
      vertex 2.899137802864845 -2.899137802864845 6
    endloop
  endfacet
  facet normal -0.7343225094356869 0.6788007455329405 0
    outer loop
      vertex 2.899137802864845 -2.899137802864845 6
      vertex 3.1176644589601263 -2.6627369981537528 6
      vertex 3.1176644589601263 -2.6627369981537528 0
    endloop
  endfacet
  facet normal -0.7853169308807444 0.6190939493098345 0
    outer loop
      vertex 3.3169696769372843 -2.4099195343991395 0
      vertex 3.1176644589601263 -2.6627369981537528 6
      vertex 3.3169696769372843 -2.4099195343991395 6
    endloop
  endfacet
  facet normal -0.8314696123025457 0.5555702330196016 0
    outer loop
      vertex 3.4958246738517778 -2.14224411533539 0
      vertex 3.3169696769372843 -2.4099195343991395 6
      vertex 3.4958246738517778 -2.14224411533539 6
    endloop
  endfacet
  facet normal -0.8724960070727968 0.48862124149695546 0
    outer loop
      vertex 3.653126749172308 -1.8613610489321415 0
      vertex 3.4958246738517778 -2.14224411533539 6
      vertex 3.653126749172308 -1.8613610489321415 6
    endloop
  endfacet
  facet normal -0.9081431738250816 0.4186597375374274 0
    outer loop
      vertex 3.787906083296275 -1.5690020726968679 0
      vertex 3.653126749172308 -1.8613610489321415 6
      vertex 3.787906083296275 -1.5690020726968679 6
    endloop
  endfacet
  facet normal -0.9381913359224842 0.3461170570774929 0
    outer loop
      vertex 3.899331716810129 -1.2669696769372842 0
      vertex 3.787906083296275 -1.5690020726968679 6
      vertex 3.899331716810129 -1.2669696769372842 6
    endloop
  endfacet
  facet normal -0.9624552364536473 0.27144044986507426 0
    outer loop
      vertex 3.899331716810129 -1.2669696769372842 6
      vertex 3.9867166736304736 -0.957125991809212 6
      vertex 3.9867166736304736 -0.957125991809212 0
    endloop
  endfacet
  facet normal -0.9807852804032301 0.19509032201613005 0
    outer loop
      vertex 3.9867166736304736 -0.957125991809212 6
      vertex 4.049522196440065 -0.6413813066649465 6
      vertex 4.049522196440065 -0.6413813066649465 0
    endloop
  endfacet
  facet normal -0.9930684569549264 0.11753739745783712 0
    outer loop
      vertex 4.049522196440065 -0.6413813066649465 6
      vertex 4.087361068305825 -0.32168229248416425 6
      vertex 4.087361068305825 -0.32168229248416425 0
    endloop
  endfacet
  facet normal -0.999229036240723 0.03925981575906791 0
    outer loop
      vertex 4.087361068305825 -0.32168229248416425 6
      vertex 4.1 0 6
      vertex 4.1 0 0
    endloop
  endfacet
  facet normal -0.6788007455329405 -0.7343225094356869 0
    outer loop
      vertex 2.899137802864845 2.899137802864845 0
      vertex 2.899137802864845 2.899137802864845 6
      vertex 2.6627369981537528 3.1176644589601263 0
    endloop
  endfacet
  facet normal -0.7343225094356869 -0.6788007455329405 0
    outer loop
      vertex 2.899137802864845 2.899137802864845 0
      vertex 3.1176644589601263 2.6627369981537528 0
      vertex 3.1176644589601263 2.6627369981537528 6
    endloop
  endfacet
  facet normal -0.03925981575906791 -0.999229036240723 0
    outer loop
      vertex 0.32168229248416425 4.087361068305825 6
      vertex 0 4.1 0
      vertex 0.32168229248416425 4.087361068305825 0
    endloop
  endfacet
  facet normal -0.11753739745783712 -0.9930684569549264 0
    outer loop
      vertex 0.6413813066649465 4.049522196440065 6
      vertex 0.32168229248416425 4.087361068305825 0
      vertex 0.6413813066649465 4.049522196440065 0
    endloop
  endfacet
  facet normal -0.3461170570774929 -0.9381913359224842 0
    outer loop
      vertex 1.5690020726968679 3.787906083296275 0
      vertex 1.5690020726968679 3.787906083296275 6
      vertex 1.2669696769372842 3.899331716810129 0
    endloop
  endfacet
  facet normal -0.19509032201613005 -0.9807852804032301 0
    outer loop
      vertex 0.957125991809212 3.9867166736304736 0
      vertex 0.957125991809212 3.9867166736304736 6
      vertex 0.6413813066649465 4.049522196440065 0
    endloop
  endfacet
  facet normal -0.27144044986507426 -0.9624552364536473 0
    outer loop
      vertex 1.2669696769372842 3.899331716810129 0
      vertex 1.2669696769372842 3.899331716810129 6
      vertex 0.957125991809212 3.9867166736304736 0
    endloop
  endfacet
  facet normal -0.4186597375374274 -0.9081431738250816 0
    outer loop
      vertex 1.8613610489321415 3.653126749172308 0
      vertex 1.8613610489321415 3.653126749172308 6
      vertex 1.5690020726968679 3.787906083296275 0
    endloop
  endfacet
  facet normal -0.5555702330196016 -0.8314696123025457 0
    outer loop
      vertex 2.4099195343991395 3.3169696769372843 6
      vertex 2.14224411533539 3.4958246738517778 0
      vertex 2.4099195343991395 3.3169696769372843 0
    endloop
  endfacet
  facet normal -0.48862124149695546 -0.8724960070727968 0
    outer loop
      vertex 2.14224411533539 3.4958246738517778 6
      vertex 1.8613610489321415 3.653126749172308 0
      vertex 2.14224411533539 3.4958246738517778 0
    endloop
  endfacet
  facet normal -0.6190939493098345 -0.7853169308807444 0
    outer loop
      vertex 2.6627369981537528 3.1176644589601263 6
      vertex 2.4099195343991395 3.3169696769372843 0
      vertex 2.6627369981537528 3.1176644589601263 0
    endloop
  endfacet
  facet normal -0.9381913359224842 -0.3461170570774929 0
    outer loop
      vertex 3.787906083296275 1.5690020726968679 0
      vertex 3.899331716810129 1.2669696769372842 0
      vertex 3.899331716810129 1.2669696769372842 6
    endloop
  endfacet
  facet normal -0.999229036240723 -0.03925981575906791 0
    outer loop
      vertex 4.1 0 0
      vertex 4.1 0 6
      vertex 4.087361068305825 0.32168229248416425 0
    endloop
  endfacet
  facet normal -0.9930684569549264 -0.11753739745783712 0
    outer loop
      vertex 4.087361068305825 0.32168229248416425 6
      vertex 4.049522196440065 0.6413813066649465 0
      vertex 4.087361068305825 0.32168229248416425 0
    endloop
  endfacet
  facet normal -0.9807852804032301 -0.19509032201613005 0
    outer loop
      vertex 4.049522196440065 0.6413813066649465 6
      vertex 3.9867166736304736 0.957125991809212 0
      vertex 4.049522196440065 0.6413813066649465 0
    endloop
  endfacet
  facet normal -0.9624552364536473 -0.27144044986507426 0
    outer loop
      vertex 3.899331716810129 1.2669696769372842 0
      vertex 3.9867166736304736 0.957125991809212 0
      vertex 3.9867166736304736 0.957125991809212 6
    endloop
  endfacet
  facet normal -0.8314696123025457 -0.5555702330196016 0
    outer loop
      vertex 3.4958246738517778 2.14224411533539 0
      vertex 3.4958246738517778 2.14224411533539 6
      vertex 3.3169696769372843 2.4099195343991395 0
    endloop
  endfacet
  facet normal -0.9081431738250816 -0.4186597375374274 0
    outer loop
      vertex 3.653126749172308 1.8613610489321415 0
      vertex 3.787906083296275 1.5690020726968679 0
      vertex 3.787906083296275 1.5690020726968679 6
    endloop
  endfacet
  facet normal -0.8724960070727968 -0.48862124149695546 0
    outer loop
      vertex 3.4958246738517778 2.14224411533539 0
      vertex 3.653126749172308 1.8613610489321415 0
      vertex 3.653126749172308 1.8613610489321415 6
    endloop
  endfacet
  facet normal -0.7853169308807444 -0.6190939493098345 0
    outer loop
      vertex 3.1176644589601263 2.6627369981537528 0
      vertex 3.3169696769372843 2.4099195343991395 0
      vertex 3.3169696769372843 2.4099195343991395 6
    endloop
  endfacet
  facet normal -0.6788007455329405 -0.7343225094356869 0
    outer loop
      vertex 2.6627369981537528 3.1176644589601263 6
      vertex 2.6627369981537528 3.1176644589601263 0
      vertex 2.899137802864845 2.899137802864845 6
    endloop
  endfacet
  facet normal -0.7343225094356869 -0.6788007455329405 0
    outer loop
      vertex 2.899137802864845 2.899137802864845 0
      vertex 3.1176644589601263 2.6627369981537528 6
      vertex 2.899137802864845 2.899137802864845 6
    endloop
  endfacet
  facet normal -0.03925981575906791 -0.999229036240723 0
    outer loop
      vertex 0 4.1 0
      vertex 0.32168229248416425 4.087361068305825 6
      vertex 0 4.1 6
    endloop
  endfacet
  facet normal -0.11753739745783712 -0.9930684569549264 0
    outer loop
      vertex 0.32168229248416425 4.087361068305825 6
      vertex 0.32168229248416425 4.087361068305825 0
      vertex 0.6413813066649465 4.049522196440065 6
    endloop
  endfacet
  facet normal -0.19509032201613005 -0.9807852804032301 0
    outer loop
      vertex 0.6413813066649465 4.049522196440065 6
      vertex 0.6413813066649465 4.049522196440065 0
      vertex 0.957125991809212 3.9867166736304736 6
    endloop
  endfacet
  facet normal -0.3461170570774929 -0.9381913359224842 0
    outer loop
      vertex 1.2669696769372842 3.899331716810129 0
      vertex 1.5690020726968679 3.787906083296275 6
      vertex 1.2669696769372842 3.899331716810129 6
    endloop
  endfacet
  facet normal -0.27144044986507426 -0.9624552364536473 0
    outer loop
      vertex 0.957125991809212 3.9867166736304736 0
      vertex 1.2669696769372842 3.899331716810129 6
      vertex 0.957125991809212 3.9867166736304736 6
    endloop
  endfacet
  facet normal -0.4186597375374274 -0.9081431738250816 0
    outer loop
      vertex 1.5690020726968679 3.787906083296275 0
      vertex 1.8613610489321415 3.653126749172308 6
      vertex 1.5690020726968679 3.787906083296275 6
    endloop
  endfacet
  facet normal -0.5555702330196016 -0.8314696123025457 0
    outer loop
      vertex 2.14224411533539 3.4958246738517778 6
      vertex 2.14224411533539 3.4958246738517778 0
      vertex 2.4099195343991395 3.3169696769372843 6
    endloop
  endfacet
  facet normal -0.48862124149695546 -0.8724960070727968 0
    outer loop
      vertex 1.8613610489321415 3.653126749172308 0
      vertex 2.14224411533539 3.4958246738517778 6
      vertex 1.8613610489321415 3.653126749172308 6
    endloop
  endfacet
  facet normal -0.6190939493098345 -0.7853169308807444 0
    outer loop
      vertex 2.4099195343991395 3.3169696769372843 6
      vertex 2.4099195343991395 3.3169696769372843 0
      vertex 2.6627369981537528 3.1176644589601263 6
    endloop
  endfacet
  facet normal -0.9381913359224842 -0.3461170570774929 0
    outer loop
      vertex 3.787906083296275 1.5690020726968679 0
      vertex 3.899331716810129 1.2669696769372842 6
      vertex 3.787906083296275 1.5690020726968679 6
    endloop
  endfacet
  facet normal -0.999229036240723 -0.03925981575906791 0
    outer loop
      vertex 4.1 0 6
      vertex 4.087361068305825 0.32168229248416425 6
      vertex 4.087361068305825 0.32168229248416425 0
    endloop
  endfacet
  facet normal -0.9930684569549264 -0.11753739745783712 0
    outer loop
      vertex 4.087361068305825 0.32168229248416425 6
      vertex 4.049522196440065 0.6413813066649465 6
      vertex 4.049522196440065 0.6413813066649465 0
    endloop
  endfacet
  facet normal -0.9807852804032301 -0.19509032201613005 0
    outer loop
      vertex 4.049522196440065 0.6413813066649465 6
      vertex 3.9867166736304736 0.957125991809212 6
      vertex 3.9867166736304736 0.957125991809212 0
    endloop
  endfacet
  facet normal -0.9624552364536473 -0.27144044986507426 0
    outer loop
      vertex 3.9867166736304736 0.957125991809212 6
      vertex 3.899331716810129 1.2669696769372842 6
      vertex 3.899331716810129 1.2669696769372842 0
    endloop
  endfacet
  facet normal -0.8314696123025457 -0.5555702330196016 0
    outer loop
      vertex 3.3169696769372843 2.4099195343991395 0
      vertex 3.4958246738517778 2.14224411533539 6
      vertex 3.3169696769372843 2.4099195343991395 6
    endloop
  endfacet
  facet normal -0.9081431738250816 -0.4186597375374274 0
    outer loop
      vertex 3.653126749172308 1.8613610489321415 0
      vertex 3.787906083296275 1.5690020726968679 6
      vertex 3.653126749172308 1.8613610489321415 6
    endloop
  endfacet
  facet normal -0.8724960070727968 -0.48862124149695546 0
    outer loop
      vertex 3.4958246738517778 2.14224411533539 0
      vertex 3.653126749172308 1.8613610489321415 6
      vertex 3.4958246738517778 2.14224411533539 6
    endloop
  endfacet
  facet normal -0.7853169308807444 -0.6190939493098345 0
    outer loop
      vertex 3.1176644589601263 2.6627369981537528 0
      vertex 3.3169696769372843 2.4099195343991395 6
      vertex 3.1176644589601263 2.6627369981537528 6
    endloop
  endfacet
endsolid OpenSCAD_Model
