solid OpenSCAD_Model
  facet normal -0.831469612302546 -0.5555702330196008 0
    outer loop
      vertex -8.090169943749475 -5.877852522924732 0
      vertex -8.526401643540922 -5.224985647159488 3
      vertex -8.526401643540922 -5.224985647159488 0
    endloop
  endfacet
  facet normal -0.785316930880745 -0.6190939493098342 0
    outer loop
      vertex -7.6040596560003095 -6.494480483301837 0
      vertex -8.090169943749475 -5.877852522924732 3
      vertex -8.090169943749475 -5.877852522924732 0
    endloop
  endfacet
  facet normal -0.785316930880745 -0.6190939493098342 0
    outer loop
      vertex -7.6040596560003095 -6.494480483301837 0
      vertex -7.6040596560003095 -6.494480483301837 3
      vertex -8.090169943749475 -5.877852522924732 3
    endloop
  endfacet
  facet normal -0.831469612302546 -0.5555702330196008 0
    outer loop
      vertex -8.090169943749475 -5.877852522924732 0
      vertex -8.090169943749475 -5.877852522924732 3
      vertex -8.526401643540922 -5.224985647159488 3
    endloop
  endfacet
  facet normal -0.6190939493098342 -0.785316930880745 0
    outer loop
      vertex -6.494480483301837 -7.6040596560003095 0
      vertex -5.877852522924732 -8.090169943749475 0
      vertex -5.877852522924732 -8.090169943749475 3
    endloop
  endfacet
  facet normal -0.5555702330196008 -0.831469612302546 0
    outer loop
      vertex -5.877852522924732 -8.090169943749475 0
      vertex -5.224985647159488 -8.526401643540922 0
      vertex -5.224985647159488 -8.526401643540922 3
    endloop
  endfacet
  facet normal -0.6190939493098342 -0.785316930880745 0
    outer loop
      vertex -6.494480483301837 -7.6040596560003095 0
      vertex -5.877852522924732 -8.090169943749475 3
      vertex -6.494480483301837 -7.6040596560003095 3
    endloop
  endfacet
  facet normal -0.5555702330196008 -0.831469612302546 0
    outer loop
      vertex -5.877852522924732 -8.090169943749475 0
      vertex -5.224985647159488 -8.526401643540922 3
      vertex -5.877852522924732 -8.090169943749475 3
    endloop
  endfacet
  facet normal -0.4886212414969556 -0.8724960070727967 0
    outer loop
      vertex -5.224985647159488 -8.526401643540922 0
      vertex -4.5399049973954675 -8.910065241883679 3
      vertex -5.224985647159488 -8.526401643540922 3
    endloop
  endfacet
  facet normal -0.7343225094356854 -0.6788007455329418 0
    outer loop
      vertex -7.6040596560003095 -6.494480483301837 0
      vertex -7.0710678118654755 -7.0710678118654755 0
      vertex -7.6040596560003095 -6.494480483301837 3
    endloop
  endfacet
  facet normal -0.6788007455329418 -0.7343225094356854 0
    outer loop
      vertex -6.494480483301837 -7.6040596560003095 0
      vertex -6.494480483301837 -7.6040596560003095 3
      vertex -7.0710678118654755 -7.0710678118654755 0
    endloop
  endfacet
  facet normal -0.7343225094356854 -0.6788007455329418 0
    outer loop
      vertex -7.0710678118654755 -7.0710678118654755 0
      vertex -7.0710678118654755 -7.0710678118654755 3
      vertex -7.6040596560003095 -6.494480483301837 3
    endloop
  endfacet
  facet normal -0.6788007455329418 -0.7343225094356854 0
    outer loop
      vertex -7.0710678118654755 -7.0710678118654755 0
      vertex -6.494480483301837 -7.6040596560003095 3
      vertex -7.0710678118654755 -7.0710678118654755 3
    endloop
  endfacet
  facet normal 0 0 1
    outer loop
      vertex -5.877852522924732 -8.090169943749475 3
      vertex -5.224985647159488 -8.526401643540922 3
      vertex -5.346039145130208 -2.7239429984372805 3
    endloop
  endfacet
  facet normal 0 0 1
    outer loop
      vertex -5.224985647159488 -8.526401643540922 3
      vertex -4.854101966249685 -3.526711513754839 3
      vertex -5.115840986124553 -3.134991388295693 3
    endloop
  endfacet
  facet normal -0.8724960070727967 -0.4886212414969556 0
    outer loop
      vertex -8.526401643540922 -5.224985647159488 0
      vertex -8.910065241883679 -4.5399049973954675 3
      vertex -8.910065241883679 -4.5399049973954675 0
    endloop
  endfacet
  facet normal -0.908143173825081 -0.4186597375374285 0
    outer loop
      vertex -8.910065241883679 -4.5399049973954675 0
      vertex -9.238795325112868 -3.826834323650898 3
      vertex -9.238795325112868 -3.826834323650898 0
    endloop
  endfacet
  facet normal -0.9381913359224847 -0.3461170570774913 0
    outer loop
      vertex -9.238795325112868 -3.826834323650898 0
      vertex -9.510565162951535 -3.090169943749474 3
      vertex -9.510565162951535 -3.090169943749474 0
    endloop
  endfacet
  facet normal -0.9624552364536468 -0.2714404498650755 0
    outer loop
      vertex -9.510565162951535 -3.090169943749474 0
      vertex -9.723699203976766 -2.334453638559054 3
      vertex -9.723699203976766 -2.334453638559054 0
    endloop
  endfacet
  facet normal -0.908143173825081 -0.4186597375374285 0
    outer loop
      vertex -8.910065241883679 -4.5399049973954675 0
      vertex -8.910065241883679 -4.5399049973954675 3
      vertex -9.238795325112868 -3.826834323650898 3
    endloop
  endfacet
  facet normal -0.9624552364536468 -0.2714404498650755 0
    outer loop
      vertex -9.510565162951535 -3.090169943749474 0
      vertex -9.510565162951535 -3.090169943749474 3
      vertex -9.723699203976766 -2.334453638559054 3
    endloop
  endfacet
  facet normal -0.9381913359224847 -0.3461170570774913 0
    outer loop
      vertex -9.238795325112868 -3.826834323650898 0
      vertex -9.238795325112868 -3.826834323650898 3
      vertex -9.510565162951535 -3.090169943749474 3
    endloop
  endfacet
  facet normal -0.8724960070727967 -0.4886212414969556 0
    outer loop
      vertex -8.526401643540922 -5.224985647159488 0
      vertex -8.526401643540922 -5.224985647159488 3
      vertex -8.910065241883679 -4.5399049973954675 3
    endloop
  endfacet
  facet normal 0 0 -1
    outer loop
      vertex -8.910065241883679 -4.5399049973954675 0
      vertex -9.238795325112868 -3.826834323650898 0
      vertex -8.910065241883679 4.5399049973954675 0
    endloop
  endfacet
  facet normal -0.98078528040323 -0.1950903220161299 0
    outer loop
      vertex -9.723699203976766 -2.334453638559054 0
      vertex -9.876883405951379 -1.5643446504023086 3
      vertex -9.876883405951379 -1.5643446504023086 0
    endloop
  endfacet
  facet normal 0 0 -1
    outer loop
      vertex -9.510565162951535 -3.090169943749474 0
      vertex -9.723699203976766 -2.334453638559054 0
      vertex -9.510565162951535 3.090169943749474 0
    endloop
  endfacet
  facet normal 0 0 -1
    outer loop
      vertex -9.723699203976766 -2.334453638559054 0
      vertex -9.876883405951379 -1.5643446504023086 0
      vertex -9.723699203976766 2.334453638559054 0
    endloop
  endfacet
  facet normal 0 0 -1
    outer loop
      vertex -9.876883405951379 -1.5643446504023086 0
      vertex -9.969173337331279 -0.7845909572784494 0
      vertex -9.876883405951379 1.5643446504023086 0
    endloop
  endfacet
  facet normal 0 0 -1
    outer loop
      vertex -9.238795325112868 -3.826834323650898 0
      vertex -9.510565162951535 -3.090169943749474 0
      vertex -9.238795325112868 3.826834323650898 0
    endloop
  endfacet
  facet normal -0.9930684569549266 -0.11753739745783498 0
    outer loop
      vertex -9.876883405951379 -1.5643446504023086 0
      vertex -9.969173337331279 -0.7845909572784494 3
      vertex -9.969173337331279 -0.7845909572784494 0
    endloop
  endfacet
  facet normal -0.9992290362407229 -0.039259815759069616 0
    outer loop
      vertex -9.969173337331279 -0.7845909572784494 0
      vertex -10 0 3
      vertex -10 0 0
    endloop
  endfacet
  facet normal 0 0 -1
    outer loop
      vertex -8.526401643540922 -5.224985647159488 0
      vertex -8.910065241883679 -4.5399049973954675 0
      vertex -8.526401643540922 5.224985647159488 0
    endloop
  endfacet
  facet normal 0 0 -1
    outer loop
      vertex -8.090169943749475 -5.877852522924732 0
      vertex -8.526401643540922 -5.224985647159488 0
      vertex -8.090169943749475 5.877852522924732 0
    endloop
  endfacet
  facet normal 0 0 -1
    outer loop
      vertex -7.6040596560003095 -6.494480483301837 0
      vertex -8.090169943749475 -5.877852522924732 0
      vertex -7.6040596560003095 6.494480483301837 0
    endloop
  endfacet
  facet normal -0.98078528040323 -0.1950903220161299 0
    outer loop
      vertex -9.723699203976766 -2.334453638559054 0
      vertex -9.723699203976766 -2.334453638559054 3
      vertex -9.876883405951379 -1.5643446504023086 3
    endloop
  endfacet
  facet normal -0.9930684569549266 -0.11753739745783498 0
    outer loop
      vertex -9.876883405951379 -1.5643446504023086 0
      vertex -9.876883405951379 -1.5643446504023086 3
      vertex -9.969173337331279 -0.7845909572784494 3
    endloop
  endfacet
  facet normal -0.9992290362407229 -0.039259815759069616 0
    outer loop
      vertex -9.969173337331279 -0.7845909572784494 0
      vertex -9.969173337331279 -0.7845909572784494 3
      vertex -10 0 3
    endloop
  endfacet
  facet normal 0 0 -1
    outer loop
      vertex -6.494480483301837 -7.6040596560003095 0
      vertex -5.877852522924732 8.090169943749475 0
      vertex -5.877852522924732 -8.090169943749475 0
    endloop
  endfacet
  facet normal 0 0 -1
    outer loop
      vertex -5.877852522924732 -8.090169943749475 0
      vertex -5.224985647159488 8.526401643540922 0
      vertex -5.224985647159488 -8.526401643540922 0
    endloop
  endfacet
  facet normal 0 0 -1
    outer loop
      vertex -7.6040596560003095 -6.494480483301837 0
      vertex -7.0710678118654755 7.0710678118654755 0
      vertex -7.0710678118654755 -7.0710678118654755 0
    endloop
  endfacet
  facet normal 0 0 -1
    outer loop
      vertex -6.494480483301837 -7.6040596560003095 0
      vertex -7.0710678118654755 -7.0710678118654755 0
      vertex -6.494480483301837 7.6040596560003095 0
    endloop
  endfacet
  facet normal 0 0 1
    outer loop
      vertex -9.238795325112868 -3.826834323650898 3
      vertex -9.510565162951535 3.090169943749474 3
      vertex -9.510565162951535 -3.090169943749474 3
    endloop
  endfacet
  facet normal 0 0 1
    outer loop
      vertex -8.910065241883679 -4.5399049973954675 3
      vertex -9.238795325112868 3.826834323650898 3
      vertex -9.238795325112868 -3.826834323650898 3
    endloop
  endfacet
  facet normal 0 0 1
    outer loop
      vertex -8.526401643540922 -5.224985647159488 3
      vertex -8.910065241883679 4.5399049973954675 3
      vertex -8.910065241883679 -4.5399049973954675 3
    endloop
  endfacet
  facet normal 0 0 1
    outer loop
      vertex -9.723699203976766 -2.334453638559054 3
      vertex -9.876883405951379 1.5643446504023086 3
      vertex -9.876883405951379 -1.5643446504023086 3
    endloop
  endfacet
  facet normal 0 0 1
    outer loop
      vertex -9.510565162951535 -3.090169943749474 3
      vertex -9.723699203976766 2.334453638559054 3
      vertex -9.723699203976766 -2.334453638559054 3
    endloop
  endfacet
  facet normal 0 0 1
    outer loop
      vertex -9.876883405951379 -1.5643446504023086 3
      vertex -9.969173337331279 0.7845909572784494 3
      vertex -9.969173337331279 -0.7845909572784494 3
    endloop
  endfacet
  facet normal 0 0 1
    outer loop
      vertex -8.090169943749475 -5.877852522924732 3
      vertex -8.526401643540922 5.224985647159488 3
      vertex -8.526401643540922 -5.224985647159488 3
    endloop
  endfacet
  facet normal 0 0 1
    outer loop
      vertex -7.6040596560003095 -6.494480483301837 3
      vertex -8.090169943749475 5.877852522924732 3
      vertex -8.090169943749475 -5.877852522924732 3
    endloop
  endfacet
  facet normal 0 0 1
    outer loop
      vertex -6.494480483301837 -7.6040596560003095 3
      vertex -7.0710678118654755 7.0710678118654755 3
      vertex -7.0710678118654755 -7.0710678118654755 3
    endloop
  endfacet
  facet normal 0 0 1
    outer loop
      vertex -6.494480483301837 -7.6040596560003095 3
      vertex -5.877852522924732 -8.090169943749475 3
      vertex -6.494480483301837 7.6040596560003095 3
    endloop
  endfacet
  facet normal 0 0 1
    outer loop
      vertex -5.877852522924732 -8.090169943749475 3
      vertex -5.54327719506772 -2.2961005941905386 3
      vertex -5.706339097770921 -1.8541019662496843 3
    endloop
  endfacet
  facet normal 0 0 1
    outer loop
      vertex -5.877852522924732 -8.090169943749475 3
      vertex -5.346039145130208 -2.7239429984372805 3
      vertex -5.54327719506772 -2.2961005941905386 3
    endloop
  endfacet
  facet normal 0 0 1
    outer loop
      vertex -5.877852522924732 -8.090169943749475 3
      vertex -5.706339097770921 -1.8541019662496843 3
      vertex -5.834219522386059 -1.4006721831354323 3
    endloop
  endfacet
  facet normal 0 0 1
    outer loop
      vertex -5.224985647159488 -8.526401643540922 3
      vertex -5.115840986124553 -3.134991388295693 3
      vertex -5.346039145130208 -2.7239429984372805 3
    endloop
  endfacet
  facet normal 0 0 1
    outer loop
      vertex -5.877852522924732 -8.090169943749475 3
      vertex -5.834219522386059 -1.4006721831354323 3
      vertex -5.926130043570827 -0.9386067902413853 3
    endloop
  endfacet
  facet normal 0 0 1
    outer loop
      vertex -5.877852522924732 -8.090169943749475 3
      vertex -5.926130043570827 -0.9386067902413853 3
      vertex -5.981504002398768 -0.4707545743670697 3
    endloop
  endfacet
  facet normal 0 0 1
    outer loop
      vertex -5.877852522924732 -8.090169943749475 3
      vertex -5.981504002398768 -0.4707545743670697 3
      vertex -6 0 3
    endloop
  endfacet
  facet normal 0 0 1
    outer loop
      vertex -7.6040596560003095 -6.494480483301837 3
      vertex -7.0710678118654755 -7.0710678118654755 3
      vertex -7.6040596560003095 6.494480483301837 3
    endloop
  endfacet
  facet normal 0 0 1
    outer loop
      vertex -5.877852522924732 -8.090169943749475 3
      vertex -6 0 3
      vertex -6.494480483301837 7.6040596560003095 3
    endloop
  endfacet
  facet normal -0.4886212414969556 -0.8724960070727967 0
    outer loop
      vertex -5.224985647159488 -8.526401643540922 0
      vertex -4.5399049973954675 -8.910065241883679 0
      vertex -4.5399049973954675 -8.910065241883679 3
    endloop
  endfacet
  facet normal -0.4186597375374285 -0.908143173825081 0
    outer loop
      vertex -4.5399049973954675 -8.910065241883679 0
      vertex -3.826834323650898 -9.238795325112868 0
      vertex -3.826834323650898 -9.238795325112868 3
    endloop
  endfacet
  facet normal -0.3461170570774913 -0.9381913359224847 0
    outer loop
      vertex -3.826834323650898 -9.238795325112868 0
      vertex -3.090169943749474 -9.510565162951535 0
      vertex -3.090169943749474 -9.510565162951535 3
    endloop
  endfacet
  facet normal -0.2714404498650755 -0.9624552364536468 0
    outer loop
      vertex -3.090169943749474 -9.510565162951535 0
      vertex -2.334453638559054 -9.723699203976766 0
      vertex -2.334453638559054 -9.723699203976766 3
    endloop
  endfacet
  facet normal 0 0 -1
    outer loop
      vertex -3.090169943749474 -9.510565162951535 0
      vertex -2.14224411533539 -3.4958246738517778 0
      vertex -2.334453638559054 -9.723699203976766 0
    endloop
  endfacet
  facet normal -0.4186597375374285 -0.908143173825081 0
    outer loop
      vertex -4.5399049973954675 -8.910065241883679 0
      vertex -3.826834323650898 -9.238795325112868 3
      vertex -4.5399049973954675 -8.910065241883679 3
    endloop
  endfacet
  facet normal -0.3461170570774913 -0.9381913359224847 0
    outer loop
      vertex -3.826834323650898 -9.238795325112868 0
      vertex -3.090169943749474 -9.510565162951535 3
      vertex -3.826834323650898 -9.238795325112868 3
    endloop
  endfacet
  facet normal -0.2714404498650755 -0.9624552364536468 0
    outer loop
      vertex -3.090169943749474 -9.510565162951535 0
      vertex -2.334453638559054 -9.723699203976766 3
      vertex -3.090169943749474 -9.510565162951535 3
    endloop
  endfacet
  facet normal 0 0 -1
    outer loop
      vertex -4.5399049973954675 -8.910065241883679 0
      vertex -3.787906083296275 -1.5690020726968679 0
      vertex -3.826834323650898 -9.238795325112868 0
    endloop
  endfacet
  facet normal 0 0 -1
    outer loop
      vertex -3.826834323650898 -9.238795325112868 0
      vertex -2.899137802864845 -2.899137802864845 0
      vertex -3.090169943749474 -9.510565162951535 0
    endloop
  endfacet
  facet normal 0 0 -1
    outer loop
      vertex -3.090169943749474 -9.510565162951535 0
      vertex -2.6627369981537528 -3.1176644589601263 0
      vertex -2.4099195343991395 -3.3169696769372843 0
    endloop
  endfacet
  facet normal 0 0 -1
    outer loop
      vertex -3.090169943749474 -9.510565162951535 0
      vertex -2.899137802864845 -2.899137802864845 0
      vertex -2.6627369981537528 -3.1176644589601263 0
    endloop
  endfacet
  facet normal 0 0 -1
    outer loop
      vertex -3.090169943749474 -9.510565162951535 0
      vertex -2.4099195343991395 -3.3169696769372843 0
      vertex -2.14224411533539 -3.4958246738517778 0
    endloop
  endfacet
  facet normal -0.1950903220161299 -0.98078528040323 0
    outer loop
      vertex -2.334453638559054 -9.723699203976766 0
      vertex -1.5643446504023086 -9.876883405951379 0
      vertex -1.5643446504023086 -9.876883405951379 3
    endloop
  endfacet
  facet normal 0 0 -1
    outer loop
      vertex -2.334453638559054 -9.723699203976766 0
      vertex -1.2669696769372842 -3.899331716810129 0
      vertex -1.5643446504023086 -9.876883405951379 0
    endloop
  endfacet
  facet normal -0.11753739745783498 -0.9930684569549266 0
    outer loop
      vertex -1.5643446504023086 -9.876883405951379 0
      vertex -0.7845909572784494 -9.969173337331279 0
      vertex -0.7845909572784494 -9.969173337331279 3
    endloop
  endfacet
  facet normal -0.039259815759069616 -0.9992290362407229 0
    outer loop
      vertex -0.7845909572784494 -9.969173337331279 0
      vertex 0 -10 0
      vertex 0 -10 3
    endloop
  endfacet
  facet normal 0 0 -1
    outer loop
      vertex -1.5643446504023086 -9.876883405951379 0
      vertex -0.6413813066649465 -4.049522196440065 0
      vertex -0.7845909572784494 -9.969173337331279 0
    endloop
  endfacet
  facet normal 0 0 -1
    outer loop
      vertex -0.7845909572784494 -9.969173337331279 0
      vertex -0.32168229248416425 -4.087361068305825 0
      vertex 0 -10 0
    endloop
  endfacet
  facet normal -0.1950903220161299 -0.98078528040323 0
    outer loop
      vertex -2.334453638559054 -9.723699203976766 0
      vertex -1.5643446504023086 -9.876883405951379 3
      vertex -2.334453638559054 -9.723699203976766 3
    endloop
  endfacet
  facet normal -0.11753739745783498 -0.9930684569549266 0
    outer loop
      vertex -1.5643446504023086 -9.876883405951379 0
      vertex -0.7845909572784494 -9.969173337331279 3
      vertex -1.5643446504023086 -9.876883405951379 3
    endloop
  endfacet
  facet normal -0.039259815759069616 -0.9992290362407229 0
    outer loop
      vertex -0.7845909572784494 -9.969173337331279 0
      vertex 0 -10 3
      vertex -0.7845909572784494 -9.969173337331279 3
    endloop
  endfacet
  facet normal 0 0 -1
    outer loop
      vertex -2.334453638559054 -9.723699203976766 0
      vertex -1.8613610489321415 -3.653126749172308 0
      vertex -1.5690020726968679 -3.787906083296275 0
    endloop
  endfacet
  facet normal 0 0 -1
    outer loop
      vertex -2.334453638559054 -9.723699203976766 0
      vertex -1.5690020726968679 -3.787906083296275 0
      vertex -1.2669696769372842 -3.899331716810129 0
    endloop
  endfacet
  facet normal 0 0 -1
    outer loop
      vertex -2.334453638559054 -9.723699203976766 0
      vertex -2.14224411533539 -3.4958246738517778 0
      vertex -1.8613610489321415 -3.653126749172308 0
    endloop
  endfacet
  facet normal 0 0 -1
    outer loop
      vertex -1.5643446504023086 -9.876883405951379 0
      vertex -0.957125991809212 -3.9867166736304736 0
      vertex -0.6413813066649465 -4.049522196440065 0
    endloop
  endfacet
  facet normal 0 0 -1
    outer loop
      vertex -1.5643446504023086 -9.876883405951379 0
      vertex -1.2669696769372842 -3.899331716810129 0
      vertex -0.957125991809212 -3.9867166736304736 0
    endloop
  endfacet
  facet normal 0 0 -1
    outer loop
      vertex -0.7845909572784494 -9.969173337331279 0
      vertex -0.6413813066649465 -4.049522196440065 0
      vertex -0.32168229248416425 -4.087361068305825 0
    endloop
  endfacet
  facet normal 0 0 -1
    outer loop
      vertex 0 -10 0
      vertex -0.32168229248416425 -4.087361068305825 0
      vertex 0 -4.1 0
    endloop
  endfacet
  facet normal 0 0 -1
    outer loop
      vertex 0 -10 0
      vertex 0 -4.1 0
      vertex 0.32168229248416425 -4.087361068305825 0
    endloop
  endfacet
  facet normal 0 0 1
    outer loop
      vertex -4.5399049973954675 -8.910065241883679 3
      vertex -3.826834323650898 -9.238795325112868 3
      vertex -3.896688289981102 -4.562435793600185 3
    endloop
  endfacet
  facet normal 0 0 1
    outer loop
      vertex -3.826834323650898 -9.238795325112868 3
      vertex -3.090169943749474 -9.510565162951535 3
      vertex -3.134991388295693 -5.115840986124553 3
    endloop
  endfacet
  facet normal 0 0 1
    outer loop
      vertex -3.090169943749474 -9.510565162951535 3
      vertex -2.334453638559054 -9.723699203976766 3
      vertex -2.2961005941905386 -5.54327719506772 3
    endloop
  endfacet
  facet normal 0 0 1
    outer loop
      vertex -5.224985647159488 -8.526401643540922 3
      vertex -4.5399049973954675 -8.910065241883679 3
      vertex -4.562435793600185 -3.896688289981102 3
    endloop
  endfacet
  facet normal 0 0 1
    outer loop
      vertex -4.5399049973954675 -8.910065241883679 3
      vertex -4.242640687119286 -4.242640687119286 3
      vertex -4.562435793600185 -3.896688289981102 3
    endloop
  endfacet
  facet normal 0 0 1
    outer loop
      vertex -5.224985647159488 -8.526401643540922 3
      vertex -4.562435793600185 -3.896688289981102 3
      vertex -4.854101966249685 -3.526711513754839 3
    endloop
  endfacet
  facet normal 0 0 1
    outer loop
      vertex -4.5399049973954675 -8.910065241883679 3
      vertex -3.896688289981102 -4.562435793600185 3
      vertex -4.242640687119286 -4.242640687119286 3
    endloop
  endfacet
  facet normal 0 0 1
    outer loop
      vertex -3.826834323650898 -9.238795325112868 3
      vertex -3.526711513754839 -4.854101966249685 3
      vertex -3.896688289981102 -4.562435793600185 3
    endloop
  endfacet
  facet normal 0 0 1
    outer loop
      vertex -3.826834323650898 -9.238795325112868 3
      vertex -3.134991388295693 -5.115840986124553 3
      vertex -3.526711513754839 -4.854101966249685 3
    endloop
  endfacet
  facet normal 0 0 1
    outer loop
      vertex -3.090169943749474 -9.510565162951535 3
      vertex -2.7239429984372805 -5.346039145130208 3
      vertex -3.134991388295693 -5.115840986124553 3
    endloop
  endfacet
  facet normal 0 0 1
    outer loop
      vertex -3.090169943749474 -9.510565162951535 3
      vertex -2.2961005941905386 -5.54327719506772 3
      vertex -2.7239429984372805 -5.346039145130208 3
    endloop
  endfacet
  facet normal 0 0 1
    outer loop
      vertex -2.334453638559054 -9.723699203976766 3
      vertex -1.5643446504023086 -9.876883405951379 3
      vertex -1.4006721831354323 -5.834219522386059 3
    endloop
  endfacet
  facet normal 0 0 1
    outer loop
      vertex -1.5643446504023086 -9.876883405951379 3
      vertex -0.7845909572784494 -9.969173337331279 3
      vertex -0.9386067902413853 -5.926130043570827 3
    endloop
  endfacet
  facet normal 0 0 1
    outer loop
      vertex -0.7845909572784494 -9.969173337331279 3
      vertex 0 -10 3
      vertex 0 -6 3
    endloop
  endfacet
  facet normal 0 0 1
    outer loop
      vertex -2.334453638559054 -9.723699203976766 3
      vertex -1.8541019662496843 -5.706339097770921 3
      vertex -2.2961005941905386 -5.54327719506772 3
    endloop
  endfacet
  facet normal 0 0 1
    outer loop
      vertex -2.334453638559054 -9.723699203976766 3
      vertex -1.4006721831354323 -5.834219522386059 3
      vertex -1.8541019662496843 -5.706339097770921 3
    endloop
  endfacet
  facet normal 0 0 1
    outer loop
      vertex -1.5643446504023086 -9.876883405951379 3
      vertex -0.9386067902413853 -5.926130043570827 3
      vertex -1.4006721831354323 -5.834219522386059 3
    endloop
  endfacet
  facet normal 0 0 1
    outer loop
      vertex -0.7845909572784494 -9.969173337331279 3
      vertex -0.4707545743670697 -5.981504002398768 3
      vertex -0.9386067902413853 -5.926130043570827 3
    endloop
  endfacet
  facet normal 0 0 1
    outer loop
      vertex -0.7845909572784494 -9.969173337331279 3
      vertex 0 -6 3
      vertex -0.4707545743670697 -5.981504002398768 3
    endloop
  endfacet
  facet normal 0 0 -1
    outer loop
      vertex -3.826834323650898 -9.238795325112868 0
      vertex -3.653126749172308 -1.8613610489321415 0
      vertex -3.4958246738517778 -2.14224411533539 0
    endloop
  endfacet
  facet normal 0 0 -1
    outer loop
      vertex -4.5399049973954675 -8.910065241883679 0
      vertex -3.899331716810129 -1.2669696769372842 0
      vertex -3.787906083296275 -1.5690020726968679 0
    endloop
  endfacet
  facet normal 0 0 -1
    outer loop
      vertex -3.826834323650898 -9.238795325112868 0
      vertex -3.787906083296275 -1.5690020726968679 0
      vertex -3.653126749172308 -1.8613610489321415 0
    endloop
  endfacet
  facet normal 0 0 -1
    outer loop
      vertex -5.224985647159488 -8.526401643540922 0
      vertex -4.5399049973954675 8.910065241883679 0
      vertex -4.5399049973954675 -8.910065241883679 0
    endloop
  endfacet
  facet normal 0 0 -1
    outer loop
      vertex -4.5399049973954675 -8.910065241883679 0
      vertex -3.9867166736304736 -0.957125991809212 0
      vertex -3.899331716810129 -1.2669696769372842 0
    endloop
  endfacet
  facet normal 0 0 -1
    outer loop
      vertex -4.5399049973954675 -8.910065241883679 0
      vertex -4.049522196440065 -0.6413813066649465 0
      vertex -3.9867166736304736 -0.957125991809212 0
    endloop
  endfacet
  facet normal 0 0 -1
    outer loop
      vertex -4.5399049973954675 -8.910065241883679 0
      vertex -4.087361068305825 -0.32168229248416425 0
      vertex -4.049522196440065 -0.6413813066649465 0
    endloop
  endfacet
  facet normal 0 0 -1
    outer loop
      vertex -4.5399049973954675 -8.910065241883679 0
      vertex -4.1 0 0
      vertex -4.087361068305825 -0.32168229248416425 0
    endloop
  endfacet
  facet normal 0 0 -1
    outer loop
      vertex -3.826834323650898 -9.238795325112868 0
      vertex -3.3169696769372843 -2.4099195343991395 0
      vertex -3.1176644589601263 -2.6627369981537528 0
    endloop
  endfacet
  facet normal 0 0 -1
    outer loop
      vertex -3.826834323650898 -9.238795325112868 0
      vertex -3.4958246738517778 -2.14224411533539 0
      vertex -3.3169696769372843 -2.4099195343991395 0
    endloop
  endfacet
  facet normal 0 0 -1
    outer loop
      vertex -3.826834323650898 -9.238795325112868 0
      vertex -3.1176644589601263 -2.6627369981537528 0
      vertex -2.899137802864845 -2.899137802864845 0
    endloop
  endfacet
  facet normal 0 0 -1
    outer loop
      vertex -9.969173337331279 -0.7845909572784494 0
      vertex -10 0 0
      vertex -9.969173337331279 0.7845909572784494 0
    endloop
  endfacet
  facet normal 0 0 -1
    outer loop
      vertex -9.969173337331279 -0.7845909572784494 0
      vertex -9.969173337331279 0.7845909572784494 0
      vertex -9.876883405951379 1.5643446504023086 0
    endloop
  endfacet
  facet normal 0 0 -1
    outer loop
      vertex -9.876883405951379 -1.5643446504023086 0
      vertex -9.876883405951379 1.5643446504023086 0
      vertex -9.723699203976766 2.334453638559054 0
    endloop
  endfacet
  facet normal 0 0 -1
    outer loop
      vertex -9.723699203976766 -2.334453638559054 0
      vertex -9.723699203976766 2.334453638559054 0
      vertex -9.510565162951535 3.090169943749474 0
    endloop
  endfacet
  facet normal -0.9992290362407229 0.039259815759069616 0
    outer loop
      vertex -10 0 0
      vertex -9.969173337331279 0.7845909572784494 3
      vertex -9.969173337331279 0.7845909572784494 0
    endloop
  endfacet
  facet normal 0 0 -1
    outer loop
      vertex -9.510565162951535 -3.090169943749474 0
      vertex -9.510565162951535 3.090169943749474 0
      vertex -9.238795325112868 3.826834323650898 0
    endloop
  endfacet
  facet normal 0 0 -1
    outer loop
      vertex -9.238795325112868 -3.826834323650898 0
      vertex -9.238795325112868 3.826834323650898 0
      vertex -8.910065241883679 4.5399049973954675 0
    endloop
  endfacet
  facet normal 0 0 -1
    outer loop
      vertex -8.910065241883679 -4.5399049973954675 0
      vertex -8.910065241883679 4.5399049973954675 0
      vertex -8.526401643540922 5.224985647159488 0
    endloop
  endfacet
  facet normal -0.9930684569549266 0.11753739745783498 0
    outer loop
      vertex -9.969173337331279 0.7845909572784494 0
      vertex -9.876883405951379 1.5643446504023086 3
      vertex -9.876883405951379 1.5643446504023086 0
    endloop
  endfacet
  facet normal -0.98078528040323 0.1950903220161299 0
    outer loop
      vertex -9.876883405951379 1.5643446504023086 0
      vertex -9.723699203976766 2.334453638559054 3
      vertex -9.723699203976766 2.334453638559054 0
    endloop
  endfacet
  facet normal 0 0 -1
    outer loop
      vertex -8.526401643540922 -5.224985647159488 0
      vertex -8.526401643540922 5.224985647159488 0
      vertex -8.090169943749475 5.877852522924732 0
    endloop
  endfacet
  facet normal 0 0 -1
    outer loop
      vertex -8.090169943749475 -5.877852522924732 0
      vertex -8.090169943749475 5.877852522924732 0
      vertex -7.6040596560003095 6.494480483301837 0
    endloop
  endfacet
  facet normal -0.9992290362407229 0.039259815759069616 0
    outer loop
      vertex -10 0 0
      vertex -10 0 3
      vertex -9.969173337331279 0.7845909572784494 3
    endloop
  endfacet
  facet normal -0.9930684569549266 0.11753739745783498 0
    outer loop
      vertex -9.969173337331279 0.7845909572784494 0
      vertex -9.969173337331279 0.7845909572784494 3
      vertex -9.876883405951379 1.5643446504023086 3
    endloop
  endfacet
  facet normal -0.98078528040323 0.1950903220161299 0
    outer loop
      vertex -9.876883405951379 1.5643446504023086 0
      vertex -9.876883405951379 1.5643446504023086 3
      vertex -9.723699203976766 2.334453638559054 3
    endloop
  endfacet
  facet normal -0.9624552364536468 0.2714404498650755 0
    outer loop
      vertex -9.723699203976766 2.334453638559054 0
      vertex -9.510565162951535 3.090169943749474 3
      vertex -9.510565162951535 3.090169943749474 0
    endloop
  endfacet
  facet normal -0.9381913359224847 0.3461170570774913 0
    outer loop
      vertex -9.510565162951535 3.090169943749474 0
      vertex -9.238795325112868 3.826834323650898 3
      vertex -9.238795325112868 3.826834323650898 0
    endloop
  endfacet
  facet normal -0.908143173825081 0.4186597375374285 0
    outer loop
      vertex -9.238795325112868 3.826834323650898 0
      vertex -8.910065241883679 4.5399049973954675 3
      vertex -8.910065241883679 4.5399049973954675 0
    endloop
  endfacet
  facet normal -0.8724960070727967 0.4886212414969556 0
    outer loop
      vertex -8.910065241883679 4.5399049973954675 0
      vertex -8.526401643540922 5.224985647159488 3
      vertex -8.526401643540922 5.224985647159488 0
    endloop
  endfacet
  facet normal -0.9624552364536468 0.2714404498650755 0
    outer loop
      vertex -9.723699203976766 2.334453638559054 0
      vertex -9.723699203976766 2.334453638559054 3
      vertex -9.510565162951535 3.090169943749474 3
    endloop
  endfacet
  facet normal -0.9381913359224847 0.3461170570774913 0
    outer loop
      vertex -9.510565162951535 3.090169943749474 0
      vertex -9.510565162951535 3.090169943749474 3
      vertex -9.238795325112868 3.826834323650898 3
    endloop
  endfacet
  facet normal -0.908143173825081 0.4186597375374285 0
    outer loop
      vertex -9.238795325112868 3.826834323650898 0
      vertex -9.238795325112868 3.826834323650898 3
      vertex -8.910065241883679 4.5399049973954675 3
    endloop
  endfacet
  facet normal -0.8724960070727967 0.4886212414969556 0
    outer loop
      vertex -8.910065241883679 4.5399049973954675 0
      vertex -8.910065241883679 4.5399049973954675 3
      vertex -8.526401643540922 5.224985647159488 3
    endloop
  endfacet
  facet normal 0 0 -1
    outer loop
      vertex -7.6040596560003095 -6.494480483301837 0
      vertex -7.6040596560003095 6.494480483301837 0
      vertex -7.0710678118654755 7.0710678118654755 0
    endloop
  endfacet
  facet normal 0 0 -1
    outer loop
      vertex -7.0710678118654755 -7.0710678118654755 0
      vertex -7.0710678118654755 7.0710678118654755 0
      vertex -6.494480483301837 7.6040596560003095 0
    endloop
  endfacet
  facet normal 0 0 -1
    outer loop
      vertex -6.494480483301837 -7.6040596560003095 0
      vertex -6.494480483301837 7.6040596560003095 0
      vertex -5.877852522924732 8.090169943749475 0
    endloop
  endfacet
  facet normal 0 0 -1
    outer loop
      vertex -5.877852522924732 -8.090169943749475 0
      vertex -5.877852522924732 8.090169943749475 0
      vertex -5.224985647159488 8.526401643540922 0
    endloop
  endfacet
  facet normal 0 0 -1
    outer loop
      vertex -5.224985647159488 -8.526401643540922 0
      vertex -5.224985647159488 8.526401643540922 0
      vertex -4.5399049973954675 8.910065241883679 0
    endloop
  endfacet
  facet normal 0 0 1
    outer loop
      vertex -9.969173337331279 -0.7845909572784494 3
      vertex -9.969173337331279 0.7845909572784494 3
      vertex -10 0 3
    endloop
  endfacet
  facet normal 0 0 1
    outer loop
      vertex -9.876883405951379 -1.5643446504023086 3
      vertex -9.876883405951379 1.5643446504023086 3
      vertex -9.969173337331279 0.7845909572784494 3
    endloop
  endfacet
  facet normal 0 0 1
    outer loop
      vertex -9.723699203976766 -2.334453638559054 3
      vertex -9.723699203976766 2.334453638559054 3
      vertex -9.876883405951379 1.5643446504023086 3
    endloop
  endfacet
  facet normal 0 0 1
    outer loop
      vertex -9.510565162951535 -3.090169943749474 3
      vertex -9.510565162951535 3.090169943749474 3
      vertex -9.723699203976766 2.334453638559054 3
    endloop
  endfacet
  facet normal 0 0 1
    outer loop
      vertex -9.238795325112868 -3.826834323650898 3
      vertex -9.238795325112868 3.826834323650898 3
      vertex -9.510565162951535 3.090169943749474 3
    endloop
  endfacet
  facet normal 0 0 1
    outer loop
      vertex -8.910065241883679 -4.5399049973954675 3
      vertex -8.910065241883679 4.5399049973954675 3
      vertex -9.238795325112868 3.826834323650898 3
    endloop
  endfacet
  facet normal 0 0 1
    outer loop
      vertex -8.526401643540922 -5.224985647159488 3
      vertex -8.526401643540922 5.224985647159488 3
      vertex -8.910065241883679 4.5399049973954675 3
    endloop
  endfacet
  facet normal 0 0 1
    outer loop
      vertex -8.090169943749475 -5.877852522924732 3
      vertex -8.090169943749475 5.877852522924732 3
      vertex -8.526401643540922 5.224985647159488 3
    endloop
  endfacet
  facet normal 0 0 1
    outer loop
      vertex -7.6040596560003095 -6.494480483301837 3
      vertex -7.6040596560003095 6.494480483301837 3
      vertex -8.090169943749475 5.877852522924732 3
    endloop
  endfacet
  facet normal 0 0 1
    outer loop
      vertex -7.0710678118654755 -7.0710678118654755 3
      vertex -7.0710678118654755 7.0710678118654755 3
      vertex -7.6040596560003095 6.494480483301837 3
    endloop
  endfacet
  facet normal 0 0 1
    outer loop
      vertex -6.494480483301837 -7.6040596560003095 3
      vertex -6.494480483301837 7.6040596560003095 3
      vertex -7.0710678118654755 7.0710678118654755 3
    endloop
  endfacet
  facet normal 0 0 1
    outer loop
      vertex -6 0 3
      vertex -5.981504002398768 0.4707545743670697 3
      vertex -6.494480483301837 7.6040596560003095 3
    endloop
  endfacet
  facet normal 0 0 1
    outer loop
      vertex -5.981504002398768 0.4707545743670697 3
      vertex -5.926130043570827 0.9386067902413853 3
      vertex -6.494480483301837 7.6040596560003095 3
    endloop
  endfacet
  facet normal 0 0 1
    outer loop
      vertex -5.926130043570827 0.9386067902413853 3
      vertex -5.834219522386059 1.4006721831354323 3
      vertex -5.877852522924732 8.090169943749475 3
    endloop
  endfacet
  facet normal 0 0 1
    outer loop
      vertex -5.834219522386059 1.4006721831354323 3
      vertex -5.706339097770921 1.8541019662496843 3
      vertex -5.877852522924732 8.090169943749475 3
    endloop
  endfacet
  facet normal 0 0 1
    outer loop
      vertex -5.706339097770921 1.8541019662496843 3
      vertex -5.54327719506772 2.2961005941905386 3
      vertex -5.877852522924732 8.090169943749475 3
    endloop
  endfacet
  facet normal 0 0 1
    outer loop
      vertex -5.54327719506772 2.2961005941905386 3
      vertex -5.346039145130208 2.7239429984372805 3
      vertex -5.877852522924732 8.090169943749475 3
    endloop
  endfacet
  facet normal 0 0 1
    outer loop
      vertex -5.346039145130208 2.7239429984372805 3
      vertex -5.115840986124553 3.134991388295693 3
      vertex -5.224985647159488 8.526401643540922 3
    endloop
  endfacet
  facet normal -0.831469612302546 0.5555702330196008 0
    outer loop
      vertex -8.526401643540922 5.224985647159488 0
      vertex -8.090169943749475 5.877852522924732 3
      vertex -8.090169943749475 5.877852522924732 0
    endloop
  endfacet
  facet normal -0.785316930880745 0.6190939493098342 0
    outer loop
      vertex -8.090169943749475 5.877852522924732 0
      vertex -7.6040596560003095 6.494480483301837 3
      vertex -7.6040596560003095 6.494480483301837 0
    endloop
  endfacet
  facet normal -0.831469612302546 0.5555702330196008 0
    outer loop
      vertex -8.526401643540922 5.224985647159488 0
      vertex -8.526401643540922 5.224985647159488 3
      vertex -8.090169943749475 5.877852522924732 3
    endloop
  endfacet
  facet normal -0.785316930880745 0.6190939493098342 0
    outer loop
      vertex -8.090169943749475 5.877852522924732 0
      vertex -8.090169943749475 5.877852522924732 3
      vertex -7.6040596560003095 6.494480483301837 3
    endloop
  endfacet
  facet normal -0.7343225094356854 0.6788007455329418 0
    outer loop
      vertex -7.6040596560003095 6.494480483301837 0
      vertex -7.0710678118654755 7.0710678118654755 3
      vertex -7.0710678118654755 7.0710678118654755 0
    endloop
  endfacet
  facet normal -0.6788007455329418 0.7343225094356854 0
    outer loop
      vertex -7.0710678118654755 7.0710678118654755 0
      vertex -7.0710678118654755 7.0710678118654755 3
      vertex -6.494480483301837 7.6040596560003095 0
    endloop
  endfacet
  facet normal -0.7343225094356854 0.6788007455329418 0
    outer loop
      vertex -7.6040596560003095 6.494480483301837 0
      vertex -7.6040596560003095 6.494480483301837 3
      vertex -7.0710678118654755 7.0710678118654755 3
    endloop
  endfacet
  facet normal -0.6788007455329418 0.7343225094356854 0
    outer loop
      vertex -6.494480483301837 7.6040596560003095 0
      vertex -7.0710678118654755 7.0710678118654755 3
      vertex -6.494480483301837 7.6040596560003095 3
    endloop
  endfacet
  facet normal -0.6190939493098342 0.785316930880745 0
    outer loop
      vertex -6.494480483301837 7.6040596560003095 0
      vertex -6.494480483301837 7.6040596560003095 3
      vertex -5.877852522924732 8.090169943749475 0
    endloop
  endfacet
  facet normal -0.5555702330196008 0.831469612302546 0
    outer loop
      vertex -5.877852522924732 8.090169943749475 0
      vertex -5.877852522924732 8.090169943749475 3
      vertex -5.224985647159488 8.526401643540922 0
    endloop
  endfacet
  facet normal -0.4886212414969556 0.8724960070727967 0
    outer loop
      vertex -5.224985647159488 8.526401643540922 0
      vertex -5.224985647159488 8.526401643540922 3
      vertex -4.5399049973954675 8.910065241883679 0
    endloop
  endfacet
  facet normal -0.6190939493098342 0.785316930880745 0
    outer loop
      vertex -5.877852522924732 8.090169943749475 0
      vertex -6.494480483301837 7.6040596560003095 3
      vertex -5.877852522924732 8.090169943749475 3
    endloop
  endfacet
  facet normal -0.5555702330196008 0.831469612302546 0
    outer loop
      vertex -5.224985647159488 8.526401643540922 0
      vertex -5.877852522924732 8.090169943749475 3
      vertex -5.224985647159488 8.526401643540922 3
    endloop
  endfacet
  facet normal 0 0 1
    outer loop
      vertex -5.926130043570827 0.9386067902413853 3
      vertex -5.877852522924732 8.090169943749475 3
      vertex -6.494480483301837 7.6040596560003095 3
    endloop
  endfacet
  facet normal 0 0 1
    outer loop
      vertex -5.115840986124553 3.134991388295693 3
      vertex -4.854101966249685 3.526711513754839 3
      vertex -5.224985647159488 8.526401643540922 3
    endloop
  endfacet
  facet normal 0 0 1
    outer loop
      vertex -5.346039145130208 2.7239429984372805 3
      vertex -5.224985647159488 8.526401643540922 3
      vertex -5.877852522924732 8.090169943749475 3
    endloop
  endfacet
  facet normal 0 0 -1
    outer loop
      vertex -4.5399049973954675 -8.910065241883679 0
      vertex -3.826834323650898 9.238795325112868 0
      vertex -4.1 0 0
    endloop
  endfacet
  facet normal 0 0 -1
    outer loop
      vertex -4.5399049973954675 -8.910065241883679 0
      vertex -4.5399049973954675 8.910065241883679 0
      vertex -3.826834323650898 9.238795325112868 0
    endloop
  endfacet
  facet normal 0 0 -1
    outer loop
      vertex -3.826834323650898 9.238795325112868 0
      vertex -4.087361068305825 0.32168229248416425 0
      vertex -4.1 0 0
    endloop
  endfacet
  facet normal 0 0 -1
    outer loop
      vertex -3.826834323650898 9.238795325112868 0
      vertex -4.049522196440065 0.6413813066649465 0
      vertex -4.087361068305825 0.32168229248416425 0
    endloop
  endfacet
  facet normal 0 0 -1
    outer loop
      vertex -3.826834323650898 9.238795325112868 0
      vertex -3.9867166736304736 0.957125991809212 0
      vertex -4.049522196440065 0.6413813066649465 0
    endloop
  endfacet
  facet normal 0 0 -1
    outer loop
      vertex -3.826834323650898 9.238795325112868 0
      vertex -3.899331716810129 1.2669696769372842 0
      vertex -3.9867166736304736 0.957125991809212 0
    endloop
  endfacet
  facet normal 0 0 -1
    outer loop
      vertex -3.826834323650898 9.238795325112868 0
      vertex -3.787906083296275 1.5690020726968679 0
      vertex -3.899331716810129 1.2669696769372842 0
    endloop
  endfacet
  facet normal 0 0 -1
    outer loop
      vertex -3.826834323650898 9.238795325112868 0
      vertex -3.653126749172308 1.8613610489321415 0
      vertex -3.787906083296275 1.5690020726968679 0
    endloop
  endfacet
  facet normal 0 0 -1
    outer loop
      vertex -3.826834323650898 9.238795325112868 0
      vertex -3.4958246738517778 2.14224411533539 0
      vertex -3.653126749172308 1.8613610489321415 0
    endloop
  endfacet
  facet normal 0 0 -1
    outer loop
      vertex -3.090169943749474 9.510565162951535 0
      vertex -3.3169696769372843 2.4099195343991395 0
      vertex -3.4958246738517778 2.14224411533539 0
    endloop
  endfacet
  facet normal 0 0 -1
    outer loop
      vertex -3.090169943749474 9.510565162951535 0
      vertex -3.1176644589601263 2.6627369981537528 0
      vertex -3.3169696769372843 2.4099195343991395 0
    endloop
  endfacet
  facet normal 0 0 -1
    outer loop
      vertex -3.090169943749474 9.510565162951535 0
      vertex -2.899137802864845 2.899137802864845 0
      vertex -3.1176644589601263 2.6627369981537528 0
    endloop
  endfacet
  facet normal 0 0 -1
    outer loop
      vertex -3.090169943749474 9.510565162951535 0
      vertex -2.6627369981537528 3.1176644589601263 0
      vertex -2.899137802864845 2.899137802864845 0
    endloop
  endfacet
  facet normal 0 0 -1
    outer loop
      vertex -2.334453638559054 9.723699203976766 0
      vertex -2.4099195343991395 3.3169696769372843 0
      vertex -2.6627369981537528 3.1176644589601263 0
    endloop
  endfacet
  facet normal 0 0 -1
    outer loop
      vertex -3.826834323650898 9.238795325112868 0
      vertex -3.090169943749474 9.510565162951535 0
      vertex -3.4958246738517778 2.14224411533539 0
    endloop
  endfacet
  facet normal 0 0 -1
    outer loop
      vertex -3.090169943749474 9.510565162951535 0
      vertex -2.334453638559054 9.723699203976766 0
      vertex -2.6627369981537528 3.1176644589601263 0
    endloop
  endfacet
  facet normal -0.4186597375374285 0.908143173825081 0
    outer loop
      vertex -4.5399049973954675 8.910065241883679 0
      vertex -4.5399049973954675 8.910065241883679 3
      vertex -3.826834323650898 9.238795325112868 0
    endloop
  endfacet
  facet normal -0.3461170570774913 0.9381913359224847 0
    outer loop
      vertex -3.826834323650898 9.238795325112868 0
      vertex -3.826834323650898 9.238795325112868 3
      vertex -3.090169943749474 9.510565162951535 0
    endloop
  endfacet
  facet normal -0.2714404498650755 0.9624552364536468 0
    outer loop
      vertex -3.090169943749474 9.510565162951535 0
      vertex -3.090169943749474 9.510565162951535 3
      vertex -2.334453638559054 9.723699203976766 0
    endloop
  endfacet
  facet normal -0.4886212414969556 0.8724960070727967 0
    outer loop
      vertex -5.224985647159488 8.526401643540922 3
      vertex -4.5399049973954675 8.910065241883679 3
      vertex -4.5399049973954675 8.910065241883679 0
    endloop
  endfacet
  facet normal -0.4186597375374285 0.908143173825081 0
    outer loop
      vertex -3.826834323650898 9.238795325112868 0
      vertex -4.5399049973954675 8.910065241883679 3
      vertex -3.826834323650898 9.238795325112868 3
    endloop
  endfacet
  facet normal -0.3461170570774913 0.9381913359224847 0
    outer loop
      vertex -3.090169943749474 9.510565162951535 0
      vertex -3.826834323650898 9.238795325112868 3
      vertex -3.090169943749474 9.510565162951535 3
    endloop
  endfacet
  facet normal -0.2714404498650755 0.9624552364536468 0
    outer loop
      vertex -2.334453638559054 9.723699203976766 0
      vertex -3.090169943749474 9.510565162951535 3
      vertex -2.334453638559054 9.723699203976766 3
    endloop
  endfacet
  facet normal 0 0 -1
    outer loop
      vertex -2.334453638559054 9.723699203976766 0
      vertex -2.14224411533539 3.4958246738517778 0
      vertex -2.4099195343991395 3.3169696769372843 0
    endloop
  endfacet
  facet normal 0 0 -1
    outer loop
      vertex -2.334453638559054 9.723699203976766 0
      vertex -1.8613610489321415 3.653126749172308 0
      vertex -2.14224411533539 3.4958246738517778 0
    endloop
  endfacet
  facet normal 0 0 -1
    outer loop
      vertex -1.5643446504023086 9.876883405951379 0
      vertex -1.5690020726968679 3.787906083296275 0
      vertex -1.8613610489321415 3.653126749172308 0
    endloop
  endfacet
  facet normal 0 0 -1
    outer loop
      vertex -1.5643446504023086 9.876883405951379 0
      vertex -1.2669696769372842 3.899331716810129 0
      vertex -1.5690020726968679 3.787906083296275 0
    endloop
  endfacet
  facet normal 0 0 -1
    outer loop
      vertex -0.7845909572784494 9.969173337331279 0
      vertex -0.957125991809212 3.9867166736304736 0
      vertex -1.2669696769372842 3.899331716810129 0
    endloop
  endfacet
  facet normal 0 0 -1
    outer loop
      vertex -0.7845909572784494 9.969173337331279 0
      vertex -0.6413813066649465 4.049522196440065 0
      vertex -0.957125991809212 3.9867166736304736 0
    endloop
  endfacet
  facet normal 0 0 -1
    outer loop
      vertex -0.7845909572784494 9.969173337331279 0
      vertex -0.32168229248416425 4.087361068305825 0
      vertex -0.6413813066649465 4.049522196440065 0
    endloop
  endfacet
  facet normal 0 0 -1
    outer loop
      vertex 0 10 0
      vertex 0 4.1 0
      vertex -0.32168229248416425 4.087361068305825 0
    endloop
  endfacet
  facet normal 0 0 -1
    outer loop
      vertex 0 10 0
      vertex 0.32168229248416425 4.087361068305825 0
      vertex 0 4.1 0
    endloop
  endfacet
  facet normal 0 0 -1
    outer loop
      vertex -2.334453638559054 9.723699203976766 0
      vertex -1.5643446504023086 9.876883405951379 0
      vertex -1.8613610489321415 3.653126749172308 0
    endloop
  endfacet
  facet normal 0 0 -1
    outer loop
      vertex -1.5643446504023086 9.876883405951379 0
      vertex -0.7845909572784494 9.969173337331279 0
      vertex -1.2669696769372842 3.899331716810129 0
    endloop
  endfacet
  facet normal -0.1950903220161299 0.98078528040323 0
    outer loop
      vertex -2.334453638559054 9.723699203976766 0
      vertex -2.334453638559054 9.723699203976766 3
      vertex -1.5643446504023086 9.876883405951379 0
    endloop
  endfacet
  facet normal -0.11753739745783498 0.9930684569549266 0
    outer loop
      vertex -1.5643446504023086 9.876883405951379 0
      vertex -1.5643446504023086 9.876883405951379 3
      vertex -0.7845909572784494 9.969173337331279 0
    endloop
  endfacet
  facet normal 0 0 -1
    outer loop
      vertex -0.7845909572784494 9.969173337331279 0
      vertex 0 10 0
      vertex -0.32168229248416425 4.087361068305825 0
    endloop
  endfacet
  facet normal -0.039259815759069616 0.9992290362407229 0
    outer loop
      vertex -0.7845909572784494 9.969173337331279 0
      vertex -0.7845909572784494 9.969173337331279 3
      vertex 0 10 0
    endloop
  endfacet
  facet normal -0.1950903220161299 0.98078528040323 0
    outer loop
      vertex -1.5643446504023086 9.876883405951379 0
      vertex -2.334453638559054 9.723699203976766 3
      vertex -1.5643446504023086 9.876883405951379 3
    endloop
  endfacet
  facet normal -0.11753739745783498 0.9930684569549266 0
    outer loop
      vertex -0.7845909572784494 9.969173337331279 0
      vertex -1.5643446504023086 9.876883405951379 3
      vertex -0.7845909572784494 9.969173337331279 3
    endloop
  endfacet
  facet normal -0.039259815759069616 0.9992290362407229 0
    outer loop
      vertex 0 10 0
      vertex -0.7845909572784494 9.969173337331279 3
      vertex 0 10 3
    endloop
  endfacet
  facet normal 0 0 1
    outer loop
      vertex -5.224985647159488 8.526401643540922 3
      vertex -4.854101966249685 3.526711513754839 3
      vertex -4.562435793600185 3.896688289981102 3
    endloop
  endfacet
  facet normal 0 0 1
    outer loop
      vertex -4.562435793600185 3.896688289981102 3
      vertex -4.242640687119286 4.242640687119286 3
      vertex -4.5399049973954675 8.910065241883679 3
    endloop
  endfacet
  facet normal 0 0 1
    outer loop
      vertex -4.242640687119286 4.242640687119286 3
      vertex -3.896688289981102 4.562435793600185 3
      vertex -4.5399049973954675 8.910065241883679 3
    endloop
  endfacet
  facet normal 0 0 1
    outer loop
      vertex -3.896688289981102 4.562435793600185 3
      vertex -3.526711513754839 4.854101966249685 3
      vertex -3.826834323650898 9.238795325112868 3
    endloop
  endfacet
  facet normal 0 0 1
    outer loop
      vertex -5.224985647159488 8.526401643540922 3
      vertex -4.562435793600185 3.896688289981102 3
      vertex -4.5399049973954675 8.910065241883679 3
    endloop
  endfacet
  facet normal 0 0 1
    outer loop
      vertex -3.526711513754839 4.854101966249685 3
      vertex -3.134991388295693 5.115840986124553 3
      vertex -3.826834323650898 9.238795325112868 3
    endloop
  endfacet
  facet normal 0 0 1
    outer loop
      vertex -3.134991388295693 5.115840986124553 3
      vertex -2.7239429984372805 5.346039145130208 3
      vertex -3.090169943749474 9.510565162951535 3
    endloop
  endfacet
  facet normal 0 0 1
    outer loop
      vertex -2.7239429984372805 5.346039145130208 3
      vertex -2.2961005941905386 5.54327719506772 3
      vertex -2.334453638559054 9.723699203976766 3
    endloop
  endfacet
  facet normal 0 0 1
    outer loop
      vertex -3.896688289981102 4.562435793600185 3
      vertex -3.826834323650898 9.238795325112868 3
      vertex -4.5399049973954675 8.910065241883679 3
    endloop
  endfacet
  facet normal 0 0 1
    outer loop
      vertex -3.134991388295693 5.115840986124553 3
      vertex -3.090169943749474 9.510565162951535 3
      vertex -3.826834323650898 9.238795325112868 3
    endloop
  endfacet
  facet normal 0 0 1
    outer loop
      vertex -2.7239429984372805 5.346039145130208 3
      vertex -2.334453638559054 9.723699203976766 3
      vertex -3.090169943749474 9.510565162951535 3
    endloop
  endfacet
  facet normal 0 0 1
    outer loop
      vertex -2.334453638559054 9.723699203976766 3
      vertex -2.2961005941905386 5.54327719506772 3
      vertex -1.8541019662496843 5.706339097770921 3
    endloop
  endfacet
  facet normal 0 0 1
    outer loop
      vertex -1.8541019662496843 5.706339097770921 3
      vertex -1.4006721831354323 5.834219522386059 3
      vertex -1.5643446504023086 9.876883405951379 3
    endloop
  endfacet
  facet normal 0 0 1
    outer loop
      vertex -1.4006721831354323 5.834219522386059 3
      vertex -0.9386067902413853 5.926130043570827 3
      vertex -1.5643446504023086 9.876883405951379 3
    endloop
  endfacet
  facet normal 0 0 1
    outer loop
      vertex -0.9386067902413853 5.926130043570827 3
      vertex -0.4707545743670697 5.981504002398768 3
      vertex -0.7845909572784494 9.969173337331279 3
    endloop
  endfacet
  facet normal 0 0 1
    outer loop
      vertex -0.4707545743670697 5.981504002398768 3
      vertex 0 6 3
      vertex -0.7845909572784494 9.969173337331279 3
    endloop
  endfacet
  facet normal 0 0 1
    outer loop
      vertex -2.334453638559054 9.723699203976766 3
      vertex -1.8541019662496843 5.706339097770921 3
      vertex -1.5643446504023086 9.876883405951379 3
    endloop
  endfacet
  facet normal 0 0 1
    outer loop
      vertex -0.9386067902413853 5.926130043570827 3
      vertex -0.7845909572784494 9.969173337331279 3
      vertex -1.5643446504023086 9.876883405951379 3
    endloop
  endfacet
  facet normal 0 0 1
    outer loop
      vertex 0 6 3
      vertex 0 10 3
      vertex -0.7845909572784494 9.969173337331279 3
    endloop
  endfacet
  facet normal 0.039259815759069616 -0.9992290362407229 0
    outer loop
      vertex 0 -10 0
      vertex 0.7845909572784494 -9.969173337331279 0
      vertex 0.7845909572784494 -9.969173337331279 3
    endloop
  endfacet
  facet normal 0.11753739745783498 -0.9930684569549266 0
    outer loop
      vertex 0.7845909572784494 -9.969173337331279 0
      vertex 1.5643446504023086 -9.876883405951379 0
      vertex 1.5643446504023086 -9.876883405951379 3
    endloop
  endfacet
  facet normal 0 0 -1
    outer loop
      vertex 0 -10 0
      vertex 0.32168229248416425 -4.087361068305825 0
      vertex 0.7845909572784494 -9.969173337331279 0
    endloop
  endfacet
  facet normal 0 0 -1
    outer loop
      vertex 0.7845909572784494 -9.969173337331279 0
      vertex 1.2669696769372842 -3.899331716810129 0
      vertex 1.5643446504023086 -9.876883405951379 0
    endloop
  endfacet
  facet normal 0.1950903220161299 -0.98078528040323 0
    outer loop
      vertex 1.5643446504023086 -9.876883405951379 0
      vertex 2.334453638559054 -9.723699203976766 0
      vertex 2.334453638559054 -9.723699203976766 3
    endloop
  endfacet
  facet normal 0 0 -1
    outer loop
      vertex 1.5643446504023086 -9.876883405951379 0
      vertex 1.8613610489321415 -3.653126749172308 0
      vertex 2.334453638559054 -9.723699203976766 0
    endloop
  endfacet
  facet normal 0.039259815759069616 -0.9992290362407229 0
    outer loop
      vertex 0 -10 0
      vertex 0.7845909572784494 -9.969173337331279 3
      vertex 0 -10 3
    endloop
  endfacet
  facet normal 0.11753739745783498 -0.9930684569549266 0
    outer loop
      vertex 0.7845909572784494 -9.969173337331279 0
      vertex 1.5643446504023086 -9.876883405951379 3
      vertex 0.7845909572784494 -9.969173337331279 3
    endloop
  endfacet
  facet normal 0.1950903220161299 -0.98078528040323 0
    outer loop
      vertex 1.5643446504023086 -9.876883405951379 0
      vertex 2.334453638559054 -9.723699203976766 3
      vertex 1.5643446504023086 -9.876883405951379 3
    endloop
  endfacet
  facet normal 0.2714404498650755 -0.9624552364536468 0
    outer loop
      vertex 2.334453638559054 -9.723699203976766 0
      vertex 3.090169943749474 -9.510565162951535 3
      vertex 2.334453638559054 -9.723699203976766 3
    endloop
  endfacet
  facet normal 0 0 -1
    outer loop
      vertex 0.7845909572784494 -9.969173337331279 0
      vertex 0.32168229248416425 -4.087361068305825 0
      vertex 0.6413813066649465 -4.049522196440065 0
    endloop
  endfacet
  facet normal 0 0 -1
    outer loop
      vertex 0.7845909572784494 -9.969173337331279 0
      vertex 0.6413813066649465 -4.049522196440065 0
      vertex 0.957125991809212 -3.9867166736304736 0
    endloop
  endfacet
  facet normal 0 0 -1
    outer loop
      vertex 0.7845909572784494 -9.969173337331279 0
      vertex 0.957125991809212 -3.9867166736304736 0
      vertex 1.2669696769372842 -3.899331716810129 0
    endloop
  endfacet
  facet normal 0 0 -1
    outer loop
      vertex 1.5643446504023086 -9.876883405951379 0
      vertex 1.2669696769372842 -3.899331716810129 0
      vertex 1.5690020726968679 -3.787906083296275 0
    endloop
  endfacet
  facet normal 0 0 -1
    outer loop
      vertex 2.334453638559054 -9.723699203976766 0
      vertex 2.6627369981537528 -3.1176644589601263 0
      vertex 3.090169943749474 -9.510565162951535 0
    endloop
  endfacet
  facet normal 0 0 -1
    outer loop
      vertex 1.5643446504023086 -9.876883405951379 0
      vertex 1.5690020726968679 -3.787906083296275 0
      vertex 1.8613610489321415 -3.653126749172308 0
    endloop
  endfacet
  facet normal 0 0 -1
    outer loop
      vertex 2.334453638559054 -9.723699203976766 0
      vertex 1.8613610489321415 -3.653126749172308 0
      vertex 2.14224411533539 -3.4958246738517778 0
    endloop
  endfacet
  facet normal 0 0 -1
    outer loop
      vertex 2.334453638559054 -9.723699203976766 0
      vertex 2.14224411533539 -3.4958246738517778 0
      vertex 2.4099195343991395 -3.3169696769372843 0
    endloop
  endfacet
  facet normal 0 0 -1
    outer loop
      vertex 2.334453638559054 -9.723699203976766 0
      vertex 2.4099195343991395 -3.3169696769372843 0
      vertex 2.6627369981537528 -3.1176644589601263 0
    endloop
  endfacet
  facet normal 0.2714404498650755 -0.9624552364536468 0
    outer loop
      vertex 2.334453638559054 -9.723699203976766 0
      vertex 3.090169943749474 -9.510565162951535 0
      vertex 3.090169943749474 -9.510565162951535 3
    endloop
  endfacet
  facet normal 0.3461170570774913 -0.9381913359224847 0
    outer loop
      vertex 3.090169943749474 -9.510565162951535 0
      vertex 3.826834323650898 -9.238795325112868 0
      vertex 3.826834323650898 -9.238795325112868 3
    endloop
  endfacet
  facet normal 0.4186597375374285 -0.908143173825081 0
    outer loop
      vertex 3.826834323650898 -9.238795325112868 0
      vertex 4.5399049973954675 -8.910065241883679 0
      vertex 4.5399049973954675 -8.910065241883679 3
    endloop
  endfacet
  facet normal 0.4886212414969556 -0.8724960070727967 0
    outer loop
      vertex 4.5399049973954675 -8.910065241883679 0
      vertex 5.224985647159488 -8.526401643540922 0
      vertex 5.224985647159488 -8.526401643540922 3
    endloop
  endfacet
  facet normal 0.3461170570774913 -0.9381913359224847 0
    outer loop
      vertex 3.090169943749474 -9.510565162951535 0
      vertex 3.826834323650898 -9.238795325112868 3
      vertex 3.090169943749474 -9.510565162951535 3
    endloop
  endfacet
  facet normal 0.4186597375374285 -0.908143173825081 0
    outer loop
      vertex 3.826834323650898 -9.238795325112868 0
      vertex 4.5399049973954675 -8.910065241883679 3
      vertex 3.826834323650898 -9.238795325112868 3
    endloop
  endfacet
  facet normal 0.4886212414969556 -0.8724960070727967 0
    outer loop
      vertex 4.5399049973954675 -8.910065241883679 0
      vertex 5.224985647159488 -8.526401643540922 3
      vertex 4.5399049973954675 -8.910065241883679 3
    endloop
  endfacet
  facet normal 0 0 -1
    outer loop
      vertex 3.090169943749474 -9.510565162951535 0
      vertex 3.4958246738517778 -2.14224411533539 0
      vertex 3.826834323650898 -9.238795325112868 0
    endloop
  endfacet
  facet normal 0 0 -1
    outer loop
      vertex 3.090169943749474 -9.510565162951535 0
      vertex 2.6627369981537528 -3.1176644589601263 0
      vertex 2.899137802864845 -2.899137802864845 0
    endloop
  endfacet
  facet normal 0 0 -1
    outer loop
      vertex 3.090169943749474 -9.510565162951535 0
      vertex 2.899137802864845 -2.899137802864845 0
      vertex 3.1176644589601263 -2.6627369981537528 0
    endloop
  endfacet
  facet normal 0 0 1
    outer loop
      vertex 0 -10 3
      vertex 0.7845909572784494 -9.969173337331279 3
      vertex 0 -6 3
    endloop
  endfacet
  facet normal 0 0 1
    outer loop
      vertex 0.7845909572784494 -9.969173337331279 3
      vertex 1.5643446504023086 -9.876883405951379 3
      vertex 0.9386067902413853 -5.926130043570827 3
    endloop
  endfacet
  facet normal 0 0 1
    outer loop
      vertex 1.5643446504023086 -9.876883405951379 3
      vertex 2.334453638559054 -9.723699203976766 3
      vertex 1.8541019662496843 -5.706339097770921 3
    endloop
  endfacet
  facet normal 0 0 1
    outer loop
      vertex 2.334453638559054 -9.723699203976766 3
      vertex 3.090169943749474 -9.510565162951535 3
      vertex 2.7239429984372805 -5.346039145130208 3
    endloop
  endfacet
  facet normal 0 0 1
    outer loop
      vertex 0 -6 3
      vertex 0.7845909572784494 -9.969173337331279 3
      vertex 0.4707545743670697 -5.981504002398768 3
    endloop
  endfacet
  facet normal 0 0 1
    outer loop
      vertex 0.7845909572784494 -9.969173337331279 3
      vertex 0.9386067902413853 -5.926130043570827 3
      vertex 0.4707545743670697 -5.981504002398768 3
    endloop
  endfacet
  facet normal 0 0 1
    outer loop
      vertex 1.5643446504023086 -9.876883405951379 3
      vertex 1.4006721831354323 -5.834219522386059 3
      vertex 0.9386067902413853 -5.926130043570827 3
    endloop
  endfacet
  facet normal 0 0 1
    outer loop
      vertex 1.5643446504023086 -9.876883405951379 3
      vertex 1.8541019662496843 -5.706339097770921 3
      vertex 1.4006721831354323 -5.834219522386059 3
    endloop
  endfacet
  facet normal 0 0 1
    outer loop
      vertex 2.334453638559054 -9.723699203976766 3
      vertex 2.2961005941905386 -5.54327719506772 3
      vertex 1.8541019662496843 -5.706339097770921 3
    endloop
  endfacet
  facet normal 0 0 1
    outer loop
      vertex 2.334453638559054 -9.723699203976766 3
      vertex 2.7239429984372805 -5.346039145130208 3
      vertex 2.2961005941905386 -5.54327719506772 3
    endloop
  endfacet
  facet normal 0 0 1
    outer loop
      vertex 3.090169943749474 -9.510565162951535 3
      vertex 3.826834323650898 -9.238795325112868 3
      vertex 3.134991388295693 -5.115840986124553 3
    endloop
  endfacet
  facet normal 0 0 1
    outer loop
      vertex 3.826834323650898 -9.238795325112868 3
      vertex 4.5399049973954675 -8.910065241883679 3
      vertex 3.896688289981102 -4.562435793600185 3
    endloop
  endfacet
  facet normal 0 0 1
    outer loop
      vertex 2.7239429984372805 -5.346039145130208 3
      vertex 3.090169943749474 -9.510565162951535 3
      vertex 3.134991388295693 -5.115840986124553 3
    endloop
  endfacet
  facet normal 0 0 1
    outer loop
      vertex 3.826834323650898 -9.238795325112868 3
      vertex 3.526711513754839 -4.854101966249685 3
      vertex 3.134991388295693 -5.115840986124553 3
    endloop
  endfacet
  facet normal 0 0 1
    outer loop
      vertex 3.826834323650898 -9.238795325112868 3
      vertex 3.896688289981102 -4.562435793600185 3
      vertex 3.526711513754839 -4.854101966249685 3
    endloop
  endfacet
  facet normal 0 0 1
    outer loop
      vertex 4.5399049973954675 -8.910065241883679 3
      vertex 5.224985647159488 -8.526401643540922 3
      vertex 4.562435793600185 -3.896688289981102 3
    endloop
  endfacet
  facet normal 0 0 1
    outer loop
      vertex 4.5399049973954675 -8.910065241883679 3
      vertex 4.242640687119286 -4.242640687119286 3
      vertex 3.896688289981102 -4.562435793600185 3
    endloop
  endfacet
  facet normal 0 0 1
    outer loop
      vertex 4.5399049973954675 -8.910065241883679 3
      vertex 4.562435793600185 -3.896688289981102 3
      vertex 4.242640687119286 -4.242640687119286 3
    endloop
  endfacet
  facet normal 0 0 1
    outer loop
      vertex 5.224985647159488 -8.526401643540922 3
      vertex 4.854101966249685 -3.526711513754839 3
      vertex 4.562435793600185 -3.896688289981102 3
    endloop
  endfacet
  facet normal 0 0 1
    outer loop
      vertex 5.224985647159488 -8.526401643540922 3
      vertex 5.115840986124553 -3.134991388295693 3
      vertex 4.854101966249685 -3.526711513754839 3
    endloop
  endfacet
  facet normal 0 0 -1
    outer loop
      vertex 3.090169943749474 -9.510565162951535 0
      vertex 3.1176644589601263 -2.6627369981537528 0
      vertex 3.3169696769372843 -2.4099195343991395 0
    endloop
  endfacet
  facet normal 0 0 -1
    outer loop
      vertex 3.090169943749474 -9.510565162951535 0
      vertex 3.3169696769372843 -2.4099195343991395 0
      vertex 3.4958246738517778 -2.14224411533539 0
    endloop
  endfacet
  facet normal 0 0 -1
    outer loop
      vertex 3.826834323650898 -9.238795325112868 0
      vertex 3.4958246738517778 -2.14224411533539 0
      vertex 3.653126749172308 -1.8613610489321415 0
    endloop
  endfacet
  facet normal 0 0 -1
    outer loop
      vertex 3.826834323650898 -9.238795325112868 0
      vertex 3.653126749172308 -1.8613610489321415 0
      vertex 3.787906083296275 -1.5690020726968679 0
    endloop
  endfacet
  facet normal 0 0 -1
    outer loop
      vertex 3.826834323650898 -9.238795325112868 0
      vertex 3.787906083296275 -1.5690020726968679 0
      vertex 3.899331716810129 -1.2669696769372842 0
    endloop
  endfacet
  facet normal 0 0 -1
    outer loop
      vertex 3.826834323650898 -9.238795325112868 0
      vertex 3.899331716810129 -1.2669696769372842 0
      vertex 3.9867166736304736 -0.957125991809212 0
    endloop
  endfacet
  facet normal 0 0 -1
    outer loop
      vertex 3.826834323650898 -9.238795325112868 0
      vertex 3.9867166736304736 -0.957125991809212 0
      vertex 4.049522196440065 -0.6413813066649465 0
    endloop
  endfacet
  facet normal 0 0 -1
    outer loop
      vertex 3.826834323650898 -9.238795325112868 0
      vertex 4.049522196440065 -0.6413813066649465 0
      vertex 4.087361068305825 -0.32168229248416425 0
    endloop
  endfacet
  facet normal 0 0 -1
    outer loop
      vertex 3.826834323650898 -9.238795325112868 0
      vertex 4.087361068305825 -0.32168229248416425 0
      vertex 4.1 0 0
    endloop
  endfacet
  facet normal 0 0 -1
    outer loop
      vertex 3.826834323650898 -9.238795325112868 0
      vertex 4.5399049973954675 8.910065241883679 0
      vertex 4.5399049973954675 -8.910065241883679 0
    endloop
  endfacet
  facet normal 0 0 -1
    outer loop
      vertex 4.5399049973954675 -8.910065241883679 0
      vertex 5.224985647159488 8.526401643540922 0
      vertex 5.224985647159488 -8.526401643540922 0
    endloop
  endfacet
  facet normal 0 0 -1
    outer loop
      vertex 3.826834323650898 -9.238795325112868 0
      vertex 4.1 0 0
      vertex 4.5399049973954675 8.910065241883679 0
    endloop
  endfacet
  facet normal 0 0 1
    outer loop
      vertex 5.224985647159488 -8.526401643540922 3
      vertex 5.346039145130208 -2.7239429984372805 3
      vertex 5.115840986124553 -3.134991388295693 3
    endloop
  endfacet
  facet normal 0.5555702330196008 -0.831469612302546 0
    outer loop
      vertex 5.224985647159488 -8.526401643540922 0
      vertex 5.877852522924732 -8.090169943749475 0
      vertex 5.877852522924732 -8.090169943749475 3
    endloop
  endfacet
  facet normal 0.6190939493098342 -0.785316930880745 0
    outer loop
      vertex 5.877852522924732 -8.090169943749475 0
      vertex 6.494480483301837 -7.6040596560003095 0
      vertex 6.494480483301837 -7.6040596560003095 3
    endloop
  endfacet
  facet normal 0.5555702330196008 -0.831469612302546 0
    outer loop
      vertex 5.224985647159488 -8.526401643540922 0
      vertex 5.877852522924732 -8.090169943749475 3
      vertex 5.224985647159488 -8.526401643540922 3
    endloop
  endfacet
  facet normal 0.6190939493098342 -0.785316930880745 0
    outer loop
      vertex 5.877852522924732 -8.090169943749475 0
      vertex 6.494480483301837 -7.6040596560003095 3
      vertex 5.877852522924732 -8.090169943749475 3
    endloop
  endfacet
  facet normal 0.678800745532942 -0.7343225094356853 0
    outer loop
      vertex 6.494480483301837 -7.6040596560003095 0
      vertex 7 -7.136762221416875 0
      vertex 7 -7.136762221416875 3
    endloop
  endfacet
  facet normal 0.678800745532942 -0.7343225094356853 0
    outer loop
      vertex 6.494480483301837 -7.6040596560003095 0
      vertex 7 -7.136762221416875 3
      vertex 6.494480483301837 -7.6040596560003095 3
    endloop
  endfacet
  facet normal 0 0 1
    outer loop
      vertex 5.224985647159488 -8.526401643540922 3
      vertex 5.877852522924732 -8.090169943749475 3
      vertex 5.346039145130208 -2.7239429984372805 3
    endloop
  endfacet
  facet normal 0 0 1
    outer loop
      vertex 5.877852522924732 -8.090169943749475 3
      vertex 6.494480483301837 -7.6040596560003095 3
      vertex 5.926130043570827 -0.9386067902413853 3
    endloop
  endfacet
  facet normal 0 0 -1
    outer loop
      vertex 5.224985647159488 -8.526401643540922 0
      vertex 5.877852522924732 8.090169943749475 0
      vertex 5.877852522924732 -8.090169943749475 0
    endloop
  endfacet
  facet normal 0 0 -1
    outer loop
      vertex 5.877852522924732 -8.090169943749475 0
      vertex 6.494480483301837 7.6040596560003095 0
      vertex 6.494480483301837 -7.6040596560003095 0
    endloop
  endfacet
  facet normal 0 0 -1
    outer loop
      vertex 6.494480483301837 -7.6040596560003095 0
      vertex 6.494480483301837 7.6040596560003095 0
      vertex 7 -7.136762221416875 0
    endloop
  endfacet
  facet normal 0 0 1
    outer loop
      vertex 5.877852522924732 -8.090169943749475 3
      vertex 5.54327719506772 -2.2961005941905386 3
      vertex 5.346039145130208 -2.7239429984372805 3
    endloop
  endfacet
  facet normal 0 0 1
    outer loop
      vertex 5.877852522924732 -8.090169943749475 3
      vertex 5.706339097770921 -1.8541019662496843 3
      vertex 5.54327719506772 -2.2961005941905386 3
    endloop
  endfacet
  facet normal 0 0 1
    outer loop
      vertex 5.877852522924732 -8.090169943749475 3
      vertex 5.834219522386059 -1.4006721831354323 3
      vertex 5.706339097770921 -1.8541019662496843 3
    endloop
  endfacet
  facet normal 0 0 1
    outer loop
      vertex 5.877852522924732 -8.090169943749475 3
      vertex 5.926130043570827 -0.9386067902413853 3
      vertex 5.834219522386059 -1.4006721831354323 3
    endloop
  endfacet
  facet normal 0 0 1
    outer loop
      vertex 6.494480483301837 -7.6040596560003095 3
      vertex 5.981504002398768 -0.4707545743670697 3
      vertex 5.926130043570827 -0.9386067902413853 3
    endloop
  endfacet
  facet normal 0 0 1
    outer loop
      vertex 6.494480483301837 -7.6040596560003095 3
      vertex 6 0 3
      vertex 5.981504002398768 -0.4707545743670697 3
    endloop
  endfacet
  facet normal 0 0 1
    outer loop
      vertex 6.494480483301837 -7.6040596560003095 3
      vertex 7 -7.136762221416875 3
      vertex 7 0.6124206452701246 3
    endloop
  endfacet
  facet normal 0 0 1
    outer loop
      vertex 6.494480483301837 -7.6040596560003095 3
      vertex 7 0.6124206452701246 3
      vertex 6 0 3
    endloop
  endfacet
  facet normal 0 0 -1
    outer loop
      vertex 3.826834323650898 9.238795325112868 0
      vertex 3.3169696769372843 2.4099195343991395 0
      vertex 3.1176644589601263 2.6627369981537528 0
    endloop
  endfacet
  facet normal 0 0 -1
    outer loop
      vertex 3.826834323650898 9.238795325112868 0
      vertex 3.1176644589601263 2.6627369981537528 0
      vertex 2.899137802864845 2.899137802864845 0
    endloop
  endfacet
  facet normal 0 0 -1
    outer loop
      vertex 3.826834323650898 9.238795325112868 0
      vertex 3.787906083296275 1.5690020726968679 0
      vertex 3.653126749172308 1.8613610489321415 0
    endloop
  endfacet
  facet normal 0 0 -1
    outer loop
      vertex 3.826834323650898 9.238795325112868 0
      vertex 3.4958246738517778 2.14224411533539 0
      vertex 3.3169696769372843 2.4099195343991395 0
    endloop
  endfacet
  facet normal 0 0 -1
    outer loop
      vertex 3.826834323650898 9.238795325112868 0
      vertex 3.653126749172308 1.8613610489321415 0
      vertex 3.4958246738517778 2.14224411533539 0
    endloop
  endfacet
  facet normal 0 0 -1
    outer loop
      vertex 4.5399049973954675 8.910065241883679 0
      vertex 4.1 0 0
      vertex 4.087361068305825 0.32168229248416425 0
    endloop
  endfacet
  facet normal 0 0 -1
    outer loop
      vertex 4.5399049973954675 8.910065241883679 0
      vertex 4.087361068305825 0.32168229248416425 0
      vertex 4.049522196440065 0.6413813066649465 0
    endloop
  endfacet
  facet normal 0 0 -1
    outer loop
      vertex 4.5399049973954675 8.910065241883679 0
      vertex 4.049522196440065 0.6413813066649465 0
      vertex 3.9867166736304736 0.957125991809212 0
    endloop
  endfacet
  facet normal 0 0 -1
    outer loop
      vertex 4.5399049973954675 8.910065241883679 0
      vertex 3.9867166736304736 0.957125991809212 0
      vertex 3.899331716810129 1.2669696769372842 0
    endloop
  endfacet
  facet normal 0 0 -1
    outer loop
      vertex 4.5399049973954675 -8.910065241883679 0
      vertex 4.5399049973954675 8.910065241883679 0
      vertex 5.224985647159488 8.526401643540922 0
    endloop
  endfacet
  facet normal 0 0 -1
    outer loop
      vertex 4.5399049973954675 8.910065241883679 0
      vertex 3.899331716810129 1.2669696769372842 0
      vertex 3.787906083296275 1.5690020726968679 0
    endloop
  endfacet
  facet normal 0 0 -1
    outer loop
      vertex 0.7845909572784494 9.969173337331279 0
      vertex 0.6413813066649465 4.049522196440065 0
      vertex 0.32168229248416425 4.087361068305825 0
    endloop
  endfacet
  facet normal 0 0 -1
    outer loop
      vertex 1.5643446504023086 9.876883405951379 0
      vertex 0.957125991809212 3.9867166736304736 0
      vertex 0.6413813066649465 4.049522196440065 0
    endloop
  endfacet
  facet normal 0 0 -1
    outer loop
      vertex 1.5643446504023086 9.876883405951379 0
      vertex 1.2669696769372842 3.899331716810129 0
      vertex 0.957125991809212 3.9867166736304736 0
    endloop
  endfacet
  facet normal 0 0 -1
    outer loop
      vertex 2.334453638559054 9.723699203976766 0
      vertex 2.14224411533539 3.4958246738517778 0
      vertex 1.8613610489321415 3.653126749172308 0
    endloop
  endfacet
  facet normal 0 0 -1
    outer loop
      vertex 2.334453638559054 9.723699203976766 0
      vertex 1.5690020726968679 3.787906083296275 0
      vertex 1.2669696769372842 3.899331716810129 0
    endloop
  endfacet
  facet normal 0 0 -1
    outer loop
      vertex 2.334453638559054 9.723699203976766 0
      vertex 1.8613610489321415 3.653126749172308 0
      vertex 1.5690020726968679 3.787906083296275 0
    endloop
  endfacet
  facet normal 0 0 -1
    outer loop
      vertex 3.090169943749474 9.510565162951535 0
      vertex 2.4099195343991395 3.3169696769372843 0
      vertex 2.14224411533539 3.4958246738517778 0
    endloop
  endfacet
  facet normal 0 0 -1
    outer loop
      vertex 3.090169943749474 9.510565162951535 0
      vertex 2.6627369981537528 3.1176644589601263 0
      vertex 2.4099195343991395 3.3169696769372843 0
    endloop
  endfacet
  facet normal 0 0 -1
    outer loop
      vertex 0 10 0
      vertex 0.7845909572784494 9.969173337331279 0
      vertex 0.32168229248416425 4.087361068305825 0
    endloop
  endfacet
  facet normal 0 0 -1
    outer loop
      vertex 0.7845909572784494 9.969173337331279 0
      vertex 1.5643446504023086 9.876883405951379 0
      vertex 0.6413813066649465 4.049522196440065 0
    endloop
  endfacet
  facet normal 0.039259815759069616 0.9992290362407229 0
    outer loop
      vertex 0 10 0
      vertex 0 10 3
      vertex 0.7845909572784494 9.969173337331279 0
    endloop
  endfacet
  facet normal 0.11753739745783498 0.9930684569549266 0
    outer loop
      vertex 0.7845909572784494 9.969173337331279 0
      vertex 0.7845909572784494 9.969173337331279 3
      vertex 1.5643446504023086 9.876883405951379 0
    endloop
  endfacet
  facet normal 0 0 -1
    outer loop
      vertex 1.5643446504023086 9.876883405951379 0
      vertex 2.334453638559054 9.723699203976766 0
      vertex 1.2669696769372842 3.899331716810129 0
    endloop
  endfacet
  facet normal 0 0 -1
    outer loop
      vertex 2.334453638559054 9.723699203976766 0
      vertex 3.090169943749474 9.510565162951535 0
      vertex 2.14224411533539 3.4958246738517778 0
    endloop
  endfacet
  facet normal 0.1950903220161299 0.98078528040323 0
    outer loop
      vertex 1.5643446504023086 9.876883405951379 0
      vertex 1.5643446504023086 9.876883405951379 3
      vertex 2.334453638559054 9.723699203976766 0
    endloop
  endfacet
  facet normal 0.2714404498650755 0.9624552364536468 0
    outer loop
      vertex 2.334453638559054 9.723699203976766 0
      vertex 2.334453638559054 9.723699203976766 3
      vertex 3.090169943749474 9.510565162951535 0
    endloop
  endfacet
  facet normal 0.039259815759069616 0.9992290362407229 0
    outer loop
      vertex 0 10 3
      vertex 0.7845909572784494 9.969173337331279 3
      vertex 0.7845909572784494 9.969173337331279 0
    endloop
  endfacet
  facet normal 0.11753739745783498 0.9930684569549266 0
    outer loop
      vertex 1.5643446504023086 9.876883405951379 0
      vertex 0.7845909572784494 9.969173337331279 3
      vertex 1.5643446504023086 9.876883405951379 3
    endloop
  endfacet
  facet normal 0.1950903220161299 0.98078528040323 0
    outer loop
      vertex 2.334453638559054 9.723699203976766 0
      vertex 1.5643446504023086 9.876883405951379 3
      vertex 2.334453638559054 9.723699203976766 3
    endloop
  endfacet
  facet normal 0 0 -1
    outer loop
      vertex 3.090169943749474 9.510565162951535 0
      vertex 2.899137802864845 2.899137802864845 0
      vertex 2.6627369981537528 3.1176644589601263 0
    endloop
  endfacet
  facet normal 0 0 -1
    outer loop
      vertex 3.090169943749474 9.510565162951535 0
      vertex 3.826834323650898 9.238795325112868 0
      vertex 2.899137802864845 2.899137802864845 0
    endloop
  endfacet
  facet normal 0 0 -1
    outer loop
      vertex 3.826834323650898 9.238795325112868 0
      vertex 4.5399049973954675 8.910065241883679 0
      vertex 3.787906083296275 1.5690020726968679 0
    endloop
  endfacet
  facet normal 0.3461170570774913 0.9381913359224847 0
    outer loop
      vertex 3.090169943749474 9.510565162951535 0
      vertex 3.090169943749474 9.510565162951535 3
      vertex 3.826834323650898 9.238795325112868 0
    endloop
  endfacet
  facet normal 0.4186597375374285 0.908143173825081 0
    outer loop
      vertex 3.826834323650898 9.238795325112868 0
      vertex 3.826834323650898 9.238795325112868 3
      vertex 4.5399049973954675 8.910065241883679 0
    endloop
  endfacet
  facet normal 0.4886212414969556 0.8724960070727967 0
    outer loop
      vertex 5.224985647159488 8.526401643540922 0
      vertex 4.5399049973954675 8.910065241883679 0
      vertex 4.5399049973954675 8.910065241883679 3
    endloop
  endfacet
  facet normal 0.2714404498650755 0.9624552364536468 0
    outer loop
      vertex 3.090169943749474 9.510565162951535 0
      vertex 2.334453638559054 9.723699203976766 3
      vertex 3.090169943749474 9.510565162951535 3
    endloop
  endfacet
  facet normal 0.3461170570774913 0.9381913359224847 0
    outer loop
      vertex 3.826834323650898 9.238795325112868 0
      vertex 3.090169943749474 9.510565162951535 3
      vertex 3.826834323650898 9.238795325112868 3
    endloop
  endfacet
  facet normal 0.4886212414969556 0.8724960070727967 0
    outer loop
      vertex 5.224985647159488 8.526401643540922 0
      vertex 4.5399049973954675 8.910065241883679 3
      vertex 5.224985647159488 8.526401643540922 3
    endloop
  endfacet
  facet normal 0.4186597375374285 0.908143173825081 0
    outer loop
      vertex 4.5399049973954675 8.910065241883679 0
      vertex 3.826834323650898 9.238795325112868 3
      vertex 4.5399049973954675 8.910065241883679 3
    endloop
  endfacet
  facet normal 0 0 1
    outer loop
      vertex 0 6 3
      vertex 0.4707545743670697 5.981504002398768 3
      vertex 0.7845909572784494 9.969173337331279 3
    endloop
  endfacet
  facet normal 0 0 1
    outer loop
      vertex 0.4707545743670697 5.981504002398768 3
      vertex 0.9386067902413853 5.926130043570827 3
      vertex 0.7845909572784494 9.969173337331279 3
    endloop
  endfacet
  facet normal 0 0 1
    outer loop
      vertex 0.9386067902413853 5.926130043570827 3
      vertex 1.4006721831354323 5.834219522386059 3
      vertex 1.5643446504023086 9.876883405951379 3
    endloop
  endfacet
  facet normal 0 0 1
    outer loop
      vertex 1.4006721831354323 5.834219522386059 3
      vertex 1.8541019662496843 5.706339097770921 3
      vertex 2.334453638559054 9.723699203976766 3
    endloop
  endfacet
  facet normal 0 0 1
    outer loop
      vertex 2.2961005941905386 5.54327719506772 3
      vertex 2.7239429984372805 5.346039145130208 3
      vertex 3.090169943749474 9.510565162951535 3
    endloop
  endfacet
  facet normal 0 0 1
    outer loop
      vertex 1.8541019662496843 5.706339097770921 3
      vertex 2.2961005941905386 5.54327719506772 3
      vertex 2.334453638559054 9.723699203976766 3
    endloop
  endfacet
  facet normal 0 0 1
    outer loop
      vertex 0 6 3
      vertex 0.7845909572784494 9.969173337331279 3
      vertex 0 10 3
    endloop
  endfacet
  facet normal 0 0 1
    outer loop
      vertex 0.9386067902413853 5.926130043570827 3
      vertex 1.5643446504023086 9.876883405951379 3
      vertex 0.7845909572784494 9.969173337331279 3
    endloop
  endfacet
  facet normal 0 0 1
    outer loop
      vertex 1.4006721831354323 5.834219522386059 3
      vertex 2.334453638559054 9.723699203976766 3
      vertex 1.5643446504023086 9.876883405951379 3
    endloop
  endfacet
  facet normal 0 0 1
    outer loop
      vertex 2.2961005941905386 5.54327719506772 3
      vertex 3.090169943749474 9.510565162951535 3
      vertex 2.334453638559054 9.723699203976766 3
    endloop
  endfacet
  facet normal 0 0 1
    outer loop
      vertex 2.7239429984372805 5.346039145130208 3
      vertex 3.134991388295693 5.115840986124553 3
      vertex 3.090169943749474 9.510565162951535 3
    endloop
  endfacet
  facet normal 0 0 1
    outer loop
      vertex 3.439623915790304 4.912292038837291 3
      vertex 5.732706527253149 8.187153397436752 3
      vertex 3.134991388295693 5.115840986124553 3
    endloop
  endfacet
  facet normal 0 0 1
    outer loop
      vertex 3.134991388295693 5.115840986124553 3
      vertex 3.826834323650898 9.238795325112868 3
      vertex 3.090169943749474 9.510565162951535 3
    endloop
  endfacet
  facet normal 0 0 1
    outer loop
      vertex 3.134991388295693 5.115840986124553 3
      vertex 5.732706527253149 8.187153397436752 3
      vertex 3.826834323650898 9.238795325112868 3
    endloop
  endfacet
  facet normal 0 0 1
    outer loop
      vertex 5.224985647159488 8.526401643540922 3
      vertex 4.5399049973954675 8.910065241883679 3
      vertex 5.732706527253149 8.187153397436752 3
    endloop
  endfacet
  facet normal 0 0 1
    outer loop
      vertex 3.826834323650898 9.238795325112868 3
      vertex 5.732706527253149 8.187153397436752 3
      vertex 4.5399049973954675 8.910065241883679 3
    endloop
  endfacet
  facet normal 0 0 -1
    outer loop
      vertex 5.224985647159488 -8.526401643540922 0
      vertex 5.224985647159488 8.526401643540922 0
      vertex 5.877852522924732 8.090169943749475 0
    endloop
  endfacet
  facet normal 0 0 -1
    outer loop
      vertex 5.877852522924732 -8.090169943749475 0
      vertex 5.877852522924732 8.090169943749475 0
      vertex 6.494480483301837 7.6040596560003095 0
    endloop
  endfacet
  facet normal 0 0 -1
    outer loop
      vertex 7 -7.136762221416875 0
      vertex 6.494480483301837 7.6040596560003095 0
      vertex 7 7.136762221416875 0
    endloop
  endfacet
  facet normal 0 0 1
    outer loop
      vertex 5.981504002398768 0.4707545743670697 3
      vertex 6 0 3
      vertex 7 0.6124206452701246 3
    endloop
  endfacet
  facet normal 0 0 1
    outer loop
      vertex 5.981504002398768 0.4707545743670697 3
      vertex 7 0.6124206452701246 3
      vertex 5.97534696504252 0.5227751203296952 3
    endloop
  endfacet
  facet normal 0.678800745532942 0.7343225094356853 0
    outer loop
      vertex 7 7.136762221416875 0
      vertex 6.494480483301837 7.6040596560003095 0
      vertex 6.494480483301837 7.6040596560003095 3
    endloop
  endfacet
  facet normal 0.678800745532942 0.7343225094356853 0
    outer loop
      vertex 7 7.136762221416875 0
      vertex 6.494480483301837 7.6040596560003095 3
      vertex 7 7.136762221416875 3
    endloop
  endfacet
  facet normal 0.5555702330196008 0.831469612302546 0
    outer loop
      vertex 5.224985647159488 8.526401643540922 0
      vertex 5.224985647159488 8.526401643540922 3
      vertex 5.877852522924732 8.090169943749475 0
    endloop
  endfacet
  facet normal 0.6190939493098342 0.785316930880745 0
    outer loop
      vertex 5.877852522924732 8.090169943749475 0
      vertex 5.877852522924732 8.090169943749475 3
      vertex 6.494480483301837 7.6040596560003095 0
    endloop
  endfacet
  facet normal 0.5555702330195987 0.8314696123025476 0
    outer loop
      vertex 5.877852522924732 8.090169943749475 0
      vertex 5.732706527253149 8.187153397436752 3
      vertex 5.877852522924732 8.090169943749475 3
    endloop
  endfacet
  facet normal 0.5555702330196015 0.8314696123025457 1.9696710129218252e-16
    outer loop
      vertex 5.224985647159488 8.526401643540922 3
      vertex 5.732706527253149 8.187153397436752 3
      vertex 5.877852522924732 8.090169943749475 0
    endloop
  endfacet
  facet normal 0.6190939493098342 0.785316930880745 0
    outer loop
      vertex 6.494480483301837 7.6040596560003095 0
      vertex 5.877852522924732 8.090169943749475 3
      vertex 6.494480483301837 7.6040596560003095 3
    endloop
  endfacet
  facet normal 1 0 0
    outer loop
      vertex 7 -7.136762221416875 0
      vertex 7 0.6124206452701246 3
      vertex 7 -7.136762221416875 3
    endloop
  endfacet
  facet normal 1 0 0
    outer loop
      vertex 7 -7.136762221416875 0
      vertex 7 7.136762221416875 0
      vertex 7 7.136762221416875 3
    endloop
  endfacet
  facet normal 1 0 0
    outer loop
      vertex 7 -7.136762221416875 0
      vertex 7 7.136762221416875 3
      vertex 7 0.6124206452701246 3
    endloop
  endfacet
  facet normal -0.831469612302546 -0.5555702330196012 0
    outer loop
      vertex -5.115840986124553 -3.134991388295693 3
      vertex -4.854101966249685 -3.526711513754839 3
      vertex -5.115840986124553 -3.134991388295693 5
    endloop
  endfacet
  facet normal -0.8724960070727963 -0.4886212414969562 0
    outer loop
      vertex -5.115840986124553 -3.134991388295693 3
      vertex -5.346039145130208 -2.7239429984372805 5
      vertex -5.346039145130208 -2.7239429984372805 3
    endloop
  endfacet
  facet normal -0.831469612302546 -0.5555702330196012 0
    outer loop
      vertex -5.115840986124553 -3.134991388295693 5
      vertex -4.854101966249685 -3.526711513754839 3
      vertex -4.854101966249685 -3.526711513754839 5
    endloop
  endfacet
  facet normal -0.9081431738250819 -0.41865973753742647 0
    outer loop
      vertex -5.346039145130208 -2.7239429984372805 3
      vertex -5.346039145130208 -2.7239429984372805 5
      vertex -5.54327719506772 -2.2961005941905386 5
    endloop
  endfacet
  facet normal -0.8724960070727963 -0.4886212414969562 0
    outer loop
      vertex -5.115840986124553 -3.134991388295693 3
      vertex -5.115840986124553 -3.134991388295693 5
      vertex -5.346039145130208 -2.7239429984372805 5
    endloop
  endfacet
  facet normal -0.938191335922484 -0.34611705707749296 0
    outer loop
      vertex -5.54327719506772 -2.2961005941905386 3
      vertex -5.706339097770921 -1.8541019662496843 5
      vertex -5.706339097770921 -1.8541019662496843 3
    endloop
  endfacet
  facet normal -0.9624552364536474 -0.2714404498650738 0
    outer loop
      vertex -5.706339097770921 -1.8541019662496843 3
      vertex -5.834219522386059 -1.4006721831354323 5
      vertex -5.834219522386059 -1.4006721831354323 3
    endloop
  endfacet
  facet normal -0.9081431738250819 -0.41865973753742647 0
    outer loop
      vertex -5.346039145130208 -2.7239429984372805 3
      vertex -5.54327719506772 -2.2961005941905386 5
      vertex -5.54327719506772 -2.2961005941905386 3
    endloop
  endfacet
  facet normal -0.9807852804032301 -0.19509032201613039 0
    outer loop
      vertex -5.834219522386059 -1.4006721831354323 3
      vertex -5.926130043570827 -0.9386067902413853 5
      vertex -5.926130043570827 -0.9386067902413853 3
    endloop
  endfacet
  facet normal -0.9930684569549264 -0.11753739745783645 0
    outer loop
      vertex -5.926130043570827 -0.9386067902413853 3
      vertex -5.981504002398768 -0.4707545743670697 5
      vertex -5.981504002398768 -0.4707545743670697 3
    endloop
  endfacet
  facet normal -0.9992290362407229 -0.039259815759069235 0
    outer loop
      vertex -5.981504002398768 -0.4707545743670697 3
      vertex -6 0 5
      vertex -6 0 3
    endloop
  endfacet
  facet normal -0.938191335922484 -0.34611705707749296 0
    outer loop
      vertex -5.54327719506772 -2.2961005941905386 3
      vertex -5.54327719506772 -2.2961005941905386 5
      vertex -5.706339097770921 -1.8541019662496843 5
    endloop
  endfacet
  facet normal -0.9624552364536474 -0.2714404498650738 0
    outer loop
      vertex -5.706339097770921 -1.8541019662496843 3
      vertex -5.706339097770921 -1.8541019662496843 5
      vertex -5.834219522386059 -1.4006721831354323 5
    endloop
  endfacet
  facet normal -0.9807852804032301 -0.19509032201613039 0
    outer loop
      vertex -5.834219522386059 -1.4006721831354323 3
      vertex -5.834219522386059 -1.4006721831354323 5
      vertex -5.926130043570827 -0.9386067902413853 5
    endloop
  endfacet
  facet normal -0.9930684569549264 -0.11753739745783645 0
    outer loop
      vertex -5.926130043570827 -0.9386067902413853 3
      vertex -5.926130043570827 -0.9386067902413853 5
      vertex -5.981504002398768 -0.4707545743670697 5
    endloop
  endfacet
  facet normal -0.9992290362407229 -0.039259815759069235 0
    outer loop
      vertex -5.981504002398768 -0.4707545743670697 3
      vertex -5.981504002398768 -0.4707545743670697 5
      vertex -6 0 5
    endloop
  endfacet
  facet normal 0 0 1
    outer loop
      vertex -5.54327719506772 -2.2961005941905386 5
      vertex -5.706339097770921 1.8541019662496843 5
      vertex -5.706339097770921 -1.8541019662496843 5
    endloop
  endfacet
  facet normal 0 0 1
    outer loop
      vertex -5.926130043570827 -0.9386067902413853 5
      vertex -5.981504002398768 0.4707545743670697 5
      vertex -5.981504002398768 -0.4707545743670697 5
    endloop
  endfacet
  facet normal 0 0 1
    outer loop
      vertex -5.834219522386059 -1.4006721831354323 5
      vertex -5.926130043570827 0.9386067902413853 5
      vertex -5.926130043570827 -0.9386067902413853 5
    endloop
  endfacet
  facet normal 0 0 1
    outer loop
      vertex -5.706339097770921 -1.8541019662496843 5
      vertex -5.834219522386059 1.4006721831354323 5
      vertex -5.834219522386059 -1.4006721831354323 5
    endloop
  endfacet
  facet normal 0 0 1
    outer loop
      vertex -5.115840986124553 -3.134991388295693 5
      vertex -5.346039145130208 2.7239429984372805 5
      vertex -5.346039145130208 -2.7239429984372805 5
    endloop
  endfacet
  facet normal 0 0 1
    outer loop
      vertex -5.346039145130208 -2.7239429984372805 5
      vertex -5.54327719506772 2.2961005941905386 5
      vertex -5.54327719506772 -2.2961005941905386 5
    endloop
  endfacet
  facet normal 0 0 1
    outer loop
      vertex -5.115840986124553 -3.134991388295693 5
      vertex -4.854101966249685 -3.526711513754839 5
      vertex -5.115840986124553 3.134991388295693 5
    endloop
  endfacet
  facet normal -0.5555702330196012 -0.831469612302546 0
    outer loop
      vertex -3.134991388295693 -5.115840986124553 3
      vertex -3.134991388295693 -5.115840986124553 5
      vertex -3.526711513754839 -4.854101966249685 3
    endloop
  endfacet
  facet normal -0.4886212414969562 -0.8724960070727963 0
    outer loop
      vertex -3.134991388295693 -5.115840986124553 3
      vertex -2.7239429984372805 -5.346039145130208 3
      vertex -2.7239429984372805 -5.346039145130208 5
    endloop
  endfacet
  facet normal -0.41865973753742647 -0.9081431738250819 0
    outer loop
      vertex -2.7239429984372805 -5.346039145130208 3
      vertex -2.2961005941905386 -5.54327719506772 3
      vertex -2.2961005941905386 -5.54327719506772 5
    endloop
  endfacet
  facet normal -0.4886212414969562 -0.8724960070727963 0
    outer loop
      vertex -3.134991388295693 -5.115840986124553 3
      vertex -2.7239429984372805 -5.346039145130208 5
      vertex -3.134991388295693 -5.115840986124553 5
    endloop
  endfacet
  facet normal -0.41865973753742647 -0.9081431738250819 0
    outer loop
      vertex -2.7239429984372805 -5.346039145130208 3
      vertex -2.2961005941905386 -5.54327719506772 5
      vertex -2.7239429984372805 -5.346039145130208 5
    endloop
  endfacet
  facet normal -0.34611705707749296 -0.938191335922484 0
    outer loop
      vertex -1.8541019662496843 -5.706339097770921 3
      vertex -1.8541019662496843 -5.706339097770921 5
      vertex -2.2961005941905386 -5.54327719506772 3
    endloop
  endfacet
  facet normal -0.2714404498650738 -0.9624552364536474 0
    outer loop
      vertex -1.8541019662496843 -5.706339097770921 3
      vertex -1.4006721831354323 -5.834219522386059 3
      vertex -1.4006721831354323 -5.834219522386059 5
    endloop
  endfacet
  facet normal -0.19509032201613039 -0.9807852804032301 0
    outer loop
      vertex -1.4006721831354323 -5.834219522386059 3
      vertex -0.9386067902413853 -5.926130043570827 3
      vertex -0.9386067902413853 -5.926130043570827 5
    endloop
  endfacet
  facet normal -0.11753739745783645 -0.9930684569549264 0
    outer loop
      vertex -0.9386067902413853 -5.926130043570827 3
      vertex -0.4707545743670697 -5.981504002398768 3
      vertex -0.4707545743670697 -5.981504002398768 5
    endloop
  endfacet
  facet normal -0.039259815759069235 -0.9992290362407229 0
    outer loop
      vertex -0.4707545743670697 -5.981504002398768 3
      vertex 0 -6 3
      vertex 0 -6 5
    endloop
  endfacet
  facet normal -0.2714404498650738 -0.9624552364536474 0
    outer loop
      vertex -1.8541019662496843 -5.706339097770921 3
      vertex -1.4006721831354323 -5.834219522386059 5
      vertex -1.8541019662496843 -5.706339097770921 5
    endloop
  endfacet
  facet normal -0.34611705707749296 -0.938191335922484 0
    outer loop
      vertex -2.2961005941905386 -5.54327719506772 3
      vertex -1.8541019662496843 -5.706339097770921 5
      vertex -2.2961005941905386 -5.54327719506772 5
    endloop
  endfacet
  facet normal -0.19509032201613039 -0.9807852804032301 0
    outer loop
      vertex -1.4006721831354323 -5.834219522386059 3
      vertex -0.9386067902413853 -5.926130043570827 5
      vertex -1.4006721831354323 -5.834219522386059 5
    endloop
  endfacet
  facet normal 0 0 1
    outer loop
      vertex -1.8541019662496843 -5.706339097770921 5
      vertex -1.4006721831354323 -5.834219522386059 5
      vertex -1.5690020726968679 -3.787906083296275 5
    endloop
  endfacet
  facet normal 0 0 1
    outer loop
      vertex -1.4006721831354323 -5.834219522386059 5
      vertex -0.9386067902413853 -5.926130043570827 5
      vertex -1.2669696769372842 -3.899331716810129 5
    endloop
  endfacet
  facet normal -0.11753739745783645 -0.9930684569549264 0
    outer loop
      vertex -0.9386067902413853 -5.926130043570827 3
      vertex -0.4707545743670697 -5.981504002398768 5
      vertex -0.9386067902413853 -5.926130043570827 5
    endloop
  endfacet
  facet normal -0.039259815759069235 -0.9992290362407229 0
    outer loop
      vertex -0.4707545743670697 -5.981504002398768 3
      vertex 0 -6 5
      vertex -0.4707545743670697 -5.981504002398768 5
    endloop
  endfacet
  facet normal 0.039259815759069235 -0.9992290362407229 0
    outer loop
      vertex 0 -6 3
      vertex 0.4707545743670697 -5.981504002398768 5
      vertex 0 -6 5
    endloop
  endfacet
  facet normal 0 0 1
    outer loop
      vertex -0.9386067902413853 -5.926130043570827 5
      vertex -0.4707545743670697 -5.981504002398768 5
      vertex -0.6413813066649465 -4.049522196440065 5
    endloop
  endfacet
  facet normal 0 0 1
    outer loop
      vertex -0.4707545743670697 -5.981504002398768 5
      vertex 0 -6 5
      vertex -0.32168229248416425 -4.087361068305825 5
    endloop
  endfacet
  facet normal -0.7343225094356869 -0.6788007455329403 0
    outer loop
      vertex -4.562435793600185 -3.896688289981102 3
      vertex -4.242640687119286 -4.242640687119286 3
      vertex -4.562435793600185 -3.896688289981102 5
    endloop
  endfacet
  facet normal -0.6788007455329403 -0.7343225094356869 0
    outer loop
      vertex -3.896688289981102 -4.562435793600185 3
      vertex -3.896688289981102 -4.562435793600185 5
      vertex -4.242640687119286 -4.242640687119286 3
    endloop
  endfacet
  facet normal -0.6190939493098345 -0.7853169308807444 0
    outer loop
      vertex -3.896688289981102 -4.562435793600185 3
      vertex -3.526711513754839 -4.854101966249685 3
      vertex -3.526711513754839 -4.854101966249685 5
    endloop
  endfacet
  facet normal -0.7853169308807444 -0.6190939493098345 0
    outer loop
      vertex -4.562435793600185 -3.896688289981102 3
      vertex -4.854101966249685 -3.526711513754839 5
      vertex -4.854101966249685 -3.526711513754839 3
    endloop
  endfacet
  facet normal -0.7853169308807444 -0.6190939493098345 0
    outer loop
      vertex -4.562435793600185 -3.896688289981102 3
      vertex -4.562435793600185 -3.896688289981102 5
      vertex -4.854101966249685 -3.526711513754839 5
    endloop
  endfacet
  facet normal -0.7343225094356869 -0.6788007455329403 0
    outer loop
      vertex -4.242640687119286 -4.242640687119286 3
      vertex -4.242640687119286 -4.242640687119286 5
      vertex -4.562435793600185 -3.896688289981102 5
    endloop
  endfacet
  facet normal -0.6190939493098345 -0.7853169308807444 0
    outer loop
      vertex -3.896688289981102 -4.562435793600185 3
      vertex -3.526711513754839 -4.854101966249685 5
      vertex -3.896688289981102 -4.562435793600185 5
    endloop
  endfacet
  facet normal -0.6788007455329403 -0.7343225094356869 0
    outer loop
      vertex -4.242640687119286 -4.242640687119286 3
      vertex -3.896688289981102 -4.562435793600185 5
      vertex -4.242640687119286 -4.242640687119286 5
    endloop
  endfacet
  facet normal 0 0 1
    outer loop
      vertex -3.896688289981102 -4.562435793600185 5
      vertex -3.526711513754839 -4.854101966249685 5
      vertex -3.653126749172308 -1.8613610489321415 5
    endloop
  endfacet
  facet normal 0 0 1
    outer loop
      vertex -3.896688289981102 -4.562435793600185 5
      vertex -4.087361068305825 -0.32168229248416425 5
      vertex -4.242640687119286 -4.242640687119286 5
    endloop
  endfacet
  facet normal 0 0 1
    outer loop
      vertex -3.896688289981102 -4.562435793600185 5
      vertex -3.653126749172308 -1.8613610489321415 5
      vertex -3.787906083296275 -1.5690020726968679 5
    endloop
  endfacet
  facet normal -0.5555702330196012 -0.831469612302546 0
    outer loop
      vertex -3.134991388295693 -5.115840986124553 5
      vertex -3.526711513754839 -4.854101966249685 5
      vertex -3.526711513754839 -4.854101966249685 3
    endloop
  endfacet
  facet normal 0 0 1
    outer loop
      vertex -3.134991388295693 -5.115840986124553 5
      vertex -3.3169696769372843 -2.4099195343991395 5
      vertex -3.526711513754839 -4.854101966249685 5
    endloop
  endfacet
  facet normal 0 0 1
    outer loop
      vertex -3.134991388295693 -5.115840986124553 5
      vertex -2.7239429984372805 -5.346039145130208 5
      vertex -2.899137802864845 -2.899137802864845 5
    endloop
  endfacet
  facet normal 0 0 1
    outer loop
      vertex -2.7239429984372805 -5.346039145130208 5
      vertex -2.2961005941905386 -5.54327719506772 5
      vertex -2.4099195343991395 -3.3169696769372843 5
    endloop
  endfacet
  facet normal 0 0 1
    outer loop
      vertex -2.7239429984372805 -5.346039145130208 5
      vertex -2.6627369981537528 -3.1176644589601263 5
      vertex -2.899137802864845 -2.899137802864845 5
    endloop
  endfacet
  facet normal 0 0 1
    outer loop
      vertex -2.7239429984372805 -5.346039145130208 5
      vertex -2.4099195343991395 -3.3169696769372843 5
      vertex -2.6627369981537528 -3.1176644589601263 5
    endloop
  endfacet
  facet normal 0 0 1
    outer loop
      vertex -3.526711513754839 -4.854101966249685 5
      vertex -3.3169696769372843 -2.4099195343991395 5
      vertex -3.4958246738517778 -2.14224411533539 5
    endloop
  endfacet
  facet normal 0 0 1
    outer loop
      vertex -3.134991388295693 -5.115840986124553 5
      vertex -2.899137802864845 -2.899137802864845 5
      vertex -3.1176644589601263 -2.6627369981537528 5
    endloop
  endfacet
  facet normal 0 0 1
    outer loop
      vertex -3.134991388295693 -5.115840986124553 5
      vertex -3.1176644589601263 -2.6627369981537528 5
      vertex -3.3169696769372843 -2.4099195343991395 5
    endloop
  endfacet
  facet normal 0 0 1
    outer loop
      vertex -3.526711513754839 -4.854101966249685 5
      vertex -3.4958246738517778 -2.14224411533539 5
      vertex -3.653126749172308 -1.8613610489321415 5
    endloop
  endfacet
  facet normal 0 0 1
    outer loop
      vertex -4.562435793600185 -3.896688289981102 5
      vertex -4.854101966249685 3.526711513754839 5
      vertex -4.854101966249685 -3.526711513754839 5
    endloop
  endfacet
  facet normal 0 0 1
    outer loop
      vertex -4.562435793600185 -3.896688289981102 5
      vertex -4.242640687119286 -4.242640687119286 5
      vertex -4.562435793600185 3.896688289981102 5
    endloop
  endfacet
  facet normal 0 0 1
    outer loop
      vertex -3.896688289981102 -4.562435793600185 5
      vertex -3.899331716810129 -1.2669696769372842 5
      vertex -3.9867166736304736 -0.957125991809212 5
    endloop
  endfacet
  facet normal 0 0 1
    outer loop
      vertex -3.896688289981102 -4.562435793600185 5
      vertex -3.9867166736304736 -0.957125991809212 5
      vertex -4.049522196440065 -0.6413813066649465 5
    endloop
  endfacet
  facet normal 0 0 1
    outer loop
      vertex -3.896688289981102 -4.562435793600185 5
      vertex -3.787906083296275 -1.5690020726968679 5
      vertex -3.899331716810129 -1.2669696769372842 5
    endloop
  endfacet
  facet normal 0 0 1
    outer loop
      vertex -3.896688289981102 -4.562435793600185 5
      vertex -4.049522196440065 -0.6413813066649465 5
      vertex -4.087361068305825 -0.32168229248416425 5
    endloop
  endfacet
  facet normal 0 0 1
    outer loop
      vertex -4.242640687119286 -4.242640687119286 5
      vertex -4.087361068305825 -0.32168229248416425 5
      vertex -4.1 0 5
    endloop
  endfacet
  facet normal 0 0 1
    outer loop
      vertex -1.8541019662496843 -5.706339097770921 5
      vertex -2.14224411533539 -3.4958246738517778 5
      vertex -2.2961005941905386 -5.54327719506772 5
    endloop
  endfacet
  facet normal 0 0 1
    outer loop
      vertex -1.8541019662496843 -5.706339097770921 5
      vertex -1.5690020726968679 -3.787906083296275 5
      vertex -1.8613610489321415 -3.653126749172308 5
    endloop
  endfacet
  facet normal 0 0 1
    outer loop
      vertex -2.2961005941905386 -5.54327719506772 5
      vertex -2.14224411533539 -3.4958246738517778 5
      vertex -2.4099195343991395 -3.3169696769372843 5
    endloop
  endfacet
  facet normal 0 0 1
    outer loop
      vertex -1.8541019662496843 -5.706339097770921 5
      vertex -1.8613610489321415 -3.653126749172308 5
      vertex -2.14224411533539 -3.4958246738517778 5
    endloop
  endfacet
  facet normal 0 0 1
    outer loop
      vertex -1.4006721831354323 -5.834219522386059 5
      vertex -1.2669696769372842 -3.899331716810129 5
      vertex -1.5690020726968679 -3.787906083296275 5
    endloop
  endfacet
  facet normal 0 0 1
    outer loop
      vertex -0.9386067902413853 -5.926130043570827 5
      vertex -0.957125991809212 -3.9867166736304736 5
      vertex -1.2669696769372842 -3.899331716810129 5
    endloop
  endfacet
  facet normal 0 0 1
    outer loop
      vertex -0.9386067902413853 -5.926130043570827 5
      vertex -0.6413813066649465 -4.049522196440065 5
      vertex -0.957125991809212 -3.9867166736304736 5
    endloop
  endfacet
  facet normal 0 0 1
    outer loop
      vertex -0.4707545743670697 -5.981504002398768 5
      vertex -0.32168229248416425 -4.087361068305825 5
      vertex -0.6413813066649465 -4.049522196440065 5
    endloop
  endfacet
  facet normal 0 0 1
    outer loop
      vertex 0 -6 5
      vertex 0 -4.1 5
      vertex -0.32168229248416425 -4.087361068305825 5
    endloop
  endfacet
  facet normal 0 0 1
    outer loop
      vertex 0 -6 5
      vertex 0.32168229248416425 -4.087361068305825 5
      vertex 0 -4.1 5
    endloop
  endfacet
  facet normal -0.9992290362407229 0.039259815759069235 0
    outer loop
      vertex -6 0 3
      vertex -5.981504002398768 0.4707545743670697 5
      vertex -5.981504002398768 0.4707545743670697 3
    endloop
  endfacet
  facet normal -0.9930684569549264 0.11753739745783645 0
    outer loop
      vertex -5.981504002398768 0.4707545743670697 3
      vertex -5.926130043570827 0.9386067902413853 5
      vertex -5.926130043570827 0.9386067902413853 3
    endloop
  endfacet
  facet normal -0.9807852804032301 0.19509032201613039 0
    outer loop
      vertex -5.926130043570827 0.9386067902413853 3
      vertex -5.834219522386059 1.4006721831354323 5
      vertex -5.834219522386059 1.4006721831354323 3
    endloop
  endfacet
  facet normal -0.9624552364536474 0.2714404498650738 0
    outer loop
      vertex -5.834219522386059 1.4006721831354323 3
      vertex -5.706339097770921 1.8541019662496843 5
      vertex -5.706339097770921 1.8541019662496843 3
    endloop
  endfacet
  facet normal -0.938191335922484 0.34611705707749296 0
    outer loop
      vertex -5.706339097770921 1.8541019662496843 3
      vertex -5.54327719506772 2.2961005941905386 5
      vertex -5.54327719506772 2.2961005941905386 3
    endloop
  endfacet
  facet normal -0.9992290362407229 0.039259815759069235 0
    outer loop
      vertex -6 0 3
      vertex -6 0 5
      vertex -5.981504002398768 0.4707545743670697 5
    endloop
  endfacet
  facet normal -0.9930684569549264 0.11753739745783645 0
    outer loop
      vertex -5.981504002398768 0.4707545743670697 3
      vertex -5.981504002398768 0.4707545743670697 5
      vertex -5.926130043570827 0.9386067902413853 5
    endloop
  endfacet
  facet normal -0.9807852804032301 0.19509032201613039 0
    outer loop
      vertex -5.926130043570827 0.9386067902413853 3
      vertex -5.926130043570827 0.9386067902413853 5
      vertex -5.834219522386059 1.4006721831354323 5
    endloop
  endfacet
  facet normal 0 0 1
    outer loop
      vertex -5.981504002398768 -0.4707545743670697 5
      vertex -5.981504002398768 0.4707545743670697 5
      vertex -6 0 5
    endloop
  endfacet
  facet normal 0 0 1
    outer loop
      vertex -5.926130043570827 -0.9386067902413853 5
      vertex -5.926130043570827 0.9386067902413853 5
      vertex -5.981504002398768 0.4707545743670697 5
    endloop
  endfacet
  facet normal 0 0 1
    outer loop
      vertex -5.834219522386059 -1.4006721831354323 5
      vertex -5.834219522386059 1.4006721831354323 5
      vertex -5.926130043570827 0.9386067902413853 5
    endloop
  endfacet
  facet normal 0 0 1
    outer loop
      vertex -5.706339097770921 -1.8541019662496843 5
      vertex -5.706339097770921 1.8541019662496843 5
      vertex -5.834219522386059 1.4006721831354323 5
    endloop
  endfacet
  facet normal 0 0 1
    outer loop
      vertex -5.54327719506772 -2.2961005941905386 5
      vertex -5.54327719506772 2.2961005941905386 5
      vertex -5.706339097770921 1.8541019662496843 5
    endloop
  endfacet
  facet normal 0 0 1
    outer loop
      vertex -5.346039145130208 -2.7239429984372805 5
      vertex -5.346039145130208 2.7239429984372805 5
      vertex -5.54327719506772 2.2961005941905386 5
    endloop
  endfacet
  facet normal 0 0 1
    outer loop
      vertex -5.115840986124553 -3.134991388295693 5
      vertex -5.115840986124553 3.134991388295693 5
      vertex -5.346039145130208 2.7239429984372805 5
    endloop
  endfacet
  facet normal 0 0 1
    outer loop
      vertex -4.854101966249685 -3.526711513754839 5
      vertex -4.854101966249685 3.526711513754839 5
      vertex -5.115840986124553 3.134991388295693 5
    endloop
  endfacet
  facet normal -0.9624552364536474 0.2714404498650738 0
    outer loop
      vertex -5.834219522386059 1.4006721831354323 3
      vertex -5.834219522386059 1.4006721831354323 5
      vertex -5.706339097770921 1.8541019662496843 5
    endloop
  endfacet
  facet normal -0.938191335922484 0.34611705707749296 0
    outer loop
      vertex -5.706339097770921 1.8541019662496843 3
      vertex -5.706339097770921 1.8541019662496843 5
      vertex -5.54327719506772 2.2961005941905386 5
    endloop
  endfacet
  facet normal -0.9081431738250819 0.41865973753742647 0
    outer loop
      vertex -5.54327719506772 2.2961005941905386 3
      vertex -5.54327719506772 2.2961005941905386 5
      vertex -5.346039145130208 2.7239429984372805 5
    endloop
  endfacet
  facet normal -0.9081431738250819 0.41865973753742647 0
    outer loop
      vertex -5.54327719506772 2.2961005941905386 3
      vertex -5.346039145130208 2.7239429984372805 5
      vertex -5.346039145130208 2.7239429984372805 3
    endloop
  endfacet
  facet normal -0.8724960070727963 0.4886212414969562 0
    outer loop
      vertex -5.346039145130208 2.7239429984372805 3
      vertex -5.115840986124553 3.134991388295693 5
      vertex -5.115840986124553 3.134991388295693 3
    endloop
  endfacet
  facet normal -0.831469612302546 0.5555702330196012 0
    outer loop
      vertex -5.115840986124553 3.134991388295693 3
      vertex -4.854101966249685 3.526711513754839 5
      vertex -4.854101966249685 3.526711513754839 3
    endloop
  endfacet
  facet normal -0.8724960070727963 0.4886212414969562 0
    outer loop
      vertex -5.346039145130208 2.7239429984372805 3
      vertex -5.346039145130208 2.7239429984372805 5
      vertex -5.115840986124553 3.134991388295693 5
    endloop
  endfacet
  facet normal -0.831469612302546 0.5555702330196012 0
    outer loop
      vertex -5.115840986124553 3.134991388295693 3
      vertex -5.115840986124553 3.134991388295693 5
      vertex -4.854101966249685 3.526711513754839 5
    endloop
  endfacet
  facet normal 0 0 1
    outer loop
      vertex -4.562435793600185 -3.896688289981102 5
      vertex -4.562435793600185 3.896688289981102 5
      vertex -4.854101966249685 3.526711513754839 5
    endloop
  endfacet
  facet normal 0 0 1
    outer loop
      vertex -4.242640687119286 -4.242640687119286 5
      vertex -4.1 0 5
      vertex -4.242640687119286 4.242640687119286 5
    endloop
  endfacet
  facet normal 0 0 1
    outer loop
      vertex -4.242640687119286 -4.242640687119286 5
      vertex -4.242640687119286 4.242640687119286 5
      vertex -4.562435793600185 3.896688289981102 5
    endloop
  endfacet
  facet normal 0 0 1
    outer loop
      vertex -4.242640687119286 4.242640687119286 5
      vertex -4.1 0 5
      vertex -4.087361068305825 0.32168229248416425 5
    endloop
  endfacet
  facet normal 0 0 1
    outer loop
      vertex -4.242640687119286 4.242640687119286 5
      vertex -4.087361068305825 0.32168229248416425 5
      vertex -4.049522196440065 0.6413813066649465 5
    endloop
  endfacet
  facet normal 0 0 1
    outer loop
      vertex -4.242640687119286 4.242640687119286 5
      vertex -4.049522196440065 0.6413813066649465 5
      vertex -3.9867166736304736 0.957125991809212 5
    endloop
  endfacet
  facet normal 0 0 1
    outer loop
      vertex -4.242640687119286 4.242640687119286 5
      vertex -3.9867166736304736 0.957125991809212 5
      vertex -3.899331716810129 1.2669696769372842 5
    endloop
  endfacet
  facet normal 0 0 1
    outer loop
      vertex -4.242640687119286 4.242640687119286 5
      vertex -3.899331716810129 1.2669696769372842 5
      vertex -3.787906083296275 1.5690020726968679 5
    endloop
  endfacet
  facet normal -0.7853169308807444 0.6190939493098345 0
    outer loop
      vertex -4.854101966249685 3.526711513754839 3
      vertex -4.562435793600185 3.896688289981102 5
      vertex -4.562435793600185 3.896688289981102 3
    endloop
  endfacet
  facet normal -0.7343225094356869 0.6788007455329403 0
    outer loop
      vertex -4.562435793600185 3.896688289981102 3
      vertex -4.242640687119286 4.242640687119286 5
      vertex -4.242640687119286 4.242640687119286 3
    endloop
  endfacet
  facet normal -0.6788007455329403 0.7343225094356869 0
    outer loop
      vertex -4.242640687119286 4.242640687119286 3
      vertex -4.242640687119286 4.242640687119286 5
      vertex -3.896688289981102 4.562435793600185 3
    endloop
  endfacet
  facet normal -0.6190939493098345 0.7853169308807444 0
    outer loop
      vertex -3.896688289981102 4.562435793600185 3
      vertex -3.896688289981102 4.562435793600185 5
      vertex -3.526711513754839 4.854101966249685 3
    endloop
  endfacet
  facet normal -0.5555702330196012 0.831469612302546 0
    outer loop
      vertex -3.526711513754839 4.854101966249685 3
      vertex -3.526711513754839 4.854101966249685 5
      vertex -3.134991388295693 5.115840986124553 3
    endloop
  endfacet
  facet normal -0.7853169308807444 0.6190939493098345 0
    outer loop
      vertex -4.854101966249685 3.526711513754839 3
      vertex -4.854101966249685 3.526711513754839 5
      vertex -4.562435793600185 3.896688289981102 5
    endloop
  endfacet
  facet normal 0 0 1
    outer loop
      vertex -3.896688289981102 4.562435793600185 5
      vertex -3.787906083296275 1.5690020726968679 5
      vertex -3.653126749172308 1.8613610489321415 5
    endloop
  endfacet
  facet normal 0 0 1
    outer loop
      vertex -3.896688289981102 4.562435793600185 5
      vertex -3.653126749172308 1.8613610489321415 5
      vertex -3.4958246738517778 2.14224411533539 5
    endloop
  endfacet
  facet normal 0 0 1
    outer loop
      vertex -4.242640687119286 4.242640687119286 5
      vertex -3.787906083296275 1.5690020726968679 5
      vertex -3.896688289981102 4.562435793600185 5
    endloop
  endfacet
  facet normal -0.7343225094356869 0.6788007455329403 0
    outer loop
      vertex -4.562435793600185 3.896688289981102 3
      vertex -4.562435793600185 3.896688289981102 5
      vertex -4.242640687119286 4.242640687119286 5
    endloop
  endfacet
  facet normal -0.6788007455329403 0.7343225094356869 0
    outer loop
      vertex -3.896688289981102 4.562435793600185 3
      vertex -4.242640687119286 4.242640687119286 5
      vertex -3.896688289981102 4.562435793600185 5
    endloop
  endfacet
  facet normal -0.6190939493098345 0.7853169308807444 0
    outer loop
      vertex -3.526711513754839 4.854101966249685 3
      vertex -3.896688289981102 4.562435793600185 5
      vertex -3.526711513754839 4.854101966249685 5
    endloop
  endfacet
  facet normal 0 0 1
    outer loop
      vertex -3.896688289981102 4.562435793600185 5
      vertex -3.4958246738517778 2.14224411533539 5
      vertex -3.526711513754839 4.854101966249685 5
    endloop
  endfacet
  facet normal 0 0 1
    outer loop
      vertex -3.526711513754839 4.854101966249685 5
      vertex -3.4958246738517778 2.14224411533539 5
      vertex -3.3169696769372843 2.4099195343991395 5
    endloop
  endfacet
  facet normal 0 0 1
    outer loop
      vertex -3.526711513754839 4.854101966249685 5
      vertex -3.3169696769372843 2.4099195343991395 5
      vertex -3.1176644589601263 2.6627369981537528 5
    endloop
  endfacet
  facet normal 0 0 1
    outer loop
      vertex -3.134991388295693 5.115840986124553 5
      vertex -3.1176644589601263 2.6627369981537528 5
      vertex -2.899137802864845 2.899137802864845 5
    endloop
  endfacet
  facet normal 0 0 1
    outer loop
      vertex -3.134991388295693 5.115840986124553 5
      vertex -2.899137802864845 2.899137802864845 5
      vertex -2.6627369981537528 3.1176644589601263 5
    endloop
  endfacet
  facet normal 0 0 1
    outer loop
      vertex -3.526711513754839 4.854101966249685 5
      vertex -3.1176644589601263 2.6627369981537528 5
      vertex -3.134991388295693 5.115840986124553 5
    endloop
  endfacet
  facet normal 0 0 1
    outer loop
      vertex -2.7239429984372805 5.346039145130208 5
      vertex -2.6627369981537528 3.1176644589601263 5
      vertex -2.4099195343991395 3.3169696769372843 5
    endloop
  endfacet
  facet normal 0 0 1
    outer loop
      vertex -2.7239429984372805 5.346039145130208 5
      vertex -2.4099195343991395 3.3169696769372843 5
      vertex -2.14224411533539 3.4958246738517778 5
    endloop
  endfacet
  facet normal 0 0 1
    outer loop
      vertex -3.134991388295693 5.115840986124553 5
      vertex -2.6627369981537528 3.1176644589601263 5
      vertex -2.7239429984372805 5.346039145130208 5
    endloop
  endfacet
  facet normal 0 0 1
    outer loop
      vertex -2.7239429984372805 5.346039145130208 5
      vertex -2.14224411533539 3.4958246738517778 5
      vertex -2.2961005941905386 5.54327719506772 5
    endloop
  endfacet
  facet normal 0 0 1
    outer loop
      vertex -2.2961005941905386 5.54327719506772 5
      vertex -2.14224411533539 3.4958246738517778 5
      vertex -1.8613610489321415 3.653126749172308 5
    endloop
  endfacet
  facet normal 0 0 1
    outer loop
      vertex -2.2961005941905386 5.54327719506772 5
      vertex -1.8613610489321415 3.653126749172308 5
      vertex -1.5690020726968679 3.787906083296275 5
    endloop
  endfacet
  facet normal 0 0 1
    outer loop
      vertex -1.8541019662496843 5.706339097770921 5
      vertex -1.5690020726968679 3.787906083296275 5
      vertex -1.2669696769372842 3.899331716810129 5
    endloop
  endfacet
  facet normal 0 0 1
    outer loop
      vertex -1.4006721831354323 5.834219522386059 5
      vertex -1.2669696769372842 3.899331716810129 5
      vertex -0.957125991809212 3.9867166736304736 5
    endloop
  endfacet
  facet normal 0 0 1
    outer loop
      vertex -1.4006721831354323 5.834219522386059 5
      vertex -0.957125991809212 3.9867166736304736 5
      vertex -0.6413813066649465 4.049522196440065 5
    endloop
  endfacet
  facet normal 0 0 1
    outer loop
      vertex -0.9386067902413853 5.926130043570827 5
      vertex -0.6413813066649465 4.049522196440065 5
      vertex -0.32168229248416425 4.087361068305825 5
    endloop
  endfacet
  facet normal 0 0 1
    outer loop
      vertex 0 6 5
      vertex -0.32168229248416425 4.087361068305825 5
      vertex 0 4.1 5
    endloop
  endfacet
  facet normal 0 0 1
    outer loop
      vertex 0 6 5
      vertex 0 4.1 5
      vertex 0.32168229248416425 4.087361068305825 5
    endloop
  endfacet
  facet normal -0.4886212414969562 0.8724960070727963 0
    outer loop
      vertex -3.134991388295693 5.115840986124553 3
      vertex -3.134991388295693 5.115840986124553 5
      vertex -2.7239429984372805 5.346039145130208 3
    endloop
  endfacet
  facet normal -0.41865973753742647 0.9081431738250819 0
    outer loop
      vertex -2.7239429984372805 5.346039145130208 3
      vertex -2.7239429984372805 5.346039145130208 5
      vertex -2.2961005941905386 5.54327719506772 3
    endloop
  endfacet
  facet normal -0.5555702330196012 0.831469612302546 0
    outer loop
      vertex -3.526711513754839 4.854101966249685 5
      vertex -3.134991388295693 5.115840986124553 5
      vertex -3.134991388295693 5.115840986124553 3
    endloop
  endfacet
  facet normal -0.4886212414969562 0.8724960070727963 0
    outer loop
      vertex -2.7239429984372805 5.346039145130208 3
      vertex -3.134991388295693 5.115840986124553 5
      vertex -2.7239429984372805 5.346039145130208 5
    endloop
  endfacet
  facet normal -0.41865973753742647 0.9081431738250819 0
    outer loop
      vertex -2.7239429984372805 5.346039145130208 5
      vertex -2.2961005941905386 5.54327719506772 5
      vertex -2.2961005941905386 5.54327719506772 3
    endloop
  endfacet
  facet normal -0.34611705707749296 0.938191335922484 0
    outer loop
      vertex -2.2961005941905386 5.54327719506772 3
      vertex -2.2961005941905386 5.54327719506772 5
      vertex -1.8541019662496843 5.706339097770921 3
    endloop
  endfacet
  facet normal -0.2714404498650738 0.9624552364536474 0
    outer loop
      vertex -1.8541019662496843 5.706339097770921 3
      vertex -1.8541019662496843 5.706339097770921 5
      vertex -1.4006721831354323 5.834219522386059 3
    endloop
  endfacet
  facet normal -0.19509032201613039 0.9807852804032301 0
    outer loop
      vertex -1.4006721831354323 5.834219522386059 3
      vertex -1.4006721831354323 5.834219522386059 5
      vertex -0.9386067902413853 5.926130043570827 3
    endloop
  endfacet
  facet normal -0.11753739745783645 0.9930684569549264 0
    outer loop
      vertex -0.9386067902413853 5.926130043570827 3
      vertex -0.9386067902413853 5.926130043570827 5
      vertex -0.4707545743670697 5.981504002398768 3
    endloop
  endfacet
  facet normal -0.039259815759069235 0.9992290362407229 0
    outer loop
      vertex -0.4707545743670697 5.981504002398768 3
      vertex -0.4707545743670697 5.981504002398768 5
      vertex 0 6 3
    endloop
  endfacet
  facet normal 0.039259815759069235 0.9992290362407229 0
    outer loop
      vertex 0 6 3
      vertex 0 6 5
      vertex 0.4707545743670697 5.981504002398768 3
    endloop
  endfacet
  facet normal -0.34611705707749296 0.938191335922484 0
    outer loop
      vertex -1.8541019662496843 5.706339097770921 3
      vertex -2.2961005941905386 5.54327719506772 5
      vertex -1.8541019662496843 5.706339097770921 5
    endloop
  endfacet
  facet normal -0.2714404498650738 0.9624552364536474 0
    outer loop
      vertex -1.4006721831354323 5.834219522386059 3
      vertex -1.8541019662496843 5.706339097770921 5
      vertex -1.4006721831354323 5.834219522386059 5
    endloop
  endfacet
  facet normal -0.19509032201613039 0.9807852804032301 0
    outer loop
      vertex -0.9386067902413853 5.926130043570827 3
      vertex -1.4006721831354323 5.834219522386059 5
      vertex -0.9386067902413853 5.926130043570827 5
    endloop
  endfacet
  facet normal 0 0 1
    outer loop
      vertex -2.2961005941905386 5.54327719506772 5
      vertex -1.5690020726968679 3.787906083296275 5
      vertex -1.8541019662496843 5.706339097770921 5
    endloop
  endfacet
  facet normal 0 0 1
    outer loop
      vertex -1.8541019662496843 5.706339097770921 5
      vertex -1.2669696769372842 3.899331716810129 5
      vertex -1.4006721831354323 5.834219522386059 5
    endloop
  endfacet
  facet normal -0.11753739745783645 0.9930684569549264 0
    outer loop
      vertex -0.4707545743670697 5.981504002398768 3
      vertex -0.9386067902413853 5.926130043570827 5
      vertex -0.4707545743670697 5.981504002398768 5
    endloop
  endfacet
  facet normal -0.039259815759069235 0.9992290362407229 0
    outer loop
      vertex 0 6 3
      vertex -0.4707545743670697 5.981504002398768 5
      vertex 0 6 5
    endloop
  endfacet
  facet normal 0 0 1
    outer loop
      vertex -1.4006721831354323 5.834219522386059 5
      vertex -0.6413813066649465 4.049522196440065 5
      vertex -0.9386067902413853 5.926130043570827 5
    endloop
  endfacet
  facet normal 0 0 1
    outer loop
      vertex -0.9386067902413853 5.926130043570827 5
      vertex -0.32168229248416425 4.087361068305825 5
      vertex -0.4707545743670697 5.981504002398768 5
    endloop
  endfacet
  facet normal 0 0 1
    outer loop
      vertex -0.4707545743670697 5.981504002398768 5
      vertex -0.32168229248416425 4.087361068305825 5
      vertex 0 6 5
    endloop
  endfacet
  facet normal 0.039259815759069235 -0.9992290362407229 0
    outer loop
      vertex 0 -6 3
      vertex 0.4707545743670697 -5.981504002398768 3
      vertex 0.4707545743670697 -5.981504002398768 5
    endloop
  endfacet
  facet normal 0.11753739745783645 -0.9930684569549264 0
    outer loop
      vertex 0.4707545743670697 -5.981504002398768 3
      vertex 0.9386067902413853 -5.926130043570827 3
      vertex 0.9386067902413853 -5.926130043570827 5
    endloop
  endfacet
  facet normal 0.19509032201613039 -0.9807852804032301 0
    outer loop
      vertex 0.9386067902413853 -5.926130043570827 3
      vertex 1.4006721831354323 -5.834219522386059 3
      vertex 1.4006721831354323 -5.834219522386059 5
    endloop
  endfacet
  facet normal 0.2714404498650738 -0.9624552364536474 0
    outer loop
      vertex 1.4006721831354323 -5.834219522386059 3
      vertex 1.8541019662496843 -5.706339097770921 3
      vertex 1.8541019662496843 -5.706339097770921 5
    endloop
  endfacet
  facet normal 0.34611705707749296 -0.938191335922484 0
    outer loop
      vertex 1.8541019662496843 -5.706339097770921 3
      vertex 2.2961005941905386 -5.54327719506772 3
      vertex 2.2961005941905386 -5.54327719506772 5
    endloop
  endfacet
  facet normal 0.41865973753742647 -0.9081431738250819 0
    outer loop
      vertex 2.2961005941905386 -5.54327719506772 3
      vertex 2.7239429984372805 -5.346039145130208 3
      vertex 2.7239429984372805 -5.346039145130208 5
    endloop
  endfacet
  facet normal 0.11753739745783645 -0.9930684569549264 0
    outer loop
      vertex 0.4707545743670697 -5.981504002398768 3
      vertex 0.9386067902413853 -5.926130043570827 5
      vertex 0.4707545743670697 -5.981504002398768 5
    endloop
  endfacet
  facet normal 0.19509032201613039 -0.9807852804032301 0
    outer loop
      vertex 0.9386067902413853 -5.926130043570827 3
      vertex 1.4006721831354323 -5.834219522386059 5
      vertex 0.9386067902413853 -5.926130043570827 5
    endloop
  endfacet
  facet normal 0 0 1
    outer loop
      vertex 0 -6 5
      vertex 0.4707545743670697 -5.981504002398768 5
      vertex 0.32168229248416425 -4.087361068305825 5
    endloop
  endfacet
  facet normal 0 0 1
    outer loop
      vertex 0.4707545743670697 -5.981504002398768 5
      vertex 0.9386067902413853 -5.926130043570827 5
      vertex 0.32168229248416425 -4.087361068305825 5
    endloop
  endfacet
  facet normal 0 0 1
    outer loop
      vertex 0.9386067902413853 -5.926130043570827 5
      vertex 1.4006721831354323 -5.834219522386059 5
      vertex 0.6413813066649465 -4.049522196440065 5
    endloop
  endfacet
  facet normal 0 0 1
    outer loop
      vertex 1.4006721831354323 -5.834219522386059 5
      vertex 1.8541019662496843 -5.706339097770921 5
      vertex 1.2669696769372842 -3.899331716810129 5
    endloop
  endfacet
  facet normal 0.2714404498650738 -0.9624552364536474 0
    outer loop
      vertex 1.4006721831354323 -5.834219522386059 3
      vertex 1.8541019662496843 -5.706339097770921 5
      vertex 1.4006721831354323 -5.834219522386059 5
    endloop
  endfacet
  facet normal 0.34611705707749296 -0.938191335922484 0
    outer loop
      vertex 1.8541019662496843 -5.706339097770921 3
      vertex 2.2961005941905386 -5.54327719506772 5
      vertex 1.8541019662496843 -5.706339097770921 5
    endloop
  endfacet
  facet normal 0.41865973753742647 -0.9081431738250819 0
    outer loop
      vertex 2.2961005941905386 -5.54327719506772 3
      vertex 2.7239429984372805 -5.346039145130208 5
      vertex 2.2961005941905386 -5.54327719506772 5
    endloop
  endfacet
  facet normal 0 0 1
    outer loop
      vertex 1.8541019662496843 -5.706339097770921 5
      vertex 2.2961005941905386 -5.54327719506772 5
      vertex 1.5690020726968679 -3.787906083296275 5
    endloop
  endfacet
  facet normal 0.4886212414969562 -0.8724960070727963 0
    outer loop
      vertex 2.7239429984372805 -5.346039145130208 3
      vertex 3.134991388295693 -5.115840986124553 3
      vertex 3.134991388295693 -5.115840986124553 5
    endloop
  endfacet
  facet normal 0.4886212414969562 -0.8724960070727963 0
    outer loop
      vertex 2.7239429984372805 -5.346039145130208 3
      vertex 3.134991388295693 -5.115840986124553 5
      vertex 2.7239429984372805 -5.346039145130208 5
    endloop
  endfacet
  facet normal 0.5555702330196012 -0.831469612302546 0
    outer loop
      vertex 3.134991388295693 -5.115840986124553 3
      vertex 3.526711513754839 -4.854101966249685 5
      vertex 3.134991388295693 -5.115840986124553 5
    endloop
  endfacet
  facet normal 0 0 1
    outer loop
      vertex 0.9386067902413853 -5.926130043570827 5
      vertex 0.6413813066649465 -4.049522196440065 5
      vertex 0.32168229248416425 -4.087361068305825 5
    endloop
  endfacet
  facet normal 0 0 1
    outer loop
      vertex 1.4006721831354323 -5.834219522386059 5
      vertex 0.957125991809212 -3.9867166736304736 5
      vertex 0.6413813066649465 -4.049522196440065 5
    endloop
  endfacet
  facet normal 0 0 1
    outer loop
      vertex 1.4006721831354323 -5.834219522386059 5
      vertex 1.2669696769372842 -3.899331716810129 5
      vertex 0.957125991809212 -3.9867166736304736 5
    endloop
  endfacet
  facet normal 0 0 1
    outer loop
      vertex 1.8541019662496843 -5.706339097770921 5
      vertex 1.5690020726968679 -3.787906083296275 5
      vertex 1.2669696769372842 -3.899331716810129 5
    endloop
  endfacet
  facet normal 0 0 1
    outer loop
      vertex 2.2961005941905386 -5.54327719506772 5
      vertex 1.8613610489321415 -3.653126749172308 5
      vertex 1.5690020726968679 -3.787906083296275 5
    endloop
  endfacet
  facet normal 0 0 1
    outer loop
      vertex 2.2961005941905386 -5.54327719506772 5
      vertex 2.14224411533539 -3.4958246738517778 5
      vertex 1.8613610489321415 -3.653126749172308 5
    endloop
  endfacet
  facet normal 0 0 1
    outer loop
      vertex 2.2961005941905386 -5.54327719506772 5
      vertex 2.7239429984372805 -5.346039145130208 5
      vertex 2.14224411533539 -3.4958246738517778 5
    endloop
  endfacet
  facet normal 0 0 1
    outer loop
      vertex 2.7239429984372805 -5.346039145130208 5
      vertex 2.4099195343991395 -3.3169696769372843 5
      vertex 2.14224411533539 -3.4958246738517778 5
    endloop
  endfacet
  facet normal 0 0 1
    outer loop
      vertex 2.7239429984372805 -5.346039145130208 5
      vertex 2.6627369981537528 -3.1176644589601263 5
      vertex 2.4099195343991395 -3.3169696769372843 5
    endloop
  endfacet
  facet normal 0.5555702330196012 -0.831469612302546 0
    outer loop
      vertex 3.134991388295693 -5.115840986124553 3
      vertex 3.526711513754839 -4.854101966249685 3
      vertex 3.526711513754839 -4.854101966249685 5
    endloop
  endfacet
  facet normal 0.6190939493098345 -0.7853169308807444 0
    outer loop
      vertex 3.526711513754839 -4.854101966249685 3
      vertex 3.896688289981102 -4.562435793600185 3
      vertex 3.896688289981102 -4.562435793600185 5
    endloop
  endfacet
  facet normal 0.6788007455329403 -0.7343225094356869 0
    outer loop
      vertex 3.896688289981102 -4.562435793600185 3
      vertex 4.242640687119286 -4.242640687119286 3
      vertex 4.242640687119286 -4.242640687119286 5
    endloop
  endfacet
  facet normal 0.7343225094356869 -0.6788007455329403 0
    outer loop
      vertex 4.242640687119286 -4.242640687119286 3
      vertex 4.562435793600185 -3.896688289981102 3
      vertex 4.242640687119286 -4.242640687119286 5
    endloop
  endfacet
  facet normal 0.7853169308807444 -0.6190939493098345 0
    outer loop
      vertex 4.562435793600185 -3.896688289981102 3
      vertex 4.854101966249685 -3.526711513754839 3
      vertex 4.562435793600185 -3.896688289981102 5
    endloop
  endfacet
  facet normal 0.831469612302546 -0.5555702330196012 0
    outer loop
      vertex 4.854101966249685 -3.526711513754839 3
      vertex 5.115840986124553 -3.134991388295693 3
      vertex 4.854101966249685 -3.526711513754839 5
    endloop
  endfacet
  facet normal 0.8724960070727963 -0.4886212414969562 0
    outer loop
      vertex 5.115840986124553 -3.134991388295693 3
      vertex 5.346039145130208 -2.7239429984372805 3
      vertex 5.115840986124553 -3.134991388295693 5
    endloop
  endfacet
  facet normal 0.6190939493098345 -0.7853169308807444 0
    outer loop
      vertex 3.526711513754839 -4.854101966249685 3
      vertex 3.896688289981102 -4.562435793600185 5
      vertex 3.526711513754839 -4.854101966249685 5
    endloop
  endfacet
  facet normal 0.6788007455329403 -0.7343225094356869 0
    outer loop
      vertex 3.896688289981102 -4.562435793600185 3
      vertex 4.242640687119286 -4.242640687119286 5
      vertex 3.896688289981102 -4.562435793600185 5
    endloop
  endfacet
  facet normal 0 0 1
    outer loop
      vertex 2.7239429984372805 -5.346039145130208 5
      vertex 3.134991388295693 -5.115840986124553 5
      vertex 2.6627369981537528 -3.1176644589601263 5
    endloop
  endfacet
  facet normal 0 0 1
    outer loop
      vertex 3.134991388295693 -5.115840986124553 5
      vertex 3.526711513754839 -4.854101966249685 5
      vertex 2.899137802864845 -2.899137802864845 5
    endloop
  endfacet
  facet normal 0 0 1
    outer loop
      vertex 3.526711513754839 -4.854101966249685 5
      vertex 3.896688289981102 -4.562435793600185 5
      vertex 3.4958246738517778 -2.14224411533539 5
    endloop
  endfacet
  facet normal 0 0 1
    outer loop
      vertex 3.134991388295693 -5.115840986124553 5
      vertex 2.899137802864845 -2.899137802864845 5
      vertex 2.6627369981537528 -3.1176644589601263 5
    endloop
  endfacet
  facet normal 0 0 1
    outer loop
      vertex 3.526711513754839 -4.854101966249685 5
      vertex 3.1176644589601263 -2.6627369981537528 5
      vertex 2.899137802864845 -2.899137802864845 5
    endloop
  endfacet
  facet normal 0 0 1
    outer loop
      vertex 3.526711513754839 -4.854101966249685 5
      vertex 3.3169696769372843 -2.4099195343991395 5
      vertex 3.1176644589601263 -2.6627369981537528 5
    endloop
  endfacet
  facet normal 0 0 1
    outer loop
      vertex 3.526711513754839 -4.854101966249685 5
      vertex 3.4958246738517778 -2.14224411533539 5
      vertex 3.3169696769372843 -2.4099195343991395 5
    endloop
  endfacet
  facet normal 0 0 1
    outer loop
      vertex 3.896688289981102 -4.562435793600185 5
      vertex 4.242640687119286 -4.242640687119286 5
      vertex 3.787906083296275 -1.5690020726968679 5
    endloop
  endfacet
  facet normal 0 0 1
    outer loop
      vertex 3.896688289981102 -4.562435793600185 5
      vertex 3.653126749172308 -1.8613610489321415 5
      vertex 3.4958246738517778 -2.14224411533539 5
    endloop
  endfacet
  facet normal 0 0 1
    outer loop
      vertex 3.896688289981102 -4.562435793600185 5
      vertex 3.787906083296275 -1.5690020726968679 5
      vertex 3.653126749172308 -1.8613610489321415 5
    endloop
  endfacet
  facet normal 0.7343225094356869 -0.6788007455329403 0
    outer loop
      vertex 4.562435793600185 -3.896688289981102 3
      vertex 4.562435793600185 -3.896688289981102 5
      vertex 4.242640687119286 -4.242640687119286 5
    endloop
  endfacet
  facet normal 0.7853169308807444 -0.6190939493098345 0
    outer loop
      vertex 4.854101966249685 -3.526711513754839 3
      vertex 4.854101966249685 -3.526711513754839 5
      vertex 4.562435793600185 -3.896688289981102 5
    endloop
  endfacet
  facet normal 0.831469612302546 -0.5555702330196012 0
    outer loop
      vertex 5.115840986124553 -3.134991388295693 3
      vertex 5.115840986124553 -3.134991388295693 5
      vertex 4.854101966249685 -3.526711513754839 5
    endloop
  endfacet
  facet normal 0.8724960070727963 -0.4886212414969562 0
    outer loop
      vertex 5.115840986124553 -3.134991388295693 5
      vertex 5.346039145130208 -2.7239429984372805 3
      vertex 5.346039145130208 -2.7239429984372805 5
    endloop
  endfacet
  facet normal 0 0 1
    outer loop
      vertex 4.242640687119286 -4.242640687119286 5
      vertex 3.899331716810129 -1.2669696769372842 5
      vertex 3.787906083296275 -1.5690020726968679 5
    endloop
  endfacet
  facet normal 0 0 1
    outer loop
      vertex 4.242640687119286 -4.242640687119286 5
      vertex 3.9867166736304736 -0.957125991809212 5
      vertex 3.899331716810129 -1.2669696769372842 5
    endloop
  endfacet
  facet normal 0 0 1
    outer loop
      vertex 4.242640687119286 -4.242640687119286 5
      vertex 4.562435793600185 -3.896688289981102 5
      vertex 4.25483358671565 1.465056695510474 5
    endloop
  endfacet
  facet normal 0 0 1
    outer loop
      vertex 4.242640687119286 -4.242640687119286 5
      vertex 4.049522196440065 -0.6413813066649465 5
      vertex 3.9867166736304736 -0.957125991809212 5
    endloop
  endfacet
  facet normal 0 0 1
    outer loop
      vertex 4.562435793600185 -3.896688289981102 5
      vertex 4.854101966249685 -3.526711513754839 5
      vertex 4.48287613989077 0.3922008419989269 5
    endloop
  endfacet
  facet normal 0 0 1
    outer loop
      vertex 4.242640687119286 -4.242640687119286 5
      vertex 4.087361068305825 -0.32168229248416425 5
      vertex 4.049522196440065 -0.6413813066649465 5
    endloop
  endfacet
  facet normal 0 0 1
    outer loop
      vertex 4.242640687119286 -4.242640687119286 5
      vertex 4.1 0 5
      vertex 4.087361068305825 -0.32168229248416425 5
    endloop
  endfacet
  facet normal 0 0 1
    outer loop
      vertex 4.854101966249685 -3.526711513754839 5
      vertex 5.115840986124553 -3.134991388295693 5
      vertex 4.48287613989077 0.3922008419989269 5
    endloop
  endfacet
  facet normal 0 0 1
    outer loop
      vertex 5.115840986124553 -3.134991388295693 5
      vertex 5.346039145130208 -2.7239429984372805 5
      vertex 4.48287613989077 0.3922008419989269 5
    endloop
  endfacet
  facet normal 0 0 1
    outer loop
      vertex 5.346039145130208 -2.7239429984372805 5
      vertex 5.54327719506772 -2.2961005941905386 5
      vertex 4.48287613989077 0.3922008419989269 5
    endloop
  endfacet
  facet normal 0 0 1
    outer loop
      vertex 5.54327719506772 -2.2961005941905386 5
      vertex 5.706339097770921 -1.8541019662496843 5
      vertex 4.48287613989077 0.3922008419989269 5
    endloop
  endfacet
  facet normal 0 0 1
    outer loop
      vertex 4.242640687119286 -4.242640687119286 5
      vertex 4.0783850442758345 1.9017821791843592 5
      vertex 4.1 0 5
    endloop
  endfacet
  facet normal 0 0 1
    outer loop
      vertex 4.562435793600185 -3.896688289981102 5
      vertex 4.48287613989077 0.3922008419989269 5
      vertex 4.466457679408948 0.5484120475719998 5
    endloop
  endfacet
  facet normal 0 0 1
    outer loop
      vertex 4.562435793600185 -3.896688289981102 5
      vertex 4.466457679408948 0.5484120475719998 5
      vertex 4.44459753389516 0.7039550924541209 5
    endloop
  endfacet
  facet normal 0 0 1
    outer loop
      vertex 4.562435793600185 -3.896688289981102 5
      vertex 4.417322322318395 0.8586404773643876 5
      vertex 4.3846652906510375 1.012279741690718 5
    endloop
  endfacet
  facet normal 0 0 1
    outer loop
      vertex 4.562435793600185 -3.896688289981102 5
      vertex 4.44459753389516 0.7039550924541209 5
      vertex 4.417322322318395 0.8586404773643876 5
    endloop
  endfacet
  facet normal 0 0 1
    outer loop
      vertex 4.242640687119286 -4.242640687119286 5
      vertex 4.25483358671565 1.465056695510474 5
      vertex 4.201111920533117 1.6126557750240544 5
    endloop
  endfacet
  facet normal 0 0 1
    outer loop
      vertex 4.562435793600185 -3.896688289981102 5
      vertex 4.3033713972597685 1.3156726721696117 5
      vertex 4.25483358671565 1.465056695510474 5
    endloop
  endfacet
  facet normal 0 0 1
    outer loop
      vertex 4.242640687119286 -4.242640687119286 5
      vertex 4.201111920533117 1.6126557750240544 5
      vertex 4.1422718393568525 1.7582900752076334 5
    endloop
  endfacet
  facet normal 0 0 1
    outer loop
      vertex 4.242640687119286 -4.242640687119286 5
      vertex 4.1422718393568525 1.7582900752076334 5
      vertex 4.0783850442758345 1.9017821791843592 5
    endloop
  endfacet
  facet normal 0 0 1
    outer loop
      vertex 4.562435793600185 -3.896688289981102 5
      vertex 4.3846652906510375 1.012279741690718 5
      vertex 4.346666217470958 1.1646857014976322 5
    endloop
  endfacet
  facet normal 0 0 1
    outer loop
      vertex 4.562435793600185 -3.896688289981102 5
      vertex 4.346666217470958 1.1646857014976322 5
      vertex 4.3033713972597685 1.3156726721696117 5
    endloop
  endfacet
  facet normal 0 0 1
    outer loop
      vertex 5.706339097770921 -1.8541019662496843 5
      vertex 5.834219522386059 -1.4006721831354323 5
      vertex 4.48287613989077 0.3922008419989269 5
    endloop
  endfacet
  facet normal 0.9081431738250819 -0.41865973753742647 0
    outer loop
      vertex 5.346039145130208 -2.7239429984372805 3
      vertex 5.54327719506772 -2.2961005941905386 3
      vertex 5.346039145130208 -2.7239429984372805 5
    endloop
  endfacet
  facet normal 0.938191335922484 -0.34611705707749296 0
    outer loop
      vertex 5.54327719506772 -2.2961005941905386 3
      vertex 5.706339097770921 -1.8541019662496843 3
      vertex 5.54327719506772 -2.2961005941905386 5
    endloop
  endfacet
  facet normal 0.9624552364536474 -0.2714404498650738 0
    outer loop
      vertex 5.706339097770921 -1.8541019662496843 3
      vertex 5.834219522386059 -1.4006721831354323 3
      vertex 5.706339097770921 -1.8541019662496843 5
    endloop
  endfacet
  facet normal 0.9807852804032301 -0.19509032201613039 0
    outer loop
      vertex 5.834219522386059 -1.4006721831354323 3
      vertex 5.926130043570827 -0.9386067902413853 3
      vertex 5.834219522386059 -1.4006721831354323 5
    endloop
  endfacet
  facet normal 0.9930684569549264 -0.11753739745783645 0
    outer loop
      vertex 5.926130043570827 -0.9386067902413853 3
      vertex 5.981504002398768 -0.4707545743670697 3
      vertex 5.926130043570827 -0.9386067902413853 5
    endloop
  endfacet
  facet normal 0.9992290362407229 -0.039259815759069235 0
    outer loop
      vertex 5.981504002398768 -0.4707545743670697 3
      vertex 6 0 3
      vertex 5.981504002398768 -0.4707545743670697 5
    endloop
  endfacet
  facet normal 0.9081431738250819 -0.41865973753742647 0
    outer loop
      vertex 5.346039145130208 -2.7239429984372805 5
      vertex 5.54327719506772 -2.2961005941905386 3
      vertex 5.54327719506772 -2.2961005941905386 5
    endloop
  endfacet
  facet normal 0.938191335922484 -0.34611705707749296 0
    outer loop
      vertex 5.706339097770921 -1.8541019662496843 3
      vertex 5.706339097770921 -1.8541019662496843 5
      vertex 5.54327719506772 -2.2961005941905386 5
    endloop
  endfacet
  facet normal 0.9624552364536474 -0.2714404498650738 0
    outer loop
      vertex 5.834219522386059 -1.4006721831354323 3
      vertex 5.834219522386059 -1.4006721831354323 5
      vertex 5.706339097770921 -1.8541019662496843 5
    endloop
  endfacet
  facet normal 0.9807852804032301 -0.19509032201613039 0
    outer loop
      vertex 5.926130043570827 -0.9386067902413853 3
      vertex 5.926130043570827 -0.9386067902413853 5
      vertex 5.834219522386059 -1.4006721831354323 5
    endloop
  endfacet
  facet normal 0.9930684569549264 -0.11753739745783645 0
    outer loop
      vertex 5.981504002398768 -0.4707545743670697 3
      vertex 5.981504002398768 -0.4707545743670697 5
      vertex 5.926130043570827 -0.9386067902413853 5
    endloop
  endfacet
  facet normal 0.9992290362407229 -0.039259815759069235 0
    outer loop
      vertex 5.981504002398768 -0.4707545743670697 5
      vertex 6 0 3
      vertex 6 0 5
    endloop
  endfacet
  facet normal 0 0 1
    outer loop
      vertex 5.834219522386059 -1.4006721831354323 5
      vertex 5.926130043570827 -0.9386067902413853 5
      vertex 4.48287613989077 0.3922008419989269 5
    endloop
  endfacet
  facet normal 0 0 1
    outer loop
      vertex 5.926130043570827 -0.9386067902413853 5
      vertex 5.981504002398768 -0.4707545743670697 5
      vertex 4.48287613989077 0.3922008419989269 5
    endloop
  endfacet
  facet normal 0 0 1
    outer loop
      vertex 0.4707545743670697 5.981504002398768 5
      vertex 0.32168229248416425 4.087361068305825 5
      vertex 0.6413813066649465 4.049522196440065 5
    endloop
  endfacet
  facet normal 0 0 1
    outer loop
      vertex 0.9386067902413853 5.926130043570827 5
      vertex 0.6413813066649465 4.049522196440065 5
      vertex 0.957125991809212 3.9867166736304736 5
    endloop
  endfacet
  facet normal 0 0 1
    outer loop
      vertex 0.9386067902413853 5.926130043570827 5
      vertex 0.957125991809212 3.9867166736304736 5
      vertex 1.2669696769372842 3.899331716810129 5
    endloop
  endfacet
  facet normal 0 0 1
    outer loop
      vertex 1.4006721831354323 5.834219522386059 5
      vertex 1.2669696769372842 3.899331716810129 5
      vertex 1.5690020726968679 3.787906083296275 5
    endloop
  endfacet
  facet normal 0 0 1
    outer loop
      vertex 2.5810939625021025 3.686184198165067 5
      vertex 2.4099195343991395 3.3169696769372843 5
      vertex 2.6627369981537528 3.1176644589601263 5
    endloop
  endfacet
  facet normal 0 0 1
    outer loop
      vertex 2.7081676046432657 3.5938597915102415 5
      vertex 2.6627369981537528 3.1176644589601263 5
      vertex 2.899137802864845 2.899137802864845 5
    endloop
  endfacet
  facet normal 0 0 1
    outer loop
      vertex 2.5810939625021025 3.686184198165067 5
      vertex 2.6627369981537528 3.1176644589601263 5
      vertex 2.7081676046432657 3.5938597915102415 5
    endloop
  endfacet
  facet normal 0 0 1
    outer loop
      vertex 1.8541019662496843 5.706339097770921 5
      vertex 1.8613610489321415 3.653126749172308 5
      vertex 2.14224411533539 3.4958246738517778 5
    endloop
  endfacet
  facet normal 0 0 1
    outer loop
      vertex 1.8541019662496843 5.706339097770921 5
      vertex 1.5690020726968679 3.787906083296275 5
      vertex 1.8613610489321415 3.653126749172308 5
    endloop
  endfacet
  facet normal 0 0 1
    outer loop
      vertex 1.8541019662496843 5.706339097770921 5
      vertex 2.14224411533539 3.4958246738517778 5
      vertex 2.2961005941905386 5.54327719506772 5
    endloop
  endfacet
  facet normal 0 0 1
    outer loop
      vertex 2.2961005941905386 5.54327719506772 5
      vertex 2.14224411533539 3.4958246738517778 5
      vertex 2.4099195343991395 3.3169696769372843 5
    endloop
  endfacet
  facet normal 0 0 1
    outer loop
      vertex 2.5810939625021025 3.686184198165067 5
      vertex 2.2961005941905386 5.54327719506772 5
      vertex 2.4099195343991395 3.3169696769372843 5
    endloop
  endfacet
  facet normal 0 0 1
    outer loop
      vertex 2.5810939625021025 3.686184198165067 5
      vertex 3.439623915790304 4.912292038837291 5
      vertex 2.2961005941905386 5.54327719506772 5
    endloop
  endfacet
  facet normal 0 0 1
    outer loop
      vertex 4.009529360253245 2.0429572507437754 5
      vertex 4.049522196440065 0.6413813066649465 5
      vertex 4.087361068305825 0.32168229248416425 5
    endloop
  endfacet
  facet normal 0 0 1
    outer loop
      vertex 3.935788684168205 2.1816432882489503 5
      vertex 3.9867166736304736 0.957125991809212 5
      vertex 4.049522196440065 0.6413813066649465 5
    endloop
  endfacet
  facet normal 0 0 1
    outer loop
      vertex 3.85725285170351 2.3176713402925193 5
      vertex 3.899331716810129 1.2669696769372842 5
      vertex 3.9867166736304736 0.957125991809212 5
    endloop
  endfacet
  facet normal 0 0 1
    outer loop
      vertex 4.009529360253245 2.0429572507437754 5
      vertex 4.087361068305825 0.32168229248416425 5
      vertex 4.0783850442758345 1.9017821791843592 5
    endloop
  endfacet
  facet normal 0 0 1
    outer loop
      vertex 3.774017558116347 2.450875657826991 5
      vertex 3.787906083296275 1.5690020726968679 5
      vertex 3.899331716810129 1.2669696769372842 5
    endloop
  endfacet
  facet normal 0 0 1
    outer loop
      vertex 3.935788684168205 2.1816432882489503 5
      vertex 4.049522196440065 0.6413813066649465 5
      vertex 4.009529360253245 2.0429572507437754 5
    endloop
  endfacet
  facet normal 0 0 1
    outer loop
      vertex 3.935788684168205 2.1816432882489503 5
      vertex 3.85725285170351 2.3176713402925193 5
      vertex 3.9867166736304736 0.957125991809212 5
    endloop
  endfacet
  facet normal 0 0 1
    outer loop
      vertex 3.6861842017761015 2.581093965165216 5
      vertex 3.653126749172308 1.8613610489321415 5
      vertex 3.787906083296275 1.5690020726968679 5
    endloop
  endfacet
  facet normal 0 0 1
    outer loop
      vertex 3.497156828997072 2.831941759811284 5
      vertex 3.4958246738517778 2.14224411533539 5
      vertex 3.653126749172308 1.8613610489321415 5
    endloop
  endfacet
  facet normal 0 0 1
    outer loop
      vertex 3.5938597920302877 2.7081676046601113 5
      vertex 3.497156828997072 2.831941759811284 5
      vertex 3.653126749172308 1.8613610489321415 5
    endloop
  endfacet
  facet normal 0 0 1
    outer loop
      vertex 3.6861842017761015 2.581093965165216 5
      vertex 3.5938597920302877 2.7081676046601113 5
      vertex 3.653126749172308 1.8613610489321415 5
    endloop
  endfacet
  facet normal 0 0 1
    outer loop
      vertex 3.85725285170351 2.3176713402925193 5
      vertex 3.774017558116347 2.450875657826991 5
      vertex 3.899331716810129 1.2669696769372842 5
    endloop
  endfacet
  facet normal 0 0 1
    outer loop
      vertex 3.774017558116347 2.450875657826991 5
      vertex 3.6861842017761015 2.581093965165216 5
      vertex 3.787906083296275 1.5690020726968679 5
    endloop
  endfacet
  facet normal 0 0 1
    outer loop
      vertex 4.0783850442758345 1.9017821791843592 5
      vertex 4.087361068305825 0.32168229248416425 5
      vertex 4.1 0 5
    endloop
  endfacet
  facet normal 0 0 1
    outer loop
      vertex 2.9522656272743544 3.3961931091496087 5
      vertex 2.899137802864845 2.899137802864845 5
      vertex 3.1176644589601263 2.6627369981537528 5
    endloop
  endfacet
  facet normal 0 0 1
    outer loop
      vertex 2.9522656272743544 3.3961931091496087 5
      vertex 3.1176644589601263 2.6627369981537528 5
      vertex 3.06899261736603 3.291091657950319 5
    endloop
  endfacet
  facet normal 0 0 1
    outer loop
      vertex 3.1819805136569275 3.181980515352649 5
      vertex 3.1176644589601263 2.6627369981537528 5
      vertex 3.3169696769372843 2.4099195343991395 5
    endloop
  endfacet
  facet normal 0 0 1
    outer loop
      vertex 3.3961931096543787 2.952265627215776 5
      vertex 3.3169696769372843 2.4099195343991395 5
      vertex 3.4958246738517778 2.14224411533539 5
    endloop
  endfacet
  facet normal 0 0 1
    outer loop
      vertex 3.3961931096543787 2.952265627215776 5
      vertex 3.2910916557937235 3.0689926158614895 5
      vertex 3.3169696769372843 2.4099195343991395 5
    endloop
  endfacet
  facet normal 0 0 1
    outer loop
      vertex 3.2910916557937235 3.0689926158614895 5
      vertex 3.1819805136569275 3.181980515352649 5
      vertex 3.3169696769372843 2.4099195343991395 5
    endloop
  endfacet
  facet normal 0 0 1
    outer loop
      vertex 3.06899261736603 3.291091657950319 5
      vertex 3.1176644589601263 2.6627369981537528 5
      vertex 3.1819805136569275 3.181980515352649 5
    endloop
  endfacet
  facet normal 0 0 1
    outer loop
      vertex 2.9522656272743544 3.3961931091496087 5
      vertex 2.8319417601362717 3.4971568277238156 5
      vertex 2.899137802864845 2.899137802864845 5
    endloop
  endfacet
  facet normal 0 0 1
    outer loop
      vertex 2.7081676046432657 3.5938597915102415 5
      vertex 2.899137802864845 2.899137802864845 5
      vertex 2.8319417601362717 3.4971568277238156 5
    endloop
  endfacet
  facet normal 0 0 1
    outer loop
      vertex 3.3961931096543787 2.952265627215776 5
      vertex 3.4958246738517778 2.14224411533539 5
      vertex 3.497156828997072 2.831941759811284 5
    endloop
  endfacet
  facet normal 0.5555702330196016 0.8314696123025456 0
    outer loop
      vertex 3.439623915790304 4.912292038837291 3
      vertex 3.134991388295693 5.115840986124553 5
      vertex 3.439623915790304 4.912292038837291 5
    endloop
  endfacet
  facet normal 0.11753739745783645 0.9930684569549264 0
    outer loop
      vertex 0.4707545743670697 5.981504002398768 3
      vertex 0.4707545743670697 5.981504002398768 5
      vertex 0.9386067902413853 5.926130043570827 3
    endloop
  endfacet
  facet normal 0.19509032201613039 0.9807852804032301 0
    outer loop
      vertex 0.9386067902413853 5.926130043570827 3
      vertex 0.9386067902413853 5.926130043570827 5
      vertex 1.4006721831354323 5.834219522386059 3
    endloop
  endfacet
  facet normal 0.2714404498650738 0.9624552364536474 0
    outer loop
      vertex 1.4006721831354323 5.834219522386059 3
      vertex 1.4006721831354323 5.834219522386059 5
      vertex 1.8541019662496843 5.706339097770921 3
    endloop
  endfacet
  facet normal 0.34611705707749296 0.938191335922484 0
    outer loop
      vertex 1.8541019662496843 5.706339097770921 3
      vertex 1.8541019662496843 5.706339097770921 5
      vertex 2.2961005941905386 5.54327719506772 3
    endloop
  endfacet
  facet normal 0.41865973753742647 0.9081431738250819 0
    outer loop
      vertex 2.2961005941905386 5.54327719506772 3
      vertex 2.2961005941905386 5.54327719506772 5
      vertex 2.7239429984372805 5.346039145130208 3
    endloop
  endfacet
  facet normal 0.039259815759069235 0.9992290362407229 0
    outer loop
      vertex 0 6 5
      vertex 0.4707545743670697 5.981504002398768 5
      vertex 0.4707545743670697 5.981504002398768 3
    endloop
  endfacet
  facet normal 0.11753739745783645 0.9930684569549264 0
    outer loop
      vertex 0.9386067902413853 5.926130043570827 3
      vertex 0.4707545743670697 5.981504002398768 5
      vertex 0.9386067902413853 5.926130043570827 5
    endloop
  endfacet
  facet normal 0.19509032201613039 0.9807852804032301 0
    outer loop
      vertex 1.4006721831354323 5.834219522386059 3
      vertex 0.9386067902413853 5.926130043570827 5
      vertex 1.4006721831354323 5.834219522386059 5
    endloop
  endfacet
  facet normal 0 0 1
    outer loop
      vertex 0 6 5
      vertex 0.32168229248416425 4.087361068305825 5
      vertex 0.4707545743670697 5.981504002398768 5
    endloop
  endfacet
  facet normal 0 0 1
    outer loop
      vertex 0.4707545743670697 5.981504002398768 5
      vertex 0.6413813066649465 4.049522196440065 5
      vertex 0.9386067902413853 5.926130043570827 5
    endloop
  endfacet
  facet normal 0 0 1
    outer loop
      vertex 0.9386067902413853 5.926130043570827 5
      vertex 1.2669696769372842 3.899331716810129 5
      vertex 1.4006721831354323 5.834219522386059 5
    endloop
  endfacet
  facet normal 0.2714404498650738 0.9624552364536474 0
    outer loop
      vertex 1.8541019662496843 5.706339097770921 3
      vertex 1.4006721831354323 5.834219522386059 5
      vertex 1.8541019662496843 5.706339097770921 5
    endloop
  endfacet
  facet normal 0.34611705707749296 0.938191335922484 0
    outer loop
      vertex 2.2961005941905386 5.54327719506772 3
      vertex 1.8541019662496843 5.706339097770921 5
      vertex 2.2961005941905386 5.54327719506772 5
    endloop
  endfacet
  facet normal 0.41865973753742647 0.9081431738250819 0
    outer loop
      vertex 2.7239429984372805 5.346039145130208 3
      vertex 2.2961005941905386 5.54327719506772 5
      vertex 2.7239429984372805 5.346039145130208 5
    endloop
  endfacet
  facet normal 0 0 1
    outer loop
      vertex 1.4006721831354323 5.834219522386059 5
      vertex 1.5690020726968679 3.787906083296275 5
      vertex 1.8541019662496843 5.706339097770921 5
    endloop
  endfacet
  facet normal 0.4886212414969562 0.8724960070727963 0
    outer loop
      vertex 2.7239429984372805 5.346039145130208 3
      vertex 2.7239429984372805 5.346039145130208 5
      vertex 3.134991388295693 5.115840986124553 3
    endloop
  endfacet
  facet normal 0.5555702330196016 0.8314696123025456 0
    outer loop
      vertex 3.439623915790304 4.912292038837291 3
      vertex 3.134991388295693 5.115840986124553 3
      vertex 3.134991388295693 5.115840986124553 5
    endloop
  endfacet
  facet normal 0.4886212414969562 0.8724960070727963 0
    outer loop
      vertex 2.7239429984372805 5.346039145130208 5
      vertex 3.134991388295693 5.115840986124553 5
      vertex 3.134991388295693 5.115840986124553 3
    endloop
  endfacet
  facet normal 0 0 1
    outer loop
      vertex 3.439623915790304 4.912292038837291 5
      vertex 2.7239429984372805 5.346039145130208 5
      vertex 2.2961005941905386 5.54327719506772 5
    endloop
  endfacet
  facet normal 0 0 1
    outer loop
      vertex 3.439623915790304 4.912292038837291 5
      vertex 3.134991388295693 5.115840986124553 5
      vertex 2.7239429984372805 5.346039145130208 5
    endloop
  endfacet
  facet normal 0.9930684569549262 0.11753739745783871 0
    outer loop
      vertex 5.981504002398768 0.4707545743670697 3
      vertex 5.97534696504252 0.5227751203296952 3
      vertex 5.97534696504252 0.5227751203296952 5
    endloop
  endfacet
  facet normal 0.9992290362407229 0.039259815759069235 0
    outer loop
      vertex 5.981504002398768 0.4707545743670697 3
      vertex 6 0 5
      vertex 6 0 3
    endloop
  endfacet
  facet normal 0.9930684569549262 0.11753739745783871 0
    outer loop
      vertex 5.981504002398768 0.4707545743670697 3
      vertex 5.97534696504252 0.5227751203296952 5
      vertex 5.981504002398768 0.4707545743670697 5
    endloop
  endfacet
  facet normal 0.9992290362407229 0.039259815759069235 0
    outer loop
      vertex 5.981504002398768 0.4707545743670697 3
      vertex 5.981504002398768 0.4707545743670697 5
      vertex 6 0 5
    endloop
  endfacet
  facet normal 0 0 1
    outer loop
      vertex 5.981504002398768 -0.4707545743670697 5
      vertex 5.981504002398768 0.4707545743670697 5
      vertex 4.48287613989077 0.3922008419989269 5
    endloop
  endfacet
  facet normal 0 0 1
    outer loop
      vertex 4.48287613989077 0.3922008419989269 5
      vertex 5.981504002398768 0.4707545743670697 5
      vertex 5.97534696504252 0.5227751203296952 5
    endloop
  endfacet
  facet normal 0 0 1
    outer loop
      vertex 5.981504002398768 -0.4707545743670697 5
      vertex 6 0 5
      vertex 5.981504002398768 0.4707545743670697 5
    endloop
  endfacet
  facet normal 0.08715574307012507 -0.9961946980635332 0
    outer loop
      vertex 5.97534696504252 0.5227751203296952 3
      vertex 7 0.6124206452701246 3
      vertex 5.97534696504252 0.5227751203296952 5
    endloop
  endfacet
  facet normal 0.08715574307012505 -0.9961946980635332 -1.5982429513316843e-17
    outer loop
      vertex 7 0.6124206452701246 3
      vertex 10.460044325170035 0.9151353001482931 3
      vertex 5.97534696504252 0.5227751203296952 5
    endloop
  endfacet
  facet normal 0 0 -1
    outer loop
      vertex 7 0.6124206452701246 3
      vertex 7.679213864094992 7.160982779279395 3
      vertex 7.9244505922533826 6.888619801471134 3
    endloop
  endfacet
  facet normal 0 0 -1
    outer loop
      vertex 7 0.6124206452701246 3
      vertex 8.16003259544981 6.607864105893601 3
      vertex 8.38567285700659 6.319057743630622 3
    endloop
  endfacet
  facet normal 0 0 -1
    outer loop
      vertex 7 0.6124206452701246 3
      vertex 7.9244505922533826 6.888619801471134 3
      vertex 8.16003259544981 6.607864105893601 3
    endloop
  endfacet
  facet normal 0 0 -1
    outer loop
      vertex 7 0.6124206452701246 3
      vertex 10.230885678762059 2.361986072880928 3
      vertex 10.307085423044516 2.003494449667098 3
    endloop
  endfacet
  facet normal 0 0 -1
    outer loop
      vertex 7 0.6124206452701246 3
      vertex 10.142221175007935 2.717599973553703 3
      vertex 10.230885678762059 2.361986072880928 3
    endloop
  endfacet
  facet normal 0 0 -1
    outer loop
      vertex 7 0.6124206452701246 3
      vertex 10.041199934966345 3.0699028977602283 3
      vertex 10.142221175007935 2.717599973553703 3
    endloop
  endfacet
  facet normal 0 0 -1
    outer loop
      vertex 7 0.6124206452701246 3
      vertex 9.92794504121321 3.418465623190502 3
      vertex 10.041199934966345 3.0699028977602283 3
    endloop
  endfacet
  facet normal 0 0 -1
    outer loop
      vertex 7 0.6124206452701246 3
      vertex 10.421734587771072 1.2796281066997381 3
      vertex 10.460044325170035 0.9151353001482931 3
    endloop
  endfacet
  facet normal 0 0 -1
    outer loop
      vertex 7 0.6124206452701246 3
      vertex 10.37072757478711 1.642561879909422 3
      vertex 10.421734587771072 1.2796281066997381 3
    endloop
  endfacet
  facet normal 0 0 -1
    outer loop
      vertex 7 0.6124206452701246 3
      vertex 10.307085423044516 2.003494449667098 3
      vertex 10.37072757478711 1.642561879909422 3
    endloop
  endfacet
  facet normal 0 0 -1
    outer loop
      vertex 7 0.6124206452701246 3
      vertex 9.183506927242284 5.090501010215812 3
      vertex 9.355568502046943 4.766900245859388 3
    endloop
  endfacet
  facet normal 0 0 -1
    outer loop
      vertex 7 0.6124206452701246 3
      vertex 9.000256656458383 5.407899789714284 3
      vertex 9.183506927242284 5.090501010215812 3
    endloop
  endfacet
  facet normal 0 0 -1
    outer loop
      vertex 7 0.6124206452701246 3
      vertex 9.665300962468187 4.102676850178029 3
      vertex 9.802594478184108 3.7628634704218027 3
    endloop
  endfacet
  facet normal 0 0 -1
    outer loop
      vertex 7 0.6124206452701246 3
      vertex 9.516231766917116 4.437491746795848 3
      vertex 9.665300962468187 4.102676850178029 3
    endloop
  endfacet
  facet normal 0 0 -1
    outer loop
      vertex 7 0.6124206452701246 3
      vertex 9.802594478184108 3.7628634704218027 3
      vertex 9.92794504121321 3.418465623190502 3
    endloop
  endfacet
  facet normal 0 0 -1
    outer loop
      vertex 7 0.6124206452701246 3
      vertex 9.355568502046943 4.766900245859388 3
      vertex 9.516231766917116 4.437491746795848 3
    endloop
  endfacet
  facet normal 0 0 -1
    outer loop
      vertex 7 0.6124206452701246 3
      vertex 8.38567285700659 6.319057743630622 3
      vertex 8.601096465267545 6.0225525850527735 3
    endloop
  endfacet
  facet normal 0 0 -1
    outer loop
      vertex 7 0.6124206452701246 3
      vertex 8.601096465267545 6.0225525850527735 3
      vertex 8.806040961243987 5.718709866688487 3
    endloop
  endfacet
  facet normal 0 0 -1
    outer loop
      vertex 7 0.6124206452701246 3
      vertex 8.806040961243987 5.718709866688487 3
      vertex 9.000256656458383 5.407899789714284 3
    endloop
  endfacet
  facet normal 0 0 -1
    outer loop
      vertex 7 0.6124206452701246 3
      vertex 7 7.136762221416875 3
      vertex 7.424621201925392 7.424621201580479 3
    endloop
  endfacet
  facet normal 0 0 -1
    outer loop
      vertex 7 0.6124206452701246 3
      vertex 7.424621201925392 7.424621201580479 3
      vertex 7.679213864094992 7.160982779279395 3
    endloop
  endfacet
  facet normal 0 0 -1
    outer loop
      vertex 7 7.136762221416875 3
      vertex 7.160982781880955 7.679213864581879 3
      vertex 7.424621201925392 7.424621201580479 3
    endloop
  endfacet
  facet normal 0 0 -1
    outer loop
      vertex 5.877852522924732 8.090169943749475 3
      vertex 5.732706527253149 8.187153397436752 3
      vertex 6.022552580413336 8.60109646023436 3
    endloop
  endfacet
  facet normal 0 0 -1
    outer loop
      vertex 5.877852522924732 8.090169943749475 3
      vertex 6.319057741684093 8.385672851158825 3
      vertex 6.494480483301837 7.6040596560003095 3
    endloop
  endfacet
  facet normal 0 0 -1
    outer loop
      vertex 6.494480483301837 7.6040596560003095 3
      vertex 6.319057741684093 8.385672851158825 3
      vertex 6.607864102683038 8.16003259553871 3
    endloop
  endfacet
  facet normal 0 0 -1
    outer loop
      vertex 5.877852522924732 8.090169943749475 3
      vertex 6.022552580413336 8.60109646023436 3
      vertex 6.319057741684093 8.385672851158825 3
    endloop
  endfacet
  facet normal 0 0 -1
    outer loop
      vertex 7 7.136762221416875 3
      vertex 6.494480483301837 7.6040596560003095 3
      vertex 6.888619801275087 7.92445059049928 3
    endloop
  endfacet
  facet normal 0 0 -1
    outer loop
      vertex 6.494480483301837 7.6040596560003095 3
      vertex 6.607864102683038 8.16003259553871 3
      vertex 6.888619801275087 7.92445059049928 3
    endloop
  endfacet
  facet normal 0 0 -1
    outer loop
      vertex 7 7.136762221416875 3
      vertex 6.888619801275087 7.92445059049928 3
      vertex 7.160982781880955 7.679213864581879 3
    endloop
  endfacet
  facet normal -0.5877852583376069 -0.8090169899829007 0
    outer loop
      vertex 2.5810939625021025 3.686184198165067 5
      vertex 2.7081676046432657 3.5938597915102415 5
      vertex 2.7081676046432657 3.5938597915102415 11
    endloop
  endfacet
  facet normal -0.8290375755306869 -0.5591928990591712 0
    outer loop
      vertex 3.774017558116347 2.450875657826991 5
      vertex 3.774017558116347 2.450875657826991 11
      vertex 3.6861842017761015 2.581093965165216 5
    endloop
  endfacet
  facet normal -0.8987940439664526 -0.4383711515718508 0
    outer loop
      vertex 4.009529360253245 2.0429572507437754 5
      vertex 4.0783850442758345 1.9017821791843592 5
      vertex 4.0783850442758345 1.9017821791843592 11
    endloop
  endfacet
  facet normal -0.8829475878347681 -0.46947157223495906 0
    outer loop
      vertex 3.935788684168205 2.1816432882489503 5
      vertex 4.009529360253245 2.0429572507437754 5
      vertex 4.009529360253245 2.0429572507437754 11
    endloop
  endfacet
  facet normal -0.8480481018274805 -0.5299192551576206 0
    outer loop
      vertex 3.85725285170351 2.3176713402925193 5
      vertex 3.85725285170351 2.3176713402925193 11
      vertex 3.774017558116347 2.450875657826991 5
    endloop
  endfacet
  facet normal -0.8660254037844387 -0.49999999999999983 0
    outer loop
      vertex 3.935788684168205 2.1816432882489503 5
      vertex 3.935788684168205 2.1816432882489503 11
      vertex 3.85725285170351 2.3176713402925193 5
    endloop
  endfacet
  facet normal -0.9945218945872161 -0.10452847069891555 0
    outer loop
      vertex 4.48287613989077 0.3922008419989269 5
      vertex 4.48287613989077 0.3922008419989269 11
      vertex 4.466457679408948 0.5484120475719998 5
    endloop
  endfacet
  facet normal -0.9902680721162337 -0.13917307694808626 0
    outer loop
      vertex 4.466457679408948 0.5484120475719998 5
      vertex 4.466457679408948 0.5484120475719998 11
      vertex 4.44459753389516 0.7039550924541209 5
    endloop
  endfacet
  facet normal -0.9702957268737408 -0.24192189320224614 0
    outer loop
      vertex 4.3846652906510375 1.012279741690718 5
      vertex 4.3846652906510375 1.012279741690718 11
      vertex 4.346666217470958 1.1646857014976322 5
    endloop
  endfacet
  facet normal -0.9612616907743029 -0.2756373738260623 0
    outer loop
      vertex 4.346666217470958 1.1646857014976322 5
      vertex 4.346666217470958 1.1646857014976322 11
      vertex 4.3033713972597685 1.3156726721696117 5
    endloop
  endfacet
  facet normal -0.9848077478996937 -0.17364820666143727 0
    outer loop
      vertex 4.44459753389516 0.7039550924541209 5
      vertex 4.44459753389516 0.7039550924541209 11
      vertex 4.417322322318395 0.8586404773643876 5
    endloop
  endfacet
  facet normal -0.9781476034467693 -0.2079116780542681 0
    outer loop
      vertex 4.3846652906510375 1.012279741690718 5
      vertex 4.417322322318395 0.8586404773643876 5
      vertex 4.417322322318395 0.8586404773643876 11
    endloop
  endfacet
  facet normal 0.0871557430701251 -0.9961946980635333 0
    outer loop
      vertex 4.48287613989077 0.3922008419989269 5
      vertex 5.97534696504252 0.5227751203296952 5
      vertex 4.48287613989077 0.3922008419989269 11
    endloop
  endfacet
  facet normal -0.9510565180574126 -0.3090169889512716 0
    outer loop
      vertex 4.3033713972597685 1.3156726721696117 5
      vertex 4.3033713972597685 1.3156726721696117 11
      vertex 4.25483358671565 1.465056695510474 5
    endloop
  endfacet
  facet normal -0.9396926317645837 -0.34202011316200465 0
    outer loop
      vertex 4.25483358671565 1.465056695510474 5
      vertex 4.25483358671565 1.465056695510474 11
      vertex 4.201111920533117 1.6126557750240544 5
    endloop
  endfacet
  facet normal -0.927183844569709 -0.3746066181595483 0
    outer loop
      vertex 4.201111920533117 1.6126557750240544 5
      vertex 4.201111920533117 1.6126557750240544 11
      vertex 4.1422718393568525 1.7582900752076334 5
    endloop
  endfacet
  facet normal -0.9135454711850743 -0.40673661265890526 0
    outer loop
      vertex 4.1422718393568525 1.7582900752076334 5
      vertex 4.1422718393568525 1.7582900752076334 11
      vertex 4.0783850442758345 1.9017821791843592 5
    endloop
  endfacet
  facet normal -0.7193398133529475 -0.6946583569822987 0
    outer loop
      vertex 3.2910916557937235 3.0689926158614895 5
      vertex 3.2910916557937235 3.0689926158614895 11
      vertex 3.1819805136569275 3.181980515352649 5
    endloop
  endfacet
  facet normal -0.7431448216614812 -0.669130610596859 0
    outer loop
      vertex 3.3961931096543787 2.952265627215776 5
      vertex 3.3961931096543787 2.952265627215776 11
      vertex 3.2910916557937235 3.0689926158614895 5
    endloop
  endfacet
  facet normal -0.6427876322402585 -0.76604442419416 0
    outer loop
      vertex 2.9522656272743544 3.3961931091496087 5
      vertex 2.9522656272743544 3.3961931091496087 11
      vertex 2.8319417601362717 3.4971568277238156 5
    endloop
  endfacet
  facet normal -0.6691305966618347 -0.7431448342086333 0
    outer loop
      vertex 2.9522656272743544 3.3961931091496087 5
      vertex 3.06899261736603 3.291091657950319 5
      vertex 3.06899261736603 3.291091657950319 11
    endloop
  endfacet
  facet normal -0.615661456218008 -0.7880107685352542 0
    outer loop
      vertex 2.7081676046432657 3.5938597915102415 5
      vertex 2.8319417601362717 3.4971568277238156 5
      vertex 2.8319417601362717 3.4971568277238156 11
    endloop
  endfacet
  facet normal -0.6946583686816421 -0.7193398020550231 0
    outer loop
      vertex 3.06899261736603 3.291091657950319 5
      vertex 3.1819805136569275 3.181980515352649 5
      vertex 3.1819805136569275 3.181980515352649 11
    endloop
  endfacet
  facet normal -0.7880107700367984 -0.6156614542961187 0
    outer loop
      vertex 3.5938597920302877 2.7081676046601113 5
      vertex 3.5938597920302877 2.7081676046601113 11
      vertex 3.497156828997072 2.831941759811284 5
    endloop
  endfacet
  facet normal -0.8090169748043805 -0.5877852792290467 0
    outer loop
      vertex 3.6861842017761015 2.581093965165216 5
      vertex 3.6861842017761015 2.581093965165216 11
      vertex 3.5938597920302877 2.7081676046601113 5
    endloop
  endfacet
  facet normal -0.7660444224858205 -0.6427876342761781 0
    outer loop
      vertex 3.3961931096543787 2.952265627215776 5
      vertex 3.497156828997072 2.831941759811284 5
      vertex 3.497156828997072 2.831941759811284 11
    endloop
  endfacet
  facet normal -0.8191520441033258 0.5735764366162045 0
    outer loop
      vertex 2.5810939625021025 3.686184198165067 5
      vertex 2.5810939625021025 3.686184198165067 11
      vertex 3.439623915790304 4.912292038837291 5
    endloop
  endfacet
  facet normal -0.5877852583376069 -0.8090169899829007 0
    outer loop
      vertex 2.5810939625021025 3.686184198165067 5
      vertex 2.7081676046432657 3.5938597915102415 11
      vertex 2.5810939625021025 3.686184198165067 11
    endloop
  endfacet
  facet normal -0.615661456218008 -0.7880107685352542 0
    outer loop
      vertex 2.7081676046432657 3.5938597915102415 5
      vertex 2.8319417601362717 3.4971568277238156 11
      vertex 2.7081676046432657 3.5938597915102415 11
    endloop
  endfacet
  facet normal -0.8987940439664526 -0.4383711515718508 0
    outer loop
      vertex 4.009529360253245 2.0429572507437754 5
      vertex 4.0783850442758345 1.9017821791843592 11
      vertex 4.009529360253245 2.0429572507437754 11
    endloop
  endfacet
  facet normal -0.8829475878347681 -0.46947157223495906 0
    outer loop
      vertex 3.935788684168205 2.1816432882489503 5
      vertex 4.009529360253245 2.0429572507437754 11
      vertex 3.935788684168205 2.1816432882489503 11
    endloop
  endfacet
  facet normal -0.8660254037844387 -0.49999999999999983 0
    outer loop
      vertex 3.85725285170351 2.3176713402925193 5
      vertex 3.935788684168205 2.1816432882489503 11
      vertex 3.85725285170351 2.3176713402925193 11
    endloop
  endfacet
  facet normal -0.8480481018274805 -0.5299192551576206 0
    outer loop
      vertex 3.774017558116347 2.450875657826991 5
      vertex 3.85725285170351 2.3176713402925193 11
      vertex 3.774017558116347 2.450875657826991 11
    endloop
  endfacet
  facet normal -0.9945218945872161 -0.10452847069891555 0
    outer loop
      vertex 4.466457679408948 0.5484120475719998 5
      vertex 4.48287613989077 0.3922008419989269 11
      vertex 4.466457679408948 0.5484120475719998 11
    endloop
  endfacet
  facet normal -0.9702957268737408 -0.24192189320224614 0
    outer loop
      vertex 4.346666217470958 1.1646857014976322 5
      vertex 4.3846652906510375 1.012279741690718 11
      vertex 4.346666217470958 1.1646857014976322 11
    endloop
  endfacet
  facet normal -0.9902680721162337 -0.13917307694808626 0
    outer loop
      vertex 4.44459753389516 0.7039550924541209 5
      vertex 4.466457679408948 0.5484120475719998 11
      vertex 4.44459753389516 0.7039550924541209 11
    endloop
  endfacet
  facet normal -0.9848077478996937 -0.17364820666143727 0
    outer loop
      vertex 4.417322322318395 0.8586404773643876 5
      vertex 4.44459753389516 0.7039550924541209 11
      vertex 4.417322322318395 0.8586404773643876 11
    endloop
  endfacet
  facet normal -0.9781476034467693 -0.2079116780542681 0
    outer loop
      vertex 4.3846652906510375 1.012279741690718 5
      vertex 4.417322322318395 0.8586404773643876 11
      vertex 4.3846652906510375 1.012279741690718 11
    endloop
  endfacet
  facet normal -0.9612616907743029 -0.2756373738260623 0
    outer loop
      vertex 4.3033713972597685 1.3156726721696117 5
      vertex 4.346666217470958 1.1646857014976322 11
      vertex 4.3033713972597685 1.3156726721696117 11
    endloop
  endfacet
  facet normal -0.9510565180574126 -0.3090169889512716 0
    outer loop
      vertex 4.25483358671565 1.465056695510474 5
      vertex 4.3033713972597685 1.3156726721696117 11
      vertex 4.25483358671565 1.465056695510474 11
    endloop
  endfacet
  facet normal -0.9396926317645837 -0.34202011316200465 0
    outer loop
      vertex 4.201111920533117 1.6126557750240544 5
      vertex 4.25483358671565 1.465056695510474 11
      vertex 4.201111920533117 1.6126557750240544 11
    endloop
  endfacet
  facet normal -0.927183844569709 -0.3746066181595483 0
    outer loop
      vertex 4.1422718393568525 1.7582900752076334 5
      vertex 4.201111920533117 1.6126557750240544 11
      vertex 4.1422718393568525 1.7582900752076334 11
    endloop
  endfacet
  facet normal -0.9135454711850743 -0.40673661265890526 0
    outer loop
      vertex 4.0783850442758345 1.9017821791843592 5
      vertex 4.1422718393568525 1.7582900752076334 11
      vertex 4.0783850442758345 1.9017821791843592 11
    endloop
  endfacet
  facet normal -0.7431448216614812 -0.669130610596859 0
    outer loop
      vertex 3.2910916557937235 3.0689926158614895 5
      vertex 3.3961931096543787 2.952265627215776 11
      vertex 3.2910916557937235 3.0689926158614895 11
    endloop
  endfacet
  facet normal -0.6946583686816421 -0.7193398020550231 0
    outer loop
      vertex 3.06899261736603 3.291091657950319 5
      vertex 3.1819805136569275 3.181980515352649 11
      vertex 3.06899261736603 3.291091657950319 11
    endloop
  endfacet
  facet normal -0.6691305966618347 -0.7431448342086333 0
    outer loop
      vertex 2.9522656272743544 3.3961931091496087 5
      vertex 3.06899261736603 3.291091657950319 11
      vertex 2.9522656272743544 3.3961931091496087 11
    endloop
  endfacet
  facet normal -0.6427876322402585 -0.76604442419416 0
    outer loop
      vertex 2.8319417601362717 3.4971568277238156 5
      vertex 2.9522656272743544 3.3961931091496087 11
      vertex 2.8319417601362717 3.4971568277238156 11
    endloop
  endfacet
  facet normal -0.7193398133529475 -0.6946583569822987 0
    outer loop
      vertex 3.1819805136569275 3.181980515352649 5
      vertex 3.2910916557937235 3.0689926158614895 11
      vertex 3.1819805136569275 3.181980515352649 11
    endloop
  endfacet
  facet normal -0.7880107700367984 -0.6156614542961187 0
    outer loop
      vertex 3.497156828997072 2.831941759811284 5
      vertex 3.5938597920302877 2.7081676046601113 11
      vertex 3.497156828997072 2.831941759811284 11
    endloop
  endfacet
  facet normal -0.8290375755306869 -0.5591928990591712 0
    outer loop
      vertex 3.6861842017761015 2.581093965165216 5
      vertex 3.774017558116347 2.450875657826991 11
      vertex 3.6861842017761015 2.581093965165216 11
    endloop
  endfacet
  facet normal -0.8090169748043805 -0.5877852792290467 0
    outer loop
      vertex 3.5938597920302877 2.7081676046601113 5
      vertex 3.6861842017761015 2.581093965165216 11
      vertex 3.5938597920302877 2.7081676046601113 11
    endloop
  endfacet
  facet normal -0.7660444224858205 -0.6427876342761781 0
    outer loop
      vertex 3.3961931096543787 2.952265627215776 5
      vertex 3.497156828997072 2.831941759811284 11
      vertex 3.3961931096543787 2.952265627215776 11
    endloop
  endfacet
  facet normal 0 0 1
    outer loop
      vertex 2.9522656272743544 3.3961931091496087 11
      vertex 6.888619801275087 7.92445059049928 11
      vertex 2.8319417601362717 3.4971568277238156 11
    endloop
  endfacet
  facet normal 0 0 1
    outer loop
      vertex 3.06899261736603 3.291091657950319 11
      vertex 3.1819805136569275 3.181980515352649 11
      vertex 7.424621201925392 7.424621201580479 11
    endloop
  endfacet
  facet normal 0 0 1
    outer loop
      vertex 2.9522656272743544 3.3961931091496087 11
      vertex 3.06899261736603 3.291091657950319 11
      vertex 7.160982781880955 7.679213864581879 11
    endloop
  endfacet
  facet normal 0 0 1
    outer loop
      vertex 3.3961931096543787 2.952265627215776 11
      vertex 3.497156828997072 2.831941759811284 11
      vertex 8.16003259544981 6.607864105893601 11
    endloop
  endfacet
  facet normal 0 0 1
    outer loop
      vertex 3.3961931096543787 2.952265627215776 11
      vertex 7.9244505922533826 6.888619801471134 11
      vertex 3.2910916557937235 3.0689926158614895 11
    endloop
  endfacet
  facet normal 0 0 1
    outer loop
      vertex 3.5938597920302877 2.7081676046601113 11
      vertex 8.38567285700659 6.319057743630622 11
      vertex 3.497156828997072 2.831941759811284 11
    endloop
  endfacet
  facet normal 0 0 1
    outer loop
      vertex 3.6861842017761015 2.581093965165216 11
      vertex 8.38567285700659 6.319057743630622 11
      vertex 3.5938597920302877 2.7081676046601113 11
    endloop
  endfacet
  facet normal 0 0 1
    outer loop
      vertex 3.2910916557937235 3.0689926158614895 11
      vertex 7.679213864094992 7.160982779279395 11
      vertex 3.1819805136569275 3.181980515352649 11
    endloop
  endfacet
  facet normal -0.8191520441033259 0.5735764366162045 0
    outer loop
      vertex 3.439623915790304 4.912292038837291 3
      vertex 3.439623915790304 4.912292038837291 5
      vertex 6.022552580413336 8.60109646023436 11
    endloop
  endfacet
  facet normal -0.8191520441033258 0.5735764366162046 -1.1108152198799754e-16
    outer loop
      vertex 3.439623915790304 4.912292038837291 3
      vertex 6.022552580413336 8.60109646023436 11
      vertex 5.732706527253149 8.187153397436752 3
    endloop
  endfacet
  facet normal -0.8191520441033259 0.5735764366162046 -1.2335811391125806e-17
    outer loop
      vertex 3.439623915790304 4.912292038837291 5
      vertex 2.5810939625021025 3.686184198165067 11
      vertex 6.022552580413336 8.60109646023436 11
    endloop
  endfacet
  facet normal 0 0 1
    outer loop
      vertex 2.5810939625021025 3.686184198165067 11
      vertex 2.7081676046432657 3.5938597915102415 11
      vertex 6.319057741684093 8.385672851158825 11
    endloop
  endfacet
  facet normal 0 0 1
    outer loop
      vertex 2.7081676046432657 3.5938597915102415 11
      vertex 2.8319417601362717 3.4971568277238156 11
      vertex 6.607864102683038 8.16003259553871 11
    endloop
  endfacet
  facet normal 0 0 1
    outer loop
      vertex 2.7081676046432657 3.5938597915102415 11
      vertex 6.607864102683038 8.16003259553871 11
      vertex 6.319057741684093 8.385672851158825 11
    endloop
  endfacet
  facet normal 0 0 1
    outer loop
      vertex 2.5810939625021025 3.686184198165067 11
      vertex 6.319057741684093 8.385672851158825 11
      vertex 6.022552580413336 8.60109646023436 11
    endloop
  endfacet
  facet normal 0.08715574307012507 -0.9961946980635334 -1.3869335943687267e-17
    outer loop
      vertex 5.97534696504252 0.5227751203296952 5
      vertex 10.460044325170035 0.9151353001482931 3
      vertex 4.48287613989077 0.3922008419989269 11
    endloop
  endfacet
  facet normal 0.9945218954515135 0.10452846247567604 0
    outer loop
      vertex 10.460044325170035 0.9151353001482931 3
      vertex 10.421734587771072 1.2796281066997381 3
      vertex 10.460044325170035 0.9151353001482931 11
    endloop
  endfacet
  facet normal 0.9902680696608427 0.13917309441910242 0
    outer loop
      vertex 10.421734587771072 1.2796281066997381 3
      vertex 10.37072757478711 1.642561879909422 3
      vertex 10.421734587771072 1.2796281066997381 11
    endloop
  endfacet
  facet normal 0.9848077523226271 0.17364818157773837 0
    outer loop
      vertex 10.37072757478711 1.642561879909422 3
      vertex 10.307085423044516 2.003494449667098 3
      vertex 10.37072757478711 1.642561879909422 11
    endloop
  endfacet
  facet normal 0.9781476021406684 0.20791168419899067 0
    outer loop
      vertex 10.307085423044516 2.003494449667098 3
      vertex 10.230885678762059 2.361986072880928 3
      vertex 10.307085423044516 2.003494449667098 11
    endloop
  endfacet
  facet normal 0.9702957262016317 0.24192189589792837 0
    outer loop
      vertex 10.230885678762059 2.361986072880928 3
      vertex 10.142221175007935 2.717599973553703 3
      vertex 10.230885678762059 2.361986072880928 11
    endloop
  endfacet
  facet normal 0.9612616943940848 0.2756373612023833 0
    outer loop
      vertex 10.041199934966345 3.0699028977602283 3
      vertex 10.142221175007935 2.717599973553703 11
      vertex 10.142221175007935 2.717599973553703 3
    endloop
  endfacet
  facet normal 0.9510565171866802 0.30901699163111074 0
    outer loop
      vertex 10.041199934966345 3.0699028977602283 3
      vertex 9.92794504121321 3.418465623190502 3
      vertex 10.041199934966345 3.0699028977602283 11
    endloop
  endfacet
  facet normal 0.9396926226348632 0.3420201382457069 0
    outer loop
      vertex 9.92794504121321 3.418465623190502 3
      vertex 9.802594478184108 3.7628634704218027 3
      vertex 9.92794504121321 3.418465623190502 11
    endloop
  endfacet
  facet normal 0.9271838560786156 0.37460658967400584 0
    outer loop
      vertex 9.802594478184108 3.7628634704218027 3
      vertex 9.665300962468187 4.102676850178029 3
      vertex 9.802594478184108 3.7628634704218027 11
    endloop
  endfacet
  facet normal 0.913545458343968 0.4067366415005037 0
    outer loop
      vertex 9.665300962468187 4.102676850178029 3
      vertex 9.516231766917116 4.437491746795848 3
      vertex 9.665300962468187 4.102676850178029 11
    endloop
  endfacet
  facet normal 0.8987940410031426 0.4383711576475365 0
    outer loop
      vertex 9.355568502046943 4.766900245859388 3
      vertex 9.516231766917116 4.437491746795848 11
      vertex 9.516231766917116 4.437491746795848 3
    endloop
  endfacet
  facet normal 0.8829475970397541 0.4694715549228985 0
    outer loop
      vertex 9.355568502046943 4.766900245859388 3
      vertex 9.183506927242284 5.090501010215812 3
      vertex 9.355568502046943 4.766900245859388 11
    endloop
  endfacet
  facet normal 0 0 1
    outer loop
      vertex 4.48287613989077 0.3922008419989269 11
      vertex 10.421734587771072 1.2796281066997381 11
      vertex 4.466457679408948 0.5484120475719998 11
    endloop
  endfacet
  facet normal 0 0 1
    outer loop
      vertex 4.466457679408948 0.5484120475719998 11
      vertex 10.37072757478711 1.642561879909422 11
      vertex 4.44459753389516 0.7039550924541209 11
    endloop
  endfacet
  facet normal 0 0 1
    outer loop
      vertex 4.44459753389516 0.7039550924541209 11
      vertex 10.307085423044516 2.003494449667098 11
      vertex 4.417322322318395 0.8586404773643876 11
    endloop
  endfacet
  facet normal 0 0 1
    outer loop
      vertex 4.3846652906510375 1.012279741690718 11
      vertex 10.142221175007935 2.717599973553703 11
      vertex 4.346666217470958 1.1646857014976322 11
    endloop
  endfacet
  facet normal 0 0 1
    outer loop
      vertex 4.346666217470958 1.1646857014976322 11
      vertex 10.041199934966345 3.0699028977602283 11
      vertex 4.3033713972597685 1.3156726721696117 11
    endloop
  endfacet
  facet normal 0 0 1
    outer loop
      vertex 4.3846652906510375 1.012279741690718 11
      vertex 4.417322322318395 0.8586404773643876 11
      vertex 10.230885678762059 2.361986072880928 11
    endloop
  endfacet
  facet normal 0 0 1
    outer loop
      vertex 4.3033713972597685 1.3156726721696117 11
      vertex 9.92794504121321 3.418465623190502 11
      vertex 4.25483358671565 1.465056695510474 11
    endloop
  endfacet
  facet normal 0 0 1
    outer loop
      vertex 4.25483358671565 1.465056695510474 11
      vertex 9.802594478184108 3.7628634704218027 11
      vertex 4.201111920533117 1.6126557750240544 11
    endloop
  endfacet
  facet normal 0 0 1
    outer loop
      vertex 4.201111920533117 1.6126557750240544 11
      vertex 9.665300962468187 4.102676850178029 11
      vertex 4.1422718393568525 1.7582900752076334 11
    endloop
  endfacet
  facet normal 0 0 1
    outer loop
      vertex 4.1422718393568525 1.7582900752076334 11
      vertex 9.516231766917116 4.437491746795848 11
      vertex 4.0783850442758345 1.9017821791843592 11
    endloop
  endfacet
  facet normal 0 0 1
    outer loop
      vertex 4.009529360253245 2.0429572507437754 11
      vertex 4.0783850442758345 1.9017821791843592 11
      vertex 9.355568502046943 4.766900245859388 11
    endloop
  endfacet
  facet normal 0 0 1
    outer loop
      vertex 3.935788684168205 2.1816432882489503 11
      vertex 4.009529360253245 2.0429572507437754 11
      vertex 9.183506927242284 5.090501010215812 11
    endloop
  endfacet
  facet normal 0 0 1
    outer loop
      vertex 3.935788684168205 2.1816432882489503 11
      vertex 9.000256656458383 5.407899789714284 11
      vertex 3.85725285170351 2.3176713402925193 11
    endloop
  endfacet
  facet normal 0 0 1
    outer loop
      vertex 3.85725285170351 2.3176713402925193 11
      vertex 8.806040961243987 5.718709866688487 11
      vertex 3.774017558116347 2.450875657826991 11
    endloop
  endfacet
  facet normal 0 0 1
    outer loop
      vertex 3.774017558116347 2.450875657826991 11
      vertex 8.601096465267545 6.0225525850527735 11
      vertex 3.6861842017761015 2.581093965165216 11
    endloop
  endfacet
  facet normal 0 0 1
    outer loop
      vertex 4.201111920533117 1.6126557750240544 11
      vertex 9.802594478184108 3.7628634704218027 11
      vertex 9.665300962468187 4.102676850178029 11
    endloop
  endfacet
  facet normal 0 0 1
    outer loop
      vertex 4.1422718393568525 1.7582900752076334 11
      vertex 9.665300962468187 4.102676850178029 11
      vertex 9.516231766917116 4.437491746795848 11
    endloop
  endfacet
  facet normal 0 0 1
    outer loop
      vertex 4.0783850442758345 1.9017821791843592 11
      vertex 9.516231766917116 4.437491746795848 11
      vertex 9.355568502046943 4.766900245859388 11
    endloop
  endfacet
  facet normal 0 0 1
    outer loop
      vertex 3.6861842017761015 2.581093965165216 11
      vertex 8.601096465267545 6.0225525850527735 11
      vertex 8.38567285700659 6.319057743630622 11
    endloop
  endfacet
  facet normal 0 0 1
    outer loop
      vertex 3.85725285170351 2.3176713402925193 11
      vertex 9.000256656458383 5.407899789714284 11
      vertex 8.806040961243987 5.718709866688487 11
    endloop
  endfacet
  facet normal 0 0 1
    outer loop
      vertex 3.774017558116347 2.450875657826991 11
      vertex 8.806040961243987 5.718709866688487 11
      vertex 8.601096465267545 6.0225525850527735 11
    endloop
  endfacet
  facet normal 0 0 1
    outer loop
      vertex 4.009529360253245 2.0429572507437754 11
      vertex 9.355568502046943 4.766900245859388 11
      vertex 9.183506927242284 5.090501010215812 11
    endloop
  endfacet
  facet normal 0 0 1
    outer loop
      vertex 3.935788684168205 2.1816432882489503 11
      vertex 9.183506927242284 5.090501010215812 11
      vertex 9.000256656458383 5.407899789714284 11
    endloop
  endfacet
  facet normal 0.08715574307012507 -0.9961946980635332 0
    outer loop
      vertex 10.460044325170035 0.9151353001482931 3
      vertex 10.460044325170035 0.9151353001482931 11
      vertex 4.48287613989077 0.3922008419989269 11
    endloop
  endfacet
  facet normal 0.9945218954515135 0.10452846247567604 0
    outer loop
      vertex 10.421734587771072 1.2796281066997381 3
      vertex 10.421734587771072 1.2796281066997381 11
      vertex 10.460044325170035 0.9151353001482931 11
    endloop
  endfacet
  facet normal 0.9902680696608427 0.13917309441910242 0
    outer loop
      vertex 10.37072757478711 1.642561879909422 3
      vertex 10.37072757478711 1.642561879909422 11
      vertex 10.421734587771072 1.2796281066997381 11
    endloop
  endfacet
  facet normal 0.9848077523226271 0.17364818157773837 0
    outer loop
      vertex 10.307085423044516 2.003494449667098 3
      vertex 10.307085423044516 2.003494449667098 11
      vertex 10.37072757478711 1.642561879909422 11
    endloop
  endfacet
  facet normal 0.9781476021406684 0.20791168419899067 0
    outer loop
      vertex 10.230885678762059 2.361986072880928 3
      vertex 10.230885678762059 2.361986072880928 11
      vertex 10.307085423044516 2.003494449667098 11
    endloop
  endfacet
  facet normal 0 0 1
    outer loop
      vertex 4.48287613989077 0.3922008419989269 11
      vertex 10.460044325170035 0.9151353001482931 11
      vertex 10.421734587771072 1.2796281066997381 11
    endloop
  endfacet
  facet normal 0 0 1
    outer loop
      vertex 4.466457679408948 0.5484120475719998 11
      vertex 10.421734587771072 1.2796281066997381 11
      vertex 10.37072757478711 1.642561879909422 11
    endloop
  endfacet
  facet normal 0 0 1
    outer loop
      vertex 4.44459753389516 0.7039550924541209 11
      vertex 10.37072757478711 1.642561879909422 11
      vertex 10.307085423044516 2.003494449667098 11
    endloop
  endfacet
  facet normal 0 0 1
    outer loop
      vertex 4.417322322318395 0.8586404773643876 11
      vertex 10.307085423044516 2.003494449667098 11
      vertex 10.230885678762059 2.361986072880928 11
    endloop
  endfacet
  facet normal 0 0 1
    outer loop
      vertex 4.346666217470958 1.1646857014976322 11
      vertex 10.142221175007935 2.717599973553703 11
      vertex 10.041199934966345 3.0699028977602283 11
    endloop
  endfacet
  facet normal 0 0 1
    outer loop
      vertex 4.3846652906510375 1.012279741690718 11
      vertex 10.230885678762059 2.361986072880928 11
      vertex 10.142221175007935 2.717599973553703 11
    endloop
  endfacet
  facet normal 0.9612616943940848 0.2756373612023833 0
    outer loop
      vertex 10.041199934966345 3.0699028977602283 3
      vertex 10.041199934966345 3.0699028977602283 11
      vertex 10.142221175007935 2.717599973553703 11
    endloop
  endfacet
  facet normal 0.9702957262016317 0.24192189589792837 0
    outer loop
      vertex 10.142221175007935 2.717599973553703 3
      vertex 10.142221175007935 2.717599973553703 11
      vertex 10.230885678762059 2.361986072880928 11
    endloop
  endfacet
  facet normal 0.9510565171866802 0.30901699163111074 0
    outer loop
      vertex 9.92794504121321 3.418465623190502 3
      vertex 9.92794504121321 3.418465623190502 11
      vertex 10.041199934966345 3.0699028977602283 11
    endloop
  endfacet
  facet normal 0.9396926226348632 0.3420201382457069 0
    outer loop
      vertex 9.802594478184108 3.7628634704218027 3
      vertex 9.802594478184108 3.7628634704218027 11
      vertex 9.92794504121321 3.418465623190502 11
    endloop
  endfacet
  facet normal 0.9271838560786156 0.37460658967400584 0
    outer loop
      vertex 9.665300962468187 4.102676850178029 3
      vertex 9.665300962468187 4.102676850178029 11
      vertex 9.802594478184108 3.7628634704218027 11
    endloop
  endfacet
  facet normal 0.913545458343968 0.4067366415005037 0
    outer loop
      vertex 9.516231766917116 4.437491746795848 3
      vertex 9.516231766917116 4.437491746795848 11
      vertex 9.665300962468187 4.102676850178029 11
    endloop
  endfacet
  facet normal 0.8987940410031426 0.4383711576475365 0
    outer loop
      vertex 9.355568502046943 4.766900245859388 3
      vertex 9.355568502046943 4.766900245859388 11
      vertex 9.516231766917116 4.437491746795848 11
    endloop
  endfacet
  facet normal 0.8829475970397541 0.4694715549228985 0
    outer loop
      vertex 9.183506927242284 5.090501010215812 3
      vertex 9.183506927242284 5.090501010215812 11
      vertex 9.355568502046943 4.766900245859388 11
    endloop
  endfacet
  facet normal 0 0 1
    outer loop
      vertex 4.3033713972597685 1.3156726721696117 11
      vertex 10.041199934966345 3.0699028977602283 11
      vertex 9.92794504121321 3.418465623190502 11
    endloop
  endfacet
  facet normal 0 0 1
    outer loop
      vertex 4.25483358671565 1.465056695510474 11
      vertex 9.92794504121321 3.418465623190502 11
      vertex 9.802594478184108 3.7628634704218027 11
    endloop
  endfacet
  facet normal 0.7431448235469263 0.66913060850286 0
    outer loop
      vertex 7.679213864094992 7.160982779279395 3
      vertex 7.9244505922533826 6.888619801471134 11
      vertex 7.9244505922533826 6.888619801471134 3
    endloop
  endfacet
  facet normal 0.7193398042304114 0.6946583664289614 0
    outer loop
      vertex 7.424621201925392 7.424621201580479 3
      vertex 7.679213864094992 7.160982779279395 11
      vertex 7.679213864094992 7.160982779279395 3
    endloop
  endfacet
  facet normal -0.8191520441033265 0.5735764366162037 0
    outer loop
      vertex 5.732706527253149 8.187153397436752 3
      vertex 6.022552580413336 8.60109646023436 11
      vertex 6.022552580413336 8.60109646023436 3
    endloop
  endfacet
  facet normal 0.5877852516482192 0.8090169948430251 0
    outer loop
      vertex 6.022552580413336 8.60109646023436 3
      vertex 6.319057741684093 8.385672851158825 11
      vertex 6.319057741684093 8.385672851158825 3
    endloop
  endfacet
  facet normal 0.6156614701206563 0.7880107576733152 0
    outer loop
      vertex 6.319057741684093 8.385672851158825 3
      vertex 6.607864102683038 8.16003259553871 11
      vertex 6.607864102683038 8.16003259553871 3
    endloop
  endfacet
  facet normal 0.6427876127286073 0.76604444056638 0
    outer loop
      vertex 6.607864102683038 8.16003259553871 3
      vertex 6.888619801275087 7.92445059049928 11
      vertex 6.888619801275087 7.92445059049928 3
    endloop
  endfacet
  facet normal 0.6691306013302678 0.7431448300051574 0
    outer loop
      vertex 6.888619801275087 7.92445059049928 3
      vertex 7.160982781880955 7.679213864581879 11
      vertex 7.160982781880955 7.679213864581879 3
    endloop
  endfacet
  facet normal 0.694658370680117 0.7193398001251183 0
    outer loop
      vertex 7.424621201925392 7.424621201580479 3
      vertex 7.160982781880955 7.679213864581879 3
      vertex 7.424621201925392 7.424621201580479 11
    endloop
  endfacet
  facet normal 0.8090169933613856 0.5877852536875212 0
    outer loop
      vertex 8.601096465267545 6.0225525850527735 3
      vertex 8.38567285700659 6.319057743630622 3
      vertex 8.601096465267545 6.0225525850527735 11
    endloop
  endfacet
  facet normal 0.8660254037844388 0.4999999999999996 0
    outer loop
      vertex 9.000256656458383 5.407899789714284 3
      vertex 9.183506927242284 5.090501010215812 11
      vertex 9.183506927242284 5.090501010215812 3
    endloop
  endfacet
  facet normal 0.8480480914372888 0.5299192717854031 0
    outer loop
      vertex 9.000256656458383 5.407899789714284 3
      vertex 8.806040961243987 5.718709866688487 3
      vertex 9.000256656458383 5.407899789714284 11
    endloop
  endfacet
  facet normal 0.8290375793107294 0.5591928934550278 0
    outer loop
      vertex 8.806040961243987 5.718709866688487 3
      vertex 8.601096465267545 6.0225525850527735 3
      vertex 8.806040961243987 5.718709866688487 11
    endloop
  endfacet
  facet normal 0.7660444396440788 0.642787613827763 0
    outer loop
      vertex 8.16003259544981 6.607864105893601 3
      vertex 7.9244505922533826 6.888619801471134 3
      vertex 8.16003259544981 6.607864105893601 11
    endloop
  endfacet
  facet normal 0.7880107511220501 0.6156614785058931 0
    outer loop
      vertex 8.16003259544981 6.607864105893601 3
      vertex 8.38567285700659 6.319057743630622 11
      vertex 8.38567285700659 6.319057743630622 3
    endloop
  endfacet
  facet normal 0.7193398042304114 0.6946583664289614 0
    outer loop
      vertex 7.424621201925392 7.424621201580479 3
      vertex 7.424621201925392 7.424621201580479 11
      vertex 7.679213864094992 7.160982779279395 11
    endloop
  endfacet
  facet normal 0.7431448235469263 0.66913060850286 0
    outer loop
      vertex 7.679213864094992 7.160982779279395 3
      vertex 7.679213864094992 7.160982779279395 11
      vertex 7.9244505922533826 6.888619801471134 11
    endloop
  endfacet
  facet normal 0 0 1
    outer loop
      vertex 3.06899261736603 3.291091657950319 11
      vertex 7.424621201925392 7.424621201580479 11
      vertex 7.160982781880955 7.679213864581879 11
    endloop
  endfacet
  facet normal 0 0 1
    outer loop
      vertex 3.3961931096543787 2.952265627215776 11
      vertex 8.16003259544981 6.607864105893601 11
      vertex 7.9244505922533826 6.888619801471134 11
    endloop
  endfacet
  facet normal 0 0 1
    outer loop
      vertex 3.1819805136569275 3.181980515352649 11
      vertex 7.679213864094992 7.160982779279395 11
      vertex 7.424621201925392 7.424621201580479 11
    endloop
  endfacet
  facet normal 0 0 1
    outer loop
      vertex 3.2910916557937235 3.0689926158614895 11
      vertex 7.9244505922533826 6.888619801471134 11
      vertex 7.679213864094992 7.160982779279395 11
    endloop
  endfacet
  facet normal 0 0 1
    outer loop
      vertex 2.8319417601362717 3.4971568277238156 11
      vertex 6.888619801275087 7.92445059049928 11
      vertex 6.607864102683038 8.16003259553871 11
    endloop
  endfacet
  facet normal 0 0 1
    outer loop
      vertex 2.9522656272743544 3.3961931091496087 11
      vertex 7.160982781880955 7.679213864581879 11
      vertex 6.888619801275087 7.92445059049928 11
    endloop
  endfacet
  facet normal 0 0 1
    outer loop
      vertex 3.497156828997072 2.831941759811284 11
      vertex 8.38567285700659 6.319057743630622 11
      vertex 8.16003259544981 6.607864105893601 11
    endloop
  endfacet
  facet normal 0.5877852516482192 0.8090169948430251 0
    outer loop
      vertex 6.022552580413336 8.60109646023436 3
      vertex 6.022552580413336 8.60109646023436 11
      vertex 6.319057741684093 8.385672851158825 11
    endloop
  endfacet
  facet normal 0.6156614701206563 0.7880107576733152 0
    outer loop
      vertex 6.319057741684093 8.385672851158825 3
      vertex 6.319057741684093 8.385672851158825 11
      vertex 6.607864102683038 8.16003259553871 11
    endloop
  endfacet
  facet normal 0.6427876127286073 0.76604444056638 0
    outer loop
      vertex 6.607864102683038 8.16003259553871 3
      vertex 6.607864102683038 8.16003259553871 11
      vertex 6.888619801275087 7.92445059049928 11
    endloop
  endfacet
  facet normal 0.694658370680117 0.7193398001251183 0
    outer loop
      vertex 7.160982781880955 7.679213864581879 3
      vertex 7.160982781880955 7.679213864581879 11
      vertex 7.424621201925392 7.424621201580479 11
    endloop
  endfacet
  facet normal 0.6691306013302678 0.7431448300051574 0
    outer loop
      vertex 6.888619801275087 7.92445059049928 3
      vertex 6.888619801275087 7.92445059049928 11
      vertex 7.160982781880955 7.679213864581879 11
    endloop
  endfacet
  facet normal 0.8090169933613856 0.5877852536875212 0
    outer loop
      vertex 8.38567285700659 6.319057743630622 3
      vertex 8.38567285700659 6.319057743630622 11
      vertex 8.601096465267545 6.0225525850527735 11
    endloop
  endfacet
  facet normal 0.8660254037844388 0.4999999999999996 0
    outer loop
      vertex 9.000256656458383 5.407899789714284 3
      vertex 9.000256656458383 5.407899789714284 11
      vertex 9.183506927242284 5.090501010215812 11
    endloop
  endfacet
  facet normal 0.8480480914372888 0.5299192717854031 0
    outer loop
      vertex 8.806040961243987 5.718709866688487 3
      vertex 8.806040961243987 5.718709866688487 11
      vertex 9.000256656458383 5.407899789714284 11
    endloop
  endfacet
  facet normal 0.8290375793107294 0.5591928934550278 0
    outer loop
      vertex 8.601096465267545 6.0225525850527735 3
      vertex 8.601096465267545 6.0225525850527735 11
      vertex 8.806040961243987 5.718709866688487 11
    endloop
  endfacet
  facet normal 0.7660444396440788 0.642787613827763 0
    outer loop
      vertex 7.9244505922533826 6.888619801471134 3
      vertex 7.9244505922533826 6.888619801471134 11
      vertex 8.16003259544981 6.607864105893601 11
    endloop
  endfacet
  facet normal 0.7880107511220501 0.6156614785058931 0
    outer loop
      vertex 8.16003259544981 6.607864105893601 3
      vertex 8.16003259544981 6.607864105893601 11
      vertex 8.38567285700659 6.319057743630622 11
    endloop
  endfacet
  facet normal 0.7343225094356869 0.6788007455329405 0
    outer loop
      vertex -2.899137802864845 -2.899137802864845 0
      vertex -3.1176644589601263 -2.6627369981537528 0
      vertex -3.1176644589601263 -2.6627369981537528 5
    endloop
  endfacet
  facet normal 0.6190939493098346 0.7853169308807445 0
    outer loop
      vertex -2.6627369981537528 -3.1176644589601263 0
      vertex -2.6627369981537528 -3.1176644589601263 5
      vertex -2.4099195343991395 -3.3169696769372843 0
    endloop
  endfacet
  facet normal 0.6788007455329405 0.7343225094356869 0
    outer loop
      vertex -2.899137802864845 -2.899137802864845 5
      vertex -2.6627369981537528 -3.1176644589601263 0
      vertex -2.899137802864845 -2.899137802864845 0
    endloop
  endfacet
  facet normal 0.9081431738250816 0.41865973753742747 0
    outer loop
      vertex -3.787906083296275 -1.5690020726968679 5
      vertex -3.653126749172308 -1.8613610489321415 0
      vertex -3.787906083296275 -1.5690020726968679 0
    endloop
  endfacet
  facet normal 0.9381913359224842 0.34611705707749296 0
    outer loop
      vertex -3.787906083296275 -1.5690020726968679 0
      vertex -3.899331716810129 -1.2669696769372842 0
      vertex -3.899331716810129 -1.2669696769372842 5
    endloop
  endfacet
  facet normal 0.9624552364536474 0.27144044986507426 0
    outer loop
      vertex -3.899331716810129 -1.2669696769372842 0
      vertex -3.9867166736304736 -0.957125991809212 0
      vertex -3.9867166736304736 -0.957125991809212 5
    endloop
  endfacet
  facet normal 0.98078528040323 0.19509032201613005 0
    outer loop
      vertex -3.9867166736304736 -0.957125991809212 0
      vertex -4.049522196440065 -0.6413813066649465 0
      vertex -4.049522196440065 -0.6413813066649465 5
    endloop
  endfacet
  facet normal 0.9930684569549263 0.1175373974578371 0
    outer loop
      vertex -4.049522196440065 -0.6413813066649465 0
      vertex -4.087361068305825 -0.32168229248416425 0
      vertex -4.087361068305825 -0.32168229248416425 5
    endloop
  endfacet
  facet normal 0.999229036240723 0.03925981575906791 0
    outer loop
      vertex -4.087361068305825 -0.32168229248416425 0
      vertex -4.1 0 0
      vertex -4.1 0 5
    endloop
  endfacet
  facet normal 0.8314696123025456 0.5555702330196016 0
    outer loop
      vertex -3.3169696769372843 -2.4099195343991395 0
      vertex -3.4958246738517778 -2.14224411533539 0
      vertex -3.4958246738517778 -2.14224411533539 5
    endloop
  endfacet
  facet normal 0.8724960070727968 0.48862124149695546 0
    outer loop
      vertex -3.4958246738517778 -2.14224411533539 0
      vertex -3.653126749172308 -1.8613610489321415 0
      vertex -3.653126749172308 -1.8613610489321415 5
    endloop
  endfacet
  facet normal 0.7853169308807445 0.6190939493098346 0
    outer loop
      vertex -3.1176644589601263 -2.6627369981537528 0
      vertex -3.3169696769372843 -2.4099195343991395 0
      vertex -3.3169696769372843 -2.4099195343991395 5
    endloop
  endfacet
  facet normal 0.34611705707749296 0.9381913359224842 0
    outer loop
      vertex -1.2669696769372842 -3.899331716810129 0
      vertex -1.5690020726968679 -3.787906083296275 0
      vertex -1.5690020726968679 -3.787906083296275 5
    endloop
  endfacet
  facet normal 0.27144044986507426 0.9624552364536474 0
    outer loop
      vertex -1.2669696769372842 -3.899331716810129 0
      vertex -1.2669696769372842 -3.899331716810129 5
      vertex -0.957125991809212 -3.9867166736304736 0
    endloop
  endfacet
  facet normal 0.48862124149695546 0.8724960070727968 0
    outer loop
      vertex -2.14224411533539 -3.4958246738517778 5
      vertex -1.8613610489321415 -3.653126749172308 0
      vertex -2.14224411533539 -3.4958246738517778 0
    endloop
  endfacet
  facet normal 0.5555702330196016 0.8314696123025456 0
    outer loop
      vertex -2.4099195343991395 -3.3169696769372843 0
      vertex -2.4099195343991395 -3.3169696769372843 5
      vertex -2.14224411533539 -3.4958246738517778 0
    endloop
  endfacet
  facet normal 0.41865973753742747 0.9081431738250816 0
    outer loop
      vertex -1.8613610489321415 -3.653126749172308 5
      vertex -1.5690020726968679 -3.787906083296275 0
      vertex -1.8613610489321415 -3.653126749172308 0
    endloop
  endfacet
  facet normal 0.19509032201613005 0.98078528040323 0
    outer loop
      vertex -0.957125991809212 -3.9867166736304736 5
      vertex -0.6413813066649465 -4.049522196440065 0
      vertex -0.957125991809212 -3.9867166736304736 0
    endloop
  endfacet
  facet normal 0.1175373974578371 0.9930684569549263 0
    outer loop
      vertex -0.6413813066649465 -4.049522196440065 5
      vertex -0.32168229248416425 -4.087361068305825 0
      vertex -0.6413813066649465 -4.049522196440065 0
    endloop
  endfacet
  facet normal 0.03925981575906791 0.999229036240723 0
    outer loop
      vertex -0.32168229248416425 -4.087361068305825 0
      vertex -0.32168229248416425 -4.087361068305825 5
      vertex 0 -4.1 0
    endloop
  endfacet
  facet normal -0.03925981575906791 0.999229036240723 0
    outer loop
      vertex 0 -4.1 5
      vertex 0.32168229248416425 -4.087361068305825 0
      vertex 0 -4.1 0
    endloop
  endfacet
  facet normal 0.7343225094356869 0.6788007455329405 0
    outer loop
      vertex -3.1176644589601263 -2.6627369981537528 5
      vertex -2.899137802864845 -2.899137802864845 5
      vertex -2.899137802864845 -2.899137802864845 0
    endloop
  endfacet
  facet normal 0.7853169308807445 0.6190939493098346 0
    outer loop
      vertex -3.3169696769372843 -2.4099195343991395 5
      vertex -3.1176644589601263 -2.6627369981537528 5
      vertex -3.1176644589601263 -2.6627369981537528 0
    endloop
  endfacet
  facet normal 0.6190939493098346 0.7853169308807445 0
    outer loop
      vertex -2.4099195343991395 -3.3169696769372843 0
      vertex -2.6627369981537528 -3.1176644589601263 5
      vertex -2.4099195343991395 -3.3169696769372843 5
    endloop
  endfacet
  facet normal 0.6788007455329405 0.7343225094356869 0
    outer loop
      vertex -2.6627369981537528 -3.1176644589601263 0
      vertex -2.899137802864845 -2.899137802864845 5
      vertex -2.6627369981537528 -3.1176644589601263 5
    endloop
  endfacet
  facet normal 0.9081431738250816 0.41865973753742747 0
    outer loop
      vertex -3.787906083296275 -1.5690020726968679 5
      vertex -3.653126749172308 -1.8613610489321415 5
      vertex -3.653126749172308 -1.8613610489321415 0
    endloop
  endfacet
  facet normal 0.9381913359224842 0.34611705707749296 0
    outer loop
      vertex -3.899331716810129 -1.2669696769372842 5
      vertex -3.787906083296275 -1.5690020726968679 5
      vertex -3.787906083296275 -1.5690020726968679 0
    endloop
  endfacet
  facet normal 0.9624552364536474 0.27144044986507426 0
    outer loop
      vertex -3.899331716810129 -1.2669696769372842 0
      vertex -3.9867166736304736 -0.957125991809212 5
      vertex -3.899331716810129 -1.2669696769372842 5
    endloop
  endfacet
  facet normal 0.98078528040323 0.19509032201613005 0
    outer loop
      vertex -3.9867166736304736 -0.957125991809212 0
      vertex -4.049522196440065 -0.6413813066649465 5
      vertex -3.9867166736304736 -0.957125991809212 5
    endloop
  endfacet
  facet normal 0.9930684569549263 0.1175373974578371 0
    outer loop
      vertex -4.087361068305825 -0.32168229248416425 5
      vertex -4.049522196440065 -0.6413813066649465 5
      vertex -4.049522196440065 -0.6413813066649465 0
    endloop
  endfacet
  facet normal 0.999229036240723 0.03925981575906791 0
    outer loop
      vertex -4.087361068305825 -0.32168229248416425 0
      vertex -4.1 0 5
      vertex -4.087361068305825 -0.32168229248416425 5
    endloop
  endfacet
  facet normal 0.8314696123025456 0.5555702330196016 0
    outer loop
      vertex -3.3169696769372843 -2.4099195343991395 0
      vertex -3.4958246738517778 -2.14224411533539 5
      vertex -3.3169696769372843 -2.4099195343991395 5
    endloop
  endfacet
  facet normal 0.8724960070727968 0.48862124149695546 0
    outer loop
      vertex -3.653126749172308 -1.8613610489321415 5
      vertex -3.4958246738517778 -2.14224411533539 5
      vertex -3.4958246738517778 -2.14224411533539 0
    endloop
  endfacet
  facet normal 0.34611705707749296 0.9381913359224842 0
    outer loop
      vertex -1.2669696769372842 -3.899331716810129 0
      vertex -1.5690020726968679 -3.787906083296275 5
      vertex -1.2669696769372842 -3.899331716810129 5
    endloop
  endfacet
  facet normal 0.27144044986507426 0.9624552364536474 0
    outer loop
      vertex -0.957125991809212 -3.9867166736304736 0
      vertex -1.2669696769372842 -3.899331716810129 5
      vertex -0.957125991809212 -3.9867166736304736 5
    endloop
  endfacet
  facet normal 0.5555702330196016 0.8314696123025456 0
    outer loop
      vertex -2.14224411533539 -3.4958246738517778 5
      vertex -2.14224411533539 -3.4958246738517778 0
      vertex -2.4099195343991395 -3.3169696769372843 5
    endloop
  endfacet
  facet normal 0.48862124149695546 0.8724960070727968 0
    outer loop
      vertex -1.8613610489321415 -3.653126749172308 0
      vertex -2.14224411533539 -3.4958246738517778 5
      vertex -1.8613610489321415 -3.653126749172308 5
    endloop
  endfacet
  facet normal 0.41865973753742747 0.9081431738250816 0
    outer loop
      vertex -1.5690020726968679 -3.787906083296275 0
      vertex -1.8613610489321415 -3.653126749172308 5
      vertex -1.5690020726968679 -3.787906083296275 5
    endloop
  endfacet
  facet normal 0.19509032201613005 0.98078528040323 0
    outer loop
      vertex -0.6413813066649465 -4.049522196440065 5
      vertex -0.6413813066649465 -4.049522196440065 0
      vertex -0.957125991809212 -3.9867166736304736 5
    endloop
  endfacet
  facet normal 0.1175373974578371 0.9930684569549263 0
    outer loop
      vertex -0.32168229248416425 -4.087361068305825 0
      vertex -0.6413813066649465 -4.049522196440065 5
      vertex -0.32168229248416425 -4.087361068305825 5
    endloop
  endfacet
  facet normal 0.03925981575906791 0.999229036240723 0
    outer loop
      vertex 0 -4.1 0
      vertex -0.32168229248416425 -4.087361068305825 5
      vertex 0 -4.1 5
    endloop
  endfacet
  facet normal -0.03925981575906791 0.999229036240723 0
    outer loop
      vertex 0.32168229248416425 -4.087361068305825 5
      vertex 0.32168229248416425 -4.087361068305825 0
      vertex 0 -4.1 5
    endloop
  endfacet
  facet normal 0.999229036240723 -0.03925981575906791 0
    outer loop
      vertex -4.1 0 0
      vertex -4.087361068305825 0.32168229248416425 0
      vertex -4.087361068305825 0.32168229248416425 5
    endloop
  endfacet
  facet normal 0.9930684569549263 -0.1175373974578371 0
    outer loop
      vertex -4.087361068305825 0.32168229248416425 0
      vertex -4.049522196440065 0.6413813066649465 0
      vertex -4.049522196440065 0.6413813066649465 5
    endloop
  endfacet
  facet normal 0.98078528040323 -0.19509032201613005 0
    outer loop
      vertex -4.049522196440065 0.6413813066649465 0
      vertex -3.9867166736304736 0.957125991809212 0
      vertex -3.9867166736304736 0.957125991809212 5
    endloop
  endfacet
  facet normal 0.9624552364536474 -0.27144044986507426 0
    outer loop
      vertex -3.9867166736304736 0.957125991809212 0
      vertex -3.899331716810129 1.2669696769372842 0
      vertex -3.899331716810129 1.2669696769372842 5
    endloop
  endfacet
  facet normal 0.9381913359224842 -0.34611705707749296 0
    outer loop
      vertex -3.899331716810129 1.2669696769372842 0
      vertex -3.787906083296275 1.5690020726968679 0
      vertex -3.787906083296275 1.5690020726968679 5
    endloop
  endfacet
  facet normal 0.9081431738250816 -0.41865973753742747 0
    outer loop
      vertex -3.787906083296275 1.5690020726968679 0
      vertex -3.653126749172308 1.8613610489321415 0
      vertex -3.653126749172308 1.8613610489321415 5
    endloop
  endfacet
  facet normal 0.8724960070727968 -0.48862124149695546 0
    outer loop
      vertex -3.4958246738517778 2.14224411533539 5
      vertex -3.653126749172308 1.8613610489321415 0
      vertex -3.4958246738517778 2.14224411533539 0
    endloop
  endfacet
  facet normal 0.8314696123025456 -0.5555702330196016 0
    outer loop
      vertex -3.4958246738517778 2.14224411533539 0
      vertex -3.3169696769372843 2.4099195343991395 0
      vertex -3.3169696769372843 2.4099195343991395 5
    endloop
  endfacet
  facet normal 0.7853169308807445 -0.6190939493098346 0
    outer loop
      vertex -3.3169696769372843 2.4099195343991395 0
      vertex -3.1176644589601263 2.6627369981537528 0
      vertex -3.1176644589601263 2.6627369981537528 5
    endloop
  endfacet
  facet normal 0.7343225094356869 -0.6788007455329405 0
    outer loop
      vertex -3.1176644589601263 2.6627369981537528 0
      vertex -2.899137802864845 2.899137802864845 0
      vertex -2.899137802864845 2.899137802864845 5
    endloop
  endfacet
  facet normal 0.6788007455329405 -0.7343225094356869 0
    outer loop
      vertex -2.6627369981537528 3.1176644589601263 5
      vertex -2.899137802864845 2.899137802864845 0
      vertex -2.6627369981537528 3.1176644589601263 0
    endloop
  endfacet
  facet normal 0.6190939493098346 -0.7853169308807445 0
    outer loop
      vertex -2.4099195343991395 3.3169696769372843 0
      vertex -2.4099195343991395 3.3169696769372843 5
      vertex -2.6627369981537528 3.1176644589601263 0
    endloop
  endfacet
  facet normal 0.5555702330196016 -0.8314696123025456 0
    outer loop
      vertex -2.14224411533539 3.4958246738517778 0
      vertex -2.14224411533539 3.4958246738517778 5
      vertex -2.4099195343991395 3.3169696769372843 0
    endloop
  endfacet
  facet normal 0.48862124149695546 -0.8724960070727968 0
    outer loop
      vertex -1.8613610489321415 3.653126749172308 0
      vertex -1.8613610489321415 3.653126749172308 5
      vertex -2.14224411533539 3.4958246738517778 0
    endloop
  endfacet
  facet normal 0.41865973753742747 -0.9081431738250816 0
    outer loop
      vertex -1.5690020726968679 3.787906083296275 0
      vertex -1.5690020726968679 3.787906083296275 5
      vertex -1.8613610489321415 3.653126749172308 0
    endloop
  endfacet
  facet normal 0.34611705707749296 -0.9381913359224842 0
    outer loop
      vertex -1.2669696769372842 3.899331716810129 0
      vertex -1.2669696769372842 3.899331716810129 5
      vertex -1.5690020726968679 3.787906083296275 0
    endloop
  endfacet
  facet normal 0.27144044986507426 -0.9624552364536474 0
    outer loop
      vertex -0.957125991809212 3.9867166736304736 0
      vertex -0.957125991809212 3.9867166736304736 5
      vertex -1.2669696769372842 3.899331716810129 0
    endloop
  endfacet
  facet normal 0.19509032201613005 -0.98078528040323 0
    outer loop
      vertex -0.6413813066649465 4.049522196440065 0
      vertex -0.6413813066649465 4.049522196440065 5
      vertex -0.957125991809212 3.9867166736304736 0
    endloop
  endfacet
  facet normal 0.1175373974578371 -0.9930684569549263 0
    outer loop
      vertex -0.32168229248416425 4.087361068305825 0
      vertex -0.32168229248416425 4.087361068305825 5
      vertex -0.6413813066649465 4.049522196440065 0
    endloop
  endfacet
  facet normal 0.03925981575906791 -0.999229036240723 0
    outer loop
      vertex 0 4.1 5
      vertex -0.32168229248416425 4.087361068305825 0
      vertex 0 4.1 0
    endloop
  endfacet
  facet normal -0.03925981575906791 -0.999229036240723 0
    outer loop
      vertex 0.32168229248416425 4.087361068305825 0
      vertex 0.32168229248416425 4.087361068305825 5
      vertex 0 4.1 0
    endloop
  endfacet
  facet normal 0.999229036240723 -0.03925981575906791 0
    outer loop
      vertex -4.1 0 0
      vertex -4.087361068305825 0.32168229248416425 5
      vertex -4.1 0 5
    endloop
  endfacet
  facet normal 0.9930684569549263 -0.1175373974578371 0
    outer loop
      vertex -4.087361068305825 0.32168229248416425 0
      vertex -4.049522196440065 0.6413813066649465 5
      vertex -4.087361068305825 0.32168229248416425 5
    endloop
  endfacet
  facet normal 0.98078528040323 -0.19509032201613005 0
    outer loop
      vertex -4.049522196440065 0.6413813066649465 0
      vertex -3.9867166736304736 0.957125991809212 5
      vertex -4.049522196440065 0.6413813066649465 5
    endloop
  endfacet
  facet normal 0.9624552364536474 -0.27144044986507426 0
    outer loop
      vertex -3.9867166736304736 0.957125991809212 0
      vertex -3.899331716810129 1.2669696769372842 5
      vertex -3.9867166736304736 0.957125991809212 5
    endloop
  endfacet
  facet normal 0.9381913359224842 -0.34611705707749296 0
    outer loop
      vertex -3.787906083296275 1.5690020726968679 5
      vertex -3.899331716810129 1.2669696769372842 5
      vertex -3.899331716810129 1.2669696769372842 0
    endloop
  endfacet
  facet normal 0.9081431738250816 -0.41865973753742747 0
    outer loop
      vertex -3.653126749172308 1.8613610489321415 5
      vertex -3.787906083296275 1.5690020726968679 5
      vertex -3.787906083296275 1.5690020726968679 0
    endloop
  endfacet
  facet normal 0.8724960070727968 -0.48862124149695546 0
    outer loop
      vertex -3.4958246738517778 2.14224411533539 5
      vertex -3.653126749172308 1.8613610489321415 5
      vertex -3.653126749172308 1.8613610489321415 0
    endloop
  endfacet
  facet normal 0.8314696123025456 -0.5555702330196016 0
    outer loop
      vertex -3.3169696769372843 2.4099195343991395 5
      vertex -3.4958246738517778 2.14224411533539 5
      vertex -3.4958246738517778 2.14224411533539 0
    endloop
  endfacet
  facet normal 0.7853169308807445 -0.6190939493098346 0
    outer loop
      vertex -3.1176644589601263 2.6627369981537528 5
      vertex -3.3169696769372843 2.4099195343991395 5
      vertex -3.3169696769372843 2.4099195343991395 0
    endloop
  endfacet
  facet normal 0.7343225094356869 -0.6788007455329405 0
    outer loop
      vertex -2.899137802864845 2.899137802864845 5
      vertex -3.1176644589601263 2.6627369981537528 5
      vertex -3.1176644589601263 2.6627369981537528 0
    endloop
  endfacet
  facet normal 0.6788007455329405 -0.7343225094356869 0
    outer loop
      vertex -2.899137802864845 2.899137802864845 0
      vertex -2.6627369981537528 3.1176644589601263 5
      vertex -2.899137802864845 2.899137802864845 5
    endloop
  endfacet
  facet normal 0.6190939493098346 -0.7853169308807445 0
    outer loop
      vertex -2.6627369981537528 3.1176644589601263 5
      vertex -2.6627369981537528 3.1176644589601263 0
      vertex -2.4099195343991395 3.3169696769372843 5
    endloop
  endfacet
  facet normal 0.5555702330196016 -0.8314696123025456 0
    outer loop
      vertex -2.4099195343991395 3.3169696769372843 0
      vertex -2.14224411533539 3.4958246738517778 5
      vertex -2.4099195343991395 3.3169696769372843 5
    endloop
  endfacet
  facet normal 0.48862124149695546 -0.8724960070727968 0
    outer loop
      vertex -2.14224411533539 3.4958246738517778 0
      vertex -1.8613610489321415 3.653126749172308 5
      vertex -2.14224411533539 3.4958246738517778 5
    endloop
  endfacet
  facet normal 0.41865973753742747 -0.9081431738250816 0
    outer loop
      vertex -1.5690020726968679 3.787906083296275 5
      vertex -1.8613610489321415 3.653126749172308 5
      vertex -1.8613610489321415 3.653126749172308 0
    endloop
  endfacet
  facet normal 0.34611705707749296 -0.9381913359224842 0
    outer loop
      vertex -1.5690020726968679 3.787906083296275 0
      vertex -1.2669696769372842 3.899331716810129 5
      vertex -1.5690020726968679 3.787906083296275 5
    endloop
  endfacet
  facet normal 0.27144044986507426 -0.9624552364536474 0
    outer loop
      vertex -1.2669696769372842 3.899331716810129 0
      vertex -0.957125991809212 3.9867166736304736 5
      vertex -1.2669696769372842 3.899331716810129 5
    endloop
  endfacet
  facet normal 0.19509032201613005 -0.98078528040323 0
    outer loop
      vertex -0.6413813066649465 4.049522196440065 5
      vertex -0.957125991809212 3.9867166736304736 5
      vertex -0.957125991809212 3.9867166736304736 0
    endloop
  endfacet
  facet normal 0.1175373974578371 -0.9930684569549263 0
    outer loop
      vertex -0.6413813066649465 4.049522196440065 0
      vertex -0.32168229248416425 4.087361068305825 5
      vertex -0.6413813066649465 4.049522196440065 5
    endloop
  endfacet
  facet normal 0.03925981575906791 -0.999229036240723 0
    outer loop
      vertex 0 4.1 5
      vertex -0.32168229248416425 4.087361068305825 5
      vertex -0.32168229248416425 4.087361068305825 0
    endloop
  endfacet
  facet normal -0.03925981575906791 -0.999229036240723 0
    outer loop
      vertex 0 4.1 5
      vertex 0 4.1 0
      vertex 0.32168229248416425 4.087361068305825 5
    endloop
  endfacet
  facet normal -0.1175373974578371 0.9930684569549263 0
    outer loop
      vertex 0.32168229248416425 -4.087361068305825 5
      vertex 0.6413813066649465 -4.049522196440065 0
      vertex 0.32168229248416425 -4.087361068305825 0
    endloop
  endfacet
  facet normal -0.19509032201613005 0.98078528040323 0
    outer loop
      vertex 0.6413813066649465 -4.049522196440065 0
      vertex 0.6413813066649465 -4.049522196440065 5
      vertex 0.957125991809212 -3.9867166736304736 0
    endloop
  endfacet
  facet normal -0.27144044986507426 0.9624552364536474 0
    outer loop
      vertex 0.957125991809212 -3.9867166736304736 5
      vertex 1.2669696769372842 -3.899331716810129 0
      vertex 0.957125991809212 -3.9867166736304736 0
    endloop
  endfacet
  facet normal -0.34611705707749296 0.9381913359224842 0
    outer loop
      vertex 1.2669696769372842 -3.899331716810129 0
      vertex 1.2669696769372842 -3.899331716810129 5
      vertex 1.5690020726968679 -3.787906083296275 0
    endloop
  endfacet
  facet normal -0.41865973753742747 0.9081431738250816 0
    outer loop
      vertex 1.5690020726968679 -3.787906083296275 5
      vertex 1.8613610489321415 -3.653126749172308 0
      vertex 1.5690020726968679 -3.787906083296275 0
    endloop
  endfacet
  facet normal -0.48862124149695546 0.8724960070727968 0
    outer loop
      vertex 1.8613610489321415 -3.653126749172308 0
      vertex 1.8613610489321415 -3.653126749172308 5
      vertex 2.14224411533539 -3.4958246738517778 0
    endloop
  endfacet
  facet normal -0.5555702330196016 0.8314696123025456 0
    outer loop
      vertex 2.14224411533539 -3.4958246738517778 0
      vertex 2.14224411533539 -3.4958246738517778 5
      vertex 2.4099195343991395 -3.3169696769372843 0
    endloop
  endfacet
  facet normal -0.6190939493098346 0.7853169308807445 0
    outer loop
      vertex 2.4099195343991395 -3.3169696769372843 5
      vertex 2.6627369981537528 -3.1176644589601263 0
      vertex 2.4099195343991395 -3.3169696769372843 0
    endloop
  endfacet
  facet normal -0.6788007455329405 0.7343225094356869 0
    outer loop
      vertex 2.6627369981537528 -3.1176644589601263 0
      vertex 2.6627369981537528 -3.1176644589601263 5
      vertex 2.899137802864845 -2.899137802864845 0
    endloop
  endfacet
  facet normal -0.7343225094356869 0.6788007455329405 0
    outer loop
      vertex 3.1176644589601263 -2.6627369981537528 0
      vertex 2.899137802864845 -2.899137802864845 0
      vertex 2.899137802864845 -2.899137802864845 5
    endloop
  endfacet
  facet normal -0.7853169308807445 0.6190939493098346 0
    outer loop
      vertex 3.1176644589601263 -2.6627369981537528 5
      vertex 3.3169696769372843 -2.4099195343991395 0
      vertex 3.1176644589601263 -2.6627369981537528 0
    endloop
  endfacet
  facet normal -0.8314696123025456 0.5555702330196016 0
    outer loop
      vertex 3.4958246738517778 -2.14224411533539 0
      vertex 3.3169696769372843 -2.4099195343991395 0
      vertex 3.3169696769372843 -2.4099195343991395 5
    endloop
  endfacet
  facet normal -0.8724960070727968 0.48862124149695546 0
    outer loop
      vertex 3.653126749172308 -1.8613610489321415 0
      vertex 3.4958246738517778 -2.14224411533539 0
      vertex 3.4958246738517778 -2.14224411533539 5
    endloop
  endfacet
  facet normal -0.9081431738250816 0.41865973753742747 0
    outer loop
      vertex 3.787906083296275 -1.5690020726968679 0
      vertex 3.653126749172308 -1.8613610489321415 0
      vertex 3.653126749172308 -1.8613610489321415 5
    endloop
  endfacet
  facet normal -0.9381913359224842 0.34611705707749296 0
    outer loop
      vertex 3.899331716810129 -1.2669696769372842 0
      vertex 3.787906083296275 -1.5690020726968679 0
      vertex 3.787906083296275 -1.5690020726968679 5
    endloop
  endfacet
  facet normal -0.9624552364536474 0.27144044986507426 0
    outer loop
      vertex 3.899331716810129 -1.2669696769372842 5
      vertex 3.9867166736304736 -0.957125991809212 0
      vertex 3.899331716810129 -1.2669696769372842 0
    endloop
  endfacet
  facet normal -0.98078528040323 0.19509032201613005 0
    outer loop
      vertex 3.9867166736304736 -0.957125991809212 5
      vertex 4.049522196440065 -0.6413813066649465 0
      vertex 3.9867166736304736 -0.957125991809212 0
    endloop
  endfacet
  facet normal -0.9930684569549263 0.1175373974578371 0
    outer loop
      vertex 4.087361068305825 -0.32168229248416425 0
      vertex 4.049522196440065 -0.6413813066649465 0
      vertex 4.049522196440065 -0.6413813066649465 5
    endloop
  endfacet
  facet normal -0.999229036240723 0.03925981575906791 0
    outer loop
      vertex 4.087361068305825 -0.32168229248416425 0
      vertex 4.087361068305825 -0.32168229248416425 5
      vertex 4.1 0 0
    endloop
  endfacet
  facet normal -0.1175373974578371 0.9930684569549263 0
    outer loop
      vertex 0.6413813066649465 -4.049522196440065 0
      vertex 0.32168229248416425 -4.087361068305825 5
      vertex 0.6413813066649465 -4.049522196440065 5
    endloop
  endfacet
  facet normal -0.19509032201613005 0.98078528040323 0
    outer loop
      vertex 0.6413813066649465 -4.049522196440065 5
      vertex 0.957125991809212 -3.9867166736304736 5
      vertex 0.957125991809212 -3.9867166736304736 0
    endloop
  endfacet
  facet normal -0.27144044986507426 0.9624552364536474 0
    outer loop
      vertex 1.2669696769372842 -3.899331716810129 0
      vertex 0.957125991809212 -3.9867166736304736 5
      vertex 1.2669696769372842 -3.899331716810129 5
    endloop
  endfacet
  facet normal -0.34611705707749296 0.9381913359224842 0
    outer loop
      vertex 1.5690020726968679 -3.787906083296275 0
      vertex 1.2669696769372842 -3.899331716810129 5
      vertex 1.5690020726968679 -3.787906083296275 5
    endloop
  endfacet
  facet normal -0.41865973753742747 0.9081431738250816 0
    outer loop
      vertex 1.5690020726968679 -3.787906083296275 5
      vertex 1.8613610489321415 -3.653126749172308 5
      vertex 1.8613610489321415 -3.653126749172308 0
    endloop
  endfacet
  facet normal -0.48862124149695546 0.8724960070727968 0
    outer loop
      vertex 2.14224411533539 -3.4958246738517778 0
      vertex 1.8613610489321415 -3.653126749172308 5
      vertex 2.14224411533539 -3.4958246738517778 5
    endloop
  endfacet
  facet normal -0.5555702330196016 0.8314696123025456 0
    outer loop
      vertex 2.4099195343991395 -3.3169696769372843 5
      vertex 2.4099195343991395 -3.3169696769372843 0
      vertex 2.14224411533539 -3.4958246738517778 5
    endloop
  endfacet
  facet normal -0.6190939493098346 0.7853169308807445 0
    outer loop
      vertex 2.6627369981537528 -3.1176644589601263 0
      vertex 2.4099195343991395 -3.3169696769372843 5
      vertex 2.6627369981537528 -3.1176644589601263 5
    endloop
  endfacet
  facet normal -0.6788007455329405 0.7343225094356869 0
    outer loop
      vertex 2.899137802864845 -2.899137802864845 0
      vertex 2.6627369981537528 -3.1176644589601263 5
      vertex 2.899137802864845 -2.899137802864845 5
    endloop
  endfacet
  facet normal -0.7343225094356869 0.6788007455329405 0
    outer loop
      vertex 2.899137802864845 -2.899137802864845 5
      vertex 3.1176644589601263 -2.6627369981537528 5
      vertex 3.1176644589601263 -2.6627369981537528 0
    endloop
  endfacet
  facet normal -0.7853169308807445 0.6190939493098346 0
    outer loop
      vertex 3.1176644589601263 -2.6627369981537528 5
      vertex 3.3169696769372843 -2.4099195343991395 5
      vertex 3.3169696769372843 -2.4099195343991395 0
    endloop
  endfacet
  facet normal -0.8314696123025456 0.5555702330196016 0
    outer loop
      vertex 3.3169696769372843 -2.4099195343991395 5
      vertex 3.4958246738517778 -2.14224411533539 5
      vertex 3.4958246738517778 -2.14224411533539 0
    endloop
  endfacet
  facet normal -0.8724960070727968 0.48862124149695546 0
    outer loop
      vertex 3.4958246738517778 -2.14224411533539 5
      vertex 3.653126749172308 -1.8613610489321415 5
      vertex 3.653126749172308 -1.8613610489321415 0
    endloop
  endfacet
  facet normal -0.9081431738250816 0.41865973753742747 0
    outer loop
      vertex 3.653126749172308 -1.8613610489321415 5
      vertex 3.787906083296275 -1.5690020726968679 5
      vertex 3.787906083296275 -1.5690020726968679 0
    endloop
  endfacet
  facet normal -0.9381913359224842 0.34611705707749296 0
    outer loop
      vertex 3.787906083296275 -1.5690020726968679 5
      vertex 3.899331716810129 -1.2669696769372842 5
      vertex 3.899331716810129 -1.2669696769372842 0
    endloop
  endfacet
  facet normal -0.9624552364536474 0.27144044986507426 0
    outer loop
      vertex 3.899331716810129 -1.2669696769372842 5
      vertex 3.9867166736304736 -0.957125991809212 5
      vertex 3.9867166736304736 -0.957125991809212 0
    endloop
  endfacet
  facet normal -0.98078528040323 0.19509032201613005 0
    outer loop
      vertex 3.9867166736304736 -0.957125991809212 5
      vertex 4.049522196440065 -0.6413813066649465 5
      vertex 4.049522196440065 -0.6413813066649465 0
    endloop
  endfacet
  facet normal -0.9930684569549263 0.1175373974578371 0
    outer loop
      vertex 4.049522196440065 -0.6413813066649465 5
      vertex 4.087361068305825 -0.32168229248416425 5
      vertex 4.087361068305825 -0.32168229248416425 0
    endloop
  endfacet
  facet normal -0.999229036240723 0.03925981575906791 0
    outer loop
      vertex 4.087361068305825 -0.32168229248416425 5
      vertex 4.1 0 5
      vertex 4.1 0 0
    endloop
  endfacet
  facet normal -0.1175373974578371 -0.9930684569549263 0
    outer loop
      vertex 0.6413813066649465 4.049522196440065 0
      vertex 0.6413813066649465 4.049522196440065 5
      vertex 0.32168229248416425 4.087361068305825 0
    endloop
  endfacet
  facet normal -0.19509032201613005 -0.98078528040323 0
    outer loop
      vertex 0.957125991809212 3.9867166736304736 5
      vertex 0.6413813066649465 4.049522196440065 0
      vertex 0.957125991809212 3.9867166736304736 0
    endloop
  endfacet
  facet normal -0.27144044986507426 -0.9624552364536474 0
    outer loop
      vertex 1.2669696769372842 3.899331716810129 0
      vertex 1.2669696769372842 3.899331716810129 5
      vertex 0.957125991809212 3.9867166736304736 0
    endloop
  endfacet
  facet normal -0.34611705707749296 -0.9381913359224842 0
    outer loop
      vertex 1.2669696769372842 3.899331716810129 0
      vertex 1.5690020726968679 3.787906083296275 0
      vertex 1.5690020726968679 3.787906083296275 5
    endloop
  endfacet
  facet normal -0.41865973753742747 -0.9081431738250816 0
    outer loop
      vertex 1.8613610489321415 3.653126749172308 5
      vertex 1.5690020726968679 3.787906083296275 0
      vertex 1.8613610489321415 3.653126749172308 0
    endloop
  endfacet
  facet normal -0.48862124149695546 -0.8724960070727968 0
    outer loop
      vertex 2.14224411533539 3.4958246738517778 0
      vertex 2.14224411533539 3.4958246738517778 5
      vertex 1.8613610489321415 3.653126749172308 0
    endloop
  endfacet
  facet normal -0.5555702330196016 -0.8314696123025456 0
    outer loop
      vertex 2.4099195343991395 3.3169696769372843 0
      vertex 2.4099195343991395 3.3169696769372843 5
      vertex 2.14224411533539 3.4958246738517778 0
    endloop
  endfacet
  facet normal -0.6190939493098346 -0.7853169308807445 0
    outer loop
      vertex 2.6627369981537528 3.1176644589601263 0
      vertex 2.6627369981537528 3.1176644589601263 5
      vertex 2.4099195343991395 3.3169696769372843 0
    endloop
  endfacet
  facet normal -0.98078528040323 -0.19509032201613005 0
    outer loop
      vertex 4.049522196440065 0.6413813066649465 5
      vertex 3.9867166736304736 0.957125991809212 0
      vertex 4.049522196440065 0.6413813066649465 0
    endloop
  endfacet
  facet normal -0.9624552364536474 -0.27144044986507426 0
    outer loop
      vertex 3.899331716810129 1.2669696769372842 0
      vertex 3.9867166736304736 0.957125991809212 0
      vertex 3.9867166736304736 0.957125991809212 5
    endloop
  endfacet
  facet normal -0.7853169308807445 -0.6190939493098346 0
    outer loop
      vertex 3.1176644589601263 2.6627369981537528 0
      vertex 3.3169696769372843 2.4099195343991395 0
      vertex 3.3169696769372843 2.4099195343991395 5
    endloop
  endfacet
  facet normal -0.9081431738250816 -0.41865973753742747 0
    outer loop
      vertex 3.653126749172308 1.8613610489321415 0
      vertex 3.787906083296275 1.5690020726968679 0
      vertex 3.787906083296275 1.5690020726968679 5
    endloop
  endfacet
  facet normal -0.9381913359224842 -0.34611705707749296 0
    outer loop
      vertex 3.787906083296275 1.5690020726968679 0
      vertex 3.899331716810129 1.2669696769372842 0
      vertex 3.899331716810129 1.2669696769372842 5
    endloop
  endfacet
  facet normal -0.8724960070727968 -0.48862124149695546 0
    outer loop
      vertex 3.4958246738517778 2.14224411533539 0
      vertex 3.653126749172308 1.8613610489321415 0
      vertex 3.653126749172308 1.8613610489321415 5
    endloop
  endfacet
  facet normal -0.8314696123025456 -0.5555702330196016 0
    outer loop
      vertex 3.3169696769372843 2.4099195343991395 0
      vertex 3.4958246738517778 2.14224411533539 0
      vertex 3.4958246738517778 2.14224411533539 5
    endloop
  endfacet
  facet normal -0.999229036240723 -0.03925981575906791 0
    outer loop
      vertex 4.1 0 0
      vertex 4.1 0 5
      vertex 4.087361068305825 0.32168229248416425 0
    endloop
  endfacet
  facet normal -0.9930684569549263 -0.1175373974578371 0
    outer loop
      vertex 4.087361068305825 0.32168229248416425 5
      vertex 4.049522196440065 0.6413813066649465 0
      vertex 4.087361068305825 0.32168229248416425 0
    endloop
  endfacet
  facet normal -0.7343225094356869 -0.6788007455329405 0
    outer loop
      vertex 3.1176644589601263 2.6627369981537528 5
      vertex 2.899137802864845 2.899137802864845 0
      vertex 3.1176644589601263 2.6627369981537528 0
    endloop
  endfacet
  facet normal -0.6788007455329405 -0.7343225094356869 0
    outer loop
      vertex 2.6627369981537528 3.1176644589601263 0
      vertex 2.899137802864845 2.899137802864845 0
      vertex 2.899137802864845 2.899137802864845 5
    endloop
  endfacet
  facet normal -0.1175373974578371 -0.9930684569549263 0
    outer loop
      vertex 0.32168229248416425 4.087361068305825 0
      vertex 0.6413813066649465 4.049522196440065 5
      vertex 0.32168229248416425 4.087361068305825 5
    endloop
  endfacet
  facet normal -0.19509032201613005 -0.98078528040323 0
    outer loop
      vertex 0.6413813066649465 4.049522196440065 0
      vertex 0.957125991809212 3.9867166736304736 5
      vertex 0.6413813066649465 4.049522196440065 5
    endloop
  endfacet
  facet normal -0.27144044986507426 -0.9624552364536474 0
    outer loop
      vertex 0.957125991809212 3.9867166736304736 5
      vertex 0.957125991809212 3.9867166736304736 0
      vertex 1.2669696769372842 3.899331716810129 5
    endloop
  endfacet
  facet normal -0.34611705707749296 -0.9381913359224842 0
    outer loop
      vertex 1.2669696769372842 3.899331716810129 0
      vertex 1.5690020726968679 3.787906083296275 5
      vertex 1.2669696769372842 3.899331716810129 5
    endloop
  endfacet
  facet normal -0.41865973753742747 -0.9081431738250816 0
    outer loop
      vertex 1.5690020726968679 3.787906083296275 0
      vertex 1.8613610489321415 3.653126749172308 5
      vertex 1.5690020726968679 3.787906083296275 5
    endloop
  endfacet
  facet normal -0.48862124149695546 -0.8724960070727968 0
    outer loop
      vertex 1.8613610489321415 3.653126749172308 5
      vertex 1.8613610489321415 3.653126749172308 0
      vertex 2.14224411533539 3.4958246738517778 5
    endloop
  endfacet
  facet normal -0.6788007455329405 -0.7343225094356869 0
    outer loop
      vertex 2.6627369981537528 3.1176644589601263 0
      vertex 2.899137802864845 2.899137802864845 5
      vertex 2.6627369981537528 3.1176644589601263 5
    endloop
  endfacet
  facet normal -0.5555702330196016 -0.8314696123025456 0
    outer loop
      vertex 2.14224411533539 3.4958246738517778 0
      vertex 2.4099195343991395 3.3169696769372843 5
      vertex 2.14224411533539 3.4958246738517778 5
    endloop
  endfacet
  facet normal -0.6190939493098346 -0.7853169308807445 0
    outer loop
      vertex 2.4099195343991395 3.3169696769372843 0
      vertex 2.6627369981537528 3.1176644589601263 5
      vertex 2.4099195343991395 3.3169696769372843 5
    endloop
  endfacet
  facet normal -0.9930684569549263 -0.1175373974578371 0
    outer loop
      vertex 4.087361068305825 0.32168229248416425 5
      vertex 4.049522196440065 0.6413813066649465 5
      vertex 4.049522196440065 0.6413813066649465 0
    endloop
  endfacet
  facet normal -0.98078528040323 -0.19509032201613005 0
    outer loop
      vertex 4.049522196440065 0.6413813066649465 5
      vertex 3.9867166736304736 0.957125991809212 5
      vertex 3.9867166736304736 0.957125991809212 0
    endloop
  endfacet
  facet normal -0.9624552364536474 -0.27144044986507426 0
    outer loop
      vertex 3.9867166736304736 0.957125991809212 5
      vertex 3.899331716810129 1.2669696769372842 5
      vertex 3.899331716810129 1.2669696769372842 0
    endloop
  endfacet
  facet normal -0.8314696123025456 -0.5555702330196016 0
    outer loop
      vertex 3.4958246738517778 2.14224411533539 5
      vertex 3.3169696769372843 2.4099195343991395 5
      vertex 3.3169696769372843 2.4099195343991395 0
    endloop
  endfacet
  facet normal -0.9081431738250816 -0.41865973753742747 0
    outer loop
      vertex 3.787906083296275 1.5690020726968679 5
      vertex 3.653126749172308 1.8613610489321415 5
      vertex 3.653126749172308 1.8613610489321415 0
    endloop
  endfacet
  facet normal -0.9381913359224842 -0.34611705707749296 0
    outer loop
      vertex 3.899331716810129 1.2669696769372842 5
      vertex 3.787906083296275 1.5690020726968679 5
      vertex 3.787906083296275 1.5690020726968679 0
    endloop
  endfacet
  facet normal -0.8724960070727968 -0.48862124149695546 0
    outer loop
      vertex 3.653126749172308 1.8613610489321415 5
      vertex 3.4958246738517778 2.14224411533539 5
      vertex 3.4958246738517778 2.14224411533539 0
    endloop
  endfacet
  facet normal -0.999229036240723 -0.03925981575906791 0
    outer loop
      vertex 4.1 0 5
      vertex 4.087361068305825 0.32168229248416425 5
      vertex 4.087361068305825 0.32168229248416425 0
    endloop
  endfacet
  facet normal -0.7343225094356869 -0.6788007455329405 0
    outer loop
      vertex 3.1176644589601263 2.6627369981537528 5
      vertex 2.899137802864845 2.899137802864845 5
      vertex 2.899137802864845 2.899137802864845 0
    endloop
  endfacet
  facet normal -0.7853169308807445 -0.6190939493098346 0
    outer loop
      vertex 3.3169696769372843 2.4099195343991395 5
      vertex 3.1176644589601263 2.6627369981537528 5
      vertex 3.1176644589601263 2.6627369981537528 0
    endloop
  endfacet
endsolid OpenSCAD_Model
