solid OpenSCAD_Model
  facet normal -1 0 0
    outer loop
      vertex -35 -2.5678990024149595 0.3039308756255572
      vertex -35 10.290889468812 7.138023155058428
      vertex -35 -1.7207791154425396 0.13542825345348497
    endloop
  endfacet
  facet normal -1 0 0
    outer loop
      vertex -35 -2.5678990024149595 0.3039308756255572
      vertex -35 -3.3991869381244215 0.5383783207533117
      vertex -35 10.290889468812 7.138023155058428
    endloop
  endfacet
  facet normal -1 0 0
    outer loop
      vertex -35 -0.8630500530062943 0.03390932893559295
      vertex -35 10.290889468812 7.138023155058428
      vertex -35 0 0
    endloop
  endfacet
  facet normal -1 0 0
    outer loop
      vertex -35 0 0
      vertex -35 10.290889468812 7.138023155058428
      vertex -35 0.8630500530062943 0.03390932893559295
    endloop
  endfacet
  facet normal -1 0 0
    outer loop
      vertex -35 -1.7207791154425396 0.13542825345348497
      vertex -35 10.290889468812 7.138023155058428
      vertex -35 -0.8630500530062943 0.03390932893559295
    endloop
  endfacet
  facet normal -1 0 0
    outer loop
      vertex -35 0.8630500530062943 0.03390932893559295
      vertex -35 10.290889468812 7.138023155058428
      vertex -35 1.7207791154425396 0.13542825345348497
    endloop
  endfacet
  facet normal -1 0 0
    outer loop
      vertex -35 1.7207791154425396 0.13542825345348497
      vertex -35 10.290889468812 7.138023155058428
      vertex -35 2.5678990024149595 0.3039308756255572
    endloop
  endfacet
  facet normal -1 0 0
    outer loop
      vertex -35 2.5678990024149595 0.3039308756255572
      vertex -35 10.290889468812 7.138023155058428
      vertex -35 3.3991869381244215 0.5383783207533117
    endloop
  endfacet
  facet normal -1 0 0
    outer loop
      vertex -35 -4.993895497135014 1.198928233927953
      vertex -35 -5.747484211875436 1.620958192104986
      vertex -35 10.290889468812 7.138023155058428
    endloop
  endfacet
  facet normal -1 0 0
    outer loop
      vertex -35 -3.3991869381244215 0.5383783207533117
      vertex -35 -4.2095177560159875 0.8373251423758461
      vertex -35 10.290889468812 7.138023155058428
    endloop
  endfacet
  facet normal -1 0 0
    outer loop
      vertex -35 -4.993895497135014 1.198928233927953
      vertex -35 10.290889468812 7.138023155058428
      vertex -35 -4.2095177560159875 0.8373251423758461
    endloop
  endfacet
  facet normal -1 0 0
    outer loop
      vertex -35 -5.747484211875436 1.620958192104986
      vertex -35 -6.465637775217204 2.100813061875577
      vertex -35 10.290889468812 7.138023155058428
    endloop
  endfacet
  facet normal -1 0 0
    outer loop
      vertex -35 -7.14392853163202 2.63553437839966
      vertex -35 10.290889468812 7.138023155058428
      vertex -35 -6.465637775217204 2.100813061875577
    endloop
  endfacet
  facet normal -1 0 0
    outer loop
      vertex -35 3.3991869381244215 0.5383783207533117
      vertex -35 10.290889468812 7.138023155058428
      vertex -35 4.2095177560159875 0.8373251423758461
    endloop
  endfacet
  facet normal -1 0 0
    outer loop
      vertex -35 4.2095177560159875 0.8373251423758461
      vertex -35 10.290889468812 7.138023155058428
      vertex -35 4.993895497135014 1.198928233927953
    endloop
  endfacet
  facet normal -1 0 0
    outer loop
      vertex -35 -7.14392853163202 2.63553437839966
      vertex -35 -7.778174593052023 3.2218254069479766
      vertex -35 10.290889468812 7.138023155058428
    endloop
  endfacet
  facet normal -1 0 0
    outer loop
      vertex -35 -7.778174593052023 3.2218254069479766
      vertex -35 -8.36446562160034 3.85607146836798
      vertex -35 10.290889468812 7.138023155058428
    endloop
  endfacet
  facet normal -7.345159706184933e-18 -0.8314696123025465 -0.5555702330196003
    outer loop
      vertex -35 -8.899186938124423 4.534362224782796
      vertex 0 -9.139114373009718 4.893439006453679
      vertex -35 -9.379041807895014 5.252515788124564
    endloop
  endfacet
  facet normal -1 0 0
    outer loop
      vertex -35 4.993895497135014 1.198928233927953
      vertex -35 10.290889468812 7.138023155058428
      vertex -35 5.747484211875436 1.620958192104986
    endloop
  endfacet
  facet normal -1 0 0
    outer loop
      vertex -35 5.747484211875436 1.620958192104986
      vertex -35 10.290889468812 7.138023155058428
      vertex -35 6.465637775217204 2.100813061875577
    endloop
  endfacet
  facet normal -1 0 0
    outer loop
      vertex -35 6.465637775217204 2.100813061875577
      vertex -35 10.290889468812 7.138023155058428
      vertex -35 7.14392853163202 2.63553437839966
    endloop
  endfacet
  facet normal -1 0 0
    outer loop
      vertex -35 7.14392853163202 2.63553437839966
      vertex -35 10.290889468812 7.138023155058428
      vertex -35 7.778174593052023 3.2218254069479766
    endloop
  endfacet
  facet normal -1 0 0
    outer loop
      vertex -35 7.778174593052023 3.2218254069479766
      vertex -35 10.290889468812 7.138023155058428
      vertex -35 8.36446562160034 3.85607146836798
    endloop
  endfacet
  facet normal -1 0 0
    outer loop
      vertex -35 8.36446562160034 3.85607146836798
      vertex -35 10.290889468812 7.138023155058428
      vertex -35 8.899186938124423 4.534362224782796
    endloop
  endfacet
  facet normal 0 -0.1175373974578368 -0.9930684569549264
    outer loop
      vertex -35 -1.7207791154425396 0.13542825345348497
      vertex -35 -0.8630500530062943 0.03390932893559295
      vertex 35 -0.8630500530062943 0.03390932893559295
    endloop
  endfacet
  facet normal 0 -0.19509032201612814 -0.9807852804032305
    outer loop
      vertex -35 -2.5678990024149595 0.3039308756255572
      vertex -35 -1.7207791154425396 0.13542825345348497
      vertex 35 -1.7207791154425396 0.13542825345348497
    endloop
  endfacet
  facet normal 0 -0.7343225094356864 -0.6788007455329407
    outer loop
      vertex -35 -7.778174593052023 3.2218254069479766
      vertex 35 -8.36446562160034 3.85607146836798
      vertex -35 -8.36446562160034 3.85607146836798
    endloop
  endfacet
  facet normal -1 0 0
    outer loop
      vertex -35 -8.36446562160034 3.85607146836798
      vertex -35 -1.4022825881838799 7.147260256111622
      vertex -35 -1.0611580833792686 7.039704114198685
    endloop
  endfacet
  facet normal -1 0 0
    outer loop
      vertex -35 -8.36446562160034 3.85607146836798
      vertex -35 -1.0611580833792686 7.039704114198685
      vertex -35 -0.7119575291872025 6.962288215756416
    endloop
  endfacet
  facet normal -1 0 0
    outer loop
      vertex -35 -8.36446562160034 3.85607146836798
      vertex -35 -1.7327348738908768 7.284138076007366
      vertex -35 -1.4022825881838799 7.147260256111622
    endloop
  endfacet
  facet normal -1 0 0
    outer loop
      vertex -35 -8.36446562160034 3.85607146836798
      vertex -35 -0.7119575291872025 6.962288215756416
      vertex -35 -0.357338547706604 6.91560173779726
    endloop
  endfacet
  facet normal -1 0 0
    outer loop
      vertex -35 -8.36446562160034 3.85607146836798
      vertex -35 -0.357338547706604 6.91560173779726
      vertex -35 0 6.899999998509884
    endloop
  endfacet
  facet normal -1 0 0
    outer loop
      vertex -35 -8.36446562160034 3.85607146836798
      vertex -35 0 6.899999998509884
      vertex -35 0.357338547706604 6.91560173779726
    endloop
  endfacet
  facet normal -1 0 0
    outer loop
      vertex -35 -8.36446562160034 3.85607146836798
      vertex -35 0.357338547706604 6.91560173779726
      vertex -35 0.7119575291872025 6.962288215756416
    endloop
  endfacet
  facet normal -1 0 0
    outer loop
      vertex -35 -8.36446562160034 3.85607146836798
      vertex -35 0.7119575291872025 6.962288215756416
      vertex -35 1.0611580833792686 7.039704114198685
    endloop
  endfacet
  facet normal -1 0 0
    outer loop
      vertex -35 -8.36446562160034 3.85607146836798
      vertex -35 -2.635429196059704 7.859217785298824
      vertex -35 -2.351663388311863 7.64147661626339
    endloop
  endfacet
  facet normal -1 0 0
    outer loop
      vertex -35 -8.36446562160034 3.85607146836798
      vertex -35 -2.8991378024220467 8.100862197577953
      vertex -35 -2.635429196059704 7.859217785298824
    endloop
  endfacet
  facet normal -1 0 0
    outer loop
      vertex -35 -8.36446562160034 3.85607146836798
      vertex -35 -3.1407822147011757 8.364570803940296
      vertex -35 -2.8991378024220467 8.100862197577953
    endloop
  endfacet
  facet normal -1 0 0
    outer loop
      vertex -35 -8.36446562160034 3.85607146836798
      vertex -35 -2.0499999970197678 7.449295841157436
      vertex -35 -1.7327348738908768 7.284138076007366
    endloop
  endfacet
  facet normal -1 0 0
    outer loop
      vertex -35 -8.36446562160034 3.85607146836798
      vertex -35 -2.351663388311863 7.64147661626339
      vertex -35 -2.0499999970197678 7.449295841157436
    endloop
  endfacet
  facet normal -1 0 0
    outer loop
      vertex -35 -8.36446562160034 3.85607146836798
      vertex -35 -3.3585233837366104 8.648336611688137
      vertex -35 -3.1407822147011757 8.364570803940296
    endloop
  endfacet
  facet normal -1 0 0
    outer loop
      vertex -35 -8.36446562160034 3.85607146836798
      vertex -35 -3.5507041588425636 8.950000002980232
      vertex -35 -3.3585233837366104 8.648336611688137
    endloop
  endfacet
  facet normal -1 0 0
    outer loop
      vertex -35 -8.36446562160034 3.85607146836798
      vertex -35 -3.715861923992634 9.267265126109123
      vertex -35 -3.5507041588425636 8.950000002980232
    endloop
  endfacet
  facet normal -1 0 0
    outer loop
      vertex -35 -8.36446562160034 3.85607146836798
      vertex -35 -3.852739743888378 9.59771741181612
      vertex -35 -3.715861923992634 9.267265126109123
    endloop
  endfacet
  facet normal -1 0 0
    outer loop
      vertex -35 -8.36446562160034 3.85607146836798
      vertex -35 -3.9602958858013153 9.938841916620731
      vertex -35 -3.852739743888378 9.59771741181612
    endloop
  endfacet
  facet normal -1 0 0
    outer loop
      vertex -35 -8.36446562160034 3.85607146836798
      vertex -35 -4.037711784243584 10.288042470812798
      vertex -35 -3.9602958858013153 9.938841916620731
    endloop
  endfacet
  facet normal -1 0 0
    outer loop
      vertex -35 -8.36446562160034 3.85607146836798
      vertex -35 1.0611580833792686 7.039704114198685
      vertex -35 1.4022825881838799 7.147260256111622
    endloop
  endfacet
  facet normal -1 0 0
    outer loop
      vertex -35 -8.36446562160034 3.85607146836798
      vertex -35 1.4022825881838799 7.147260256111622
      vertex -35 10.290889468812 7.138023155058428
    endloop
  endfacet
  facet normal -1 0 0
    outer loop
      vertex -35 10.290889468812 7.138023155058428
      vertex -35 1.4022825881838799 7.147260256111622
      vertex -35 1.7327348738908768 7.284138076007366
    endloop
  endfacet
  facet normal -1 0 0
    outer loop
      vertex -35 10.290889468812 7.138023155058428
      vertex -35 1.7327348738908768 7.284138076007366
      vertex -35 2.0499999970197678 7.449295841157436
    endloop
  endfacet
  facet normal -1 0 0
    outer loop
      vertex -35 10.290889468812 7.138023155058428
      vertex -35 2.0499999970197678 7.449295841157436
      vertex -35 2.351663388311863 7.64147661626339
    endloop
  endfacet
  facet normal -1 0 0
    outer loop
      vertex -35 10.290889468812 7.138023155058428
      vertex -35 2.351663388311863 7.64147661626339
      vertex -35 2.635429196059704 7.859217785298824
    endloop
  endfacet
  facet normal -1 0 0
    outer loop
      vertex -35 10.290889468812 7.138023155058428
      vertex -35 2.635429196059704 7.859217785298824
      vertex -35 2.8991378024220467 8.100862197577953
    endloop
  endfacet
  facet normal -1 0 0
    outer loop
      vertex -35 10.290889468812 7.138023155058428
      vertex -35 2.8991378024220467 8.100862197577953
      vertex -35 3.1407822147011757 8.364570803940296
    endloop
  endfacet
  facet normal -1 0 0
    outer loop
      vertex -35 10.290889468812 7.138023155058428
      vertex -35 3.1407822147011757 8.364570803940296
      vertex -35 3.3585233837366104 8.648336611688137
    endloop
  endfacet
  facet normal -1 0 0
    outer loop
      vertex -35 10.290889468812 7.138023155058428
      vertex -35 3.3585233837366104 8.648336611688137
      vertex -35 3.5507041588425636 8.950000002980232
    endloop
  endfacet
  facet normal -2.2953624081827936e-17 -0.9081431738250817 -0.41865973753742747
    outer loop
      vertex -35 -9.801071766072047 6.006104502864986
      vertex 0 -9.981873311848101 6.398293373424499
      vertex -35 -10.162674857624154 6.7904822439840125
    endloop
  endfacet
  facet normal -1 0 0
    outer loop
      vertex -35 -8.36446562160034 3.85607146836798
      vertex -35 -8.899186938124423 4.534362224782796
      vertex -35 -8.36446562160034 18.14392853163202
    endloop
  endfacet
  facet normal -1 0 0
    outer loop
      vertex -35 -8.899186938124423 4.534362224782796
      vertex -35 -9.379041807895014 5.252515788124564
      vertex -35 -8.899186938124423 17.465637775217203
    endloop
  endfacet
  facet normal -1 0 0
    outer loop
      vertex -35 -9.801071766072047 6.006104502864986
      vertex -35 -10.162674857624154 6.7904822439840125
      vertex -35 -9.801071766072047 15.993895497135014
    endloop
  endfacet
  facet normal -1 0 0
    outer loop
      vertex -35 -9.379041807895014 5.252515788124564
      vertex -35 -9.801071766072047 6.006104502864986
      vertex -35 -9.379041807895014 16.747484211875438
    endloop
  endfacet
  facet normal -1 0 0
    outer loop
      vertex -35 -8.36446562160034 3.85607146836798
      vertex -35 -4.08439826220274 10.642661452293396
      vertex -35 -4.037711784243584 10.288042470812798
    endloop
  endfacet
  facet normal -1 0 0
    outer loop
      vertex -35 -8.36446562160034 3.85607146836798
      vertex -35 -4.100000001490116 11
      vertex -35 -4.08439826220274 10.642661452293396
    endloop
  endfacet
  facet normal -1 0 0
    outer loop
      vertex -35 -8.36446562160034 3.85607146836798
      vertex -35 -4.08439826220274 11.357338547706604
      vertex -35 -4.100000001490116 11
    endloop
  endfacet
  facet normal -1 0 0
    outer loop
      vertex -35 -8.36446562160034 3.85607146836798
      vertex -35 -4.037711784243584 11.711957529187202
      vertex -35 -4.08439826220274 11.357338547706604
    endloop
  endfacet
  facet normal -1 0 0
    outer loop
      vertex -35 -8.36446562160034 3.85607146836798
      vertex -35 -3.960295885801334 12.061158083379185
      vertex -35 -4.037711784243584 11.711957529187202
    endloop
  endfacet
  facet normal -1 0 0
    outer loop
      vertex -35 -10.162674857624154 6.7904822439840125
      vertex -35 -10.461621679246688 7.600813061875579
      vertex -35 -10.162674857624154 15.209517756015988
    endloop
  endfacet
  facet normal -1 0 0
    outer loop
      vertex -35 -10.461621679246688 7.600813061875579
      vertex -35 -10.696069124374443 8.43210099758504
      vertex -35 -10.461621679246688 14.399186938124421
    endloop
  endfacet
  facet normal -1 0 0
    outer loop
      vertex -35 -10.696069124374443 8.43210099758504
      vertex -35 -10.864571746546515 9.27922088455746
      vertex -35 -10.696069124374443 13.56789900241496
    endloop
  endfacet
  facet normal -1 0 0
    outer loop
      vertex -35 -10.864571746546515 9.27922088455746
      vertex -35 -10.966090671064407 10.136949946993706
      vertex -35 -10.864571746546515 12.72077911544254
    endloop
  endfacet
  facet normal -1 0 0
    outer loop
      vertex -35 10.290889468812 7.138023155058428
      vertex -35 3.5507041588425636 8.950000002980232
      vertex -35 3.715861923992634 9.267265126109123
    endloop
  endfacet
  facet normal -1 0 0
    outer loop
      vertex -35 10.290889468812 7.138023155058428
      vertex -35 3.715861923992634 9.267265126109123
      vertex -35 3.852739743888378 9.59771741181612
    endloop
  endfacet
  facet normal -1 0 0
    outer loop
      vertex -35 10.290889468812 7.138023155058428
      vertex -35 3.852739743888378 9.59771741181612
      vertex -35 3.9602958858013153 9.938841916620731
    endloop
  endfacet
  facet normal -1 0 0
    outer loop
      vertex -35 10.290889468812 7.138023155058428
      vertex -35 3.9602958858013153 9.938841916620731
      vertex -35 4.037711784243584 10.288042470812798
    endloop
  endfacet
  facet normal -1 0 0
    outer loop
      vertex -35 10.290889468812 7.138023155058428
      vertex -35 4.037711784243584 10.288042470812798
      vertex -35 4.08439826220274 10.642661452293396
    endloop
  endfacet
  facet normal -1 0 0
    outer loop
      vertex -35 10.290889468812 7.138023155058428
      vertex -35 4.08439826220274 10.642661452293396
      vertex -35 4.09107837082936 10.79566108080855
    endloop
  endfacet
  facet normal -2.501945024919242e-17 -0.9930684569549264 -0.11753739745783677
    outer loop
      vertex -35 -10.864571746546515 9.27922088455746
      vertex 0 -10.915331208805462 9.708085415775583
      vertex -35 -10.966090671064407 10.136949946993706
    endloop
  endfacet
  facet normal -1 0 0
    outer loop
      vertex -35 8.899186938124423 4.534362224782796
      vertex -35 10.290889468812 7.138023155058428
      vertex -35 9.379041807895014 5.252515788124564
    endloop
  endfacet
  facet normal -1 0 0
    outer loop
      vertex -35 9.379041807895014 5.252515788124564
      vertex -35 10.290889468812 7.138023155058428
      vertex -35 9.801071766072047 6.006104502864986
    endloop
  endfacet
  facet normal -1 0 0
    outer loop
      vertex -35 9.801071766072047 6.006104502864986
      vertex -35 10.290889468812 7.138023155058428
      vertex -35 10.162674857624154 6.7904822439840125
    endloop
  endfacet
  facet normal 0 -0.9381913359224844 -0.34611705707749213
    outer loop
      vertex -35 -10.162674857624154 6.7904822439840125
      vertex 35 -10.461621679246688 7.600813061875579
      vertex -35 -10.461621679246688 7.600813061875579
    endloop
  endfacet
  facet normal 0 -0.962455236453647 -0.2714404498650757
    outer loop
      vertex -35 -10.461621679246688 7.600813061875579
      vertex 35 -10.461621679246688 7.600813061875579
      vertex -35 -10.696069124374443 8.43210099758504
    endloop
  endfacet
  facet normal 0 -0.7853169308807451 -0.6190939493098337
    outer loop
      vertex -35 -8.36446562160034 3.85607146836798
      vertex 35 -8.36446562160034 3.85607146836798
      vertex 0 -8.63182627986238 4.195216846575388
    endloop
  endfacet
  facet normal 0 -0.19509032201612814 -0.9807852804032305
    outer loop
      vertex -35 -2.5678990024149595 0.3039308756255572
      vertex 35 -1.7207791154425396 0.13542825345348497
      vertex 35 -2.5678990024149595 0.3039308756255572
    endloop
  endfacet
  facet normal 0 -0.1175373974578368 -0.9930684569549264
    outer loop
      vertex -35 -1.7207791154425396 0.13542825345348497
      vertex 35 -0.8630500530062943 0.03390932893559295
      vertex 35 -1.7207791154425396 0.13542825345348497
    endloop
  endfacet
  facet normal 0 -0.6788007455329407 -0.7343225094356864
    outer loop
      vertex -35 -7.778174593052023 3.2218254069479766
      vertex 35 -7.14392853163202 2.63553437839966
      vertex 35 -7.778174593052023 3.2218254069479766
    endloop
  endfacet
  facet normal 0 -0.7343225094356864 -0.6788007455329407
    outer loop
      vertex -35 -7.778174593052023 3.2218254069479766
      vertex 35 -7.778174593052023 3.2218254069479766
      vertex 35 -8.36446562160034 3.85607146836798
    endloop
  endfacet
  facet normal 0 -0.9081431738250825 -0.41865973753742575
    outer loop
      vertex -35 -10.162674857624154 6.7904822439840125
      vertex 0 -9.981873311848101 6.398293373424499
      vertex 35 -10.162674857624154 6.7904822439840125
    endloop
  endfacet
  facet normal 0 -0.9930684569549266 -0.11753739745783474
    outer loop
      vertex -35 -10.966090671064407 10.136949946993706
      vertex 0 -10.915331208805462 9.708085415775583
      vertex 35 -10.966090671064407 10.136949946993706
    endloop
  endfacet
  facet normal 0 -0.8724960070727964 -0.4886212414969562
    outer loop
      vertex -35 -9.379041807895014 5.252515788124564
      vertex 35 -9.379041807895014 5.252515788124564
      vertex 35 -9.801071766072047 6.006104502864986
    endloop
  endfacet
  facet normal 0 -0.9381913359224844 -0.34611705707749213
    outer loop
      vertex -35 -10.162674857624154 6.7904822439840125
      vertex 35 -10.162674857624154 6.7904822439840125
      vertex 35 -10.461621679246688 7.600813061875579
    endloop
  endfacet
  facet normal 0 -0.9992290362407229 -0.03925981575906943
    outer loop
      vertex -35 -10.966090671064407 10.136949946993706
      vertex 35 -10.966090671064407 10.136949946993706
      vertex 35 -11 11
    endloop
  endfacet
  facet normal -1 0 0
    outer loop
      vertex -35 -10.966090671064407 10.136949946993706
      vertex -35 -11 11
      vertex -35 -10.966090671064407 11.863050053006294
    endloop
  endfacet
  facet normal -1 0 0
    outer loop
      vertex -35 -10.966090671064407 10.136949946993706
      vertex -35 -10.966090671064407 11.863050053006294
      vertex -35 -10.864571746546515 12.72077911544254
    endloop
  endfacet
  facet normal -1 0 0
    outer loop
      vertex -35 -8.36446562160034 3.85607146836798
      vertex -35 -8.36446562160034 18.14392853163202
      vertex -35 -3.960295885801334 12.061158083379185
    endloop
  endfacet
  facet normal -1 0 0
    outer loop
      vertex -35 -10.864571746546515 9.27922088455746
      vertex -35 -10.864571746546515 12.72077911544254
      vertex -35 -10.696069124374443 13.56789900241496
    endloop
  endfacet
  facet normal -1 0 0
    outer loop
      vertex -35 -10.696069124374443 8.43210099758504
      vertex -35 -10.696069124374443 13.56789900241496
      vertex -35 -10.461621679246688 14.399186938124421
    endloop
  endfacet
  facet normal -1 0 0
    outer loop
      vertex -35 -10.461621679246688 7.600813061875579
      vertex -35 -10.461621679246688 14.399186938124421
      vertex -35 -10.162674857624154 15.209517756015988
    endloop
  endfacet
  facet normal -1 0 0
    outer loop
      vertex -35 -10.162674857624154 6.7904822439840125
      vertex -35 -10.162674857624154 15.209517756015988
      vertex -35 -9.801071766072047 15.993895497135014
    endloop
  endfacet
  facet normal -1 0 0
    outer loop
      vertex -35 -9.801071766072047 6.006104502864986
      vertex -35 -9.801071766072047 15.993895497135014
      vertex -35 -9.379041807895014 16.747484211875438
    endloop
  endfacet
  facet normal -1 0 0
    outer loop
      vertex -35 -9.379041807895014 5.252515788124564
      vertex -35 -9.379041807895014 16.747484211875438
      vertex -35 -8.899186938124423 17.465637775217203
    endloop
  endfacet
  facet normal -1 0 0
    outer loop
      vertex -35 -8.899186938124423 4.534362224782796
      vertex -35 -8.899186938124423 17.465637775217203
      vertex -35 -8.36446562160034 18.14392853163202
    endloop
  endfacet
  facet normal 2.019918919200856e-17 -0.9807852804032305 0.1950903220161281
    outer loop
      vertex -35 -10.864571746546515 12.72077911544254
      vertex 0 -10.780320435460478 13.14433905892875
      vertex -35 -10.696069124374443 13.56789900241496
    endloop
  endfacet
  facet normal -1 0 0
    outer loop
      vertex -35 -8.36446562160034 18.14392853163202
      vertex -35 -3.852739743888378 12.40228258818388
      vertex -35 -3.960295885801334 12.061158083379185
    endloop
  endfacet
  facet normal -1 0 0
    outer loop
      vertex -35 -8.36446562160034 18.14392853163202
      vertex -35 -3.715861923992634 12.732734873890877
      vertex -35 -3.852739743888378 12.40228258818388
    endloop
  endfacet
  facet normal -1 0 0
    outer loop
      vertex -35 -8.36446562160034 18.14392853163202
      vertex -35 -3.5507041588425636 13.049999997019768
      vertex -35 -3.715861923992634 12.732734873890877
    endloop
  endfacet
  facet normal -1 0 0
    outer loop
      vertex -35 -8.36446562160034 18.14392853163202
      vertex -35 -3.3585233837366104 13.351663388311863
      vertex -35 -3.5507041588425636 13.049999997019768
    endloop
  endfacet
  facet normal -1 0 0
    outer loop
      vertex -35 -8.36446562160034 18.14392853163202
      vertex -35 -3.1407822147011757 13.635429196059704
      vertex -35 -3.3585233837366104 13.351663388311863
    endloop
  endfacet
  facet normal -1 0 0
    outer loop
      vertex -35 -8.36446562160034 18.14392853163202
      vertex -35 -2.8991378024220467 13.899137802422047
      vertex -35 -3.1407822147011757 13.635429196059704
    endloop
  endfacet
  facet normal -1 0 0
    outer loop
      vertex -35 -8.36446562160034 18.14392853163202
      vertex -35 -2.2573175557990184 14.540958049045075
      vertex -35 -2.8991378024220467 13.899137802422047
    endloop
  endfacet
  facet normal 2.4330841526737594e-17 -0.962455236453647 0.2714404498650757
    outer loop
      vertex -35 -10.696069124374443 13.56789900241496
      vertex 0 -10.578845401810565 13.98354297026969
      vertex -35 -10.461621679246688 14.399186938124421
    endloop
  endfacet
  facet normal 0 -0.9930684569549264 0.11753739745783677
    outer loop
      vertex -35 -10.966090671064407 11.863050053006294
      vertex 35 -10.864571746546515 12.72077911544254
      vertex -35 -10.864571746546515 12.72077911544254
    endloop
  endfacet
  facet normal 0 -0.9381913359224845 0.34611705707749213
    outer loop
      vertex -35 -10.461621679246688 14.399186938124421
      vertex 28 -10.162674857624154 15.209517756015988
      vertex -35 -10.162674857624154 15.209517756015988
    endloop
  endfacet
  facet normal 2.0403221406069278e-18 -0.9081431738250816 0.41865973753742747
    outer loop
      vertex -35 -10.162674857624154 15.209517756015988
      vertex 28 -9.837232075227258 15.915457723023112
      vertex -35 -9.801071766072047 15.993895497135014
    endloop
  endfacet
  facet normal 0 -0.872496007072797 0.4886212414969553
    outer loop
      vertex -35 -9.801071766072047 15.993895497135014
      vertex 28 -9.379041807895014 16.747484211875438
      vertex -35 -9.379041807895014 16.747484211875438
    endloop
  endfacet
  facet normal -1 0 0
    outer loop
      vertex -35 -8.36446562160034 18.14392853163202
      vertex -35 -7.778174593052023 18.16696396888132
      vertex -35 -7.14392853163202 18.04787017940876
    endloop
  endfacet
  facet normal -1 0 0
    outer loop
      vertex -35 -7.778174593052023 18.16696396888132
      vertex -35 -7.778174593052023 18.23678790805594
      vertex -35 -7.14392853163202 18.04787017940876
    endloop
  endfacet
  facet normal -1 0 0
    outer loop
      vertex -35 -7.14392853163202 18.04787017940876
      vertex -35 -7.778174593052023 18.23678790805594
      vertex -35 -7.778174593052023 18.309279702796516
    endloop
  endfacet
  facet normal -1 0 0
    outer loop
      vertex -35 -7.14392853163202 18.04787017940876
      vertex -35 -6.539627604051074 18.14392853163202
      vertex -35 -6.537422495162572 18.072143811686654
    endloop
  endfacet
  facet normal -1 0 0
    outer loop
      vertex -35 -7.14392853163202 18.04787017940876
      vertex -35 -6.5422065084484435 18.21552528718346
      vertex -35 -6.539627604051074 18.14392853163202
    endloop
  endfacet
  facet normal -1 0 0
    outer loop
      vertex -35 -7.14392853163202 18.04787017940876
      vertex -35 -6.599283998626051 18.282851338215547
      vertex -35 -6.5422065084484435 18.21552528718346
    endloop
  endfacet
  facet normal -1 0 0
    outer loop
      vertex -35 -8.36446562160034 18.14392853163202
      vertex -35 -7.778174593052023 18.309279702796516
      vertex -35 -7.778174593052023 18.23678790805594
    endloop
  endfacet
  facet normal -1 0 0
    outer loop
      vertex -35 -8.36446562160034 18.14392853163202
      vertex -35 -7.796230237604251 18.318627752197067
      vertex -35 -7.778174593052023 18.309279702796516
    endloop
  endfacet
  facet normal -1 0 0
    outer loop
      vertex -35 -8.36446562160034 18.14392853163202
      vertex -35 -7.778174593052023 18.386778227154405
      vertex -35 -7.795400962312097 18.339734217801578
    endloop
  endfacet
  facet normal -1 0 0
    outer loop
      vertex -35 -8.36446562160034 18.14392853163202
      vertex -35 -7.778174593052023 18.442658731487654
      vertex -35 -7.778174593052023 18.41421239788488
    endloop
  endfacet
  facet normal -1 0 0
    outer loop
      vertex -35 -8.36446562160034 18.14392853163202
      vertex -35 -7.778174593052023 18.5032081360058
      vertex -35 -7.778174593052023 18.47226728381602
    endloop
  endfacet
  facet normal -1 0 0
    outer loop
      vertex -35 -7.795400962312097 18.339734217801578
      vertex -35 -7.778174593052023 18.386778227154405
      vertex -35 -7.778174593052023 18.360222711318247
    endloop
  endfacet
  facet normal -1 0 0
    outer loop
      vertex -35 -8.36446562160034 18.14392853163202
      vertex -35 -7.778174593052023 18.56989389766038
      vertex -35 -7.78818032136724 18.523511801900458
    endloop
  endfacet
  facet normal -1 0 0
    outer loop
      vertex -35 -8.36446562160034 18.14392853163202
      vertex -35 -7.778174593052023 18.644668375175648
      vertex -35 -7.785276692454218 18.59741409268463
    endloop
  endfacet
  facet normal -1 0 0
    outer loop
      vertex -35 -8.36446562160034 18.14392853163202
      vertex -35 -7.778174593052023 18.730219560180338
      vertex -35 -7.778174593052023 18.685890383766594
    endloop
  endfacet
  facet normal -1 0 0
    outer loop
      vertex -35 -7.78818032136724 18.523511801900458
      vertex -35 -7.778174593052023 18.56989389766038
      vertex -35 -7.778174593052023 18.53567567251174
    endloop
  endfacet
  facet normal -1 0 0
    outer loop
      vertex -35 -7.14392853163202 18.04787017940876
      vertex -35 -7.778174593052023 18.309279702796516
      vertex -35 -7.778174593052023 18.33442603453202
    endloop
  endfacet
  facet normal -1 0 0
    outer loop
      vertex -35 -7.14392853163202 18.04787017940876
      vertex -35 -7.778174593052023 18.33442603453202
      vertex -35 -7.778174593052023 18.360222711318247
    endloop
  endfacet
  facet normal -1 0 0
    outer loop
      vertex -35 -7.14392853163202 18.04787017940876
      vertex -35 -7.778174593052023 18.360222711318247
      vertex -35 -7.778174593052023 18.386778227154405
    endloop
  endfacet
  facet normal -1 0 0
    outer loop
      vertex -35 -7.14392853163202 18.04787017940876
      vertex -35 -7.778174593052023 18.386778227154405
      vertex -35 -7.778174593052023 18.41421239788488
    endloop
  endfacet
  facet normal -1 0 0
    outer loop
      vertex -35 -7.14392853163202 18.04787017940876
      vertex -35 -7.778174593052023 18.41421239788488
      vertex -35 -7.778174593052023 18.442658731487654
    endloop
  endfacet
  facet normal -1 0 0
    outer loop
      vertex -35 -7.14392853163202 18.04787017940876
      vertex -35 -7.778174593052023 18.442658731487654
      vertex -35 -7.778174593052023 18.47226728381602
    endloop
  endfacet
  facet normal -1 0 0
    outer loop
      vertex -35 -7.14392853163202 18.04787017940876
      vertex -35 -7.778174593052023 18.47226728381602
      vertex -35 -7.778174593052023 18.5032081360058
    endloop
  endfacet
  facet normal -1 0 0
    outer loop
      vertex -35 -7.14392853163202 18.04787017940876
      vertex -35 -6.601106696214878 18.423217148120475
      vertex -35 -6.599283998626051 18.282851338215547
    endloop
  endfacet
  facet normal -1 0 0
    outer loop
      vertex -35 -7.14392853163202 18.04787017940876
      vertex -35 -6.6053017504162215 18.566266410844477
      vertex -35 -6.601106696214878 18.423217148120475
    endloop
  endfacet
  facet normal -1 0 0
    outer loop
      vertex -35 -7.14392853163202 18.04787017940876
      vertex -35 -6.612858036315184 18.71306033616213
      vertex -35 -6.6053017504162215 18.566266410844477
    endloop
  endfacet
  facet normal -1 0 0
    outer loop
      vertex -35 -7.14392853163202 18.04787017940876
      vertex -35 -6.625447933447217 18.86425324327175
      vertex -35 -6.612858036315184 18.71306033616213
    endloop
  endfacet
  facet normal -1 0 0
    outer loop
      vertex -35 -7.785276692454218 18.59741409268463
      vertex -35 -7.778174593052023 18.644668375175648
      vertex -35 -7.778174593052023 18.606123110707028
    endloop
  endfacet
  facet normal -1 0 0
    outer loop
      vertex -35 -7.14392853163202 18.04787017940876
      vertex -35 -7.778174593052023 18.5032081360058
      vertex -35 -7.14392853163202 19.36446562160034
    endloop
  endfacet
  facet normal -1 0 0
    outer loop
      vertex -35 -7.14392853163202 18.04787017940876
      vertex -35 -6.608067508186239 18.95363915256415
      vertex -35 -6.625447933447217 18.86425324327175
    endloop
  endfacet
  facet normal -1 0 0
    outer loop
      vertex -35 -6.6053017504162215 18.566266410844477
      vertex -35 -6.612858036315184 18.71306033616213
      vertex -35 -6.569155155380318 18.650258449264204
    endloop
  endfacet
  facet normal -1 0 0
    outer loop
      vertex -35 -7.14392853163202 18.04787017940876
      vertex -35 -6.646055112890975 19.01950241849811
      vertex -35 -6.608067508186239 18.95363915256415
    endloop
  endfacet
  facet normal -1 0 0
    outer loop
      vertex -35 -7.14392853163202 18.04787017940876
      vertex -35 -6.641540721926465 19.108812836729392
      vertex -35 -6.646055112890975 19.01950241849811
    endloop
  endfacet
  facet normal -1 0 0
    outer loop
      vertex -35 -7.778174593052023 18.5032081360058
      vertex -35 -7.778174593052023 18.53567567251174
      vertex -35 -7.14392853163202 19.36446562160034
    endloop
  endfacet
  facet normal -1 0 0
    outer loop
      vertex -35 -7.778174593052023 18.53567567251174
      vertex -35 -7.778174593052023 18.56989389766038
      vertex -35 -7.14392853163202 19.36446562160034
    endloop
  endfacet
  facet normal -1 0 0
    outer loop
      vertex -35 -7.778174593052023 18.56989389766038
      vertex -35 -7.778174593052023 18.606123110707028
      vertex -35 -7.14392853163202 19.36446562160034
    endloop
  endfacet
  facet normal -1 0 0
    outer loop
      vertex -35 -7.778174593052023 18.606123110707028
      vertex -35 -7.778174593052023 18.644668375175648
      vertex -35 -7.14392853163202 19.36446562160034
    endloop
  endfacet
  facet normal -1 0 0
    outer loop
      vertex -35 -7.778174593052023 18.644668375175648
      vertex -35 -7.778174593052023 18.685890383766594
      vertex -35 -7.14392853163202 19.36446562160034
    endloop
  endfacet
  facet normal -1 0 0
    outer loop
      vertex -35 -7.14392853163202 18.04787017940876
      vertex -35 -6.680428198227238 19.175907991932196
      vertex -35 -6.641540721926465 19.108812836729392
    endloop
  endfacet
  facet normal -1 0 0
    outer loop
      vertex -35 -6.612858036315184 18.71306033616213
      vertex -35 -6.625447933447217 18.86425324327175
      vertex -35 -6.585297098773816 18.800298452763446
    endloop
  endfacet
  facet normal -1 0 0
    outer loop
      vertex -35 -7.14392853163202 18.04787017940876
      vertex -35 -6.6938545784199786 19.260195142957215
      vertex -35 -6.680428198227238 19.175907991932196
    endloop
  endfacet
  facet normal -1 0 0
    outer loop
      vertex -35 -7.14392853163202 18.04787017940876
      vertex -35 -6.740946141982902 19.323484478619225
      vertex -35 -6.6938545784199786 19.260195142957215
    endloop
  endfacet
  facet normal -1 0 0
    outer loop
      vertex -35 -7.778174593052023 18.685890383766594
      vertex -35 -7.778174593052023 18.730219560180338
      vertex -35 -7.14392853163202 19.36446562160034
    endloop
  endfacet
  facet normal -1 0 0
    outer loop
      vertex -35 -7.778174593052023 18.730219560180338
      vertex -35 -7.778174593052023 18.77817459305202
      vertex -35 -7.14392853163202 19.36446562160034
    endloop
  endfacet
  facet normal -1 0 0
    outer loop
      vertex -35 -7.14392853163202 18.04787017940876
      vertex -35 -6.783741413281636 19.39007101808033
      vertex -35 -6.740946141982902 19.323484478619225
    endloop
  endfacet
  facet normal -1 0 0
    outer loop
      vertex -35 -7.14392853163202 18.04787017940876
      vertex -35 -7.14392853163202 19.36446562160034
      vertex -35 -6.965404210035691 19.437207597728293
    endloop
  endfacet
  facet normal -1 0 0
    outer loop
      vertex -35 -7.14392853163202 18.04787017940876
      vertex -35 -6.85922639949135 19.42952427823736
      vertex -35 -6.783741413281636 19.39007101808033
    endloop
  endfacet
  facet normal -1 0 0
    outer loop
      vertex -35 -7.14392853163202 18.04787017940876
      vertex -35 -6.965404210035691 19.437207597728293
      vertex -35 -6.85922639949135 19.42952427823736
    endloop
  endfacet
  facet normal -1 0 0
    outer loop
      vertex -35 -6.465637775217204 18.069323382358483
      vertex -35 -6.465637775217204 18.21853368090556
      vertex -35 -5.831391713797201 18.243453276527944
    endloop
  endfacet
  facet normal -1 0 0
    outer loop
      vertex -35 -5.747484211875436 17.937967627958376
      vertex -35 -6.465637775217204 18.069323382358483
      vertex -35 -5.831391713797201 18.243453276527944
    endloop
  endfacet
  facet normal -1 0 0
    outer loop
      vertex -35 -5.747484211875436 17.937967627958376
      vertex -35 -5.747484211875436 18.31403585986846
      vertex -35 -5.139184826942674 18.14392853163202
    endloop
  endfacet
  facet normal -1 0 0
    outer loop
      vertex -35 -5.747484211875436 17.937967627958376
      vertex -35 -5.831391713797201 18.243453276527944
      vertex -35 -5.747484211875436 18.31403585986846
    endloop
  endfacet
  facet normal -1 0 0
    outer loop
      vertex -35 -5.747484211875436 17.937967627958376
      vertex -35 -5.139184826942674 18.14392853163202
      vertex -35 -5.134872884813011 18.017037487412455
    endloop
  endfacet
  facet normal -1 0 0
    outer loop
      vertex -35 -4.993895497135014 18.011498470764923
      vertex -35 -4.993895497135014 18.27635859249912
      vertex -35 -3.721555531185698 18.3263489659114
    endloop
  endfacet
  facet normal -1 0 0
    outer loop
      vertex -35 -6.599283998626051 18.282851338215547
      vertex -35 -6.601106696214878 18.423217148120475
      vertex -35 -6.548686823590551 18.358840114798817
    endloop
  endfacet
  facet normal -1 0 0
    outer loop
      vertex -35 -6.601106696214878 18.423217148120475
      vertex -35 -6.6053017504162215 18.566266410844477
      vertex -35 -6.557394512342307 18.50337732399792
    endloop
  endfacet
  facet normal -1 0 0
    outer loop
      vertex -35 -5.747484211875436 18.388403652877642
      vertex -35 -5.823485756861055 18.44467331735406
      vertex -35 -5.156887911888539 18.523570371530283
    endloop
  endfacet
  facet normal -1 0 0
    outer loop
      vertex -35 -5.139184826942674 18.14392853163202
      vertex -35 -5.747484211875436 18.31403585986846
      vertex -35 -5.144226296904166 18.27045207928964
    endloop
  endfacet
  facet normal -1 0 0
    outer loop
      vertex -35 -4.2095177560159875 17.843666950520742
      vertex -35 -3.720029381877903 18.14392853163202
      vertex -35 -3.7195924841097057 17.961430969022963
    endloop
  endfacet
  facet normal -1 0 0
    outer loop
      vertex -35 -4.339703722255425 17.84922075544965
      vertex -35 -3.721555531185698 18.3263489659114
      vertex -35 -4.2095177560159875 17.843666950520742
    endloop
  endfacet
  facet normal -1 0 0
    outer loop
      vertex -35 -4.339703722255425 17.84922075544965
      vertex -35 -4.993895497135014 18.011498470764923
      vertex -35 -3.721555531185698 18.3263489659114
    endloop
  endfacet
  facet normal -1 0 0
    outer loop
      vertex -35 -4.2095177560159875 17.843666950520742
      vertex -35 -3.721555531185698 18.3263489659114
      vertex -35 -3.720029381877903 18.14392853163202
    endloop
  endfacet
  facet normal -1 0 0
    outer loop
      vertex -35 -2.7249016376052033 17.70008522034496
      vertex -35 -3.3991869381244215 17.94884220083535
      vertex -35 -2.133874273668467 18.388729132413324
    endloop
  endfacet
  facet normal -1 0 0
    outer loop
      vertex -35 -2.7249016376052033 17.70008522034496
      vertex -35 -2.133874273668467 18.388729132413324
      vertex -35 -2.5678990024149595 17.730082601275303
    endloop
  endfacet
  facet normal -1 0 0
    outer loop
      vertex -35 -2.5678990024149595 17.730082601275303
      vertex -35 -2.130622967711476 18.14392853163202
      vertex -35 -2.1289283119827678 17.898933603486828
    endloop
  endfacet
  facet normal -1 0 0
    outer loop
      vertex -35 -2.5678990024149595 17.730082601275303
      vertex -35 -2.133874273668467 18.388729132413324
      vertex -35 -2.130622967711476 18.14392853163202
    endloop
  endfacet
  facet normal -1 0 0
    outer loop
      vertex -35 -3.3991869381244215 17.94884220083535
      vertex -35 -3.3991869381244215 18.33901486242869
      vertex -35 -2.133874273668467 18.388729132413324
    endloop
  endfacet
  facet normal -1 0 0
    outer loop
      vertex -35 -6.465637775217204 18.52162887380251
      vertex -35 -5.747484211875436 18.772210181014508
      vertex -35 -5.747484211875436 18.558417667551016
    endloop
  endfacet
  facet normal -1 0 0
    outer loop
      vertex -35 -6.465637775217204 18.679453369896425
      vertex -35 -5.747484211875436 19.227917724018337
      vertex -35 -5.747484211875436 18.772210181014508
    endloop
  endfacet
  facet normal -1 0 0
    outer loop
      vertex -35 -6.465637775217204 18.679453369896425
      vertex -35 -6.465637775217204 18.844443107841265
      vertex -35 -5.747484211875436 19.227917724018337
    endloop
  endfacet
  facet normal -1 0 0
    outer loop
      vertex -35 -5.747484211875436 18.772210181014508
      vertex -35 -5.747484211875436 19.227917724018337
      vertex -35 -5.196817495069165 19.03729769823148
    endloop
  endfacet
  facet normal -1 0 0
    outer loop
      vertex -35 -5.747484211875436 18.558417667551016
      vertex -35 -5.747484211875436 18.772210181014508
      vertex -35 -2.6535939320382678 19.51498752012785
    endloop
  endfacet
  facet normal -1 0 0
    outer loop
      vertex -35 -5.747484211875436 19.227917724018337
      vertex -35 -5.211252484143893 19.16846958641198
      vertex -35 -5.196817495069165 19.03729769823148
    endloop
  endfacet
  facet normal -1 0 0
    outer loop
      vertex -35 -5.747484211875436 19.227917724018337
      vertex -35 -5.228240237215911 19.30094316053769
      vertex -35 -5.211252484143893 19.16846958641198
    endloop
  endfacet
  facet normal -1 0 0
    outer loop
      vertex -35 -4.993895497135014 19.09452762053906
      vertex -35 -3.764663663371635 19.44120685226588
      vertex -35 -4.289119228590137 19.136682091592455
    endloop
  endfacet
  facet normal -1 0 0
    outer loop
      vertex -35 -4.289119228590137 19.136682091592455
      vertex -35 -3.764663663371635 19.44120685226588
      vertex -35 -4.2095177560159875 19.158629123692506
    endloop
  endfacet
  facet normal -1 0 0
    outer loop
      vertex -35 -5.747484211875436 18.558417667551016
      vertex -35 -2.6535939320382678 19.51498752012785
      vertex -35 -2.5678990024149595 19.53556105249127
    endloop
  endfacet
  facet normal -1 0 0
    outer loop
      vertex -35 -1.035884639459496 17.567156699735097
      vertex -35 -0.4245021745351008 18.4558905451042
      vertex -35 -0.8630500530062943 17.553554322782905
    endloop
  endfacet
  facet normal -1 0 0
    outer loop
      vertex -35 -0.8630500530062943 17.553554322782905
      vertex -35 -0.41035471653485595 18.14392853163202
      vertex -35 -0.3982496239013355 17.830935052636217
    endloop
  endfacet
  facet normal -1 0 0
    outer loop
      vertex -35 0.8630500530062943 17.417707298289557
      vertex -35 1.2289058795689147 18.14392853163202
      vertex -35 1.2434199552466576 17.766433679200254
    endloop
  endfacet
  facet normal -1 0 0
    outer loop
      vertex -35 2.395064415961758 17.297135153045133
      vertex -35 3.2868206557044477 18.60170881624432
      vertex -35 2.5678990024149595 17.37065160147201
    endloop
  endfacet
  facet normal -1 0 0
    outer loop
      vertex -35 4.052515120825744 17.16669095359467
      vertex -35 3.830730601850417 17.66477796703311
      vertex -35 3.8700508366988458 18.14392853163202
    endloop
  endfacet
  facet normal -1 0 0
    outer loop
      vertex -35 4.052515120825744 17.16669095359467
      vertex -35 4.3549358565345395 18.64367517678145
      vertex -35 4.2095177560159875 17.24973752988801
    endloop
  endfacet
  facet normal -1 0 0
    outer loop
      vertex -35 4.2095177560159875 17.24973752988801
      vertex -35 4.368640910530385 18.14392853163202
      vertex -35 4.378824474666665 17.643243300119913
    endloop
  endfacet
  facet normal -1 0 0
    outer loop
      vertex -35 5.619925222921712 17.13244874239827
      vertex -35 5.513059422411522 17.598679087651178
      vertex -35 5.548604484433539 18.14392853163202
    endloop
  endfacet
  facet normal -1 0 0
    outer loop
      vertex -35 -1.035884639459496 17.567156699735097
      vertex -35 -1.7207791154425396 17.88289737787967
      vertex -35 -0.4245021745351008 18.4558905451042
    endloop
  endfacet
  facet normal -1 0 0
    outer loop
      vertex -35 -0.8630500530062943 17.553554322782905
      vertex -35 -0.4245021745351008 18.4558905451042
      vertex -35 -0.41035471653485595 18.14392853163202
    endloop
  endfacet
  facet normal -1 0 0
    outer loop
      vertex -35 -1.7207791154425396 17.88289737787967
      vertex -35 -1.7207791154425396 18.40495968538437
      vertex -35 -0.4245021745351008 18.4558905451042
    endloop
  endfacet
  facet normal -1 0 0
    outer loop
      vertex -35 0 17.815287782297368
      vertex -35 1.2119426677306646 18.52018663806897
      vertex -35 0.8630500530062943 17.417707298289557
    endloop
  endfacet
  facet normal -1 0 0
    outer loop
      vertex -35 0.8630500530062943 17.417707298289557
      vertex -35 1.2119426677306646 18.52018663806897
      vertex -35 1.2289058795689147 18.14392853163202
    endloop
  endfacet
  facet normal -1 0 0
    outer loop
      vertex -35 0 17.815287782297368
      vertex -35 0 18.47256928096667
      vertex -35 1.2119426677306646 18.52018663806897
    endloop
  endfacet
  facet normal -1 0 0
    outer loop
      vertex -35 1.7207791154425396 17.747678186715067
      vertex -35 3.2868206557044477 18.60170881624432
      vertex -35 2.395064415961758 17.297135153045133
    endloop
  endfacet
  facet normal -1 0 0
    outer loop
      vertex -35 2.5678990024149595 17.37065160147201
      vertex -35 3.2868206557044477 18.60170881624432
      vertex -35 3.250903628531731 17.687559430860738
    endloop
  endfacet
  facet normal -1 0 0
    outer loop
      vertex -35 4.052515120825744 17.16669095359467
      vertex -35 3.8700508366988458 18.14392853163202
      vertex -35 4.3549358565345395 18.64367517678145
    endloop
  endfacet
  facet normal -1 0 0
    outer loop
      vertex -35 4.2095177560159875 17.24973752988801
      vertex -35 4.3549358565345395 18.64367517678145
      vertex -35 4.368640910530385 18.14392853163202
    endloop
  endfacet
  facet normal -1 0 0
    outer loop
      vertex -35 1.7207791154425396 17.747678186715067
      vertex -35 1.7207791154425396 18.54017887654897
      vertex -35 3.2868206557044477 18.60170881624432
    endloop
  endfacet
  facet normal -1 0 0
    outer loop
      vertex -35 3.8700508366988458 18.14392853163202
      vertex -35 3.9426524769611824 18.627476518680528
      vertex -35 4.3549358565345395 18.64367517678145
    endloop
  endfacet
  facet normal -1 0 0
    outer loop
      vertex -35 5.747484211875436 17.033293993114086
      vertex -35 5.619925222921712 17.13244874239827
      vertex -35 6.465637775217204 19.899186938124423
    endloop
  endfacet
  facet normal -1 0 0
    outer loop
      vertex -35 5.747484211875436 17.033293993114086
      vertex -35 6.465637775217204 19.899186938124423
      vertex -35 6.373921651808361 17.564855718539317
    endloop
  endfacet
  facet normal -1 0 0
    outer loop
      vertex -35 5.619925222921712 17.13244874239827
      vertex -35 5.548604484433539 18.14392853163202
      vertex -35 6.465637775217204 19.899186938124423
    endloop
  endfacet
  facet normal -1 0 0
    outer loop
      vertex -35 5.548604484433539 18.14392853163202
      vertex -35 5.588783575971663 18.6921531857093
      vertex -35 6.465637775217204 19.899186938124423
    endloop
  endfacet
  facet normal -1 0 0
    outer loop
      vertex -35 -6.465637775217204 19.01930015882507
      vertex -35 -5.747484211875436 19.477347160740667
      vertex -35 -5.788646268115167 19.33139751841278
    endloop
  endfacet
  facet normal -1 0 0
    outer loop
      vertex -35 -5.788646268115167 19.33139751841278
      vertex -35 -5.747484211875436 19.477347160740667
      vertex -35 -5.747484211875436 19.326137321919074
    endloop
  endfacet
  facet normal -1 0 0
    outer loop
      vertex -35 -6.465637775217204 19.207323220166458
      vertex -35 -6.465637775217204 19.640843705940593
      vertex -35 -5.778399501418866 19.592195146026803
    endloop
  endfacet
  facet normal -1 0 0
    outer loop
      vertex -35 -5.747484211875436 19.326137321919074
      vertex -35 -5.747484211875436 19.477347160740667
      vertex -35 -5.272466288045397 19.56935974860591
    endloop
  endfacet
  facet normal -1 0 0
    outer loop
      vertex -35 -5.778399501418866 19.592195146026803
      vertex -35 -6.465637775217204 19.640843705940593
      vertex -35 -5.747484211875436 20.379041807895014
    endloop
  endfacet
  facet normal -1 0 0
    outer loop
      vertex -35 -5.778399501418866 19.592195146026803
      vertex -35 -5.747484211875436 20.379041807895014
      vertex -35 -5.747484211875436 19.59364694942879
    endloop
  endfacet
  facet normal -1 0 0
    outer loop
      vertex -35 -5.747484211875436 19.59364694942879
      vertex -35 -5.438043513021953 20.09930127011885
      vertex -35 -5.381676164699113 19.97178426167657
    endloop
  endfacet
  facet normal -1 0 0
    outer loop
      vertex -35 -5.747484211875436 19.59364694942879
      vertex -35 -5.381676164699113 19.97178426167657
      vertex -35 -5.337268365142197 19.839240452507482
    endloop
  endfacet
  facet normal -1 0 0
    outer loop
      vertex -35 -5.747484211875436 18.558417667551016
      vertex -35 -2.5678990024149595 19.53556105249127
      vertex -35 -0.943220685937377 19.92561180661558
    endloop
  endfacet
  facet normal -1 0 0
    outer loop
      vertex -35 -5.747484211875436 18.558417667551016
      vertex -35 -0.943220685937377 19.92561180661558
      vertex -35 -0.8630500530062943 19.94485907268434
    endloop
  endfacet
  facet normal -1 0 0
    outer loop
      vertex -35 -4.993895497135014 19.387397499511774
      vertex -35 -4.261348461711985 19.843495307263552
      vertex -35 -2.5678990024149595 20.544945040497765
    endloop
  endfacet
  facet normal -1 0 0
    outer loop
      vertex -35 -3.3991869381244215 19.544281949121142
      vertex -35 -3.3991869381244215 19.975716547244527
      vertex -35 -2.6535939320382678 19.51498752012785
    endloop
  endfacet
  facet normal -1 0 0
    outer loop
      vertex -35 -2.6535939320382678 19.51498752012785
      vertex -35 -2.5678990024149595 20.544945040497765
      vertex -35 -2.5678990024149595 19.53556105249127
    endloop
  endfacet
  facet normal -1 0 0
    outer loop
      vertex -35 -2.5678990024149595 19.53556105249127
      vertex -35 -2.2266272614246168 20.138233107147
      vertex -35 -2.1670641456391304 19.891776515531898
    endloop
  endfacet
  facet normal -1 0 0
    outer loop
      vertex -35 -5.747484211875436 19.59364694942879
      vertex -35 -5.5113661457636995 20.216826637457142
      vertex -35 -5.438043513021953 20.09930127011885
    endloop
  endfacet
  facet normal -1 0 0
    outer loop
      vertex -35 -5.747484211875436 19.59364694942879
      vertex -35 -5.747484211875436 20.379041807895014
      vertex -35 -5.5113661457636995 20.216826637457142
    endloop
  endfacet
  facet normal -1 0 0
    outer loop
      vertex -35 -4.993895497135014 19.697782642230607
      vertex -35 -4.245973900040175 20.23480403209877
      vertex -35 -4.2095177560159875 20.251947271121768
    endloop
  endfacet
  facet normal -1 0 0
    outer loop
      vertex -35 -5.5113661457636995 20.216826637457142
      vertex -35 -5.747484211875436 20.379041807895014
      vertex -35 -4.993895497135014 20.80107176607205
    endloop
  endfacet
  facet normal -1 0 0
    outer loop
      vertex -35 -4.993895497135014 19.697782642230607
      vertex -35 -4.2095177560159875 20.251947271121768
      vertex -35 -3.8573153300111964 20.221753276127544
    endloop
  endfacet
  facet normal -1 0 0
    outer loop
      vertex -35 -4.993895497135014 19.387397499511774
      vertex -35 -2.5678990024149595 20.544945040497765
      vertex -35 -3.3991869381244215 19.975716547244527
    endloop
  endfacet
  facet normal -1 0 0
    outer loop
      vertex -35 -2.6535939320382678 19.51498752012785
      vertex -35 -3.3991869381244215 19.975716547244527
      vertex -35 -2.5678990024149595 20.544945040497765
    endloop
  endfacet
  facet normal -1 0 0
    outer loop
      vertex -35 -2.5678990024149595 19.53556105249127
      vertex -35 -2.5678990024149595 20.544945040497765
      vertex -35 -2.2266272614246168 20.138233107147
    endloop
  endfacet
  facet normal -1 0 0
    outer loop
      vertex -35 -2.2266272614246168 20.138233107147
      vertex -35 -2.5678990024149595 20.544945040497765
      vertex -35 -1.7713978210965986 20.5762396571435
    endloop
  endfacet
  facet normal -1 0 0
    outer loop
      vertex -35 -4.993895497135014 20.396071486408744
      vertex -35 -4.2095177560159875 21.162674857624154
      vertex -35 -4.096994624312006 20.995361489960253
    endloop
  endfacet
  facet normal -1 0 0
    outer loop
      vertex -35 -4.993895497135014 20.031538498231424
      vertex -35 -4.228544002036557 20.678424559785693
      vertex -35 -3.3991869381244215 21.186655222200468
    endloop
  endfacet
  facet normal -1 0 0
    outer loop
      vertex -35 -3.3991869381244215 20.43295335760578
      vertex -35 -2.5678990024149595 21.097426743796852
      vertex -35 -2.3317487424344283 20.92504910607977
    endloop
  endfacet
  facet normal -1 0 0
    outer loop
      vertex -35 -3.3991869381244215 20.43295335760578
      vertex -35 -2.5919002132741547 21.08519751604541
      vertex -35 -2.5678990024149595 21.097426743796852
    endloop
  endfacet
  facet normal -1 0 0
    outer loop
      vertex -35 -4.993895497135014 20.031538498231424
      vertex -35 -3.3991869381244215 21.186655222200468
      vertex -35 -1.7207791154425396 21.864571746546517
    endloop
  endfacet
  facet normal -1 0 0
    outer loop
      vertex -35 -3.3991869381244215 21.186655222200468
      vertex -35 -3.3991869381244215 21.46162167924669
      vertex -35 -1.7207791154425396 21.864571746546517
    endloop
  endfacet
  facet normal -1 0 0
    outer loop
      vertex -35 -3.3991869381244215 21.46162167924669
      vertex -35 -2.5678990024149595 21.696069124374443
      vertex -35 -1.7207791154425396 21.864571746546517
    endloop
  endfacet
  facet normal -1 0 0
    outer loop
      vertex -35 -5.747484211875436 18.558417667551016
      vertex -35 -0.8630500530062943 19.94485907268434
      vertex -35 0.7993162836332368 20.34395791992132
    endloop
  endfacet
  facet normal -1 0 0
    outer loop
      vertex -35 -5.747484211875436 18.558417667551016
      vertex -35 0.7993162836332368 20.34395791992132
      vertex -35 0.8630500530062943 20.3592590441839
    endloop
  endfacet
  facet normal -1 0 0
    outer loop
      vertex -35 -5.747484211875436 18.558417667551016
      vertex -35 0.8630500530062943 20.3592590441839
      vertex -35 2.5311099333341054 20.759724790324327
    endloop
  endfacet
  facet normal -1 0 0
    outer loop
      vertex -35 -0.943220685937377 19.92561180661558
      vertex -35 -1.7207791154425396 20.017641911423944
      vertex -35 -1.7207791154425396 20.594913883565372
    endloop
  endfacet
  facet normal -1 0 0
    outer loop
      vertex -35 -0.943220685937377 19.92561180661558
      vertex -35 -1.7207791154425396 20.594913883565372
      vertex -35 -0.8630500530062943 21.251116597140356
    endloop
  endfacet
  facet normal -1 0 0
    outer loop
      vertex -35 -0.8630500530062943 19.94485907268434
      vertex -35 -0.6270925590580858 20.65795343675392
      vertex -35 -0.5717211151241406 20.341709783584676
    endloop
  endfacet
  facet normal -1 0 0
    outer loop
      vertex -35 -0.943220685937377 19.92561180661558
      vertex -35 -0.8630500530062943 21.251116597140356
      vertex -35 -0.8630500530062943 19.94485907268434
    endloop
  endfacet
  facet normal -1 0 0
    outer loop
      vertex -35 -0.8630500530062943 19.94485907268434
      vertex -35 -0.8630500530062943 21.251116597140356
      vertex -35 -0.6270925590580858 20.65795343675392
    endloop
  endfacet
  facet normal -1 0 0
    outer loop
      vertex -35 -5.747484211875436 18.558417667551016
      vertex -35 4.2095177560159875 21.162674857624154
      vertex -35 4.2095177560159875 20.135451851545806
    endloop
  endfacet
  facet normal -1 0 0
    outer loop
      vertex -35 -5.747484211875436 18.558417667551016
      vertex -35 2.5311099333341054 20.759724790324327
      vertex -35 4.2095177560159875 21.162674857624154
    endloop
  endfacet
  facet normal -1 0 0
    outer loop
      vertex -35 5.588783575971663 18.6921531857093
      vertex -35 5.6345122381653265 19.24567198299562
      vertex -35 6.465637775217204 19.899186938124423
    endloop
  endfacet
  facet normal -1 0 0
    outer loop
      vertex -35 5.6345122381653265 19.24567198299562
      vertex -35 5.684427278106183 19.806724582630093
      vertex -35 6.465637775217204 19.899186938124423
    endloop
  endfacet
  facet normal -1 0 0
    outer loop
      vertex -35 -2.5678990024149595 20.544945040497765
      vertex -35 -0.8630500530062943 21.251116597140356
      vertex -35 -1.7713978210965986 20.5762396571435
    endloop
  endfacet
  facet normal -1 0 0
    outer loop
      vertex -35 -1.7713978210965986 20.5762396571435
      vertex -35 -0.8630500530062943 21.251116597140356
      vertex -35 -1.7207791154425396 20.594913883565372
    endloop
  endfacet
  facet normal -1 0 0
    outer loop
      vertex -35 -0.6270925590580858 20.65795343675392
      vertex -35 -0.8630500530062943 21.251116597140356
      vertex -35 -0.030708604939491832 21.218413812578895
    endloop
  endfacet
  facet normal -1 0 0
    outer loop
      vertex -35 0 20.502951814183916
      vertex -35 0 21.229742815055943
      vertex -35 0.7993162836332368 20.34395791992132
    endloop
  endfacet
  facet normal -1 0 0
    outer loop
      vertex -35 0.8630500530062943 20.3592590441839
      vertex -35 0.9827182132735419 21.181012663892375
      vertex -35 1.0354018903727251 20.794965348184213
    endloop
  endfacet
  facet normal -1 0 0
    outer loop
      vertex -35 0.7993162836332368 20.34395791992132
      vertex -35 0.8630500530062943 21.966090671064407
      vertex -35 0.8630500530062943 20.3592590441839
    endloop
  endfacet
  facet normal -1 0 0
    outer loop
      vertex -35 0.7993162836332368 20.34395791992132
      vertex -35 0 21.229742815055943
      vertex -35 0.8630500530062943 21.966090671064407
    endloop
  endfacet
  facet normal -1 0 0
    outer loop
      vertex -35 0.8630500530062943 20.3592590441839
      vertex -35 0.8630500530062943 21.966090671064407
      vertex -35 0.9827182132735419 21.181012663892375
    endloop
  endfacet
  facet normal -1 0 0
    outer loop
      vertex -35 1.7207791154425396 20.988261716943892
      vertex -35 1.7207791154425396 21.864571746546517
      vertex -35 2.5311099333341054 20.759724790324327
    endloop
  endfacet
  facet normal -1 0 0
    outer loop
      vertex -35 -0.8630500530062943 21.251116597140356
      vertex -35 0.8630500530062943 21.966090671064407
      vertex -35 -0.030708604939491832 21.218413812578895
    endloop
  endfacet
  facet normal -1 0 0
    outer loop
      vertex -35 -1.7207791154425396 21.206709962046336
      vertex -35 -0.8630500530062943 21.966090671064407
      vertex -35 0 22
    endloop
  endfacet
  facet normal -1 0 0
    outer loop
      vertex -35 -0.030708604939491832 21.218413812578895
      vertex -35 0.8630500530062943 21.966090671064407
      vertex -35 0 21.229742815055943
    endloop
  endfacet
  facet normal -1 0 0
    outer loop
      vertex -35 0.9827182132735419 21.181012663892375
      vertex -35 0.8630500530062943 21.966090671064407
      vertex -35 1.7207791154425396 21.864571746546517
    endloop
  endfacet
  facet normal -1 0 0
    outer loop
      vertex -35 4.2095177560159875 20.135451851545806
      vertex -35 4.2095177560159875 21.162674857624154
      vertex -35 4.253020534852514 20.65370257339212
    endloop
  endfacet
  facet normal -1 0 0
    outer loop
      vertex -35 2.5311099333341054 20.759724790324327
      vertex -35 2.5678990024149595 21.696069124374443
      vertex -35 2.5678990024149595 20.788024261172264
    endloop
  endfacet
  facet normal -1 0 0
    outer loop
      vertex -35 1.7207791154425396 21.864571746546517
      vertex -35 2.5678990024149595 21.696069124374443
      vertex -35 2.5311099333341054 20.759724790324327
    endloop
  endfacet
  facet normal -1 0 0
    outer loop
      vertex -35 2.5678990024149595 20.788024261172264
      vertex -35 2.5678990024149595 21.696069124374443
      vertex -35 3.3991869381244215 21.46162167924669
    endloop
  endfacet
  facet normal -7.345159706184933e-18 0.5555702330196003 0.8314696123025465
    outer loop
      vertex -35 6.465637775217204 19.899186938124423
      vertex -35 5.747484211875436 20.379041807895014
      vertex 0 6.106560993546321 20.13911437300972
    endloop
  endfacet
  facet normal -4.728446560856552e-17 0.27144044986507365 0.9624552364536475
    outer loop
      vertex -35 3.3991869381244215 21.46162167924669
      vertex -35 2.5678990024149595 21.696069124374443
      vertex 0 2.9835429702696903 21.578845401810568
    endloop
  endfacet
  facet normal -1 0 0
    outer loop
      vertex -35 7.14392853163202 16.9233914416637
      vertex -35 7.778174593052023 18.77817459305202
      vertex -35 7.703569443778487 16.879346746668887
    endloop
  endfacet
  facet normal -1 0 0
    outer loop
      vertex -35 7.778174593052023 16.948311037286086
      vertex -35 8.36446562160034 18.14392853163202
      vertex -35 8.314998452168112 16.884904996201797
    endloop
  endfacet
  facet normal -1 0 0
    outer loop
      vertex -35 8.36446562160034 16.82733308944044
      vertex -35 8.314998452168112 16.884904996201797
      vertex -35 8.36446562160034 18.14392853163202
    endloop
  endfacet
  facet normal -1 0 0
    outer loop
      vertex -35 8.36446562160034 16.82733308944044
      vertex -35 8.36446562160034 18.14392853163202
      vertex -35 8.899186938124423 17.465637775217203
    endloop
  endfacet
  facet normal -1 0 0
    outer loop
      vertex -35 6.465637775217204 17.561252182236252
      vertex -35 7.14392853163202 18.774799136454362
      vertex -35 7.14392853163202 16.9233914416637
    endloop
  endfacet
  facet normal -1 0 0
    outer loop
      vertex -35 7.703569443778487 16.879346746668887
      vertex -35 7.778174593052023 18.77817459305202
      vertex -35 7.778174593052023 16.948311037286086
    endloop
  endfacet
  facet normal -1 0 0
    outer loop
      vertex -35 7.14392853163202 16.9233914416637
      vertex -35 7.14392853163202 18.774799136454362
      vertex -35 7.778174593052023 18.77817459305202
    endloop
  endfacet
  facet normal -1 0 0
    outer loop
      vertex -35 7.778174593052023 16.948311037286086
      vertex -35 7.778174593052023 18.77817459305202
      vertex -35 8.36446562160034 18.14392853163202
    endloop
  endfacet
  facet normal -1 0 0
    outer loop
      vertex -35 6.465637775217204 17.561252182236252
      vertex -35 6.465637775217204 18.726604881027786
      vertex -35 7.119876871956233 18.75231000514726
    endloop
  endfacet
  facet normal -1 0 0
    outer loop
      vertex -35 6.465637775217204 17.561252182236252
      vertex -35 7.119876871956233 18.75231000514726
      vertex -35 7.14392853163202 18.774799136454362
    endloop
  endfacet
  facet normal 0 -0.8314696123025456 0.5555702330196017
    outer loop
      vertex -35 -9.379041807895014 16.747484211875438
      vertex 28 -8.899186938124423 17.465637775217203
      vertex -35 -8.899186938124423 17.465637775217203
    endloop
  endfacet
  facet normal 0 -0.7853169308807448 0.619093949309834
    outer loop
      vertex -35 -8.899186938124423 17.465637775217203
      vertex 28 -8.36446562160034 18.14392853163202
      vertex -35 -8.36446562160034 18.14392853163202
    endloop
  endfacet
  facet normal 0 -0.7343225094356851 0.6788007455329423
    outer loop
      vertex -35 -8.36446562160034 18.14392853163202
      vertex 28 -7.778174593052023 18.77817459305202
      vertex -35 -7.778174593052023 18.77817459305202
    endloop
  endfacet
  facet normal 0 -0.6788007455329407 0.7343225094356864
    outer loop
      vertex -35 -7.778174593052023 18.77817459305202
      vertex 28 -7.14392853163202 19.36446562160034
      vertex -35 -7.14392853163202 19.36446562160034
    endloop
  endfacet
  facet normal -2.8054429433345203e-18 -0.48862124149695774 0.8724960070727955
    outer loop
      vertex -35 -5.747484211875436 20.379041807895014
      vertex 28 -5.6721253404013945 20.421244803712717
      vertex -35 -4.993895497135014 20.80107176607205
    endloop
  endfacet
  facet normal 0 -0.4186597375374258 0.9081431738250825
    outer loop
      vertex -35 -4.993895497135014 20.80107176607205
      vertex 28 -4.28795553012789 21.126514548468943
      vertex -35 -4.2095177560159875 21.162674857624154
    endloop
  endfacet
  facet normal 0 0.48862124149695774 0.8724960070727955
    outer loop
      vertex -35 5.747484211875436 20.379041807895014
      vertex -35 4.993895497135014 20.80107176607205
      vertex 28 5.747484211875436 20.379041807895014
    endloop
  endfacet
  facet normal 0 -0.19509032201613014 0.9807852804032301
    outer loop
      vertex -35 -2.5678990024149595 21.696069124374443
      vertex 28 -1.7207791154425396 21.864571746546517
      vertex -35 -1.7207791154425396 21.864571746546517
    endloop
  endfacet
  facet normal 2.2443543546676184e-17 -0.11753739745783476 0.9930684569549266
    outer loop
      vertex -35 -1.7207791154425396 21.864571746546517
      vertex 28 -1.635006209198915 21.874723638998304
      vertex -35 -0.8630500530062943 21.966090671064407
    endloop
  endfacet
  facet normal 0 -0.03925981575906941 0.9992290362407228
    outer loop
      vertex -35 -0.8630500530062943 21.966090671064407
      vertex 28 0 22
      vertex -35 0 22
    endloop
  endfacet
  facet normal 0 0.11753739745783476 0.9930684569549266
    outer loop
      vertex -35 0.8630500530062943 21.966090671064407
      vertex 28 1.7207791154425396 21.864571746546517
      vertex -35 1.7207791154425396 21.864571746546517
    endloop
  endfacet
  facet normal 0 0.19509032201613014 0.9807852804032301
    outer loop
      vertex -35 1.7207791154425396 21.864571746546517
      vertex 28 2.5678990024149595 21.696069124374443
      vertex -35 2.5678990024149595 21.696069124374443
    endloop
  endfacet
  facet normal 0 0.7853169308807448 0.619093949309834
    outer loop
      vertex -35 8.899186938124423 17.465637775217203
      vertex -35 8.36446562160034 18.14392853163202
      vertex 28 8.899186938124423 17.465637775217203
    endloop
  endfacet
  facet normal 0 0.7343225094356851 0.6788007455329423
    outer loop
      vertex -35 8.36446562160034 18.14392853163202
      vertex -35 7.778174593052023 18.77817459305202
      vertex 28 8.36446562160034 18.14392853163202
    endloop
  endfacet
  facet normal 0 -0.9807852804032302 0.19509032201612966
    outer loop
      vertex -35 -10.864571746546515 12.72077911544254
      vertex 35 -10.864571746546515 12.72077911544254
      vertex 0 -10.780320435460478 13.14433905892875
    endloop
  endfacet
  facet normal 0 -0.9807852804032308 0.1950903220161265
    outer loop
      vertex -35 -10.696069124374443 13.56789900241496
      vertex 0 -10.780320435460478 13.14433905892875
      vertex 35 -10.696069124374443 13.56789900241496
    endloop
  endfacet
  facet normal 0 -0.9624552364536474 0.27144044986507376
    outer loop
      vertex -35 -10.461621679246688 14.399186938124421
      vertex 0 -10.578845401810565 13.98354297026969
      vertex 28 -10.461621679246688 14.399186938124421
    endloop
  endfacet
  facet normal 0 -0.9381913359224845 0.34611705707749213
    outer loop
      vertex -35 -10.461621679246688 14.399186938124421
      vertex 28 -10.461621679246688 14.399186938124421
      vertex 28 -10.162674857624154 15.209517756015988
    endloop
  endfacet
  facet normal 0 -0.9081431738250824 0.41865973753742575
    outer loop
      vertex -35 -9.801071766072047 15.993895497135014
      vertex 28 -9.837232075227258 15.915457723023112
      vertex 28 -9.801071766072047 15.993895497135014
    endloop
  endfacet
  facet normal 0 -0.872496007072797 0.4886212414969553
    outer loop
      vertex -35 -9.801071766072047 15.993895497135014
      vertex 28 -9.801071766072047 15.993895497135014
      vertex 28 -9.379041807895014 16.747484211875438
    endloop
  endfacet
  facet normal 0 0.27144044986507 0.9624552364536485
    outer loop
      vertex -35 2.5678990024149595 21.696069124374443
      vertex 28 2.5678990024149595 21.696069124374443
      vertex 0 2.9835429702696903 21.578845401810568
    endloop
  endfacet
  facet normal 0 0.8314696123025456 0.5555702330196017
    outer loop
      vertex -35 9.379041807895014 16.747484211875438
      vertex 0 9.139114373009718 17.10656099354632
      vertex 28 9.379041807895014 16.747484211875438
    endloop
  endfacet
  facet normal 0 0.8314696123025456 0.5555702330196017
    outer loop
      vertex -35 8.899186938124423 17.465637775217203
      vertex 28 8.899186938124423 17.465637775217203
      vertex 0 9.139114373009718 17.10656099354632
    endloop
  endfacet
  facet normal 0 -0.8314696123025456 0.5555702330196017
    outer loop
      vertex -35 -9.379041807895014 16.747484211875438
      vertex 28 -9.379041807895014 16.747484211875438
      vertex 28 -8.899186938124423 17.465637775217203
    endloop
  endfacet
  facet normal 0 -0.7853169308807448 0.619093949309834
    outer loop
      vertex -35 -8.899186938124423 17.465637775217203
      vertex 28 -8.899186938124423 17.465637775217203
      vertex 28 -8.36446562160034 18.14392853163202
    endloop
  endfacet
  facet normal 0 -0.7343225094356851 0.6788007455329423
    outer loop
      vertex -35 -8.36446562160034 18.14392853163202
      vertex 28 -8.36446562160034 18.14392853163202
      vertex 28 -7.778174593052023 18.77817459305202
    endloop
  endfacet
  facet normal 0 -0.6788007455329407 0.7343225094356864
    outer loop
      vertex -35 -7.778174593052023 18.77817459305202
      vertex 28 -7.778174593052023 18.77817459305202
      vertex 28 -7.14392853163202 19.36446562160034
    endloop
  endfacet
  facet normal 0 -0.6190939493098355 0.7853169308807437
    outer loop
      vertex -35 -6.465637775217204 19.899186938124423
      vertex 28 -7.076099455990539 19.417937753252748
      vertex 28 -6.465637775217204 19.899186938124423
    endloop
  endfacet
  facet normal 0 -0.48862124149695946 0.8724960070727945
    outer loop
      vertex -35 -5.747484211875436 20.379041807895014
      vertex 28 -5.747484211875436 20.379041807895014
      vertex 28 -5.6721253404013945 20.421244803712717
    endloop
  endfacet
  facet normal 0 -0.41865973753742575 0.9081431738250824
    outer loop
      vertex -35 -4.2095177560159875 21.162674857624154
      vertex 28 -4.28795553012789 21.126514548468943
      vertex 28 -4.2095177560159875 21.162674857624154
    endloop
  endfacet
  facet normal 0 -0.34611705707749324 0.938191335922484
    outer loop
      vertex -35 -3.3991869381244215 21.46162167924669
      vertex 28 -4.128484674226831 21.19256953978641
      vertex 28 -3.3991869381244215 21.46162167924669
    endloop
  endfacet
  facet normal 0 -0.2714404498650724 0.9624552364536479
    outer loop
      vertex -35 -2.5678990024149595 21.696069124374443
      vertex 28 -3.3160581445534754 21.485066423759466
      vertex 28 -2.5678990024149595 21.696069124374443
    endloop
  endfacet
  facet normal 0 -0.19509032201613014 0.9807852804032301
    outer loop
      vertex -35 -2.5678990024149595 21.696069124374443
      vertex 28 -2.5678990024149595 21.696069124374443
      vertex 28 -1.7207791154425396 21.864571746546517
    endloop
  endfacet
  facet normal 0 -0.11753739745781851 0.9930684569549285
    outer loop
      vertex -35 -1.7207791154425396 21.864571746546517
      vertex 28 -1.7207791154425396 21.864571746546517
      vertex 28 -1.635006209198915 21.874723638998304
    endloop
  endfacet
  facet normal 0 -0.03925981575906941 0.9992290362407228
    outer loop
      vertex -35 -0.8630500530062943 21.966090671064407
      vertex 28 -0.8630500530062943 21.966090671064407
      vertex 28 0 22
    endloop
  endfacet
  facet normal 0 0.03925981575906941 0.9992290362407228
    outer loop
      vertex -35 0.8630500530062943 21.966090671064407
      vertex 28 0.08630500530062944 21.99660906710644
      vertex 28 0.8630500530062943 21.966090671064407
    endloop
  endfacet
  facet normal 0 0.19509032201613014 0.9807852804032301
    outer loop
      vertex -35 1.7207791154425396 21.864571746546517
      vertex 28 1.7207791154425396 21.864571746546517
      vertex 28 2.5678990024149595 21.696069124374443
    endloop
  endfacet
  facet normal 0 0.11753739745783476 0.9930684569549266
    outer loop
      vertex -35 0.8630500530062943 21.966090671064407
      vertex 28 0.8630500530062943 21.966090671064407
      vertex 28 1.7207791154425396 21.864571746546517
    endloop
  endfacet
  facet normal 0 0.48862124149695774 0.8724960070727955
    outer loop
      vertex -35 4.993895497135014 20.80107176607205
      vertex 28 4.993895497135014 20.80107176607205
      vertex 28 5.747484211875436 20.379041807895014
    endloop
  endfacet
  facet normal 0 0.7853169308807448 0.619093949309834
    outer loop
      vertex -35 8.36446562160034 18.14392853163202
      vertex 28 8.36446562160034 18.14392853163202
      vertex 28 8.899186938124423 17.465637775217203
    endloop
  endfacet
  facet normal 0 0.7343225094356851 0.6788007455329423
    outer loop
      vertex -35 7.778174593052023 18.77817459305202
      vertex 28 7.778174593052023 18.77817459305202
      vertex 28 8.36446562160034 18.14392853163202
    endloop
  endfacet
  facet normal 0 0.6788007455329415 0.7343225094356857
    outer loop
      vertex -35 7.778174593052023 18.77817459305202
      vertex 28 7.20735313777402 19.305836518745508
      vertex 28 7.778174593052023 18.77817459305202
    endloop
  endfacet
  facet normal 0 -0.41865973753742747 -0.9081431738250817
    outer loop
      vertex 0 -4.601706626575501 1.0181266881518996
      vertex 35 -4.601706626575501 1.0181266881518996
      vertex 35 -4.993895497135014 1.198928233927953
    endloop
  endfacet
  facet normal 1 0 0
    outer loop
      vertex 35 0 0
      vertex 35 3.824922462148559 0.6954404476633743
      vertex 35 -1.7327348738908768 7.284138076007366
    endloop
  endfacet
  facet normal 1 0 0
    outer loop
      vertex 35 -4.601706626575501 1.0181266881518996
      vertex 35 -10.617902119462075 13.845058295487167
      vertex 35 -4.993895497135014 1.198928233927953
    endloop
  endfacet
  facet normal 1 0 0
    outer loop
      vertex 35 -2.5678990024149595 0.3039308756255572
      vertex 35 -1.7207791154425396 0.13542825345348497
      vertex 35 -10.617902119462075 13.845058295487167
    endloop
  endfacet
  facet normal 1 0 0
    outer loop
      vertex 35 -1.7207791154425396 0.13542825345348497
      vertex 35 -0.8630500530062943 0.03390932893559295
      vertex 35 -10.617902119462075 13.845058295487167
    endloop
  endfacet
  facet normal 1 0 0
    outer loop
      vertex 35 -0.8630500530062943 0.03390932893559295
      vertex 35 0 0
      vertex 35 -10.617902119462075 13.845058295487167
    endloop
  endfacet
  facet normal 1 0 0
    outer loop
      vertex 35 -2.5678990024149595 0.3039308756255572
      vertex 35 -10.617902119462075 13.845058295487167
      vertex 35 -3.3991869381244215 0.5383783207533117
    endloop
  endfacet
  facet normal 1 0 0
    outer loop
      vertex 35 -3.3991869381244215 0.5383783207533117
      vertex 35 -10.617902119462075 13.845058295487167
      vertex 35 -4.2095177560159875 0.8373251423758461
    endloop
  endfacet
  facet normal 1 0 0
    outer loop
      vertex 35 -4.601706626575501 1.0181266881518996
      vertex 35 -4.2095177560159875 0.8373251423758461
      vertex 35 -10.617902119462075 13.845058295487167
    endloop
  endfacet
  facet normal 1 0 0
    outer loop
      vertex 35 3.824922462148559 0.6954404476633743
      vertex 35 4.2095177560159875 0.8373251423758461
      vertex 35 -1.4022825881838799 7.147260256111622
    endloop
  endfacet
  facet normal 1 0 0
    outer loop
      vertex 35 4.2095177560159875 0.8373251423758461
      vertex 35 4.993895497135014 1.198928233927953
      vertex 35 -0.357338547706604 6.91560173779726
    endloop
  endfacet
  facet normal 1 0 0
    outer loop
      vertex 35 4.993895497135014 1.198928233927953
      vertex 35 5.747484211875436 1.620958192104986
      vertex 35 0.357338547706604 6.91560173779726
    endloop
  endfacet
  facet normal 1 0 0
    outer loop
      vertex 35 5.747484211875436 1.620958192104986
      vertex 35 6.465637775217204 2.100813061875577
      vertex 35 1.0611580833792686 7.039704114198685
    endloop
  endfacet
  facet normal 1 0 0
    outer loop
      vertex 35 6.465637775217204 2.100813061875577
      vertex 35 7.14392853163202 2.63553437839966
      vertex 35 1.4022825881838799 7.147260256111622
    endloop
  endfacet
  facet normal 1 0 0
    outer loop
      vertex 35 0 0
      vertex 35 -1.7327348738908768 7.284138076007366
      vertex 35 -2.0499999970197678 7.449295841157436
    endloop
  endfacet
  facet normal 1 0 0
    outer loop
      vertex 35 0 0
      vertex 35 -2.0499999970197678 7.449295841157436
      vertex 35 -2.351663388311863 7.64147661626339
    endloop
  endfacet
  facet normal 1 0 0
    outer loop
      vertex 35 0 0
      vertex 35 -2.351663388311863 7.64147661626339
      vertex 35 -2.635429196059704 7.859217785298824
    endloop
  endfacet
  facet normal 1 0 0
    outer loop
      vertex 35 0 0
      vertex 35 -2.635429196059704 7.859217785298824
      vertex 35 -2.8991378024220467 8.100862197577953
    endloop
  endfacet
  facet normal 1 0 0
    outer loop
      vertex 35 0 0
      vertex 35 -2.8991378024220467 8.100862197577953
      vertex 35 -3.1407822147011757 8.364570803940296
    endloop
  endfacet
  facet normal 1 0 0
    outer loop
      vertex 35 4.2095177560159875 0.8373251423758461
      vertex 35 -0.7119575291872025 6.962288215756416
      vertex 35 -1.0611580833792686 7.039704114198685
    endloop
  endfacet
  facet normal 1 0 0
    outer loop
      vertex 35 4.2095177560159875 0.8373251423758461
      vertex 35 -0.357338547706604 6.91560173779726
      vertex 35 -0.7119575291872025 6.962288215756416
    endloop
  endfacet
  facet normal 1 0 0
    outer loop
      vertex 35 3.824922462148559 0.6954404476633743
      vertex 35 -1.4022825881838799 7.147260256111622
      vertex 35 -1.7327348738908768 7.284138076007366
    endloop
  endfacet
  facet normal 1 0 0
    outer loop
      vertex 35 4.2095177560159875 0.8373251423758461
      vertex 35 -1.0611580833792686 7.039704114198685
      vertex 35 -1.4022825881838799 7.147260256111622
    endloop
  endfacet
  facet normal 1 0 0
    outer loop
      vertex 35 4.993895497135014 1.198928233927953
      vertex 35 0 6.899999998509884
      vertex 35 -0.357338547706604 6.91560173779726
    endloop
  endfacet
  facet normal 1 0 0
    outer loop
      vertex 35 4.993895497135014 1.198928233927953
      vertex 35 0.357338547706604 6.91560173779726
      vertex 35 0 6.899999998509884
    endloop
  endfacet
  facet normal 1 0 0
    outer loop
      vertex 35 7.14392853163202 2.63553437839966
      vertex 35 7.778174593052023 3.2218254069479766
      vertex 35 2.0499999970197678 7.449295841157436
    endloop
  endfacet
  facet normal 1 0 0
    outer loop
      vertex 35 5.747484211875436 1.620958192104986
      vertex 35 0.7119575291872025 6.962288215756416
      vertex 35 0.357338547706604 6.91560173779726
    endloop
  endfacet
  facet normal 1 0 0
    outer loop
      vertex 35 5.747484211875436 1.620958192104986
      vertex 35 1.0611580833792686 7.039704114198685
      vertex 35 0.7119575291872025 6.962288215756416
    endloop
  endfacet
  facet normal 1 0 0
    outer loop
      vertex 35 6.465637775217204 2.100813061875577
      vertex 35 1.4022825881838799 7.147260256111622
      vertex 35 1.0611580833792686 7.039704114198685
    endloop
  endfacet
  facet normal 1 0 0
    outer loop
      vertex 35 7.778174593052023 3.2218254069479766
      vertex 35 8.36446562160034 3.85607146836798
      vertex 35 2.635429196059704 7.859217785298824
    endloop
  endfacet
  facet normal 2.2953624081827936e-17 -0.9081431738250817 -0.41865973753742747
    outer loop
      vertex 0 -9.981873311848101 6.398293373424499
      vertex 35 -9.801071766072047 6.006104502864986
      vertex 35 -10.162674857624154 6.7904822439840125
    endloop
  endfacet
  facet normal 2.5134218369601558e-17 -0.9930684569549264 -0.11753739745783677
    outer loop
      vertex 0 -10.915331208805462 9.708085415775583
      vertex 35 -10.864571746546515 9.27922088455746
      vertex 35 -10.966090671064407 10.136949946993706
    endloop
  endfacet
  facet normal 1 0 0
    outer loop
      vertex 35 -4.993895497135014 1.198928233927953
      vertex 35 -10.617902119462075 13.845058295487167
      vertex 35 -5.747484211875436 1.620958192104986
    endloop
  endfacet
  facet normal 1 0 0
    outer loop
      vertex 35 -5.747484211875436 1.620958192104986
      vertex 35 -10.617902119462075 13.845058295487167
      vertex 35 -6.465637775217204 2.100813061875577
    endloop
  endfacet
  facet normal 1 0 0
    outer loop
      vertex 35 -7.14392853163202 2.63553437839966
      vertex 35 -6.465637775217204 2.100813061875577
      vertex 35 -10.617902119462075 13.845058295487167
    endloop
  endfacet
  facet normal 1 0 0
    outer loop
      vertex 35 -7.14392853163202 2.63553437839966
      vertex 35 -10.617902119462075 13.845058295487167
      vertex 35 -7.778174593052023 3.2218254069479766
    endloop
  endfacet
  facet normal 1 0 0
    outer loop
      vertex 35 0 0
      vertex 35 -3.3585233837366104 8.648336611688137
      vertex 35 -3.5507041588425636 8.950000002980232
    endloop
  endfacet
  facet normal 1 0 0
    outer loop
      vertex 35 0 0
      vertex 35 -3.5507041588425636 8.950000002980232
      vertex 35 -3.715861923992634 9.267265126109123
    endloop
  endfacet
  facet normal 1 0 0
    outer loop
      vertex 35 0 0
      vertex 35 -3.715861923992634 9.267265126109123
      vertex 35 -3.852739743888378 9.59771741181612
    endloop
  endfacet
  facet normal 1 0 0
    outer loop
      vertex 35 -7.778174593052023 3.2218254069479766
      vertex 35 -10.617902119462075 13.845058295487167
      vertex 35 -8.36446562160034 3.85607146836798
    endloop
  endfacet
  facet normal 1 0 0
    outer loop
      vertex 35 -8.36446562160034 3.85607146836798
      vertex 35 -10.617902119462075 13.845058295487167
      vertex 35 -8.899186938124423 4.534362224782796
    endloop
  endfacet
  facet normal 1 0 0
    outer loop
      vertex 35 -8.899186938124423 4.534362224782796
      vertex 35 -10.617902119462075 13.845058295487167
      vertex 35 -9.379041807895014 5.252515788124564
    endloop
  endfacet
  facet normal 1 0 0
    outer loop
      vertex 35 0 0
      vertex 35 -3.852739743888378 9.59771741181612
      vertex 35 -10.617902119462075 13.845058295487167
    endloop
  endfacet
  facet normal 1 0 0
    outer loop
      vertex 35 0 0
      vertex 35 -3.1407822147011757 8.364570803940296
      vertex 35 -3.3585233837366104 8.648336611688137
    endloop
  endfacet
  facet normal 1 0 0
    outer loop
      vertex 35 7.14392853163202 2.63553437839966
      vertex 35 1.7327348738908768 7.284138076007366
      vertex 35 1.4022825881838799 7.147260256111622
    endloop
  endfacet
  facet normal 1 0 0
    outer loop
      vertex 35 7.14392853163202 2.63553437839966
      vertex 35 2.0499999970197678 7.449295841157436
      vertex 35 1.7327348738908768 7.284138076007366
    endloop
  endfacet
  facet normal 1 0 0
    outer loop
      vertex 35 7.778174593052023 3.2218254069479766
      vertex 35 2.351663388311863 7.64147661626339
      vertex 35 2.0499999970197678 7.449295841157436
    endloop
  endfacet
  facet normal 1 0 0
    outer loop
      vertex 35 7.778174593052023 3.2218254069479766
      vertex 35 2.635429196059704 7.859217785298824
      vertex 35 2.351663388311863 7.64147661626339
    endloop
  endfacet
  facet normal 1 0 0
    outer loop
      vertex 35 8.36446562160034 3.85607146836798
      vertex 35 2.8991378024220467 8.100862197577953
      vertex 35 2.635429196059704 7.859217785298824
    endloop
  endfacet
  facet normal 1 0 0
    outer loop
      vertex 35 8.36446562160034 3.85607146836798
      vertex 35 3.1407822147011757 8.364570803940296
      vertex 35 2.8991378024220467 8.100862197577953
    endloop
  endfacet
  facet normal 1 0 0
    outer loop
      vertex 35 8.899186938124423 4.534362224782796
      vertex 35 3.3585233837366104 8.648336611688137
      vertex 35 3.1407822147011757 8.364570803940296
    endloop
  endfacet
  facet normal 1 0 0
    outer loop
      vertex 35 9.379041807895014 5.252515788124564
      vertex 35 3.5507041588425636 8.950000002980232
      vertex 35 3.3585233837366104 8.648336611688137
    endloop
  endfacet
  facet normal 1 0 0
    outer loop
      vertex 35 9.801071766072047 6.006104502864986
      vertex 35 3.715861923992634 9.267265126109123
      vertex 35 3.5507041588425636 8.950000002980232
    endloop
  endfacet
  facet normal 1 0 0
    outer loop
      vertex 35 -9.379041807895014 5.252515788124564
      vertex 35 -10.617902119462075 13.845058295487167
      vertex 35 -9.801071766072047 6.006104502864986
    endloop
  endfacet
  facet normal 1 0 0
    outer loop
      vertex 35 -9.801071766072047 6.006104502864986
      vertex 35 -10.617902119462075 13.845058295487167
      vertex 35 -10.162674857624154 6.7904822439840125
    endloop
  endfacet
  facet normal 1 0 0
    outer loop
      vertex 35 -10.162674857624154 6.7904822439840125
      vertex 35 -10.617902119462075 13.845058295487167
      vertex 35 -10.461621679246688 7.600813061875579
    endloop
  endfacet
  facet normal 1 0 0
    outer loop
      vertex 35 -10.461621679246688 7.600813061875579
      vertex 35 -10.696069124374443 13.56789900241496
      vertex 35 -10.696069124374443 8.43210099758504
    endloop
  endfacet
  facet normal 1 0 0
    outer loop
      vertex 35 -10.696069124374443 8.43210099758504
      vertex 35 -10.864571746546515 12.72077911544254
      vertex 35 -10.864571746546515 9.27922088455746
    endloop
  endfacet
  facet normal 1 0 0
    outer loop
      vertex 35 -10.864571746546515 9.27922088455746
      vertex 35 -10.966090671064407 11.863050053006294
      vertex 35 -10.966090671064407 10.136949946993706
    endloop
  endfacet
  facet normal 1 0 0
    outer loop
      vertex 35 10.08901152137896 6.630694115405556
      vertex 35 3.852739743888378 9.59771741181612
      vertex 35 3.715861923992634 9.267265126109123
    endloop
  endfacet
  facet normal 1 0 0
    outer loop
      vertex 35 10.08901152137896 6.630694115405556
      vertex 35 3.926894608188292 9.8329065968618
      vertex 35 3.852739743888378 9.59771741181612
    endloop
  endfacet
  facet normal 1 0 0
    outer loop
      vertex 35 8.36446562160034 3.85607146836798
      vertex 35 8.899186938124423 4.534362224782796
      vertex 35 3.1407822147011757 8.364570803940296
    endloop
  endfacet
  facet normal 1 0 0
    outer loop
      vertex 35 8.899186938124423 4.534362224782796
      vertex 35 9.379041807895014 5.252515788124564
      vertex 35 3.3585233837366104 8.648336611688137
    endloop
  endfacet
  facet normal 1 0 0
    outer loop
      vertex 35 9.379041807895014 5.252515788124564
      vertex 35 9.801071766072047 6.006104502864986
      vertex 35 3.5507041588425636 8.950000002980232
    endloop
  endfacet
  facet normal 1 0 0
    outer loop
      vertex 35 9.801071766072047 6.006104502864986
      vertex 35 10.08901152137896 6.630694115405556
      vertex 35 3.715861923992634 9.267265126109123
    endloop
  endfacet
  facet normal 0 -0.9807852804032308 0.1950903220161265
    outer loop
      vertex 0 -10.780320435460478 13.14433905892875
      vertex 35 -10.780320435460478 13.14433905892875
      vertex 35 -10.696069124374443 13.56789900241496
    endloop
  endfacet
  facet normal 1.4634607305082682e-17 -0.9624552364536476 0.2714404498650729
    outer loop
      vertex 0 -10.578845401810565 13.98354297026969
      vertex 28 -10.617902119462451 13.845058295485826
      vertex 28 -10.461621679246688 14.399186938124421
    endloop
  endfacet
  facet normal 6.834669923698699e-17 -0.9624552364536448 0.2714404498650829
    outer loop
      vertex 0 -10.578845401810565 13.98354297026969
      vertex 35 -10.696069124374443 13.56789900241496
      vertex 28 -10.617902119462451 13.845058295485826
    endloop
  endfacet
  facet normal 1 0 0
    outer loop
      vertex 35 -10.966090671064407 10.136949946993706
      vertex 35 -10.966090671064407 11.863050053006294
      vertex 35 -11 11
    endloop
  endfacet
  facet normal 1 0 0
    outer loop
      vertex 35 -10.864571746546515 9.27922088455746
      vertex 35 -10.864571746546515 12.72077911544254
      vertex 35 -10.966090671064407 11.863050053006294
    endloop
  endfacet
  facet normal 1 0 0
    outer loop
      vertex 35 -10.696069124374443 8.43210099758504
      vertex 35 -10.780320435460478 13.14433905892875
      vertex 35 -10.864571746546515 12.72077911544254
    endloop
  endfacet
  facet normal 1 0 0
    outer loop
      vertex 35 -10.461621679246688 7.600813061875579
      vertex 35 -10.617902119462075 13.845058295487167
      vertex 35 -10.696069124374443 13.56789900241496
    endloop
  endfacet
  facet normal 1 0 0
    outer loop
      vertex 35 -10.696069124374443 8.43210099758504
      vertex 35 -10.696069124374443 13.56789900241496
      vertex 35 -10.780320435460478 13.14433905892875
    endloop
  endfacet
  facet normal 1 0 0
    outer loop
      vertex 35 -10.617902119462075 13.845058295487167
      vertex 35 -3.852739743888378 9.59771741181612
      vertex 35 -3.9602958858013153 9.938841916620731
    endloop
  endfacet
  facet normal 1 0 0
    outer loop
      vertex 35 -10.617902119462075 13.845058295487167
      vertex 35 -3.9602958858013153 9.938841916620731
      vertex 35 -4.037711784243584 10.288042470812798
    endloop
  endfacet
  facet normal 1 0 0
    outer loop
      vertex 35 -10.617902119462075 13.845058295487167
      vertex 35 -4.037711784243584 10.288042470812798
      vertex 35 -4.08439826220274 10.642661452293396
    endloop
  endfacet
  facet normal 1 0 0
    outer loop
      vertex 35 -10.617902119462075 13.845058295487167
      vertex 35 -4.08439826220274 10.642661452293396
      vertex 35 -4.100000001490116 11
    endloop
  endfacet
  facet normal 1 0 0
    outer loop
      vertex 35 -4.08439826220274 11.357338547706604
      vertex 35 -10.617902119462075 13.845058295487167
      vertex 35 -4.100000001490116 11
    endloop
  endfacet
  facet normal 1 0 0
    outer loop
      vertex 35 -4.037711784243584 11.711957529187202
      vertex 35 -10.617902119462075 13.845058295487167
      vertex 35 -4.08439826220274 11.357338547706604
    endloop
  endfacet
  facet normal 1 0 0
    outer loop
      vertex 35 -3.960295885801473 12.061158083378558
      vertex 35 -10.617902119462075 13.845058295487167
      vertex 35 -4.037711784243584 11.711957529187202
    endloop
  endfacet
  facet normal -2.2718896731240576e-16 -0.9624552364536467 0.271440449865076
    outer loop
      vertex 35 -10.696069124374443 13.56789900241496
      vertex 35 -10.617902119462075 13.845058295487167
      vertex 28 -10.617902119462451 13.845058295485826
    endloop
  endfacet
  facet normal 0 0.41865973753742575 0.9081431738250824
    outer loop
      vertex 0 4.601706626575501 20.9818733118481
      vertex 28 4.28795553012789 21.126514548468943
      vertex 28 4.915457723023112 20.83723207522726
    endloop
  endfacet
  facet normal 3.825604013637988e-17 0.2714404498650723 0.9624552364536478
    outer loop
      vertex 0 2.9835429702696903 21.578845401810568
      vertex 28 2.5678990024149595 21.696069124374443
      vertex 28 3.3160581445534754 21.485066423759466
    endloop
  endfacet
  facet normal 0 0.8314696123025456 0.5555702330196017
    outer loop
      vertex 0 9.139114373009718 17.10656099354632
      vertex 28 8.899186938124423 17.465637775217203
      vertex 28 9.379041807895014 16.747484211875438
    endloop
  endfacet
  facet normal -1 0 0
    outer loop
      vertex -35 0 0
      vertex -35 0.8630500530062943 0.03390932893559295
      vertex -35 11 0
    endloop
  endfacet
  facet normal -1 0 0
    outer loop
      vertex -35 0.8630500530062943 0.03390932893559295
      vertex -35 1.7207791154425396 0.13542825345348497
      vertex -35 11 0
    endloop
  endfacet
  facet normal -1 0 0
    outer loop
      vertex -35 1.7207791154425396 0.13542825345348497
      vertex -35 2.5678990024149595 0.3039308756255572
      vertex -35 11 0
    endloop
  endfacet
  facet normal -1 0 0
    outer loop
      vertex -35 2.5678990024149595 0.3039308756255572
      vertex -35 3.3991869381244215 0.5383783207533117
      vertex -35 11 0
    endloop
  endfacet
  facet normal -1 0 0
    outer loop
      vertex -35 3.3991869381244215 0.5383783207533117
      vertex -35 4.2095177560159875 0.8373251423758461
      vertex -35 11 0
    endloop
  endfacet
  facet normal 0 -0.41865973753742747 -0.9081431738250817
    outer loop
      vertex -35 -4.993895497135014 1.198928233927953
      vertex -35 -4.2095177560159875 0.8373251423758461
      vertex 0 -4.601706626575501 1.0181266881518996
    endloop
  endfacet
  facet normal 1.928104422873543e-17 -0.7853169308807442 -0.6190939493098351
    outer loop
      vertex -35 -8.36446562160034 3.85607146836798
      vertex 0 -8.63182627986238 4.195216846575388
      vertex -35 -8.899186938124423 4.534362224782796
    endloop
  endfacet
  facet normal -1 0 0
    outer loop
      vertex -35 4.2095177560159875 0.8373251423758461
      vertex -35 4.993895497135014 1.198928233927953
      vertex -35 11 0
    endloop
  endfacet
  facet normal -1 0 0
    outer loop
      vertex -35 4.993895497135014 1.198928233927953
      vertex -35 5.747484211875436 1.620958192104986
      vertex -35 11 0
    endloop
  endfacet
  facet normal -1 0 0
    outer loop
      vertex -35 5.747484211875436 1.620958192104986
      vertex -35 6.465637775217204 2.100813061875577
      vertex -35 11 0
    endloop
  endfacet
  facet normal 0 0 -1
    outer loop
      vertex -35 0 0
      vertex -35 11 0
      vertex -20.641025641025642 15.102564102564102 0
    endloop
  endfacet
  facet normal -1 0 0
    outer loop
      vertex -35 6.465637775217204 2.100813061875577
      vertex -35 7.14392853163202 2.63553437839966
      vertex -35 11 0
    endloop
  endfacet
  facet normal -1 0 0
    outer loop
      vertex -35 11 0
      vertex -35 7.14392853163202 2.63553437839966
      vertex -35 7.778174593052023 3.2218254069479766
    endloop
  endfacet
  facet normal -1 0 0
    outer loop
      vertex -35 11 0
      vertex -35 7.778174593052023 3.2218254069479766
      vertex -35 8.36446562160034 3.85607146836798
    endloop
  endfacet
  facet normal -1 0 0
    outer loop
      vertex -35 11 0
      vertex -35 8.899186938124423 4.534362224782796
      vertex -35 19 0
    endloop
  endfacet
  facet normal 0 0 -1
    outer loop
      vertex -35 11 0
      vertex -35 19 0
      vertex -34.72405085323513 18.925099517306677 0
    endloop
  endfacet
  facet normal -1 0 0
    outer loop
      vertex -35 19 0
      vertex -35 9.801071766072047 6.006104502864986
      vertex -35 19 0.40336134453781514
    endloop
  endfacet
  facet normal -1 0 0
    outer loop
      vertex -35 11 0
      vertex -35 8.36446562160034 3.85607146836798
      vertex -35 8.899186938124423 4.534362224782796
    endloop
  endfacet
  facet normal -1 0 0
    outer loop
      vertex -35 19 0
      vertex -35 8.899186938124423 4.534362224782796
      vertex -35 9.379041807895014 5.252515788124564
    endloop
  endfacet
  facet normal -1 0 0
    outer loop
      vertex -35 19 0
      vertex -35 9.379041807895014 5.252515788124564
      vertex -35 9.801071766072047 6.006104502864986
    endloop
  endfacet
  facet normal -1 0 0
    outer loop
      vertex -35 19 2
      vertex -35 9.801071766072047 6.006104502864986
      vertex -35 10.162674857624154 6.7904822439840125
    endloop
  endfacet
  facet normal -1 0 0
    outer loop
      vertex -35 19 2
      vertex -35 10.162674857624154 6.7904822439840125
      vertex -35 10.290889468812 7.138023155058428
    endloop
  endfacet
  facet normal -1 0 0
    outer loop
      vertex -35 19 2
      vertex -35 10.290889468812 7.138023155058428
      vertex -35 16.390481507521752 6
    endloop
  endfacet
  facet normal -1 0 0
    outer loop
      vertex -35 19 0.40336134453781514
      vertex -35 9.801071766072047 6.006104502864986
      vertex -35 19 2
    endloop
  endfacet
  facet normal 0 -0.3461170570774923 -0.9381913359224844
    outer loop
      vertex -35 -3.3991869381244215 0.5383783207533117
      vertex 35 -3.3991869381244215 0.5383783207533117
      vertex -35 -4.2095177560159875 0.8373251423758461
    endloop
  endfacet
  facet normal 0 -0.27144044986507554 -0.962455236453647
    outer loop
      vertex -35 -2.5678990024149595 0.3039308756255572
      vertex 35 -2.5678990024149595 0.3039308756255572
      vertex -35 -3.3991869381244215 0.5383783207533117
    endloop
  endfacet
  facet normal 0 -0.6190939493098351 -0.7853169308807442
    outer loop
      vertex -35 -7.14392853163202 2.63553437839966
      vertex -35 -6.465637775217204 2.100813061875577
      vertex 35 -6.465637775217204 2.100813061875577
    endloop
  endfacet
  facet normal 0 -0.4886212414969562 -0.8724960070727964
    outer loop
      vertex -35 -4.993895497135014 1.198928233927953
      vertex 35 -5.747484211875436 1.620958192104986
      vertex -35 -5.747484211875436 1.620958192104986
    endloop
  endfacet
  facet normal 0 -0.5555702330196003 -0.8314696123025465
    outer loop
      vertex -35 -5.747484211875436 1.620958192104986
      vertex 35 -5.747484211875436 1.620958192104986
      vertex -35 -6.465637775217204 2.100813061875577
    endloop
  endfacet
  facet normal 0 -0.03925981575906941 -0.9992290362407229
    outer loop
      vertex -35 -0.8630500530062943 0.03390932893559295
      vertex -35 0 0
      vertex 35 0 0
    endloop
  endfacet
  facet normal 0 -0.6788007455329407 -0.7343225094356864
    outer loop
      vertex -35 -7.14392853163202 2.63553437839966
      vertex 35 -7.14392853163202 2.63553437839966
      vertex -35 -7.778174593052023 3.2218254069479766
    endloop
  endfacet
  facet normal -1 0 0
    outer loop
      vertex -35 10.290889468812 7.138023155058428
      vertex -35 4.09107837082936 10.79566108080855
      vertex -35 4.100000001490116 11
    endloop
  endfacet
  facet normal -1 0 0
    outer loop
      vertex -35 10.290889468812 7.138023155058428
      vertex -35 4.100000001490116 11
      vertex -35 4.08439826220274 11.357338547706604
    endloop
  endfacet
  facet normal -1 0 0
    outer loop
      vertex -35 10.290889468812 7.138023155058428
      vertex -35 4.08439826220274 11.357338547706604
      vertex -35 4.037711784243584 11.711957529187202
    endloop
  endfacet
  facet normal -1 0 0
    outer loop
      vertex -35 10.290889468812 7.138023155058428
      vertex -35 4.037711784243584 11.711957529187202
      vertex -35 3.9602958858013153 12.061158083379269
    endloop
  endfacet
  facet normal -1 0 0
    outer loop
      vertex -35 10.290889468812 7.138023155058428
      vertex -35 3.9602958858013153 12.061158083379269
      vertex -35 3.852739743888378 12.40228258818388
    endloop
  endfacet
  facet normal -1 0 0
    outer loop
      vertex -35 10.290889468812 7.138023155058428
      vertex -35 3.852739743888378 12.40228258818388
      vertex -35 3.715861923992634 12.732734873890877
    endloop
  endfacet
  facet normal -1 0 0
    outer loop
      vertex -35 10.290889468812 7.138023155058428
      vertex -35 3.715861923992634 12.732734873890877
      vertex -35 3.5507041588425636 13.049999997019768
    endloop
  endfacet
  facet normal 0 0.8375317557443017 0.5463886511631324
    outer loop
      vertex -35 16.390481507521752 6
      vertex -35 9.379041807895014 16.747484211875438
      vertex -31 16.390481507521752 6
    endloop
  endfacet
  facet normal -1 0 0
    outer loop
      vertex -35 10.290889468812 7.138023155058428
      vertex -35 9.379041807895014 16.747484211875438
      vertex -35 16.390481507521752 6
    endloop
  endfacet
  facet normal 0 -0.8724960070727964 -0.4886212414969562
    outer loop
      vertex -35 -9.379041807895014 5.252515788124564
      vertex 35 -9.801071766072047 6.006104502864986
      vertex -35 -9.801071766072047 6.006104502864986
    endloop
  endfacet
  facet normal 0 -0.9807852804032305 -0.1950903220161281
    outer loop
      vertex -35 -10.696069124374443 8.43210099758504
      vertex 35 -10.696069124374443 8.43210099758504
      vertex -35 -10.864571746546515 9.27922088455746
    endloop
  endfacet
  facet normal 0 -0.9992290362407229 -0.03925981575906943
    outer loop
      vertex -35 -10.966090671064407 10.136949946993706
      vertex 35 -11 11
      vertex -35 -11 11
    endloop
  endfacet
  facet normal -1.2608095445180427e-17 0.8375317557443017 0.5463886511631326
    outer loop
      vertex -31 19 2
      vertex -31 16.390481507521752 6
      vertex 28 11.175120926570006 13.994364624714718
    endloop
  endfacet
  facet normal 0 0 -1
    outer loop
      vertex -35 0 0
      vertex -20.641025641025642 15.102564102564102 0
      vertex 35 0 0
    endloop
  endfacet
  facet normal 0 -0.41865973753742747 -0.9081431738250817
    outer loop
      vertex -35 -4.993895497135014 1.198928233927953
      vertex 0 -4.601706626575501 1.0181266881518996
      vertex 35 -4.993895497135014 1.198928233927953
    endloop
  endfacet
  facet normal 0 -0.41865973753742747 -0.9081431738250817
    outer loop
      vertex -35 -4.2095177560159875 0.8373251423758461
      vertex 35 -4.2095177560159875 0.8373251423758461
      vertex 0 -4.601706626575501 1.0181266881518996
    endloop
  endfacet
  facet normal 0 -0.7853169308807431 -0.6190939493098363
    outer loop
      vertex -35 -8.899186938124423 4.534362224782796
      vertex 0 -8.63182627986238 4.195216846575388
      vertex 35 -8.899186938124423 4.534362224782796
    endloop
  endfacet
  facet normal 0 -0.8314696123025462 -0.5555702330196008
    outer loop
      vertex -35 -8.899186938124423 4.534362224782796
      vertex 35 -8.899186938124423 4.534362224782796
      vertex 0 -9.139114373009718 4.893439006453679
    endloop
  endfacet
  facet normal 0 -0.8314696123025468 -0.5555702330195998
    outer loop
      vertex -35 -9.379041807895014 5.252515788124564
      vertex 0 -9.139114373009718 4.893439006453679
      vertex 35 -9.379041807895014 5.252515788124564
    endloop
  endfacet
  facet normal 0 -0.27144044986507554 -0.962455236453647
    outer loop
      vertex -35 -3.3991869381244215 0.5383783207533117
      vertex 35 -2.5678990024149595 0.3039308756255572
      vertex 35 -3.3991869381244215 0.5383783207533117
    endloop
  endfacet
  facet normal 0 -0.4886212414969562 -0.8724960070727964
    outer loop
      vertex -35 -4.993895497135014 1.198928233927953
      vertex 35 -4.993895497135014 1.198928233927953
      vertex 35 -5.747484211875436 1.620958192104986
    endloop
  endfacet
  facet normal 0 -0.3461170570774923 -0.9381913359224844
    outer loop
      vertex -35 -4.2095177560159875 0.8373251423758461
      vertex 35 -3.3991869381244215 0.5383783207533117
      vertex 35 -4.2095177560159875 0.8373251423758461
    endloop
  endfacet
  facet normal 0 -0.6190939493098351 -0.7853169308807442
    outer loop
      vertex -35 -7.14392853163202 2.63553437839966
      vertex 35 -6.465637775217204 2.100813061875577
      vertex 35 -7.14392853163202 2.63553437839966
    endloop
  endfacet
  facet normal 0 -0.5555702330196003 -0.8314696123025465
    outer loop
      vertex -35 -6.465637775217204 2.100813061875577
      vertex 35 -5.747484211875436 1.620958192104986
      vertex 35 -6.465637775217204 2.100813061875577
    endloop
  endfacet
  facet normal 0 -0.03925981575906941 -0.9992290362407229
    outer loop
      vertex -35 -0.8630500530062943 0.03390932893559295
      vertex 35 0 0
      vertex 35 -0.8630500530062943 0.03390932893559295
    endloop
  endfacet
  facet normal 0 0.8375317557443017 0.5463886511631326
    outer loop
      vertex -31 19 2
      vertex 31 16.390481507521752 6
      vertex 31 19 2
    endloop
  endfacet
  facet normal 0 -0.9081431738250808 -0.41865973753742913
    outer loop
      vertex -35 -9.801071766072047 6.006104502864986
      vertex 35 -9.801071766072047 6.006104502864986
      vertex 0 -9.981873311848101 6.398293373424499
    endloop
  endfacet
  facet normal 0 -0.9930684569549261 -0.11753739745783878
    outer loop
      vertex -35 -10.864571746546515 9.27922088455746
      vertex 35 -10.864571746546515 9.27922088455746
      vertex 0 -10.915331208805462 9.708085415775583
    endloop
  endfacet
  facet normal 0 -0.962455236453647 -0.2714404498650757
    outer loop
      vertex -35 -10.696069124374443 8.43210099758504
      vertex 35 -10.461621679246688 7.600813061875579
      vertex 35 -10.696069124374443 8.43210099758504
    endloop
  endfacet
  facet normal 0 -0.9807852804032305 -0.1950903220161281
    outer loop
      vertex -35 -10.864571746546515 9.27922088455746
      vertex 35 -10.696069124374443 8.43210099758504
      vertex 35 -10.864571746546515 9.27922088455746
    endloop
  endfacet
  facet normal 5.861335504384783e-18 0.8375317557443016 0.5463886511631324
    outer loop
      vertex -31 19 2
      vertex 28 11.175120926570006 13.994364624714718
      vertex 31 16.390481507521752 6
    endloop
  endfacet
  facet normal -1 0 0
    outer loop
      vertex -35 10.290889468812 7.138023155058428
      vertex -35 3.5507041588425636 13.049999997019768
      vertex -35 3.3585233837366104 13.351663388311863
    endloop
  endfacet
  facet normal -1 0 0
    outer loop
      vertex -35 10.290889468812 7.138023155058428
      vertex -35 3.1407822147011757 13.635429196059704
      vertex -35 2.8991378024220467 13.899137802422047
    endloop
  endfacet
  facet normal -1 0 0
    outer loop
      vertex -35 10.290889468812 7.138023155058428
      vertex -35 3.3585233837366104 13.351663388311863
      vertex -35 3.1407822147011757 13.635429196059704
    endloop
  endfacet
  facet normal -1 0 0
    outer loop
      vertex -35 10.290889468812 7.138023155058428
      vertex -35 2.8991378024220467 13.899137802422047
      vertex -35 0 16.798275604844093
    endloop
  endfacet
  facet normal -1 0 0
    outer loop
      vertex -35 10.290889468812 7.138023155058428
      vertex -35 0 16.798275604844093
      vertex -35 0.8630500530062943 17.417707298289557
    endloop
  endfacet
  facet normal -1 0 0
    outer loop
      vertex -35 10.290889468812 7.138023155058428
      vertex -35 0.8630500530062943 17.417707298289557
      vertex -35 2.395064415961758 17.297135153045133
    endloop
  endfacet
  facet normal -1 0 0
    outer loop
      vertex -35 10.290889468812 7.138023155058428
      vertex -35 2.395064415961758 17.297135153045133
      vertex -35 4.052515120825744 17.16669095359467
    endloop
  endfacet
  facet normal -1 0 0
    outer loop
      vertex -35 -0.8630500530062943 17.553554322782905
      vertex -35 0 16.798275604844093
      vertex -35 -2.2573175557990184 14.540958049045075
    endloop
  endfacet
  facet normal -1 0 0
    outer loop
      vertex -35 10.290889468812 7.138023155058428
      vertex -35 5.747484211875436 17.033293993114086
      vertex -35 7.14392853163202 16.9233914416637
    endloop
  endfacet
  facet normal -1 0 0
    outer loop
      vertex -35 10.290889468812 7.138023155058428
      vertex -35 7.14392853163202 16.9233914416637
      vertex -35 7.703569443778487 16.879346746668887
    endloop
  endfacet
  facet normal -1 0 0
    outer loop
      vertex -35 10.290889468812 7.138023155058428
      vertex -35 7.703569443778487 16.879346746668887
      vertex -35 8.36446562160034 16.82733308944044
    endloop
  endfacet
  facet normal -1 0 0
    outer loop
      vertex -35 10.290889468812 7.138023155058428
      vertex -35 8.36446562160034 16.82733308944044
      vertex -35 9.379041807895014 16.747484211875438
    endloop
  endfacet
  facet normal -1 0 0
    outer loop
      vertex -35 10.290889468812 7.138023155058428
      vertex -35 4.052515120825744 17.16669095359467
      vertex -35 5.747484211875436 17.033293993114086
    endloop
  endfacet
  facet normal 0 -0.9992290362407229 0.03925981575906943
    outer loop
      vertex -35 -11 11
      vertex 35 -10.966090671064407 11.863050053006294
      vertex -35 -10.966090671064407 11.863050053006294
    endloop
  endfacet
  facet normal 0 0.8375317557443018 0.5463886511631324
    outer loop
      vertex -31 16.390481507521752 6
      vertex -35 9.379041807895014 16.747484211875438
      vertex 28 9.379041807895014 16.747484211875438
    endloop
  endfacet
  facet normal -1 0 0
    outer loop
      vertex -35 -7.14392853163202 18.04787017940876
      vertex -35 -5.747484211875436 17.937967627958376
      vertex -35 -2.2573175557990184 14.540958049045075
    endloop
  endfacet
  facet normal -1 0 0
    outer loop
      vertex -35 -8.36446562160034 18.14392853163202
      vertex -35 -7.14392853163202 18.04787017940876
      vertex -35 -2.2573175557990184 14.540958049045075
    endloop
  endfacet
  facet normal -1 0 0
    outer loop
      vertex -35 -2.7249016376052033 17.70008522034496
      vertex -35 -2.2573175557990184 14.540958049045075
      vertex -35 -5.747484211875436 17.937967627958376
    endloop
  endfacet
  facet normal -1 0 0
    outer loop
      vertex -35 -4.339703722255425 17.84922075544965
      vertex -35 -2.7249016376052033 17.70008522034496
      vertex -35 -5.747484211875436 17.937967627958376
    endloop
  endfacet
  facet normal -1 0 0
    outer loop
      vertex -35 -4.339703722255425 17.84922075544965
      vertex -35 -4.2095177560159875 17.843666950520742
      vertex -35 -2.7249016376052033 17.70008522034496
    endloop
  endfacet
  facet normal -1 0 0
    outer loop
      vertex -35 -4.2095177560159875 17.843666950520742
      vertex -35 -3.7195924841097057 17.961430969022963
      vertex -35 -2.7249016376052033 17.70008522034496
    endloop
  endfacet
  facet normal -1 0 0
    outer loop
      vertex -35 -2.7249016376052033 17.70008522034496
      vertex -35 -3.7195924841097057 17.961430969022963
      vertex -35 -3.3991869381244215 17.94884220083535
    endloop
  endfacet
  facet normal -1 0 0
    outer loop
      vertex -35 -8.36446562160034 18.14392853163202
      vertex -35 -7.778174593052023 18.23678790805594
      vertex -35 -7.778174593052023 18.16696396888132
    endloop
  endfacet
  facet normal -1 0 0
    outer loop
      vertex -35 -7.14392853163202 18.04787017940876
      vertex -35 -6.537422495162572 18.072143811686654
      vertex -35 -6.465637775217204 18.069323382358483
    endloop
  endfacet
  facet normal -1 0 0
    outer loop
      vertex -35 -8.36446562160034 18.14392853163202
      vertex -35 -7.795400962312097 18.339734217801578
      vertex -35 -7.778174593052023 18.33442603453202
    endloop
  endfacet
  facet normal -1 0 0
    outer loop
      vertex -35 -8.36446562160034 18.14392853163202
      vertex -35 -7.778174593052023 18.33442603453202
      vertex -35 -7.796230237604251 18.318627752197067
    endloop
  endfacet
  facet normal -1 0 0
    outer loop
      vertex -35 -8.36446562160034 18.14392853163202
      vertex -35 -7.778174593052023 18.41421239788488
      vertex -35 -7.778174593052023 18.386778227154405
    endloop
  endfacet
  facet normal -1 0 0
    outer loop
      vertex -35 -8.36446562160034 18.14392853163202
      vertex -35 -7.778174593052023 18.47226728381602
      vertex -35 -7.778174593052023 18.442658731487654
    endloop
  endfacet
  facet normal -1 0 0
    outer loop
      vertex -35 -8.36446562160034 18.14392853163202
      vertex -35 -7.78818032136724 18.523511801900458
      vertex -35 -7.778174593052023 18.5032081360058
    endloop
  endfacet
  facet normal -1 0 0
    outer loop
      vertex -35 -7.796230237604251 18.318627752197067
      vertex -35 -7.778174593052023 18.33442603453202
      vertex -35 -7.778174593052023 18.309279702796516
    endloop
  endfacet
  facet normal -1 0 0
    outer loop
      vertex -35 -7.795400962312097 18.339734217801578
      vertex -35 -7.778174593052023 18.360222711318247
      vertex -35 -7.778174593052023 18.33442603453202
    endloop
  endfacet
  facet normal -1 0 0
    outer loop
      vertex -35 -8.36446562160034 18.14392853163202
      vertex -35 -7.785276692454218 18.59741409268463
      vertex -35 -7.778174593052023 18.56989389766038
    endloop
  endfacet
  facet normal -1 0 0
    outer loop
      vertex -35 -8.36446562160034 18.14392853163202
      vertex -35 -7.778174593052023 18.685890383766594
      vertex -35 -7.778174593052023 18.644668375175648
    endloop
  endfacet
  facet normal -1 0 0
    outer loop
      vertex -35 -8.36446562160034 18.14392853163202
      vertex -35 -7.778174593052023 18.77817459305202
      vertex -35 -7.778174593052023 18.730219560180338
    endloop
  endfacet
  facet normal -1 0 0
    outer loop
      vertex -35 -7.778174593052023 18.5032081360058
      vertex -35 -7.78818032136724 18.523511801900458
      vertex -35 -7.778174593052023 18.53567567251174
    endloop
  endfacet
  facet normal -1 0 0
    outer loop
      vertex -35 -7.778174593052023 18.56989389766038
      vertex -35 -7.785276692454218 18.59741409268463
      vertex -35 -7.778174593052023 18.606123110707028
    endloop
  endfacet
  facet normal -1 0 0
    outer loop
      vertex -35 -6.641540721926465 19.108812836729392
      vertex -35 -6.680428198227238 19.175907991932196
      vertex -35 -6.465637775217204 19.207323220166458
    endloop
  endfacet
  facet normal -1 0 0
    outer loop
      vertex -35 -7.14392853163202 18.04787017940876
      vertex -35 -6.465637775217204 18.069323382358483
      vertex -35 -5.747484211875436 17.937967627958376
    endloop
  endfacet
  facet normal -1 0 0
    outer loop
      vertex -35 -6.537422495162572 18.072143811686654
      vertex -35 -6.465637775217204 18.21853368090556
      vertex -35 -6.465637775217204 18.069323382358483
    endloop
  endfacet
  facet normal -1 0 0
    outer loop
      vertex -35 -6.537422495162572 18.072143811686654
      vertex -35 -6.539627604051074 18.14392853163202
      vertex -35 -6.465637775217204 18.21853368090556
    endloop
  endfacet
  facet normal -1 0 0
    outer loop
      vertex -35 -6.539627604051074 18.14392853163202
      vertex -35 -6.5422065084484435 18.21552528718346
      vertex -35 -6.465637775217204 18.21853368090556
    endloop
  endfacet
  facet normal -1 0 0
    outer loop
      vertex -35 -4.339703722255425 17.84922075544965
      vertex -35 -5.747484211875436 17.937967627958376
      vertex -35 -5.134872884813011 18.017037487412455
    endloop
  endfacet
  facet normal -1 0 0
    outer loop
      vertex -35 -4.339703722255425 17.84922075544965
      vertex -35 -5.134872884813011 18.017037487412455
      vertex -35 -4.993895497135014 18.011498470764923
    endloop
  endfacet
  facet normal -1 0 0
    outer loop
      vertex -35 -5.134872884813011 18.017037487412455
      vertex -35 -4.993895497135014 18.27635859249912
      vertex -35 -4.993895497135014 18.011498470764923
    endloop
  endfacet
  facet normal -1 0 0
    outer loop
      vertex -35 -5.134872884813011 18.017037487412455
      vertex -35 -5.139184826942674 18.14392853163202
      vertex -35 -4.993895497135014 18.27635859249912
    endloop
  endfacet
  facet normal -1 0 0
    outer loop
      vertex -35 -6.599283998626051 18.282851338215547
      vertex -35 -6.465637775217204 18.21853368090556
      vertex -35 -6.5422065084484435 18.21552528718346
    endloop
  endfacet
  facet normal -1 0 0
    outer loop
      vertex -35 -6.599283998626051 18.282851338215547
      vertex -35 -5.747484211875436 18.31403585986846
      vertex -35 -6.465637775217204 18.21853368090556
    endloop
  endfacet
  facet normal -1 0 0
    outer loop
      vertex -35 -6.599283998626051 18.282851338215547
      vertex -35 -6.548686823590551 18.358840114798817
      vertex -35 -5.823485756861055 18.44467331735406
    endloop
  endfacet
  facet normal -1 0 0
    outer loop
      vertex -35 -6.599283998626051 18.282851338215547
      vertex -35 -5.823485756861055 18.44467331735406
      vertex -35 -5.747484211875436 18.388403652877642
    endloop
  endfacet
  facet normal -1 0 0
    outer loop
      vertex -35 -6.465637775217204 18.21853368090556
      vertex -35 -5.747484211875436 18.31403585986846
      vertex -35 -5.831391713797201 18.243453276527944
    endloop
  endfacet
  facet normal -1 0 0
    outer loop
      vertex -35 -6.601106696214878 18.423217148120475
      vertex -35 -5.823485756861055 18.44467331735406
      vertex -35 -6.548686823590551 18.358840114798817
    endloop
  endfacet
  facet normal -1 0 0
    outer loop
      vertex -35 -6.6053017504162215 18.566266410844477
      vertex -35 -6.465637775217204 18.52162887380251
      vertex -35 -6.557394512342307 18.50337732399792
    endloop
  endfacet
  facet normal -1 0 0
    outer loop
      vertex -35 -6.601106696214878 18.423217148120475
      vertex -35 -6.557394512342307 18.50337732399792
      vertex -35 -5.747484211875436 18.558417667551016
    endloop
  endfacet
  facet normal -1 0 0
    outer loop
      vertex -35 -6.557394512342307 18.50337732399792
      vertex -35 -6.465637775217204 18.52162887380251
      vertex -35 -5.747484211875436 18.558417667551016
    endloop
  endfacet
  facet normal -1 0 0
    outer loop
      vertex -35 -6.601106696214878 18.423217148120475
      vertex -35 -5.156887911888539 18.523570371530283
      vertex -35 -5.823485756861055 18.44467331735406
    endloop
  endfacet
  facet normal -1 0 0
    outer loop
      vertex -35 -5.747484211875436 18.31403585986846
      vertex -35 -4.993895497135014 18.27635859249912
      vertex -35 -5.144226296904166 18.27045207928964
    endloop
  endfacet
  facet normal -1 0 0
    outer loop
      vertex -35 -5.139184826942674 18.14392853163202
      vertex -35 -5.144226296904166 18.27045207928964
      vertex -35 -4.993895497135014 18.27635859249912
    endloop
  endfacet
  facet normal -1 0 0
    outer loop
      vertex -35 -5.747484211875436 18.31403585986846
      vertex -35 -3.721555531185698 18.3263489659114
      vertex -35 -4.993895497135014 18.27635859249912
    endloop
  endfacet
  facet normal -1 0 0
    outer loop
      vertex -35 -3.3991869381244215 17.94884220083535
      vertex -35 -3.7195924841097057 17.961430969022963
      vertex -35 -3.3991869381244215 18.33901486242869
    endloop
  endfacet
  facet normal -1 0 0
    outer loop
      vertex -35 -3.7195924841097057 17.961430969022963
      vertex -35 -3.720029381877903 18.14392853163202
      vertex -35 -3.3991869381244215 18.33901486242869
    endloop
  endfacet
  facet normal -1 0 0
    outer loop
      vertex -35 -3.720029381877903 18.14392853163202
      vertex -35 -3.721555531185698 18.3263489659114
      vertex -35 -3.3991869381244215 18.33901486242869
    endloop
  endfacet
  facet normal -1 0 0
    outer loop
      vertex -35 -6.6053017504162215 18.566266410844477
      vertex -35 -6.569155155380318 18.650258449264204
      vertex -35 -6.465637775217204 18.679453369896425
    endloop
  endfacet
  facet normal -1 0 0
    outer loop
      vertex -35 -6.6053017504162215 18.566266410844477
      vertex -35 -5.747484211875436 18.772210181014508
      vertex -35 -6.465637775217204 18.52162887380251
    endloop
  endfacet
  facet normal -1 0 0
    outer loop
      vertex -35 -6.569155155380318 18.650258449264204
      vertex -35 -6.465637775217204 18.844443107841265
      vertex -35 -6.465637775217204 18.679453369896425
    endloop
  endfacet
  facet normal -1 0 0
    outer loop
      vertex -35 -6.6053017504162215 18.566266410844477
      vertex -35 -6.465637775217204 18.679453369896425
      vertex -35 -5.747484211875436 18.772210181014508
    endloop
  endfacet
  facet normal -1 0 0
    outer loop
      vertex -35 -6.612858036315184 18.71306033616213
      vertex -35 -6.465637775217204 18.844443107841265
      vertex -35 -6.569155155380318 18.650258449264204
    endloop
  endfacet
  facet normal -1 0 0
    outer loop
      vertex -35 -6.612858036315184 18.71306033616213
      vertex -35 -6.585297098773816 18.800298452763446
      vertex -35 -6.465637775217204 18.844443107841265
    endloop
  endfacet
  facet normal -1 0 0
    outer loop
      vertex -35 -6.625447933447217 18.86425324327175
      vertex -35 -6.465637775217204 18.844443107841265
      vertex -35 -6.585297098773816 18.800298452763446
    endloop
  endfacet
  facet normal -1 0 0
    outer loop
      vertex -35 -6.625447933447217 18.86425324327175
      vertex -35 -6.608067508186239 18.95363915256415
      vertex -35 -6.465637775217204 19.01930015882507
    endloop
  endfacet
  facet normal -1 0 0
    outer loop
      vertex -35 -6.625447933447217 18.86425324327175
      vertex -35 -5.747484211875436 19.227917724018337
      vertex -35 -6.465637775217204 18.844443107841265
    endloop
  endfacet
  facet normal -1 0 0
    outer loop
      vertex -35 -6.608067508186239 18.95363915256415
      vertex -35 -6.646055112890975 19.01950241849811
      vertex -35 -6.465637775217204 19.01930015882507
    endloop
  endfacet
  facet normal -1 0 0
    outer loop
      vertex -35 -6.625447933447217 18.86425324327175
      vertex -35 -6.465637775217204 19.01930015882507
      vertex -35 -5.747484211875436 19.326137321919074
    endloop
  endfacet
  facet normal -1 0 0
    outer loop
      vertex -35 -6.646055112890975 19.01950241849811
      vertex -35 -6.641540721926465 19.108812836729392
      vertex -35 -6.465637775217204 19.207323220166458
    endloop
  endfacet
  facet normal -1 0 0
    outer loop
      vertex -35 -6.646055112890975 19.01950241849811
      vertex -35 -5.747484211875436 19.477347160740667
      vertex -35 -6.465637775217204 19.01930015882507
    endloop
  endfacet
  facet normal -1 0 0
    outer loop
      vertex -35 -6.465637775217204 19.01930015882507
      vertex -35 -5.788646268115167 19.33139751841278
      vertex -35 -5.747484211875436 19.326137321919074
    endloop
  endfacet
  facet normal -1 0 0
    outer loop
      vertex -35 -5.747484211875436 18.772210181014508
      vertex -35 -5.196817495069165 19.03729769823148
      vertex -35 -4.289119228590137 19.136682091592455
    endloop
  endfacet
  facet normal -1 0 0
    outer loop
      vertex -35 -5.196817495069165 19.03729769823148
      vertex -35 -5.211252484143893 19.16846958641198
      vertex -35 -4.993895497135014 19.09452762053906
    endloop
  endfacet
  facet normal -1 0 0
    outer loop
      vertex -35 -5.196817495069165 19.03729769823148
      vertex -35 -4.993895497135014 19.09452762053906
      vertex -35 -4.289119228590137 19.136682091592455
    endloop
  endfacet
  facet normal -1 0 0
    outer loop
      vertex -35 -4.993895497135014 19.09452762053906
      vertex -35 -5.211252484143893 19.16846958641198
      vertex -35 -3.764663663371635 19.44120685226588
    endloop
  endfacet
  facet normal -1 0 0
    outer loop
      vertex -35 -6.599283998626051 18.282851338215547
      vertex -35 5.6345122381653265 19.24567198299562
      vertex -35 -5.747484211875436 18.31403585986846
    endloop
  endfacet
  facet normal -1 0 0
    outer loop
      vertex -35 -6.599283998626051 18.282851338215547
      vertex -35 -5.747484211875436 18.388403652877642
      vertex -35 5.6345122381653265 19.24567198299562
    endloop
  endfacet
  facet normal -1 0 0
    outer loop
      vertex -35 -5.747484211875436 18.772210181014508
      vertex -35 -4.289119228590137 19.136682091592455
      vertex -35 -2.6535939320382678 19.51498752012785
    endloop
  endfacet
  facet normal -1 0 0
    outer loop
      vertex -35 -6.601106696214878 18.423217148120475
      vertex -35 -5.747484211875436 18.558417667551016
      vertex -35 5.684427278106183 19.806724582630093
    endloop
  endfacet
  facet normal -1 0 0
    outer loop
      vertex -35 -2.7249016376052033 17.70008522034496
      vertex -35 -1.035884639459496 17.567156699735097
      vertex -35 -2.2573175557990184 14.540958049045075
    endloop
  endfacet
  facet normal -1 0 0
    outer loop
      vertex -35 -1.035884639459496 17.567156699735097
      vertex -35 -0.8630500530062943 17.553554322782905
      vertex -35 -2.2573175557990184 14.540958049045075
    endloop
  endfacet
  facet normal -1 0 0
    outer loop
      vertex -35 -0.8630500530062943 17.553554322782905
      vertex -35 0.8630500530062943 17.417707298289557
      vertex -35 0 16.798275604844093
    endloop
  endfacet
  facet normal -1 0 0
    outer loop
      vertex -35 -2.7249016376052033 17.70008522034496
      vertex -35 -2.5678990024149595 17.730082601275303
      vertex -35 -1.035884639459496 17.567156699735097
    endloop
  endfacet
  facet normal -1 0 0
    outer loop
      vertex -35 -2.5678990024149595 17.730082601275303
      vertex -35 -1.7207791154425396 17.88289737787967
      vertex -35 -1.035884639459496 17.567156699735097
    endloop
  endfacet
  facet normal -1 0 0
    outer loop
      vertex -35 -2.5678990024149595 17.730082601275303
      vertex -35 -2.1289283119827678 17.898933603486828
      vertex -35 -1.7207791154425396 17.88289737787967
    endloop
  endfacet
  facet normal -1 0 0
    outer loop
      vertex -35 -0.8630500530062943 17.553554322782905
      vertex -35 0 17.815287782297368
      vertex -35 0.8630500530062943 17.417707298289557
    endloop
  endfacet
  facet normal -1 0 0
    outer loop
      vertex -35 -0.8630500530062943 17.553554322782905
      vertex -35 -0.3982496239013355 17.830935052636217
      vertex -35 0 17.815287782297368
    endloop
  endfacet
  facet normal -1 0 0
    outer loop
      vertex -35 0.8630500530062943 17.417707298289557
      vertex -35 1.7207791154425396 17.747678186715067
      vertex -35 2.395064415961758 17.297135153045133
    endloop
  endfacet
  facet normal -1 0 0
    outer loop
      vertex -35 0.8630500530062943 17.417707298289557
      vertex -35 1.2434199552466576 17.766433679200254
      vertex -35 1.7207791154425396 17.747678186715067
    endloop
  endfacet
  facet normal -1 0 0
    outer loop
      vertex -35 4.052515120825744 17.16669095359467
      vertex -35 4.2095177560159875 17.24973752988801
      vertex -35 5.747484211875436 17.033293993114086
    endloop
  endfacet
  facet normal -1 0 0
    outer loop
      vertex -35 5.747484211875436 17.033293993114086
      vertex -35 4.2095177560159875 17.24973752988801
      vertex -35 5.619925222921712 17.13244874239827
    endloop
  endfacet
  facet normal -1 0 0
    outer loop
      vertex -35 5.747484211875436 17.033293993114086
      vertex -35 6.465637775217204 17.561252182236252
      vertex -35 7.14392853163202 16.9233914416637
    endloop
  endfacet
  facet normal -1 0 0
    outer loop
      vertex -35 4.052515120825744 17.16669095359467
      vertex -35 2.395064415961758 17.297135153045133
      vertex -35 2.5678990024149595 17.37065160147201
    endloop
  endfacet
  facet normal -1 0 0
    outer loop
      vertex -35 4.052515120825744 17.16669095359467
      vertex -35 2.5678990024149595 17.37065160147201
      vertex -35 3.250903628531731 17.687559430860738
    endloop
  endfacet
  facet normal -1 0 0
    outer loop
      vertex -35 4.052515120825744 17.16669095359467
      vertex -35 3.250903628531731 17.687559430860738
      vertex -35 3.830730601850417 17.66477796703311
    endloop
  endfacet
  facet normal -1 0 0
    outer loop
      vertex -35 3.250903628531731 17.687559430860738
      vertex -35 3.8700508366988458 18.14392853163202
      vertex -35 3.830730601850417 17.66477796703311
    endloop
  endfacet
  facet normal -1 0 0
    outer loop
      vertex -35 5.619925222921712 17.13244874239827
      vertex -35 4.2095177560159875 17.24973752988801
      vertex -35 4.378824474666665 17.643243300119913
    endloop
  endfacet
  facet normal -1 0 0
    outer loop
      vertex -35 5.619925222921712 17.13244874239827
      vertex -35 4.378824474666665 17.643243300119913
      vertex -35 5.513059422411522 17.598679087651178
    endloop
  endfacet
  facet normal -1 0 0
    outer loop
      vertex -35 5.747484211875436 17.033293993114086
      vertex -35 6.373921651808361 17.564855718539317
      vertex -35 6.465637775217204 17.561252182236252
    endloop
  endfacet
  facet normal -1 0 0
    outer loop
      vertex -35 4.378824474666665 17.643243300119913
      vertex -35 5.548604484433539 18.14392853163202
      vertex -35 5.513059422411522 17.598679087651178
    endloop
  endfacet
  facet normal -1 0 0
    outer loop
      vertex -35 -2.1289283119827678 17.898933603486828
      vertex -35 -1.7207791154425396 18.40495968538437
      vertex -35 -1.7207791154425396 17.88289737787967
    endloop
  endfacet
  facet normal -1 0 0
    outer loop
      vertex -35 -2.1289283119827678 17.898933603486828
      vertex -35 -2.130622967711476 18.14392853163202
      vertex -35 -1.7207791154425396 18.40495968538437
    endloop
  endfacet
  facet normal -1 0 0
    outer loop
      vertex -35 -0.3982496239013355 17.830935052636217
      vertex -35 0 18.47256928096667
      vertex -35 0 17.815287782297368
    endloop
  endfacet
  facet normal -1 0 0
    outer loop
      vertex -35 -0.3982496239013355 17.830935052636217
      vertex -35 -0.41035471653485595 18.14392853163202
      vertex -35 0 18.47256928096667
    endloop
  endfacet
  facet normal -1 0 0
    outer loop
      vertex -35 -2.130622967711476 18.14392853163202
      vertex -35 -2.133874273668467 18.388729132413324
      vertex -35 -1.7207791154425396 18.40495968538437
    endloop
  endfacet
  facet normal -1 0 0
    outer loop
      vertex -35 -0.41035471653485595 18.14392853163202
      vertex -35 -0.4245021745351008 18.4558905451042
      vertex -35 0 18.47256928096667
    endloop
  endfacet
  facet normal -1 0 0
    outer loop
      vertex -35 1.2434199552466576 17.766433679200254
      vertex -35 1.7207791154425396 18.54017887654897
      vertex -35 1.7207791154425396 17.747678186715067
    endloop
  endfacet
  facet normal -1 0 0
    outer loop
      vertex -35 1.2434199552466576 17.766433679200254
      vertex -35 1.2289058795689147 18.14392853163202
      vertex -35 1.7207791154425396 18.54017887654897
    endloop
  endfacet
  facet normal -1 0 0
    outer loop
      vertex -35 1.2289058795689147 18.14392853163202
      vertex -35 1.2119426677306646 18.52018663806897
      vertex -35 1.7207791154425396 18.54017887654897
    endloop
  endfacet
  facet normal -1 0 0
    outer loop
      vertex -35 -5.747484211875436 18.31403585986846
      vertex -35 5.6345122381653265 19.24567198299562
      vertex -35 -3.721555531185698 18.3263489659114
    endloop
  endfacet
  facet normal -1 0 0
    outer loop
      vertex -35 -5.747484211875436 18.388403652877642
      vertex -35 -5.156887911888539 18.523570371530283
      vertex -35 5.684427278106183 19.806724582630093
    endloop
  endfacet
  facet normal -1 0 0
    outer loop
      vertex -35 -3.721555531185698 18.3263489659114
      vertex -35 5.6345122381653265 19.24567198299562
      vertex -35 -3.3991869381244215 18.33901486242869
    endloop
  endfacet
  facet normal -1 0 0
    outer loop
      vertex -35 -6.601106696214878 18.423217148120475
      vertex -35 5.684427278106183 19.806724582630093
      vertex -35 -5.156887911888539 18.523570371530283
    endloop
  endfacet
  facet normal -1 0 0
    outer loop
      vertex -35 -3.3991869381244215 18.33901486242869
      vertex -35 5.6345122381653265 19.24567198299562
      vertex -35 -2.133874273668467 18.388729132413324
    endloop
  endfacet
  facet normal -1 0 0
    outer loop
      vertex -35 -2.133874273668467 18.388729132413324
      vertex -35 5.6345122381653265 19.24567198299562
      vertex -35 -1.7207791154425396 18.40495968538437
    endloop
  endfacet
  facet normal -1 0 0
    outer loop
      vertex -35 -1.7207791154425396 18.40495968538437
      vertex -35 5.6345122381653265 19.24567198299562
      vertex -35 -0.4245021745351008 18.4558905451042
    endloop
  endfacet
  facet normal -1 0 0
    outer loop
      vertex -35 -0.4245021745351008 18.4558905451042
      vertex -35 5.6345122381653265 19.24567198299562
      vertex -35 0 18.47256928096667
    endloop
  endfacet
  facet normal -1 0 0
    outer loop
      vertex -35 -5.747484211875436 18.388403652877642
      vertex -35 5.684427278106183 19.806724582630093
      vertex -35 5.6345122381653265 19.24567198299562
    endloop
  endfacet
  facet normal -1 0 0
    outer loop
      vertex -35 3.250903628531731 17.687559430860738
      vertex -35 3.2868206557044477 18.60170881624432
      vertex -35 3.8700508366988458 18.14392853163202
    endloop
  endfacet
  facet normal -1 0 0
    outer loop
      vertex -35 3.8700508366988458 18.14392853163202
      vertex -35 3.2868206557044477 18.60170881624432
      vertex -35 3.9426524769611824 18.627476518680528
    endloop
  endfacet
  facet normal -1 0 0
    outer loop
      vertex -35 4.378824474666665 17.643243300119913
      vertex -35 4.368640910530385 18.14392853163202
      vertex -35 5.548604484433539 18.14392853163202
    endloop
  endfacet
  facet normal -1 0 0
    outer loop
      vertex -35 6.373921651808361 17.564855718539317
      vertex -35 6.465637775217204 18.726604881027786
      vertex -35 6.465637775217204 17.561252182236252
    endloop
  endfacet
  facet normal -1 0 0
    outer loop
      vertex -35 4.368640910530385 18.14392853163202
      vertex -35 4.3549358565345395 18.64367517678145
      vertex -35 5.548604484433539 18.14392853163202
    endloop
  endfacet
  facet normal -1 0 0
    outer loop
      vertex -35 5.548604484433539 18.14392853163202
      vertex -35 4.3549358565345395 18.64367517678145
      vertex -35 5.588783575971663 18.6921531857093
    endloop
  endfacet
  facet normal -1 0 0
    outer loop
      vertex -35 0 18.47256928096667
      vertex -35 5.6345122381653265 19.24567198299562
      vertex -35 1.2119426677306646 18.52018663806897
    endloop
  endfacet
  facet normal -1 0 0
    outer loop
      vertex -35 1.2119426677306646 18.52018663806897
      vertex -35 5.6345122381653265 19.24567198299562
      vertex -35 1.7207791154425396 18.54017887654897
    endloop
  endfacet
  facet normal -1 0 0
    outer loop
      vertex -35 1.7207791154425396 18.54017887654897
      vertex -35 5.6345122381653265 19.24567198299562
      vertex -35 3.2868206557044477 18.60170881624432
    endloop
  endfacet
  facet normal -1 0 0
    outer loop
      vertex -35 3.2868206557044477 18.60170881624432
      vertex -35 5.6345122381653265 19.24567198299562
      vertex -35 3.9426524769611824 18.627476518680528
    endloop
  endfacet
  facet normal -1 0 0
    outer loop
      vertex -35 3.9426524769611824 18.627476518680528
      vertex -35 5.6345122381653265 19.24567198299562
      vertex -35 4.3549358565345395 18.64367517678145
    endloop
  endfacet
  facet normal -1 0 0
    outer loop
      vertex -35 4.3549358565345395 18.64367517678145
      vertex -35 5.6345122381653265 19.24567198299562
      vertex -35 5.588783575971663 18.6921531857093
    endloop
  endfacet
  facet normal -1 0 0
    outer loop
      vertex -35 6.373921651808361 17.564855718539317
      vertex -35 6.465637775217204 19.899186938124423
      vertex -35 6.465637775217204 18.726604881027786
    endloop
  endfacet
  facet normal -1 0 0
    outer loop
      vertex -35 -6.680428198227238 19.175907991932196
      vertex -35 -6.6938545784199786 19.260195142957215
      vertex -35 -6.465637775217204 19.640843705940593
    endloop
  endfacet
  facet normal -1 0 0
    outer loop
      vertex -35 -6.6938545784199786 19.260195142957215
      vertex -35 -6.740946141982902 19.323484478619225
      vertex -35 -6.465637775217204 19.640843705940593
    endloop
  endfacet
  facet normal -1 0 0
    outer loop
      vertex -35 -6.740946141982902 19.323484478619225
      vertex -35 -6.783741413281636 19.39007101808033
      vertex -35 -6.465637775217204 19.640843705940593
    endloop
  endfacet
  facet normal -1 0 0
    outer loop
      vertex -35 -6.783741413281636 19.39007101808033
      vertex -35 -6.85922639949135 19.42952427823736
      vertex -35 -6.465637775217204 19.640843705940593
    endloop
  endfacet
  facet normal -1 0 0
    outer loop
      vertex -35 -7.14392853163202 19.36446562160034
      vertex -35 -6.465637775217204 19.899186938124423
      vertex -35 -6.965404210035691 19.437207597728293
    endloop
  endfacet
  facet normal -1 0 0
    outer loop
      vertex -35 -6.965404210035691 19.437207597728293
      vertex -35 -6.465637775217204 19.899186938124423
      vertex -35 -6.85922639949135 19.42952427823736
    endloop
  endfacet
  facet normal -1 0 0
    outer loop
      vertex -35 -6.646055112890975 19.01950241849811
      vertex -35 -6.465637775217204 19.207323220166458
      vertex -35 -5.747484211875436 19.59364694942879
    endloop
  endfacet
  facet normal -1 0 0
    outer loop
      vertex -35 -6.680428198227238 19.175907991932196
      vertex -35 -6.465637775217204 19.640843705940593
      vertex -35 -6.465637775217204 19.207323220166458
    endloop
  endfacet
  facet normal -1 0 0
    outer loop
      vertex -35 -6.465637775217204 19.207323220166458
      vertex -35 -5.778399501418866 19.592195146026803
      vertex -35 -5.747484211875436 19.59364694942879
    endloop
  endfacet
  facet normal -1 0 0
    outer loop
      vertex -35 -6.646055112890975 19.01950241849811
      vertex -35 -5.747484211875436 19.59364694942879
      vertex -35 -4.993895497135014 20.031538498231424
    endloop
  endfacet
  facet normal -1 0 0
    outer loop
      vertex -35 -5.747484211875436 19.227917724018337
      vertex -35 -4.993895497135014 19.387397499511774
      vertex -35 -5.228240237215911 19.30094316053769
    endloop
  endfacet
  facet normal -1 0 0
    outer loop
      vertex -35 -5.211252484143893 19.16846958641198
      vertex -35 -5.228240237215911 19.30094316053769
      vertex -35 -4.993895497135014 19.387397499511774
    endloop
  endfacet
  facet normal -1 0 0
    outer loop
      vertex -35 -5.747484211875436 19.227917724018337
      vertex -35 -4.261348461711985 19.843495307263552
      vertex -35 -4.993895497135014 19.387397499511774
    endloop
  endfacet
  facet normal -1 0 0
    outer loop
      vertex -35 -6.625447933447217 18.86425324327175
      vertex -35 -5.747484211875436 19.326137321919074
      vertex -35 -3.3991869381244215 20.43295335760578
    endloop
  endfacet
  facet normal -1 0 0
    outer loop
      vertex -35 -5.747484211875436 19.326137321919074
      vertex -35 -5.272466288045397 19.56935974860591
      vertex -35 -4.993895497135014 19.697782642230607
    endloop
  endfacet
  facet normal -1 0 0
    outer loop
      vertex -35 -5.747484211875436 19.477347160740667
      vertex -35 -4.993895497135014 19.697782642230607
      vertex -35 -5.272466288045397 19.56935974860591
    endloop
  endfacet
  facet normal -1 0 0
    outer loop
      vertex -35 -5.211252484143893 19.16846958641198
      vertex -35 -4.993895497135014 19.387397499511774
      vertex -35 -3.3991869381244215 19.975716547244527
    endloop
  endfacet
  facet normal -1 0 0
    outer loop
      vertex -35 -6.85922639949135 19.42952427823736
      vertex -35 -5.747484211875436 20.379041807895014
      vertex -35 -6.465637775217204 19.640843705940593
    endloop
  endfacet
  facet normal -1 0 0
    outer loop
      vertex -35 -6.85922639949135 19.42952427823736
      vertex -35 -6.465637775217204 19.899186938124423
      vertex -35 -5.747484211875436 20.379041807895014
    endloop
  endfacet
  facet normal -1 0 0
    outer loop
      vertex -35 -6.625447933447217 18.86425324327175
      vertex -35 -2.3317487424344283 20.92504910607977
      vertex -35 -5.747484211875436 19.227917724018337
    endloop
  endfacet
  facet normal -1 0 0
    outer loop
      vertex -35 -5.747484211875436 19.326137321919074
      vertex -35 -4.993895497135014 19.697782642230607
      vertex -35 -3.8573153300111964 20.221753276127544
    endloop
  endfacet
  facet normal -1 0 0
    outer loop
      vertex -35 -5.747484211875436 19.59364694942879
      vertex -35 -5.337268365142197 19.839240452507482
      vertex -35 -4.993895497135014 20.031538498231424
    endloop
  endfacet
  facet normal -1 0 0
    outer loop
      vertex -35 -5.747484211875436 19.477347160740667
      vertex -35 -4.245973900040175 20.23480403209877
      vertex -35 -4.993895497135014 19.697782642230607
    endloop
  endfacet
  facet normal -1 0 0
    outer loop
      vertex -35 -4.289119228590137 19.136682091592455
      vertex -35 -4.2095177560159875 19.158629123692506
      vertex -35 -2.6535939320382678 19.51498752012785
    endloop
  endfacet
  facet normal -1 0 0
    outer loop
      vertex -35 -4.2095177560159875 19.158629123692506
      vertex -35 -3.764663663371635 19.44120685226588
      vertex -35 -2.6535939320382678 19.51498752012785
    endloop
  endfacet
  facet normal -1 0 0
    outer loop
      vertex -35 -5.211252484143893 19.16846958641198
      vertex -35 -3.3991869381244215 19.975716547244527
      vertex -35 -3.764663663371635 19.44120685226588
    endloop
  endfacet
  facet normal -1 0 0
    outer loop
      vertex -35 -3.764663663371635 19.44120685226588
      vertex -35 -3.3991869381244215 19.544281949121142
      vertex -35 -2.6535939320382678 19.51498752012785
    endloop
  endfacet
  facet normal -1 0 0
    outer loop
      vertex -35 -3.764663663371635 19.44120685226588
      vertex -35 -3.3991869381244215 19.975716547244527
      vertex -35 -3.3991869381244215 19.544281949121142
    endloop
  endfacet
  facet normal -1 0 0
    outer loop
      vertex -35 -5.337268365142197 19.839240452507482
      vertex -35 -5.381676164699113 19.97178426167657
      vertex -35 -4.993895497135014 20.031538498231424
    endloop
  endfacet
  facet normal -1 0 0
    outer loop
      vertex -35 -5.381676164699113 19.97178426167657
      vertex -35 -5.438043513021953 20.09930127011885
      vertex -35 -4.993895497135014 20.396071486408744
    endloop
  endfacet
  facet normal -1 0 0
    outer loop
      vertex -35 -5.5113661457636995 20.216826637457142
      vertex -35 -4.993895497135014 20.396071486408744
      vertex -35 -5.438043513021953 20.09930127011885
    endloop
  endfacet
  facet normal -1 0 0
    outer loop
      vertex -35 -6.646055112890975 19.01950241849811
      vertex -35 -1.7207791154425396 21.864571746546517
      vertex -35 -5.747484211875436 19.477347160740667
    endloop
  endfacet
  facet normal -1 0 0
    outer loop
      vertex -35 -5.381676164699113 19.97178426167657
      vertex -35 -4.228544002036557 20.678424559785693
      vertex -35 -4.993895497135014 20.031538498231424
    endloop
  endfacet
  facet normal -1 0 0
    outer loop
      vertex -35 -6.646055112890975 19.01950241849811
      vertex -35 -4.993895497135014 20.031538498231424
      vertex -35 -1.7207791154425396 21.864571746546517
    endloop
  endfacet
  facet normal -1 0 0
    outer loop
      vertex -35 -5.381676164699113 19.97178426167657
      vertex -35 -4.993895497135014 20.396071486408744
      vertex -35 -4.096994624312006 20.995361489960253
    endloop
  endfacet
  facet normal -1 0 0
    outer loop
      vertex -35 -5.5113661457636995 20.216826637457142
      vertex -35 -4.2095177560159875 21.162674857624154
      vertex -35 -4.993895497135014 20.396071486408744
    endloop
  endfacet
  facet normal -1 0 0
    outer loop
      vertex -35 -5.381676164699113 19.97178426167657
      vertex -35 -4.096994624312006 20.995361489960253
      vertex -35 -4.228544002036557 20.678424559785693
    endloop
  endfacet
  facet normal -1 0 0
    outer loop
      vertex -35 -5.747484211875436 19.326137321919074
      vertex -35 -3.8573153300111964 20.221753276127544
      vertex -35 -3.3991869381244215 20.43295335760578
    endloop
  endfacet
  facet normal -1 0 0
    outer loop
      vertex -35 -5.747484211875436 19.227917724018337
      vertex -35 -2.3317487424344283 20.92504910607977
      vertex -35 -4.261348461711985 19.843495307263552
    endloop
  endfacet
  facet normal -1 0 0
    outer loop
      vertex -35 -6.625447933447217 18.86425324327175
      vertex -35 -3.3991869381244215 20.43295335760578
      vertex -35 -2.3317487424344283 20.92504910607977
    endloop
  endfacet
  facet normal -1 0 0
    outer loop
      vertex -35 -5.747484211875436 19.477347160740667
      vertex -35 -2.5919002132741547 21.08519751604541
      vertex -35 -4.245973900040175 20.23480403209877
    endloop
  endfacet
  facet normal -1 0 0
    outer loop
      vertex -35 -4.2095177560159875 20.251947271121768
      vertex -35 -3.3991869381244215 20.43295335760578
      vertex -35 -3.8573153300111964 20.221753276127544
    endloop
  endfacet
  facet normal -1 0 0
    outer loop
      vertex -35 -4.245973900040175 20.23480403209877
      vertex -35 -2.5919002132741547 21.08519751604541
      vertex -35 -4.2095177560159875 20.251947271121768
    endloop
  endfacet
  facet normal -1 0 0
    outer loop
      vertex -35 -4.2095177560159875 20.251947271121768
      vertex -35 -2.5919002132741547 21.08519751604541
      vertex -35 -3.3991869381244215 20.43295335760578
    endloop
  endfacet
  facet normal -1 0 0
    outer loop
      vertex -35 -4.261348461711985 19.843495307263552
      vertex -35 -2.3317487424344283 20.92504910607977
      vertex -35 -2.5678990024149595 20.544945040497765
    endloop
  endfacet
  facet normal -1 0 0
    outer loop
      vertex -35 -5.5113661457636995 20.216826637457142
      vertex -35 -4.993895497135014 20.80107176607205
      vertex -35 -4.2095177560159875 21.162674857624154
    endloop
  endfacet
  facet normal -1 0 0
    outer loop
      vertex -35 -4.228544002036557 20.678424559785693
      vertex -35 -4.096994624312006 20.995361489960253
      vertex -35 -3.3991869381244215 21.186655222200468
    endloop
  endfacet
  facet normal -1 0 0
    outer loop
      vertex -35 -5.747484211875436 19.477347160740667
      vertex -35 -1.7207791154425396 21.864571746546517
      vertex -35 -2.5919002132741547 21.08519751604541
    endloop
  endfacet
  facet normal -1 0 0
    outer loop
      vertex -35 -4.096994624312006 20.995361489960253
      vertex -35 -4.2095177560159875 21.162674857624154
      vertex -35 -3.3991869381244215 21.46162167924669
    endloop
  endfacet
  facet normal -1 0 0
    outer loop
      vertex -35 -4.096994624312006 20.995361489960253
      vertex -35 -3.3991869381244215 21.46162167924669
      vertex -35 -3.3991869381244215 21.186655222200468
    endloop
  endfacet
  facet normal -1 0 0
    outer loop
      vertex -35 -2.3317487424344283 20.92504910607977
      vertex -35 -2.5678990024149595 21.097426743796852
      vertex -35 -1.7207791154425396 21.206709962046336
    endloop
  endfacet
  facet normal -1 0 0
    outer loop
      vertex -35 -2.5919002132741547 21.08519751604541
      vertex -35 -1.7207791154425396 21.864571746546517
      vertex -35 -2.5678990024149595 21.097426743796852
    endloop
  endfacet
  facet normal -1 0 0
    outer loop
      vertex -35 -2.5678990024149595 19.53556105249127
      vertex -35 -2.1670641456391304 19.891776515531898
      vertex -35 -1.7207791154425396 20.017641911423944
    endloop
  endfacet
  facet normal -1 0 0
    outer loop
      vertex -35 -2.5678990024149595 19.53556105249127
      vertex -35 -1.7207791154425396 20.017641911423944
      vertex -35 -0.943220685937377 19.92561180661558
    endloop
  endfacet
  facet normal -1 0 0
    outer loop
      vertex -35 -5.747484211875436 18.558417667551016
      vertex -35 4.2095177560159875 20.135451851545806
      vertex -35 5.684427278106183 19.806724582630093
    endloop
  endfacet
  facet normal -1 0 0
    outer loop
      vertex -35 -2.2266272614246168 20.138233107147
      vertex -35 -1.7207791154425396 20.017641911423944
      vertex -35 -2.1670641456391304 19.891776515531898
    endloop
  endfacet
  facet normal -1 0 0
    outer loop
      vertex -35 -2.2266272614246168 20.138233107147
      vertex -35 -1.7207791154425396 20.594913883565372
      vertex -35 -1.7207791154425396 20.017641911423944
    endloop
  endfacet
  facet normal -1 0 0
    outer loop
      vertex -35 -0.8630500530062943 19.94485907268434
      vertex -35 -0.5717211151241406 20.341709783584676
      vertex -35 0 20.502951814183916
    endloop
  endfacet
  facet normal -1 0 0
    outer loop
      vertex -35 -0.8630500530062943 19.94485907268434
      vertex -35 0 20.502951814183916
      vertex -35 0.7993162836332368 20.34395791992132
    endloop
  endfacet
  facet normal -1 0 0
    outer loop
      vertex -35 -2.2266272614246168 20.138233107147
      vertex -35 -1.7713978210965986 20.5762396571435
      vertex -35 -1.7207791154425396 20.594913883565372
    endloop
  endfacet
  facet normal -1 0 0
    outer loop
      vertex -35 -0.5717211151241406 20.341709783584676
      vertex -35 -0.6270925590580858 20.65795343675392
      vertex -35 0 20.502951814183916
    endloop
  endfacet
  facet normal -1 0 0
    outer loop
      vertex -35 5.684427278106183 19.806724582630093
      vertex -35 4.2095177560159875 20.135451851545806
      vertex -35 5.747484211875436 20.379041807895014
    endloop
  endfacet
  facet normal -1 0 0
    outer loop
      vertex -35 5.684427278106183 19.806724582630093
      vertex -35 5.747484211875436 20.379041807895014
      vertex -35 6.465637775217204 19.899186938124423
    endloop
  endfacet
  facet normal -1 0 0
    outer loop
      vertex -35 4.2095177560159875 20.135451851545806
      vertex -35 4.993895497135014 20.80107176607205
      vertex -35 5.747484211875436 20.379041807895014
    endloop
  endfacet
  facet normal -1 0 0
    outer loop
      vertex -35 4.2095177560159875 20.135451851545806
      vertex -35 4.253020534852514 20.65370257339212
      vertex -35 4.993895497135014 20.80107176607205
    endloop
  endfacet
  facet normal -1 0 0
    outer loop
      vertex -35 -2.5678990024149595 20.544945040497765
      vertex -35 -2.3317487424344283 20.92504910607977
      vertex -35 -0.8630500530062943 21.251116597140356
    endloop
  endfacet
  facet normal -1 0 0
    outer loop
      vertex -35 0 20.502951814183916
      vertex -35 -0.6270925590580858 20.65795343675392
      vertex -35 0 21.229742815055943
    endloop
  endfacet
  facet normal -1 0 0
    outer loop
      vertex -35 -0.6270925590580858 20.65795343675392
      vertex -35 -0.030708604939491832 21.218413812578895
      vertex -35 0 21.229742815055943
    endloop
  endfacet
  facet normal -1 0 0
    outer loop
      vertex -35 0.8630500530062943 20.3592590441839
      vertex -35 1.0354018903727251 20.794965348184213
      vertex -35 1.7207791154425396 20.988261716943892
    endloop
  endfacet
  facet normal -1 0 0
    outer loop
      vertex -35 0.8630500530062943 20.3592590441839
      vertex -35 1.7207791154425396 20.988261716943892
      vertex -35 2.5311099333341054 20.759724790324327
    endloop
  endfacet
  facet normal -1 0 0
    outer loop
      vertex -35 1.0354018903727251 20.794965348184213
      vertex -35 0.9827182132735419 21.181012663892375
      vertex -35 1.7207791154425396 20.988261716943892
    endloop
  endfacet
  facet normal -1 0 0
    outer loop
      vertex -35 -2.5678990024149595 21.097426743796852
      vertex -35 -0.8630500530062943 21.966090671064407
      vertex -35 -1.7207791154425396 21.206709962046336
    endloop
  endfacet
  facet normal -1 0 0
    outer loop
      vertex -35 -2.5678990024149595 21.097426743796852
      vertex -35 -1.7207791154425396 21.864571746546517
      vertex -35 -0.8630500530062943 21.966090671064407
    endloop
  endfacet
  facet normal -1 0 0
    outer loop
      vertex -35 -2.3317487424344283 20.92504910607977
      vertex -35 -1.7207791154425396 21.206709962046336
      vertex -35 0.8630500530062943 21.966090671064407
    endloop
  endfacet
  facet normal -1 0 0
    outer loop
      vertex -35 -2.3317487424344283 20.92504910607977
      vertex -35 0.8630500530062943 21.966090671064407
      vertex -35 -0.8630500530062943 21.251116597140356
    endloop
  endfacet
  facet normal -1 0 0
    outer loop
      vertex -35 -1.7207791154425396 21.206709962046336
      vertex -35 0 22
      vertex -35 0.8630500530062943 21.966090671064407
    endloop
  endfacet
  facet normal -1 0 0
    outer loop
      vertex -35 0.9827182132735419 21.181012663892375
      vertex -35 1.7207791154425396 21.864571746546517
      vertex -35 1.7207791154425396 20.988261716943892
    endloop
  endfacet
  facet normal -1 0 0
    outer loop
      vertex -35 2.5311099333341054 20.759724790324327
      vertex -35 2.5678990024149595 20.788024261172264
      vertex -35 4.2095177560159875 21.162674857624154
    endloop
  endfacet
  facet normal -1 0 0
    outer loop
      vertex -35 2.5678990024149595 20.788024261172264
      vertex -35 3.3991869381244215 21.46162167924669
      vertex -35 4.2095177560159875 21.162674857624154
    endloop
  endfacet
  facet normal -1 0 0
    outer loop
      vertex -35 4.253020534852514 20.65370257339212
      vertex -35 4.2095177560159875 21.162674857624154
      vertex -35 4.993895497135014 20.80107176607205
    endloop
  endfacet
  facet normal 0 0.41865973753742575 0.9081431738250825
    outer loop
      vertex -35 4.2095177560159875 21.162674857624154
      vertex 0 4.601706626575501 20.9818733118481
      vertex -35 4.993895497135014 20.80107176607205
    endloop
  endfacet
  facet normal -1 0 0
    outer loop
      vertex -35 7.703569443778487 16.879346746668887
      vertex -35 7.778174593052023 16.948311037286086
      vertex -35 8.314998452168112 16.884904996201797
    endloop
  endfacet
  facet normal -1 0 0
    outer loop
      vertex -35 8.36446562160034 16.82733308944044
      vertex -35 7.703569443778487 16.879346746668887
      vertex -35 8.314998452168112 16.884904996201797
    endloop
  endfacet
  facet normal -1 0 0
    outer loop
      vertex -35 8.36446562160034 16.82733308944044
      vertex -35 8.899186938124423 17.465637775217203
      vertex -35 9.379041807895014 16.747484211875438
    endloop
  endfacet
  facet normal -1 0 0
    outer loop
      vertex -35 7.14392853163202 18.774799136454362
      vertex -35 7.14392853163202 19.36446562160034
      vertex -35 7.778174593052023 18.77817459305202
    endloop
  endfacet
  facet normal -1 0 0
    outer loop
      vertex -35 6.465637775217204 18.726604881027786
      vertex -35 6.465637775217204 19.899186938124423
      vertex -35 7.119876871956233 18.75231000514726
    endloop
  endfacet
  facet normal -1 0 0
    outer loop
      vertex -35 6.465637775217204 19.899186938124423
      vertex -35 7.14392853163202 18.774799136454362
      vertex -35 7.119876871956233 18.75231000514726
    endloop
  endfacet
  facet normal 0 0.8314696123025456 0.5555702330196017
    outer loop
      vertex -35 9.379041807895014 16.747484211875438
      vertex -35 8.899186938124423 17.465637775217203
      vertex 0 9.139114373009718 17.10656099354632
    endloop
  endfacet
  facet normal -1 0 0
    outer loop
      vertex -35 6.465637775217204 19.899186938124423
      vertex -35 7.14392853163202 19.36446562160034
      vertex -35 7.14392853163202 18.774799136454362
    endloop
  endfacet
  facet normal -1.2241932843641526e-17 -0.6190939493098363 0.7853169308807431
    outer loop
      vertex -35 -7.14392853163202 19.36446562160034
      vertex 28 -7.076099455990539 19.417937753252748
      vertex -35 -6.465637775217204 19.899186938124423
    endloop
  endfacet
  facet normal 0 -0.5555702330196003 0.8314696123025465
    outer loop
      vertex -35 -6.465637775217204 19.899186938124423
      vertex 28 -5.747484211875436 20.379041807895014
      vertex -35 -5.747484211875436 20.379041807895014
    endloop
  endfacet
  facet normal -1.1349291907126017e-17 -0.34611705707749413 0.9381913359224837
    outer loop
      vertex -35 -4.2095177560159875 21.162674857624154
      vertex 28 -4.128484674226831 21.19256953978641
      vertex -35 -3.3991869381244215 21.46162167924669
    endloop
  endfacet
  facet normal -1.6450097258643343e-17 -0.27144044986507365 0.9624552364536474
    outer loop
      vertex -35 -3.3991869381244215 21.46162167924669
      vertex 28 -3.3160581445534754 21.485066423759466
      vertex -35 -2.5678990024149595 21.696069124374443
    endloop
  endfacet
  facet normal -7.970008361745803e-21 0.03925981575906941 0.9992290362407228
    outer loop
      vertex -35 0 22
      vertex 28 0.08630500530062944 21.99660906710644
      vertex -35 0.8630500530062943 21.966090671064407
    endloop
  endfacet
  facet normal 0 0.34611705707749413 0.9381913359224837
    outer loop
      vertex -35 4.2095177560159875 21.162674857624154
      vertex -35 3.3991869381244215 21.46162167924669
      vertex 28 4.2095177560159875 21.162674857624154
    endloop
  endfacet
  facet normal -1.3262093913945014e-17 0.6788007455329407 0.7343225094356864
    outer loop
      vertex -35 7.778174593052023 18.77817459305202
      vertex -35 7.14392853163202 19.36446562160034
      vertex 28 7.20735313777402 19.305836518745508
    endloop
  endfacet
  facet normal 0 0.6190939493098363 0.7853169308807431
    outer loop
      vertex -35 6.465637775217204 19.899186938124423
      vertex 28 7.14392853163202 19.36446562160034
      vertex -35 7.14392853163202 19.36446562160034
    endloop
  endfacet
  facet normal 0 -0.9624552364536463 0.2714404498650776
    outer loop
      vertex -35 -10.696069124374443 13.56789900241496
      vertex 35 -10.696069124374443 13.56789900241496
      vertex 0 -10.578845401810565 13.98354297026969
    endloop
  endfacet
  facet normal 0 -0.9992290362407229 0.03925981575906943
    outer loop
      vertex -35 -11 11
      vertex 35 -11 11
      vertex 35 -10.966090671064407 11.863050053006294
    endloop
  endfacet
  facet normal 0 -0.9930684569549264 0.11753739745783677
    outer loop
      vertex -35 -10.966090671064407 11.863050053006294
      vertex 35 -10.966090671064407 11.863050053006294
      vertex 35 -10.864571746546515 12.72077911544254
    endloop
  endfacet
  facet normal 0 -0.9081431738250816 0.41865973753742763
    outer loop
      vertex -35 -10.162674857624154 15.209517756015988
      vertex 28 -10.162674857624154 15.209517756015988
      vertex 28 -9.837232075227258 15.915457723023112
    endloop
  endfacet
  facet normal 1.0990960657702288e-16 0.837531755744302 0.5463886511631321
    outer loop
      vertex -31 16.390481507521752 6
      vertex 28 9.379041807895014 16.747484211875438
      vertex 28 11.175120926570006 13.994364624714718
    endloop
  endfacet
  facet normal 0 0.5555702330196008 0.8314696123025462
    outer loop
      vertex -35 6.465637775217204 19.899186938124423
      vertex 0 6.106560993546321 20.13911437300972
      vertex 28 6.465637775217204 19.899186938124423
    endloop
  endfacet
  facet normal 0 0.5555702330195998 0.8314696123025468
    outer loop
      vertex -35 5.747484211875436 20.379041807895014
      vertex 28 5.747484211875436 20.379041807895014
      vertex 0 6.106560993546321 20.13911437300972
    endloop
  endfacet
  facet normal 0 0.4186597375374258 0.9081431738250825
    outer loop
      vertex -35 4.2095177560159875 21.162674857624154
      vertex 28 4.2095177560159875 21.162674857624154
      vertex 0 4.601706626575501 20.9818733118481
    endloop
  endfacet
  facet normal 0 0.4186597375374258 0.9081431738250825
    outer loop
      vertex -35 4.993895497135014 20.80107176607205
      vertex 0 4.601706626575501 20.9818733118481
      vertex 28 4.993895497135014 20.80107176607205
    endloop
  endfacet
  facet normal 0 0.2714404498650773 0.9624552364536464
    outer loop
      vertex -35 3.3991869381244215 21.46162167924669
      vertex 0 2.9835429702696903 21.578845401810568
      vertex 28 3.3991869381244215 21.46162167924669
    endloop
  endfacet
  facet normal 0 -0.6190939493098434 0.7853169308807376
    outer loop
      vertex -35 -7.14392853163202 19.36446562160034
      vertex 28 -7.14392853163202 19.36446562160034
      vertex 28 -7.076099455990539 19.417937753252748
    endloop
  endfacet
  facet normal 0 -0.5555702330196003 0.8314696123025465
    outer loop
      vertex -35 -6.465637775217204 19.899186938124423
      vertex 28 -6.465637775217204 19.899186938124423
      vertex 28 -5.747484211875436 20.379041807895014
    endloop
  endfacet
  facet normal 0 -0.4886212414969575 0.8724960070727956
    outer loop
      vertex -35 -4.993895497135014 20.80107176607205
      vertex 28 -5.6721253404013945 20.421244803712717
      vertex 28 -4.993895497135014 20.80107176607205
    endloop
  endfacet
  facet normal 0 -0.41865973753742575 0.9081431738250824
    outer loop
      vertex -35 -4.993895497135014 20.80107176607205
      vertex 28 -4.993895497135014 20.80107176607205
      vertex 28 -4.28795553012789 21.126514548468943
    endloop
  endfacet
  facet normal 0 -0.34611705707750184 0.9381913359224809
    outer loop
      vertex -35 -4.2095177560159875 21.162674857624154
      vertex 28 -4.2095177560159875 21.162674857624154
      vertex 28 -4.128484674226831 21.19256953978641
    endloop
  endfacet
  facet normal 0 -0.2714404498650852 0.9624552364536442
    outer loop
      vertex -35 -3.3991869381244215 21.46162167924669
      vertex 28 -3.3991869381244215 21.46162167924669
      vertex 28 -3.3160581445534754 21.485066423759466
    endloop
  endfacet
  facet normal 0 -0.11753739745783658 0.9930684569549264
    outer loop
      vertex -35 -0.8630500530062943 21.966090671064407
      vertex 28 -1.635006209198915 21.874723638998304
      vertex 28 -0.8630500530062943 21.966090671064407
    endloop
  endfacet
  facet normal 0 0.03925981575906941 0.9992290362407229
    outer loop
      vertex -35 0 22
      vertex 28 0 22
      vertex 28 0.08630500530062944 21.99660906710644
    endloop
  endfacet
  facet normal 0 0.34611705707749413 0.9381913359224837
    outer loop
      vertex -35 3.3991869381244215 21.46162167924669
      vertex 28 3.3991869381244215 21.46162167924669
      vertex 28 4.2095177560159875 21.162674857624154
    endloop
  endfacet
  facet normal 0 0.6788007455329333 0.7343225094356932
    outer loop
      vertex -35 7.14392853163202 19.36446562160034
      vertex 28 7.14392853163202 19.36446562160034
      vertex 28 7.20735313777402 19.305836518745508
    endloop
  endfacet
  facet normal 0 0.6190939493098363 0.7853169308807431
    outer loop
      vertex -35 6.465637775217204 19.899186938124423
      vertex 28 6.465637775217204 19.899186938124423
      vertex 28 7.14392853163202 19.36446562160034
    endloop
  endfacet
  facet normal 0 -0.41865973753742747 -0.9081431738250817
    outer loop
      vertex 0 -4.601706626575501 1.0181266881518996
      vertex 35 -4.2095177560159875 0.8373251423758461
      vertex 35 -4.601706626575501 1.0181266881518996
    endloop
  endfacet
  facet normal -1.9740116710371988e-17 -0.7853169308807442 -0.6190939493098351
    outer loop
      vertex 0 -8.63182627986238 4.195216846575388
      vertex 35 -8.36446562160034 3.85607146836798
      vertex 35 -8.899186938124423 4.534362224782796
    endloop
  endfacet
  facet normal 7.345159706184933e-18 -0.8314696123025465 -0.5555702330196003
    outer loop
      vertex 0 -9.139114373009718 4.893439006453679
      vertex 35 -8.899186938124423 4.534362224782796
      vertex 35 -9.379041807895014 5.252515788124564
    endloop
  endfacet
  facet normal 0 0 -1
    outer loop
      vertex -20.641025641025642 15.102564102564102 0
      vertex 35 19 0
      vertex 35 0 0
    endloop
  endfacet
  facet normal 1 0 0
    outer loop
      vertex 35 0 0
      vertex 35 11 0.7952265011598716
      vertex 35 3.824922462148559 0.6954404476633743
    endloop
  endfacet
  facet normal 1 0 0
    outer loop
      vertex 35 3.824922462148559 0.6954404476633743
      vertex 35 11 2
      vertex 35 4.2095177560159875 0.8373251423758461
    endloop
  endfacet
  facet normal 1 0 0
    outer loop
      vertex 35 0 0
      vertex 35 19 0
      vertex 35 11 0.7952265011598716
    endloop
  endfacet
  facet normal 1 0 0
    outer loop
      vertex 35 4.2095177560159875 0.8373251423758461
      vertex 35 11 2
      vertex 35 4.993895497135014 1.198928233927953
    endloop
  endfacet
  facet normal 1 0 0
    outer loop
      vertex 35 3.824922462148559 0.6954404476633743
      vertex 35 11 0.7952265011598716
      vertex 35 11 2
    endloop
  endfacet
  facet normal 1 0 0
    outer loop
      vertex 35 4.993895497135014 1.198928233927953
      vertex 35 11 2
      vertex 35 5.747484211875436 1.620958192104986
    endloop
  endfacet
  facet normal 1 0 0
    outer loop
      vertex 35 5.747484211875436 1.620958192104986
      vertex 35 11 2
      vertex 35 6.465637775217204 2.100813061875577
    endloop
  endfacet
  facet normal 1 0 0
    outer loop
      vertex 35 6.465637775217204 2.100813061875577
      vertex 35 11 2
      vertex 35 7.14392853163202 2.63553437839966
    endloop
  endfacet
  facet normal 1 0 0
    outer loop
      vertex 35 11 2
      vertex 35 7.778174593052023 3.2218254069479766
      vertex 35 7.14392853163202 2.63553437839966
    endloop
  endfacet
  facet normal 1 0 0
    outer loop
      vertex 35 19 0
      vertex 35 19 2
      vertex 35 16.55169817540384 1.444830182459616
    endloop
  endfacet
  facet normal 1 0 0
    outer loop
      vertex 35 11 2
      vertex 35 8.36446562160034 3.85607146836798
      vertex 35 7.778174593052023 3.2218254069479766
    endloop
  endfacet
  facet normal 1 0 0
    outer loop
      vertex 35 11 2
      vertex 35 8.899186938124423 4.534362224782796
      vertex 35 8.36446562160034 3.85607146836798
    endloop
  endfacet
  facet normal 1 0 0
    outer loop
      vertex 35 11 2
      vertex 35 9.379041807895014 5.252515788124564
      vertex 35 8.899186938124423 4.534362224782796
    endloop
  endfacet
  facet normal 1 0 0
    outer loop
      vertex 35 11 2
      vertex 35 16.55169817540384 1.444830182459616
      vertex 35 9.801071766072047 6.006104502864986
    endloop
  endfacet
  facet normal 1 0 0
    outer loop
      vertex 35 16.55169817540384 1.444830182459616
      vertex 35 19 2
      vertex 35 10.08901152137896 6.630694115405556
    endloop
  endfacet
  facet normal 1 0 0
    outer loop
      vertex 35 11 2
      vertex 35 9.801071766072047 6.006104502864986
      vertex 35 9.379041807895014 5.252515788124564
    endloop
  endfacet
  facet normal 1 0 0
    outer loop
      vertex 35 16.55169817540384 1.444830182459616
      vertex 35 10.08901152137896 6.630694115405556
      vertex 35 9.801071766072047 6.006104502864986
    endloop
  endfacet
  facet normal 1 0 0
    outer loop
      vertex 35 19 2
      vertex 35 16.390481507521752 6
      vertex 35 10.08901152137896 6.630694115405556
    endloop
  endfacet
  facet normal 1 0 0
    outer loop
      vertex 35 10.08901152137896 6.630694115405556
      vertex 35 3.9602958858013153 9.938841916620731
      vertex 35 3.926894608188292 9.8329065968618
    endloop
  endfacet
  facet normal 1 0 0
    outer loop
      vertex 35 10.08901152137896 6.630694115405556
      vertex 35 4.037711784243584 10.288042470812798
      vertex 35 3.9602958858013153 9.938841916620731
    endloop
  endfacet
  facet normal 1 0 0
    outer loop
      vertex 35 10.08901152137896 6.630694115405556
      vertex 35 4.08439826220274 10.642661452293396
      vertex 35 4.037711784243584 10.288042470812798
    endloop
  endfacet
  facet normal 1 0 0
    outer loop
      vertex 35 10.08901152137896 6.630694115405556
      vertex 35 4.100000001490116 11
      vertex 35 4.08439826220274 10.642661452293396
    endloop
  endfacet
  facet normal 1 0 0
    outer loop
      vertex 35 10.08901152137896 6.630694115405556
      vertex 35 4.08439826220274 11.357338547706604
      vertex 35 4.100000001490116 11
    endloop
  endfacet
  facet normal 1 0 0
    outer loop
      vertex 35 10.08901152137896 6.630694115405556
      vertex 35 4.037711784243584 11.711957529187202
      vertex 35 4.08439826220274 11.357338547706604
    endloop
  endfacet
  facet normal 1 0 0
    outer loop
      vertex 35 10.08901152137896 6.630694115405556
      vertex 35 3.9602958858013153 12.061158083379269
      vertex 35 4.037711784243584 11.711957529187202
    endloop
  endfacet
  facet normal 0 0.8375317557443018 0.5463886511631324
    outer loop
      vertex 31 16.390481507521752 6
      vertex 35 11.175120926570008 13.994364624714718
      vertex 35 16.390481507521752 6
    endloop
  endfacet
  facet normal 1 0 0
    outer loop
      vertex 35 10.08901152137896 6.630694115405556
      vertex 35 16.390481507521752 6
      vertex 35 11.175120926570008 13.994364624714718
    endloop
  endfacet
  facet normal 1 0 0
    outer loop
      vertex 35 10.08901152137896 6.630694115405556
      vertex 35 11.175120926570008 13.994364624714718
      vertex 35 3.9602958858013153 12.061158083379269
    endloop
  endfacet
  facet normal 0 -0.9807852804032302 0.19509032201612966
    outer loop
      vertex 0 -10.780320435460478 13.14433905892875
      vertex 35 -10.864571746546515 12.72077911544254
      vertex 35 -10.780320435460478 13.14433905892875
    endloop
  endfacet
  facet normal -2.1268628695652778e-16 0.8375317557443017 0.5463886511631324
    outer loop
      vertex 31 16.390481507521752 6
      vertex 28 11.175120926570006 13.994364624714718
      vertex 35 11.175120926570008 13.994364624714718
    endloop
  endfacet
  facet normal 9.181449632731167e-18 0.5555702330196004 0.8314696123025466
    outer loop
      vertex 0 6.106560993546321 20.13911437300972
      vertex 28 5.747484211875436 20.379041807895014
      vertex 28 6.465637775217204 19.899186938124423
    endloop
  endfacet
  facet normal 0 0.41865973753742575 0.9081431738250824
    outer loop
      vertex 0 4.601706626575501 20.9818733118481
      vertex 28 4.2095177560159875 21.162674857624154
      vertex 28 4.28795553012789 21.126514548468943
    endloop
  endfacet
  facet normal 0 0.41865973753742575 0.9081431738250824
    outer loop
      vertex 0 4.601706626575501 20.9818733118481
      vertex 28 4.915457723023112 20.83723207522726
      vertex 28 4.993895497135014 20.80107176607205
    endloop
  endfacet
  facet normal -1.262449324500532e-16 0.2714404498650852 0.9624552364536442
    outer loop
      vertex 0 2.9835429702696903 21.578845401810568
      vertex 28 3.3160581445534754 21.485066423759466
      vertex 28 3.3991869381244215 21.46162167924669
    endloop
  endfacet
  facet normal 0 0 -1
    outer loop
      vertex -35 19 0
      vertex -31 65.49437086568804 0
      vertex -34.72405085323513 18.925099517306677 0
    endloop
  endfacet
  facet normal -1 0 0
    outer loop
      vertex -35 19 0
      vertex -35 19 0.40336134453781514
      vertex -35 130 0
    endloop
  endfacet
  facet normal 0 0 1
    outer loop
      vertex -31 19 2
      vertex 31 19 2
      vertex -31 125.8776810541749 2
    endloop
  endfacet
  facet normal 0 0 -1
    outer loop
      vertex -35 11 0
      vertex 33.72625584712538 106.45594189687971 0
      vertex -20.641025641025642 15.102564102564102 0
    endloop
  endfacet
  facet normal 0 0 -1
    outer loop
      vertex -35 19 0
      vertex -26.284425728023052 129.7374341711402 0
      vertex -31 65.49437086568804 0
    endloop
  endfacet
  facet normal 0 0 -1
    outer loop
      vertex -35 11 0
      vertex -31 41.301061085917524 0
      vertex -17.635182231664658 128.9517349600792 0
    endloop
  endfacet
  facet normal 0 0 -1
    outer loop
      vertex -35 19 0
      vertex -35 130 0
      vertex -26.284425728023052 129.7374341711402 0
    endloop
  endfacet
  facet normal 0 0 -1
    outer loop
      vertex -31 41.301061085917524 0
      vertex -31 65.49437086568804 0
      vertex -17.635182231664658 128.9517349600792 0
    endloop
  endfacet
  facet normal 0 0 -1
    outer loop
      vertex -35 11 0
      vertex -17.635182231664658 128.9517349600792 0
      vertex -9.118095487356186 127.64888201653957 0
    endloop
  endfacet
  facet normal 0 0 -1
    outer loop
      vertex -35 11 0
      vertex -9.118095487356186 127.64888201653957 0
      vertex -0.797985665500164 125.83879083395004 0
    endloop
  endfacet
  facet normal 0 0 -1
    outer loop
      vertex -31 65.49437086568804 0
      vertex -26.284425728023052 129.7374341711402 0
      vertex -17.635182231664658 128.9517349600792 0
    endloop
  endfacet
  facet normal 0.030112388708763475 0.9995465192007085 0
    outer loop
      vertex -35 130 0
      vertex -26.284425728023052 129.7374341711402 2
      vertex -26.284425728023052 129.7374341711402 0
    endloop
  endfacet
  facet normal 0.030112388708765092 0.9995465192007085 -7.057045776054694e-15
    outer loop
      vertex -35 130 0
      vertex -32.094808576007686 129.91247805704674 2
      vertex -26.284425728023052 129.7374341711402 2
    endloop
  endfacet
  facet normal 0.0904677228497556 0.9958993880520159 0
    outer loop
      vertex -26.284425728023052 129.7374341711402 0
      vertex -26.284425728023052 129.7374341711402 2
      vertex -17.635182231664658 128.9517349600792 2
    endloop
  endfacet
  facet normal 0 0 1
    outer loop
      vertex -31 125.8776810541749 2
      vertex -18.118991382420063 124.97921430319548 2
      vertex -26.52580665051937 125.7428912743926 2
    endloop
  endfacet
  facet normal 0.0904677228497556 0.9958993880520159 0
    outer loop
      vertex -26.284425728023052 129.7374341711402 0
      vertex -17.635182231664658 128.9517349600792 2
      vertex -17.635182231664658 128.9517349600792 0
    endloop
  endfacet
  facet normal 0 0 1
    outer loop
      vertex -31 125.8776810541749 2
      vertex -9.846392467617989 123.71376049518585 2
      vertex -18.118991382420063 124.97921430319548 2
    endloop
  endfacet
  facet normal 0.1512104145647157 0.9885015986467433 0
    outer loop
      vertex -17.635182231664658 128.9517349600792 0
      vertex -17.635182231664658 128.9517349600792 2
      vertex -9.118095487356186 127.64888201653957 2
    endloop
  endfacet
  facet normal 0.1512104145647157 0.9885015986467433 0
    outer loop
      vertex -17.635182231664658 128.9517349600792 0
      vertex -9.118095487356186 127.64888201653957 2
      vertex -9.118095487356186 127.64888201653957 0
    endloop
  endfacet
  facet normal 0 0 1
    outer loop
      vertex -31 125.8776810541749 2
      vertex -1.773764468729496 121.9575105085969 2
      vertex -9.846392467617989 123.71376049518585 2
    endloop
  endfacet
  facet normal 0 0 -1
    outer loop
      vertex -35 11 0
      vertex 7.2618261724710464 123.53523730486631 0
      vertex 15 120.75575286149979 0
    endloop
  endfacet
  facet normal 0 0 -1
    outer loop
      vertex -35 11 0
      vertex -0.797985665500164 125.83879083395004 0
      vertex 7.2618261724710464 123.53523730486631 0
    endloop
  endfacet
  facet normal 0 0 -1
    outer loop
      vertex -35 11 0
      vertex 15 120.75575286149979 0
      vertex 22.357643634080887 117.5214910581708 0
    endloop
  endfacet
  facet normal 0 0 1
    outer loop
      vertex -31 125.8776810541749 2
      vertex 31 19 2
      vertex 31 34.82916697114706 2
    endloop
  endfacet
  facet normal 0 0 -1
    outer loop
      vertex -35 11 0
      vertex 35.7106781154871 109.79036790132523 0
      vertex 33.72625584712538 106.45594189687971 0
    endloop
  endfacet
  facet normal 0 0 -1
    outer loop
      vertex -35 11 0
      vertex 22.357643634080887 117.5214910581708 0
      vertex 29.278760969638824 113.8570665717125 0
    endloop
  endfacet
  facet normal 0 0 -1
    outer loop
      vertex -35 11 0
      vertex 29.278760969638824 113.8570665717125 0
      vertex 35.7106781154871 109.79036790132523 0
    endloop
  endfacet
  facet normal 0 0 1
    outer loop
      vertex -31 125.8776810541749 2
      vertex 31 34.82916697114706 2
      vertex 33.43500354886055 106.49674126505852 2
    endloop
  endfacet
  facet normal 0 0 1
    outer loop
      vertex -31 125.8776810541749 2
      vertex 13.517298065125942 117.03811540454626 2
      vertex 6.034773126244545 119.72577300667763 2
    endloop
  endfacet
  facet normal 0.21258346430820915 0.9771429121181406 -3.364023051541098e-15
    outer loop
      vertex -9.118095487356186 127.64888201653957 0
      vertex -6.3447255467375125 127.04551828900973 2
      vertex -0.797985665500164 125.83879083395004 2
    endloop
  endfacet
  facet normal 0 0 1
    outer loop
      vertex -31 125.8776810541749 2
      vertex 6.034773126244545 119.72577300667763 2
      vertex -1.773764468729496 121.9575105085969 2
    endloop
  endfacet
  facet normal 0 0 1
    outer loop
      vertex -31 125.8776810541749 2
      vertex 20.614669978618622 113.91826345026493 2
      vertex 13.517298065125942 117.03811540454626 2
    endloop
  endfacet
  facet normal 0.2125834643082084 0.9771429121181409 0
    outer loop
      vertex -9.118095487356186 127.64888201653957 0
      vertex -0.797985665500164 125.83879083395004 2
      vertex -0.797985665500164 125.83879083395004 0
    endloop
  endfacet
  facet normal 0.27480386220943004 0.9615003054158541 0
    outer loop
      vertex -0.797985665500164 125.83879083395004 0
      vertex -0.797985665500164 125.83879083395004 2
      vertex 7.2618261724710464 123.53523730486631 2
    endloop
  endfacet
  facet normal 0 0 1
    outer loop
      vertex -31 125.8776810541749 2
      vertex 27.271141104400158 110.39395739138126 2
      vertex 20.614669978618622 113.91826345026493 2
    endloop
  endfacet
  facet normal 0.27480386220943004 0.9615003054158541 0
    outer loop
      vertex -0.797985665500164 125.83879083395004 0
      vertex 7.2618261724710464 123.53523730486631 2
      vertex 7.2618261724710464 123.53523730486631 0
    endloop
  endfacet
  facet normal 0 0 1
    outer loop
      vertex -31 125.8776810541749 2
      vertex 33.43500354886055 106.49674126505852 2
      vertex 27.271141104400158 110.39395739138126 2
    endloop
  endfacet
  facet normal 0.3380455810743025 0.9411297387268861 0
    outer loop
      vertex 7.2618261724710464 123.53523730486631 0
      vertex 15 120.75575286149979 2
      vertex 15 120.75575286149979 0
    endloop
  endfacet
  facet normal 0 0 -1
    outer loop
      vertex -20.641025641025642 15.102564102564102 0
      vertex 35 31 0
      vertex 35 19 0
    endloop
  endfacet
  facet normal 1 0 0
    outer loop
      vertex 35 11 0.7952265011598716
      vertex 35 16.55169817540384 1.444830182459616
      vertex 35 11 2
    endloop
  endfacet
  facet normal 1 0 0
    outer loop
      vertex 35 11 0.7952265011598716
      vertex 35 19 0
      vertex 35 16.55169817540384 1.444830182459616
    endloop
  endfacet
  facet normal 0 0 -1
    outer loop
      vertex -20.641025641025642 15.102564102564102 0
      vertex 33.72625584712538 106.45594189687971 0
      vertex 35 31 0
    endloop
  endfacet
  facet normal 1 0 0
    outer loop
      vertex 35 31 0
      vertex 35 31 2
      vertex 35 24.333333333333332 2
    endloop
  endfacet
  facet normal 0.04361938655516536 -0.9990482216172305 0
    outer loop
      vertex 37.614672280848026 31.114159055054188 0
      vertex 37.614672280848026 31.114159055054188 2
      vertex 36.74311485389868 31.076106036702793 2
    endloop
  endfacet
  facet normal 0.21643961326886524 -0.9762960072682998 0
    outer loop
      vertex 40.20944532752037 31.455767408013344 0
      vertex 42.764571353793144 32.022225208580494 0
      vertex 40.20944532752037 31.455767408013344 2
    endloop
  endfacet
  facet normal 0.21643961326886524 -0.9762960072682998 0
    outer loop
      vertex 42.764571353793144 32.022225208580494 0
      vertex 42.764571353793144 32.022225208580494 2
      vertex 40.20944532752037 31.455767408013344 2
    endloop
  endfacet
  facet normal 0.30070580161105087 -0.9537169500839625 0
    outer loop
      vertex 42.764571353793144 32.022225208580494 0
      vertex 45.26060429960489 32.809221379458904 0
      vertex 42.764571353793144 32.022225208580494 2
    endloop
  endfacet
  facet normal 0.3826834322508572 -0.9238795325586034 0
    outer loop
      vertex 45.26060429960489 32.809221379458904 0
      vertex 47.678547851741314 33.81076639145613 0
      vertex 45.26060429960489 32.809221379458904 2
    endloop
  endfacet
  facet normal 0.4617486114663979 -0.8870108340989153 0
    outer loop
      vertex 47.678547851741314 33.81076639145613 0
      vertex 50 35.019237883388996 0
      vertex 47.678547851741314 33.81076639145613 2
    endloop
  endfacet
  facet normal 0.3826834322508572 -0.9238795325586034 0
    outer loop
      vertex 45.26060429960489 32.809221379458904 2
      vertex 47.678547851741314 33.81076639145613 0
      vertex 47.678547851741314 33.81076639145613 2
    endloop
  endfacet
  facet normal 0.4617486114663979 -0.8870108340989153 0
    outer loop
      vertex 50 35.019237883388996 0
      vertex 50 35.019237883388996 2
      vertex 47.678547851741314 33.81076639145613 2
    endloop
  endfacet
  facet normal 0.5372996089851926 -0.8433914454061999 0
    outer loop
      vertex 50 35.019237883388996 0
      vertex 52.2072930932045 36.42543867230415 0
      vertex 50 35.019237883388996 2
    endloop
  endfacet
  facet normal 0.5372996089851926 -0.8433914454061999 0
    outer loop
      vertex 52.2072930932045 36.42543867230415 0
      vertex 52.2072930932045 36.42543867230415 2
      vertex 50 35.019237883388996 2
    endloop
  endfacet
  facet normal 0 0 -1
    outer loop
      vertex 35 31 0
      vertex 57.54024719573344 81.40386698897665 0
      vertex 37.614672280848026 31.114159055054188 0
    endloop
  endfacet
  facet normal 0 0 -1
    outer loop
      vertex 37.614672280848026 31.114159055054188 0
      vertex 57.54024719573344 81.40386698897665 0
      vertex 40.20944532752037 31.455767408013344 0
    endloop
  endfacet
  facet normal 0 0 1
    outer loop
      vertex 31 34.82916697114706 2
      vertex 37.265717178583145 35.102734081447124 2
      vertex 57.856439873576164 77.41047401726246 2
    endloop
  endfacet
  facet normal 0 0 1
    outer loop
      vertex 37.265717178583145 35.102734081447124 2
      vertex 39.51419086754322 35.3987512588501 2
      vertex 57.856439873576164 77.41047401726246 2
    endloop
  endfacet
  facet normal 0 0 -1
    outer loop
      vertex 40.20944532752037 31.455767408013344 0
      vertex 57.54024719573344 81.40386698897665 0
      vertex 42.764571353793144 32.022225208580494 0
    endloop
  endfacet
  facet normal 0 0 -1
    outer loop
      vertex 42.764571353793144 32.022225208580494 0
      vertex 57.54024719573344 81.40386698897665 0
      vertex 45.26060429960489 32.809221379458904 0
    endloop
  endfacet
  facet normal 0 0 -1
    outer loop
      vertex 45.26060429960489 32.809221379458904 0
      vertex 57.54024719573344 81.40386698897665 0
      vertex 47.678547851741314 33.81076639145613 0
    endloop
  endfacet
  facet normal 0 0 1
    outer loop
      vertex 39.51419086754322 35.3987512588501 2
      vertex 41.728308878839016 35.88960940390825 2
      vertex 57.856439873576164 77.41047401726246 2
    endloop
  endfacet
  facet normal 0 0 1
    outer loop
      vertex 41.728308878839016 35.88960940390825 2
      vertex 43.8912204131484 36.57157279551029 2
      vertex 57.856439873576164 77.41047401726246 2
    endloop
  endfacet
  facet normal 0 0 1
    outer loop
      vertex 43.8912204131484 36.57157279551029 2
      vertex 45.98646432906389 37.43945124745369 2
      vertex 57.856439873576164 77.41047401726246 2
    endloop
  endfacet
  facet normal 0 0 1
    outer loop
      vertex 45.98646432906389 37.43945124745369 2
      vertex 47.998094625771046 38.4866396933794 2
      vertex 57.856439873576164 77.41047401726246 2
    endloop
  endfacet
  facet normal 0.6087614290702233 -0.7933533402440426 0
    outer loop
      vertex 52.2072930932045 36.42543867230415 0
      vertex 54.28362829238176 38.018666706979275 0
      vertex 52.2072930932045 36.42543867230415 2
    endloop
  endfacet
  facet normal 0.6755902070335967 -0.7372773373434869 0
    outer loop
      vertex 54.28362829238176 38.018666706979275 0
      vertex 56.21320343762636 39.78679656237364 0
      vertex 54.28362829238176 38.018666706979275 2
    endloop
  endfacet
  facet normal 0.6087614290702233 -0.7933533402440426 0
    outer loop
      vertex 52.2072930932045 36.42543867230415 2
      vertex 54.28362829238176 38.018666706979275 0
      vertex 54.28362829238176 38.018666706979275 2
    endloop
  endfacet
  facet normal 0.6755902070335967 -0.7372773373434869 0
    outer loop
      vertex 56.21320343762636 39.78679656237364 0
      vertex 56.21320343762636 39.78679656237364 2
      vertex 54.28362829238176 38.018666706979275 2
    endloop
  endfacet
  facet normal 0.7372773373434869 -0.6755902070335967 0
    outer loop
      vertex 56.21320343762636 39.78679656237364 0
      vertex 57.981333293020725 41.71637170761824 0
      vertex 56.21320343762636 39.78679656237364 2
    endloop
  endfacet
  facet normal 0.7372773373434869 -0.6755902070335967 0
    outer loop
      vertex 57.981333293020725 41.71637170761824 0
      vertex 57.981333293020725 41.71637170761824 2
      vertex 56.21320343762636 39.78679656237364 2
    endloop
  endfacet
  facet normal 0 0 -1
    outer loop
      vertex 47.678547851741314 33.81076639145613 0
      vertex 60.50190573354001 75.32736456835288 0
      vertex 50 35.019237883388996 0
    endloop
  endfacet
  facet normal 0 0 -1
    outer loop
      vertex 50 35.019237883388996 0
      vertex 60.50190573354001 75.32736456835288 0
      vertex 52.2072930932045 36.42543867230415 0
    endloop
  endfacet
  facet normal 0 0 -1
    outer loop
      vertex 52.2072930932045 36.42543867230415 0
      vertex 60.50190573354001 75.32736456835288 0
      vertex 54.28362829238176 38.018666706979275 0
    endloop
  endfacet
  facet normal 0 0 -1
    outer loop
      vertex 54.28362829238176 38.018666706979275 0
      vertex 62.47104852115776 69.14323656781251 0
      vertex 56.21320343762636 39.78679656237364 0
    endloop
  endfacet
  facet normal 0 0 1
    outer loop
      vertex 47.998094625771046 38.4866396933794 2
      vertex 49.91080155968666 39.70516839623451 2
      vertex 59.59757225215435 71.99139299988747 2
    endloop
  endfacet
  facet normal 0 0 1
    outer loop
      vertex 49.91080155968666 39.70516839623451 2
      vertex 51.71002835780382 41.085763677954674 2
      vertex 60.64330530911684 66.51063245534897 2
    endloop
  endfacet
  facet normal 0 0 1
    outer loop
      vertex 51.71002835780382 41.085763677954674 2
      vertex 53.38208170980215 42.61791828274727 2
      vertex 60.64330530911684 66.51063245534897 2
    endloop
  endfacet
  facet normal 0 0 1
    outer loop
      vertex 54.914236314594746 44.2899716347456 2
      vertex 56.29483159631491 46.08919843286276 2
      vertex 60.99447889626026 60.96082627773285 2
    endloop
  endfacet
  facet normal 0 0 1
    outer loop
      vertex 53.38208170980215 42.61791828274727 2
      vertex 54.914236314594746 44.2899716347456 2
      vertex 60.64330530911684 66.51063245534897 2
    endloop
  endfacet
  facet normal 0 0 1
    outer loop
      vertex 56.29483159631491 46.08919843286276 2
      vertex 57.51336029917002 48.001905366778374 2
      vertex 60.99447889626026 60.96082627773285 2
    endloop
  endfacet
  facet normal 0 0 1
    outer loop
      vertex 49.91080155968666 39.70516839623451 2
      vertex 60.64330530911684 66.51063245534897 2
      vertex 59.59757225215435 71.99139299988747 2
    endloop
  endfacet
  facet normal 0.8433914454061999 -0.5372996089851926 0
    outer loop
      vertex 59.57456132769585 43.7927069067955 0
      vertex 60.980762116611004 46 0
      vertex 59.57456132769585 43.7927069067955 2
    endloop
  endfacet
  facet normal 0.8433914454061999 -0.5372996089851926 0
    outer loop
      vertex 60.980762116611004 46 0
      vertex 60.980762116611004 46 2
      vertex 59.57456132769585 43.7927069067955 2
    endloop
  endfacet
  facet normal 0 0 -1
    outer loop
      vertex 56.21320343762636 39.78679656237364 0
      vertex 62.47104852115776 69.14323656781251 0
      vertex 57.981333293020725 41.71637170761824 0
    endloop
  endfacet
  facet normal 0.8870108340989153 -0.4617486114663979 0
    outer loop
      vertex 60.980762116611004 46 0
      vertex 62.18923360854387 48.321452148258686 0
      vertex 60.980762116611004 46 2
    endloop
  endfacet
  facet normal 0.8870108340989153 -0.4617486114663979 0
    outer loop
      vertex 62.18923360854387 48.321452148258686 0
      vertex 62.18923360854387 48.321452148258686 2
      vertex 60.980762116611004 46 2
    endloop
  endfacet
  facet normal 0 0 -1
    outer loop
      vertex 62.18923360854387 48.321452148258686 0
      vertex 62.82161275539643 50.68152325006155 0
      vertex 63.190778620541096 50.73939570039511 0
    endloop
  endfacet
  facet normal 0.9238795325586034 -0.3826834322508572 0
    outer loop
      vertex 62.18923360854387 48.321452148258686 0
      vertex 63.190778620541096 50.73939570039511 0
      vertex 62.18923360854387 48.321452148258686 2
    endloop
  endfacet
  facet normal 0.9238795325586034 -0.3826834322508572 0
    outer loop
      vertex 62.18923360854387 48.321452148258686 2
      vertex 63.190778620541096 50.73939570039511 0
      vertex 63.190778620541096 50.73939570039511 2
    endloop
  endfacet
  facet normal 0 0 -1
    outer loop
      vertex 57.981333293020725 41.71637170761824 0
      vertex 62.47104852115776 69.14323656781251 0
      vertex 59.57456132769585 43.7927069067955 0
    endloop
  endfacet
  facet normal 0 0 -1
    outer loop
      vertex 59.57456132769585 43.7927069067955 0
      vertex 62.47104852115776 69.14323656781251 0
      vertex 60.980762116611004 46 0
    endloop
  endfacet
  facet normal 0 0 -1
    outer loop
      vertex 62.82161275539643 50.68152325006155 0
      vertex 63.73056318573501 53.17420652170002 0
      vertex 63.190778620541096 50.73939570039511 0
    endloop
  endfacet
  facet normal 0 0 -1
    outer loop
      vertex 60.980762116611004 46 0
      vertex 62.47104852115776 69.14323656781251 0
      vertex 62.18923360854387 48.321452148258686 0
    endloop
  endfacet
  facet normal 0 0 -1
    outer loop
      vertex 62.82161275539643 50.68152325006155 0
      vertex 64.88584094494581 58.385327719151974 0
      vertex 63.73056318573501 53.17420652170002 0
    endloop
  endfacet
  facet normal 0 0 -1
    outer loop
      vertex 63.73056318573501 53.17420652170002 0
      vertex 64.54423259198666 55.79055467247963 0
      vertex 63.977774791419506 53.235428646206856 0
    endloop
  endfacet
  facet normal 0.953716950083962 -0.30070580161105254 0
    outer loop
      vertex 63.977774791419506 53.235428646206856 0
      vertex 63.977774791419506 53.235428646206856 2
      vertex 63.715442734460034 52.403417664269604 2
    endloop
  endfacet
  facet normal 0 0 -1
    outer loop
      vertex 62.18923360854387 48.321452148258686 0
      vertex 62.47104852115776 69.14323656781251 0
      vertex 62.30862671147902 50.60110476571229 0
    endloop
  endfacet
  facet normal 0 0 -1
    outer loop
      vertex 62.30862671147902 50.60110476571229 0
      vertex 64.61946980655193 67.01374624669552 0
      vertex 62.82161275539643 50.68152325006155 0
    endloop
  endfacet
  facet normal 0 0 -1
    outer loop
      vertex 62.82161275539643 50.68152325006155 0
      vertex 64.42919805037646 58.425278794364644 0
      vertex 64.88584094494581 58.385327719151974 0
    endloop
  endfacet
  facet normal 0 0 -1
    outer loop
      vertex 63.73056318573501 53.17420652170002 0
      vertex 64.88584094494581 58.385327719151974 0
      vertex 64.54423259198666 55.79055467247963 0
    endloop
  endfacet
  facet normal 0.9914448613395793 -0.13052619248006248 0
    outer loop
      vertex 64.54423259198666 55.79055467247963 0
      vertex 64.88584094494581 58.385327719151974 0
      vertex 64.54423259198666 55.79055467247963 2
    endloop
  endfacet
  facet normal 0 0 -1
    outer loop
      vertex 62.82161275539643 50.68152325006155 0
      vertex 64.61946980655193 67.01374624669552 0
      vertex 64.42919805037646 58.425278794364644 0
    endloop
  endfacet
  facet normal 0.9762960072682996 -0.21643961326886577 0
    outer loop
      vertex 64.54423259198666 55.79055467247963 0
      vertex 64.54423259198666 55.79055467247963 2
      vertex 64.35541332513094 54.938845997055374 2
    endloop
  endfacet
  facet normal 0.9914448613395793 -0.13052619248006248 0
    outer loop
      vertex 64.88584094494581 58.385327719151974 0
      vertex 64.88584094494581 58.385327719151974 2
      vertex 64.54423259198666 55.79055467247963 2
    endloop
  endfacet
  facet normal 0 0 1
    outer loop
      vertex 57.51336029917002 48.001905366778374 2
      vertex 58.56054874509573 50.01353566348553 2
      vertex 60.897265911102295 58.734282806515694 2
    endloop
  endfacet
  facet normal 0 0 1
    outer loop
      vertex 58.56054874509573 50.01353566348553 2
      vertex 59.42842719703913 52.108779579401016 2
      vertex 60.60124873369932 56.4858091250062 2
    endloop
  endfacet
  facet normal 0 0 1
    outer loop
      vertex 59.42842719703913 52.108779579401016 2
      vertex 60.11039058864117 54.2716911137104 2
      vertex 60.60124873369932 56.4858091250062 2
    endloop
  endfacet
  facet normal 0 0 1
    outer loop
      vertex 58.56054874509573 50.01353566348553 2
      vertex 60.60124873369932 56.4858091250062 2
      vertex 60.897265911102295 58.734282806515694 2
    endloop
  endfacet
  facet normal 0 0 1
    outer loop
      vertex 54.914236314594746 44.2899716347456 2
      vertex 60.99447889626026 60.96082627773285 2
      vertex 60.64330530911684 66.51063245534897 2
    endloop
  endfacet
  facet normal 0 0 1
    outer loop
      vertex 57.51336029917002 48.001905366778374 2
      vertex 60.897265911102295 58.734282806515694 2
      vertex 60.99447889626026 60.96082627773285 2
    endloop
  endfacet
  facet normal 0 0 -1
    outer loop
      vertex 35 31 0
      vertex 33.72625584712538 106.45594189687971 0
      vertex 35.678135809157 106.18251755075018 0
    endloop
  endfacet
  facet normal 0 0 -1
    outer loop
      vertex 35 31 0
      vertex 35.678135809157 106.18251755075018 0
      vertex 46.91520442813635 100.57677410542965 0
    endloop
  endfacet
  facet normal 0 0 1
    outer loop
      vertex 31 34.82916697114706 2
      vertex 39.05927360802889 102.26164980232716 2
      vertex 33.43500354886055 106.49674126505852 2
    endloop
  endfacet
  facet normal 0 0 1
    outer loop
      vertex 31 34.82916697114706 2
      vertex 44.10239953547716 97.7267423197627 2
      vertex 39.05927360802889 102.26164980232716 2
    endloop
  endfacet
  facet normal 0.40241529512329105 0.915457224697492 0
    outer loop
      vertex 15 120.75575286149979 0
      vertex 15 120.75575286149979 2
      vertex 22.357643634080887 117.5214910581708 2
    endloop
  endfacet
  facet normal 0.4679179949869303 0.8837718879707653 0
    outer loop
      vertex 22.357643634080887 117.5214910581708 0
      vertex 29.278760969638824 113.8570665717125 2
      vertex 29.278760969638824 113.8570665717125 0
    endloop
  endfacet
  facet normal 0.4679179949869303 0.8837718879707653 0
    outer loop
      vertex 22.357643634080887 117.5214910581708 0
      vertex 22.357643634080887 117.5214910581708 2
      vertex 29.278760969638824 113.8570665717125 2
    endloop
  endfacet
  facet normal 0.5344095677664821 0.8452256585549459 0
    outer loop
      vertex 35.7106781154871 109.79036790132523 0
      vertex 29.278760969638824 113.8570665717125 0
      vertex 35.7106781154871 109.79036790132523 2
    endloop
  endfacet
  facet normal 0 0 -1
    outer loop
      vertex 35.678135809157 106.18251755075018 0
      vertex 35.7106781154871 109.79036790132523 0
      vertex 41.604444310069084 105.352345071733 0
    endloop
  endfacet
  facet normal 0.6015341462838134 0.7988470885310929 0
    outer loop
      vertex 35.7106781154871 109.79036790132523 0
      vertex 41.604444310069084 105.352345071733 2
      vertex 41.604444310069084 105.352345071733 0
    endloop
  endfacet
  facet normal 0.6015341462838134 0.7988470885310929 0
    outer loop
      vertex 35.7106781154871 109.79036790132523 0
      vertex 35.7106781154871 109.79036790132523 2
      vertex 41.604444310069084 105.352345071733 2
    endloop
  endfacet
  facet normal 0.5344095677664821 0.8452256585549459 0
    outer loop
      vertex 35.7106781154871 109.79036790132523 2
      vertex 29.278760969638824 113.8570665717125 0
      vertex 29.278760969638824 113.8570665717125 2
    endloop
  endfacet
  facet normal 0 0 1
    outer loop
      vertex 31 34.82916697114706 2
      vertex 48.52894812077284 92.93242259323597 2
      vertex 44.10239953547716 97.7267423197627 2
    endloop
  endfacet
  facet normal 0 0 1
    outer loop
      vertex 31 34.82916697114706 2
      vertex 52.310175001621246 87.92049080133438 2
      vertex 48.52894812077284 92.93242259323597 2
    endloop
  endfacet
  facet normal 0 0 1
    outer loop
      vertex 31 34.82916697114706 2
      vertex 55.42432191967964 82.7329219430685 2
      vertex 52.310175001621246 87.92049080133438 2
    endloop
  endfacet
  facet normal 0 0 1
    outer loop
      vertex 31 34.82916697114706 2
      vertex 57.856439873576164 77.41047401726246 2
      vertex 55.42432191967964 82.7329219430685 2
    endloop
  endfacet
  facet normal 0 0 -1
    outer loop
      vertex 35 31 0
      vertex 46.91520442813635 100.57677410542965 0
      vertex 57.54024719573344 81.40386698897665 0
    endloop
  endfacet
  facet normal 0 0 -1
    outer loop
      vertex 47.678547851741314 33.81076639145613 0
      vertex 58.17082111101153 81.00779091034289 0
      vertex 60.50190573354001 75.32736456835288 0
    endloop
  endfacet
  facet normal 0 0 -1
    outer loop
      vertex 47.678547851741314 33.81076639145613 0
      vertex 57.54024719573344 81.40386698897665 0
      vertex 58.17082111101153 81.00779091034289 0
    endloop
  endfacet
  facet normal 0 0 1
    outer loop
      vertex 47.998094625771046 38.4866396933794 2
      vertex 59.59757225215435 71.99139299988747 2
      vertex 57.856439873576164 77.41047401726246 2
    endloop
  endfacet
  facet normal 0 0 -1
    outer loop
      vertex 54.28362829238176 38.018666706979275 0
      vertex 60.50190573354001 75.32736456835288 0
      vertex 62.47104852115776 69.14323656781251 0
    endloop
  endfacet
  facet normal 0 0 -1
    outer loop
      vertex 62.30862671147902 50.60110476571229 0
      vertex 62.47104852115776 69.14323656781251 0
      vertex 63.239831759792125 68.38122751640411 0
    endloop
  endfacet
  facet normal 0 0 -1
    outer loop
      vertex 62.30862671147902 50.60110476571229 0
      vertex 63.239831759792125 68.38122751640411 0
      vertex 64.61946980655193 67.01374624669552 0
    endloop
  endfacet
  facet normal 0 0 -1
    outer loop
      vertex 64.42919805037646 58.425278794364644 0
      vertex 64.61946980655193 67.01374624669552 0
      vertex 65 61 0
    endloop
  endfacet
  facet normal 0.9980040196133694 0.06315043020880753 0
    outer loop
      vertex 65 61 0
      vertex 64.61946980655193 67.01374624669552 0
      vertex 65 61 2
    endloop
  endfacet
  facet normal 0.9980040196133694 0.06315043020880753 0
    outer loop
      vertex 64.61946980655193 67.01374624669552 0
      vertex 64.61946980655193 67.01374624669552 2
      vertex 65 61 2
    endloop
  endfacet
  facet normal 0 0 -1
    outer loop
      vertex 60.50190573354001 75.32736456835288 0
      vertex 63.48077530413866 72.98172426223755 0
      vertex 62.47104852115776 69.14323656781251 0
    endloop
  endfacet
  facet normal 0 0 -1
    outer loop
      vertex 64.61946980655193 67.01374624669552 0
      vertex 63.239831759792125 68.38122751640411 0
      vertex 63.48077530413866 72.98172426223755 0
    endloop
  endfacet
  facet normal 0.98227992433249 0.18741971682124986 0
    outer loop
      vertex 64.61946980655193 67.01374624669552 0
      vertex 63.48077530413866 72.98172426223755 0
      vertex 64.61946980655193 67.01374624669552 2
    endloop
  endfacet
  facet normal 0.98227992433249 0.18741971682124986 0
    outer loop
      vertex 64.61946980655193 67.01374624669552 2
      vertex 63.48077530413866 72.98172426223755 0
      vertex 63.48077530413866 72.98172426223755 2
    endloop
  endfacet
  facet normal 0 0 -1
    outer loop
      vertex 57.54024719573344 81.40386698897665 0
      vertex 46.91520442813635 100.57677410542965 0
      vertex 58.96926207840443 84.5993898883462 0
    endloop
  endfacet
  facet normal 0 0 -1
    outer loop
      vertex 55.6307787001133 90.16066005825996 0
      vertex 58.96926207840443 84.5993898883462 0
      vertex 46.91520442813635 100.57677410542965 0
    endloop
  endfacet
  facet normal 0.7982935377930198 0.6022685675991274 0
    outer loop
      vertex 55.6307787001133 90.16066005825996 0
      vertex 51.602540381252766 95.5 0
      vertex 55.6307787001133 90.16066005825996 2
    endloop
  endfacet
  facet normal 0.7982935377930198 0.6022685675991274 0
    outer loop
      vertex 55.6307787001133 90.16066005825996 2
      vertex 51.602540381252766 95.5 0
      vertex 51.602540381252766 95.5 2
    endloop
  endfacet
  facet normal 0.857375829585863 0.5146908653181571 0
    outer loop
      vertex 55.6307787001133 90.16066005825996 0
      vertex 58.96926207840443 84.5993898883462 2
      vertex 58.96926207840443 84.5993898883462 0
    endloop
  endfacet
  facet normal 0.857375829585863 0.5146908653181571 0
    outer loop
      vertex 55.6307787001133 90.16066005825996 0
      vertex 55.6307787001133 90.16066005825996 2
      vertex 58.96926207840443 84.5993898883462 2
    endloop
  endfacet
  facet normal 0 0 -1
    outer loop
      vertex 60.50190573354001 75.32736456835288 0
      vertex 58.17082111101153 81.00779091034289 0
      vertex 61.59258262813091 78.85851411521435 0
    endloop
  endfacet
  facet normal 0 0 -1
    outer loop
      vertex 58.17082111101153 81.00779091034289 0
      vertex 58.96926207840443 84.5993898883462 0
      vertex 61.59258262813091 78.85851411521435 0
    endloop
  endfacet
  facet normal 0.909539152176462 0.41561825111287254 0
    outer loop
      vertex 61.59258262813091 78.85851411521435 0
      vertex 58.96926207840443 84.5993898883462 0
      vertex 61.59258262813091 78.85851411521435 2
    endloop
  endfacet
  facet normal 0.909539152176462 0.41561825111287254 0
    outer loop
      vertex 58.96926207840443 84.5993898883462 0
      vertex 58.96926207840443 84.5993898883462 2
      vertex 61.59258262813091 78.85851411521435 2
    endloop
  endfacet
  facet normal 0.6686464952385925 0.7435804357331806 0
    outer loop
      vertex 41.604444310069084 105.352345071733 0
      vertex 46.91520442813635 100.57677410542965 2
      vertex 46.91520442813635 100.57677410542965 0
    endloop
  endfacet
  facet normal 0 0 -1
    outer loop
      vertex 35.678135809157 106.18251755075018 0
      vertex 41.604444310069084 105.352345071733 0
      vertex 46.91520442813635 100.57677410542965 0
    endloop
  endfacet
  facet normal 0.6686464952385925 0.7435804357331806 0
    outer loop
      vertex 41.604444310069084 105.352345071733 0
      vertex 41.604444310069084 105.352345071733 2
      vertex 46.91520442813635 100.57677410542965 2
    endloop
  endfacet
  facet normal 0.7347253275479855 0.6783647197927569 0
    outer loop
      vertex 46.91520442813635 100.57677410542965 0
      vertex 46.91520442813635 100.57677410542965 2
      vertex 51.602540381252766 95.5 2
    endloop
  endfacet
  facet normal 0.7347253275479855 0.6783647197927569 0
    outer loop
      vertex 46.91520442813635 100.57677410542965 0
      vertex 51.602540381252766 95.5 2
      vertex 51.602540381252766 95.5 0
    endloop
  endfacet
  facet normal 0 0 -1
    outer loop
      vertex 55.6307787001133 90.16066005825996 0
      vertex 46.91520442813635 100.57677410542965 0
      vertex 51.602540381252766 95.5 0
    endloop
  endfacet
  facet normal 0 0 -1
    outer loop
      vertex -35 11 0
      vertex -34.72405085323513 18.925099517306677 0
      vertex -31 41.301061085917524 0
    endloop
  endfacet
  facet normal 0 0 -1
    outer loop
      vertex -34.72405085323513 18.925099517306677 0
      vertex -31 65.49437086568804 0
      vertex -31 41.301061085917524 0
    endloop
  endfacet
  facet normal -1 0 0
    outer loop
      vertex -35 19 0.40336134453781514
      vertex -35 19 2
      vertex -35 130 6
    endloop
  endfacet
  facet normal 1 0 0
    outer loop
      vertex -31 19 2
      vertex -31 125.8776810541749 2
      vertex -31 16.390481507521752 6
    endloop
  endfacet
  facet normal -1 0 0
    outer loop
      vertex -35 19 2
      vertex -35 16.390481507521752 6
      vertex -35 130 6
    endloop
  endfacet
  facet normal 0 0 1
    outer loop
      vertex -35 16.390481507521752 6
      vertex -31 16.390481507521752 6
      vertex -31 125.8776810541749 6
    endloop
  endfacet
  facet normal -1 0 0
    outer loop
      vertex -35 19 0.40336134453781514
      vertex -35 130 6
      vertex -35 130 0
    endloop
  endfacet
  facet normal 1 0 0
    outer loop
      vertex -31 16.390481507521752 6
      vertex -31 125.8776810541749 2
      vertex -31 125.8776810541749 6
    endloop
  endfacet
  facet normal 0 0 1
    outer loop
      vertex -35 16.390481507521752 6
      vertex -31 125.8776810541749 6
      vertex -35 130 6
    endloop
  endfacet
  facet normal 0.030112388708760245 0.9995465192007087 0
    outer loop
      vertex -35 130 0
      vertex -35 130 6
      vertex -32.094808576007686 129.91247805704674 2
    endloop
  endfacet
  facet normal -0.030112390027915548 -0.9995465191609676 0
    outer loop
      vertex -31 125.8776810541749 2
      vertex -26.52580665051937 125.7428912743926 2
      vertex -31 125.8776810541749 6
    endloop
  endfacet
  facet normal 0.030112388708763475 0.9995465192007085 2.3523485920182323e-15
    outer loop
      vertex -32.094808576007686 129.91247805704674 2
      vertex -35 130 6
      vertex -26.284425728023052 129.7374341711402 6
    endloop
  endfacet
  facet normal 0.030112388708765092 0.9995465192007085 0
    outer loop
      vertex -32.094808576007686 129.91247805704674 2
      vertex -26.284425728023052 129.7374341711402 6
      vertex -26.284425728023052 129.7374341711402 2
    endloop
  endfacet
  facet normal -0.09046772220809156 -0.9958993881103048 0
    outer loop
      vertex -26.52580665051937 125.7428912743926 2
      vertex -18.118991382420063 124.97921430319548 2
      vertex -26.52580665051937 125.7428912743926 6
    endloop
  endfacet
  facet normal -0.030112390027915548 -0.9995465191609676 0
    outer loop
      vertex -26.52580665051937 125.7428912743926 2
      vertex -26.52580665051937 125.7428912743926 6
      vertex -31 125.8776810541749 6
    endloop
  endfacet
  facet normal 0.0904677228497556 0.9958993880520159 0
    outer loop
      vertex -26.284425728023052 129.7374341711402 2
      vertex -26.284425728023052 129.7374341711402 6
      vertex -17.635182231664658 128.9517349600792 6
    endloop
  endfacet
  facet normal 0.0904677228497556 0.9958993880520159 0
    outer loop
      vertex -26.284425728023052 129.7374341711402 2
      vertex -17.635182231664658 128.9517349600792 6
      vertex -17.635182231664658 128.9517349600792 2
    endloop
  endfacet
  facet normal -0.09046772220809156 -0.9958993881103048 0
    outer loop
      vertex -18.118991382420063 124.97921430319548 2
      vertex -18.118991382420063 124.97921430319548 6
      vertex -26.52580665051937 125.7428912743926 6
    endloop
  endfacet
  facet normal -0.15121041465877041 -0.9885015986323556 0
    outer loop
      vertex -18.118991382420063 124.97921430319548 2
      vertex -9.846392467617989 123.71376049518585 2
      vertex -18.118991382420063 124.97921430319548 6
    endloop
  endfacet
  facet normal 0.1512104145647157 0.9885015986467433 0
    outer loop
      vertex -17.635182231664658 128.9517349600792 2
      vertex -9.118095487356186 127.64888201653957 6
      vertex -9.118095487356186 127.64888201653957 2
    endloop
  endfacet
  facet normal 0.1512104145647157 0.9885015986467433 0
    outer loop
      vertex -17.635182231664658 128.9517349600792 2
      vertex -17.635182231664658 128.9517349600792 6
      vertex -9.118095487356186 127.64888201653957 6
    endloop
  endfacet
  facet normal -0.15121041465877041 -0.9885015986323556 0
    outer loop
      vertex -18.118991382420063 124.97921430319548 6
      vertex -9.846392467617989 123.71376049518585 2
      vertex -9.846392467617989 123.71376049518585 6
    endloop
  endfacet
  facet normal 0 0 1
    outer loop
      vertex -35 130 6
      vertex -31 125.8776810541749 6
      vertex -26.284425728023052 129.7374341711402 6
    endloop
  endfacet
  facet normal 0 0 1
    outer loop
      vertex -31 125.8776810541749 6
      vertex -26.52580665051937 125.7428912743926 6
      vertex -26.284425728023052 129.7374341711402 6
    endloop
  endfacet
  facet normal 0 0 1
    outer loop
      vertex -26.52580665051937 125.7428912743926 6
      vertex -17.635182231664658 128.9517349600792 6
      vertex -26.284425728023052 129.7374341711402 6
    endloop
  endfacet
  facet normal 0 0 1
    outer loop
      vertex -26.52580665051937 125.7428912743926 6
      vertex -18.118991382420063 124.97921430319548 6
      vertex -17.635182231664658 128.9517349600792 6
    endloop
  endfacet
  facet normal 0 0 1
    outer loop
      vertex -18.118991382420063 124.97921430319548 6
      vertex -9.118095487356186 127.64888201653957 6
      vertex -17.635182231664658 128.9517349600792 6
    endloop
  endfacet
  facet normal 0 0 1
    outer loop
      vertex -18.118991382420063 124.97921430319548 6
      vertex -9.846392467617989 123.71376049518585 6
      vertex -9.118095487356186 127.64888201653957 6
    endloop
  endfacet
  facet normal 0.21258346430820682 0.9771429121181411 0
    outer loop
      vertex -9.118095487356186 127.64888201653957 0
      vertex -9.118095487356186 127.64888201653957 2
      vertex -6.3447255467375125 127.04551828900973 2
    endloop
  endfacet
  facet normal -0.21258346433515452 -0.9771429121122787 0
    outer loop
      vertex -9.846392467617989 123.71376049518585 2
      vertex -1.773764468729496 121.9575105085969 2
      vertex -9.846392467617989 123.71376049518585 6
    endloop
  endfacet
  facet normal 0.21258346430820682 0.9771429121181411 0
    outer loop
      vertex -9.118095487356186 127.64888201653957 2
      vertex -9.118095487356186 127.64888201653957 6
      vertex -6.3447255467375125 127.04551828900973 2
    endloop
  endfacet
  facet normal -0.21258346433515452 -0.9771429121122787 0
    outer loop
      vertex -1.773764468729496 121.9575105085969 2
      vertex -1.773764468729496 121.9575105085969 6
      vertex -9.846392467617989 123.71376049518585 6
    endloop
  endfacet
  facet normal 0.2125834643082084 0.9771429121181409 1.1213410171803664e-15
    outer loop
      vertex -6.3447255467375125 127.04551828900973 2
      vertex -9.118095487356186 127.64888201653957 6
      vertex -0.797985665500164 125.83879083395004 6
    endloop
  endfacet
  facet normal 0.21258346430820915 0.9771429121181406 0
    outer loop
      vertex -6.3447255467375125 127.04551828900973 2
      vertex -0.797985665500164 125.83879083395004 6
      vertex -0.797985665500164 125.83879083395004 2
    endloop
  endfacet
  facet normal -0.2748038622564315 -0.9615003054024208 0
    outer loop
      vertex -1.773764468729496 121.9575105085969 2
      vertex 6.034773126244545 119.72577300667763 2
      vertex -1.773764468729496 121.9575105085969 6
    endloop
  endfacet
  facet normal 0.27480386220943004 0.9615003054158541 0
    outer loop
      vertex -0.797985665500164 125.83879083395004 2
      vertex -0.797985665500164 125.83879083395004 6
      vertex 7.2618261724710464 123.53523730486631 6
    endloop
  endfacet
  facet normal 0.3380455810743025 0.9411297387268861 0
    outer loop
      vertex 7.2618261724710464 123.53523730486631 0
      vertex 7.2618261724710464 123.53523730486631 2
      vertex 15 120.75575286149979 6
    endloop
  endfacet
  facet normal 0.3380455810743025 0.9411297387268861 0
    outer loop
      vertex 7.2618261724710464 123.53523730486631 0
      vertex 15 120.75575286149979 6
      vertex 15 120.75575286149979 2
    endloop
  endfacet
  facet normal -0.3380455817862067 -0.9411297384711765 0
    outer loop
      vertex 6.034773126244545 119.72577300667763 2
      vertex 13.517298065125942 117.03811540454626 2
      vertex 6.034773126244545 119.72577300667763 6
    endloop
  endfacet
  facet normal -0.2748038622564315 -0.9615003054024208 0
    outer loop
      vertex 6.034773126244545 119.72577300667763 2
      vertex 6.034773126244545 119.72577300667763 6
      vertex -1.773764468729496 121.9575105085969 6
    endloop
  endfacet
  facet normal 0.27480386220943004 0.9615003054158541 0
    outer loop
      vertex -0.797985665500164 125.83879083395004 2
      vertex 7.2618261724710464 123.53523730486631 6
      vertex 7.2618261724710464 123.53523730486631 2
    endloop
  endfacet
  facet normal -0.3380455817862067 -0.9411297384711765 0
    outer loop
      vertex 13.517298065125942 117.03811540454626 2
      vertex 13.517298065125942 117.03811540454626 6
      vertex 6.034773126244545 119.72577300667763 6
    endloop
  endfacet
  facet normal 0.3380455810743025 0.9411297387268861 0
    outer loop
      vertex 7.2618261724710464 123.53523730486631 2
      vertex 7.2618261724710464 123.53523730486631 6
      vertex 15 120.75575286149979 6
    endloop
  endfacet
  facet normal 0 0 1
    outer loop
      vertex -9.846392467617989 123.71376049518585 6
      vertex -1.773764468729496 121.9575105085969 6
      vertex -0.797985665500164 125.83879083395004 6
    endloop
  endfacet
  facet normal 0 0 1
    outer loop
      vertex -9.846392467617989 123.71376049518585 6
      vertex -0.797985665500164 125.83879083395004 6
      vertex -9.118095487356186 127.64888201653957 6
    endloop
  endfacet
  facet normal 0 0 1
    outer loop
      vertex -1.773764468729496 121.9575105085969 6
      vertex 7.2618261724710464 123.53523730486631 6
      vertex -0.797985665500164 125.83879083395004 6
    endloop
  endfacet
  facet normal 0 0 1
    outer loop
      vertex -1.773764468729496 121.9575105085969 6
      vertex 6.034773126244545 119.72577300667763 6
      vertex 7.2618261724710464 123.53523730486631 6
    endloop
  endfacet
  facet normal 0 0 1
    outer loop
      vertex 6.034773126244545 119.72577300667763 6
      vertex 13.517298065125942 117.03811540454626 6
      vertex 15 120.75575286149979 6
    endloop
  endfacet
  facet normal 0 0 1
    outer loop
      vertex 6.034773126244545 119.72577300667763 6
      vertex 15 120.75575286149979 6
      vertex 7.2618261724710464 123.53523730486631 6
    endloop
  endfacet
  facet normal 1 0 0
    outer loop
      vertex 35 19 0
      vertex 35 31 0
      vertex 35 19 2
    endloop
  endfacet
  facet normal -1 0 0
    outer loop
      vertex 31 19 2
      vertex 31 16.390481507521752 6
      vertex 31 34.82916697114706 6
    endloop
  endfacet
  facet normal 1 0 0
    outer loop
      vertex 35 19 2
      vertex 35 24.333333333333332 2
      vertex 35 16.390481507521752 6
    endloop
  endfacet
  facet normal 1 0 0
    outer loop
      vertex 35 16.390481507521752 6
      vertex 35 24.333333333333332 2
      vertex 35 31 6
    endloop
  endfacet
  facet normal 0 0 1
    outer loop
      vertex 31 16.390481507521752 6
      vertex 35 16.390481507521752 6
      vertex 35 31 6
    endloop
  endfacet
  facet normal 1 0 0
    outer loop
      vertex 35 19 2
      vertex 35 31 0
      vertex 35 24.333333333333332 2
    endloop
  endfacet
  facet normal 0.04361938655516683 -0.9990482216172304 0
    outer loop
      vertex 35 31 0
      vertex 37.614672280848026 31.114159055054188 0
      vertex 35 31 2
    endloop
  endfacet
  facet normal 0.043619386555167575 -0.9990482216172305 9.664001041593897e-16
    outer loop
      vertex 37.614672280848026 31.114159055054188 0
      vertex 36.74311485389868 31.076106036702793 2
      vertex 35 31 2
    endloop
  endfacet
  facet normal 0.13052619248006248 -0.9914448613395793 0
    outer loop
      vertex 37.614672280848026 31.114159055054188 0
      vertex 40.20944532752037 31.455767408013344 0
      vertex 37.614672280848026 31.114159055054188 2
    endloop
  endfacet
  facet normal 0.13052619248006248 -0.9914448613395793 0
    outer loop
      vertex 37.614672280848026 31.114159055054188 2
      vertex 40.20944532752037 31.455767408013344 0
      vertex 37.614672280848026 31.114159055054188 6
    endloop
  endfacet
  facet normal 0.13052619248006248 -0.9914448613395793 0
    outer loop
      vertex 37.614672280848026 31.114159055054188 6
      vertex 40.20944532752037 31.455767408013344 0
      vertex 40.20944532752037 31.455767408013344 2
    endloop
  endfacet
  facet normal -1 0 0
    outer loop
      vertex 31 19 2
      vertex 31 34.82916697114706 6
      vertex 31 34.82916697114706 2
    endloop
  endfacet
  facet normal -0.04361938581926799 0.9990482216493605 0
    outer loop
      vertex 31 34.82916697114706 2
      vertex 31 34.82916697114706 6
      vertex 37.265717178583145 35.102734081447124 6
    endloop
  endfacet
  facet normal 1 0 0
    outer loop
      vertex 35 24.333333333333332 2
      vertex 35 31 2
      vertex 35 31 6
    endloop
  endfacet
  facet normal 0.043619386555167575 -0.9990482216172305 0
    outer loop
      vertex 35 31 2
      vertex 36.74311485389868 31.076106036702793 2
      vertex 35 31 6
    endloop
  endfacet
  facet normal 0.04361938655516536 -0.9990482216172305 0
    outer loop
      vertex 36.74311485389868 31.076106036702793 2
      vertex 37.614672280848026 31.114159055054188 2
      vertex 37.614672280848026 31.114159055054188 6
    endloop
  endfacet
  facet normal 0.04361938655516683 -0.9990482216172304 -3.2213336805312945e-16
    outer loop
      vertex 36.74311485389868 31.076106036702793 2
      vertex 37.614672280848026 31.114159055054188 6
      vertex 35 31 6
    endloop
  endfacet
  facet normal 0.13052619248006248 -0.9914448613395793 0
    outer loop
      vertex 37.614672280848026 31.114159055054188 6
      vertex 40.20944532752037 31.455767408013344 2
      vertex 40.20944532752037 31.455767408013344 6
    endloop
  endfacet
  facet normal -0.04361938581926799 0.9990482216493605 0
    outer loop
      vertex 31 34.82916697114706 2
      vertex 37.265717178583145 35.102734081447124 6
      vertex 37.265717178583145 35.102734081447124 2
    endloop
  endfacet
  facet normal -0.1305261924332266 0.9914448613457455 0
    outer loop
      vertex 37.265717178583145 35.102734081447124 2
      vertex 39.51419086754322 35.3987512588501 6
      vertex 39.51419086754322 35.3987512588501 2
    endloop
  endfacet
  facet normal -0.1305261924332266 0.9914448613457455 0
    outer loop
      vertex 37.265717178583145 35.102734081447124 2
      vertex 37.265717178583145 35.102734081447124 6
      vertex 39.51419086754322 35.3987512588501 6
    endloop
  endfacet
  facet normal 0 0 1
    outer loop
      vertex 31 16.390481507521752 6
      vertex 35 31 6
      vertex 31 34.82916697114706 6
    endloop
  endfacet
  facet normal 0 0 1
    outer loop
      vertex 35 31 6
      vertex 37.614672280848026 31.114159055054188 6
      vertex 37.265717178583145 35.102734081447124 6
    endloop
  endfacet
  facet normal 0 0 1
    outer loop
      vertex 37.614672280848026 31.114159055054188 6
      vertex 40.20944532752037 31.455767408013344 6
      vertex 37.265717178583145 35.102734081447124 6
    endloop
  endfacet
  facet normal 0 0 1
    outer loop
      vertex 31 34.82916697114706 6
      vertex 35 31 6
      vertex 37.265717178583145 35.102734081447124 6
    endloop
  endfacet
  facet normal 0 0 1
    outer loop
      vertex 37.265717178583145 35.102734081447124 6
      vertex 40.20944532752037 31.455767408013344 6
      vertex 39.51419086754322 35.3987512588501 6
    endloop
  endfacet
  facet normal 0.30070580161105087 -0.9537169500839625 0
    outer loop
      vertex 45.26060429960489 32.809221379458904 0
      vertex 42.764571353793144 32.022225208580494 6
      vertex 42.764571353793144 32.022225208580494 2
    endloop
  endfacet
  facet normal 0.30070580161105087 -0.9537169500839625 0
    outer loop
      vertex 45.26060429960489 32.809221379458904 0
      vertex 45.26060429960489 32.809221379458904 2
      vertex 42.764571353793144 32.022225208580494 6
    endloop
  endfacet
  facet normal 0.21643961326886524 -0.9762960072682998 0
    outer loop
      vertex 40.20944532752037 31.455767408013344 2
      vertex 42.764571353793144 32.022225208580494 2
      vertex 40.20944532752037 31.455767408013344 6
    endloop
  endfacet
  facet normal 0.21643961326886524 -0.9762960072682998 0
    outer loop
      vertex 42.764571353793144 32.022225208580494 2
      vertex 42.764571353793144 32.022225208580494 6
      vertex 40.20944532752037 31.455767408013344 6
    endloop
  endfacet
  facet normal 0.30070580161105087 -0.9537169500839625 0
    outer loop
      vertex 45.26060429960489 32.809221379458904 2
      vertex 45.26060429960489 32.809221379458904 6
      vertex 42.764571353793144 32.022225208580494 6
    endloop
  endfacet
  facet normal -0.21643961372471446 0.9762960071672404 0
    outer loop
      vertex 39.51419086754322 35.3987512588501 2
      vertex 41.728308878839016 35.88960940390825 6
      vertex 41.728308878839016 35.88960940390825 2
    endloop
  endfacet
  facet normal -0.30070580126172225 0.9537169501941054 0
    outer loop
      vertex 41.728308878839016 35.88960940390825 2
      vertex 43.8912204131484 36.57157279551029 6
      vertex 43.8912204131484 36.57157279551029 2
    endloop
  endfacet
  facet normal 0.3826834322508572 -0.9238795325586034 0
    outer loop
      vertex 45.26060429960489 32.809221379458904 2
      vertex 47.678547851741314 33.81076639145613 2
      vertex 45.26060429960489 32.809221379458904 6
    endloop
  endfacet
  facet normal -0.38268343443190467 0.9238795316551841 0
    outer loop
      vertex 43.8912204131484 36.57157279551029 2
      vertex 45.98646432906389 37.43945124745369 6
      vertex 45.98646432906389 37.43945124745369 2
    endloop
  endfacet
  facet normal -0.21643961372471446 0.9762960071672404 0
    outer loop
      vertex 39.51419086754322 35.3987512588501 2
      vertex 39.51419086754322 35.3987512588501 6
      vertex 41.728308878839016 35.88960940390825 6
    endloop
  endfacet
  facet normal -0.30070580126172225 0.9537169501941054 0
    outer loop
      vertex 41.728308878839016 35.88960940390825 2
      vertex 41.728308878839016 35.88960940390825 6
      vertex 43.8912204131484 36.57157279551029 6
    endloop
  endfacet
  facet normal -0.38268343443190467 0.9238795316551841 0
    outer loop
      vertex 43.8912204131484 36.57157279551029 2
      vertex 43.8912204131484 36.57157279551029 6
      vertex 45.98646432906389 37.43945124745369 6
    endloop
  endfacet
  facet normal 0.4617486114663979 -0.8870108340989153 0
    outer loop
      vertex 47.678547851741314 33.81076639145613 2
      vertex 50 35.019237883388996 2
      vertex 47.678547851741314 33.81076639145613 6
    endloop
  endfacet
  facet normal -0.4617486116975681 0.8870108339785758 0
    outer loop
      vertex 45.98646432906389 37.43945124745369 2
      vertex 47.998094625771046 38.4866396933794 6
      vertex 47.998094625771046 38.4866396933794 2
    endloop
  endfacet
  facet normal -0.5372996075994656 0.8433914462890053 0
    outer loop
      vertex 47.998094625771046 38.4866396933794 2
      vertex 49.91080155968666 39.70516839623451 6
      vertex 49.91080155968666 39.70516839623451 2
    endloop
  endfacet
  facet normal 0.5372996089851926 -0.8433914454061999 0
    outer loop
      vertex 50 35.019237883388996 2
      vertex 52.2072930932045 36.42543867230415 2
      vertex 50 35.019237883388996 6
    endloop
  endfacet
  facet normal -0.6087614295720817 0.793353339858953 0
    outer loop
      vertex 49.91080155968666 39.70516839623451 2
      vertex 51.71002835780382 41.085763677954674 6
      vertex 51.71002835780382 41.085763677954674 2
    endloop
  endfacet
  facet normal 0.3826834322508572 -0.9238795325586034 0
    outer loop
      vertex 47.678547851741314 33.81076639145613 2
      vertex 47.678547851741314 33.81076639145613 6
      vertex 45.26060429960489 32.809221379458904 6
    endloop
  endfacet
  facet normal 0.4617486114663979 -0.8870108340989153 0
    outer loop
      vertex 50 35.019237883388996 2
      vertex 50 35.019237883388996 6
      vertex 47.678547851741314 33.81076639145613 6
    endloop
  endfacet
  facet normal -0.4617486116975681 0.8870108339785758 0
    outer loop
      vertex 45.98646432906389 37.43945124745369 2
      vertex 45.98646432906389 37.43945124745369 6
      vertex 47.998094625771046 38.4866396933794 6
    endloop
  endfacet
  facet normal -0.5372996075994656 0.8433914462890053 0
    outer loop
      vertex 47.998094625771046 38.4866396933794 2
      vertex 47.998094625771046 38.4866396933794 6
      vertex 49.91080155968666 39.70516839623451 6
    endloop
  endfacet
  facet normal 0.5372996089851926 -0.8433914454061999 0
    outer loop
      vertex 52.2072930932045 36.42543867230415 2
      vertex 52.2072930932045 36.42543867230415 6
      vertex 50 35.019237883388996 6
    endloop
  endfacet
  facet normal -0.6087614295720817 0.793353339858953 0
    outer loop
      vertex 49.91080155968666 39.70516839623451 2
      vertex 49.91080155968666 39.70516839623451 6
      vertex 51.71002835780382 41.085763677954674 6
    endloop
  endfacet
  facet normal -0.6755902061143151 0.7372773381858534 0
    outer loop
      vertex 51.71002835780382 41.085763677954674 2
      vertex 51.71002835780382 41.085763677954674 6
      vertex 53.38208170980215 42.61791828274727 6
    endloop
  endfacet
  facet normal 0.6087614290702233 -0.7933533402440426 0
    outer loop
      vertex 52.2072930932045 36.42543867230415 2
      vertex 54.28362829238176 38.018666706979275 2
      vertex 52.2072930932045 36.42543867230415 6
    endloop
  endfacet
  facet normal 0.6755902070335967 -0.7372773373434869 0
    outer loop
      vertex 54.28362829238176 38.018666706979275 2
      vertex 56.21320343762636 39.78679656237364 2
      vertex 54.28362829238176 38.018666706979275 6
    endloop
  endfacet
  facet normal 0.7372773373434869 -0.6755902070335967 0
    outer loop
      vertex 56.21320343762636 39.78679656237364 2
      vertex 57.981333293020725 41.71637170761824 2
      vertex 56.21320343762636 39.78679656237364 6
    endloop
  endfacet
  facet normal 0.6087614290702233 -0.7933533402440426 0
    outer loop
      vertex 54.28362829238176 38.018666706979275 2
      vertex 54.28362829238176 38.018666706979275 6
      vertex 52.2072930932045 36.42543867230415 6
    endloop
  endfacet
  facet normal 0.6755902070335967 -0.7372773373434869 0
    outer loop
      vertex 56.21320343762636 39.78679656237364 2
      vertex 56.21320343762636 39.78679656237364 6
      vertex 54.28362829238176 38.018666706979275 6
    endloop
  endfacet
  facet normal 0.7372773373434869 -0.6755902070335967 0
    outer loop
      vertex 57.981333293020725 41.71637170761824 2
      vertex 57.981333293020725 41.71637170761824 6
      vertex 56.21320343762636 39.78679656237364 6
    endloop
  endfacet
  facet normal 0.7933533402440426 -0.6087614290702233 0
    outer loop
      vertex 57.981333293020725 41.71637170761824 0
      vertex 59.57456132769585 43.7927069067955 0
      vertex 57.981333293020725 41.71637170761824 2
    endloop
  endfacet
  facet normal 0.7933533402440426 -0.6087614290702233 0
    outer loop
      vertex 57.981333293020725 41.71637170761824 2
      vertex 59.57456132769585 43.7927069067955 0
      vertex 57.981333293020725 41.71637170761824 6
    endloop
  endfacet
  facet normal 0 0 -1
    outer loop
      vertex 62.18923360854387 48.321452148258686 0
      vertex 62.30862671147902 50.60110476571229 0
      vertex 62.82161275539643 50.68152325006155 0
    endloop
  endfacet
  facet normal 0.7933533402440426 -0.6087614290702233 0
    outer loop
      vertex 59.57456132769585 43.7927069067955 0
      vertex 59.57456132769585 43.7927069067955 2
      vertex 57.981333293020725 41.71637170761824 6
    endloop
  endfacet
  facet normal 0 0 -1
    outer loop
      vertex 63.190778620541096 50.73939570039511 0
      vertex 63.73056318573501 53.17420652170002 0
      vertex 63.977774791419506 53.235428646206856 0
    endloop
  endfacet
  facet normal 0.9537169500839625 -0.30070580161105087 0
    outer loop
      vertex 63.190778620541096 50.73939570039511 0
      vertex 63.977774791419506 53.235428646206856 0
      vertex 63.190778620541096 50.73939570039511 2
    endloop
  endfacet
  facet normal 0.9762960072682998 -0.21643961326886524 0
    outer loop
      vertex 63.977774791419506 53.235428646206856 0
      vertex 64.54423259198666 55.79055467247963 0
      vertex 63.977774791419506 53.235428646206856 2
    endloop
  endfacet
  facet normal 0.9537169500839627 -0.30070580161105 1.1771787265429139e-15
    outer loop
      vertex 63.977774791419506 53.235428646206856 0
      vertex 63.715442734460034 52.403417664269604 2
      vertex 63.190778620541096 50.73939570039511 2
    endloop
  endfacet
  facet normal 0.9762960072682998 -0.21643961326886493 3.8178769480501746e-16
    outer loop
      vertex 64.54423259198666 55.79055467247963 0
      vertex 64.35541332513094 54.938845997055374 2
      vertex 63.977774791419506 53.235428646206856 2
    endloop
  endfacet
  facet normal 0 0 -1
    outer loop
      vertex 64.88584094494581 58.385327719151974 0
      vertex 64.42919805037646 58.425278794364644 0
      vertex 65 61 0
    endloop
  endfacet
  facet normal 0.9990482216172304 -0.04361938655516683 0
    outer loop
      vertex 64.88584094494581 58.385327719151974 0
      vertex 65 61 0
      vertex 64.88584094494581 58.385327719151974 2
    endloop
  endfacet
  facet normal 0.9990482216172304 -0.04361938655516683 0
    outer loop
      vertex 64.88584094494581 58.385327719151974 2
      vertex 65 61 0
      vertex 64.88584094494581 58.385327719151974 6
    endloop
  endfacet
  facet normal -0.6755902061143151 0.7372773381858534 0
    outer loop
      vertex 51.71002835780382 41.085763677954674 2
      vertex 53.38208170980215 42.61791828274727 6
      vertex 53.38208170980215 42.61791828274727 2
    endloop
  endfacet
  facet normal -0.7372773381858534 0.6755902061143151 0
    outer loop
      vertex 53.38208170980215 42.61791828274727 2
      vertex 54.914236314594746 44.2899716347456 6
      vertex 54.914236314594746 44.2899716347456 2
    endloop
  endfacet
  facet normal -0.793353339858953 0.6087614295720817 0
    outer loop
      vertex 54.914236314594746 44.2899716347456 2
      vertex 56.29483159631491 46.08919843286276 6
      vertex 56.29483159631491 46.08919843286276 2
    endloop
  endfacet
  facet normal -0.8433914462890053 0.5372996075994656 0
    outer loop
      vertex 56.29483159631491 46.08919843286276 2
      vertex 57.51336029917002 48.001905366778374 6
      vertex 57.51336029917002 48.001905366778374 2
    endloop
  endfacet
  facet normal -0.8870108339785758 0.4617486116975681 0
    outer loop
      vertex 57.51336029917002 48.001905366778374 2
      vertex 58.56054874509573 50.01353566348553 6
      vertex 58.56054874509573 50.01353566348553 2
    endloop
  endfacet
  facet normal -0.7372773381858534 0.6755902061143151 0
    outer loop
      vertex 53.38208170980215 42.61791828274727 2
      vertex 53.38208170980215 42.61791828274727 6
      vertex 54.914236314594746 44.2899716347456 6
    endloop
  endfacet
  facet normal -0.793353339858953 0.6087614295720817 0
    outer loop
      vertex 54.914236314594746 44.2899716347456 2
      vertex 54.914236314594746 44.2899716347456 6
      vertex 56.29483159631491 46.08919843286276 6
    endloop
  endfacet
  facet normal -0.8433914462890053 0.5372996075994656 0
    outer loop
      vertex 56.29483159631491 46.08919843286276 2
      vertex 56.29483159631491 46.08919843286276 6
      vertex 57.51336029917002 48.001905366778374 6
    endloop
  endfacet
  facet normal -0.8870108339785758 0.4617486116975681 0
    outer loop
      vertex 57.51336029917002 48.001905366778374 2
      vertex 57.51336029917002 48.001905366778374 6
      vertex 58.56054874509573 50.01353566348553 6
    endloop
  endfacet
  facet normal 0.8433914454061999 -0.5372996089851926 0
    outer loop
      vertex 59.57456132769585 43.7927069067955 2
      vertex 60.980762116611004 46 2
      vertex 59.57456132769585 43.7927069067955 6
    endloop
  endfacet
  facet normal 0.8870108340989153 -0.4617486114663979 0
    outer loop
      vertex 60.980762116611004 46 2
      vertex 62.18923360854387 48.321452148258686 2
      vertex 60.980762116611004 46 6
    endloop
  endfacet
  facet normal 0.9238795325586034 -0.3826834322508572 0
    outer loop
      vertex 62.18923360854387 48.321452148258686 2
      vertex 63.190778620541096 50.73939570039511 2
      vertex 62.18923360854387 48.321452148258686 6
    endloop
  endfacet
  facet normal 0.7933533402440426 -0.6087614290702233 0
    outer loop
      vertex 59.57456132769585 43.7927069067955 2
      vertex 59.57456132769585 43.7927069067955 6
      vertex 57.981333293020725 41.71637170761824 6
    endloop
  endfacet
  facet normal 0.8433914454061999 -0.5372996089851926 0
    outer loop
      vertex 60.980762116611004 46 2
      vertex 60.980762116611004 46 6
      vertex 59.57456132769585 43.7927069067955 6
    endloop
  endfacet
  facet normal 0.8870108340989153 -0.4617486114663979 0
    outer loop
      vertex 62.18923360854387 48.321452148258686 2
      vertex 62.18923360854387 48.321452148258686 6
      vertex 60.980762116611004 46 6
    endloop
  endfacet
  facet normal 0.9238795325586034 -0.3826834322508572 0
    outer loop
      vertex 63.190778620541096 50.73939570039511 2
      vertex 63.190778620541096 50.73939570039511 6
      vertex 62.18923360854387 48.321452148258686 6
    endloop
  endfacet
  facet normal -0.9238795316551841 0.38268343443190467 0
    outer loop
      vertex 58.56054874509573 50.01353566348553 2
      vertex 59.42842719703913 52.108779579401016 6
      vertex 59.42842719703913 52.108779579401016 2
    endloop
  endfacet
  facet normal -0.9537169501941054 0.30070580126172225 0
    outer loop
      vertex 59.42842719703913 52.108779579401016 2
      vertex 60.11039058864117 54.2716911137104 6
      vertex 60.11039058864117 54.2716911137104 2
    endloop
  endfacet
  facet normal -0.9762960071672404 0.21643961372471446 0
    outer loop
      vertex 60.11039058864117 54.2716911137104 2
      vertex 60.60124873369932 56.4858091250062 6
      vertex 60.60124873369932 56.4858091250062 2
    endloop
  endfacet
  facet normal -0.9914448612897739 0.1305261928583716 0
    outer loop
      vertex 60.60124873369932 56.4858091250062 2
      vertex 60.897265911102295 58.734282806515694 6
      vertex 60.897265911102295 58.734282806515694 2
    endloop
  endfacet
  facet normal 0.9537169500839627 -0.30070580161105 0
    outer loop
      vertex 63.190778620541096 50.73939570039511 2
      vertex 63.715442734460034 52.403417664269604 2
      vertex 63.190778620541096 50.73939570039511 6
    endloop
  endfacet
  facet normal 0.953716950083962 -0.30070580161105254 0
    outer loop
      vertex 63.715442734460034 52.403417664269604 2
      vertex 63.977774791419506 53.235428646206856 2
      vertex 63.977774791419506 53.235428646206856 6
    endloop
  endfacet
  facet normal 0.9762960072682998 -0.21643961326886493 0
    outer loop
      vertex 63.977774791419506 53.235428646206856 2
      vertex 64.35541332513094 54.938845997055374 2
      vertex 63.977774791419506 53.235428646206856 6
    endloop
  endfacet
  facet normal 0.9762960072682996 -0.21643961326886577 0
    outer loop
      vertex 64.35541332513094 54.938845997055374 2
      vertex 64.54423259198666 55.79055467247963 2
      vertex 64.54423259198666 55.79055467247963 6
    endloop
  endfacet
  facet normal 0.9914448613395793 -0.13052619248006248 0
    outer loop
      vertex 64.54423259198666 55.79055467247963 2
      vertex 64.88584094494581 58.385327719151974 2
      vertex 64.54423259198666 55.79055467247963 6
    endloop
  endfacet
  facet normal -0.9238795316551841 0.38268343443190467 0
    outer loop
      vertex 58.56054874509573 50.01353566348553 2
      vertex 58.56054874509573 50.01353566348553 6
      vertex 59.42842719703913 52.108779579401016 6
    endloop
  endfacet
  facet normal -0.9537169501941054 0.30070580126172225 0
    outer loop
      vertex 59.42842719703913 52.108779579401016 2
      vertex 59.42842719703913 52.108779579401016 6
      vertex 60.11039058864117 54.2716911137104 6
    endloop
  endfacet
  facet normal -0.9762960071672404 0.21643961372471446 0
    outer loop
      vertex 60.11039058864117 54.2716911137104 2
      vertex 60.11039058864117 54.2716911137104 6
      vertex 60.60124873369932 56.4858091250062 6
    endloop
  endfacet
  facet normal -0.9914448612897739 0.1305261928583716 0
    outer loop
      vertex 60.60124873369932 56.4858091250062 2
      vertex 60.60124873369932 56.4858091250062 6
      vertex 60.897265911102295 58.734282806515694 6
    endloop
  endfacet
  facet normal -0.9990482216253086 0.0436193863701491 0
    outer loop
      vertex 60.897265911102295 58.734282806515694 2
      vertex 60.897265911102295 58.734282806515694 6
      vertex 60.99447889626026 60.96082627773285 6
    endloop
  endfacet
  facet normal 0.9537169500839625 -0.30070580161105087 -3.870903019713179e-16
    outer loop
      vertex 63.715442734460034 52.403417664269604 2
      vertex 63.977774791419506 53.235428646206856 6
      vertex 63.190778620541096 50.73939570039511 6
    endloop
  endfacet
  facet normal 0.9762960072682998 -0.21643961326886524 -1.27262564935006e-16
    outer loop
      vertex 64.35541332513094 54.938845997055374 2
      vertex 64.54423259198666 55.79055467247963 6
      vertex 63.977774791419506 53.235428646206856 6
    endloop
  endfacet
  facet normal 0.9914448613395793 -0.13052619248006248 0
    outer loop
      vertex 64.88584094494581 58.385327719151974 2
      vertex 64.88584094494581 58.385327719151974 6
      vertex 64.54423259198666 55.79055467247963 6
    endloop
  endfacet
  facet normal 0 0 1
    outer loop
      vertex 39.51419086754322 35.3987512588501 6
      vertex 40.20944532752037 31.455767408013344 6
      vertex 42.764571353793144 32.022225208580494 6
    endloop
  endfacet
  facet normal 0 0 1
    outer loop
      vertex 39.51419086754322 35.3987512588501 6
      vertex 42.764571353793144 32.022225208580494 6
      vertex 41.728308878839016 35.88960940390825 6
    endloop
  endfacet
  facet normal 0 0 1
    outer loop
      vertex 42.764571353793144 32.022225208580494 6
      vertex 45.26060429960489 32.809221379458904 6
      vertex 41.728308878839016 35.88960940390825 6
    endloop
  endfacet
  facet normal 0 0 1
    outer loop
      vertex 45.26060429960489 32.809221379458904 6
      vertex 43.8912204131484 36.57157279551029 6
      vertex 41.728308878839016 35.88960940390825 6
    endloop
  endfacet
  facet normal 0 0 1
    outer loop
      vertex 45.26060429960489 32.809221379458904 6
      vertex 47.678547851741314 33.81076639145613 6
      vertex 43.8912204131484 36.57157279551029 6
    endloop
  endfacet
  facet normal 0 0 1
    outer loop
      vertex 43.8912204131484 36.57157279551029 6
      vertex 47.678547851741314 33.81076639145613 6
      vertex 45.98646432906389 37.43945124745369 6
    endloop
  endfacet
  facet normal 0 0 1
    outer loop
      vertex 45.98646432906389 37.43945124745369 6
      vertex 47.678547851741314 33.81076639145613 6
      vertex 50 35.019237883388996 6
    endloop
  endfacet
  facet normal 0 0 1
    outer loop
      vertex 45.98646432906389 37.43945124745369 6
      vertex 50 35.019237883388996 6
      vertex 47.998094625771046 38.4866396933794 6
    endloop
  endfacet
  facet normal 0 0 1
    outer loop
      vertex 47.998094625771046 38.4866396933794 6
      vertex 50 35.019237883388996 6
      vertex 52.2072930932045 36.42543867230415 6
    endloop
  endfacet
  facet normal 0 0 1
    outer loop
      vertex 47.998094625771046 38.4866396933794 6
      vertex 52.2072930932045 36.42543867230415 6
      vertex 49.91080155968666 39.70516839623451 6
    endloop
  endfacet
  facet normal 0 0 1
    outer loop
      vertex 52.2072930932045 36.42543867230415 6
      vertex 54.28362829238176 38.018666706979275 6
      vertex 49.91080155968666 39.70516839623451 6
    endloop
  endfacet
  facet normal 0 0 1
    outer loop
      vertex 49.91080155968666 39.70516839623451 6
      vertex 54.28362829238176 38.018666706979275 6
      vertex 51.71002835780382 41.085763677954674 6
    endloop
  endfacet
  facet normal 0 0 1
    outer loop
      vertex 51.71002835780382 41.085763677954674 6
      vertex 56.21320343762636 39.78679656237364 6
      vertex 53.38208170980215 42.61791828274727 6
    endloop
  endfacet
  facet normal 0 0 1
    outer loop
      vertex 51.71002835780382 41.085763677954674 6
      vertex 54.28362829238176 38.018666706979275 6
      vertex 56.21320343762636 39.78679656237364 6
    endloop
  endfacet
  facet normal 0 0 1
    outer loop
      vertex 56.21320343762636 39.78679656237364 6
      vertex 57.981333293020725 41.71637170761824 6
      vertex 53.38208170980215 42.61791828274727 6
    endloop
  endfacet
  facet normal 0 0 1
    outer loop
      vertex 57.981333293020725 41.71637170761824 6
      vertex 54.914236314594746 44.2899716347456 6
      vertex 53.38208170980215 42.61791828274727 6
    endloop
  endfacet
  facet normal 0 0 1
    outer loop
      vertex 54.914236314594746 44.2899716347456 6
      vertex 59.57456132769585 43.7927069067955 6
      vertex 56.29483159631491 46.08919843286276 6
    endloop
  endfacet
  facet normal 0 0 1
    outer loop
      vertex 57.981333293020725 41.71637170761824 6
      vertex 59.57456132769585 43.7927069067955 6
      vertex 54.914236314594746 44.2899716347456 6
    endloop
  endfacet
  facet normal 0 0 1
    outer loop
      vertex 56.29483159631491 46.08919843286276 6
      vertex 60.980762116611004 46 6
      vertex 57.51336029917002 48.001905366778374 6
    endloop
  endfacet
  facet normal 0 0 1
    outer loop
      vertex 56.29483159631491 46.08919843286276 6
      vertex 59.57456132769585 43.7927069067955 6
      vertex 60.980762116611004 46 6
    endloop
  endfacet
  facet normal 0 0 1
    outer loop
      vertex 57.51336029917002 48.001905366778374 6
      vertex 60.980762116611004 46 6
      vertex 62.18923360854387 48.321452148258686 6
    endloop
  endfacet
  facet normal 0 0 1
    outer loop
      vertex 57.51336029917002 48.001905366778374 6
      vertex 62.18923360854387 48.321452148258686 6
      vertex 58.56054874509573 50.01353566348553 6
    endloop
  endfacet
  facet normal 0 0 1
    outer loop
      vertex 58.56054874509573 50.01353566348553 6
      vertex 62.18923360854387 48.321452148258686 6
      vertex 63.190778620541096 50.73939570039511 6
    endloop
  endfacet
  facet normal 0 0 1
    outer loop
      vertex 58.56054874509573 50.01353566348553 6
      vertex 63.190778620541096 50.73939570039511 6
      vertex 59.42842719703913 52.108779579401016 6
    endloop
  endfacet
  facet normal 0 0 1
    outer loop
      vertex 59.42842719703913 52.108779579401016 6
      vertex 63.977774791419506 53.235428646206856 6
      vertex 60.11039058864117 54.2716911137104 6
    endloop
  endfacet
  facet normal 0 0 1
    outer loop
      vertex 60.11039058864117 54.2716911137104 6
      vertex 64.54423259198666 55.79055467247963 6
      vertex 60.60124873369932 56.4858091250062 6
    endloop
  endfacet
  facet normal 0 0 1
    outer loop
      vertex 59.42842719703913 52.108779579401016 6
      vertex 63.190778620541096 50.73939570039511 6
      vertex 63.977774791419506 53.235428646206856 6
    endloop
  endfacet
  facet normal 0 0 1
    outer loop
      vertex 60.11039058864117 54.2716911137104 6
      vertex 63.977774791419506 53.235428646206856 6
      vertex 64.54423259198666 55.79055467247963 6
    endloop
  endfacet
  facet normal 0 0 1
    outer loop
      vertex 60.60124873369932 56.4858091250062 6
      vertex 64.54423259198666 55.79055467247963 6
      vertex 64.88584094494581 58.385327719151974 6
    endloop
  endfacet
  facet normal 0 0 1
    outer loop
      vertex 60.60124873369932 56.4858091250062 6
      vertex 64.88584094494581 58.385327719151974 6
      vertex 60.897265911102295 58.734282806515694 6
    endloop
  endfacet
  facet normal 0 0 1
    outer loop
      vertex 60.897265911102295 58.734282806515694 6
      vertex 64.88584094494581 58.385327719151974 6
      vertex 65 61 6
    endloop
  endfacet
  facet normal -0.4679179945859105 -0.8837718881830876 0
    outer loop
      vertex 27.271141104400158 110.39395739138126 2
      vertex 27.271141104400158 110.39395739138126 6
      vertex 20.614669978618622 113.91826345026493 6
    endloop
  endfacet
  facet normal 0.40241529512329105 0.915457224697492 0
    outer loop
      vertex 15 120.75575286149979 0
      vertex 22.357643634080887 117.5214910581708 2
      vertex 22.357643634080887 117.5214910581708 0
    endloop
  endfacet
  facet normal -0.40241529493029066 -0.9154572247823309 0
    outer loop
      vertex 13.517298065125942 117.03811540454626 2
      vertex 20.614669978618622 113.91826345026493 2
      vertex 13.517298065125942 117.03811540454626 6
    endloop
  endfacet
  facet normal 0.40241529512329105 0.915457224697492 0
    outer loop
      vertex 15 120.75575286149979 2
      vertex 22.357643634080887 117.5214910581708 6
      vertex 22.357643634080887 117.5214910581708 2
    endloop
  endfacet
  facet normal 0.40241529512329105 0.915457224697492 0
    outer loop
      vertex 15 120.75575286149979 2
      vertex 15 120.75575286149979 6
      vertex 22.357643634080887 117.5214910581708 6
    endloop
  endfacet
  facet normal -0.40241529493029066 -0.9154572247823309 0
    outer loop
      vertex 13.517298065125942 117.03811540454626 6
      vertex 20.614669978618622 113.91826345026493 2
      vertex 20.614669978618622 113.91826345026493 6
    endloop
  endfacet
  facet normal -0.4679179945859105 -0.8837718881830876 0
    outer loop
      vertex 27.271141104400158 110.39395739138126 2
      vertex 20.614669978618622 113.91826345026493 6
      vertex 20.614669978618622 113.91826345026493 2
    endloop
  endfacet
  facet normal 0.4679179949869303 0.8837718879707653 0
    outer loop
      vertex 22.357643634080887 117.5214910581708 2
      vertex 29.278760969638824 113.8570665717125 6
      vertex 29.278760969638824 113.8570665717125 2
    endloop
  endfacet
  facet normal 0.4679179949869303 0.8837718879707653 0
    outer loop
      vertex 22.357643634080887 117.5214910581708 2
      vertex 22.357643634080887 117.5214910581708 6
      vertex 29.278760969638824 113.8570665717125 6
    endloop
  endfacet
  facet normal 0 0 -1
    outer loop
      vertex 33.72625584712538 106.45594189687971 0
      vertex 35.7106781154871 109.79036790132523 0
      vertex 35.678135809157 106.18251755075018 0
    endloop
  endfacet
  facet normal -0.534409568019841 -0.8452256583947548 0
    outer loop
      vertex 27.271141104400158 110.39395739138126 2
      vertex 33.43500354886055 106.49674126505852 2
      vertex 27.271141104400158 110.39395739138126 6
    endloop
  endfacet
  facet normal 0.5344095677664821 0.8452256585549459 0
    outer loop
      vertex 35.7106781154871 109.79036790132523 2
      vertex 29.278760969638824 113.8570665717125 2
      vertex 35.7106781154871 109.79036790132523 6
    endloop
  endfacet
  facet normal -0.534409568019841 -0.8452256583947548 0
    outer loop
      vertex 33.43500354886055 106.49674126505852 2
      vertex 33.43500354886055 106.49674126505852 6
      vertex 27.271141104400158 110.39395739138126 6
    endloop
  endfacet
  facet normal -0.6015341458474728 -0.7988470888596586 0
    outer loop
      vertex 33.43500354886055 106.49674126505852 2
      vertex 39.05927360802889 102.26164980232716 2
      vertex 33.43500354886055 106.49674126505852 6
    endloop
  endfacet
  facet normal 0.6015341462838134 0.7988470885310929 0
    outer loop
      vertex 35.7106781154871 109.79036790132523 2
      vertex 41.604444310069084 105.352345071733 6
      vertex 41.604444310069084 105.352345071733 2
    endloop
  endfacet
  facet normal -0.6015341458474728 -0.7988470888596586 0
    outer loop
      vertex 39.05927360802889 102.26164980232716 2
      vertex 39.05927360802889 102.26164980232716 6
      vertex 33.43500354886055 106.49674126505852 6
    endloop
  endfacet
  facet normal 0.6015341462838134 0.7988470885310929 0
    outer loop
      vertex 35.7106781154871 109.79036790132523 2
      vertex 35.7106781154871 109.79036790132523 6
      vertex 41.604444310069084 105.352345071733 6
    endloop
  endfacet
  facet normal 0.5344095677664821 0.8452256585549459 0
    outer loop
      vertex 29.278760969638824 113.8570665717125 2
      vertex 29.278760969638824 113.8570665717125 6
      vertex 35.7106781154871 109.79036790132523 6
    endloop
  endfacet
  facet normal 0 0 1
    outer loop
      vertex 13.517298065125942 117.03811540454626 6
      vertex 22.357643634080887 117.5214910581708 6
      vertex 15 120.75575286149979 6
    endloop
  endfacet
  facet normal 0 0 1
    outer loop
      vertex 13.517298065125942 117.03811540454626 6
      vertex 20.614669978618622 113.91826345026493 6
      vertex 22.357643634080887 117.5214910581708 6
    endloop
  endfacet
  facet normal 0 0 1
    outer loop
      vertex 20.614669978618622 113.91826345026493 6
      vertex 29.278760969638824 113.8570665717125 6
      vertex 22.357643634080887 117.5214910581708 6
    endloop
  endfacet
  facet normal 0 0 1
    outer loop
      vertex 27.271141104400158 110.39395739138126 6
      vertex 29.278760969638824 113.8570665717125 6
      vertex 20.614669978618622 113.91826345026493 6
    endloop
  endfacet
  facet normal 0 0 1
    outer loop
      vertex 27.271141104400158 110.39395739138126 6
      vertex 33.43500354886055 106.49674126505852 6
      vertex 35.7106781154871 109.79036790132523 6
    endloop
  endfacet
  facet normal 0 0 1
    outer loop
      vertex 27.271141104400158 110.39395739138126 6
      vertex 35.7106781154871 109.79036790132523 6
      vertex 29.278760969638824 113.8570665717125 6
    endloop
  endfacet
  facet normal 0 0 1
    outer loop
      vertex 33.43500354886055 106.49674126505852 6
      vertex 39.05927360802889 102.26164980232716 6
      vertex 41.604444310069084 105.352345071733 6
    endloop
  endfacet
  facet normal 0 0 1
    outer loop
      vertex 33.43500354886055 106.49674126505852 6
      vertex 41.604444310069084 105.352345071733 6
      vertex 35.7106781154871 109.79036790132523 6
    endloop
  endfacet
  facet normal -0.798293537534258 -0.6022685679421101 0
    outer loop
      vertex 48.52894812077284 92.93242259323597 2
      vertex 52.310175001621246 87.92049080133438 2
      vertex 48.52894812077284 92.93242259323597 6
    endloop
  endfacet
  facet normal -0.7347253274069921 -0.6783647199454642 0
    outer loop
      vertex 48.52894812077284 92.93242259323597 2
      vertex 48.52894812077284 92.93242259323597 6
      vertex 44.10239953547716 97.7267423197627 6
    endloop
  endfacet
  facet normal -0.798293537534258 -0.6022685679421101 0
    outer loop
      vertex 52.310175001621246 87.92049080133438 2
      vertex 52.310175001621246 87.92049080133438 6
      vertex 48.52894812077284 92.93242259323597 6
    endloop
  endfacet
  facet normal 0.9990482216172304 -0.04361938655516683 0
    outer loop
      vertex 64.88584094494581 58.385327719151974 6
      vertex 65 61 0
      vertex 65 61 2
    endloop
  endfacet
  facet normal 0 0 -1
    outer loop
      vertex 60.50190573354001 75.32736456835288 0
      vertex 61.59258262813091 78.85851411521435 0
      vertex 63.48077530413866 72.98172426223755 0
    endloop
  endfacet
  facet normal 0 0 -1
    outer loop
      vertex 62.47104852115776 69.14323656781251 0
      vertex 63.48077530413866 72.98172426223755 0
      vertex 63.239831759792125 68.38122751640411 0
    endloop
  endfacet
  facet normal 0.9520651550343977 0.30589530981910845 0
    outer loop
      vertex 63.48077530413866 72.98172426223755 0
      vertex 61.59258262813091 78.85851411521435 0
      vertex 63.48077530413866 72.98172426223755 2
    endloop
  endfacet
  facet normal 0.9520651550343977 0.30589530981910845 0
    outer loop
      vertex 61.59258262813091 78.85851411521435 0
      vertex 61.59258262813091 78.85851411521435 2
      vertex 63.48077530413866 72.98172426223755 6
    endloop
  endfacet
  facet normal 0.9520651550343977 0.30589530981910845 0
    outer loop
      vertex 63.48077530413866 72.98172426223755 2
      vertex 61.59258262813091 78.85851411521435 0
      vertex 63.48077530413866 72.98172426223755 6
    endloop
  endfacet
  facet normal -0.952065154969817 -0.3058953100201082 0
    outer loop
      vertex 59.59757225215435 71.99139299988747 2
      vertex 57.856439873576164 77.41047401726246 6
      vertex 57.856439873576164 77.41047401726246 2
    endloop
  endfacet
  facet normal -0.9990482216253086 0.0436193863701491 0
    outer loop
      vertex 60.897265911102295 58.734282806515694 2
      vertex 60.99447889626026 60.96082627773285 6
      vertex 60.99447889626026 60.96082627773285 2
    endloop
  endfacet
  facet normal -0.9980040195695434 -0.06315043090141442 0
    outer loop
      vertex 60.99447889626026 60.96082627773285 2
      vertex 60.64330530911684 66.51063245534897 6
      vertex 60.64330530911684 66.51063245534897 2
    endloop
  endfacet
  facet normal 0.9980040196133694 0.06315043020880753 0
    outer loop
      vertex 65 61 2
      vertex 64.61946980655193 67.01374624669552 2
      vertex 65 61 6
    endloop
  endfacet
  facet normal -0.9980040195695434 -0.06315043090141442 0
    outer loop
      vertex 60.99447889626026 60.96082627773285 2
      vertex 60.99447889626026 60.96082627773285 6
      vertex 60.64330530911684 66.51063245534897 6
    endloop
  endfacet
  facet normal 0.9990482216172304 -0.04361938655516683 0
    outer loop
      vertex 64.88584094494581 58.385327719151974 6
      vertex 65 61 2
      vertex 65 61 6
    endloop
  endfacet
  facet normal 0.9980040196133694 0.06315043020880753 0
    outer loop
      vertex 64.61946980655193 67.01374624669552 2
      vertex 64.61946980655193 67.01374624669552 6
      vertex 65 61 6
    endloop
  endfacet
  facet normal -0.9822799243713666 -0.18741971661749499 0
    outer loop
      vertex 60.64330530911684 66.51063245534897 2
      vertex 59.59757225215435 71.99139299988747 6
      vertex 59.59757225215435 71.99139299988747 2
    endloop
  endfacet
  facet normal 0.98227992433249 0.18741971682124986 0
    outer loop
      vertex 64.61946980655193 67.01374624669552 2
      vertex 63.48077530413866 72.98172426223755 2
      vertex 64.61946980655193 67.01374624669552 6
    endloop
  endfacet
  facet normal -0.9822799243713666 -0.18741971661749499 0
    outer loop
      vertex 60.64330530911684 66.51063245534897 2
      vertex 60.64330530911684 66.51063245534897 6
      vertex 59.59757225215435 71.99139299988747 6
    endloop
  endfacet
  facet normal -0.952065154969817 -0.3058953100201082 0
    outer loop
      vertex 59.59757225215435 71.99139299988747 2
      vertex 59.59757225215435 71.99139299988747 6
      vertex 57.856439873576164 77.41047401726246 6
    endloop
  endfacet
  facet normal 0.98227992433249 0.18741971682124986 0
    outer loop
      vertex 63.48077530413866 72.98172426223755 2
      vertex 63.48077530413866 72.98172426223755 6
      vertex 64.61946980655193 67.01374624669552 6
    endloop
  endfacet
  facet normal 0.9520651550343977 0.30589530981910845 0
    outer loop
      vertex 61.59258262813091 78.85851411521435 2
      vertex 61.59258262813091 78.85851411521435 6
      vertex 63.48077530413866 72.98172426223755 6
    endloop
  endfacet
  facet normal 0 0 -1
    outer loop
      vertex 57.54024719573344 81.40386698897665 0
      vertex 58.96926207840443 84.5993898883462 0
      vertex 58.17082111101153 81.00779091034289 0
    endloop
  endfacet
  facet normal -0.9095391519479532 -0.41561825161294125 0
    outer loop
      vertex 55.42432191967964 82.7329219430685 2
      vertex 57.856439873576164 77.41047401726246 2
      vertex 55.42432191967964 82.7329219430685 6
    endloop
  endfacet
  facet normal -0.8573758302013815 -0.5146908642928217 0
    outer loop
      vertex 55.42432191967964 82.7329219430685 2
      vertex 55.42432191967964 82.7329219430685 6
      vertex 52.310175001621246 87.92049080133438 6
    endloop
  endfacet
  facet normal -0.9095391519479532 -0.41561825161294125 0
    outer loop
      vertex 57.856439873576164 77.41047401726246 2
      vertex 57.856439873576164 77.41047401726246 6
      vertex 55.42432191967964 82.7329219430685 6
    endloop
  endfacet
  facet normal -0.8573758302013815 -0.5146908642928217 0
    outer loop
      vertex 52.310175001621246 87.92049080133438 2
      vertex 55.42432191967964 82.7329219430685 2
      vertex 52.310175001621246 87.92049080133438 6
    endloop
  endfacet
  facet normal 0.7982935377930198 0.6022685675991274 0
    outer loop
      vertex 55.6307787001133 90.16066005825996 2
      vertex 51.602540381252766 95.5 2
      vertex 55.6307787001133 90.16066005825996 6
    endloop
  endfacet
  facet normal 0.857375829585863 0.5146908653181571 0
    outer loop
      vertex 55.6307787001133 90.16066005825996 2
      vertex 58.96926207840443 84.5993898883462 6
      vertex 58.96926207840443 84.5993898883462 2
    endloop
  endfacet
  facet normal 0.7982935377930198 0.6022685675991274 0
    outer loop
      vertex 55.6307787001133 90.16066005825996 6
      vertex 51.602540381252766 95.5 2
      vertex 51.602540381252766 95.5 6
    endloop
  endfacet
  facet normal 0.857375829585863 0.5146908653181571 0
    outer loop
      vertex 55.6307787001133 90.16066005825996 2
      vertex 55.6307787001133 90.16066005825996 6
      vertex 58.96926207840443 84.5993898883462 6
    endloop
  endfacet
  facet normal 0.909539152176462 0.41561825111287254 0
    outer loop
      vertex 61.59258262813091 78.85851411521435 2
      vertex 58.96926207840443 84.5993898883462 2
      vertex 61.59258262813091 78.85851411521435 6
    endloop
  endfacet
  facet normal 0.909539152176462 0.41561825111287254 0
    outer loop
      vertex 58.96926207840443 84.5993898883462 2
      vertex 58.96926207840443 84.5993898883462 6
      vertex 61.59258262813091 78.85851411521435 6
    endloop
  endfacet
  facet normal 0 0 1
    outer loop
      vertex 48.52894812077284 92.93242259323597 6
      vertex 52.310175001621246 87.92049080133438 6
      vertex 55.6307787001133 90.16066005825996 6
    endloop
  endfacet
  facet normal 0 0 1
    outer loop
      vertex 48.52894812077284 92.93242259323597 6
      vertex 55.6307787001133 90.16066005825996 6
      vertex 51.602540381252766 95.5 6
    endloop
  endfacet
  facet normal 0 0 1
    outer loop
      vertex 60.897265911102295 58.734282806515694 6
      vertex 65 61 6
      vertex 60.99447889626026 60.96082627773285 6
    endloop
  endfacet
  facet normal 0 0 1
    outer loop
      vertex 60.99447889626026 60.96082627773285 6
      vertex 65 61 6
      vertex 60.64330530911684 66.51063245534897 6
    endloop
  endfacet
  facet normal 0 0 1
    outer loop
      vertex 60.64330530911684 66.51063245534897 6
      vertex 65 61 6
      vertex 64.61946980655193 67.01374624669552 6
    endloop
  endfacet
  facet normal 0 0 1
    outer loop
      vertex 60.64330530911684 66.51063245534897 6
      vertex 64.61946980655193 67.01374624669552 6
      vertex 59.59757225215435 71.99139299988747 6
    endloop
  endfacet
  facet normal 0 0 1
    outer loop
      vertex 59.59757225215435 71.99139299988747 6
      vertex 63.48077530413866 72.98172426223755 6
      vertex 57.856439873576164 77.41047401726246 6
    endloop
  endfacet
  facet normal 0 0 1
    outer loop
      vertex 63.48077530413866 72.98172426223755 6
      vertex 61.59258262813091 78.85851411521435 6
      vertex 57.856439873576164 77.41047401726246 6
    endloop
  endfacet
  facet normal 0 0 1
    outer loop
      vertex 64.61946980655193 67.01374624669552 6
      vertex 63.48077530413866 72.98172426223755 6
      vertex 59.59757225215435 71.99139299988747 6
    endloop
  endfacet
  facet normal 0 0 1
    outer loop
      vertex 52.310175001621246 87.92049080133438 6
      vertex 55.42432191967964 82.7329219430685 6
      vertex 58.96926207840443 84.5993898883462 6
    endloop
  endfacet
  facet normal 0 0 1
    outer loop
      vertex 55.42432191967964 82.7329219430685 6
      vertex 57.856439873576164 77.41047401726246 6
      vertex 61.59258262813091 78.85851411521435 6
    endloop
  endfacet
  facet normal 0 0 1
    outer loop
      vertex 55.42432191967964 82.7329219430685 6
      vertex 61.59258262813091 78.85851411521435 6
      vertex 58.96926207840443 84.5993898883462 6
    endloop
  endfacet
  facet normal 0 0 1
    outer loop
      vertex 52.310175001621246 87.92049080133438 6
      vertex 58.96926207840443 84.5993898883462 6
      vertex 55.6307787001133 90.16066005825996 6
    endloop
  endfacet
  facet normal -0.6686464958371839 -0.7435804351949119 0
    outer loop
      vertex 39.05927360802889 102.26164980232716 2
      vertex 44.10239953547716 97.7267423197627 2
      vertex 39.05927360802889 102.26164980232716 6
    endloop
  endfacet
  facet normal -0.7347253274069921 -0.6783647199454642 0
    outer loop
      vertex 48.52894812077284 92.93242259323597 2
      vertex 44.10239953547716 97.7267423197627 6
      vertex 44.10239953547716 97.7267423197627 2
    endloop
  endfacet
  facet normal 0.6686464952385925 0.7435804357331806 0
    outer loop
      vertex 41.604444310069084 105.352345071733 2
      vertex 46.91520442813635 100.57677410542965 6
      vertex 46.91520442813635 100.57677410542965 2
    endloop
  endfacet
  facet normal -0.6686464958371839 -0.7435804351949119 0
    outer loop
      vertex 39.05927360802889 102.26164980232716 6
      vertex 44.10239953547716 97.7267423197627 2
      vertex 44.10239953547716 97.7267423197627 6
    endloop
  endfacet
  facet normal 0.6686464952385925 0.7435804357331806 0
    outer loop
      vertex 41.604444310069084 105.352345071733 2
      vertex 41.604444310069084 105.352345071733 6
      vertex 46.91520442813635 100.57677410542965 6
    endloop
  endfacet
  facet normal 0.7347253275479855 0.6783647197927569 0
    outer loop
      vertex 46.91520442813635 100.57677410542965 2
      vertex 51.602540381252766 95.5 6
      vertex 51.602540381252766 95.5 2
    endloop
  endfacet
  facet normal 0.7347253275479855 0.6783647197927569 0
    outer loop
      vertex 46.91520442813635 100.57677410542965 2
      vertex 46.91520442813635 100.57677410542965 6
      vertex 51.602540381252766 95.5 6
    endloop
  endfacet
  facet normal 0 0 1
    outer loop
      vertex 39.05927360802889 102.26164980232716 6
      vertex 46.91520442813635 100.57677410542965 6
      vertex 41.604444310069084 105.352345071733 6
    endloop
  endfacet
  facet normal 0 0 1
    outer loop
      vertex 39.05927360802889 102.26164980232716 6
      vertex 44.10239953547716 97.7267423197627 6
      vertex 46.91520442813635 100.57677410542965 6
    endloop
  endfacet
  facet normal 0 0 1
    outer loop
      vertex 44.10239953547716 97.7267423197627 6
      vertex 51.602540381252766 95.5 6
      vertex 46.91520442813635 100.57677410542965 6
    endloop
  endfacet
  facet normal 0 0 1
    outer loop
      vertex 48.52894812077284 92.93242259323597 6
      vertex 51.602540381252766 95.5 6
      vertex 44.10239953547716 97.7267423197627 6
    endloop
  endfacet
  facet normal 0 0.537299607828624 0.8433914461430153
    outer loop
      vertex -35 -2.0499999970197678 7.449295841157436
      vertex -35 -2.351663388311863 7.64147661626339
      vertex 35 -2.351663388311863 7.64147661626339
    endloop
  endfacet
  facet normal 0 0.6087614404201745 0.7933533315349184
    outer loop
      vertex -35 -2.351663388311863 7.64147661626339
      vertex -35 -2.635429196059704 7.859217785298824
      vertex 35 -2.635429196059704 7.859217785298824
    endloop
  endfacet
  facet normal 0 0.6755902006440578 0.7372773431984206
    outer loop
      vertex -35 -2.635429196059704 7.859217785298824
      vertex -35 -2.8991378024220467 8.100862197577953
      vertex 35 -2.8991378024220467 8.100862197577953
    endloop
  endfacet
  facet normal 0 0.300705796175747 0.9537169517977071
    outer loop
      vertex -35 -1.0611580833792686 7.039704114198685
      vertex -35 -1.4022825881838799 7.147260256111622
      vertex 35 -1.4022825881838799 7.147260256111622
    endloop
  endfacet
  facet normal 0 0.13052620144109012 0.9914448601598376
    outer loop
      vertex -35 -0.357338547706604 6.91560173779726
      vertex -35 -0.7119575291872025 6.962288215756416
      vertex 35 -0.7119575291872025 6.962288215756416
    endloop
  endfacet
  facet normal 0 0.21643961230171194 0.9762960074827125
    outer loop
      vertex -35 -0.7119575291872025 6.962288215756416
      vertex -35 -1.0611580833792686 7.039704114198685
      vertex 35 -1.0611580833792686 7.039704114198685
    endloop
  endfacet
  facet normal 0 0.04361939115187654 0.9990482214165338
    outer loop
      vertex -35 0 6.899999998509884
      vertex -35 -0.357338547706604 6.91560173779726
      vertex 35 -0.357338547706604 6.91560173779726
    endloop
  endfacet
  facet normal 0 0.38268343579839764 0.923879531089164
    outer loop
      vertex -35 -1.4022825881838799 7.147260256111622
      vertex -35 -1.7327348738908768 7.284138076007366
      vertex 35 -1.7327348738908768 7.284138076007366
    endloop
  endfacet
  facet normal 0 0.46174860390812367 0.8870108380335038
    outer loop
      vertex -35 -1.7327348738908768 7.284138076007366
      vertex -35 -2.0499999970197678 7.449295841157436
      vertex 35 -2.0499999970197678 7.449295841157436
    endloop
  endfacet
  facet normal 0 -0.04361939115187654 0.9990482214165338
    outer loop
      vertex -35 0.357338547706604 6.91560173779726
      vertex -35 0 6.899999998509884
      vertex 35 0 6.899999998509884
    endloop
  endfacet
  facet normal 0 -0.13052620144109012 0.9914448601598376
    outer loop
      vertex -35 0.7119575291872025 6.962288215756416
      vertex -35 0.357338547706604 6.91560173779726
      vertex 35 0.357338547706604 6.91560173779726
    endloop
  endfacet
  facet normal 0 -0.21643961230171194 0.9762960074827125
    outer loop
      vertex -35 1.0611580833792686 7.039704114198685
      vertex -35 0.7119575291872025 6.962288215756416
      vertex 35 0.7119575291872025 6.962288215756416
    endloop
  endfacet
  facet normal 0 -0.300705796175747 0.9537169517977071
    outer loop
      vertex -35 1.4022825881838799 7.147260256111622
      vertex -35 1.0611580833792686 7.039704114198685
      vertex 35 1.0611580833792686 7.039704114198685
    endloop
  endfacet
  facet normal 0 -0.38268343579839764 0.923879531089164
    outer loop
      vertex -35 1.7327348738908768 7.284138076007366
      vertex -35 1.4022825881838799 7.147260256111622
      vertex 35 1.4022825881838799 7.147260256111622
    endloop
  endfacet
  facet normal 0 -0.46174860390812367 0.8870108380335038
    outer loop
      vertex -35 2.0499999970197678 7.449295841157436
      vertex -35 1.7327348738908768 7.284138076007366
      vertex 35 1.7327348738908768 7.284138076007366
    endloop
  endfacet
  facet normal 0 -0.537299607828624 0.8433914461430153
    outer loop
      vertex -35 2.351663388311863 7.64147661626339
      vertex -35 2.0499999970197678 7.449295841157436
      vertex 35 2.0499999970197678 7.449295841157436
    endloop
  endfacet
  facet normal 0 -0.6087614404201745 0.7933533315349184
    outer loop
      vertex -35 2.635429196059704 7.859217785298824
      vertex -35 2.351663388311863 7.64147661626339
      vertex 35 2.351663388311863 7.64147661626339
    endloop
  endfacet
  facet normal 0 -0.6755902006440578 0.7372773431984206
    outer loop
      vertex -35 2.8991378024220467 8.100862197577953
      vertex -35 2.635429196059704 7.859217785298824
      vertex 35 2.635429196059704 7.859217785298824
    endloop
  endfacet
  facet normal 0 -0.7372773431984206 0.6755902006440578
    outer loop
      vertex -35 3.1407822147011757 8.364570803940296
      vertex -35 2.8991378024220467 8.100862197577953
      vertex 35 2.8991378024220467 8.100862197577953
    endloop
  endfacet
  facet normal 0 0.7372773431984206 0.6755902006440578
    outer loop
      vertex -35 -2.8991378024220467 8.100862197577953
      vertex -35 -3.1407822147011757 8.364570803940296
      vertex 35 -3.1407822147011757 8.364570803940296
    endloop
  endfacet
  facet normal 0 0.7933533315349184 0.6087614404201745
    outer loop
      vertex -35 -3.1407822147011757 8.364570803940296
      vertex -35 -3.3585233837366104 8.648336611688137
      vertex 35 -3.3585233837366104 8.648336611688137
    endloop
  endfacet
  facet normal 0 0.8433914461430153 0.537299607828624
    outer loop
      vertex -35 -3.3585233837366104 8.648336611688137
      vertex -35 -3.5507041588425636 8.950000002980232
      vertex 35 -3.5507041588425636 8.950000002980232
    endloop
  endfacet
  facet normal 0 0.8870108380335038 0.46174860390812367
    outer loop
      vertex -35 -3.5507041588425636 8.950000002980232
      vertex -35 -3.715861923992634 9.267265126109123
      vertex 35 -3.715861923992634 9.267265126109123
    endloop
  endfacet
  facet normal 0 0.923879531089164 0.38268343579839764
    outer loop
      vertex -35 -3.715861923992634 9.267265126109123
      vertex -35 -3.852739743888378 9.59771741181612
      vertex 35 -3.852739743888378 9.59771741181612
    endloop
  endfacet
  facet normal 0 0.9537169517977071 0.300705796175747
    outer loop
      vertex -35 -3.852739743888378 9.59771741181612
      vertex -35 -3.9602958858013153 9.938841916620731
      vertex 35 -3.9602958858013153 9.938841916620731
    endloop
  endfacet
  facet normal 0 0.9762960074827125 0.21643961230171194
    outer loop
      vertex -35 -3.9602958858013153 9.938841916620731
      vertex -35 -4.037711784243584 10.288042470812798
      vertex 35 -4.037711784243584 10.288042470812798
    endloop
  endfacet
  facet normal 0 0.9914448601598376 0.13052620144109012
    outer loop
      vertex -35 -4.037711784243584 10.288042470812798
      vertex -35 -4.08439826220274 10.642661452293396
      vertex 35 -4.08439826220274 10.642661452293396
    endloop
  endfacet
  facet normal 0 0.9990482214165338 0.04361939115187654
    outer loop
      vertex -35 -4.08439826220274 10.642661452293396
      vertex -35 -4.100000001490116 11
      vertex 35 -4.100000001490116 11
    endloop
  endfacet
  facet normal 0 -0.7933533315349184 0.6087614404201745
    outer loop
      vertex -35 3.3585233837366104 8.648336611688137
      vertex -35 3.1407822147011757 8.364570803940296
      vertex 35 3.1407822147011757 8.364570803940296
    endloop
  endfacet
  facet normal 0 -0.8433914461430153 0.537299607828624
    outer loop
      vertex -35 3.5507041588425636 8.950000002980232
      vertex -35 3.3585233837366104 8.648336611688137
      vertex 35 3.3585233837366104 8.648336611688137
    endloop
  endfacet
  facet normal 0 -0.8870108380335038 0.46174860390812367
    outer loop
      vertex -35 3.715861923992634 9.267265126109123
      vertex -35 3.5507041588425636 8.950000002980232
      vertex 35 3.5507041588425636 8.950000002980232
    endloop
  endfacet
  facet normal 0 -0.923879531089164 0.38268343579839764
    outer loop
      vertex -35 3.852739743888378 9.59771741181612
      vertex -35 3.715861923992634 9.267265126109123
      vertex 35 3.715861923992634 9.267265126109123
    endloop
  endfacet
  facet normal 0 -0.9537169517977071 0.300705796175747
    outer loop
      vertex -35 3.9602958858013153 9.938841916620731
      vertex -35 3.852739743888378 9.59771741181612
      vertex 35 3.852739743888378 9.59771741181612
    endloop
  endfacet
  facet normal 0 -0.9762960074827125 0.21643961230171194
    outer loop
      vertex -35 4.037711784243584 10.288042470812798
      vertex -35 3.9602958858013153 9.938841916620731
      vertex 35 3.9602958858013153 9.938841916620731
    endloop
  endfacet
  facet normal 0 -0.9914448601598376 0.13052620144109012
    outer loop
      vertex -35 4.08439826220274 10.642661452293396
      vertex -35 4.037711784243584 10.288042470812798
      vertex 35 4.037711784243584 10.288042470812798
    endloop
  endfacet
  facet normal 0 -0.9990482214165339 0.043619391151873854
    outer loop
      vertex -35 4.09107837082936 10.79566108080855
      vertex -35 4.08439826220274 10.642661452293396
      vertex 35 4.08439826220274 10.642661452293396
    endloop
  endfacet
  facet normal 1.0268506485129329e-17 -0.9990482214165337 0.04361939115187855
    outer loop
      vertex -35 4.09107837082936 10.79566108080855
      vertex 35 4.08439826220274 10.642661452293396
      vertex -35 4.100000001490116 11
    endloop
  endfacet
  facet normal 0 0.6087614404201745 0.7933533315349184
    outer loop
      vertex -35 -2.351663388311863 7.64147661626339
      vertex 35 -2.635429196059704 7.859217785298824
      vertex 35 -2.351663388311863 7.64147661626339
    endloop
  endfacet
  facet normal 0 0.6755902006440578 0.7372773431984206
    outer loop
      vertex -35 -2.635429196059704 7.859217785298824
      vertex 35 -2.8991378024220467 8.100862197577953
      vertex 35 -2.635429196059704 7.859217785298824
    endloop
  endfacet
  facet normal 0 0.7372773431984206 0.6755902006440578
    outer loop
      vertex -35 -2.8991378024220467 8.100862197577953
      vertex 35 -3.1407822147011757 8.364570803940296
      vertex 35 -2.8991378024220467 8.100862197577953
    endloop
  endfacet
  facet normal 0 0.300705796175747 0.9537169517977071
    outer loop
      vertex 35 -1.4022825881838799 7.147260256111622
      vertex 35 -1.0611580833792686 7.039704114198685
      vertex -35 -1.0611580833792686 7.039704114198685
    endloop
  endfacet
  facet normal 0 0.38268343579839764 0.923879531089164
    outer loop
      vertex 35 -1.7327348738908768 7.284138076007366
      vertex 35 -1.4022825881838799 7.147260256111622
      vertex -35 -1.4022825881838799 7.147260256111622
    endloop
  endfacet
  facet normal 0 0.21643961230171194 0.9762960074827125
    outer loop
      vertex -35 -0.7119575291872025 6.962288215756416
      vertex 35 -1.0611580833792686 7.039704114198685
      vertex 35 -0.7119575291872025 6.962288215756416
    endloop
  endfacet
  facet normal 0 0.13052620144109012 0.9914448601598376
    outer loop
      vertex -35 -0.357338547706604 6.91560173779726
      vertex 35 -0.7119575291872025 6.962288215756416
      vertex 35 -0.357338547706604 6.91560173779726
    endloop
  endfacet
  facet normal 0 0.04361939115187654 0.9990482214165338
    outer loop
      vertex 35 -0.357338547706604 6.91560173779726
      vertex 35 0 6.899999998509884
      vertex -35 0 6.899999998509884
    endloop
  endfacet
  facet normal 0 0.46174860390812367 0.8870108380335038
    outer loop
      vertex -35 -1.7327348738908768 7.284138076007366
      vertex 35 -2.0499999970197678 7.449295841157436
      vertex 35 -1.7327348738908768 7.284138076007366
    endloop
  endfacet
  facet normal 0 0.537299607828624 0.8433914461430153
    outer loop
      vertex -35 -2.0499999970197678 7.449295841157436
      vertex 35 -2.351663388311863 7.64147661626339
      vertex 35 -2.0499999970197678 7.449295841157436
    endloop
  endfacet
  facet normal 0 -0.04361939115187654 0.9990482214165338
    outer loop
      vertex -35 0.357338547706604 6.91560173779726
      vertex 35 0 6.899999998509884
      vertex 35 0.357338547706604 6.91560173779726
    endloop
  endfacet
  facet normal 0 -0.13052620144109012 0.9914448601598376
    outer loop
      vertex 35 0.357338547706604 6.91560173779726
      vertex 35 0.7119575291872025 6.962288215756416
      vertex -35 0.7119575291872025 6.962288215756416
    endloop
  endfacet
  facet normal 0 -0.21643961230171194 0.9762960074827125
    outer loop
      vertex -35 1.0611580833792686 7.039704114198685
      vertex 35 0.7119575291872025 6.962288215756416
      vertex 35 1.0611580833792686 7.039704114198685
    endloop
  endfacet
  facet normal 0 -0.300705796175747 0.9537169517977071
    outer loop
      vertex 35 1.0611580833792686 7.039704114198685
      vertex 35 1.4022825881838799 7.147260256111622
      vertex -35 1.4022825881838799 7.147260256111622
    endloop
  endfacet
  facet normal 0 -0.38268343579839764 0.923879531089164
    outer loop
      vertex 35 1.4022825881838799 7.147260256111622
      vertex 35 1.7327348738908768 7.284138076007366
      vertex -35 1.7327348738908768 7.284138076007366
    endloop
  endfacet
  facet normal 0 -0.46174860390812367 0.8870108380335038
    outer loop
      vertex -35 2.0499999970197678 7.449295841157436
      vertex 35 1.7327348738908768 7.284138076007366
      vertex 35 2.0499999970197678 7.449295841157436
    endloop
  endfacet
  facet normal 0 -0.537299607828624 0.8433914461430153
    outer loop
      vertex 35 2.0499999970197678 7.449295841157436
      vertex 35 2.351663388311863 7.64147661626339
      vertex -35 2.351663388311863 7.64147661626339
    endloop
  endfacet
  facet normal 0 -0.6087614404201745 0.7933533315349184
    outer loop
      vertex -35 2.635429196059704 7.859217785298824
      vertex 35 2.351663388311863 7.64147661626339
      vertex 35 2.635429196059704 7.859217785298824
    endloop
  endfacet
  facet normal 0 -0.6755902006440578 0.7372773431984206
    outer loop
      vertex 35 2.635429196059704 7.859217785298824
      vertex 35 2.8991378024220467 8.100862197577953
      vertex -35 2.8991378024220467 8.100862197577953
    endloop
  endfacet
  facet normal 0 0.7933533315349184 0.6087614404201745
    outer loop
      vertex -35 -3.1407822147011757 8.364570803940296
      vertex 35 -3.3585233837366104 8.648336611688137
      vertex 35 -3.1407822147011757 8.364570803940296
    endloop
  endfacet
  facet normal 0 0.8433914461430153 0.537299607828624
    outer loop
      vertex -35 -3.3585233837366104 8.648336611688137
      vertex 35 -3.5507041588425636 8.950000002980232
      vertex 35 -3.3585233837366104 8.648336611688137
    endloop
  endfacet
  facet normal 0 0.8870108380335038 0.46174860390812367
    outer loop
      vertex -35 -3.5507041588425636 8.950000002980232
      vertex 35 -3.715861923992634 9.267265126109123
      vertex 35 -3.5507041588425636 8.950000002980232
    endloop
  endfacet
  facet normal 0 0.923879531089164 0.38268343579839764
    outer loop
      vertex -35 -3.715861923992634 9.267265126109123
      vertex 35 -3.852739743888378 9.59771741181612
      vertex 35 -3.715861923992634 9.267265126109123
    endloop
  endfacet
  facet normal 0 0.9537169517977071 0.300705796175747
    outer loop
      vertex -35 -3.852739743888378 9.59771741181612
      vertex 35 -3.9602958858013153 9.938841916620731
      vertex 35 -3.852739743888378 9.59771741181612
    endloop
  endfacet
  facet normal 0 0.9762960074827125 0.21643961230171194
    outer loop
      vertex 35 -4.037711784243584 10.288042470812798
      vertex 35 -3.9602958858013153 9.938841916620731
      vertex -35 -3.9602958858013153 9.938841916620731
    endloop
  endfacet
  facet normal 0 0.9914448601598376 0.13052620144109012
    outer loop
      vertex 35 -4.08439826220274 10.642661452293396
      vertex 35 -4.037711784243584 10.288042470812798
      vertex -35 -4.037711784243584 10.288042470812798
    endloop
  endfacet
  facet normal 0 0.9990482214165338 0.04361939115187654
    outer loop
      vertex -35 -4.08439826220274 10.642661452293396
      vertex 35 -4.100000001490116 11
      vertex 35 -4.08439826220274 10.642661452293396
    endloop
  endfacet
  facet normal 0 -0.7372773431984206 0.6755902006440578
    outer loop
      vertex -35 3.1407822147011757 8.364570803940296
      vertex 35 2.8991378024220467 8.100862197577953
      vertex 35 3.1407822147011757 8.364570803940296
    endloop
  endfacet
  facet normal 0 -0.7933533315349184 0.6087614404201745
    outer loop
      vertex 35 3.1407822147011757 8.364570803940296
      vertex 35 3.3585233837366104 8.648336611688137
      vertex -35 3.3585233837366104 8.648336611688137
    endloop
  endfacet
  facet normal 0 -0.8433914461430153 0.537299607828624
    outer loop
      vertex 35 3.3585233837366104 8.648336611688137
      vertex 35 3.5507041588425636 8.950000002980232
      vertex -35 3.5507041588425636 8.950000002980232
    endloop
  endfacet
  facet normal 0 -0.8870108380335038 0.46174860390812367
    outer loop
      vertex -35 3.715861923992634 9.267265126109123
      vertex 35 3.5507041588425636 8.950000002980232
      vertex 35 3.715861923992634 9.267265126109123
    endloop
  endfacet
  facet normal 0 -0.923879531089164 0.38268343579839764
    outer loop
      vertex 35 3.715861923992634 9.267265126109123
      vertex 35 3.852739743888378 9.59771741181612
      vertex -35 3.852739743888378 9.59771741181612
    endloop
  endfacet
  facet normal 3.316257998742171e-18 -0.953716951797707 0.3007057961757476
    outer loop
      vertex 35 3.926894608188292 9.8329065968618
      vertex -35 3.9602958858013153 9.938841916620731
      vertex 35 3.852739743888378 9.59771741181612
    endloop
  endfacet
  facet normal 0 -0.9537169517977075 0.3007057961757456
    outer loop
      vertex 35 3.926894608188292 9.8329065968618
      vertex 35 3.9602958858013153 9.938841916620731
      vertex -35 3.9602958858013153 9.938841916620731
    endloop
  endfacet
  facet normal 0 -0.9762960074827125 0.21643961230171194
    outer loop
      vertex 35 3.9602958858013153 9.938841916620731
      vertex 35 4.037711784243584 10.288042470812798
      vertex -35 4.037711784243584 10.288042470812798
    endloop
  endfacet
  facet normal 0 -0.9914448601598376 0.13052620144109012
    outer loop
      vertex 35 4.037711784243584 10.288042470812798
      vertex 35 4.08439826220274 10.642661452293396
      vertex -35 4.08439826220274 10.642661452293396
    endloop
  endfacet
  facet normal 0 -0.9990482214165338 0.04361939115187654
    outer loop
      vertex 35 4.08439826220274 10.642661452293396
      vertex 35 4.100000001490116 11
      vertex -35 4.100000001490116 11
    endloop
  endfacet
  facet normal -1.381312888884341e-18 0.9762960074827126 -0.21643961230171158
    outer loop
      vertex 28 -3.960295885803681 12.061158083368598
      vertex -35 -4.037711784243584 11.711957529187202
      vertex -35 -3.960295885801334 12.061158083379185
    endloop
  endfacet
  facet normal 0 0.9537169517977132 -0.3007057961757275
    outer loop
      vertex 28 -3.852739743888378 12.40228258818388
      vertex -35 -3.960295885801334 12.061158083379185
      vertex -35 -3.852739743888378 12.40228258818388
    endloop
  endfacet
  facet normal 0 0.9990482214165338 -0.04361939115187654
    outer loop
      vertex -35 -4.100000001490116 11
      vertex -35 -4.08439826220274 11.357338547706604
      vertex 35 -4.08439826220274 11.357338547706604
    endloop
  endfacet
  facet normal 0 0.9914448601598376 -0.13052620144109012
    outer loop
      vertex -35 -4.08439826220274 11.357338547706604
      vertex -35 -4.037711784243584 11.711957529187202
      vertex 35 -4.037711784243584 11.711957529187202
    endloop
  endfacet
  facet normal 0 0.923879531089164 -0.38268343579839764
    outer loop
      vertex 28 -3.715861923992634 12.732734873890877
      vertex -35 -3.852739743888378 12.40228258818388
      vertex -35 -3.715861923992634 12.732734873890877
    endloop
  endfacet
  facet normal 0 0.8870108380335038 -0.4617486039081236
    outer loop
      vertex 28 -3.5507041588425636 13.049999997019768
      vertex -35 -3.715861923992634 12.732734873890877
      vertex -35 -3.5507041588425636 13.049999997019768
    endloop
  endfacet
  facet normal 0 0.8433914461430153 -0.537299607828624
    outer loop
      vertex 28 -3.3585233837366104 13.351663388311863
      vertex -35 -3.5507041588425636 13.049999997019768
      vertex -35 -3.3585233837366104 13.351663388311863
    endloop
  endfacet
  facet normal 0 0.7933533315349184 -0.6087614404201747
    outer loop
      vertex 28 -3.1407822147011757 13.635429196059704
      vertex -35 -3.3585233837366104 13.351663388311863
      vertex -35 -3.1407822147011757 13.635429196059704
    endloop
  endfacet
  facet normal 0 -0.9537169517977071 -0.300705796175747
    outer loop
      vertex 28 3.9602958858013153 12.061158083379269
      vertex -35 3.852739743888378 12.40228258818388
      vertex -35 3.9602958858013153 12.061158083379269
    endloop
  endfacet
  facet normal 0 -0.9990482214165338 -0.04361939115187654
    outer loop
      vertex -35 4.08439826220274 11.357338547706604
      vertex -35 4.100000001490116 11
      vertex 35 4.100000001490116 11
    endloop
  endfacet
  facet normal 0 -0.9914448601598376 -0.13052620144109012
    outer loop
      vertex -35 4.037711784243584 11.711957529187202
      vertex -35 4.08439826220274 11.357338547706604
      vertex 35 4.08439826220274 11.357338547706604
    endloop
  endfacet
  facet normal 0 -0.9762960074827125 -0.21643961230171194
    outer loop
      vertex -35 3.9602958858013153 12.061158083379269
      vertex -35 4.037711784243584 11.711957529187202
      vertex 35 4.037711784243584 11.711957529187202
    endloop
  endfacet
  facet normal 0 -0.923879531089164 -0.38268343579839764
    outer loop
      vertex 28 3.852739743888378 12.40228258818388
      vertex -35 3.715861923992634 12.732734873890877
      vertex -35 3.852739743888378 12.40228258818388
    endloop
  endfacet
  facet normal 0 -0.8870108380335038 -0.4617486039081236
    outer loop
      vertex 28 3.715861923992634 12.732734873890877
      vertex -35 3.5507041588425636 13.049999997019768
      vertex -35 3.715861923992634 12.732734873890877
    endloop
  endfacet
  facet normal 0 -0.8433914461430153 -0.537299607828624
    outer loop
      vertex 28 3.5507041588425636 13.049999997019768
      vertex -35 3.3585233837366104 13.351663388311863
      vertex -35 3.5507041588425636 13.049999997019768
    endloop
  endfacet
  facet normal 0 -0.7933533315349184 -0.6087614404201747
    outer loop
      vertex 28 3.3585233837366104 13.351663388311863
      vertex -35 3.1407822147011757 13.635429196059704
      vertex -35 3.3585233837366104 13.351663388311863
    endloop
  endfacet
  facet normal 0 -0.7372773431984205 -0.6755902006440578
    outer loop
      vertex 28 3.1407822147011757 13.635429196059704
      vertex -35 2.8991378024220467 13.899137802422047
      vertex -35 3.1407822147011757 13.635429196059704
    endloop
  endfacet
  facet normal 0 0.7372773431984205 -0.6755902006440578
    outer loop
      vertex 28 -2.8991378024220467 13.899137802422047
      vertex -35 -3.1407822147011757 13.635429196059704
      vertex -35 -2.8991378024220467 13.899137802422047
    endloop
  endfacet
  facet normal 0 0.7071067811865478 -0.7071067811865472
    outer loop
      vertex 28 -2.8991378024220467 13.899137802422047
      vertex -35 -2.8991378024220467 13.899137802422047
      vertex -35 -2.2573175557990184 14.540958049045075
    endloop
  endfacet
  facet normal 0 -0.7071067811865476 -0.7071067811865476
    outer loop
      vertex 28 2.8991378024220467 13.899137802422047
      vertex -35 0 16.798275604844093
      vertex -35 2.8991378024220467 13.899137802422047
    endloop
  endfacet
  facet normal 0 0.7071067811865475 -0.7071067811865476
    outer loop
      vertex 28 0 16.798275604844093
      vertex -35 -2.2573175557990184 14.540958049045075
      vertex -35 0 16.798275604844093
    endloop
  endfacet
  facet normal -1.5003392465014976e-14 0.953716951798508 -0.3007057961732072
    outer loop
      vertex 28 -3.960295885803681 12.061158083368598
      vertex -35 -3.960295885801334 12.061158083379185
      vertex 28 -3.852739743888378 12.40228258818388
    endloop
  endfacet
  facet normal 0 0.923879531089164 -0.38268343579839764
    outer loop
      vertex 28 -3.852739743888378 12.40228258818388
      vertex -35 -3.852739743888378 12.40228258818388
      vertex 28 -3.715861923992634 12.732734873890877
    endloop
  endfacet
  facet normal 0 0.8870108380335038 -0.4617486039081236
    outer loop
      vertex 28 -3.715861923992634 12.732734873890877
      vertex -35 -3.715861923992634 12.732734873890877
      vertex 28 -3.5507041588425636 13.049999997019768
    endloop
  endfacet
  facet normal 0 0.8433914461430153 -0.537299607828624
    outer loop
      vertex 28 -3.5507041588425636 13.049999997019768
      vertex -35 -3.5507041588425636 13.049999997019768
      vertex 28 -3.3585233837366104 13.351663388311863
    endloop
  endfacet
  facet normal 0 0.7933533315349184 -0.6087614404201747
    outer loop
      vertex 28 -3.3585233837366104 13.351663388311863
      vertex -35 -3.3585233837366104 13.351663388311863
      vertex 28 -3.1407822147011757 13.635429196059704
    endloop
  endfacet
  facet normal 0 0.7372773431984205 -0.6755902006440578
    outer loop
      vertex 28 -3.1407822147011757 13.635429196059704
      vertex -35 -3.1407822147011757 13.635429196059704
      vertex 28 -2.8991378024220467 13.899137802422047
    endloop
  endfacet
  facet normal 0 -0.9537169517977071 -0.300705796175747
    outer loop
      vertex 28 3.9602958858013153 12.061158083379269
      vertex 28 3.852739743888378 12.40228258818388
      vertex -35 3.852739743888378 12.40228258818388
    endloop
  endfacet
  facet normal 0 -0.923879531089164 -0.38268343579839764
    outer loop
      vertex 28 3.852739743888378 12.40228258818388
      vertex 28 3.715861923992634 12.732734873890877
      vertex -35 3.715861923992634 12.732734873890877
    endloop
  endfacet
  facet normal 0 -0.8870108380335038 -0.4617486039081236
    outer loop
      vertex 28 3.715861923992634 12.732734873890877
      vertex 28 3.5507041588425636 13.049999997019768
      vertex -35 3.5507041588425636 13.049999997019768
    endloop
  endfacet
  facet normal 0 -0.8433914461430153 -0.537299607828624
    outer loop
      vertex 28 3.5507041588425636 13.049999997019768
      vertex 28 3.3585233837366104 13.351663388311863
      vertex -35 3.3585233837366104 13.351663388311863
    endloop
  endfacet
  facet normal 0 -0.7933533315349184 -0.6087614404201747
    outer loop
      vertex 28 3.3585233837366104 13.351663388311863
      vertex 28 3.1407822147011757 13.635429196059704
      vertex -35 3.1407822147011757 13.635429196059704
    endloop
  endfacet
  facet normal 0 0.9990482214165338 -0.04361939115187654
    outer loop
      vertex 35 -4.08439826220274 11.357338547706604
      vertex 35 -4.100000001490116 11
      vertex -35 -4.100000001490116 11
    endloop
  endfacet
  facet normal 0 0.9914448601598376 -0.13052620144109012
    outer loop
      vertex 35 -4.037711784243584 11.711957529187202
      vertex 35 -4.08439826220274 11.357338547706604
      vertex -35 -4.08439826220274 11.357338547706604
    endloop
  endfacet
  facet normal 1.0396477252857483e-17 0.9762960074827122 -0.2164396123017136
    outer loop
      vertex 28 -3.960295885803681 12.061158083368598
      vertex 35 -3.960295885801473 12.061158083378558
      vertex -35 -4.037711784243584 11.711957529187202
    endloop
  endfacet
  facet normal 0 0.9762960074827125 -0.21643961230171158
    outer loop
      vertex 35 -3.960295885801473 12.061158083378558
      vertex 35 -4.037711784243584 11.711957529187202
      vertex -35 -4.037711784243584 11.711957529187202
    endloop
  endfacet
  facet normal 0 -0.9990482214165338 -0.04361939115187654
    outer loop
      vertex -35 4.08439826220274 11.357338547706604
      vertex 35 4.100000001490116 11
      vertex 35 4.08439826220274 11.357338547706604
    endloop
  endfacet
  facet normal 0 -0.9914448601598376 -0.13052620144109012
    outer loop
      vertex 35 4.08439826220274 11.357338547706604
      vertex 35 4.037711784243584 11.711957529187202
      vertex -35 4.037711784243584 11.711957529187202
    endloop
  endfacet
  facet normal 0 -0.9762960074827126 -0.21643961230171194
    outer loop
      vertex 28 3.9602958858013153 12.061158083379269
      vertex -35 3.9602958858013153 12.061158083379269
      vertex 35 4.037711784243584 11.711957529187202
    endloop
  endfacet
  facet normal -5.157830544923233e-18 0.7071067811865476 -0.7071067811865476
    outer loop
      vertex 28 -2.8991378024220467 13.899137802422047
      vertex -35 -2.2573175557990184 14.540958049045075
      vertex 28 0 16.798275604844093
    endloop
  endfacet
  facet normal 0 -0.7372773431984205 -0.6755902006440578
    outer loop
      vertex 28 3.1407822147011757 13.635429196059704
      vertex 28 2.8991378024220467 13.899137802422047
      vertex -35 2.8991378024220467 13.899137802422047
    endloop
  endfacet
  facet normal 0 -0.7071067811865476 -0.7071067811865476
    outer loop
      vertex 28 2.8991378024220467 13.899137802422047
      vertex 28 0 16.798275604844093
      vertex -35 0 16.798275604844093
    endloop
  endfacet
  facet normal 0 -0.9762960074827125 -0.21643961230171194
    outer loop
      vertex 28 3.9602958858013153 12.061158083379269
      vertex 35 4.037711784243584 11.711957529187202
      vertex 35 3.9602958858013153 12.061158083379269
    endloop
  endfacet
  facet normal 1 0 0
    outer loop
      vertex 28 -3.960295885803681 12.061158083368598
      vertex 28 -10.461621679246688 14.399186938124421
      vertex 28 -10.617902119462451 13.845058295485826
    endloop
  endfacet
  facet normal -1.9900021415704086e-13 0.2588190448702243 0.965925826351312
    outer loop
      vertex 28 -3.960295885803681 12.061158083368598
      vertex 28 -10.617902119462451 13.845058295485826
      vertex 35 -10.617902119462075 13.845058295487167
    endloop
  endfacet
  facet normal 1 0 0
    outer loop
      vertex 28 -3.960295885803681 12.061158083368598
      vertex 28 -3.852739743888378 12.40228258818388
      vertex 28 -10.461621679246688 14.399186938124421
    endloop
  endfacet
  facet normal 1 0 0
    outer loop
      vertex 28 -3.852739743888378 12.40228258818388
      vertex 28 -3.715861923992634 12.732734873890877
      vertex 28 -10.461621679246688 14.399186938124421
    endloop
  endfacet
  facet normal 1 0 0
    outer loop
      vertex 28 -3.715861923992634 12.732734873890877
      vertex 28 -3.5507041588425636 13.049999997019768
      vertex 28 -10.461621679246688 14.399186938124421
    endloop
  endfacet
  facet normal 1 0 0
    outer loop
      vertex 28 -3.5507041588425636 13.049999997019768
      vertex 28 -3.3585233837366104 13.351663388311863
      vertex 28 -10.461621679246688 14.399186938124421
    endloop
  endfacet
  facet normal -1.4560183360262345e-12 0.25881904486899115 0.9659258263516424
    outer loop
      vertex 28 -3.960295885803681 12.061158083368598
      vertex 35 -10.617902119462075 13.845058295487167
      vertex 35 -3.960295885801473 12.061158083378558
    endloop
  endfacet
  facet normal 1 0 0
    outer loop
      vertex 28 3.9602958858013153 12.061158083379269
      vertex 28 11.175120926570006 13.994364624714718
      vertex 28 3.852739743888378 12.40228258818388
    endloop
  endfacet
  facet normal 1 0 0
    outer loop
      vertex 28 3.852739743888378 12.40228258818388
      vertex 28 11.175120926570006 13.994364624714718
      vertex 28 3.715861923992634 12.732734873890877
    endloop
  endfacet
  facet normal 1 0 0
    outer loop
      vertex 28 3.715861923992634 12.732734873890877
      vertex 28 11.175120926570006 13.994364624714718
      vertex 28 3.5507041588425636 13.049999997019768
    endloop
  endfacet
  facet normal 1 0 0
    outer loop
      vertex 28 3.5507041588425636 13.049999997019768
      vertex 28 11.175120926570006 13.994364624714718
      vertex 28 3.3585233837366104 13.351663388311863
    endloop
  endfacet
  facet normal 1 0 0
    outer loop
      vertex 28 3.3585233837366104 13.351663388311863
      vertex 28 11.175120926570006 13.994364624714718
      vertex 28 3.1407822147011757 13.635429196059704
    endloop
  endfacet
  facet normal 0 -0.2588190448688892 0.9659258263516697
    outer loop
      vertex 28 3.9602958858013153 12.061158083379269
      vertex 35 3.9602958858013153 12.061158083379269
      vertex 35 11.175120926570008 13.994364624714718
    endloop
  endfacet
  facet normal 1 0 0
    outer loop
      vertex 28 -2.8991378024220467 13.899137802422047
      vertex 28 -10.162674857624154 15.209517756015988
      vertex 28 -10.461621679246688 14.399186938124421
    endloop
  endfacet
  facet normal 1 0 0
    outer loop
      vertex 28 -2.8991378024220467 13.899137802422047
      vertex 28 -9.837232075227258 15.915457723023112
      vertex 28 -10.162674857624154 15.209517756015988
    endloop
  endfacet
  facet normal 1 0 0
    outer loop
      vertex 28 -3.3585233837366104 13.351663388311863
      vertex 28 -3.1407822147011757 13.635429196059704
      vertex 28 -10.461621679246688 14.399186938124421
    endloop
  endfacet
  facet normal 1 0 0
    outer loop
      vertex 28 -3.1407822147011757 13.635429196059704
      vertex 28 -2.8991378024220467 13.899137802422047
      vertex 28 -10.461621679246688 14.399186938124421
    endloop
  endfacet
  facet normal 1 0 0
    outer loop
      vertex 28 -2.8991378024220467 13.899137802422047
      vertex 28 -9.801071766072047 15.993895497135014
      vertex 28 -9.837232075227258 15.915457723023112
    endloop
  endfacet
  facet normal 1 0 0
    outer loop
      vertex 28 -2.8991378024220467 13.899137802422047
      vertex 28 -9.379041807895014 16.747484211875438
      vertex 28 -9.801071766072047 15.993895497135014
    endloop
  endfacet
  facet normal 1 0 0
    outer loop
      vertex 28 -2.8991378024220467 13.899137802422047
      vertex 28 -8.899186938124423 17.465637775217203
      vertex 28 -9.379041807895014 16.747484211875438
    endloop
  endfacet
  facet normal 1 0 0
    outer loop
      vertex 28 -2.8991378024220467 13.899137802422047
      vertex 28 0 16.798275604844093
      vertex 28 -8.899186938124423 17.465637775217203
    endloop
  endfacet
  facet normal 1 0 0
    outer loop
      vertex 28 3.1407822147011757 13.635429196059704
      vertex 28 11.175120926570006 13.994364624714718
      vertex 28 2.8991378024220467 13.899137802422047
    endloop
  endfacet
  facet normal 1 0 0
    outer loop
      vertex 28 2.8991378024220467 13.899137802422047
      vertex 28 11.175120926570006 13.994364624714718
      vertex 28 0 16.798275604844093
    endloop
  endfacet
  facet normal 6.794854199700996e-17 -0.2588190448688892 0.9659258263516697
    outer loop
      vertex 28 3.9602958858013153 12.061158083379269
      vertex 35 11.175120926570008 13.994364624714718
      vertex 28 11.175120926570006 13.994364624714718
    endloop
  endfacet
  facet normal 1 0 0
    outer loop
      vertex 28 0 16.798275604844093
      vertex 28 11.175120926570006 13.994364624714718
      vertex 28 9.379041807895014 16.747484211875438
    endloop
  endfacet
  facet normal 1 0 0
    outer loop
      vertex 28 -8.899186938124423 17.465637775217203
      vertex 28 9.379041807895014 16.747484211875438
      vertex 28 -8.36446562160034 18.14392853163202
    endloop
  endfacet
  facet normal 1 0 0
    outer loop
      vertex 28 -8.36446562160034 18.14392853163202
      vertex 28 8.899186938124423 17.465637775217203
      vertex 28 -7.778174593052023 18.77817459305202
    endloop
  endfacet
  facet normal 1 0 0
    outer loop
      vertex 28 0 16.798275604844093
      vertex 28 9.379041807895014 16.747484211875438
      vertex 28 -8.899186938124423 17.465637775217203
    endloop
  endfacet
  facet normal 1 0 0
    outer loop
      vertex 28 8.899186938124423 17.465637775217203
      vertex 28 -8.36446562160034 18.14392853163202
      vertex 28 9.379041807895014 16.747484211875438
    endloop
  endfacet
  facet normal 1 0 0
    outer loop
      vertex 28 -7.778174593052023 18.77817459305202
      vertex 28 8.36446562160034 18.14392853163202
      vertex 28 -7.14392853163202 19.36446562160034
    endloop
  endfacet
  facet normal 1 0 0
    outer loop
      vertex 28 -7.14392853163202 19.36446562160034
      vertex 28 8.36446562160034 18.14392853163202
      vertex 28 -7.076099455990539 19.417937753252748
    endloop
  endfacet
  facet normal 1 0 0
    outer loop
      vertex 28 -7.076099455990539 19.417937753252748
      vertex 28 8.36446562160034 18.14392853163202
      vertex 28 -6.465637775217204 19.899186938124423
    endloop
  endfacet
  facet normal 1 0 0
    outer loop
      vertex 28 8.36446562160034 18.14392853163202
      vertex 28 -7.778174593052023 18.77817459305202
      vertex 28 8.899186938124423 17.465637775217203
    endloop
  endfacet
  facet normal 1 0 0
    outer loop
      vertex 28 7.778174593052023 18.77817459305202
      vertex 28 -6.465637775217204 19.899186938124423
      vertex 28 8.36446562160034 18.14392853163202
    endloop
  endfacet
  facet normal 1 0 0
    outer loop
      vertex 28 -6.465637775217204 19.899186938124423
      vertex 28 7.14392853163202 19.36446562160034
      vertex 28 -5.747484211875436 20.379041807895014
    endloop
  endfacet
  facet normal 1 0 0
    outer loop
      vertex 28 -5.747484211875436 20.379041807895014
      vertex 28 6.465637775217204 19.899186938124423
      vertex 28 -5.6721253404013945 20.421244803712717
    endloop
  endfacet
  facet normal 1 0 0
    outer loop
      vertex 28 -5.6721253404013945 20.421244803712717
      vertex 28 6.465637775217204 19.899186938124423
      vertex 28 -4.993895497135014 20.80107176607205
    endloop
  endfacet
  facet normal 1 0 0
    outer loop
      vertex 28 7.778174593052023 18.77817459305202
      vertex 28 7.20735313777402 19.305836518745508
      vertex 28 -6.465637775217204 19.899186938124423
    endloop
  endfacet
  facet normal 1 0 0
    outer loop
      vertex 28 7.14392853163202 19.36446562160034
      vertex 28 -6.465637775217204 19.899186938124423
      vertex 28 7.20735313777402 19.305836518745508
    endloop
  endfacet
  facet normal 1 0 0
    outer loop
      vertex 28 6.465637775217204 19.899186938124423
      vertex 28 -5.747484211875436 20.379041807895014
      vertex 28 7.14392853163202 19.36446562160034
    endloop
  endfacet
  facet normal 1 0 0
    outer loop
      vertex 28 5.747484211875436 20.379041807895014
      vertex 28 -4.993895497135014 20.80107176607205
      vertex 28 6.465637775217204 19.899186938124423
    endloop
  endfacet
  facet normal 1 0 0
    outer loop
      vertex 28 4.993895497135014 20.80107176607205
      vertex 28 -4.28795553012789 21.126514548468943
      vertex 28 -4.993895497135014 20.80107176607205
    endloop
  endfacet
  facet normal 1 0 0
    outer loop
      vertex 28 -4.28795553012789 21.126514548468943
      vertex 28 4.993895497135014 20.80107176607205
      vertex 28 -4.2095177560159875 21.162674857624154
    endloop
  endfacet
  facet normal 1 0 0
    outer loop
      vertex 28 -4.2095177560159875 21.162674857624154
      vertex 28 4.993895497135014 20.80107176607205
      vertex 28 -4.128484674226831 21.19256953978641
    endloop
  endfacet
  facet normal 1 0 0
    outer loop
      vertex 28 -4.128484674226831 21.19256953978641
      vertex 28 4.993895497135014 20.80107176607205
      vertex 28 -3.3991869381244215 21.46162167924669
    endloop
  endfacet
  facet normal 1 0 0
    outer loop
      vertex 28 4.993895497135014 20.80107176607205
      vertex 28 -4.993895497135014 20.80107176607205
      vertex 28 5.747484211875436 20.379041807895014
    endloop
  endfacet
  facet normal 1 0 0
    outer loop
      vertex 28 4.915457723023112 20.83723207522726
      vertex 28 -3.3991869381244215 21.46162167924669
      vertex 28 4.993895497135014 20.80107176607205
    endloop
  endfacet
  facet normal 1 0 0
    outer loop
      vertex 28 4.28795553012789 21.126514548468943
      vertex 28 -3.3991869381244215 21.46162167924669
      vertex 28 4.915457723023112 20.83723207522726
    endloop
  endfacet
  facet normal 1 0 0
    outer loop
      vertex 28 4.2095177560159875 21.162674857624154
      vertex 28 -3.3991869381244215 21.46162167924669
      vertex 28 4.28795553012789 21.126514548468943
    endloop
  endfacet
  facet normal 1 0 0
    outer loop
      vertex 28 -3.3991869381244215 21.46162167924669
      vertex 28 4.2095177560159875 21.162674857624154
      vertex 28 -3.3160581445534754 21.485066423759466
    endloop
  endfacet
  facet normal 1 0 0
    outer loop
      vertex 28 -2.5678990024149595 21.696069124374443
      vertex 28 -3.3160581445534754 21.485066423759466
      vertex 28 4.2095177560159875 21.162674857624154
    endloop
  endfacet
  facet normal 1 0 0
    outer loop
      vertex 28 -2.5678990024149595 21.696069124374443
      vertex 28 4.2095177560159875 21.162674857624154
      vertex 28 -1.7207791154425396 21.864571746546517
    endloop
  endfacet
  facet normal 1 0 0
    outer loop
      vertex 28 -1.7207791154425396 21.864571746546517
      vertex 28 1.7207791154425396 21.864571746546517
      vertex 28 -1.635006209198915 21.874723638998304
    endloop
  endfacet
  facet normal 1 0 0
    outer loop
      vertex 28 -1.635006209198915 21.874723638998304
      vertex 28 1.7207791154425396 21.864571746546517
      vertex 28 -0.8630500530062943 21.966090671064407
    endloop
  endfacet
  facet normal 1 0 0
    outer loop
      vertex 28 0.08630500530062944 21.99660906710644
      vertex 28 0 22
      vertex 28 -0.8630500530062943 21.966090671064407
    endloop
  endfacet
  facet normal 1 0 0
    outer loop
      vertex 28 3.3991869381244215 21.46162167924669
      vertex 28 3.3160581445534754 21.485066423759466
      vertex 28 -1.7207791154425396 21.864571746546517
    endloop
  endfacet
  facet normal 1 0 0
    outer loop
      vertex 28 3.3991869381244215 21.46162167924669
      vertex 28 -1.7207791154425396 21.864571746546517
      vertex 28 4.2095177560159875 21.162674857624154
    endloop
  endfacet
  facet normal 1 0 0
    outer loop
      vertex 28 -1.7207791154425396 21.864571746546517
      vertex 28 2.5678990024149595 21.696069124374443
      vertex 28 1.7207791154425396 21.864571746546517
    endloop
  endfacet
  facet normal 1 0 0
    outer loop
      vertex 28 0.8630500530062943 21.966090671064407
      vertex 28 0.08630500530062944 21.99660906710644
      vertex 28 -0.8630500530062943 21.966090671064407
    endloop
  endfacet
  facet normal 1 0 0
    outer loop
      vertex 28 0.8630500530062943 21.966090671064407
      vertex 28 -0.8630500530062943 21.966090671064407
      vertex 28 1.7207791154425396 21.864571746546517
    endloop
  endfacet
  facet normal 1 0 0
    outer loop
      vertex 28 2.5678990024149595 21.696069124374443
      vertex 28 -1.7207791154425396 21.864571746546517
      vertex 28 3.3160581445534754 21.485066423759466
    endloop
  endfacet
endsolid OpenSCAD_Model
